solid CATIA STL
  facet normal  9.999999e-001  0.000000e+000  -0.000000e+000
    outer loop
      vertex  4.000000e+001 -5.500000e+001  0.000000e+000
      vertex  4.000000e+001  5.500000e+001  0.000000e+000
      vertex  4.000000e+001  5.500000e+001  4.000000e+000
    endloop
  endfacet
  facet normal  1.000000e+000  0.000000e+000  0.000000e+000
    outer loop
      vertex  4.000000e+001 -5.500000e+001  0.000000e+000
      vertex  4.000000e+001  5.500000e+001  4.000000e+000
      vertex  4.000000e+001  5.000000e+001  4.000000e+000
    endloop
  endfacet
  facet normal  1.000000e+000  0.000000e+000  0.000000e+000
    outer loop
      vertex  4.000000e+001 -5.500000e+001  0.000000e+000
      vertex  4.000000e+001  5.000000e+001  4.000000e+000
      vertex  4.000000e+001  4.600000e+001  4.000000e+000
    endloop
  endfacet
  facet normal  1.000000e+000  0.000000e+000  0.000000e+000
    outer loop
      vertex  4.000000e+001 -5.500000e+001  0.000000e+000
      vertex  4.000000e+001  4.600000e+001  4.000000e+000
      vertex  4.000000e+001 -4.600000e+001  4.000000e+000
    endloop
  endfacet
  facet normal  1.000000e+000  0.000000e+000  0.000000e+000
    outer loop
      vertex  4.000000e+001 -5.500000e+001  0.000000e+000
      vertex  4.000000e+001 -4.600000e+001  4.000000e+000
      vertex  4.000000e+001 -5.000000e+001  4.000000e+000
    endloop
  endfacet
  facet normal  1.000000e+000  0.000000e+000  0.000000e+000
    outer loop
      vertex  4.000000e+001 -5.500000e+001  0.000000e+000
      vertex  4.000000e+001 -5.000000e+001  4.000000e+000
      vertex  4.000000e+001 -5.500000e+001  4.000000e+000
    endloop
  endfacet
  facet normal  1.000000e+000  0.000000e+000  0.000000e+000
    outer loop
      vertex  4.000000e+001  5.000000e+001  3.500000e+001
      vertex  4.000000e+001  4.600000e+001  4.000000e+000
      vertex  4.000000e+001  5.000000e+001  4.000000e+000
    endloop
  endfacet
  facet normal  1.000000e+000  0.000000e+000  0.000000e+000
    outer loop
      vertex  4.000000e+001  4.600000e+001  4.000000e+000
      vertex  4.000000e+001  5.000000e+001  3.500000e+001
      vertex  4.000000e+001  4.600000e+001  3.000000e+001
    endloop
  endfacet
  facet normal  1.000000e+000  0.000000e+000  -0.000000e+000
    outer loop
      vertex  4.000000e+001  4.600000e+001  3.000000e+001
      vertex  4.000000e+001  5.000000e+001  3.500000e+001
      vertex  4.000000e+001 -5.000000e+001  3.500000e+001
    endloop
  endfacet
  facet normal  9.999999e-001  0.000000e+000  0.000000e+000
    outer loop
      vertex  4.000000e+001  4.600000e+001  3.000000e+001
      vertex  4.000000e+001 -5.000000e+001  3.500000e+001
      vertex  4.000000e+001 -4.600000e+001  3.000000e+001
    endloop
  endfacet
  facet normal  1.000000e+000  0.000000e+000  0.000000e+000
    outer loop
      vertex  4.000000e+001 -4.600000e+001  3.000000e+001
      vertex  4.000000e+001 -5.000000e+001  3.500000e+001
      vertex  4.000000e+001 -5.000000e+001  4.000000e+000
    endloop
  endfacet
  facet normal  1.000000e+000  0.000000e+000  0.000000e+000
    outer loop
      vertex  4.000000e+001 -4.600000e+001  3.000000e+001
      vertex  4.000000e+001 -5.000000e+001  4.000000e+000
      vertex  4.000000e+001 -4.600000e+001  4.000000e+000
    endloop
  endfacet
  facet normal  -0.000000e+000  0.000000e+000 -1.000000e+000
    outer loop
      vertex  3.269775e+001 -5.416205e+001  0.000000e+000
      vertex  3.258722e+001 -5.457456e+001  0.000000e+000
      vertex  3.113021e+001 -5.816619e+001  0.000000e+000
    endloop
  endfacet
  facet normal  0.000000e+000  0.000000e+000 -1.000000e+000
    outer loop
      vertex  3.377500e+001 -5.712176e+001  0.000000e+000
      vertex  3.366104e+001 -5.981738e+001  0.000000e+000
      vertex  3.342517e+001 -5.687681e+001  0.000000e+000
    endloop
  endfacet
  facet normal  0.000000e+000  0.000000e+000 -1.000000e+000
    outer loop
      vertex  3.730225e+001 -5.583795e+001  0.000000e+000
      vertex  3.724505e+001 -5.946763e+001  0.000000e+000
      vertex  3.712176e+001 -5.622500e+001  0.000000e+000
    endloop
  endfacet
  facet normal  -0.000000e+000  0.000000e+000 -9.999999e-001
    outer loop
      vertex  3.366104e+001  5.981738e+001  0.000000e+000
      vertex  3.377500e+001  5.712176e+001  0.000000e+000
      vertex  3.342517e+001  5.687681e+001  0.000000e+000
    endloop
  endfacet
  facet normal  0.000000e+000  0.000000e+000 -1.000000e+000
    outer loop
      vertex  3.724505e+001  5.946763e+001  0.000000e+000
      vertex  3.730225e+001  5.583795e+001  0.000000e+000
      vertex  3.712176e+001  5.622500e+001  0.000000e+000
    endloop
  endfacet
  facet normal  0.000000e+000  0.000000e+000 -1.000000e+000
    outer loop
      vertex  2.444879e+001 -5.000000e+001  0.000000e+000
      vertex  3.542544e+001 -5.258722e+001  0.000000e+000
      vertex  3.500000e+001 -5.255000e+001  0.000000e+000
    endloop
  endfacet
  facet normal  -0.000000e+000  0.000000e+000 -1.000000e+000
    outer loop
      vertex  2.444879e+001 -5.000000e+001  0.000000e+000
      vertex  3.500000e+001 -5.255000e+001  0.000000e+000
      vertex  3.457456e+001 -5.258722e+001  0.000000e+000
    endloop
  endfacet
  facet normal  -0.000000e+000  0.000000e+000 -1.000000e+000
    outer loop
      vertex  2.444879e+001 -5.000000e+001  0.000000e+000
      vertex  3.457456e+001 -5.258722e+001  0.000000e+000
      vertex  3.416205e+001 -5.269775e+001  0.000000e+000
    endloop
  endfacet
  facet normal  -0.000000e+000  0.000000e+000 -1.000000e+000
    outer loop
      vertex  2.444879e+001 -5.000000e+001  0.000000e+000
      vertex  3.416205e+001 -5.269775e+001  0.000000e+000
      vertex  3.377500e+001 -5.287824e+001  0.000000e+000
    endloop
  endfacet
  facet normal  -0.000000e+000  0.000000e+000 -1.000000e+000
    outer loop
      vertex  2.444879e+001 -5.000000e+001  0.000000e+000
      vertex  3.377500e+001 -5.287824e+001  0.000000e+000
      vertex  3.342517e+001 -5.312319e+001  0.000000e+000
    endloop
  endfacet
  facet normal  -0.000000e+000  0.000000e+000 -1.000000e+000
    outer loop
      vertex  2.444879e+001 -5.000000e+001  0.000000e+000
      vertex  3.342517e+001 -5.312319e+001  0.000000e+000
      vertex  3.312319e+001 -5.342517e+001  0.000000e+000
    endloop
  endfacet
  facet normal  -0.000000e+000  0.000000e+000 -1.000000e+000
    outer loop
      vertex  2.444879e+001 -5.000000e+001  0.000000e+000
      vertex  3.312319e+001 -5.342517e+001  0.000000e+000
      vertex  3.287824e+001 -5.377500e+001  0.000000e+000
    endloop
  endfacet
  facet normal  -0.000000e+000  0.000000e+000 -1.000000e+000
    outer loop
      vertex  2.444879e+001 -5.000000e+001  0.000000e+000
      vertex  3.287824e+001 -5.377500e+001  0.000000e+000
      vertex  3.269775e+001 -5.416205e+001  0.000000e+000
    endloop
  endfacet
  facet normal  -0.000000e+000  0.000000e+000 -1.000000e+000
    outer loop
      vertex  2.444879e+001 -5.000000e+001  0.000000e+000
      vertex  3.269775e+001 -5.416205e+001  0.000000e+000
      vertex  3.113021e+001 -5.816619e+001  0.000000e+000
    endloop
  endfacet
  facet normal  0.000000e+000  0.000000e+000 -1.000000e+000
    outer loop
      vertex -1.065814e-014 -2.011815e+001  0.000000e+000
      vertex  3.622500e+001 -5.287824e+001  0.000000e+000
      vertex  3.583795e+001 -5.269775e+001  0.000000e+000
    endloop
  endfacet
  facet normal  0.000000e+000  0.000000e+000 -1.000000e+000
    outer loop
      vertex -1.065814e-014 -2.011815e+001  0.000000e+000
      vertex  3.583795e+001 -5.269775e+001  0.000000e+000
      vertex  3.542544e+001 -5.258722e+001  0.000000e+000
    endloop
  endfacet
  facet normal  0.000000e+000  0.000000e+000 -1.000000e+000
    outer loop
      vertex -1.065814e-014 -2.011815e+001  0.000000e+000
      vertex  3.542544e+001 -5.258722e+001  0.000000e+000
      vertex  2.444879e+001 -5.000000e+001  0.000000e+000
    endloop
  endfacet
  facet normal  0.000000e+000  0.000000e+000 -1.000000e+000
    outer loop
      vertex -1.065814e-014 -2.011815e+001  0.000000e+000
      vertex  2.444879e+001 -5.000000e+001  0.000000e+000
      vertex  0.000000e+000 -5.000000e+001  0.000000e+000
    endloop
  endfacet
  facet normal  -0.000000e+000  0.000000e+000 -1.000000e+000
    outer loop
      vertex  4.000000e+001 -5.500000e+001  0.000000e+000
      vertex  3.996235e+001 -5.561242e+001  0.000000e+000
      vertex  3.984998e+001 -5.621563e+001  0.000000e+000
    endloop
  endfacet
  facet normal  -0.000000e+000  0.000000e+000 -1.000000e+000
    outer loop
      vertex  4.000000e+001 -5.500000e+001  0.000000e+000
      vertex  3.984998e+001 -5.621563e+001  0.000000e+000
      vertex  3.966456e+001 -5.680052e+001  0.000000e+000
    endloop
  endfacet
  facet normal  -0.000000e+000  0.000000e+000 -1.000000e+000
    outer loop
      vertex  4.000000e+001 -5.500000e+001  0.000000e+000
      vertex  3.966456e+001 -5.680052e+001  0.000000e+000
      vertex  3.940890e+001 -5.735830e+001  0.000000e+000
    endloop
  endfacet
  facet normal  -0.000000e+000  0.000000e+000 -1.000000e+000
    outer loop
      vertex  4.000000e+001 -5.500000e+001  0.000000e+000
      vertex  3.940890e+001 -5.735830e+001  0.000000e+000
      vertex  3.908685e+001 -5.788057e+001  0.000000e+000
    endloop
  endfacet
  facet normal  -0.000000e+000  0.000000e+000 -1.000000e+000
    outer loop
      vertex  4.000000e+001 -5.500000e+001  0.000000e+000
      vertex  3.908685e+001 -5.788057e+001  0.000000e+000
      vertex  3.870325e+001 -5.835946e+001  0.000000e+000
    endloop
  endfacet
  facet normal  -0.000000e+000  0.000000e+000 -1.000000e+000
    outer loop
      vertex  4.000000e+001 -5.500000e+001  0.000000e+000
      vertex  3.870325e+001 -5.835946e+001  0.000000e+000
      vertex  3.826389e+001 -5.878775e+001  0.000000e+000
    endloop
  endfacet
  facet normal  -0.000000e+000  0.000000e+000 -1.000000e+000
    outer loop
      vertex  4.000000e+001 -5.500000e+001  0.000000e+000
      vertex  3.826389e+001 -5.878775e+001  0.000000e+000
      vertex  3.777537e+001 -5.915901e+001  0.000000e+000
    endloop
  endfacet
  facet normal  0.000000e+000  0.000000e+000 -1.000000e+000
    outer loop
      vertex  4.000000e+001 -5.500000e+001  0.000000e+000
      vertex  3.777537e+001 -5.915901e+001  0.000000e+000
      vertex  3.745000e+001 -5.500000e+001  0.000000e+000
    endloop
  endfacet
  facet normal  0.000000e+000  0.000000e+000 -1.000000e+000
    outer loop
      vertex  4.000000e+001 -5.500000e+001  0.000000e+000
      vertex  3.745000e+001 -5.500000e+001  0.000000e+000
      vertex  3.741278e+001 -5.457456e+001  0.000000e+000
    endloop
  endfacet
  facet normal  0.000000e+000  0.000000e+000 -1.000000e+000
    outer loop
      vertex  4.000000e+001 -5.500000e+001  0.000000e+000
      vertex  3.741278e+001 -5.457456e+001  0.000000e+000
      vertex  3.730225e+001 -5.416205e+001  0.000000e+000
    endloop
  endfacet
  facet normal  0.000000e+000  0.000000e+000 -9.999999e-001
    outer loop
      vertex  4.000000e+001 -5.500000e+001  0.000000e+000
      vertex  3.730225e+001 -5.416205e+001  0.000000e+000
      vertex  3.712176e+001 -5.377500e+001  0.000000e+000
    endloop
  endfacet
  facet normal  0.000000e+000  0.000000e+000 -1.000000e+000
    outer loop
      vertex  4.000000e+001 -5.500000e+001  0.000000e+000
      vertex  3.712176e+001 -5.377500e+001  0.000000e+000
      vertex  3.687681e+001 -5.342517e+001  0.000000e+000
    endloop
  endfacet
  facet normal  0.000000e+000  0.000000e+000 -1.000000e+000
    outer loop
      vertex  4.000000e+001 -5.500000e+001  0.000000e+000
      vertex  3.687681e+001 -5.342517e+001  0.000000e+000
      vertex  3.657483e+001 -5.312319e+001  0.000000e+000
    endloop
  endfacet
  facet normal  0.000000e+000  0.000000e+000 -1.000000e+000
    outer loop
      vertex  4.000000e+001 -5.500000e+001  0.000000e+000
      vertex  3.657483e+001 -5.312319e+001  0.000000e+000
      vertex  3.622500e+001 -5.287824e+001  0.000000e+000
    endloop
  endfacet
  facet normal  0.000000e+000  0.000000e+000 -1.000000e+000
    outer loop
      vertex  4.000000e+001 -5.500000e+001  0.000000e+000
      vertex  3.622500e+001 -5.287824e+001  0.000000e+000
      vertex -1.065814e-014 -2.011815e+001  0.000000e+000
    endloop
  endfacet
  facet normal  0.000000e+000  0.000000e+000 -1.000000e+000
    outer loop
      vertex  4.000000e+001 -5.500000e+001  0.000000e+000
      vertex -1.065814e-014 -2.011815e+001  0.000000e+000
      vertex -7.550000e+000 -4.500577e-016  0.000000e+000
    endloop
  endfacet
  facet normal  0.000000e+000  0.000000e+000 -1.000000e+000
    outer loop
      vertex  4.000000e+001 -5.500000e+001  0.000000e+000
      vertex -7.550000e+000 -4.500577e-016  0.000000e+000
      vertex  1.243450e-014  2.011815e+001  0.000000e+000
    endloop
  endfacet
  facet normal  0.000000e+000  0.000000e+000 -1.000000e+000
    outer loop
      vertex  4.000000e+001 -5.500000e+001  0.000000e+000
      vertex  1.243450e-014  2.011815e+001  0.000000e+000
      vertex -3.552714e-015  5.000000e+001  0.000000e+000
    endloop
  endfacet
  facet normal  0.000000e+000  0.000000e+000 -1.000000e+000
    outer loop
      vertex  4.000000e+001 -5.500000e+001  0.000000e+000
      vertex -3.552714e-015  5.000000e+001  0.000000e+000
      vertex  2.444879e+001  5.000000e+001  0.000000e+000
    endloop
  endfacet
  facet normal  0.000000e+000  0.000000e+000 -1.000000e+000
    outer loop
      vertex  4.000000e+001 -5.500000e+001  0.000000e+000
      vertex  2.444879e+001  5.000000e+001  0.000000e+000
      vertex  3.500000e+001  5.255000e+001  0.000000e+000
    endloop
  endfacet
  facet normal  0.000000e+000  0.000000e+000 -9.999999e-001
    outer loop
      vertex  4.000000e+001 -5.500000e+001  0.000000e+000
      vertex  3.500000e+001  5.255000e+001  0.000000e+000
      vertex  3.542544e+001  5.258722e+001  0.000000e+000
    endloop
  endfacet
  facet normal  0.000000e+000  0.000000e+000 -1.000000e+000
    outer loop
      vertex  4.000000e+001 -5.500000e+001  0.000000e+000
      vertex  3.542544e+001  5.258722e+001  0.000000e+000
      vertex  3.583795e+001  5.269775e+001  0.000000e+000
    endloop
  endfacet
  facet normal  0.000000e+000  0.000000e+000 -1.000000e+000
    outer loop
      vertex  4.000000e+001 -5.500000e+001  0.000000e+000
      vertex  3.583795e+001  5.269775e+001  0.000000e+000
      vertex  3.622500e+001  5.287824e+001  0.000000e+000
    endloop
  endfacet
  facet normal  0.000000e+000  0.000000e+000 -1.000000e+000
    outer loop
      vertex  4.000000e+001 -5.500000e+001  0.000000e+000
      vertex  3.622500e+001  5.287824e+001  0.000000e+000
      vertex  3.657483e+001  5.312319e+001  0.000000e+000
    endloop
  endfacet
  facet normal  0.000000e+000  0.000000e+000 -1.000000e+000
    outer loop
      vertex  4.000000e+001 -5.500000e+001  0.000000e+000
      vertex  3.657483e+001  5.312319e+001  0.000000e+000
      vertex  3.687681e+001  5.342517e+001  0.000000e+000
    endloop
  endfacet
  facet normal  0.000000e+000  0.000000e+000 -1.000000e+000
    outer loop
      vertex  4.000000e+001 -5.500000e+001  0.000000e+000
      vertex  3.687681e+001  5.342517e+001  0.000000e+000
      vertex  3.712176e+001  5.377500e+001  0.000000e+000
    endloop
  endfacet
  facet normal  0.000000e+000  0.000000e+000 -1.000000e+000
    outer loop
      vertex  4.000000e+001 -5.500000e+001  0.000000e+000
      vertex  3.712176e+001  5.377500e+001  0.000000e+000
      vertex  3.730225e+001  5.416205e+001  0.000000e+000
    endloop
  endfacet
  facet normal  0.000000e+000  0.000000e+000 -1.000000e+000
    outer loop
      vertex  4.000000e+001 -5.500000e+001  0.000000e+000
      vertex  3.730225e+001  5.416205e+001  0.000000e+000
      vertex  3.741278e+001  5.457456e+001  0.000000e+000
    endloop
  endfacet
  facet normal  0.000000e+000  0.000000e+000 -1.000000e+000
    outer loop
      vertex  4.000000e+001 -5.500000e+001  0.000000e+000
      vertex  3.741278e+001  5.457456e+001  0.000000e+000
      vertex  3.745000e+001  5.500000e+001  0.000000e+000
    endloop
  endfacet
  facet normal  0.000000e+000  0.000000e+000 -1.000000e+000
    outer loop
      vertex  4.000000e+001 -5.500000e+001  0.000000e+000
      vertex  3.745000e+001  5.500000e+001  0.000000e+000
      vertex  4.000000e+001  5.500000e+001  0.000000e+000
    endloop
  endfacet
  facet normal  0.000000e+000  -0.000000e+000 -1.000000e+000
    outer loop
      vertex  2.444879e+001  5.000000e+001  0.000000e+000
      vertex  3.113021e+001  5.816619e+001  0.000000e+000
      vertex  3.255000e+001  5.500000e+001  0.000000e+000
    endloop
  endfacet
  facet normal  0.000000e+000  -0.000000e+000 -1.000000e+000
    outer loop
      vertex  2.444879e+001  5.000000e+001  0.000000e+000
      vertex  3.255000e+001  5.500000e+001  0.000000e+000
      vertex  3.258722e+001  5.457456e+001  0.000000e+000
    endloop
  endfacet
  facet normal  0.000000e+000  -0.000000e+000 -1.000000e+000
    outer loop
      vertex  2.444879e+001  5.000000e+001  0.000000e+000
      vertex  3.258722e+001  5.457456e+001  0.000000e+000
      vertex  3.269775e+001  5.416205e+001  0.000000e+000
    endloop
  endfacet
  facet normal  0.000000e+000  -0.000000e+000 -1.000000e+000
    outer loop
      vertex  2.444879e+001  5.000000e+001  0.000000e+000
      vertex  3.269775e+001  5.416205e+001  0.000000e+000
      vertex  3.287824e+001  5.377500e+001  0.000000e+000
    endloop
  endfacet
  facet normal  0.000000e+000  -0.000000e+000 -1.000000e+000
    outer loop
      vertex  2.444879e+001  5.000000e+001  0.000000e+000
      vertex  3.287824e+001  5.377500e+001  0.000000e+000
      vertex  3.312319e+001  5.342517e+001  0.000000e+000
    endloop
  endfacet
  facet normal  0.000000e+000  -0.000000e+000 -1.000000e+000
    outer loop
      vertex  2.444879e+001  5.000000e+001  0.000000e+000
      vertex  3.312319e+001  5.342517e+001  0.000000e+000
      vertex  3.342517e+001  5.312319e+001  0.000000e+000
    endloop
  endfacet
  facet normal  0.000000e+000  -0.000000e+000 -1.000000e+000
    outer loop
      vertex  2.444879e+001  5.000000e+001  0.000000e+000
      vertex  3.342517e+001  5.312319e+001  0.000000e+000
      vertex  3.377500e+001  5.287824e+001  0.000000e+000
    endloop
  endfacet
  facet normal  0.000000e+000  -0.000000e+000 -1.000000e+000
    outer loop
      vertex  2.444879e+001  5.000000e+001  0.000000e+000
      vertex  3.377500e+001  5.287824e+001  0.000000e+000
      vertex  3.416205e+001  5.269775e+001  0.000000e+000
    endloop
  endfacet
  facet normal  0.000000e+000  -0.000000e+000 -1.000000e+000
    outer loop
      vertex  2.444879e+001  5.000000e+001  0.000000e+000
      vertex  3.416205e+001  5.269775e+001  0.000000e+000
      vertex  3.457456e+001  5.258722e+001  0.000000e+000
    endloop
  endfacet
  facet normal  0.000000e+000  -0.000000e+000 -1.000000e+000
    outer loop
      vertex  2.444879e+001  5.000000e+001  0.000000e+000
      vertex  3.457456e+001  5.258722e+001  0.000000e+000
      vertex  3.500000e+001  5.255000e+001  0.000000e+000
    endloop
  endfacet
  facet normal  -0.000000e+000  0.000000e+000 -1.000000e+000
    outer loop
      vertex  3.255000e+001 -5.500000e+001  0.000000e+000
      vertex  3.258722e+001 -5.542544e+001  0.000000e+000
      vertex  3.252999e+001 -5.934730e+001  0.000000e+000
    endloop
  endfacet
  facet normal  0.000000e+000  0.000000e+000 -1.000000e+000
    outer loop
      vertex  3.255000e+001 -5.500000e+001  0.000000e+000
      vertex  3.252999e+001 -5.934730e+001  0.000000e+000
      vertex  3.201611e+001 -5.901203e+001  0.000000e+000
    endloop
  endfacet
  facet normal  0.000000e+000  0.000000e+000 -1.000000e+000
    outer loop
      vertex  3.255000e+001 -5.500000e+001  0.000000e+000
      vertex  3.201611e+001 -5.901203e+001  0.000000e+000
      vertex  3.154716e+001 -5.861634e+001  0.000000e+000
    endloop
  endfacet
  facet normal  0.000000e+000  0.000000e+000 -9.999999e-001
    outer loop
      vertex  3.255000e+001 -5.500000e+001  0.000000e+000
      vertex  3.154716e+001 -5.861634e+001  0.000000e+000
      vertex  3.113021e+001 -5.816619e+001  0.000000e+000
    endloop
  endfacet
  facet normal  0.000000e+000  0.000000e+000 -9.999999e-001
    outer loop
      vertex  3.255000e+001 -5.500000e+001  0.000000e+000
      vertex  3.113021e+001 -5.816619e+001  0.000000e+000
      vertex  3.258722e+001 -5.457456e+001  0.000000e+000
    endloop
  endfacet
  facet normal  0.000000e+000  0.000000e+000 -1.000000e+000
    outer loop
      vertex  3.777537e+001 -5.915901e+001  0.000000e+000
      vertex  3.724505e+001 -5.946763e+001  0.000000e+000
      vertex  3.730225e+001 -5.583795e+001  0.000000e+000
    endloop
  endfacet
  facet normal  0.000000e+000  0.000000e+000 -1.000000e+000
    outer loop
      vertex  3.777537e+001 -5.915901e+001  0.000000e+000
      vertex  3.730225e+001 -5.583795e+001  0.000000e+000
      vertex  3.741278e+001 -5.542544e+001  0.000000e+000
    endloop
  endfacet
  facet normal  0.000000e+000  0.000000e+000 -1.000000e+000
    outer loop
      vertex  3.777537e+001 -5.915901e+001  0.000000e+000
      vertex  3.741278e+001 -5.542544e+001  0.000000e+000
      vertex  3.745000e+001 -5.500000e+001  0.000000e+000
    endloop
  endfacet
  facet normal  0.000000e+000  0.000000e+000 -1.000000e+000
    outer loop
      vertex -1.065814e-014 -2.011815e+001  0.000000e+000
      vertex -1.212176e+001 -1.225000e+000  0.000000e+000
      vertex -1.187681e+001 -1.574830e+000  0.000000e+000
    endloop
  endfacet
  facet normal  0.000000e+000  0.000000e+000 -1.000000e+000
    outer loop
      vertex -1.065814e-014 -2.011815e+001  0.000000e+000
      vertex -1.187681e+001 -1.574830e+000  0.000000e+000
      vertex -1.157483e+001 -1.876809e+000  0.000000e+000
    endloop
  endfacet
  facet normal  0.000000e+000  0.000000e+000 -1.000000e+000
    outer loop
      vertex -1.065814e-014 -2.011815e+001  0.000000e+000
      vertex -1.157483e+001 -1.876809e+000  0.000000e+000
      vertex -1.122500e+001 -2.121762e+000  0.000000e+000
    endloop
  endfacet
  facet normal  0.000000e+000  0.000000e+000 -1.000000e+000
    outer loop
      vertex -1.065814e-014 -2.011815e+001  0.000000e+000
      vertex -1.122500e+001 -2.121762e+000  0.000000e+000
      vertex -1.083795e+001 -2.302247e+000  0.000000e+000
    endloop
  endfacet
  facet normal  0.000000e+000  0.000000e+000 -9.999999e-001
    outer loop
      vertex -1.065814e-014 -2.011815e+001  0.000000e+000
      vertex -1.083795e+001 -2.302247e+000  0.000000e+000
      vertex -1.042544e+001 -2.412779e+000  0.000000e+000
    endloop
  endfacet
  facet normal  0.000000e+000  0.000000e+000 -9.999999e-001
    outer loop
      vertex -1.065814e-014 -2.011815e+001  0.000000e+000
      vertex -1.042544e+001 -2.412779e+000  0.000000e+000
      vertex -1.000000e+001 -2.450000e+000  0.000000e+000
    endloop
  endfacet
  facet normal  0.000000e+000  0.000000e+000 -1.000000e+000
    outer loop
      vertex -1.065814e-014 -2.011815e+001  0.000000e+000
      vertex -1.000000e+001 -2.450000e+000  0.000000e+000
      vertex -9.574562e+000 -2.412779e+000  0.000000e+000
    endloop
  endfacet
  facet normal  0.000000e+000  0.000000e+000 -1.000000e+000
    outer loop
      vertex -1.065814e-014 -2.011815e+001  0.000000e+000
      vertex -9.574562e+000 -2.412779e+000  0.000000e+000
      vertex -9.162050e+000 -2.302247e+000  0.000000e+000
    endloop
  endfacet
  facet normal  0.000000e+000  0.000000e+000 -1.000000e+000
    outer loop
      vertex -1.065814e-014 -2.011815e+001  0.000000e+000
      vertex -9.162050e+000 -2.302247e+000  0.000000e+000
      vertex -8.775000e+000 -2.121762e+000  0.000000e+000
    endloop
  endfacet
  facet normal  0.000000e+000  0.000000e+000 -1.000000e+000
    outer loop
      vertex -1.065814e-014 -2.011815e+001  0.000000e+000
      vertex -8.775000e+000 -2.121762e+000  0.000000e+000
      vertex -8.425170e+000 -1.876809e+000  0.000000e+000
    endloop
  endfacet
  facet normal  0.000000e+000  0.000000e+000 -1.000000e+000
    outer loop
      vertex -1.065814e-014 -2.011815e+001  0.000000e+000
      vertex -8.425170e+000 -1.876809e+000  0.000000e+000
      vertex -8.123191e+000 -1.574830e+000  0.000000e+000
    endloop
  endfacet
  facet normal  0.000000e+000  0.000000e+000 -1.000000e+000
    outer loop
      vertex -1.065814e-014 -2.011815e+001  0.000000e+000
      vertex -8.123191e+000 -1.574830e+000  0.000000e+000
      vertex -7.878238e+000 -1.225000e+000  0.000000e+000
    endloop
  endfacet
  facet normal  0.000000e+000  0.000000e+000 -9.999999e-001
    outer loop
      vertex -1.065814e-014 -2.011815e+001  0.000000e+000
      vertex -7.878238e+000 -1.225000e+000  0.000000e+000
      vertex -7.697753e+000 -8.379493e-001  0.000000e+000
    endloop
  endfacet
  facet normal  0.000000e+000  0.000000e+000 -1.000000e+000
    outer loop
      vertex -1.065814e-014 -2.011815e+001  0.000000e+000
      vertex -7.697753e+000 -8.379493e-001  0.000000e+000
      vertex -7.587221e+000 -4.254380e-001  0.000000e+000
    endloop
  endfacet
  facet normal  0.000000e+000  0.000000e+000 -1.000000e+000
    outer loop
      vertex -1.065814e-014 -2.011815e+001  0.000000e+000
      vertex -7.587221e+000 -4.254380e-001  0.000000e+000
      vertex -7.550000e+000 -4.500577e-016  0.000000e+000
    endloop
  endfacet
  facet normal  0.000000e+000  -0.000000e+000 -1.000000e+000
    outer loop
      vertex -1.386979e+001 -3.166189e+000  0.000000e+000
      vertex -1.245000e+001  3.720638e-016  0.000000e+000
      vertex -1.241278e+001 -4.254380e-001  0.000000e+000
    endloop
  endfacet
  facet normal  0.000000e+000  -0.000000e+000 -1.000000e+000
    outer loop
      vertex -1.386979e+001 -3.166189e+000  0.000000e+000
      vertex -1.241278e+001 -4.254380e-001  0.000000e+000
      vertex -1.230225e+001 -8.379493e-001  0.000000e+000
    endloop
  endfacet
  facet normal  0.000000e+000  -0.000000e+000 -1.000000e+000
    outer loop
      vertex -1.386979e+001 -3.166189e+000  0.000000e+000
      vertex -1.230225e+001 -8.379493e-001  0.000000e+000
      vertex -1.212176e+001 -1.225000e+000  0.000000e+000
    endloop
  endfacet
  facet normal  0.000000e+000  -0.000000e+000 -1.000000e+000
    outer loop
      vertex -1.386979e+001 -3.166189e+000  0.000000e+000
      vertex -1.212176e+001 -1.225000e+000  0.000000e+000
      vertex -1.065814e-014 -2.011815e+001  0.000000e+000
    endloop
  endfacet
  facet normal  0.000000e+000  0.000000e+000 -1.000000e+000
    outer loop
      vertex -1.245000e+001  3.720638e-016  0.000000e+000
      vertex -1.386979e+001 -3.166189e+000  0.000000e+000
      vertex -1.423348e+001 -2.660384e+000  0.000000e+000
    endloop
  endfacet
  facet normal  0.000000e+000  0.000000e+000 -1.000000e+000
    outer loop
      vertex -1.245000e+001  3.720638e-016  0.000000e+000
      vertex -1.423348e+001 -2.660384e+000  0.000000e+000
      vertex -1.453145e+001 -2.113277e+000  0.000000e+000
    endloop
  endfacet
  facet normal  0.000000e+000  0.000000e+000 -9.999999e-001
    outer loop
      vertex -1.245000e+001  3.720638e-016  0.000000e+000
      vertex -1.453145e+001 -2.113277e+000  0.000000e+000
      vertex -1.475908e+001 -1.533363e+000  0.000000e+000
    endloop
  endfacet
  facet normal  0.000000e+000  0.000000e+000 -1.000000e+000
    outer loop
      vertex -1.245000e+001  3.720638e-016  0.000000e+000
      vertex -1.475908e+001 -1.533363e+000  0.000000e+000
      vertex -1.491282e+001 -9.296444e-001  0.000000e+000
    endloop
  endfacet
  facet normal  0.000000e+000  0.000000e+000 -1.000000e+000
    outer loop
      vertex -1.245000e+001  3.720638e-016  0.000000e+000
      vertex -1.491282e+001 -9.296444e-001  0.000000e+000
      vertex -1.499029e+001 -3.114934e-001  0.000000e+000
    endloop
  endfacet
  facet normal  0.000000e+000  0.000000e+000 -1.000000e+000
    outer loop
      vertex -1.245000e+001  3.720638e-016  0.000000e+000
      vertex -1.499029e+001 -3.114934e-001  0.000000e+000
      vertex -1.499029e+001  3.114934e-001  0.000000e+000
    endloop
  endfacet
  facet normal  0.000000e+000  0.000000e+000 -1.000000e+000
    outer loop
      vertex -1.245000e+001  3.720638e-016  0.000000e+000
      vertex -1.499029e+001  3.114934e-001  0.000000e+000
      vertex -1.491282e+001  9.296444e-001  0.000000e+000
    endloop
  endfacet
  facet normal  0.000000e+000  0.000000e+000 -1.000000e+000
    outer loop
      vertex -1.245000e+001  3.720638e-016  0.000000e+000
      vertex -1.491282e+001  9.296444e-001  0.000000e+000
      vertex -1.475908e+001  1.533363e+000  0.000000e+000
    endloop
  endfacet
  facet normal  0.000000e+000  0.000000e+000 -9.999999e-001
    outer loop
      vertex -1.245000e+001  3.720638e-016  0.000000e+000
      vertex -1.475908e+001  1.533363e+000  0.000000e+000
      vertex -1.453145e+001  2.113277e+000  0.000000e+000
    endloop
  endfacet
  facet normal  0.000000e+000  0.000000e+000 -9.999999e-001
    outer loop
      vertex -1.245000e+001  3.720638e-016  0.000000e+000
      vertex -1.453145e+001  2.113277e+000  0.000000e+000
      vertex -1.423348e+001  2.660384e+000  0.000000e+000
    endloop
  endfacet
  facet normal  0.000000e+000  0.000000e+000 -1.000000e+000
    outer loop
      vertex -1.245000e+001  3.720638e-016  0.000000e+000
      vertex -1.423348e+001  2.660384e+000  0.000000e+000
      vertex -1.386979e+001  3.166189e+000  0.000000e+000
    endloop
  endfacet
  facet normal  0.000000e+000  0.000000e+000 -1.000000e+000
    outer loop
      vertex  1.243450e-014  2.011815e+001  0.000000e+000
      vertex -7.550000e+000 -4.500577e-016  0.000000e+000
      vertex -7.587221e+000  4.254380e-001  0.000000e+000
    endloop
  endfacet
  facet normal  0.000000e+000  0.000000e+000 -1.000000e+000
    outer loop
      vertex  1.243450e-014  2.011815e+001  0.000000e+000
      vertex -7.587221e+000  4.254380e-001  0.000000e+000
      vertex -7.697753e+000  8.379493e-001  0.000000e+000
    endloop
  endfacet
  facet normal  0.000000e+000  0.000000e+000 -9.999999e-001
    outer loop
      vertex  1.243450e-014  2.011815e+001  0.000000e+000
      vertex -7.697753e+000  8.379493e-001  0.000000e+000
      vertex -7.878238e+000  1.225000e+000  0.000000e+000
    endloop
  endfacet
  facet normal  0.000000e+000  0.000000e+000 -1.000000e+000
    outer loop
      vertex  1.243450e-014  2.011815e+001  0.000000e+000
      vertex -7.878238e+000  1.225000e+000  0.000000e+000
      vertex -8.123191e+000  1.574830e+000  0.000000e+000
    endloop
  endfacet
  facet normal  0.000000e+000  0.000000e+000 -1.000000e+000
    outer loop
      vertex  1.243450e-014  2.011815e+001  0.000000e+000
      vertex -8.123191e+000  1.574830e+000  0.000000e+000
      vertex -8.425170e+000  1.876809e+000  0.000000e+000
    endloop
  endfacet
  facet normal  0.000000e+000  0.000000e+000 -1.000000e+000
    outer loop
      vertex  1.243450e-014  2.011815e+001  0.000000e+000
      vertex -8.425170e+000  1.876809e+000  0.000000e+000
      vertex -8.775000e+000  2.121762e+000  0.000000e+000
    endloop
  endfacet
  facet normal  0.000000e+000  0.000000e+000 -1.000000e+000
    outer loop
      vertex  1.243450e-014  2.011815e+001  0.000000e+000
      vertex -8.775000e+000  2.121762e+000  0.000000e+000
      vertex -9.162050e+000  2.302247e+000  0.000000e+000
    endloop
  endfacet
  facet normal  0.000000e+000  0.000000e+000 -1.000000e+000
    outer loop
      vertex  1.243450e-014  2.011815e+001  0.000000e+000
      vertex -9.162050e+000  2.302247e+000  0.000000e+000
      vertex -9.574562e+000  2.412779e+000  0.000000e+000
    endloop
  endfacet
  facet normal  0.000000e+000  0.000000e+000 -1.000000e+000
    outer loop
      vertex  1.243450e-014  2.011815e+001  0.000000e+000
      vertex -9.574562e+000  2.412779e+000  0.000000e+000
      vertex -1.000000e+001  2.450000e+000  0.000000e+000
    endloop
  endfacet
  facet normal  -0.000000e+000  0.000000e+000 -9.999999e-001
    outer loop
      vertex  1.243450e-014  2.011815e+001  0.000000e+000
      vertex -1.000000e+001  2.450000e+000  0.000000e+000
      vertex -1.042544e+001  2.412779e+000  0.000000e+000
    endloop
  endfacet
  facet normal  -0.000000e+000  0.000000e+000 -1.000000e+000
    outer loop
      vertex  1.243450e-014  2.011815e+001  0.000000e+000
      vertex -1.042544e+001  2.412779e+000  0.000000e+000
      vertex -1.083795e+001  2.302247e+000  0.000000e+000
    endloop
  endfacet
  facet normal  -0.000000e+000  0.000000e+000 -1.000000e+000
    outer loop
      vertex  1.243450e-014  2.011815e+001  0.000000e+000
      vertex -1.083795e+001  2.302247e+000  0.000000e+000
      vertex -1.122500e+001  2.121762e+000  0.000000e+000
    endloop
  endfacet
  facet normal  -0.000000e+000  0.000000e+000 -1.000000e+000
    outer loop
      vertex  1.243450e-014  2.011815e+001  0.000000e+000
      vertex -1.122500e+001  2.121762e+000  0.000000e+000
      vertex -1.157483e+001  1.876809e+000  0.000000e+000
    endloop
  endfacet
  facet normal  -0.000000e+000  0.000000e+000 -1.000000e+000
    outer loop
      vertex  1.243450e-014  2.011815e+001  0.000000e+000
      vertex -1.157483e+001  1.876809e+000  0.000000e+000
      vertex -1.187681e+001  1.574830e+000  0.000000e+000
    endloop
  endfacet
  facet normal  -0.000000e+000  0.000000e+000 -1.000000e+000
    outer loop
      vertex  1.243450e-014  2.011815e+001  0.000000e+000
      vertex -1.187681e+001  1.574830e+000  0.000000e+000
      vertex -1.212176e+001  1.225000e+000  0.000000e+000
    endloop
  endfacet
  facet normal  0.000000e+000  0.000000e+000 -1.000000e+000
    outer loop
      vertex -1.386979e+001  3.166189e+000  0.000000e+000
      vertex  1.243450e-014  2.011815e+001  0.000000e+000
      vertex -1.212176e+001  1.225000e+000  0.000000e+000
    endloop
  endfacet
  facet normal  -0.000000e+000  0.000000e+000 -1.000000e+000
    outer loop
      vertex -1.386979e+001  3.166189e+000  0.000000e+000
      vertex -1.212176e+001  1.225000e+000  0.000000e+000
      vertex -1.230225e+001  8.379493e-001  0.000000e+000
    endloop
  endfacet
  facet normal  -0.000000e+000  0.000000e+000 -1.000000e+000
    outer loop
      vertex -1.386979e+001  3.166189e+000  0.000000e+000
      vertex -1.230225e+001  8.379493e-001  0.000000e+000
      vertex -1.241278e+001  4.254380e-001  0.000000e+000
    endloop
  endfacet
  facet normal  -0.000000e+000  0.000000e+000 -1.000000e+000
    outer loop
      vertex -1.386979e+001  3.166189e+000  0.000000e+000
      vertex -1.241278e+001  4.254380e-001  0.000000e+000
      vertex -1.245000e+001  3.720638e-016  0.000000e+000
    endloop
  endfacet
  facet normal  0.000000e+000  0.000000e+000 -9.999999e-001
    outer loop
      vertex  3.255000e+001  5.500000e+001  0.000000e+000
      vertex  3.113021e+001  5.816619e+001  0.000000e+000
      vertex  3.154716e+001  5.861634e+001  0.000000e+000
    endloop
  endfacet
  facet normal  0.000000e+000  0.000000e+000 -1.000000e+000
    outer loop
      vertex  3.255000e+001  5.500000e+001  0.000000e+000
      vertex  3.154716e+001  5.861634e+001  0.000000e+000
      vertex  3.201611e+001  5.901203e+001  0.000000e+000
    endloop
  endfacet
  facet normal  0.000000e+000  0.000000e+000 -1.000000e+000
    outer loop
      vertex  3.255000e+001  5.500000e+001  0.000000e+000
      vertex  3.201611e+001  5.901203e+001  0.000000e+000
      vertex  3.252999e+001  5.934730e+001  0.000000e+000
    endloop
  endfacet
  facet normal  0.000000e+000  0.000000e+000 -9.999999e-001
    outer loop
      vertex  3.255000e+001  5.500000e+001  0.000000e+000
      vertex  3.252999e+001  5.934730e+001  0.000000e+000
      vertex  3.258722e+001  5.542544e+001  0.000000e+000
    endloop
  endfacet
  facet normal  0.000000e+000  0.000000e+000 -1.000000e+000
    outer loop
      vertex  4.000000e+001  5.500000e+001  0.000000e+000
      vertex  3.745000e+001  5.500000e+001  0.000000e+000
      vertex  3.777537e+001  5.915901e+001  0.000000e+000
    endloop
  endfacet
  facet normal  0.000000e+000  0.000000e+000 -1.000000e+000
    outer loop
      vertex  4.000000e+001  5.500000e+001  0.000000e+000
      vertex  3.777537e+001  5.915901e+001  0.000000e+000
      vertex  3.826389e+001  5.878775e+001  0.000000e+000
    endloop
  endfacet
  facet normal  0.000000e+000  0.000000e+000 -1.000000e+000
    outer loop
      vertex  4.000000e+001  5.500000e+001  0.000000e+000
      vertex  3.826389e+001  5.878775e+001  0.000000e+000
      vertex  3.870325e+001  5.835946e+001  0.000000e+000
    endloop
  endfacet
  facet normal  0.000000e+000  0.000000e+000 -1.000000e+000
    outer loop
      vertex  4.000000e+001  5.500000e+001  0.000000e+000
      vertex  3.870325e+001  5.835946e+001  0.000000e+000
      vertex  3.908685e+001  5.788057e+001  0.000000e+000
    endloop
  endfacet
  facet normal  0.000000e+000  0.000000e+000 -1.000000e+000
    outer loop
      vertex  4.000000e+001  5.500000e+001  0.000000e+000
      vertex  3.908685e+001  5.788057e+001  0.000000e+000
      vertex  3.940890e+001  5.735830e+001  0.000000e+000
    endloop
  endfacet
  facet normal  0.000000e+000  0.000000e+000 -1.000000e+000
    outer loop
      vertex  4.000000e+001  5.500000e+001  0.000000e+000
      vertex  3.940890e+001  5.735830e+001  0.000000e+000
      vertex  3.966456e+001  5.680052e+001  0.000000e+000
    endloop
  endfacet
  facet normal  0.000000e+000  0.000000e+000 -1.000000e+000
    outer loop
      vertex  4.000000e+001  5.500000e+001  0.000000e+000
      vertex  3.966456e+001  5.680052e+001  0.000000e+000
      vertex  3.984998e+001  5.621563e+001  0.000000e+000
    endloop
  endfacet
  facet normal  0.000000e+000  0.000000e+000 -1.000000e+000
    outer loop
      vertex  4.000000e+001  5.500000e+001  0.000000e+000
      vertex  3.984998e+001  5.621563e+001  0.000000e+000
      vertex  3.996235e+001  5.561242e+001  0.000000e+000
    endloop
  endfacet
  facet normal  0.000000e+000  0.000000e+000 -1.000000e+000
    outer loop
      vertex  3.287824e+001 -5.622500e+001  0.000000e+000
      vertex  3.308106e+001 -5.961711e+001  0.000000e+000
      vertex  3.269775e+001 -5.583795e+001  0.000000e+000
    endloop
  endfacet
  facet normal  0.000000e+000  -0.000000e+000 -1.000000e+000
    outer loop
      vertex  3.269775e+001 -5.583795e+001  0.000000e+000
      vertex  3.308106e+001 -5.961711e+001  0.000000e+000
      vertex  3.252999e+001 -5.934730e+001  0.000000e+000
    endloop
  endfacet
  facet normal  0.000000e+000  0.000000e+000 -1.000000e+000
    outer loop
      vertex  3.269775e+001 -5.583795e+001  0.000000e+000
      vertex  3.252999e+001 -5.934730e+001  0.000000e+000
      vertex  3.258722e+001 -5.542544e+001  0.000000e+000
    endloop
  endfacet
  facet normal  -0.000000e+000  0.000000e+000 -1.000000e+000
    outer loop
      vertex  3.287824e+001 -5.622500e+001  0.000000e+000
      vertex  3.312319e+001 -5.657483e+001  0.000000e+000
      vertex  3.308106e+001 -5.961711e+001  0.000000e+000
    endloop
  endfacet
  facet normal  0.000000e+000  0.000000e+000 -9.999999e-001
    outer loop
      vertex  3.308106e+001 -5.961711e+001  0.000000e+000
      vertex  3.312319e+001 -5.657483e+001  0.000000e+000
      vertex  3.342517e+001 -5.687681e+001  0.000000e+000
    endloop
  endfacet
  facet normal  0.000000e+000  -0.000000e+000 -9.999999e-001
    outer loop
      vertex  3.308106e+001 -5.961711e+001  0.000000e+000
      vertex  3.342517e+001 -5.687681e+001  0.000000e+000
      vertex  3.366104e+001 -5.981738e+001  0.000000e+000
    endloop
  endfacet
  facet normal  0.000000e+000  0.000000e+000 -1.000000e+000
    outer loop
      vertex  3.500000e+001 -5.745000e+001  0.000000e+000
      vertex  3.487244e+001 -5.999837e+001  0.000000e+000
      vertex  3.457456e+001 -5.741278e+001  0.000000e+000
    endloop
  endfacet
  facet normal  0.000000e+000  -0.000000e+000 -1.000000e+000
    outer loop
      vertex  3.457456e+001 -5.741278e+001  0.000000e+000
      vertex  3.487244e+001 -5.999837e+001  0.000000e+000
      vertex  3.426118e+001 -5.994511e+001  0.000000e+000
    endloop
  endfacet
  facet normal  0.000000e+000  0.000000e+000 -1.000000e+000
    outer loop
      vertex  3.457456e+001 -5.741278e+001  0.000000e+000
      vertex  3.426118e+001 -5.994511e+001  0.000000e+000
      vertex  3.416205e+001 -5.730225e+001  0.000000e+000
    endloop
  endfacet
  facet normal  0.000000e+000  -0.000000e+000 -1.000000e+000
    outer loop
      vertex  3.416205e+001 -5.730225e+001  0.000000e+000
      vertex  3.426118e+001 -5.994511e+001  0.000000e+000
      vertex  3.366104e+001 -5.981738e+001  0.000000e+000
    endloop
  endfacet
  facet normal  0.000000e+000  0.000000e+000 -1.000000e+000
    outer loop
      vertex  3.416205e+001 -5.730225e+001  0.000000e+000
      vertex  3.366104e+001 -5.981738e+001  0.000000e+000
      vertex  3.377500e+001 -5.712176e+001  0.000000e+000
    endloop
  endfacet
  facet normal  0.000000e+000  0.000000e+000 -1.000000e+000
    outer loop
      vertex  3.622500e+001 -5.712176e+001  0.000000e+000
      vertex  3.609150e+001 -5.987941e+001  0.000000e+000
      vertex  3.583795e+001 -5.730225e+001  0.000000e+000
    endloop
  endfacet
  facet normal  0.000000e+000  -0.000000e+000 -9.999999e-001
    outer loop
      vertex  3.583795e+001 -5.730225e+001  0.000000e+000
      vertex  3.609150e+001 -5.987941e+001  0.000000e+000
      vertex  3.548563e+001 -5.997636e+001  0.000000e+000
    endloop
  endfacet
  facet normal  0.000000e+000  0.000000e+000 -9.999999e-001
    outer loop
      vertex  3.583795e+001 -5.730225e+001  0.000000e+000
      vertex  3.548563e+001 -5.997636e+001  0.000000e+000
      vertex  3.542544e+001 -5.741278e+001  0.000000e+000
    endloop
  endfacet
  facet normal  0.000000e+000  -0.000000e+000 -1.000000e+000
    outer loop
      vertex  3.542544e+001 -5.741278e+001  0.000000e+000
      vertex  3.548563e+001 -5.997636e+001  0.000000e+000
      vertex  3.487244e+001 -5.999837e+001  0.000000e+000
    endloop
  endfacet
  facet normal  0.000000e+000  0.000000e+000 -1.000000e+000
    outer loop
      vertex  3.542544e+001 -5.741278e+001  0.000000e+000
      vertex  3.487244e+001 -5.999837e+001  0.000000e+000
      vertex  3.500000e+001 -5.745000e+001  0.000000e+000
    endloop
  endfacet
  facet normal  0.000000e+000  0.000000e+000 -1.000000e+000
    outer loop
      vertex  3.712176e+001 -5.622500e+001  0.000000e+000
      vertex  3.724505e+001 -5.946763e+001  0.000000e+000
      vertex  3.687681e+001 -5.657483e+001  0.000000e+000
    endloop
  endfacet
  facet normal  0.000000e+000  -0.000000e+000 -1.000000e+000
    outer loop
      vertex  3.687681e+001 -5.657483e+001  0.000000e+000
      vertex  3.724505e+001 -5.946763e+001  0.000000e+000
      vertex  3.668093e+001 -5.970898e+001  0.000000e+000
    endloop
  endfacet
  facet normal  0.000000e+000  0.000000e+000 -1.000000e+000
    outer loop
      vertex  3.687681e+001 -5.657483e+001  0.000000e+000
      vertex  3.668093e+001 -5.970898e+001  0.000000e+000
      vertex  3.657483e+001 -5.687681e+001  0.000000e+000
    endloop
  endfacet
  facet normal  0.000000e+000  -0.000000e+000 -1.000000e+000
    outer loop
      vertex  3.657483e+001 -5.687681e+001  0.000000e+000
      vertex  3.668093e+001 -5.970898e+001  0.000000e+000
      vertex  3.609150e+001 -5.987941e+001  0.000000e+000
    endloop
  endfacet
  facet normal  0.000000e+000  0.000000e+000 -9.999999e-001
    outer loop
      vertex  3.657483e+001 -5.687681e+001  0.000000e+000
      vertex  3.609150e+001 -5.987941e+001  0.000000e+000
      vertex  3.622500e+001 -5.712176e+001  0.000000e+000
    endloop
  endfacet
  facet normal  0.000000e+000  0.000000e+000 -1.000000e+000
    outer loop
      vertex  3.287824e+001  5.622500e+001  0.000000e+000
      vertex  3.269775e+001  5.583795e+001  0.000000e+000
      vertex  3.308106e+001  5.961711e+001  0.000000e+000
    endloop
  endfacet
  facet normal  0.000000e+000  0.000000e+000 -1.000000e+000
    outer loop
      vertex  3.308106e+001  5.961711e+001  0.000000e+000
      vertex  3.269775e+001  5.583795e+001  0.000000e+000
      vertex  3.258722e+001  5.542544e+001  0.000000e+000
    endloop
  endfacet
  facet normal  0.000000e+000  0.000000e+000 -9.999999e-001
    outer loop
      vertex  3.308106e+001  5.961711e+001  0.000000e+000
      vertex  3.258722e+001  5.542544e+001  0.000000e+000
      vertex  3.252999e+001  5.934730e+001  0.000000e+000
    endloop
  endfacet
  facet normal  0.000000e+000  -0.000000e+000 -1.000000e+000
    outer loop
      vertex  3.287824e+001  5.622500e+001  0.000000e+000
      vertex  3.308106e+001  5.961711e+001  0.000000e+000
      vertex  3.312319e+001  5.657483e+001  0.000000e+000
    endloop
  endfacet
  facet normal  0.000000e+000  0.000000e+000 -9.999999e-001
    outer loop
      vertex  3.312319e+001  5.657483e+001  0.000000e+000
      vertex  3.308106e+001  5.961711e+001  0.000000e+000
      vertex  3.366104e+001  5.981738e+001  0.000000e+000
    endloop
  endfacet
  facet normal  0.000000e+000  0.000000e+000 -1.000000e+000
    outer loop
      vertex  3.312319e+001  5.657483e+001  0.000000e+000
      vertex  3.366104e+001  5.981738e+001  0.000000e+000
      vertex  3.342517e+001  5.687681e+001  0.000000e+000
    endloop
  endfacet
  facet normal  0.000000e+000  0.000000e+000 -1.000000e+000
    outer loop
      vertex  3.500000e+001  5.745000e+001  0.000000e+000
      vertex  3.457456e+001  5.741278e+001  0.000000e+000
      vertex  3.487244e+001  5.999837e+001  0.000000e+000
    endloop
  endfacet
  facet normal  0.000000e+000  0.000000e+000 -1.000000e+000
    outer loop
      vertex  3.487244e+001  5.999837e+001  0.000000e+000
      vertex  3.457456e+001  5.741278e+001  0.000000e+000
      vertex  3.416205e+001  5.730225e+001  0.000000e+000
    endloop
  endfacet
  facet normal  0.000000e+000  0.000000e+000 -1.000000e+000
    outer loop
      vertex  3.487244e+001  5.999837e+001  0.000000e+000
      vertex  3.416205e+001  5.730225e+001  0.000000e+000
      vertex  3.426118e+001  5.994511e+001  0.000000e+000
    endloop
  endfacet
  facet normal  0.000000e+000  0.000000e+000 -1.000000e+000
    outer loop
      vertex  3.426118e+001  5.994511e+001  0.000000e+000
      vertex  3.416205e+001  5.730225e+001  0.000000e+000
      vertex  3.377500e+001  5.712176e+001  0.000000e+000
    endloop
  endfacet
  facet normal  0.000000e+000  0.000000e+000 -1.000000e+000
    outer loop
      vertex  3.426118e+001  5.994511e+001  0.000000e+000
      vertex  3.377500e+001  5.712176e+001  0.000000e+000
      vertex  3.366104e+001  5.981738e+001  0.000000e+000
    endloop
  endfacet
  facet normal  0.000000e+000  0.000000e+000 -1.000000e+000
    outer loop
      vertex  3.622500e+001  5.712176e+001  0.000000e+000
      vertex  3.583795e+001  5.730225e+001  0.000000e+000
      vertex  3.609150e+001  5.987941e+001  0.000000e+000
    endloop
  endfacet
  facet normal  0.000000e+000  0.000000e+000 -1.000000e+000
    outer loop
      vertex  3.609150e+001  5.987941e+001  0.000000e+000
      vertex  3.583795e+001  5.730225e+001  0.000000e+000
      vertex  3.542544e+001  5.741278e+001  0.000000e+000
    endloop
  endfacet
  facet normal  0.000000e+000  0.000000e+000 -1.000000e+000
    outer loop
      vertex  3.609150e+001  5.987941e+001  0.000000e+000
      vertex  3.542544e+001  5.741278e+001  0.000000e+000
      vertex  3.548563e+001  5.997636e+001  0.000000e+000
    endloop
  endfacet
  facet normal  0.000000e+000  0.000000e+000 -1.000000e+000
    outer loop
      vertex  3.548563e+001  5.997636e+001  0.000000e+000
      vertex  3.542544e+001  5.741278e+001  0.000000e+000
      vertex  3.500000e+001  5.745000e+001  0.000000e+000
    endloop
  endfacet
  facet normal  0.000000e+000  0.000000e+000 -1.000000e+000
    outer loop
      vertex  3.548563e+001  5.997636e+001  0.000000e+000
      vertex  3.500000e+001  5.745000e+001  0.000000e+000
      vertex  3.487244e+001  5.999837e+001  0.000000e+000
    endloop
  endfacet
  facet normal  0.000000e+000  0.000000e+000 -1.000000e+000
    outer loop
      vertex  3.712176e+001  5.622500e+001  0.000000e+000
      vertex  3.687681e+001  5.657483e+001  0.000000e+000
      vertex  3.724505e+001  5.946763e+001  0.000000e+000
    endloop
  endfacet
  facet normal  0.000000e+000  0.000000e+000 -9.999999e-001
    outer loop
      vertex  3.724505e+001  5.946763e+001  0.000000e+000
      vertex  3.687681e+001  5.657483e+001  0.000000e+000
      vertex  3.657483e+001  5.687681e+001  0.000000e+000
    endloop
  endfacet
  facet normal  0.000000e+000  0.000000e+000 -1.000000e+000
    outer loop
      vertex  3.724505e+001  5.946763e+001  0.000000e+000
      vertex  3.657483e+001  5.687681e+001  0.000000e+000
      vertex  3.668093e+001  5.970898e+001  0.000000e+000
    endloop
  endfacet
  facet normal  0.000000e+000  0.000000e+000 -1.000000e+000
    outer loop
      vertex  3.668093e+001  5.970898e+001  0.000000e+000
      vertex  3.657483e+001  5.687681e+001  0.000000e+000
      vertex  3.622500e+001  5.712176e+001  0.000000e+000
    endloop
  endfacet
  facet normal  0.000000e+000  0.000000e+000 -1.000000e+000
    outer loop
      vertex  3.668093e+001  5.970898e+001  0.000000e+000
      vertex  3.622500e+001  5.712176e+001  0.000000e+000
      vertex  3.609150e+001  5.987941e+001  0.000000e+000
    endloop
  endfacet
  facet normal  0.000000e+000  0.000000e+000 -1.000000e+000
    outer loop
      vertex  3.745000e+001  5.500000e+001  0.000000e+000
      vertex  3.741278e+001  5.542544e+001  0.000000e+000
      vertex  3.777537e+001  5.915901e+001  0.000000e+000
    endloop
  endfacet
  facet normal  0.000000e+000  0.000000e+000 -1.000000e+000
    outer loop
      vertex  3.777537e+001  5.915901e+001  0.000000e+000
      vertex  3.741278e+001  5.542544e+001  0.000000e+000
      vertex  3.730225e+001  5.583795e+001  0.000000e+000
    endloop
  endfacet
  facet normal  0.000000e+000  0.000000e+000 -1.000000e+000
    outer loop
      vertex  3.777537e+001  5.915901e+001  0.000000e+000
      vertex  3.730225e+001  5.583795e+001  0.000000e+000
      vertex  3.724505e+001  5.946763e+001  0.000000e+000
    endloop
  endfacet
  facet normal  0.000000e+000  0.000000e+000  1.000000e+000
    outer loop
      vertex  5.000000e+000  4.600000e+001  4.000000e+000
      vertex  5.000000e+000 -4.600000e+001  4.000000e+000
      vertex  4.000000e+001  4.600000e+001  4.000000e+000
    endloop
  endfacet
  facet normal  0.000000e+000  0.000000e+000  1.000000e+000
    outer loop
      vertex  4.000000e+001  4.600000e+001  4.000000e+000
      vertex  5.000000e+000 -4.600000e+001  4.000000e+000
      vertex  4.000000e+001 -4.600000e+001  4.000000e+000
    endloop
  endfacet
  facet normal  9.981160e-001 -6.135681e-002  0.000000e+000
    outer loop
      vertex  4.000000e+001 -5.500000e+001  0.000000e+000
      vertex  4.000000e+001 -5.500000e+001  4.000000e+000
      vertex  3.996235e+001 -5.561242e+001  0.000000e+000
    endloop
  endfacet
  facet normal  9.981160e-001 -6.135681e-002  0.000000e+000
    outer loop
      vertex  3.996235e+001 -5.561242e+001  0.000000e+000
      vertex  4.000000e+001 -5.500000e+001  4.000000e+000
      vertex  3.996235e+001 -5.561242e+001  4.000000e+000
    endloop
  endfacet
  facet normal  9.830851e-001 -1.831495e-001  0.000000e+000
    outer loop
      vertex  3.996235e+001 -5.561242e+001  0.000000e+000
      vertex  3.996235e+001 -5.561242e+001  4.000000e+000
      vertex  3.984998e+001 -5.621563e+001  0.000000e+000
    endloop
  endfacet
  facet normal  9.830851e-001 -1.831495e-001  0.000000e+000
    outer loop
      vertex  3.984998e+001 -5.621563e+001  0.000000e+000
      vertex  3.996235e+001 -5.561242e+001  4.000000e+000
      vertex  3.984998e+001 -5.621563e+001  4.000000e+000
    endloop
  endfacet
  facet normal  9.532502e-001 -3.021824e-001  0.000000e+000
    outer loop
      vertex  3.984998e+001 -5.621563e+001  0.000000e+000
      vertex  3.984998e+001 -5.621563e+001  4.000000e+000
      vertex  3.966456e+001 -5.680052e+001  0.000000e+000
    endloop
  endfacet
  facet normal  9.532502e-001 -3.021824e-001  0.000000e+000
    outer loop
      vertex  3.966456e+001 -5.680052e+001  0.000000e+000
      vertex  3.984998e+001 -5.621563e+001  4.000000e+000
      vertex  3.966456e+001 -5.680052e+001  4.000000e+000
    endloop
  endfacet
  facet normal  9.090568e-001 -4.166723e-001  0.000000e+000
    outer loop
      vertex  3.966456e+001 -5.680052e+001  0.000000e+000
      vertex  3.966456e+001 -5.680052e+001  4.000000e+000
      vertex  3.940890e+001 -5.735830e+001  0.000000e+000
    endloop
  endfacet
  facet normal  9.090568e-001 -4.166723e-001  0.000000e+000
    outer loop
      vertex  3.940890e+001 -5.735830e+001  0.000000e+000
      vertex  3.966456e+001 -5.680052e+001  4.000000e+000
      vertex  3.940890e+001 -5.735830e+001  4.000000e+000
    endloop
  endfacet
  facet normal  8.511798e-001 -5.248742e-001  0.000000e+000
    outer loop
      vertex  3.940890e+001 -5.735830e+001  0.000000e+000
      vertex  3.940890e+001 -5.735830e+001  4.000000e+000
      vertex  3.908685e+001 -5.788057e+001  0.000000e+000
    endloop
  endfacet
  facet normal  8.511798e-001 -5.248742e-001  0.000000e+000
    outer loop
      vertex  3.908685e+001 -5.788057e+001  0.000000e+000
      vertex  3.940890e+001 -5.735830e+001  4.000000e+000
      vertex  3.908685e+001 -5.788057e+001  4.000000e+000
    endloop
  endfacet
  facet normal  7.804816e-001 -6.251786e-001  0.000000e+000
    outer loop
      vertex  3.908685e+001 -5.788057e+001  0.000000e+000
      vertex  3.908685e+001 -5.788057e+001  4.000000e+000
      vertex  3.870325e+001 -5.835946e+001  0.000000e+000
    endloop
  endfacet
  facet normal  7.804816e-001 -6.251786e-001  0.000000e+000
    outer loop
      vertex  3.870325e+001 -5.835946e+001  0.000000e+000
      vertex  3.908685e+001 -5.788057e+001  4.000000e+000
      vertex  3.870325e+001 -5.835946e+001  4.000000e+000
    endloop
  endfacet
  facet normal  6.980282e-001 -7.160703e-001  0.000000e+000
    outer loop
      vertex  3.870325e+001 -5.835946e+001  0.000000e+000
      vertex  3.870325e+001 -5.835946e+001  4.000000e+000
      vertex  3.826389e+001 -5.878775e+001  0.000000e+000
    endloop
  endfacet
  facet normal  6.980282e-001 -7.160703e-001  0.000000e+000
    outer loop
      vertex  3.826389e+001 -5.878775e+001  0.000000e+000
      vertex  3.870325e+001 -5.835946e+001  4.000000e+000
      vertex  3.826389e+001 -5.878775e+001  4.000000e+000
    endloop
  endfacet
  facet normal  6.050670e-001 -7.961745e-001  0.000000e+000
    outer loop
      vertex  3.826389e+001 -5.878775e+001  0.000000e+000
      vertex  3.826389e+001 -5.878775e+001  4.000000e+000
      vertex  3.777537e+001 -5.915901e+001  0.000000e+000
    endloop
  endfacet
  facet normal  6.050670e-001 -7.961745e-001  0.000000e+000
    outer loop
      vertex  3.777537e+001 -5.915901e+001  0.000000e+000
      vertex  3.826389e+001 -5.878775e+001  4.000000e+000
      vertex  3.777537e+001 -5.915901e+001  4.000000e+000
    endloop
  endfacet
  facet normal  5.029875e-001 -8.642938e-001  0.000000e+000
    outer loop
      vertex  3.777537e+001 -5.915901e+001  0.000000e+000
      vertex  3.777537e+001 -5.915901e+001  4.000000e+000
      vertex  3.724505e+001 -5.946763e+001  0.000000e+000
    endloop
  endfacet
  facet normal  5.029875e-001 -8.642938e-001  0.000000e+000
    outer loop
      vertex  3.724505e+001 -5.946763e+001  0.000000e+000
      vertex  3.777537e+001 -5.915901e+001  4.000000e+000
      vertex  3.724505e+001 -5.946763e+001  4.000000e+000
    endloop
  endfacet
  facet normal  3.933385e-001 -9.193938e-001  0.000000e+000
    outer loop
      vertex  3.724505e+001 -5.946763e+001  0.000000e+000
      vertex  3.724505e+001 -5.946763e+001  4.000000e+000
      vertex  3.668093e+001 -5.970898e+001  0.000000e+000
    endloop
  endfacet
  facet normal  3.933385e-001 -9.193938e-001  0.000000e+000
    outer loop
      vertex  3.668093e+001 -5.970898e+001  0.000000e+000
      vertex  3.724505e+001 -5.946763e+001  4.000000e+000
      vertex  3.668093e+001 -5.970898e+001  4.000000e+000
    endloop
  endfacet
  facet normal  2.777694e-001 -9.606477e-001  0.000000e+000
    outer loop
      vertex  3.668093e+001 -5.970898e+001  0.000000e+000
      vertex  3.668093e+001 -5.970898e+001  4.000000e+000
      vertex  3.609150e+001 -5.987941e+001  0.000000e+000
    endloop
  endfacet
  facet normal  2.777694e-001 -9.606477e-001  0.000000e+000
    outer loop
      vertex  3.609150e+001 -5.987941e+001  0.000000e+000
      vertex  3.668093e+001 -5.970898e+001  4.000000e+000
      vertex  3.609150e+001 -5.987941e+001  4.000000e+000
    endloop
  endfacet
  facet normal  1.580077e-001 -9.874379e-001  0.000000e+000
    outer loop
      vertex  3.609150e+001 -5.987941e+001  0.000000e+000
      vertex  3.609150e+001 -5.987941e+001  4.000000e+000
      vertex  3.548563e+001 -5.997636e+001  0.000000e+000
    endloop
  endfacet
  facet normal  1.580077e-001 -9.874379e-001  0.000000e+000
    outer loop
      vertex  3.548563e+001 -5.997636e+001  0.000000e+000
      vertex  3.609150e+001 -5.987941e+001  4.000000e+000
      vertex  3.548563e+001 -5.997636e+001  4.000000e+000
    endloop
  endfacet
  facet normal  3.587271e-002 -9.993564e-001  0.000000e+000
    outer loop
      vertex  3.548563e+001 -5.997636e+001  0.000000e+000
      vertex  3.548563e+001 -5.997636e+001  4.000000e+000
      vertex  3.487244e+001 -5.999837e+001  0.000000e+000
    endloop
  endfacet
  facet normal  3.587271e-002 -9.993564e-001  0.000000e+000
    outer loop
      vertex  3.487244e+001 -5.999837e+001  0.000000e+000
      vertex  3.548563e+001 -5.997636e+001  4.000000e+000
      vertex  3.487244e+001 -5.999837e+001  4.000000e+000
    endloop
  endfacet
  facet normal -8.679729e-002 -9.962260e-001  -0.000000e+000
    outer loop
      vertex  3.487244e+001 -5.999837e+001  0.000000e+000
      vertex  3.487244e+001 -5.999837e+001  4.000000e+000
      vertex  3.426118e+001 -5.994511e+001  0.000000e+000
    endloop
  endfacet
  facet normal -8.679729e-002 -9.962260e-001  0.000000e+000
    outer loop
      vertex  3.426118e+001 -5.994511e+001  0.000000e+000
      vertex  3.487244e+001 -5.999837e+001  4.000000e+000
      vertex  3.426118e+001 -5.994511e+001  4.000000e+000
    endloop
  endfacet
  facet normal -2.081732e-001 -9.780920e-001  -0.000000e+000
    outer loop
      vertex  3.426118e+001 -5.994511e+001  0.000000e+000
      vertex  3.426118e+001 -5.994511e+001  4.000000e+000
      vertex  3.366104e+001 -5.981738e+001  0.000000e+000
    endloop
  endfacet
  facet normal -2.081732e-001 -9.780920e-001  0.000000e+000
    outer loop
      vertex  3.366104e+001 -5.981738e+001  0.000000e+000
      vertex  3.426118e+001 -5.994511e+001  4.000000e+000
      vertex  3.366104e+001 -5.981738e+001  4.000000e+000
    endloop
  endfacet
  facet normal -3.264043e-001 -9.452302e-001  -0.000000e+000
    outer loop
      vertex  3.366104e+001 -5.981738e+001  0.000000e+000
      vertex  3.366104e+001 -5.981738e+001  4.000000e+000
      vertex  3.308106e+001 -5.961711e+001  0.000000e+000
    endloop
  endfacet
  facet normal -3.264043e-001 -9.452302e-001  0.000000e+000
    outer loop
      vertex  3.308106e+001 -5.961711e+001  0.000000e+000
      vertex  3.366104e+001 -5.981738e+001  4.000000e+000
      vertex  3.308106e+001 -5.961711e+001  4.000000e+000
    endloop
  endfacet
  facet normal -4.397250e-001 -8.981324e-001  -0.000000e+000
    outer loop
      vertex  3.308106e+001 -5.961711e+001  0.000000e+000
      vertex  3.308106e+001 -5.961711e+001  4.000000e+000
      vertex  3.252999e+001 -5.934730e+001  0.000000e+000
    endloop
  endfacet
  facet normal -4.397250e-001 -8.981324e-001  0.000000e+000
    outer loop
      vertex  3.252999e+001 -5.934730e+001  0.000000e+000
      vertex  3.308106e+001 -5.961711e+001  4.000000e+000
      vertex  3.252999e+001 -5.934730e+001  4.000000e+000
    endloop
  endfacet
  facet normal -5.464204e-001 -8.375110e-001  -0.000000e+000
    outer loop
      vertex  3.252999e+001 -5.934730e+001  0.000000e+000
      vertex  3.252999e+001 -5.934730e+001  4.000000e+000
      vertex  3.201611e+001 -5.901203e+001  0.000000e+000
    endloop
  endfacet
  facet normal -5.464204e-001 -8.375110e-001  0.000000e+000
    outer loop
      vertex  3.201611e+001 -5.901203e+001  0.000000e+000
      vertex  3.252999e+001 -5.934730e+001  4.000000e+000
      vertex  3.201611e+001 -5.901203e+001  4.000000e+000
    endloop
  endfacet
  facet normal -6.448853e-001 -7.642792e-001  -0.000000e+000
    outer loop
      vertex  3.201611e+001 -5.901203e+001  0.000000e+000
      vertex  3.201611e+001 -5.901203e+001  4.000000e+000
      vertex  3.154716e+001 -5.861634e+001  0.000000e+000
    endloop
  endfacet
  facet normal -6.448853e-001 -7.642792e-001  0.000000e+000
    outer loop
      vertex  3.154716e+001 -5.861634e+001  0.000000e+000
      vertex  3.201611e+001 -5.901203e+001  4.000000e+000
      vertex  3.154716e+001 -5.861634e+001  4.000000e+000
    endloop
  endfacet
  facet normal -7.336472e-001 -6.795306e-001  -0.000000e+000
    outer loop
      vertex  3.154716e+001 -5.861634e+001  0.000000e+000
      vertex  3.154716e+001 -5.861634e+001  4.000000e+000
      vertex  3.113021e+001 -5.816619e+001  0.000000e+000
    endloop
  endfacet
  facet normal -7.336472e-001 -6.795306e-001  0.000000e+000
    outer loop
      vertex  3.113021e+001 -5.816619e+001  0.000000e+000
      vertex  3.154716e+001 -5.861634e+001  4.000000e+000
      vertex  3.113021e+001 -5.816619e+001  4.000000e+000
    endloop
  endfacet
  facet normal -7.336472e-001  6.795306e-001  0.000000e+000
    outer loop
      vertex  3.113021e+001  5.816619e+001  0.000000e+000
      vertex  3.113021e+001  5.816619e+001  4.000000e+000
      vertex  3.154716e+001  5.861634e+001  0.000000e+000
    endloop
  endfacet
  facet normal -7.336472e-001  6.795306e-001  0.000000e+000
    outer loop
      vertex  3.154716e+001  5.861634e+001  0.000000e+000
      vertex  3.113021e+001  5.816619e+001  4.000000e+000
      vertex  3.154716e+001  5.861634e+001  4.000000e+000
    endloop
  endfacet
  facet normal -6.448853e-001  7.642792e-001  0.000000e+000
    outer loop
      vertex  3.154716e+001  5.861634e+001  0.000000e+000
      vertex  3.154716e+001  5.861634e+001  4.000000e+000
      vertex  3.201611e+001  5.901203e+001  0.000000e+000
    endloop
  endfacet
  facet normal -6.448853e-001  7.642792e-001  0.000000e+000
    outer loop
      vertex  3.201611e+001  5.901203e+001  0.000000e+000
      vertex  3.154716e+001  5.861634e+001  4.000000e+000
      vertex  3.201611e+001  5.901203e+001  4.000000e+000
    endloop
  endfacet
  facet normal -5.464204e-001  8.375110e-001  0.000000e+000
    outer loop
      vertex  3.201611e+001  5.901203e+001  0.000000e+000
      vertex  3.201611e+001  5.901203e+001  4.000000e+000
      vertex  3.252999e+001  5.934730e+001  0.000000e+000
    endloop
  endfacet
  facet normal -5.464204e-001  8.375110e-001  0.000000e+000
    outer loop
      vertex  3.252999e+001  5.934730e+001  0.000000e+000
      vertex  3.201611e+001  5.901203e+001  4.000000e+000
      vertex  3.252999e+001  5.934730e+001  4.000000e+000
    endloop
  endfacet
  facet normal -4.397250e-001  8.981324e-001  0.000000e+000
    outer loop
      vertex  3.252999e+001  5.934730e+001  0.000000e+000
      vertex  3.252999e+001  5.934730e+001  4.000000e+000
      vertex  3.308106e+001  5.961711e+001  0.000000e+000
    endloop
  endfacet
  facet normal -4.397250e-001  8.981324e-001  0.000000e+000
    outer loop
      vertex  3.308106e+001  5.961711e+001  0.000000e+000
      vertex  3.252999e+001  5.934730e+001  4.000000e+000
      vertex  3.308106e+001  5.961711e+001  4.000000e+000
    endloop
  endfacet
  facet normal -3.264043e-001  9.452302e-001  0.000000e+000
    outer loop
      vertex  3.308106e+001  5.961711e+001  0.000000e+000
      vertex  3.308106e+001  5.961711e+001  4.000000e+000
      vertex  3.366104e+001  5.981738e+001  0.000000e+000
    endloop
  endfacet
  facet normal -3.264043e-001  9.452302e-001  0.000000e+000
    outer loop
      vertex  3.366104e+001  5.981738e+001  0.000000e+000
      vertex  3.308106e+001  5.961711e+001  4.000000e+000
      vertex  3.366104e+001  5.981738e+001  4.000000e+000
    endloop
  endfacet
  facet normal -2.081732e-001  9.780920e-001  0.000000e+000
    outer loop
      vertex  3.366104e+001  5.981738e+001  0.000000e+000
      vertex  3.366104e+001  5.981738e+001  4.000000e+000
      vertex  3.426118e+001  5.994511e+001  0.000000e+000
    endloop
  endfacet
  facet normal -2.081732e-001  9.780920e-001  0.000000e+000
    outer loop
      vertex  3.426118e+001  5.994511e+001  0.000000e+000
      vertex  3.366104e+001  5.981738e+001  4.000000e+000
      vertex  3.426118e+001  5.994511e+001  4.000000e+000
    endloop
  endfacet
  facet normal -8.679729e-002  9.962260e-001  0.000000e+000
    outer loop
      vertex  3.426118e+001  5.994511e+001  0.000000e+000
      vertex  3.426118e+001  5.994511e+001  4.000000e+000
      vertex  3.487244e+001  5.999837e+001  0.000000e+000
    endloop
  endfacet
  facet normal -8.679729e-002  9.962260e-001  0.000000e+000
    outer loop
      vertex  3.487244e+001  5.999837e+001  0.000000e+000
      vertex  3.426118e+001  5.994511e+001  4.000000e+000
      vertex  3.487244e+001  5.999837e+001  4.000000e+000
    endloop
  endfacet
  facet normal  3.587271e-002  9.993564e-001  0.000000e+000
    outer loop
      vertex  3.487244e+001  5.999837e+001  0.000000e+000
      vertex  3.487244e+001  5.999837e+001  4.000000e+000
      vertex  3.548563e+001  5.997636e+001  0.000000e+000
    endloop
  endfacet
  facet normal  3.587271e-002  9.993564e-001  -0.000000e+000
    outer loop
      vertex  3.548563e+001  5.997636e+001  0.000000e+000
      vertex  3.487244e+001  5.999837e+001  4.000000e+000
      vertex  3.548563e+001  5.997636e+001  4.000000e+000
    endloop
  endfacet
  facet normal  1.580077e-001  9.874379e-001  0.000000e+000
    outer loop
      vertex  3.548563e+001  5.997636e+001  0.000000e+000
      vertex  3.548563e+001  5.997636e+001  4.000000e+000
      vertex  3.609150e+001  5.987941e+001  0.000000e+000
    endloop
  endfacet
  facet normal  1.580077e-001  9.874379e-001  -0.000000e+000
    outer loop
      vertex  3.609150e+001  5.987941e+001  0.000000e+000
      vertex  3.548563e+001  5.997636e+001  4.000000e+000
      vertex  3.609150e+001  5.987941e+001  4.000000e+000
    endloop
  endfacet
  facet normal  2.777694e-001  9.606477e-001  0.000000e+000
    outer loop
      vertex  3.609150e+001  5.987941e+001  0.000000e+000
      vertex  3.609150e+001  5.987941e+001  4.000000e+000
      vertex  3.668093e+001  5.970898e+001  0.000000e+000
    endloop
  endfacet
  facet normal  2.777694e-001  9.606477e-001  -0.000000e+000
    outer loop
      vertex  3.668093e+001  5.970898e+001  0.000000e+000
      vertex  3.609150e+001  5.987941e+001  4.000000e+000
      vertex  3.668093e+001  5.970898e+001  4.000000e+000
    endloop
  endfacet
  facet normal  3.933385e-001  9.193938e-001  0.000000e+000
    outer loop
      vertex  3.668093e+001  5.970898e+001  0.000000e+000
      vertex  3.668093e+001  5.970898e+001  4.000000e+000
      vertex  3.724505e+001  5.946763e+001  0.000000e+000
    endloop
  endfacet
  facet normal  3.933385e-001  9.193938e-001  -0.000000e+000
    outer loop
      vertex  3.724505e+001  5.946763e+001  0.000000e+000
      vertex  3.668093e+001  5.970898e+001  4.000000e+000
      vertex  3.724505e+001  5.946763e+001  4.000000e+000
    endloop
  endfacet
  facet normal  5.029875e-001  8.642938e-001  0.000000e+000
    outer loop
      vertex  3.724505e+001  5.946763e+001  0.000000e+000
      vertex  3.724505e+001  5.946763e+001  4.000000e+000
      vertex  3.777537e+001  5.915901e+001  0.000000e+000
    endloop
  endfacet
  facet normal  5.029875e-001  8.642938e-001  -0.000000e+000
    outer loop
      vertex  3.777537e+001  5.915901e+001  0.000000e+000
      vertex  3.724505e+001  5.946763e+001  4.000000e+000
      vertex  3.777537e+001  5.915901e+001  4.000000e+000
    endloop
  endfacet
  facet normal  6.050670e-001  7.961745e-001  0.000000e+000
    outer loop
      vertex  3.777537e+001  5.915901e+001  0.000000e+000
      vertex  3.777537e+001  5.915901e+001  4.000000e+000
      vertex  3.826389e+001  5.878775e+001  0.000000e+000
    endloop
  endfacet
  facet normal  6.050670e-001  7.961745e-001  -0.000000e+000
    outer loop
      vertex  3.826389e+001  5.878775e+001  0.000000e+000
      vertex  3.777537e+001  5.915901e+001  4.000000e+000
      vertex  3.826389e+001  5.878775e+001  4.000000e+000
    endloop
  endfacet
  facet normal  6.980282e-001  7.160703e-001  0.000000e+000
    outer loop
      vertex  3.826389e+001  5.878775e+001  0.000000e+000
      vertex  3.826389e+001  5.878775e+001  4.000000e+000
      vertex  3.870325e+001  5.835946e+001  0.000000e+000
    endloop
  endfacet
  facet normal  6.980282e-001  7.160703e-001  -0.000000e+000
    outer loop
      vertex  3.870325e+001  5.835946e+001  0.000000e+000
      vertex  3.826389e+001  5.878775e+001  4.000000e+000
      vertex  3.870325e+001  5.835946e+001  4.000000e+000
    endloop
  endfacet
  facet normal  7.804816e-001  6.251786e-001  0.000000e+000
    outer loop
      vertex  3.870325e+001  5.835946e+001  0.000000e+000
      vertex  3.870325e+001  5.835946e+001  4.000000e+000
      vertex  3.908685e+001  5.788057e+001  0.000000e+000
    endloop
  endfacet
  facet normal  7.804816e-001  6.251786e-001  -0.000000e+000
    outer loop
      vertex  3.908685e+001  5.788057e+001  0.000000e+000
      vertex  3.870325e+001  5.835946e+001  4.000000e+000
      vertex  3.908685e+001  5.788057e+001  4.000000e+000
    endloop
  endfacet
  facet normal  8.511798e-001  5.248742e-001  0.000000e+000
    outer loop
      vertex  3.908685e+001  5.788057e+001  0.000000e+000
      vertex  3.908685e+001  5.788057e+001  4.000000e+000
      vertex  3.940890e+001  5.735830e+001  0.000000e+000
    endloop
  endfacet
  facet normal  8.511798e-001  5.248742e-001  -0.000000e+000
    outer loop
      vertex  3.940890e+001  5.735830e+001  0.000000e+000
      vertex  3.908685e+001  5.788057e+001  4.000000e+000
      vertex  3.940890e+001  5.735830e+001  4.000000e+000
    endloop
  endfacet
  facet normal  9.090568e-001  4.166723e-001  0.000000e+000
    outer loop
      vertex  3.940890e+001  5.735830e+001  0.000000e+000
      vertex  3.940890e+001  5.735830e+001  4.000000e+000
      vertex  3.966456e+001  5.680052e+001  0.000000e+000
    endloop
  endfacet
  facet normal  9.090568e-001  4.166723e-001  -0.000000e+000
    outer loop
      vertex  3.966456e+001  5.680052e+001  0.000000e+000
      vertex  3.940890e+001  5.735830e+001  4.000000e+000
      vertex  3.966456e+001  5.680052e+001  4.000000e+000
    endloop
  endfacet
  facet normal  9.532502e-001  3.021824e-001  0.000000e+000
    outer loop
      vertex  3.966456e+001  5.680052e+001  0.000000e+000
      vertex  3.966456e+001  5.680052e+001  4.000000e+000
      vertex  3.984998e+001  5.621563e+001  0.000000e+000
    endloop
  endfacet
  facet normal  9.532502e-001  3.021824e-001  -0.000000e+000
    outer loop
      vertex  3.984998e+001  5.621563e+001  0.000000e+000
      vertex  3.966456e+001  5.680052e+001  4.000000e+000
      vertex  3.984998e+001  5.621563e+001  4.000000e+000
    endloop
  endfacet
  facet normal  9.830851e-001  1.831495e-001  0.000000e+000
    outer loop
      vertex  3.984998e+001  5.621563e+001  0.000000e+000
      vertex  3.984998e+001  5.621563e+001  4.000000e+000
      vertex  3.996235e+001  5.561242e+001  0.000000e+000
    endloop
  endfacet
  facet normal  9.830851e-001  1.831495e-001  -0.000000e+000
    outer loop
      vertex  3.996235e+001  5.561242e+001  0.000000e+000
      vertex  3.984998e+001  5.621563e+001  4.000000e+000
      vertex  3.996235e+001  5.561242e+001  4.000000e+000
    endloop
  endfacet
  facet normal  9.981160e-001  6.135681e-002  0.000000e+000
    outer loop
      vertex  3.996235e+001  5.561242e+001  0.000000e+000
      vertex  3.996235e+001  5.561242e+001  4.000000e+000
      vertex  4.000000e+001  5.500000e+001  0.000000e+000
    endloop
  endfacet
  facet normal  9.981160e-001  6.135681e-002  -0.000000e+000
    outer loop
      vertex  4.000000e+001  5.500000e+001  0.000000e+000
      vertex  3.996235e+001  5.561242e+001  4.000000e+000
      vertex  4.000000e+001  5.500000e+001  4.000000e+000
    endloop
  endfacet
  facet normal -7.739573e-001  6.332378e-001  0.000000e+000
    outer loop
      vertex  3.113021e+001  5.816619e+001  4.000000e+000
      vertex  3.113021e+001  5.816619e+001  0.000000e+000
      vertex  2.444879e+001  5.000000e+001  4.000000e+000
    endloop
  endfacet
  facet normal -7.739573e-001  6.332378e-001  0.000000e+000
    outer loop
      vertex  2.444879e+001  5.000000e+001  4.000000e+000
      vertex  3.113021e+001  5.816619e+001  0.000000e+000
      vertex  2.444879e+001  5.000000e+001  0.000000e+000
    endloop
  endfacet
  facet normal -7.739573e-001  6.332378e-001 -2.405942e-015
    outer loop
      vertex  0.000000e+000  2.011815e+001  4.000000e+000
      vertex  1.243450e-014  2.011815e+001  0.000000e+000
      vertex -1.386979e+001  3.166189e+000  4.000000e+000
    endloop
  endfacet
  facet normal -7.739573e-001  6.332378e-001  0.000000e+000
    outer loop
      vertex -1.386979e+001  3.166189e+000  4.000000e+000
      vertex  1.243450e-014  2.011815e+001  0.000000e+000
      vertex -1.386979e+001  3.166189e+000  0.000000e+000
    endloop
  endfacet
  facet normal -7.739573e-001 -6.332378e-001  0.000000e+000
    outer loop
      vertex -1.386979e+001 -3.166189e+000  4.000000e+000
      vertex -1.386979e+001 -3.166189e+000  0.000000e+000
      vertex -1.065814e-014 -2.011815e+001  4.000000e+000
    endloop
  endfacet
  facet normal -7.739573e-001 -6.332378e-001  -0.000000e+000
    outer loop
      vertex -1.065814e-014 -2.011815e+001  4.000000e+000
      vertex -1.386979e+001 -3.166189e+000  0.000000e+000
      vertex -1.065814e-014 -2.011815e+001  0.000000e+000
    endloop
  endfacet
  facet normal -7.739573e-001 -6.332378e-001  0.000000e+000
    outer loop
      vertex  2.444879e+001 -5.000000e+001  4.000000e+000
      vertex  2.444879e+001 -5.000000e+001  0.000000e+000
      vertex  3.113021e+001 -5.816619e+001  4.000000e+000
    endloop
  endfacet
  facet normal -7.739573e-001 -6.332378e-001  -0.000000e+000
    outer loop
      vertex  3.113021e+001 -5.816619e+001  4.000000e+000
      vertex  2.444879e+001 -5.000000e+001  0.000000e+000
      vertex  3.113021e+001 -5.816619e+001  0.000000e+000
    endloop
  endfacet
  facet normal  0.000000e+000  0.000000e+000  9.999999e-001
    outer loop
      vertex  3.342517e+001  5.687681e+001  4.000000e+000
      vertex  3.377500e+001  5.712176e+001  4.000000e+000
      vertex  3.366104e+001  5.981738e+001  4.000000e+000
    endloop
  endfacet
  facet normal  0.000000e+000  0.000000e+000  1.000000e+000
    outer loop
      vertex  3.712176e+001  5.622500e+001  4.000000e+000
      vertex  3.730225e+001  5.583795e+001  4.000000e+000
      vertex  3.724505e+001  5.946763e+001  4.000000e+000
    endloop
  endfacet
  facet normal  0.000000e+000  0.000000e+000  1.000000e+000
    outer loop
      vertex  4.000000e+001  5.500000e+001  4.000000e+000
      vertex  3.996235e+001  5.561242e+001  4.000000e+000
      vertex  3.984998e+001  5.621563e+001  4.000000e+000
    endloop
  endfacet
  facet normal  0.000000e+000  0.000000e+000  1.000000e+000
    outer loop
      vertex  4.000000e+001  5.500000e+001  4.000000e+000
      vertex  3.984998e+001  5.621563e+001  4.000000e+000
      vertex  3.966456e+001  5.680052e+001  4.000000e+000
    endloop
  endfacet
  facet normal  0.000000e+000  0.000000e+000  1.000000e+000
    outer loop
      vertex  4.000000e+001  5.500000e+001  4.000000e+000
      vertex  3.966456e+001  5.680052e+001  4.000000e+000
      vertex  3.940890e+001  5.735830e+001  4.000000e+000
    endloop
  endfacet
  facet normal  0.000000e+000  0.000000e+000  1.000000e+000
    outer loop
      vertex  4.000000e+001  5.500000e+001  4.000000e+000
      vertex  3.940890e+001  5.735830e+001  4.000000e+000
      vertex  3.908685e+001  5.788057e+001  4.000000e+000
    endloop
  endfacet
  facet normal  0.000000e+000  0.000000e+000  1.000000e+000
    outer loop
      vertex  4.000000e+001  5.500000e+001  4.000000e+000
      vertex  3.908685e+001  5.788057e+001  4.000000e+000
      vertex  3.870325e+001  5.835946e+001  4.000000e+000
    endloop
  endfacet
  facet normal  0.000000e+000  0.000000e+000  1.000000e+000
    outer loop
      vertex  4.000000e+001  5.500000e+001  4.000000e+000
      vertex  3.870325e+001  5.835946e+001  4.000000e+000
      vertex  3.826389e+001  5.878775e+001  4.000000e+000
    endloop
  endfacet
  facet normal  0.000000e+000  0.000000e+000  1.000000e+000
    outer loop
      vertex  4.000000e+001  5.500000e+001  4.000000e+000
      vertex  3.826389e+001  5.878775e+001  4.000000e+000
      vertex  3.777537e+001  5.915901e+001  4.000000e+000
    endloop
  endfacet
  facet normal  0.000000e+000  0.000000e+000  1.000000e+000
    outer loop
      vertex  4.000000e+001  5.500000e+001  4.000000e+000
      vertex  3.777537e+001  5.915901e+001  4.000000e+000
      vertex  3.745000e+001  5.500000e+001  4.000000e+000
    endloop
  endfacet
  facet normal  -0.000000e+000  0.000000e+000  1.000000e+000
    outer loop
      vertex  4.000000e+001  5.500000e+001  4.000000e+000
      vertex  3.745000e+001  5.500000e+001  4.000000e+000
      vertex  4.000000e+001  5.000000e+001  4.000000e+000
    endloop
  endfacet
  facet normal  0.000000e+000  0.000000e+000  9.999999e-001
    outer loop
      vertex  2.444879e+001  5.000000e+001  4.000000e+000
      vertex  4.000000e+001  5.000000e+001  4.000000e+000
      vertex  3.416205e+001  5.269775e+001  4.000000e+000
    endloop
  endfacet
  facet normal  0.000000e+000  0.000000e+000  1.000000e+000
    outer loop
      vertex  2.444879e+001  5.000000e+001  4.000000e+000
      vertex  3.416205e+001  5.269775e+001  4.000000e+000
      vertex  3.377500e+001  5.287824e+001  4.000000e+000
    endloop
  endfacet
  facet normal  0.000000e+000  0.000000e+000  1.000000e+000
    outer loop
      vertex  2.444879e+001  5.000000e+001  4.000000e+000
      vertex  3.377500e+001  5.287824e+001  4.000000e+000
      vertex  3.342517e+001  5.312319e+001  4.000000e+000
    endloop
  endfacet
  facet normal  0.000000e+000  0.000000e+000  1.000000e+000
    outer loop
      vertex  2.444879e+001  5.000000e+001  4.000000e+000
      vertex  3.342517e+001  5.312319e+001  4.000000e+000
      vertex  3.312319e+001  5.342517e+001  4.000000e+000
    endloop
  endfacet
  facet normal  0.000000e+000  0.000000e+000  1.000000e+000
    outer loop
      vertex  2.444879e+001  5.000000e+001  4.000000e+000
      vertex  3.312319e+001  5.342517e+001  4.000000e+000
      vertex  3.287824e+001  5.377500e+001  4.000000e+000
    endloop
  endfacet
  facet normal  0.000000e+000  0.000000e+000  1.000000e+000
    outer loop
      vertex  2.444879e+001  5.000000e+001  4.000000e+000
      vertex  3.287824e+001  5.377500e+001  4.000000e+000
      vertex  3.269775e+001  5.416205e+001  4.000000e+000
    endloop
  endfacet
  facet normal  0.000000e+000  0.000000e+000  1.000000e+000
    outer loop
      vertex  2.444879e+001  5.000000e+001  4.000000e+000
      vertex  3.269775e+001  5.416205e+001  4.000000e+000
      vertex  3.258722e+001  5.457456e+001  4.000000e+000
    endloop
  endfacet
  facet normal  0.000000e+000  0.000000e+000  1.000000e+000
    outer loop
      vertex  2.444879e+001  5.000000e+001  4.000000e+000
      vertex  3.258722e+001  5.457456e+001  4.000000e+000
      vertex  3.255000e+001  5.500000e+001  4.000000e+000
    endloop
  endfacet
  facet normal  0.000000e+000  0.000000e+000  1.000000e+000
    outer loop
      vertex  2.444879e+001  5.000000e+001  4.000000e+000
      vertex  3.255000e+001  5.500000e+001  4.000000e+000
      vertex  3.113021e+001  5.816619e+001  4.000000e+000
    endloop
  endfacet
  facet normal  0.000000e+000  0.000000e+000  9.999999e-001
    outer loop
      vertex  4.000000e+001  5.000000e+001  4.000000e+000
      vertex  3.745000e+001  5.500000e+001  4.000000e+000
      vertex  3.741278e+001  5.457456e+001  4.000000e+000
    endloop
  endfacet
  facet normal  0.000000e+000  0.000000e+000  1.000000e+000
    outer loop
      vertex  4.000000e+001  5.000000e+001  4.000000e+000
      vertex  3.741278e+001  5.457456e+001  4.000000e+000
      vertex  3.730225e+001  5.416205e+001  4.000000e+000
    endloop
  endfacet
  facet normal  0.000000e+000  0.000000e+000  1.000000e+000
    outer loop
      vertex  4.000000e+001  5.000000e+001  4.000000e+000
      vertex  3.730225e+001  5.416205e+001  4.000000e+000
      vertex  3.712176e+001  5.377500e+001  4.000000e+000
    endloop
  endfacet
  facet normal  0.000000e+000  0.000000e+000  1.000000e+000
    outer loop
      vertex  4.000000e+001  5.000000e+001  4.000000e+000
      vertex  3.712176e+001  5.377500e+001  4.000000e+000
      vertex  3.687681e+001  5.342517e+001  4.000000e+000
    endloop
  endfacet
  facet normal  0.000000e+000  0.000000e+000  1.000000e+000
    outer loop
      vertex  4.000000e+001  5.000000e+001  4.000000e+000
      vertex  3.687681e+001  5.342517e+001  4.000000e+000
      vertex  3.657483e+001  5.312319e+001  4.000000e+000
    endloop
  endfacet
  facet normal  0.000000e+000  0.000000e+000  1.000000e+000
    outer loop
      vertex  4.000000e+001  5.000000e+001  4.000000e+000
      vertex  3.657483e+001  5.312319e+001  4.000000e+000
      vertex  3.622500e+001  5.287824e+001  4.000000e+000
    endloop
  endfacet
  facet normal  0.000000e+000  0.000000e+000  1.000000e+000
    outer loop
      vertex  4.000000e+001  5.000000e+001  4.000000e+000
      vertex  3.622500e+001  5.287824e+001  4.000000e+000
      vertex  3.583795e+001  5.269775e+001  4.000000e+000
    endloop
  endfacet
  facet normal  0.000000e+000  0.000000e+000  1.000000e+000
    outer loop
      vertex  4.000000e+001  5.000000e+001  4.000000e+000
      vertex  3.583795e+001  5.269775e+001  4.000000e+000
      vertex  3.542544e+001  5.258722e+001  4.000000e+000
    endloop
  endfacet
  facet normal  0.000000e+000  0.000000e+000  9.999999e-001
    outer loop
      vertex  4.000000e+001  5.000000e+001  4.000000e+000
      vertex  3.542544e+001  5.258722e+001  4.000000e+000
      vertex  3.500000e+001  5.255000e+001  4.000000e+000
    endloop
  endfacet
  facet normal  0.000000e+000  0.000000e+000  1.000000e+000
    outer loop
      vertex  4.000000e+001  5.000000e+001  4.000000e+000
      vertex  3.500000e+001  5.255000e+001  4.000000e+000
      vertex  3.457456e+001  5.258722e+001  4.000000e+000
    endloop
  endfacet
  facet normal  0.000000e+000  0.000000e+000  1.000000e+000
    outer loop
      vertex  4.000000e+001  5.000000e+001  4.000000e+000
      vertex  3.457456e+001  5.258722e+001  4.000000e+000
      vertex  3.416205e+001  5.269775e+001  4.000000e+000
    endloop
  endfacet
  facet normal  0.000000e+000  0.000000e+000  1.000000e+000
    outer loop
      vertex  3.255000e+001  5.500000e+001  4.000000e+000
      vertex  3.258722e+001  5.542544e+001  4.000000e+000
      vertex  3.252999e+001  5.934730e+001  4.000000e+000
    endloop
  endfacet
  facet normal  0.000000e+000  0.000000e+000  1.000000e+000
    outer loop
      vertex  3.255000e+001  5.500000e+001  4.000000e+000
      vertex  3.252999e+001  5.934730e+001  4.000000e+000
      vertex  3.201611e+001  5.901203e+001  4.000000e+000
    endloop
  endfacet
  facet normal  0.000000e+000  0.000000e+000  1.000000e+000
    outer loop
      vertex  3.255000e+001  5.500000e+001  4.000000e+000
      vertex  3.201611e+001  5.901203e+001  4.000000e+000
      vertex  3.154716e+001  5.861634e+001  4.000000e+000
    endloop
  endfacet
  facet normal  0.000000e+000  0.000000e+000  9.999999e-001
    outer loop
      vertex  3.255000e+001  5.500000e+001  4.000000e+000
      vertex  3.154716e+001  5.861634e+001  4.000000e+000
      vertex  3.113021e+001  5.816619e+001  4.000000e+000
    endloop
  endfacet
  facet normal  0.000000e+000  -0.000000e+000  9.999999e-001
    outer loop
      vertex  3.252999e+001  5.934730e+001  4.000000e+000
      vertex  3.258722e+001  5.542544e+001  4.000000e+000
      vertex  3.308106e+001  5.961711e+001  4.000000e+000
    endloop
  endfacet
  facet normal  0.000000e+000  0.000000e+000  1.000000e+000
    outer loop
      vertex  3.308106e+001  5.961711e+001  4.000000e+000
      vertex  3.258722e+001  5.542544e+001  4.000000e+000
      vertex  3.269775e+001  5.583795e+001  4.000000e+000
    endloop
  endfacet
  facet normal  0.000000e+000  0.000000e+000  1.000000e+000
    outer loop
      vertex  3.308106e+001  5.961711e+001  4.000000e+000
      vertex  3.269775e+001  5.583795e+001  4.000000e+000
      vertex  3.287824e+001  5.622500e+001  4.000000e+000
    endloop
  endfacet
  facet normal  0.000000e+000  0.000000e+000  1.000000e+000
    outer loop
      vertex  3.342517e+001  5.687681e+001  4.000000e+000
      vertex  3.366104e+001  5.981738e+001  4.000000e+000
      vertex  3.312319e+001  5.657483e+001  4.000000e+000
    endloop
  endfacet
  facet normal  0.000000e+000  -0.000000e+000  9.999999e-001
    outer loop
      vertex  3.312319e+001  5.657483e+001  4.000000e+000
      vertex  3.366104e+001  5.981738e+001  4.000000e+000
      vertex  3.308106e+001  5.961711e+001  4.000000e+000
    endloop
  endfacet
  facet normal  0.000000e+000  0.000000e+000  1.000000e+000
    outer loop
      vertex  3.312319e+001  5.657483e+001  4.000000e+000
      vertex  3.308106e+001  5.961711e+001  4.000000e+000
      vertex  3.287824e+001  5.622500e+001  4.000000e+000
    endloop
  endfacet
  facet normal  0.000000e+000  -0.000000e+000  1.000000e+000
    outer loop
      vertex  3.366104e+001  5.981738e+001  4.000000e+000
      vertex  3.377500e+001  5.712176e+001  4.000000e+000
      vertex  3.426118e+001  5.994511e+001  4.000000e+000
    endloop
  endfacet
  facet normal  0.000000e+000  0.000000e+000  1.000000e+000
    outer loop
      vertex  3.426118e+001  5.994511e+001  4.000000e+000
      vertex  3.377500e+001  5.712176e+001  4.000000e+000
      vertex  3.416205e+001  5.730225e+001  4.000000e+000
    endloop
  endfacet
  facet normal  0.000000e+000  0.000000e+000  1.000000e+000
    outer loop
      vertex  3.426118e+001  5.994511e+001  4.000000e+000
      vertex  3.416205e+001  5.730225e+001  4.000000e+000
      vertex  3.487244e+001  5.999837e+001  4.000000e+000
    endloop
  endfacet
  facet normal  0.000000e+000  0.000000e+000  1.000000e+000
    outer loop
      vertex  3.487244e+001  5.999837e+001  4.000000e+000
      vertex  3.416205e+001  5.730225e+001  4.000000e+000
      vertex  3.457456e+001  5.741278e+001  4.000000e+000
    endloop
  endfacet
  facet normal  0.000000e+000  0.000000e+000  1.000000e+000
    outer loop
      vertex  3.487244e+001  5.999837e+001  4.000000e+000
      vertex  3.457456e+001  5.741278e+001  4.000000e+000
      vertex  3.500000e+001  5.745000e+001  4.000000e+000
    endloop
  endfacet
  facet normal  0.000000e+000  -0.000000e+000  1.000000e+000
    outer loop
      vertex  3.487244e+001  5.999837e+001  4.000000e+000
      vertex  3.500000e+001  5.745000e+001  4.000000e+000
      vertex  3.548563e+001  5.997636e+001  4.000000e+000
    endloop
  endfacet
  facet normal  0.000000e+000  0.000000e+000  1.000000e+000
    outer loop
      vertex  3.548563e+001  5.997636e+001  4.000000e+000
      vertex  3.500000e+001  5.745000e+001  4.000000e+000
      vertex  3.542544e+001  5.741278e+001  4.000000e+000
    endloop
  endfacet
  facet normal  0.000000e+000  0.000000e+000  1.000000e+000
    outer loop
      vertex  3.548563e+001  5.997636e+001  4.000000e+000
      vertex  3.542544e+001  5.741278e+001  4.000000e+000
      vertex  3.609150e+001  5.987941e+001  4.000000e+000
    endloop
  endfacet
  facet normal  0.000000e+000  0.000000e+000  1.000000e+000
    outer loop
      vertex  3.609150e+001  5.987941e+001  4.000000e+000
      vertex  3.542544e+001  5.741278e+001  4.000000e+000
      vertex  3.583795e+001  5.730225e+001  4.000000e+000
    endloop
  endfacet
  facet normal  -0.000000e+000  0.000000e+000  1.000000e+000
    outer loop
      vertex  3.609150e+001  5.987941e+001  4.000000e+000
      vertex  3.583795e+001  5.730225e+001  4.000000e+000
      vertex  3.622500e+001  5.712176e+001  4.000000e+000
    endloop
  endfacet
  facet normal  0.000000e+000  -0.000000e+000  1.000000e+000
    outer loop
      vertex  3.609150e+001  5.987941e+001  4.000000e+000
      vertex  3.622500e+001  5.712176e+001  4.000000e+000
      vertex  3.668093e+001  5.970898e+001  4.000000e+000
    endloop
  endfacet
  facet normal  0.000000e+000  0.000000e+000  1.000000e+000
    outer loop
      vertex  3.668093e+001  5.970898e+001  4.000000e+000
      vertex  3.622500e+001  5.712176e+001  4.000000e+000
      vertex  3.657483e+001  5.687681e+001  4.000000e+000
    endloop
  endfacet
  facet normal  0.000000e+000  0.000000e+000  1.000000e+000
    outer loop
      vertex  3.668093e+001  5.970898e+001  4.000000e+000
      vertex  3.657483e+001  5.687681e+001  4.000000e+000
      vertex  3.724505e+001  5.946763e+001  4.000000e+000
    endloop
  endfacet
  facet normal  0.000000e+000  0.000000e+000  9.999999e-001
    outer loop
      vertex  3.724505e+001  5.946763e+001  4.000000e+000
      vertex  3.657483e+001  5.687681e+001  4.000000e+000
      vertex  3.687681e+001  5.657483e+001  4.000000e+000
    endloop
  endfacet
  facet normal  -0.000000e+000  0.000000e+000  1.000000e+000
    outer loop
      vertex  3.724505e+001  5.946763e+001  4.000000e+000
      vertex  3.687681e+001  5.657483e+001  4.000000e+000
      vertex  3.712176e+001  5.622500e+001  4.000000e+000
    endloop
  endfacet
  facet normal  0.000000e+000  -0.000000e+000  1.000000e+000
    outer loop
      vertex  3.724505e+001  5.946763e+001  4.000000e+000
      vertex  3.730225e+001  5.583795e+001  4.000000e+000
      vertex  3.777537e+001  5.915901e+001  4.000000e+000
    endloop
  endfacet
  facet normal  0.000000e+000  0.000000e+000  1.000000e+000
    outer loop
      vertex  3.777537e+001  5.915901e+001  4.000000e+000
      vertex  3.730225e+001  5.583795e+001  4.000000e+000
      vertex  3.741278e+001  5.542544e+001  4.000000e+000
    endloop
  endfacet
  facet normal  -0.000000e+000  0.000000e+000  1.000000e+000
    outer loop
      vertex  3.777537e+001  5.915901e+001  4.000000e+000
      vertex  3.741278e+001  5.542544e+001  4.000000e+000
      vertex  3.745000e+001  5.500000e+001  4.000000e+000
    endloop
  endfacet
  facet normal  0.000000e+000  0.000000e+000  1.000000e+000
    outer loop
      vertex -1.065814e-014 -2.011815e+001  4.000000e+000
      vertex  0.000000e+000  2.011815e+001  4.000000e+000
      vertex -7.550000e+000 -4.500577e-016  4.000000e+000
    endloop
  endfacet
  facet normal  0.000000e+000  0.000000e+000  1.000000e+000
    outer loop
      vertex -1.065814e-014 -2.011815e+001  4.000000e+000
      vertex -7.550000e+000 -4.500577e-016  4.000000e+000
      vertex -7.587221e+000 -4.254380e-001  4.000000e+000
    endloop
  endfacet
  facet normal  0.000000e+000  0.000000e+000  1.000000e+000
    outer loop
      vertex -1.065814e-014 -2.011815e+001  4.000000e+000
      vertex -7.587221e+000 -4.254380e-001  4.000000e+000
      vertex -7.697753e+000 -8.379493e-001  4.000000e+000
    endloop
  endfacet
  facet normal  0.000000e+000  0.000000e+000  9.999999e-001
    outer loop
      vertex -1.065814e-014 -2.011815e+001  4.000000e+000
      vertex -7.697753e+000 -8.379493e-001  4.000000e+000
      vertex -7.878238e+000 -1.225000e+000  4.000000e+000
    endloop
  endfacet
  facet normal  0.000000e+000  0.000000e+000  1.000000e+000
    outer loop
      vertex -1.065814e-014 -2.011815e+001  4.000000e+000
      vertex -7.878238e+000 -1.225000e+000  4.000000e+000
      vertex -8.123191e+000 -1.574830e+000  4.000000e+000
    endloop
  endfacet
  facet normal  0.000000e+000  0.000000e+000  1.000000e+000
    outer loop
      vertex -1.065814e-014 -2.011815e+001  4.000000e+000
      vertex -8.123191e+000 -1.574830e+000  4.000000e+000
      vertex -8.425170e+000 -1.876809e+000  4.000000e+000
    endloop
  endfacet
  facet normal  0.000000e+000  0.000000e+000  1.000000e+000
    outer loop
      vertex -1.065814e-014 -2.011815e+001  4.000000e+000
      vertex -8.425170e+000 -1.876809e+000  4.000000e+000
      vertex -8.775000e+000 -2.121762e+000  4.000000e+000
    endloop
  endfacet
  facet normal  0.000000e+000  0.000000e+000  1.000000e+000
    outer loop
      vertex -1.065814e-014 -2.011815e+001  4.000000e+000
      vertex -8.775000e+000 -2.121762e+000  4.000000e+000
      vertex -9.162050e+000 -2.302247e+000  4.000000e+000
    endloop
  endfacet
  facet normal  0.000000e+000  0.000000e+000  1.000000e+000
    outer loop
      vertex -1.065814e-014 -2.011815e+001  4.000000e+000
      vertex -9.162050e+000 -2.302247e+000  4.000000e+000
      vertex -9.574562e+000 -2.412779e+000  4.000000e+000
    endloop
  endfacet
  facet normal  0.000000e+000  0.000000e+000  1.000000e+000
    outer loop
      vertex -1.065814e-014 -2.011815e+001  4.000000e+000
      vertex -9.574562e+000 -2.412779e+000  4.000000e+000
      vertex -1.000000e+001 -2.450000e+000  4.000000e+000
    endloop
  endfacet
  facet normal  0.000000e+000  0.000000e+000  9.999999e-001
    outer loop
      vertex -1.065814e-014 -2.011815e+001  4.000000e+000
      vertex -1.000000e+001 -2.450000e+000  4.000000e+000
      vertex -1.042544e+001 -2.412779e+000  4.000000e+000
    endloop
  endfacet
  facet normal  0.000000e+000  0.000000e+000  1.000000e+000
    outer loop
      vertex -1.065814e-014 -2.011815e+001  4.000000e+000
      vertex -1.042544e+001 -2.412779e+000  4.000000e+000
      vertex -1.083795e+001 -2.302247e+000  4.000000e+000
    endloop
  endfacet
  facet normal  0.000000e+000  0.000000e+000  1.000000e+000
    outer loop
      vertex -1.065814e-014 -2.011815e+001  4.000000e+000
      vertex -1.083795e+001 -2.302247e+000  4.000000e+000
      vertex -1.122500e+001 -2.121762e+000  4.000000e+000
    endloop
  endfacet
  facet normal  0.000000e+000  0.000000e+000  1.000000e+000
    outer loop
      vertex -1.065814e-014 -2.011815e+001  4.000000e+000
      vertex -1.122500e+001 -2.121762e+000  4.000000e+000
      vertex -1.157483e+001 -1.876809e+000  4.000000e+000
    endloop
  endfacet
  facet normal  0.000000e+000  0.000000e+000  1.000000e+000
    outer loop
      vertex -1.065814e-014 -2.011815e+001  4.000000e+000
      vertex -1.157483e+001 -1.876809e+000  4.000000e+000
      vertex -1.187681e+001 -1.574830e+000  4.000000e+000
    endloop
  endfacet
  facet normal  0.000000e+000  0.000000e+000  1.000000e+000
    outer loop
      vertex -1.065814e-014 -2.011815e+001  4.000000e+000
      vertex -1.187681e+001 -1.574830e+000  4.000000e+000
      vertex -1.212176e+001 -1.225000e+000  4.000000e+000
    endloop
  endfacet
  facet normal  0.000000e+000  0.000000e+000  1.000000e+000
    outer loop
      vertex -1.386979e+001 -3.166189e+000  4.000000e+000
      vertex -1.065814e-014 -2.011815e+001  4.000000e+000
      vertex -1.212176e+001 -1.225000e+000  4.000000e+000
    endloop
  endfacet
  facet normal  0.000000e+000  0.000000e+000  1.000000e+000
    outer loop
      vertex -1.386979e+001 -3.166189e+000  4.000000e+000
      vertex -1.212176e+001 -1.225000e+000  4.000000e+000
      vertex -1.230225e+001 -8.379493e-001  4.000000e+000
    endloop
  endfacet
  facet normal  0.000000e+000  0.000000e+000  1.000000e+000
    outer loop
      vertex -1.386979e+001 -3.166189e+000  4.000000e+000
      vertex -1.230225e+001 -8.379493e-001  4.000000e+000
      vertex -1.241278e+001 -4.254380e-001  4.000000e+000
    endloop
  endfacet
  facet normal  0.000000e+000  0.000000e+000  1.000000e+000
    outer loop
      vertex -1.386979e+001 -3.166189e+000  4.000000e+000
      vertex -1.241278e+001 -4.254380e-001  4.000000e+000
      vertex -1.245000e+001  3.720638e-016  4.000000e+000
    endloop
  endfacet
  facet normal  0.000000e+000  0.000000e+000  1.000000e+000
    outer loop
      vertex -1.245000e+001  3.720638e-016  4.000000e+000
      vertex -1.386979e+001  3.166189e+000  4.000000e+000
      vertex -1.423348e+001  2.660384e+000  4.000000e+000
    endloop
  endfacet
  facet normal  0.000000e+000  0.000000e+000  1.000000e+000
    outer loop
      vertex -1.245000e+001  3.720638e-016  4.000000e+000
      vertex -1.423348e+001  2.660384e+000  4.000000e+000
      vertex -1.453145e+001  2.113277e+000  4.000000e+000
    endloop
  endfacet
  facet normal  0.000000e+000  0.000000e+000  9.999999e-001
    outer loop
      vertex -1.245000e+001  3.720638e-016  4.000000e+000
      vertex -1.453145e+001  2.113277e+000  4.000000e+000
      vertex -1.475908e+001  1.533363e+000  4.000000e+000
    endloop
  endfacet
  facet normal  0.000000e+000  0.000000e+000  1.000000e+000
    outer loop
      vertex -1.245000e+001  3.720638e-016  4.000000e+000
      vertex -1.475908e+001  1.533363e+000  4.000000e+000
      vertex -1.491282e+001  9.296444e-001  4.000000e+000
    endloop
  endfacet
  facet normal  0.000000e+000  0.000000e+000  1.000000e+000
    outer loop
      vertex -1.245000e+001  3.720638e-016  4.000000e+000
      vertex -1.491282e+001  9.296444e-001  4.000000e+000
      vertex -1.499029e+001  3.114934e-001  4.000000e+000
    endloop
  endfacet
  facet normal  0.000000e+000  0.000000e+000  1.000000e+000
    outer loop
      vertex -1.245000e+001  3.720638e-016  4.000000e+000
      vertex -1.499029e+001  3.114934e-001  4.000000e+000
      vertex -1.499029e+001 -3.114934e-001  4.000000e+000
    endloop
  endfacet
  facet normal  -0.000000e+000  0.000000e+000  1.000000e+000
    outer loop
      vertex -1.245000e+001  3.720638e-016  4.000000e+000
      vertex -1.499029e+001 -3.114934e-001  4.000000e+000
      vertex -1.491282e+001 -9.296444e-001  4.000000e+000
    endloop
  endfacet
  facet normal  -0.000000e+000  0.000000e+000  1.000000e+000
    outer loop
      vertex -1.245000e+001  3.720638e-016  4.000000e+000
      vertex -1.491282e+001 -9.296444e-001  4.000000e+000
      vertex -1.475908e+001 -1.533363e+000  4.000000e+000
    endloop
  endfacet
  facet normal  -0.000000e+000  0.000000e+000  9.999999e-001
    outer loop
      vertex -1.245000e+001  3.720638e-016  4.000000e+000
      vertex -1.475908e+001 -1.533363e+000  4.000000e+000
      vertex -1.453145e+001 -2.113277e+000  4.000000e+000
    endloop
  endfacet
  facet normal  -0.000000e+000  0.000000e+000  9.999999e-001
    outer loop
      vertex -1.245000e+001  3.720638e-016  4.000000e+000
      vertex -1.453145e+001 -2.113277e+000  4.000000e+000
      vertex -1.423348e+001 -2.660384e+000  4.000000e+000
    endloop
  endfacet
  facet normal  -0.000000e+000  0.000000e+000  1.000000e+000
    outer loop
      vertex -1.245000e+001  3.720638e-016  4.000000e+000
      vertex -1.423348e+001 -2.660384e+000  4.000000e+000
      vertex -1.386979e+001 -3.166189e+000  4.000000e+000
    endloop
  endfacet
  facet normal  0.000000e+000  0.000000e+000  1.000000e+000
    outer loop
      vertex  0.000000e+000  2.011815e+001  4.000000e+000
      vertex -1.212176e+001  1.225000e+000  4.000000e+000
      vertex -1.187681e+001  1.574830e+000  4.000000e+000
    endloop
  endfacet
  facet normal  0.000000e+000  0.000000e+000  1.000000e+000
    outer loop
      vertex  0.000000e+000  2.011815e+001  4.000000e+000
      vertex -1.187681e+001  1.574830e+000  4.000000e+000
      vertex -1.157483e+001  1.876809e+000  4.000000e+000
    endloop
  endfacet
  facet normal  0.000000e+000  0.000000e+000  1.000000e+000
    outer loop
      vertex  0.000000e+000  2.011815e+001  4.000000e+000
      vertex -1.157483e+001  1.876809e+000  4.000000e+000
      vertex -1.122500e+001  2.121762e+000  4.000000e+000
    endloop
  endfacet
  facet normal  0.000000e+000  0.000000e+000  1.000000e+000
    outer loop
      vertex  0.000000e+000  2.011815e+001  4.000000e+000
      vertex -1.122500e+001  2.121762e+000  4.000000e+000
      vertex -1.083795e+001  2.302247e+000  4.000000e+000
    endloop
  endfacet
  facet normal  0.000000e+000  0.000000e+000  9.999999e-001
    outer loop
      vertex  0.000000e+000  2.011815e+001  4.000000e+000
      vertex -1.083795e+001  2.302247e+000  4.000000e+000
      vertex -1.042544e+001  2.412779e+000  4.000000e+000
    endloop
  endfacet
  facet normal  0.000000e+000  0.000000e+000  9.999999e-001
    outer loop
      vertex  0.000000e+000  2.011815e+001  4.000000e+000
      vertex -1.042544e+001  2.412779e+000  4.000000e+000
      vertex -1.000000e+001  2.450000e+000  4.000000e+000
    endloop
  endfacet
  facet normal  -0.000000e+000  0.000000e+000  1.000000e+000
    outer loop
      vertex  0.000000e+000  2.011815e+001  4.000000e+000
      vertex -1.000000e+001  2.450000e+000  4.000000e+000
      vertex -9.574562e+000  2.412779e+000  4.000000e+000
    endloop
  endfacet
  facet normal  -0.000000e+000  0.000000e+000  1.000000e+000
    outer loop
      vertex  0.000000e+000  2.011815e+001  4.000000e+000
      vertex -9.574562e+000  2.412779e+000  4.000000e+000
      vertex -9.162050e+000  2.302247e+000  4.000000e+000
    endloop
  endfacet
  facet normal  -0.000000e+000  0.000000e+000  1.000000e+000
    outer loop
      vertex  0.000000e+000  2.011815e+001  4.000000e+000
      vertex -9.162050e+000  2.302247e+000  4.000000e+000
      vertex -8.775000e+000  2.121762e+000  4.000000e+000
    endloop
  endfacet
  facet normal  -0.000000e+000  0.000000e+000  1.000000e+000
    outer loop
      vertex  0.000000e+000  2.011815e+001  4.000000e+000
      vertex -8.775000e+000  2.121762e+000  4.000000e+000
      vertex -8.425170e+000  1.876809e+000  4.000000e+000
    endloop
  endfacet
  facet normal  -0.000000e+000  0.000000e+000  1.000000e+000
    outer loop
      vertex  0.000000e+000  2.011815e+001  4.000000e+000
      vertex -8.425170e+000  1.876809e+000  4.000000e+000
      vertex -8.123191e+000  1.574830e+000  4.000000e+000
    endloop
  endfacet
  facet normal  -0.000000e+000  0.000000e+000  1.000000e+000
    outer loop
      vertex  0.000000e+000  2.011815e+001  4.000000e+000
      vertex -8.123191e+000  1.574830e+000  4.000000e+000
      vertex -7.878238e+000  1.225000e+000  4.000000e+000
    endloop
  endfacet
  facet normal  -0.000000e+000  0.000000e+000  9.999999e-001
    outer loop
      vertex  0.000000e+000  2.011815e+001  4.000000e+000
      vertex -7.878238e+000  1.225000e+000  4.000000e+000
      vertex -7.697753e+000  8.379493e-001  4.000000e+000
    endloop
  endfacet
  facet normal  -0.000000e+000  0.000000e+000  1.000000e+000
    outer loop
      vertex  0.000000e+000  2.011815e+001  4.000000e+000
      vertex -7.697753e+000  8.379493e-001  4.000000e+000
      vertex -7.587221e+000  4.254380e-001  4.000000e+000
    endloop
  endfacet
  facet normal  -0.000000e+000  0.000000e+000  1.000000e+000
    outer loop
      vertex  0.000000e+000  2.011815e+001  4.000000e+000
      vertex -7.587221e+000  4.254380e-001  4.000000e+000
      vertex -7.550000e+000 -4.500577e-016  4.000000e+000
    endloop
  endfacet
  facet normal  0.000000e+000  -0.000000e+000  1.000000e+000
    outer loop
      vertex -1.386979e+001  3.166189e+000  4.000000e+000
      vertex -1.245000e+001  3.720638e-016  4.000000e+000
      vertex -1.241278e+001  4.254380e-001  4.000000e+000
    endloop
  endfacet
  facet normal  0.000000e+000  -0.000000e+000  1.000000e+000
    outer loop
      vertex -1.386979e+001  3.166189e+000  4.000000e+000
      vertex -1.241278e+001  4.254380e-001  4.000000e+000
      vertex -1.230225e+001  8.379493e-001  4.000000e+000
    endloop
  endfacet
  facet normal  0.000000e+000  -0.000000e+000  1.000000e+000
    outer loop
      vertex -1.386979e+001  3.166189e+000  4.000000e+000
      vertex -1.230225e+001  8.379493e-001  4.000000e+000
      vertex -1.212176e+001  1.225000e+000  4.000000e+000
    endloop
  endfacet
  facet normal  0.000000e+000  -0.000000e+000  1.000000e+000
    outer loop
      vertex -1.386979e+001  3.166189e+000  4.000000e+000
      vertex -1.212176e+001  1.225000e+000  4.000000e+000
      vertex  0.000000e+000  2.011815e+001  4.000000e+000
    endloop
  endfacet
  facet normal  0.000000e+000  -0.000000e+000  1.000000e+000
    outer loop
      vertex  3.113021e+001 -5.816619e+001  4.000000e+000
      vertex  3.258722e+001 -5.457456e+001  4.000000e+000
      vertex  3.269775e+001 -5.416205e+001  4.000000e+000
    endloop
  endfacet
  facet normal  0.000000e+000  -0.000000e+000  1.000000e+000
    outer loop
      vertex  3.342517e+001 -5.687681e+001  4.000000e+000
      vertex  3.366104e+001 -5.981738e+001  4.000000e+000
      vertex  3.377500e+001 -5.712176e+001  4.000000e+000
    endloop
  endfacet
  facet normal  0.000000e+000  -0.000000e+000  1.000000e+000
    outer loop
      vertex  3.712176e+001 -5.622500e+001  4.000000e+000
      vertex  3.724505e+001 -5.946763e+001  4.000000e+000
      vertex  3.730225e+001 -5.583795e+001  4.000000e+000
    endloop
  endfacet
  facet normal  0.000000e+000  -0.000000e+000  1.000000e+000
    outer loop
      vertex  2.444879e+001 -5.000000e+001  4.000000e+000
      vertex  3.113021e+001 -5.816619e+001  4.000000e+000
      vertex  3.269775e+001 -5.416205e+001  4.000000e+000
    endloop
  endfacet
  facet normal  0.000000e+000  -0.000000e+000  1.000000e+000
    outer loop
      vertex  2.444879e+001 -5.000000e+001  4.000000e+000
      vertex  3.269775e+001 -5.416205e+001  4.000000e+000
      vertex  3.287824e+001 -5.377500e+001  4.000000e+000
    endloop
  endfacet
  facet normal  0.000000e+000  -0.000000e+000  1.000000e+000
    outer loop
      vertex  2.444879e+001 -5.000000e+001  4.000000e+000
      vertex  3.287824e+001 -5.377500e+001  4.000000e+000
      vertex  3.312319e+001 -5.342517e+001  4.000000e+000
    endloop
  endfacet
  facet normal  0.000000e+000  -0.000000e+000  1.000000e+000
    outer loop
      vertex  2.444879e+001 -5.000000e+001  4.000000e+000
      vertex  3.312319e+001 -5.342517e+001  4.000000e+000
      vertex  3.342517e+001 -5.312319e+001  4.000000e+000
    endloop
  endfacet
  facet normal  0.000000e+000  -0.000000e+000  1.000000e+000
    outer loop
      vertex  2.444879e+001 -5.000000e+001  4.000000e+000
      vertex  3.342517e+001 -5.312319e+001  4.000000e+000
      vertex  3.377500e+001 -5.287824e+001  4.000000e+000
    endloop
  endfacet
  facet normal  0.000000e+000  -0.000000e+000  1.000000e+000
    outer loop
      vertex  2.444879e+001 -5.000000e+001  4.000000e+000
      vertex  3.377500e+001 -5.287824e+001  4.000000e+000
      vertex  3.416205e+001 -5.269775e+001  4.000000e+000
    endloop
  endfacet
  facet normal  0.000000e+000  -0.000000e+000  9.999999e-001
    outer loop
      vertex  2.444879e+001 -5.000000e+001  4.000000e+000
      vertex  3.416205e+001 -5.269775e+001  4.000000e+000
      vertex  4.000000e+001 -5.000000e+001  4.000000e+000
    endloop
  endfacet
  facet normal  0.000000e+000  0.000000e+000  9.999999e-001
    outer loop
      vertex  3.255000e+001 -5.500000e+001  4.000000e+000
      vertex  3.258722e+001 -5.457456e+001  4.000000e+000
      vertex  3.113021e+001 -5.816619e+001  4.000000e+000
    endloop
  endfacet
  facet normal  -0.000000e+000  0.000000e+000  9.999999e-001
    outer loop
      vertex  3.255000e+001 -5.500000e+001  4.000000e+000
      vertex  3.113021e+001 -5.816619e+001  4.000000e+000
      vertex  3.154716e+001 -5.861634e+001  4.000000e+000
    endloop
  endfacet
  facet normal  -0.000000e+000  0.000000e+000  1.000000e+000
    outer loop
      vertex  3.255000e+001 -5.500000e+001  4.000000e+000
      vertex  3.154716e+001 -5.861634e+001  4.000000e+000
      vertex  3.201611e+001 -5.901203e+001  4.000000e+000
    endloop
  endfacet
  facet normal  -0.000000e+000  0.000000e+000  1.000000e+000
    outer loop
      vertex  3.255000e+001 -5.500000e+001  4.000000e+000
      vertex  3.201611e+001 -5.901203e+001  4.000000e+000
      vertex  3.252999e+001 -5.934730e+001  4.000000e+000
    endloop
  endfacet
  facet normal  0.000000e+000  0.000000e+000  9.999999e-001
    outer loop
      vertex  3.255000e+001 -5.500000e+001  4.000000e+000
      vertex  3.252999e+001 -5.934730e+001  4.000000e+000
      vertex  3.258722e+001 -5.542544e+001  4.000000e+000
    endloop
  endfacet
  facet normal  -0.000000e+000  0.000000e+000  1.000000e+000
    outer loop
      vertex  4.000000e+001 -5.500000e+001  4.000000e+000
      vertex  3.745000e+001 -5.500000e+001  4.000000e+000
      vertex  3.777537e+001 -5.915901e+001  4.000000e+000
    endloop
  endfacet
  facet normal  0.000000e+000  0.000000e+000  1.000000e+000
    outer loop
      vertex  4.000000e+001 -5.500000e+001  4.000000e+000
      vertex  3.777537e+001 -5.915901e+001  4.000000e+000
      vertex  3.826389e+001 -5.878775e+001  4.000000e+000
    endloop
  endfacet
  facet normal  0.000000e+000  0.000000e+000  1.000000e+000
    outer loop
      vertex  4.000000e+001 -5.500000e+001  4.000000e+000
      vertex  3.826389e+001 -5.878775e+001  4.000000e+000
      vertex  3.870325e+001 -5.835946e+001  4.000000e+000
    endloop
  endfacet
  facet normal  0.000000e+000  0.000000e+000  1.000000e+000
    outer loop
      vertex  4.000000e+001 -5.500000e+001  4.000000e+000
      vertex  3.870325e+001 -5.835946e+001  4.000000e+000
      vertex  3.908685e+001 -5.788057e+001  4.000000e+000
    endloop
  endfacet
  facet normal  0.000000e+000  0.000000e+000  1.000000e+000
    outer loop
      vertex  4.000000e+001 -5.500000e+001  4.000000e+000
      vertex  3.908685e+001 -5.788057e+001  4.000000e+000
      vertex  3.940890e+001 -5.735830e+001  4.000000e+000
    endloop
  endfacet
  facet normal  0.000000e+000  0.000000e+000  1.000000e+000
    outer loop
      vertex  4.000000e+001 -5.500000e+001  4.000000e+000
      vertex  3.940890e+001 -5.735830e+001  4.000000e+000
      vertex  3.966456e+001 -5.680052e+001  4.000000e+000
    endloop
  endfacet
  facet normal  0.000000e+000  0.000000e+000  1.000000e+000
    outer loop
      vertex  4.000000e+001 -5.500000e+001  4.000000e+000
      vertex  3.966456e+001 -5.680052e+001  4.000000e+000
      vertex  3.984998e+001 -5.621563e+001  4.000000e+000
    endloop
  endfacet
  facet normal  0.000000e+000  0.000000e+000  1.000000e+000
    outer loop
      vertex  4.000000e+001 -5.500000e+001  4.000000e+000
      vertex  3.984998e+001 -5.621563e+001  4.000000e+000
      vertex  3.996235e+001 -5.561242e+001  4.000000e+000
    endloop
  endfacet
  facet normal  0.000000e+000  0.000000e+000  1.000000e+000
    outer loop
      vertex  3.777537e+001 -5.915901e+001  4.000000e+000
      vertex  3.745000e+001 -5.500000e+001  4.000000e+000
      vertex  3.741278e+001 -5.542544e+001  4.000000e+000
    endloop
  endfacet
  facet normal  0.000000e+000  0.000000e+000  1.000000e+000
    outer loop
      vertex  3.777537e+001 -5.915901e+001  4.000000e+000
      vertex  3.741278e+001 -5.542544e+001  4.000000e+000
      vertex  3.730225e+001 -5.583795e+001  4.000000e+000
    endloop
  endfacet
  facet normal  0.000000e+000  0.000000e+000  1.000000e+000
    outer loop
      vertex  3.777537e+001 -5.915901e+001  4.000000e+000
      vertex  3.730225e+001 -5.583795e+001  4.000000e+000
      vertex  3.724505e+001 -5.946763e+001  4.000000e+000
    endloop
  endfacet
  facet normal  0.000000e+000  0.000000e+000  1.000000e+000
    outer loop
      vertex  4.000000e+001 -5.000000e+001  4.000000e+000
      vertex  3.416205e+001 -5.269775e+001  4.000000e+000
      vertex  3.457456e+001 -5.258722e+001  4.000000e+000
    endloop
  endfacet
  facet normal  0.000000e+000  0.000000e+000  1.000000e+000
    outer loop
      vertex  4.000000e+001 -5.000000e+001  4.000000e+000
      vertex  3.457456e+001 -5.258722e+001  4.000000e+000
      vertex  3.500000e+001 -5.255000e+001  4.000000e+000
    endloop
  endfacet
  facet normal  -0.000000e+000  0.000000e+000  9.999999e-001
    outer loop
      vertex  4.000000e+001 -5.000000e+001  4.000000e+000
      vertex  3.500000e+001 -5.255000e+001  4.000000e+000
      vertex  3.542544e+001 -5.258722e+001  4.000000e+000
    endloop
  endfacet
  facet normal  -0.000000e+000  0.000000e+000  1.000000e+000
    outer loop
      vertex  4.000000e+001 -5.000000e+001  4.000000e+000
      vertex  3.542544e+001 -5.258722e+001  4.000000e+000
      vertex  3.583795e+001 -5.269775e+001  4.000000e+000
    endloop
  endfacet
  facet normal  -0.000000e+000  0.000000e+000  1.000000e+000
    outer loop
      vertex  4.000000e+001 -5.000000e+001  4.000000e+000
      vertex  3.583795e+001 -5.269775e+001  4.000000e+000
      vertex  3.622500e+001 -5.287824e+001  4.000000e+000
    endloop
  endfacet
  facet normal  -0.000000e+000  0.000000e+000  1.000000e+000
    outer loop
      vertex  4.000000e+001 -5.000000e+001  4.000000e+000
      vertex  3.622500e+001 -5.287824e+001  4.000000e+000
      vertex  3.657483e+001 -5.312319e+001  4.000000e+000
    endloop
  endfacet
  facet normal  -0.000000e+000  0.000000e+000  1.000000e+000
    outer loop
      vertex  4.000000e+001 -5.000000e+001  4.000000e+000
      vertex  3.657483e+001 -5.312319e+001  4.000000e+000
      vertex  3.687681e+001 -5.342517e+001  4.000000e+000
    endloop
  endfacet
  facet normal  -0.000000e+000  0.000000e+000  1.000000e+000
    outer loop
      vertex  4.000000e+001 -5.000000e+001  4.000000e+000
      vertex  3.687681e+001 -5.342517e+001  4.000000e+000
      vertex  3.712176e+001 -5.377500e+001  4.000000e+000
    endloop
  endfacet
  facet normal  -0.000000e+000  0.000000e+000  1.000000e+000
    outer loop
      vertex  4.000000e+001 -5.000000e+001  4.000000e+000
      vertex  3.712176e+001 -5.377500e+001  4.000000e+000
      vertex  3.730225e+001 -5.416205e+001  4.000000e+000
    endloop
  endfacet
  facet normal  -0.000000e+000  0.000000e+000  1.000000e+000
    outer loop
      vertex  4.000000e+001 -5.000000e+001  4.000000e+000
      vertex  3.730225e+001 -5.416205e+001  4.000000e+000
      vertex  3.741278e+001 -5.457456e+001  4.000000e+000
    endloop
  endfacet
  facet normal  -0.000000e+000  0.000000e+000  9.999999e-001
    outer loop
      vertex  4.000000e+001 -5.000000e+001  4.000000e+000
      vertex  3.741278e+001 -5.457456e+001  4.000000e+000
      vertex  3.745000e+001 -5.500000e+001  4.000000e+000
    endloop
  endfacet
  facet normal  0.000000e+000  0.000000e+000  1.000000e+000
    outer loop
      vertex  4.000000e+001 -5.000000e+001  4.000000e+000
      vertex  3.745000e+001 -5.500000e+001  4.000000e+000
      vertex  4.000000e+001 -5.500000e+001  4.000000e+000
    endloop
  endfacet
  facet normal  0.000000e+000  0.000000e+000  1.000000e+000
    outer loop
      vertex  3.258722e+001 -5.542544e+001  4.000000e+000
      vertex  3.252999e+001 -5.934730e+001  4.000000e+000
      vertex  3.269775e+001 -5.583795e+001  4.000000e+000
    endloop
  endfacet
  facet normal  0.000000e+000  0.000000e+000  1.000000e+000
    outer loop
      vertex  3.269775e+001 -5.583795e+001  4.000000e+000
      vertex  3.252999e+001 -5.934730e+001  4.000000e+000
      vertex  3.308106e+001 -5.961711e+001  4.000000e+000
    endloop
  endfacet
  facet normal  0.000000e+000  0.000000e+000  1.000000e+000
    outer loop
      vertex  3.269775e+001 -5.583795e+001  4.000000e+000
      vertex  3.308106e+001 -5.961711e+001  4.000000e+000
      vertex  3.287824e+001 -5.622500e+001  4.000000e+000
    endloop
  endfacet
  facet normal  0.000000e+000  0.000000e+000  9.999999e-001
    outer loop
      vertex  3.366104e+001 -5.981738e+001  4.000000e+000
      vertex  3.342517e+001 -5.687681e+001  4.000000e+000
      vertex  3.308106e+001 -5.961711e+001  4.000000e+000
    endloop
  endfacet
  facet normal  0.000000e+000  0.000000e+000  9.999999e-001
    outer loop
      vertex  3.308106e+001 -5.961711e+001  4.000000e+000
      vertex  3.342517e+001 -5.687681e+001  4.000000e+000
      vertex  3.312319e+001 -5.657483e+001  4.000000e+000
    endloop
  endfacet
  facet normal  0.000000e+000  0.000000e+000  1.000000e+000
    outer loop
      vertex  3.308106e+001 -5.961711e+001  4.000000e+000
      vertex  3.312319e+001 -5.657483e+001  4.000000e+000
      vertex  3.287824e+001 -5.622500e+001  4.000000e+000
    endloop
  endfacet
  facet normal  0.000000e+000  0.000000e+000  1.000000e+000
    outer loop
      vertex  3.377500e+001 -5.712176e+001  4.000000e+000
      vertex  3.366104e+001 -5.981738e+001  4.000000e+000
      vertex  3.416205e+001 -5.730225e+001  4.000000e+000
    endloop
  endfacet
  facet normal  0.000000e+000  0.000000e+000  1.000000e+000
    outer loop
      vertex  3.416205e+001 -5.730225e+001  4.000000e+000
      vertex  3.366104e+001 -5.981738e+001  4.000000e+000
      vertex  3.426118e+001 -5.994511e+001  4.000000e+000
    endloop
  endfacet
  facet normal  0.000000e+000  -0.000000e+000  1.000000e+000
    outer loop
      vertex  3.416205e+001 -5.730225e+001  4.000000e+000
      vertex  3.426118e+001 -5.994511e+001  4.000000e+000
      vertex  3.457456e+001 -5.741278e+001  4.000000e+000
    endloop
  endfacet
  facet normal  0.000000e+000  0.000000e+000  1.000000e+000
    outer loop
      vertex  3.457456e+001 -5.741278e+001  4.000000e+000
      vertex  3.426118e+001 -5.994511e+001  4.000000e+000
      vertex  3.487244e+001 -5.999837e+001  4.000000e+000
    endloop
  endfacet
  facet normal  0.000000e+000  -0.000000e+000  1.000000e+000
    outer loop
      vertex  3.457456e+001 -5.741278e+001  4.000000e+000
      vertex  3.487244e+001 -5.999837e+001  4.000000e+000
      vertex  3.500000e+001 -5.745000e+001  4.000000e+000
    endloop
  endfacet
  facet normal  0.000000e+000  0.000000e+000  1.000000e+000
    outer loop
      vertex  3.500000e+001 -5.745000e+001  4.000000e+000
      vertex  3.487244e+001 -5.999837e+001  4.000000e+000
      vertex  3.542544e+001 -5.741278e+001  4.000000e+000
    endloop
  endfacet
  facet normal  0.000000e+000  0.000000e+000  1.000000e+000
    outer loop
      vertex  3.542544e+001 -5.741278e+001  4.000000e+000
      vertex  3.487244e+001 -5.999837e+001  4.000000e+000
      vertex  3.548563e+001 -5.997636e+001  4.000000e+000
    endloop
  endfacet
  facet normal  0.000000e+000  -0.000000e+000  9.999999e-001
    outer loop
      vertex  3.542544e+001 -5.741278e+001  4.000000e+000
      vertex  3.548563e+001 -5.997636e+001  4.000000e+000
      vertex  3.583795e+001 -5.730225e+001  4.000000e+000
    endloop
  endfacet
  facet normal  0.000000e+000  0.000000e+000  9.999999e-001
    outer loop
      vertex  3.583795e+001 -5.730225e+001  4.000000e+000
      vertex  3.548563e+001 -5.997636e+001  4.000000e+000
      vertex  3.609150e+001 -5.987941e+001  4.000000e+000
    endloop
  endfacet
  facet normal  0.000000e+000  -0.000000e+000  1.000000e+000
    outer loop
      vertex  3.583795e+001 -5.730225e+001  4.000000e+000
      vertex  3.609150e+001 -5.987941e+001  4.000000e+000
      vertex  3.622500e+001 -5.712176e+001  4.000000e+000
    endloop
  endfacet
  facet normal  0.000000e+000  0.000000e+000  9.999999e-001
    outer loop
      vertex  3.622500e+001 -5.712176e+001  4.000000e+000
      vertex  3.609150e+001 -5.987941e+001  4.000000e+000
      vertex  3.657483e+001 -5.687681e+001  4.000000e+000
    endloop
  endfacet
  facet normal  0.000000e+000  0.000000e+000  1.000000e+000
    outer loop
      vertex  3.657483e+001 -5.687681e+001  4.000000e+000
      vertex  3.609150e+001 -5.987941e+001  4.000000e+000
      vertex  3.668093e+001 -5.970898e+001  4.000000e+000
    endloop
  endfacet
  facet normal  0.000000e+000  -0.000000e+000  1.000000e+000
    outer loop
      vertex  3.657483e+001 -5.687681e+001  4.000000e+000
      vertex  3.668093e+001 -5.970898e+001  4.000000e+000
      vertex  3.687681e+001 -5.657483e+001  4.000000e+000
    endloop
  endfacet
  facet normal  0.000000e+000  0.000000e+000  1.000000e+000
    outer loop
      vertex  3.687681e+001 -5.657483e+001  4.000000e+000
      vertex  3.668093e+001 -5.970898e+001  4.000000e+000
      vertex  3.724505e+001 -5.946763e+001  4.000000e+000
    endloop
  endfacet
  facet normal  0.000000e+000  0.000000e+000  1.000000e+000
    outer loop
      vertex  3.687681e+001 -5.657483e+001  4.000000e+000
      vertex  3.724505e+001 -5.946763e+001  4.000000e+000
      vertex  3.712176e+001 -5.622500e+001  4.000000e+000
    endloop
  endfacet
  facet normal  0.000000e+000  1.000000e+000  -0.000000e+000
    outer loop
      vertex  4.000000e+001  5.000000e+001  3.500000e+001
      vertex  4.000000e+001  5.000000e+001  4.000000e+000
      vertex -3.552714e-015  5.000000e+001  3.500000e+001
    endloop
  endfacet
  facet normal  0.000000e+000  1.000000e+000  0.000000e+000
    outer loop
      vertex -3.552714e-015  5.000000e+001  3.500000e+001
      vertex  4.000000e+001  5.000000e+001  4.000000e+000
      vertex  2.444879e+001  5.000000e+001  4.000000e+000
    endloop
  endfacet
  facet normal  0.000000e+000  1.000000e+000  0.000000e+000
    outer loop
      vertex -3.552714e-015  5.000000e+001  3.500000e+001
      vertex  2.444879e+001  5.000000e+001  4.000000e+000
      vertex -3.552714e-015  5.000000e+001  0.000000e+000
    endloop
  endfacet
  facet normal  0.000000e+000  1.000000e+000  0.000000e+000
    outer loop
      vertex -3.552714e-015  5.000000e+001  0.000000e+000
      vertex  2.444879e+001  5.000000e+001  4.000000e+000
      vertex  2.444879e+001  5.000000e+001  0.000000e+000
    endloop
  endfacet
  facet normal -9.999999e-001  2.648887e-016 -1.338958e-017
    outer loop
      vertex  0.000000e+000  2.075000e+001  1.650000e+001
      vertex  0.000000e+000  2.011815e+001  4.000000e+000
      vertex -1.065814e-014 -2.011815e+001  4.000000e+000
    endloop
  endfacet
  facet normal -1.000000e+000  0.000000e+000  8.526512e-016
    outer loop
      vertex  0.000000e+000  2.075000e+001  1.650000e+001
      vertex -1.065814e-014 -2.011815e+001  4.000000e+000
      vertex  0.000000e+000 -2.075000e+001  1.650000e+001
    endloop
  endfacet
  facet normal -9.999999e-001  0.000000e+000  0.000000e+000
    outer loop
      vertex  0.000000e+000  2.075000e+001  1.650000e+001
      vertex  0.000000e+000 -2.075000e+001  1.650000e+001
      vertex  0.000000e+000 -2.078363e+001  1.684141e+001
    endloop
  endfacet
  facet normal -1.000000e+000  0.000000e+000  0.000000e+000
    outer loop
      vertex  0.000000e+000  2.075000e+001  1.650000e+001
      vertex  0.000000e+000 -2.078363e+001  1.684141e+001
      vertex  0.000000e+000 -2.088321e+001  1.716970e+001
    endloop
  endfacet
  facet normal -9.999999e-001  0.000000e+000  0.000000e+000
    outer loop
      vertex  0.000000e+000  2.075000e+001  1.650000e+001
      vertex  0.000000e+000 -2.088321e+001  1.716970e+001
      vertex  0.000000e+000 -2.104493e+001  1.747225e+001
    endloop
  endfacet
  facet normal -1.000000e+000  0.000000e+000  0.000000e+000
    outer loop
      vertex  0.000000e+000  2.075000e+001  1.650000e+001
      vertex  0.000000e+000 -2.104493e+001  1.747225e+001
      vertex  0.000000e+000 -2.126256e+001  1.773744e+001
    endloop
  endfacet
  facet normal -1.000000e+000  0.000000e+000  0.000000e+000
    outer loop
      vertex  0.000000e+000  2.075000e+001  1.650000e+001
      vertex  0.000000e+000 -2.126256e+001  1.773744e+001
      vertex  0.000000e+000 -2.152775e+001  1.795507e+001
    endloop
  endfacet
  facet normal -9.999999e-001 -5.350141e-016 -6.338355e-016
    outer loop
      vertex -3.552714e-015  5.000000e+001  0.000000e+000
      vertex  1.243450e-014  2.011815e+001  0.000000e+000
      vertex  0.000000e+000  2.421637e+001  1.615859e+001
    endloop
  endfacet
  facet normal -1.000000e+000 -1.297788e-016  1.278241e-017
    outer loop
      vertex -3.552714e-015  5.000000e+001  0.000000e+000
      vertex  0.000000e+000  2.421637e+001  1.615859e+001
      vertex  0.000000e+000  2.425000e+001  1.650000e+001
    endloop
  endfacet
  facet normal -1.000000e+000 -1.472637e-016 -1.450456e-017
    outer loop
      vertex -3.552714e-015  5.000000e+001  0.000000e+000
      vertex  0.000000e+000  2.425000e+001  1.650000e+001
      vertex  0.000000e+000  2.421637e+001  1.684141e+001
    endloop
  endfacet
  facet normal -1.000000e+000 -1.718372e-016 -5.212582e-017
    outer loop
      vertex -3.552714e-015  5.000000e+001  0.000000e+000
      vertex  0.000000e+000  2.421637e+001  1.684141e+001
      vertex  0.000000e+000  2.411679e+001  1.716970e+001
    endloop
  endfacet
  facet normal -1.000000e+000 -2.126629e-016 -1.136703e-016
    outer loop
      vertex -3.552714e-015  5.000000e+001  0.000000e+000
      vertex  0.000000e+000  2.411679e+001  1.716970e+001
      vertex  0.000000e+000  2.395507e+001  1.747225e+001
    endloop
  endfacet
  facet normal -1.000000e+000 -3.035027e-016 -2.490802e-016
    outer loop
      vertex -3.552714e-015  5.000000e+001  0.000000e+000
      vertex  0.000000e+000  2.395507e+001  1.747225e+001
      vertex  0.000000e+000  2.373744e+001  1.773744e+001
    endloop
  endfacet
  facet normal -1.000000e+000 -7.640887e-016 -9.310372e-016
    outer loop
      vertex -3.552714e-015  5.000000e+001  0.000000e+000
      vertex  0.000000e+000  2.373744e+001  1.773744e+001
      vertex  0.000000e+000  2.347225e+001  1.795507e+001
    endloop
  endfacet
  facet normal -1.000000e+000 -1.339244e-016  0.000000e+000
    outer loop
      vertex -3.552714e-015  5.000000e+001  3.500000e+001
      vertex -3.552714e-015  5.000000e+001  0.000000e+000
      vertex  0.000000e+000  2.347225e+001  1.795507e+001
    endloop
  endfacet
  facet normal -1.000000e+000 -6.081677e-017 -1.137806e-016
    outer loop
      vertex -3.552714e-015  5.000000e+001  3.500000e+001
      vertex  0.000000e+000  2.347225e+001  1.795507e+001
      vertex  0.000000e+000  2.316970e+001  1.811679e+001
    endloop
  endfacet
  facet normal -1.000000e+000 -4.306986e-017 -1.419834e-016
    outer loop
      vertex -3.552714e-015  5.000000e+001  3.500000e+001
      vertex  0.000000e+000  2.316970e+001  1.811679e+001
      vertex  0.000000e+000  2.284141e+001  1.821637e+001
    endloop
  endfacet
  facet normal -1.000000e+000  1.000528e-016 -3.735788e-016
    outer loop
      vertex -3.552714e-015  5.000000e+001  3.500000e+001
      vertex  0.000000e+000  2.284141e+001  1.821637e+001
      vertex -8.881784e-015 -3.500000e+001  2.650000e+001
    endloop
  endfacet
  facet normal -1.000000e+000 -5.921190e-016  6.548139e-015
    outer loop
      vertex -3.552714e-015  5.000000e+001  3.500000e+001
      vertex -8.881784e-015 -3.500000e+001  2.650000e+001
      vertex  0.000000e+000 -5.000000e+001  2.650000e+001
    endloop
  endfacet
  facet normal -9.999999e-001 -3.552714e-017  0.000000e+000
    outer loop
      vertex -3.552714e-015  5.000000e+001  3.500000e+001
      vertex  0.000000e+000 -5.000000e+001  2.650000e+001
      vertex  0.000000e+000 -5.000000e+001  3.500000e+001
    endloop
  endfacet
  facet normal -1.000000e+000  6.149854e-014 -3.108624e-015
    outer loop
      vertex  1.243450e-014  2.011815e+001  0.000000e+000
      vertex  0.000000e+000  2.011815e+001  4.000000e+000
      vertex  0.000000e+000  2.075000e+001  1.650000e+001
    endloop
  endfacet
  facet normal -1.000000e+000 -5.509310e-015 -5.426330e-016
    outer loop
      vertex  1.243450e-014  2.011815e+001  0.000000e+000
      vertex  0.000000e+000  2.075000e+001  1.650000e+001
      vertex  0.000000e+000  2.078363e+001  1.615859e+001
    endloop
  endfacet
  facet normal -9.999999e-001 -2.233566e-015 -6.775413e-016
    outer loop
      vertex  1.243450e-014  2.011815e+001  0.000000e+000
      vertex  0.000000e+000  2.078363e+001  1.615859e+001
      vertex  0.000000e+000  2.088321e+001  1.583030e+001
    endloop
  endfacet
  facet normal -1.000000e+000 -1.347697e-015 -7.203543e-016
    outer loop
      vertex  1.243450e-014  2.011815e+001  0.000000e+000
      vertex  0.000000e+000  2.088321e+001  1.583030e+001
      vertex  0.000000e+000  2.104493e+001  1.552775e+001
    endloop
  endfacet
  facet normal -1.000000e+000 -9.096107e-016 -7.465016e-016
    outer loop
      vertex  1.243450e-014  2.011815e+001  0.000000e+000
      vertex  0.000000e+000  2.104493e+001  1.552775e+001
      vertex  0.000000e+000  2.126256e+001  1.526256e+001
    endloop
  endfacet
  facet normal -1.000000e+000 -6.298527e-016 -7.674783e-016
    outer loop
      vertex  1.243450e-014  2.011815e+001  0.000000e+000
      vertex  0.000000e+000  2.126256e+001  1.526256e+001
      vertex  0.000000e+000  2.152775e+001  1.504493e+001
    endloop
  endfacet
  facet normal -1.000000e+000 -4.207010e-016 -7.870743e-016
    outer loop
      vertex  1.243450e-014  2.011815e+001  0.000000e+000
      vertex  0.000000e+000  2.152775e+001  1.504493e+001
      vertex  0.000000e+000  2.183030e+001  1.488321e+001
    endloop
  endfacet
  facet normal -1.000000e+000 -2.448919e-016 -8.072993e-016
    outer loop
      vertex  1.243450e-014  2.011815e+001  0.000000e+000
      vertex  0.000000e+000  2.183030e+001  1.488321e+001
      vertex  0.000000e+000  2.215859e+001  1.478363e+001
    endloop
  endfacet
  facet normal -1.000000e+000 -8.172973e-017 -8.298190e-016
    outer loop
      vertex  1.243450e-014  2.011815e+001  0.000000e+000
      vertex  0.000000e+000  2.215859e+001  1.478363e+001
      vertex  0.000000e+000  2.250000e+001  1.475000e+001
    endloop
  endfacet
  facet normal -1.000000e+000  8.437148e-017 -8.566412e-016
    outer loop
      vertex  1.243450e-014  2.011815e+001  0.000000e+000
      vertex  0.000000e+000  2.250000e+001  1.475000e+001
      vertex  0.000000e+000  2.284141e+001  1.478363e+001
    endloop
  endfacet
  facet normal -1.000000e+000  2.702461e-016 -8.908808e-016
    outer loop
      vertex  1.243450e-014  2.011815e+001  0.000000e+000
      vertex  0.000000e+000  2.284141e+001  1.478363e+001
      vertex  0.000000e+000  2.316970e+001  1.488321e+001
    endloop
  endfacet
  facet normal -1.000000e+000  5.015343e-016 -9.383024e-016
    outer loop
      vertex  1.243450e-014  2.011815e+001  0.000000e+000
      vertex  0.000000e+000  2.316970e+001  1.488321e+001
      vertex  0.000000e+000  2.347225e+001  1.504493e+001
    endloop
  endfacet
  facet normal -1.000000e+000  8.301724e-016 -1.011569e-015
    outer loop
      vertex  1.243450e-014  2.011815e+001  0.000000e+000
      vertex  0.000000e+000  2.347225e+001  1.504493e+001
      vertex  0.000000e+000  2.373744e+001  1.526256e+001
    endloop
  endfacet
  facet normal -1.000000e+000  1.396126e-015 -1.145776e-015
    outer loop
      vertex  1.243450e-014  2.011815e+001  0.000000e+000
      vertex  0.000000e+000  2.373744e+001  1.526256e+001
      vertex  0.000000e+000  2.395507e+001  1.552775e+001
    endloop
  endfacet
  facet normal -1.000000e+000  2.786268e-015 -1.489281e-015
    outer loop
      vertex  1.243450e-014  2.011815e+001  0.000000e+000
      vertex  0.000000e+000  2.395507e+001  1.552775e+001
      vertex  0.000000e+000  2.411679e+001  1.583030e+001
    endloop
  endfacet
  facet normal -1.000000e+000  1.547721e-014 -4.694936e-015
    outer loop
      vertex  1.243450e-014  2.011815e+001  0.000000e+000
      vertex  0.000000e+000  2.411679e+001  1.583030e+001
      vertex  0.000000e+000  2.421637e+001  1.615859e+001
    endloop
  endfacet
  facet normal -1.000000e+000  4.131062e-016 -4.440892e-016
    outer loop
      vertex  0.000000e+000 -3.500000e+001  6.500000e+000
      vertex -8.881784e-015 -3.500000e+001  2.650000e+001
      vertex  0.000000e+000 -2.425000e+001  1.650000e+001
    endloop
  endfacet
  facet normal -1.000000e+000  0.000000e+000  -0.000000e+000
    outer loop
      vertex  0.000000e+000 -3.500000e+001  6.500000e+000
      vertex  0.000000e+000 -2.425000e+001  1.650000e+001
      vertex  0.000000e+000 -2.421637e+001  1.615859e+001
    endloop
  endfacet
  facet normal -1.000000e+000  0.000000e+000  -0.000000e+000
    outer loop
      vertex  0.000000e+000 -3.500000e+001  6.500000e+000
      vertex  0.000000e+000 -2.421637e+001  1.615859e+001
      vertex  0.000000e+000 -2.411679e+001  1.583030e+001
    endloop
  endfacet
  facet normal -1.000000e+000  0.000000e+000  -0.000000e+000
    outer loop
      vertex  0.000000e+000 -3.500000e+001  6.500000e+000
      vertex  0.000000e+000 -2.411679e+001  1.583030e+001
      vertex  0.000000e+000 -2.395507e+001  1.552775e+001
    endloop
  endfacet
  facet normal -1.000000e+000  0.000000e+000  -0.000000e+000
    outer loop
      vertex  0.000000e+000 -3.500000e+001  6.500000e+000
      vertex  0.000000e+000 -2.395507e+001  1.552775e+001
      vertex  0.000000e+000 -2.373744e+001  1.526256e+001
    endloop
  endfacet
  facet normal -1.000000e+000  0.000000e+000  -0.000000e+000
    outer loop
      vertex  0.000000e+000 -3.500000e+001  6.500000e+000
      vertex  0.000000e+000 -2.373744e+001  1.526256e+001
      vertex  0.000000e+000 -2.347225e+001  1.504493e+001
    endloop
  endfacet
  facet normal -1.000000e+000  0.000000e+000  -0.000000e+000
    outer loop
      vertex  0.000000e+000 -3.500000e+001  6.500000e+000
      vertex  0.000000e+000 -2.347225e+001  1.504493e+001
      vertex  0.000000e+000 -2.316970e+001  1.488321e+001
    endloop
  endfacet
  facet normal -1.000000e+000  0.000000e+000  -0.000000e+000
    outer loop
      vertex  0.000000e+000 -3.500000e+001  6.500000e+000
      vertex  0.000000e+000 -2.316970e+001  1.488321e+001
      vertex  0.000000e+000 -2.284141e+001  1.478363e+001
    endloop
  endfacet
  facet normal -1.000000e+000  0.000000e+000  -0.000000e+000
    outer loop
      vertex  0.000000e+000 -3.500000e+001  6.500000e+000
      vertex  0.000000e+000 -2.284141e+001  1.478363e+001
      vertex  0.000000e+000 -2.250000e+001  1.475000e+001
    endloop
  endfacet
  facet normal -1.000000e+000  0.000000e+000  -0.000000e+000
    outer loop
      vertex  0.000000e+000 -3.500000e+001  6.500000e+000
      vertex  0.000000e+000 -2.250000e+001  1.475000e+001
      vertex  0.000000e+000 -2.215859e+001  1.478363e+001
    endloop
  endfacet
  facet normal -1.000000e+000  0.000000e+000  -0.000000e+000
    outer loop
      vertex  0.000000e+000 -3.500000e+001  6.500000e+000
      vertex  0.000000e+000 -2.215859e+001  1.478363e+001
      vertex  0.000000e+000 -2.183030e+001  1.488321e+001
    endloop
  endfacet
  facet normal -1.000000e+000  0.000000e+000  -0.000000e+000
    outer loop
      vertex  0.000000e+000 -3.500000e+001  6.500000e+000
      vertex  0.000000e+000 -2.183030e+001  1.488321e+001
      vertex  0.000000e+000 -2.152775e+001  1.504493e+001
    endloop
  endfacet
  facet normal -1.000000e+000 -3.566761e-016  0.000000e+000
    outer loop
      vertex -1.065814e-014 -2.011815e+001  0.000000e+000
      vertex  0.000000e+000 -5.000000e+001  0.000000e+000
      vertex  0.000000e+000 -5.000000e+001  6.500000e+000
    endloop
  endfacet
  facet normal -1.000000e+000  0.000000e+000  1.639714e-015
    outer loop
      vertex -1.065814e-014 -2.011815e+001  0.000000e+000
      vertex  0.000000e+000 -5.000000e+001  6.500000e+000
      vertex  0.000000e+000 -3.500000e+001  6.500000e+000
    endloop
  endfacet
  facet normal -9.999999e-001 -4.241204e-016  6.686838e-016
    outer loop
      vertex -1.065814e-014 -2.011815e+001  0.000000e+000
      vertex  0.000000e+000 -3.500000e+001  6.500000e+000
      vertex  0.000000e+000 -2.152775e+001  1.504493e+001
    endloop
  endfacet
  facet normal -1.000000e+000 -5.398739e-016  6.578386e-016
    outer loop
      vertex -1.065814e-014 -2.011815e+001  0.000000e+000
      vertex  0.000000e+000 -2.152775e+001  1.504493e+001
      vertex  0.000000e+000 -2.126256e+001  1.526256e+001
    endloop
  endfacet
  facet normal -1.000000e+000 -7.796664e-016  6.398585e-016
    outer loop
      vertex -1.065814e-014 -2.011815e+001  0.000000e+000
      vertex  0.000000e+000 -2.126256e+001  1.526256e+001
      vertex  0.000000e+000 -2.104493e+001  1.552775e+001
    endloop
  endfacet
  facet normal -1.000000e+000 -1.155169e-015  6.174466e-016
    outer loop
      vertex -1.065814e-014 -2.011815e+001  0.000000e+000
      vertex  0.000000e+000 -2.104493e+001  1.552775e+001
      vertex  0.000000e+000 -2.088321e+001  1.583030e+001
    endloop
  endfacet
  facet normal -1.000000e+000 -1.914485e-015  5.807497e-016
    outer loop
      vertex -1.065814e-014 -2.011815e+001  0.000000e+000
      vertex  0.000000e+000 -2.088321e+001  1.583030e+001
      vertex  0.000000e+000 -2.078363e+001  1.615859e+001
    endloop
  endfacet
  facet normal -1.000000e+000 -4.722266e-015  4.651140e-016
    outer loop
      vertex -1.065814e-014 -2.011815e+001  0.000000e+000
      vertex  0.000000e+000 -2.078363e+001  1.615859e+001
      vertex  0.000000e+000 -2.075000e+001  1.650000e+001
    endloop
  endfacet
  facet normal -1.000000e+000 -1.686817e-014  0.000000e+000
    outer loop
      vertex -1.065814e-014 -2.011815e+001  0.000000e+000
      vertex  0.000000e+000 -2.075000e+001  1.650000e+001
      vertex -1.065814e-014 -2.011815e+001  4.000000e+000
    endloop
  endfacet
  facet normal -1.000000e+000 -3.382042e-016 -3.433761e-015
    outer loop
      vertex -8.881784e-015 -3.500000e+001  2.650000e+001
      vertex  0.000000e+000  2.284141e+001  1.821637e+001
      vertex  0.000000e+000  2.250000e+001  1.825000e+001
    endloop
  endfacet
  facet normal -1.000000e+000  6.287473e-017 -6.383621e-016
    outer loop
      vertex -8.881784e-015 -3.500000e+001  2.650000e+001
      vertex  0.000000e+000  2.250000e+001  1.825000e+001
      vertex  0.000000e+000  2.215859e+001  1.821637e+001
    endloop
  endfacet
  facet normal -9.999999e-001  1.051518e-016 -3.466420e-016
    outer loop
      vertex -8.881784e-015 -3.500000e+001  2.650000e+001
      vertex  0.000000e+000  2.215859e+001  1.821637e+001
      vertex  0.000000e+000  2.183030e+001  1.811679e+001
    endloop
  endfacet
  facet normal -1.000000e+000  1.224833e-016 -2.291509e-016
    outer loop
      vertex -8.881784e-015 -3.500000e+001  2.650000e+001
      vertex  0.000000e+000  2.183030e+001  1.811679e+001
      vertex  0.000000e+000  2.152775e+001  1.795507e+001
    endloop
  endfacet
  facet normal -1.000000e+000  1.326834e-016 -1.616739e-016
    outer loop
      vertex -8.881784e-015 -3.500000e+001  2.650000e+001
      vertex  0.000000e+000  2.152775e+001  1.795507e+001
      vertex  0.000000e+000  2.126256e+001  1.773744e+001
    endloop
  endfacet
  facet normal -1.000000e+000  1.399723e-016 -1.148732e-016
    outer loop
      vertex -8.881784e-015 -3.500000e+001  2.650000e+001
      vertex  0.000000e+000  2.126256e+001  1.773744e+001
      vertex  0.000000e+000  2.104493e+001  1.747225e+001
    endloop
  endfacet
  facet normal -1.000000e+000  1.459132e-016 -7.799194e-017
    outer loop
      vertex -8.881784e-015 -3.500000e+001  2.650000e+001
      vertex  0.000000e+000  2.104493e+001  1.747225e+001
      vertex  0.000000e+000  2.088321e+001  1.716970e+001
    endloop
  endfacet
  facet normal -1.000000e+000  1.512733e-016 -4.588788e-017
    outer loop
      vertex -8.881784e-015 -3.500000e+001  2.650000e+001
      vertex  0.000000e+000  2.088321e+001  1.716970e+001
      vertex  0.000000e+000  2.078363e+001  1.684141e+001
    endloop
  endfacet
  facet normal -1.000000e+000  1.565488e-016 -1.541909e-017
    outer loop
      vertex -8.881784e-015 -3.500000e+001  2.650000e+001
      vertex  0.000000e+000  2.078363e+001  1.684141e+001
      vertex  0.000000e+000  2.075000e+001  1.650000e+001
    endloop
  endfacet
  facet normal -1.000000e+000 -3.782633e-017 -1.099060e-015
    outer loop
      vertex -8.881784e-015 -3.500000e+001  2.650000e+001
      vertex  0.000000e+000  2.075000e+001  1.650000e+001
      vertex  0.000000e+000 -2.152775e+001  1.795507e+001
    endloop
  endfacet
  facet normal -1.000000e+000 -3.532588e-015 -6.609030e-015
    outer loop
      vertex -8.881784e-015 -3.500000e+001  2.650000e+001
      vertex  0.000000e+000 -2.152775e+001  1.795507e+001
      vertex  0.000000e+000 -2.183030e+001  1.811679e+001
    endloop
  endfacet
  facet normal -1.000000e+000 -6.139651e-016 -2.023988e-015
    outer loop
      vertex -8.881784e-015 -3.500000e+001  2.650000e+001
      vertex  0.000000e+000 -2.183030e+001  1.811679e+001
      vertex  0.000000e+000 -2.215859e+001  1.821637e+001
    endloop
  endfacet
  facet normal -1.000000e+000 -1.246363e-016 -1.265423e-015
    outer loop
      vertex -8.881784e-015 -3.500000e+001  2.650000e+001
      vertex  0.000000e+000 -2.215859e+001  1.821637e+001
      vertex  0.000000e+000 -2.250000e+001  1.825000e+001
    endloop
  endfacet
  facet normal -1.000000e+000  9.226716e-017 -9.367812e-016
    outer loop
      vertex -8.881784e-015 -3.500000e+001  2.650000e+001
      vertex  0.000000e+000 -2.250000e+001  1.825000e+001
      vertex  0.000000e+000 -2.284141e+001  1.821637e+001
    endloop
  endfacet
  facet normal -9.999999e-001  2.250474e-016 -7.418880e-016
    outer loop
      vertex -8.881784e-015 -3.500000e+001  2.650000e+001
      vertex  0.000000e+000 -2.284141e+001  1.821637e+001
      vertex  0.000000e+000 -2.316970e+001  1.811679e+001
    endloop
  endfacet
  facet normal -1.000000e+000  3.228068e-016 -6.039312e-016
    outer loop
      vertex -8.881784e-015 -3.500000e+001  2.650000e+001
      vertex  0.000000e+000 -2.316970e+001  1.811679e+001
      vertex  0.000000e+000 -2.347225e+001  1.795507e+001
    endloop
  endfacet
  facet normal -1.000000e+000  4.048272e-016 -4.932794e-016
    outer loop
      vertex -8.881784e-015 -3.500000e+001  2.650000e+001
      vertex  0.000000e+000 -2.347225e+001  1.795507e+001
      vertex  0.000000e+000 -2.373744e+001  1.773744e+001
    endloop
  endfacet
  facet normal -1.000000e+000  4.812965e-016 -3.949931e-016
    outer loop
      vertex -8.881784e-015 -3.500000e+001  2.650000e+001
      vertex  0.000000e+000 -2.373744e+001  1.773744e+001
      vertex  0.000000e+000 -2.395507e+001  1.747225e+001
    endloop
  endfacet
  facet normal -9.999999e-001  5.596466e-016 -2.991363e-016
    outer loop
      vertex -8.881784e-015 -3.500000e+001  2.650000e+001
      vertex  0.000000e+000 -2.395507e+001  1.747225e+001
      vertex  0.000000e+000 -2.411679e+001  1.716970e+001
    endloop
  endfacet
  facet normal -1.000000e+000  6.476670e-016 -1.964660e-016
    outer loop
      vertex -8.881784e-015 -3.500000e+001  2.650000e+001
      vertex  0.000000e+000 -2.411679e+001  1.716970e+001
      vertex  0.000000e+000 -2.421637e+001  1.684141e+001
    endloop
  endfacet
  facet normal -1.000000e+000  7.568667e-016 -7.454669e-017
    outer loop
      vertex -8.881784e-015 -3.500000e+001  2.650000e+001
      vertex  0.000000e+000 -2.421637e+001  1.684141e+001
      vertex  0.000000e+000 -2.425000e+001  1.650000e+001
    endloop
  endfacet
  facet normal  0.000000e+000 -1.000000e+000  0.000000e+000
    outer loop
      vertex  2.000000e+001 -5.000000e+001  2.650000e+001
      vertex  2.000000e+001 -5.000000e+001  6.500000e+000
      vertex  2.444879e+001 -5.000000e+001  0.000000e+000
    endloop
  endfacet
  facet normal  0.000000e+000 -1.000000e+000  0.000000e+000
    outer loop
      vertex  2.000000e+001 -5.000000e+001  2.650000e+001
      vertex  2.444879e+001 -5.000000e+001  0.000000e+000
      vertex  2.444879e+001 -5.000000e+001  4.000000e+000
    endloop
  endfacet
  facet normal  0.000000e+000 -1.000000e+000  0.000000e+000
    outer loop
      vertex  2.000000e+001 -5.000000e+001  2.650000e+001
      vertex  2.444879e+001 -5.000000e+001  4.000000e+000
      vertex  4.000000e+001 -5.000000e+001  4.000000e+000
    endloop
  endfacet
  facet normal  0.000000e+000 -1.000000e+000  0.000000e+000
    outer loop
      vertex  2.000000e+001 -5.000000e+001  2.650000e+001
      vertex  4.000000e+001 -5.000000e+001  4.000000e+000
      vertex  4.000000e+001 -5.000000e+001  3.500000e+001
    endloop
  endfacet
  facet normal  -0.000000e+000 -1.000000e+000  0.000000e+000
    outer loop
      vertex  2.000000e+001 -5.000000e+001  2.650000e+001
      vertex  4.000000e+001 -5.000000e+001  3.500000e+001
      vertex  0.000000e+000 -5.000000e+001  3.500000e+001
    endloop
  endfacet
  facet normal  0.000000e+000 -1.000000e+000  0.000000e+000
    outer loop
      vertex  2.000000e+001 -5.000000e+001  2.650000e+001
      vertex  0.000000e+000 -5.000000e+001  3.500000e+001
      vertex  0.000000e+000 -5.000000e+001  2.650000e+001
    endloop
  endfacet
  facet normal  0.000000e+000 -1.000000e+000  0.000000e+000
    outer loop
      vertex  0.000000e+000 -5.000000e+001  6.500000e+000
      vertex  0.000000e+000 -5.000000e+001  0.000000e+000
      vertex  2.000000e+001 -5.000000e+001  6.500000e+000
    endloop
  endfacet
  facet normal  0.000000e+000 -1.000000e+000  -0.000000e+000
    outer loop
      vertex  2.000000e+001 -5.000000e+001  6.500000e+000
      vertex  0.000000e+000 -5.000000e+001  0.000000e+000
      vertex  2.444879e+001 -5.000000e+001  0.000000e+000
    endloop
  endfacet
  facet normal  0.000000e+000  1.000000e+000  0.000000e+000
    outer loop
      vertex  5.000000e+000 -4.600000e+001  4.000000e+000
      vertex  5.000000e+000 -4.600000e+001  6.500000e+000
      vertex  4.000000e+001 -4.600000e+001  4.000000e+000
    endloop
  endfacet
  facet normal  0.000000e+000  1.000000e+000  0.000000e+000
    outer loop
      vertex  4.000000e+001 -4.600000e+001  4.000000e+000
      vertex  5.000000e+000 -4.600000e+001  6.500000e+000
      vertex  2.000000e+001 -4.600000e+001  6.500000e+000
    endloop
  endfacet
  facet normal  -0.000000e+000  1.000000e+000  0.000000e+000
    outer loop
      vertex  4.000000e+001 -4.600000e+001  4.000000e+000
      vertex  2.000000e+001 -4.600000e+001  6.500000e+000
      vertex  4.000000e+001 -4.600000e+001  3.000000e+001
    endloop
  endfacet
  facet normal  0.000000e+000  1.000000e+000  0.000000e+000
    outer loop
      vertex  4.000000e+001 -4.600000e+001  3.000000e+001
      vertex  2.000000e+001 -4.600000e+001  6.500000e+000
      vertex  2.000000e+001 -4.600000e+001  2.650000e+001
    endloop
  endfacet
  facet normal  0.000000e+000  9.999999e-001  -0.000000e+000
    outer loop
      vertex  4.000000e+001 -4.600000e+001  3.000000e+001
      vertex  2.000000e+001 -4.600000e+001  2.650000e+001
      vertex  5.000000e+000 -4.600000e+001  3.000000e+001
    endloop
  endfacet
  facet normal  0.000000e+000  1.000000e+000  0.000000e+000
    outer loop
      vertex  5.000000e+000 -4.600000e+001  3.000000e+001
      vertex  2.000000e+001 -4.600000e+001  2.650000e+001
      vertex  5.000000e+000 -4.600000e+001  2.650000e+001
    endloop
  endfacet
  facet normal  9.999999e-001  -0.000000e+000  0.000000e+000
    outer loop
      vertex  5.000000e+000 -3.500000e+001  6.500000e+000
      vertex  5.000000e+000 -4.600000e+001  6.500000e+000
      vertex  5.000000e+000 -4.600000e+001  4.000000e+000
    endloop
  endfacet
  facet normal  9.999999e-001  0.000000e+000  0.000000e+000
    outer loop
      vertex  5.000000e+000 -3.500000e+001  6.500000e+000
      vertex  5.000000e+000 -4.600000e+001  4.000000e+000
      vertex  5.000000e+000  4.600000e+001  4.000000e+000
    endloop
  endfacet
  facet normal  1.000000e+000  0.000000e+000  0.000000e+000
    outer loop
      vertex  5.000000e+000 -3.500000e+001  6.500000e+000
      vertex  5.000000e+000  4.600000e+001  4.000000e+000
      vertex  5.000000e+000  2.250000e+001  1.475000e+001
    endloop
  endfacet
  facet normal  9.999999e-001  0.000000e+000  0.000000e+000
    outer loop
      vertex  5.000000e+000 -3.500000e+001  6.500000e+000
      vertex  5.000000e+000  2.250000e+001  1.475000e+001
      vertex  5.000000e+000 -2.250000e+001  1.475000e+001
    endloop
  endfacet
  facet normal  1.000000e+000  0.000000e+000  0.000000e+000
    outer loop
      vertex  5.000000e+000 -3.500000e+001  6.500000e+000
      vertex  5.000000e+000 -2.250000e+001  1.475000e+001
      vertex  5.000000e+000 -2.284141e+001  1.478363e+001
    endloop
  endfacet
  facet normal  9.999999e-001  0.000000e+000  0.000000e+000
    outer loop
      vertex  5.000000e+000 -3.500000e+001  6.500000e+000
      vertex  5.000000e+000 -2.284141e+001  1.478363e+001
      vertex  5.000000e+000 -2.316970e+001  1.488321e+001
    endloop
  endfacet
  facet normal  1.000000e+000  0.000000e+000  0.000000e+000
    outer loop
      vertex  5.000000e+000 -3.500000e+001  6.500000e+000
      vertex  5.000000e+000 -2.316970e+001  1.488321e+001
      vertex  5.000000e+000 -2.347225e+001  1.504493e+001
    endloop
  endfacet
  facet normal  1.000000e+000  0.000000e+000  0.000000e+000
    outer loop
      vertex  5.000000e+000 -3.500000e+001  6.500000e+000
      vertex  5.000000e+000 -2.347225e+001  1.504493e+001
      vertex  5.000000e+000 -2.373744e+001  1.526256e+001
    endloop
  endfacet
  facet normal  1.000000e+000  0.000000e+000  0.000000e+000
    outer loop
      vertex  5.000000e+000 -3.500000e+001  6.500000e+000
      vertex  5.000000e+000 -2.373744e+001  1.526256e+001
      vertex  5.000000e+000 -2.395507e+001  1.552775e+001
    endloop
  endfacet
  facet normal  1.000000e+000  0.000000e+000  0.000000e+000
    outer loop
      vertex  5.000000e+000 -3.500000e+001  6.500000e+000
      vertex  5.000000e+000 -2.395507e+001  1.552775e+001
      vertex  5.000000e+000 -2.411679e+001  1.583030e+001
    endloop
  endfacet
  facet normal  1.000000e+000  0.000000e+000  0.000000e+000
    outer loop
      vertex  5.000000e+000 -3.500000e+001  6.500000e+000
      vertex  5.000000e+000 -2.411679e+001  1.583030e+001
      vertex  5.000000e+000 -2.421637e+001  1.615859e+001
    endloop
  endfacet
  facet normal  1.000000e+000  0.000000e+000  0.000000e+000
    outer loop
      vertex  5.000000e+000 -3.500000e+001  6.500000e+000
      vertex  5.000000e+000 -2.421637e+001  1.615859e+001
      vertex  5.000000e+000 -2.425000e+001  1.650000e+001
    endloop
  endfacet
  facet normal  1.000000e+000  0.000000e+000  -0.000000e+000
    outer loop
      vertex  5.000000e+000 -3.500000e+001  6.500000e+000
      vertex  5.000000e+000 -2.425000e+001  1.650000e+001
      vertex  5.000000e+000 -2.421637e+001  1.684141e+001
    endloop
  endfacet
  facet normal  1.000000e+000  0.000000e+000  -0.000000e+000
    outer loop
      vertex  5.000000e+000 -3.500000e+001  6.500000e+000
      vertex  5.000000e+000 -2.421637e+001  1.684141e+001
      vertex  5.000000e+000 -2.411679e+001  1.716970e+001
    endloop
  endfacet
  facet normal  1.000000e+000  0.000000e+000  -0.000000e+000
    outer loop
      vertex  5.000000e+000 -3.500000e+001  6.500000e+000
      vertex  5.000000e+000 -2.411679e+001  1.716970e+001
      vertex  5.000000e+000 -2.395507e+001  1.747225e+001
    endloop
  endfacet
  facet normal  1.000000e+000  0.000000e+000  -0.000000e+000
    outer loop
      vertex  5.000000e+000 -3.500000e+001  6.500000e+000
      vertex  5.000000e+000 -2.395507e+001  1.747225e+001
      vertex  5.000000e+000 -2.373744e+001  1.773744e+001
    endloop
  endfacet
  facet normal  9.999999e-001  0.000000e+000  0.000000e+000
    outer loop
      vertex  5.000000e+000 -3.500000e+001  2.650000e+001
      vertex  5.000000e+000 -3.500000e+001  6.500000e+000
      vertex  5.000000e+000 -2.373744e+001  1.773744e+001
    endloop
  endfacet
  facet normal  1.000000e+000  0.000000e+000  -0.000000e+000
    outer loop
      vertex  5.000000e+000 -3.500000e+001  2.650000e+001
      vertex  5.000000e+000 -2.373744e+001  1.773744e+001
      vertex  5.000000e+000 -2.347225e+001  1.795507e+001
    endloop
  endfacet
  facet normal  1.000000e+000  0.000000e+000  -0.000000e+000
    outer loop
      vertex  5.000000e+000 -3.500000e+001  2.650000e+001
      vertex  5.000000e+000 -2.347225e+001  1.795507e+001
      vertex  5.000000e+000 -2.316970e+001  1.811679e+001
    endloop
  endfacet
  facet normal  9.999999e-001  0.000000e+000  -0.000000e+000
    outer loop
      vertex  5.000000e+000 -3.500000e+001  2.650000e+001
      vertex  5.000000e+000 -2.316970e+001  1.811679e+001
      vertex  5.000000e+000 -2.284141e+001  1.821637e+001
    endloop
  endfacet
  facet normal  1.000000e+000  0.000000e+000  -0.000000e+000
    outer loop
      vertex  5.000000e+000 -3.500000e+001  2.650000e+001
      vertex  5.000000e+000 -2.284141e+001  1.821637e+001
      vertex  5.000000e+000 -2.250000e+001  1.825000e+001
    endloop
  endfacet
  facet normal  9.999999e-001  0.000000e+000  -0.000000e+000
    outer loop
      vertex  5.000000e+000 -3.500000e+001  2.650000e+001
      vertex  5.000000e+000 -2.250000e+001  1.825000e+001
      vertex  5.000000e+000  2.250000e+001  1.825000e+001
    endloop
  endfacet
  facet normal  1.000000e+000  0.000000e+000  -0.000000e+000
    outer loop
      vertex  5.000000e+000 -3.500000e+001  2.650000e+001
      vertex  5.000000e+000  2.250000e+001  1.825000e+001
      vertex  5.000000e+000  4.600000e+001  3.000000e+001
    endloop
  endfacet
  facet normal  1.000000e+000  0.000000e+000  0.000000e+000
    outer loop
      vertex  5.000000e+000 -3.500000e+001  2.650000e+001
      vertex  5.000000e+000  4.600000e+001  3.000000e+001
      vertex  5.000000e+000 -4.600000e+001  3.000000e+001
    endloop
  endfacet
  facet normal  1.000000e+000  0.000000e+000  0.000000e+000
    outer loop
      vertex  5.000000e+000 -3.500000e+001  2.650000e+001
      vertex  5.000000e+000 -4.600000e+001  3.000000e+001
      vertex  5.000000e+000 -4.600000e+001  2.650000e+001
    endloop
  endfacet
  facet normal  1.000000e+000  0.000000e+000  0.000000e+000
    outer loop
      vertex  5.000000e+000  4.600000e+001  4.000000e+000
      vertex  5.000000e+000  2.347225e+001  1.795507e+001
      vertex  5.000000e+000  2.373744e+001  1.773744e+001
    endloop
  endfacet
  facet normal  1.000000e+000  0.000000e+000  0.000000e+000
    outer loop
      vertex  5.000000e+000  4.600000e+001  4.000000e+000
      vertex  5.000000e+000  2.373744e+001  1.773744e+001
      vertex  5.000000e+000  2.395507e+001  1.747225e+001
    endloop
  endfacet
  facet normal  1.000000e+000  0.000000e+000  0.000000e+000
    outer loop
      vertex  5.000000e+000  4.600000e+001  4.000000e+000
      vertex  5.000000e+000  2.395507e+001  1.747225e+001
      vertex  5.000000e+000  2.411679e+001  1.716970e+001
    endloop
  endfacet
  facet normal  1.000000e+000  0.000000e+000  0.000000e+000
    outer loop
      vertex  5.000000e+000  4.600000e+001  4.000000e+000
      vertex  5.000000e+000  2.411679e+001  1.716970e+001
      vertex  5.000000e+000  2.421637e+001  1.684141e+001
    endloop
  endfacet
  facet normal  1.000000e+000  0.000000e+000  0.000000e+000
    outer loop
      vertex  5.000000e+000  4.600000e+001  4.000000e+000
      vertex  5.000000e+000  2.421637e+001  1.684141e+001
      vertex  5.000000e+000  2.425000e+001  1.650000e+001
    endloop
  endfacet
  facet normal  1.000000e+000  0.000000e+000  0.000000e+000
    outer loop
      vertex  5.000000e+000  4.600000e+001  4.000000e+000
      vertex  5.000000e+000  2.425000e+001  1.650000e+001
      vertex  5.000000e+000  2.421637e+001  1.615859e+001
    endloop
  endfacet
  facet normal  1.000000e+000  0.000000e+000  0.000000e+000
    outer loop
      vertex  5.000000e+000  4.600000e+001  4.000000e+000
      vertex  5.000000e+000  2.421637e+001  1.615859e+001
      vertex  5.000000e+000  2.411679e+001  1.583030e+001
    endloop
  endfacet
  facet normal  1.000000e+000  0.000000e+000  0.000000e+000
    outer loop
      vertex  5.000000e+000  4.600000e+001  4.000000e+000
      vertex  5.000000e+000  2.411679e+001  1.583030e+001
      vertex  5.000000e+000  2.395507e+001  1.552775e+001
    endloop
  endfacet
  facet normal  1.000000e+000  0.000000e+000  0.000000e+000
    outer loop
      vertex  5.000000e+000  4.600000e+001  4.000000e+000
      vertex  5.000000e+000  2.395507e+001  1.552775e+001
      vertex  5.000000e+000  2.373744e+001  1.526256e+001
    endloop
  endfacet
  facet normal  1.000000e+000  0.000000e+000  0.000000e+000
    outer loop
      vertex  5.000000e+000  4.600000e+001  4.000000e+000
      vertex  5.000000e+000  2.373744e+001  1.526256e+001
      vertex  5.000000e+000  2.347225e+001  1.504493e+001
    endloop
  endfacet
  facet normal  1.000000e+000  0.000000e+000  0.000000e+000
    outer loop
      vertex  5.000000e+000  4.600000e+001  4.000000e+000
      vertex  5.000000e+000  2.347225e+001  1.504493e+001
      vertex  5.000000e+000  2.316970e+001  1.488321e+001
    endloop
  endfacet
  facet normal  1.000000e+000  0.000000e+000  0.000000e+000
    outer loop
      vertex  5.000000e+000  4.600000e+001  4.000000e+000
      vertex  5.000000e+000  2.316970e+001  1.488321e+001
      vertex  5.000000e+000  2.284141e+001  1.478363e+001
    endloop
  endfacet
  facet normal  1.000000e+000  0.000000e+000  0.000000e+000
    outer loop
      vertex  5.000000e+000  4.600000e+001  4.000000e+000
      vertex  5.000000e+000  2.284141e+001  1.478363e+001
      vertex  5.000000e+000  2.250000e+001  1.475000e+001
    endloop
  endfacet
  facet normal  1.000000e+000  -0.000000e+000  0.000000e+000
    outer loop
      vertex  5.000000e+000  4.600000e+001  3.000000e+001
      vertex  5.000000e+000  2.250000e+001  1.825000e+001
      vertex  5.000000e+000  2.284141e+001  1.821637e+001
    endloop
  endfacet
  facet normal  1.000000e+000  -0.000000e+000  0.000000e+000
    outer loop
      vertex  5.000000e+000  4.600000e+001  3.000000e+001
      vertex  5.000000e+000  2.284141e+001  1.821637e+001
      vertex  5.000000e+000  2.316970e+001  1.811679e+001
    endloop
  endfacet
  facet normal  1.000000e+000  -0.000000e+000  0.000000e+000
    outer loop
      vertex  5.000000e+000  4.600000e+001  3.000000e+001
      vertex  5.000000e+000  2.316970e+001  1.811679e+001
      vertex  5.000000e+000  2.347225e+001  1.795507e+001
    endloop
  endfacet
  facet normal  1.000000e+000  -0.000000e+000  0.000000e+000
    outer loop
      vertex  5.000000e+000  4.600000e+001  3.000000e+001
      vertex  5.000000e+000  2.347225e+001  1.795507e+001
      vertex  5.000000e+000  4.600000e+001  4.000000e+000
    endloop
  endfacet
  facet normal  1.000000e+000  -0.000000e+000  0.000000e+000
    outer loop
      vertex  5.000000e+000  2.250000e+001  1.825000e+001
      vertex  5.000000e+000 -2.250000e+001  1.825000e+001
      vertex  5.000000e+000  2.215859e+001  1.821637e+001
    endloop
  endfacet
  facet normal  1.000000e+000  0.000000e+000  0.000000e+000
    outer loop
      vertex  5.000000e+000  2.215859e+001  1.821637e+001
      vertex  5.000000e+000 -2.250000e+001  1.825000e+001
      vertex  5.000000e+000 -2.215859e+001  1.821637e+001
    endloop
  endfacet
  facet normal  1.000000e+000  -0.000000e+000  0.000000e+000
    outer loop
      vertex  5.000000e+000  2.215859e+001  1.821637e+001
      vertex  5.000000e+000 -2.215859e+001  1.821637e+001
      vertex  5.000000e+000  2.183030e+001  1.811679e+001
    endloop
  endfacet
  facet normal  1.000000e+000  0.000000e+000  0.000000e+000
    outer loop
      vertex  5.000000e+000  2.183030e+001  1.811679e+001
      vertex  5.000000e+000 -2.215859e+001  1.821637e+001
      vertex  5.000000e+000 -2.183030e+001  1.811679e+001
    endloop
  endfacet
  facet normal  1.000000e+000  -0.000000e+000  0.000000e+000
    outer loop
      vertex  5.000000e+000  2.183030e+001  1.811679e+001
      vertex  5.000000e+000 -2.183030e+001  1.811679e+001
      vertex  5.000000e+000  2.152775e+001  1.795507e+001
    endloop
  endfacet
  facet normal  1.000000e+000  0.000000e+000  0.000000e+000
    outer loop
      vertex  5.000000e+000  2.152775e+001  1.795507e+001
      vertex  5.000000e+000 -2.183030e+001  1.811679e+001
      vertex  5.000000e+000 -2.152775e+001  1.795507e+001
    endloop
  endfacet
  facet normal  1.000000e+000  -0.000000e+000  0.000000e+000
    outer loop
      vertex  5.000000e+000  2.152775e+001  1.795507e+001
      vertex  5.000000e+000 -2.152775e+001  1.795507e+001
      vertex  5.000000e+000  2.126256e+001  1.773744e+001
    endloop
  endfacet
  facet normal  1.000000e+000  0.000000e+000  0.000000e+000
    outer loop
      vertex  5.000000e+000  2.126256e+001  1.773744e+001
      vertex  5.000000e+000 -2.152775e+001  1.795507e+001
      vertex  5.000000e+000 -2.126256e+001  1.773744e+001
    endloop
  endfacet
  facet normal  1.000000e+000  -0.000000e+000  0.000000e+000
    outer loop
      vertex  5.000000e+000  2.126256e+001  1.773744e+001
      vertex  5.000000e+000 -2.126256e+001  1.773744e+001
      vertex  5.000000e+000  2.104493e+001  1.747225e+001
    endloop
  endfacet
  facet normal  1.000000e+000  0.000000e+000  0.000000e+000
    outer loop
      vertex  5.000000e+000  2.104493e+001  1.747225e+001
      vertex  5.000000e+000 -2.126256e+001  1.773744e+001
      vertex  5.000000e+000 -2.104493e+001  1.747225e+001
    endloop
  endfacet
  facet normal  1.000000e+000  -0.000000e+000  0.000000e+000
    outer loop
      vertex  5.000000e+000  2.104493e+001  1.747225e+001
      vertex  5.000000e+000 -2.104493e+001  1.747225e+001
      vertex  5.000000e+000  2.088321e+001  1.716970e+001
    endloop
  endfacet
  facet normal  1.000000e+000  0.000000e+000  0.000000e+000
    outer loop
      vertex  5.000000e+000  2.088321e+001  1.716970e+001
      vertex  5.000000e+000 -2.104493e+001  1.747225e+001
      vertex  5.000000e+000 -2.088321e+001  1.716970e+001
    endloop
  endfacet
  facet normal  9.999999e-001  -0.000000e+000  0.000000e+000
    outer loop
      vertex  5.000000e+000  2.088321e+001  1.716970e+001
      vertex  5.000000e+000 -2.088321e+001  1.716970e+001
      vertex  5.000000e+000  2.078363e+001  1.684141e+001
    endloop
  endfacet
  facet normal  1.000000e+000  0.000000e+000  0.000000e+000
    outer loop
      vertex  5.000000e+000  2.078363e+001  1.684141e+001
      vertex  5.000000e+000 -2.088321e+001  1.716970e+001
      vertex  5.000000e+000 -2.078363e+001  1.684141e+001
    endloop
  endfacet
  facet normal  1.000000e+000  -0.000000e+000  0.000000e+000
    outer loop
      vertex  5.000000e+000  2.078363e+001  1.684141e+001
      vertex  5.000000e+000 -2.078363e+001  1.684141e+001
      vertex  5.000000e+000  2.075000e+001  1.650000e+001
    endloop
  endfacet
  facet normal  9.999999e-001  0.000000e+000  0.000000e+000
    outer loop
      vertex  5.000000e+000  2.075000e+001  1.650000e+001
      vertex  5.000000e+000 -2.078363e+001  1.684141e+001
      vertex  5.000000e+000 -2.075000e+001  1.650000e+001
    endloop
  endfacet
  facet normal  9.999999e-001  -0.000000e+000  0.000000e+000
    outer loop
      vertex  5.000000e+000  2.075000e+001  1.650000e+001
      vertex  5.000000e+000 -2.075000e+001  1.650000e+001
      vertex  5.000000e+000  2.078363e+001  1.615859e+001
    endloop
  endfacet
  facet normal  1.000000e+000  0.000000e+000  0.000000e+000
    outer loop
      vertex  5.000000e+000  2.078363e+001  1.615859e+001
      vertex  5.000000e+000 -2.075000e+001  1.650000e+001
      vertex  5.000000e+000 -2.078363e+001  1.615859e+001
    endloop
  endfacet
  facet normal  1.000000e+000  -0.000000e+000  0.000000e+000
    outer loop
      vertex  5.000000e+000  2.078363e+001  1.615859e+001
      vertex  5.000000e+000 -2.078363e+001  1.615859e+001
      vertex  5.000000e+000  2.088321e+001  1.583030e+001
    endloop
  endfacet
  facet normal  1.000000e+000  0.000000e+000  0.000000e+000
    outer loop
      vertex  5.000000e+000  2.088321e+001  1.583030e+001
      vertex  5.000000e+000 -2.078363e+001  1.615859e+001
      vertex  5.000000e+000 -2.088321e+001  1.583030e+001
    endloop
  endfacet
  facet normal  1.000000e+000  -0.000000e+000  0.000000e+000
    outer loop
      vertex  5.000000e+000  2.088321e+001  1.583030e+001
      vertex  5.000000e+000 -2.088321e+001  1.583030e+001
      vertex  5.000000e+000  2.104493e+001  1.552775e+001
    endloop
  endfacet
  facet normal  1.000000e+000  0.000000e+000  0.000000e+000
    outer loop
      vertex  5.000000e+000  2.104493e+001  1.552775e+001
      vertex  5.000000e+000 -2.088321e+001  1.583030e+001
      vertex  5.000000e+000 -2.104493e+001  1.552775e+001
    endloop
  endfacet
  facet normal  1.000000e+000  -0.000000e+000  0.000000e+000
    outer loop
      vertex  5.000000e+000  2.104493e+001  1.552775e+001
      vertex  5.000000e+000 -2.104493e+001  1.552775e+001
      vertex  5.000000e+000  2.126256e+001  1.526256e+001
    endloop
  endfacet
  facet normal  1.000000e+000  0.000000e+000  0.000000e+000
    outer loop
      vertex  5.000000e+000  2.126256e+001  1.526256e+001
      vertex  5.000000e+000 -2.104493e+001  1.552775e+001
      vertex  5.000000e+000 -2.126256e+001  1.526256e+001
    endloop
  endfacet
  facet normal  1.000000e+000  -0.000000e+000  0.000000e+000
    outer loop
      vertex  5.000000e+000  2.126256e+001  1.526256e+001
      vertex  5.000000e+000 -2.126256e+001  1.526256e+001
      vertex  5.000000e+000  2.152775e+001  1.504493e+001
    endloop
  endfacet
  facet normal  1.000000e+000  0.000000e+000  0.000000e+000
    outer loop
      vertex  5.000000e+000  2.152775e+001  1.504493e+001
      vertex  5.000000e+000 -2.126256e+001  1.526256e+001
      vertex  5.000000e+000 -2.152775e+001  1.504493e+001
    endloop
  endfacet
  facet normal  9.999999e-001  -0.000000e+000  0.000000e+000
    outer loop
      vertex  5.000000e+000  2.152775e+001  1.504493e+001
      vertex  5.000000e+000 -2.152775e+001  1.504493e+001
      vertex  5.000000e+000  2.183030e+001  1.488321e+001
    endloop
  endfacet
  facet normal  1.000000e+000  0.000000e+000  0.000000e+000
    outer loop
      vertex  5.000000e+000  2.183030e+001  1.488321e+001
      vertex  5.000000e+000 -2.152775e+001  1.504493e+001
      vertex  5.000000e+000 -2.183030e+001  1.488321e+001
    endloop
  endfacet
  facet normal  1.000000e+000  -0.000000e+000  0.000000e+000
    outer loop
      vertex  5.000000e+000  2.183030e+001  1.488321e+001
      vertex  5.000000e+000 -2.183030e+001  1.488321e+001
      vertex  5.000000e+000  2.215859e+001  1.478363e+001
    endloop
  endfacet
  facet normal  1.000000e+000  0.000000e+000  0.000000e+000
    outer loop
      vertex  5.000000e+000  2.215859e+001  1.478363e+001
      vertex  5.000000e+000 -2.183030e+001  1.488321e+001
      vertex  5.000000e+000 -2.215859e+001  1.478363e+001
    endloop
  endfacet
  facet normal  9.999999e-001  -0.000000e+000  0.000000e+000
    outer loop
      vertex  5.000000e+000  2.215859e+001  1.478363e+001
      vertex  5.000000e+000 -2.215859e+001  1.478363e+001
      vertex  5.000000e+000  2.250000e+001  1.475000e+001
    endloop
  endfacet
  facet normal  1.000000e+000  0.000000e+000  0.000000e+000
    outer loop
      vertex  5.000000e+000  2.250000e+001  1.475000e+001
      vertex  5.000000e+000 -2.215859e+001  1.478363e+001
      vertex  5.000000e+000 -2.250000e+001  1.475000e+001
    endloop
  endfacet
  facet normal  0.000000e+000 -1.000000e+000  -0.000000e+000
    outer loop
      vertex  4.000000e+001  4.600000e+001  4.000000e+000
      vertex  4.000000e+001  4.600000e+001  3.000000e+001
      vertex  5.000000e+000  4.600000e+001  4.000000e+000
    endloop
  endfacet
  facet normal  0.000000e+000 -1.000000e+000  0.000000e+000
    outer loop
      vertex  5.000000e+000  4.600000e+001  4.000000e+000
      vertex  4.000000e+001  4.600000e+001  3.000000e+001
      vertex  5.000000e+000  4.600000e+001  3.000000e+001
    endloop
  endfacet
  facet normal  0.000000e+000  0.000000e+000  1.000000e+000
    outer loop
      vertex  0.000000e+000 -3.500000e+001  6.500000e+000
      vertex  0.000000e+000 -5.000000e+001  6.500000e+000
      vertex  5.000000e+000 -3.500000e+001  6.500000e+000
    endloop
  endfacet
  facet normal  0.000000e+000  0.000000e+000  9.999999e-001
    outer loop
      vertex  5.000000e+000 -3.500000e+001  6.500000e+000
      vertex  0.000000e+000 -5.000000e+001  6.500000e+000
      vertex  5.000000e+000 -4.600000e+001  6.500000e+000
    endloop
  endfacet
  facet normal  0.000000e+000  0.000000e+000  1.000000e+000
    outer loop
      vertex  0.000000e+000 -5.000000e+001  6.500000e+000
      vertex  2.000000e+001 -5.000000e+001  6.500000e+000
      vertex  5.000000e+000 -4.600000e+001  6.500000e+000
    endloop
  endfacet
  facet normal  -0.000000e+000  0.000000e+000  1.000000e+000
    outer loop
      vertex  5.000000e+000 -4.600000e+001  6.500000e+000
      vertex  2.000000e+001 -5.000000e+001  6.500000e+000
      vertex  2.000000e+001 -4.600000e+001  6.500000e+000
    endloop
  endfacet
  facet normal -1.000000e+000  0.000000e+000  0.000000e+000
    outer loop
      vertex  2.000000e+001 -4.600000e+001  6.500000e+000
      vertex  2.000000e+001 -5.000000e+001  6.500000e+000
      vertex  2.000000e+001 -4.600000e+001  2.650000e+001
    endloop
  endfacet
  facet normal -1.000000e+000  -0.000000e+000  0.000000e+000
    outer loop
      vertex  2.000000e+001 -4.600000e+001  2.650000e+001
      vertex  2.000000e+001 -5.000000e+001  6.500000e+000
      vertex  2.000000e+001 -5.000000e+001  2.650000e+001
    endloop
  endfacet
  facet normal  0.000000e+000  0.000000e+000 -1.000000e+000
    outer loop
      vertex  2.000000e+001 -5.000000e+001  2.650000e+001
      vertex  0.000000e+000 -5.000000e+001  2.650000e+001
      vertex  2.000000e+001 -4.600000e+001  2.650000e+001
    endloop
  endfacet
  facet normal  -0.000000e+000  0.000000e+000 -1.000000e+000
    outer loop
      vertex  2.000000e+001 -4.600000e+001  2.650000e+001
      vertex  0.000000e+000 -5.000000e+001  2.650000e+001
      vertex  5.000000e+000 -4.600000e+001  2.650000e+001
    endloop
  endfacet
  facet normal  0.000000e+000  0.000000e+000 -1.000000e+000
    outer loop
      vertex  0.000000e+000 -5.000000e+001  2.650000e+001
      vertex -8.881784e-015 -3.500000e+001  2.650000e+001
      vertex  5.000000e+000 -4.600000e+001  2.650000e+001
    endloop
  endfacet
  facet normal  0.000000e+000  0.000000e+000 -9.999999e-001
    outer loop
      vertex  5.000000e+000 -4.600000e+001  2.650000e+001
      vertex -8.881784e-015 -3.500000e+001  2.650000e+001
      vertex  5.000000e+000 -3.500000e+001  2.650000e+001
    endloop
  endfacet
  facet normal  0.000000e+000 -1.000000e+000  0.000000e+000
    outer loop
      vertex  0.000000e+000 -3.500000e+001  6.500000e+000
      vertex  5.000000e+000 -3.500000e+001  6.500000e+000
      vertex -8.881784e-015 -3.500000e+001  2.650000e+001
    endloop
  endfacet
  facet normal  0.000000e+000 -1.000000e+000  0.000000e+000
    outer loop
      vertex -8.881784e-015 -3.500000e+001  2.650000e+001
      vertex  5.000000e+000 -3.500000e+001  6.500000e+000
      vertex  5.000000e+000 -3.500000e+001  2.650000e+001
    endloop
  endfacet
  facet normal  0.000000e+000 -9.801953e-002 -9.951845e-001
    outer loop
      vertex  5.000000e+000  2.250000e+001  1.825000e+001
      vertex  0.000000e+000  2.284141e+001  1.821637e+001
      vertex  5.000000e+000  2.284141e+001  1.821637e+001
    endloop
  endfacet
  facet normal  -0.000000e+000 -2.902825e-001 -9.569410e-001
    outer loop
      vertex  5.000000e+000  2.284141e+001  1.821637e+001
      vertex  0.000000e+000  2.284141e+001  1.821637e+001
      vertex  0.000000e+000  2.316970e+001  1.811679e+001
    endloop
  endfacet
  facet normal  0.000000e+000 -2.902825e-001 -9.569410e-001
    outer loop
      vertex  5.000000e+000  2.284141e+001  1.821637e+001
      vertex  0.000000e+000  2.316970e+001  1.811679e+001
      vertex  5.000000e+000  2.316970e+001  1.811679e+001
    endloop
  endfacet
  facet normal  -0.000000e+000 -4.713954e-001 -8.819219e-001
    outer loop
      vertex  5.000000e+000  2.316970e+001  1.811679e+001
      vertex  0.000000e+000  2.316970e+001  1.811679e+001
      vertex  0.000000e+000  2.347225e+001  1.795507e+001
    endloop
  endfacet
  facet normal  0.000000e+000 -4.713954e-001 -8.819219e-001
    outer loop
      vertex  5.000000e+000  2.316970e+001  1.811679e+001
      vertex  0.000000e+000  2.347225e+001  1.795507e+001
      vertex  5.000000e+000  2.347225e+001  1.795507e+001
    endloop
  endfacet
  facet normal  -0.000000e+000 -6.343964e-001 -7.730079e-001
    outer loop
      vertex  5.000000e+000  2.347225e+001  1.795507e+001
      vertex  0.000000e+000  2.347225e+001  1.795507e+001
      vertex  0.000000e+000  2.373744e+001  1.773744e+001
    endloop
  endfacet
  facet normal  0.000000e+000 -6.343964e-001 -7.730079e-001
    outer loop
      vertex  5.000000e+000  2.347225e+001  1.795507e+001
      vertex  0.000000e+000  2.373744e+001  1.773744e+001
      vertex  5.000000e+000  2.373744e+001  1.773744e+001
    endloop
  endfacet
  facet normal  -0.000000e+000 -7.730079e-001 -6.343964e-001
    outer loop
      vertex  5.000000e+000  2.373744e+001  1.773744e+001
      vertex  0.000000e+000  2.373744e+001  1.773744e+001
      vertex  0.000000e+000  2.395507e+001  1.747225e+001
    endloop
  endfacet
  facet normal  0.000000e+000 -7.730079e-001 -6.343964e-001
    outer loop
      vertex  5.000000e+000  2.373744e+001  1.773744e+001
      vertex  0.000000e+000  2.395507e+001  1.747225e+001
      vertex  5.000000e+000  2.395507e+001  1.747225e+001
    endloop
  endfacet
  facet normal  -0.000000e+000 -8.819219e-001 -4.713954e-001
    outer loop
      vertex  5.000000e+000  2.395507e+001  1.747225e+001
      vertex  0.000000e+000  2.395507e+001  1.747225e+001
      vertex  0.000000e+000  2.411679e+001  1.716970e+001
    endloop
  endfacet
  facet normal  0.000000e+000 -8.819219e-001 -4.713954e-001
    outer loop
      vertex  5.000000e+000  2.395507e+001  1.747225e+001
      vertex  0.000000e+000  2.411679e+001  1.716970e+001
      vertex  5.000000e+000  2.411679e+001  1.716970e+001
    endloop
  endfacet
  facet normal  -0.000000e+000 -9.569410e-001 -2.902825e-001
    outer loop
      vertex  5.000000e+000  2.411679e+001  1.716970e+001
      vertex  0.000000e+000  2.411679e+001  1.716970e+001
      vertex  0.000000e+000  2.421637e+001  1.684141e+001
    endloop
  endfacet
  facet normal  0.000000e+000 -9.569410e-001 -2.902825e-001
    outer loop
      vertex  5.000000e+000  2.411679e+001  1.716970e+001
      vertex  0.000000e+000  2.421637e+001  1.684141e+001
      vertex  5.000000e+000  2.421637e+001  1.684141e+001
    endloop
  endfacet
  facet normal  -0.000000e+000 -9.951845e-001 -9.801953e-002
    outer loop
      vertex  5.000000e+000  2.421637e+001  1.684141e+001
      vertex  0.000000e+000  2.421637e+001  1.684141e+001
      vertex  0.000000e+000  2.425000e+001  1.650000e+001
    endloop
  endfacet
  facet normal  0.000000e+000 -9.951845e-001 -9.801953e-002
    outer loop
      vertex  5.000000e+000  2.421637e+001  1.684141e+001
      vertex  0.000000e+000  2.425000e+001  1.650000e+001
      vertex  5.000000e+000  2.425000e+001  1.650000e+001
    endloop
  endfacet
  facet normal  -0.000000e+000 -9.801953e-002 -9.951845e-001
    outer loop
      vertex  0.000000e+000  2.284141e+001  1.821637e+001
      vertex  5.000000e+000  2.250000e+001  1.825000e+001
      vertex  0.000000e+000  2.250000e+001  1.825000e+001
    endloop
  endfacet
  facet normal  0.000000e+000  9.801953e-002 -9.951845e-001
    outer loop
      vertex  0.000000e+000  2.250000e+001  1.825000e+001
      vertex  5.000000e+000  2.250000e+001  1.825000e+001
      vertex  5.000000e+000  2.215859e+001  1.821637e+001
    endloop
  endfacet
  facet normal  0.000000e+000  9.801953e-002 -9.951845e-001
    outer loop
      vertex  0.000000e+000  2.250000e+001  1.825000e+001
      vertex  5.000000e+000  2.215859e+001  1.821637e+001
      vertex  0.000000e+000  2.215859e+001  1.821637e+001
    endloop
  endfacet
  facet normal  0.000000e+000  2.902825e-001 -9.569410e-001
    outer loop
      vertex  0.000000e+000  2.215859e+001  1.821637e+001
      vertex  5.000000e+000  2.215859e+001  1.821637e+001
      vertex  5.000000e+000  2.183030e+001  1.811679e+001
    endloop
  endfacet
  facet normal  0.000000e+000  2.902825e-001 -9.569410e-001
    outer loop
      vertex  0.000000e+000  2.215859e+001  1.821637e+001
      vertex  5.000000e+000  2.183030e+001  1.811679e+001
      vertex  0.000000e+000  2.183030e+001  1.811679e+001
    endloop
  endfacet
  facet normal  0.000000e+000  4.713954e-001 -8.819219e-001
    outer loop
      vertex  0.000000e+000  2.183030e+001  1.811679e+001
      vertex  5.000000e+000  2.183030e+001  1.811679e+001
      vertex  5.000000e+000  2.152775e+001  1.795507e+001
    endloop
  endfacet
  facet normal  0.000000e+000  4.713954e-001 -8.819219e-001
    outer loop
      vertex  0.000000e+000  2.183030e+001  1.811679e+001
      vertex  5.000000e+000  2.152775e+001  1.795507e+001
      vertex  0.000000e+000  2.152775e+001  1.795507e+001
    endloop
  endfacet
  facet normal  0.000000e+000  6.343964e-001 -7.730079e-001
    outer loop
      vertex  0.000000e+000  2.152775e+001  1.795507e+001
      vertex  5.000000e+000  2.152775e+001  1.795507e+001
      vertex  5.000000e+000  2.126256e+001  1.773744e+001
    endloop
  endfacet
  facet normal  0.000000e+000  6.343964e-001 -7.730079e-001
    outer loop
      vertex  0.000000e+000  2.152775e+001  1.795507e+001
      vertex  5.000000e+000  2.126256e+001  1.773744e+001
      vertex  0.000000e+000  2.126256e+001  1.773744e+001
    endloop
  endfacet
  facet normal  0.000000e+000  7.730079e-001 -6.343964e-001
    outer loop
      vertex  0.000000e+000  2.126256e+001  1.773744e+001
      vertex  5.000000e+000  2.126256e+001  1.773744e+001
      vertex  5.000000e+000  2.104493e+001  1.747225e+001
    endloop
  endfacet
  facet normal  0.000000e+000  7.730079e-001 -6.343964e-001
    outer loop
      vertex  0.000000e+000  2.126256e+001  1.773744e+001
      vertex  5.000000e+000  2.104493e+001  1.747225e+001
      vertex  0.000000e+000  2.104493e+001  1.747225e+001
    endloop
  endfacet
  facet normal  0.000000e+000  8.819219e-001 -4.713954e-001
    outer loop
      vertex  0.000000e+000  2.104493e+001  1.747225e+001
      vertex  5.000000e+000  2.104493e+001  1.747225e+001
      vertex  5.000000e+000  2.088321e+001  1.716970e+001
    endloop
  endfacet
  facet normal  0.000000e+000  8.819219e-001 -4.713954e-001
    outer loop
      vertex  0.000000e+000  2.104493e+001  1.747225e+001
      vertex  5.000000e+000  2.088321e+001  1.716970e+001
      vertex  0.000000e+000  2.088321e+001  1.716970e+001
    endloop
  endfacet
  facet normal  0.000000e+000  9.569410e-001 -2.902825e-001
    outer loop
      vertex  0.000000e+000  2.088321e+001  1.716970e+001
      vertex  5.000000e+000  2.088321e+001  1.716970e+001
      vertex  5.000000e+000  2.078363e+001  1.684141e+001
    endloop
  endfacet
  facet normal  0.000000e+000  9.569410e-001 -2.902825e-001
    outer loop
      vertex  0.000000e+000  2.088321e+001  1.716970e+001
      vertex  5.000000e+000  2.078363e+001  1.684141e+001
      vertex  0.000000e+000  2.078363e+001  1.684141e+001
    endloop
  endfacet
  facet normal  0.000000e+000  9.951845e-001 -9.801953e-002
    outer loop
      vertex  0.000000e+000  2.078363e+001  1.684141e+001
      vertex  5.000000e+000  2.078363e+001  1.684141e+001
      vertex  5.000000e+000  2.075000e+001  1.650000e+001
    endloop
  endfacet
  facet normal  0.000000e+000  9.951845e-001 -9.801953e-002
    outer loop
      vertex  0.000000e+000  2.078363e+001  1.684141e+001
      vertex  5.000000e+000  2.075000e+001  1.650000e+001
      vertex  0.000000e+000  2.075000e+001  1.650000e+001
    endloop
  endfacet
  facet normal  -0.000000e+000  9.801677e-002  9.951847e-001
    outer loop
      vertex  5.000000e+000  2.250000e+001  1.475000e+001
      vertex  0.000000e+000  2.215859e+001  1.478363e+001
      vertex  5.000000e+000  2.215859e+001  1.478363e+001
    endloop
  endfacet
  facet normal  0.000000e+000  2.902851e-001  9.569402e-001
    outer loop
      vertex  5.000000e+000  2.215859e+001  1.478363e+001
      vertex  0.000000e+000  2.215859e+001  1.478363e+001
      vertex  0.000000e+000  2.183030e+001  1.488321e+001
    endloop
  endfacet
  facet normal  -0.000000e+000  2.902851e-001  9.569402e-001
    outer loop
      vertex  5.000000e+000  2.215859e+001  1.478363e+001
      vertex  0.000000e+000  2.183030e+001  1.488321e+001
      vertex  5.000000e+000  2.183030e+001  1.488321e+001
    endloop
  endfacet
  facet normal  0.000000e+000  4.713976e-001  8.819208e-001
    outer loop
      vertex  5.000000e+000  2.183030e+001  1.488321e+001
      vertex  0.000000e+000  2.183030e+001  1.488321e+001
      vertex  0.000000e+000  2.152775e+001  1.504493e+001
    endloop
  endfacet
  facet normal  -0.000000e+000  4.713976e-001  8.819208e-001
    outer loop
      vertex  5.000000e+000  2.183030e+001  1.488321e+001
      vertex  0.000000e+000  2.152775e+001  1.504493e+001
      vertex  5.000000e+000  2.152775e+001  1.504493e+001
    endloop
  endfacet
  facet normal  0.000000e+000  6.343930e-001  7.730106e-001
    outer loop
      vertex  5.000000e+000  2.152775e+001  1.504493e+001
      vertex  0.000000e+000  2.152775e+001  1.504493e+001
      vertex  0.000000e+000  2.126256e+001  1.526256e+001
    endloop
  endfacet
  facet normal  -0.000000e+000  6.343930e-001  7.730106e-001
    outer loop
      vertex  5.000000e+000  2.152775e+001  1.504493e+001
      vertex  0.000000e+000  2.126256e+001  1.526256e+001
      vertex  5.000000e+000  2.126256e+001  1.526256e+001
    endloop
  endfacet
  facet normal  0.000000e+000  7.730091e-001  6.343950e-001
    outer loop
      vertex  5.000000e+000  2.126256e+001  1.526256e+001
      vertex  0.000000e+000  2.126256e+001  1.526256e+001
      vertex  0.000000e+000  2.104493e+001  1.552775e+001
    endloop
  endfacet
  facet normal  -0.000000e+000  7.730091e-001  6.343950e-001
    outer loop
      vertex  5.000000e+000  2.126256e+001  1.526256e+001
      vertex  0.000000e+000  2.104493e+001  1.552775e+001
      vertex  5.000000e+000  2.104493e+001  1.552775e+001
    endloop
  endfacet
  facet normal  0.000000e+000  8.819226e-001  4.713943e-001
    outer loop
      vertex  5.000000e+000  2.104493e+001  1.552775e+001
      vertex  0.000000e+000  2.104493e+001  1.552775e+001
      vertex  0.000000e+000  2.088321e+001  1.583030e+001
    endloop
  endfacet
  facet normal  -0.000000e+000  8.819226e-001  4.713943e-001
    outer loop
      vertex  5.000000e+000  2.104493e+001  1.552775e+001
      vertex  0.000000e+000  2.088321e+001  1.583030e+001
      vertex  5.000000e+000  2.088321e+001  1.583030e+001
    endloop
  endfacet
  facet normal  0.000000e+000  9.569407e-001  2.902833e-001
    outer loop
      vertex  5.000000e+000  2.088321e+001  1.583030e+001
      vertex  0.000000e+000  2.088321e+001  1.583030e+001
      vertex  0.000000e+000  2.078363e+001  1.615859e+001
    endloop
  endfacet
  facet normal  -0.000000e+000  9.569407e-001  2.902833e-001
    outer loop
      vertex  5.000000e+000  2.088321e+001  1.583030e+001
      vertex  0.000000e+000  2.078363e+001  1.615859e+001
      vertex  5.000000e+000  2.078363e+001  1.615859e+001
    endloop
  endfacet
  facet normal  0.000000e+000  9.951845e-001  9.801953e-002
    outer loop
      vertex  5.000000e+000  2.078363e+001  1.615859e+001
      vertex  0.000000e+000  2.078363e+001  1.615859e+001
      vertex  0.000000e+000  2.075000e+001  1.650000e+001
    endloop
  endfacet
  facet normal  -0.000000e+000  9.951845e-001  9.801953e-002
    outer loop
      vertex  5.000000e+000  2.078363e+001  1.615859e+001
      vertex  0.000000e+000  2.075000e+001  1.650000e+001
      vertex  5.000000e+000  2.075000e+001  1.650000e+001
    endloop
  endfacet
  facet normal  0.000000e+000  9.801677e-002  9.951847e-001
    outer loop
      vertex  0.000000e+000  2.215859e+001  1.478363e+001
      vertex  5.000000e+000  2.250000e+001  1.475000e+001
      vertex  0.000000e+000  2.250000e+001  1.475000e+001
    endloop
  endfacet
  facet normal  0.000000e+000 -9.801677e-002  9.951847e-001
    outer loop
      vertex  0.000000e+000  2.250000e+001  1.475000e+001
      vertex  5.000000e+000  2.250000e+001  1.475000e+001
      vertex  5.000000e+000  2.284141e+001  1.478363e+001
    endloop
  endfacet
  facet normal  0.000000e+000 -9.801677e-002  9.951847e-001
    outer loop
      vertex  0.000000e+000  2.250000e+001  1.475000e+001
      vertex  5.000000e+000  2.284141e+001  1.478363e+001
      vertex  0.000000e+000  2.284141e+001  1.478363e+001
    endloop
  endfacet
  facet normal  0.000000e+000 -2.902851e-001  9.569402e-001
    outer loop
      vertex  0.000000e+000  2.284141e+001  1.478363e+001
      vertex  5.000000e+000  2.284141e+001  1.478363e+001
      vertex  5.000000e+000  2.316970e+001  1.488321e+001
    endloop
  endfacet
  facet normal  0.000000e+000 -2.902851e-001  9.569402e-001
    outer loop
      vertex  0.000000e+000  2.284141e+001  1.478363e+001
      vertex  5.000000e+000  2.316970e+001  1.488321e+001
      vertex  0.000000e+000  2.316970e+001  1.488321e+001
    endloop
  endfacet
  facet normal  0.000000e+000 -4.713976e-001  8.819208e-001
    outer loop
      vertex  0.000000e+000  2.316970e+001  1.488321e+001
      vertex  5.000000e+000  2.316970e+001  1.488321e+001
      vertex  5.000000e+000  2.347225e+001  1.504493e+001
    endloop
  endfacet
  facet normal  0.000000e+000 -4.713976e-001  8.819208e-001
    outer loop
      vertex  0.000000e+000  2.316970e+001  1.488321e+001
      vertex  5.000000e+000  2.347225e+001  1.504493e+001
      vertex  0.000000e+000  2.347225e+001  1.504493e+001
    endloop
  endfacet
  facet normal  0.000000e+000 -6.343930e-001  7.730106e-001
    outer loop
      vertex  0.000000e+000  2.347225e+001  1.504493e+001
      vertex  5.000000e+000  2.347225e+001  1.504493e+001
      vertex  5.000000e+000  2.373744e+001  1.526256e+001
    endloop
  endfacet
  facet normal  0.000000e+000 -6.343930e-001  7.730106e-001
    outer loop
      vertex  0.000000e+000  2.347225e+001  1.504493e+001
      vertex  5.000000e+000  2.373744e+001  1.526256e+001
      vertex  0.000000e+000  2.373744e+001  1.526256e+001
    endloop
  endfacet
  facet normal  0.000000e+000 -7.730091e-001  6.343950e-001
    outer loop
      vertex  0.000000e+000  2.373744e+001  1.526256e+001
      vertex  5.000000e+000  2.373744e+001  1.526256e+001
      vertex  5.000000e+000  2.395507e+001  1.552775e+001
    endloop
  endfacet
  facet normal  0.000000e+000 -7.730091e-001  6.343950e-001
    outer loop
      vertex  0.000000e+000  2.373744e+001  1.526256e+001
      vertex  5.000000e+000  2.395507e+001  1.552775e+001
      vertex  0.000000e+000  2.395507e+001  1.552775e+001
    endloop
  endfacet
  facet normal  0.000000e+000 -8.819226e-001  4.713943e-001
    outer loop
      vertex  0.000000e+000  2.395507e+001  1.552775e+001
      vertex  5.000000e+000  2.395507e+001  1.552775e+001
      vertex  5.000000e+000  2.411679e+001  1.583030e+001
    endloop
  endfacet
  facet normal  0.000000e+000 -8.819226e-001  4.713943e-001
    outer loop
      vertex  0.000000e+000  2.395507e+001  1.552775e+001
      vertex  5.000000e+000  2.411679e+001  1.583030e+001
      vertex  0.000000e+000  2.411679e+001  1.583030e+001
    endloop
  endfacet
  facet normal  0.000000e+000 -9.569407e-001  2.902833e-001
    outer loop
      vertex  0.000000e+000  2.411679e+001  1.583030e+001
      vertex  5.000000e+000  2.411679e+001  1.583030e+001
      vertex  5.000000e+000  2.421637e+001  1.615859e+001
    endloop
  endfacet
  facet normal  0.000000e+000 -9.569407e-001  2.902833e-001
    outer loop
      vertex  0.000000e+000  2.411679e+001  1.583030e+001
      vertex  5.000000e+000  2.421637e+001  1.615859e+001
      vertex  0.000000e+000  2.421637e+001  1.615859e+001
    endloop
  endfacet
  facet normal  0.000000e+000 -9.951845e-001  9.801953e-002
    outer loop
      vertex  0.000000e+000  2.421637e+001  1.615859e+001
      vertex  5.000000e+000  2.421637e+001  1.615859e+001
      vertex  5.000000e+000  2.425000e+001  1.650000e+001
    endloop
  endfacet
  facet normal  0.000000e+000 -9.951845e-001  9.801953e-002
    outer loop
      vertex  0.000000e+000  2.421637e+001  1.615859e+001
      vertex  5.000000e+000  2.425000e+001  1.650000e+001
      vertex  0.000000e+000  2.425000e+001  1.650000e+001
    endloop
  endfacet
  facet normal  0.000000e+000 -9.801953e-002 -9.951845e-001
    outer loop
      vertex  5.000000e+000 -2.250000e+001  1.825000e+001
      vertex  0.000000e+000 -2.215859e+001  1.821637e+001
      vertex  5.000000e+000 -2.215859e+001  1.821637e+001
    endloop
  endfacet
  facet normal  -0.000000e+000 -2.902825e-001 -9.569410e-001
    outer loop
      vertex  5.000000e+000 -2.215859e+001  1.821637e+001
      vertex  0.000000e+000 -2.215859e+001  1.821637e+001
      vertex  0.000000e+000 -2.183030e+001  1.811679e+001
    endloop
  endfacet
  facet normal  0.000000e+000 -2.902825e-001 -9.569410e-001
    outer loop
      vertex  5.000000e+000 -2.215859e+001  1.821637e+001
      vertex  0.000000e+000 -2.183030e+001  1.811679e+001
      vertex  5.000000e+000 -2.183030e+001  1.811679e+001
    endloop
  endfacet
  facet normal  -0.000000e+000 -4.713954e-001 -8.819219e-001
    outer loop
      vertex  5.000000e+000 -2.183030e+001  1.811679e+001
      vertex  0.000000e+000 -2.183030e+001  1.811679e+001
      vertex  0.000000e+000 -2.152775e+001  1.795507e+001
    endloop
  endfacet
  facet normal  0.000000e+000 -4.713954e-001 -8.819219e-001
    outer loop
      vertex  5.000000e+000 -2.183030e+001  1.811679e+001
      vertex  0.000000e+000 -2.152775e+001  1.795507e+001
      vertex  5.000000e+000 -2.152775e+001  1.795507e+001
    endloop
  endfacet
  facet normal  -0.000000e+000 -6.343964e-001 -7.730079e-001
    outer loop
      vertex  5.000000e+000 -2.152775e+001  1.795507e+001
      vertex  0.000000e+000 -2.152775e+001  1.795507e+001
      vertex  0.000000e+000 -2.126256e+001  1.773744e+001
    endloop
  endfacet
  facet normal  0.000000e+000 -6.343964e-001 -7.730079e-001
    outer loop
      vertex  5.000000e+000 -2.152775e+001  1.795507e+001
      vertex  0.000000e+000 -2.126256e+001  1.773744e+001
      vertex  5.000000e+000 -2.126256e+001  1.773744e+001
    endloop
  endfacet
  facet normal  -0.000000e+000 -7.730079e-001 -6.343964e-001
    outer loop
      vertex  5.000000e+000 -2.126256e+001  1.773744e+001
      vertex  0.000000e+000 -2.126256e+001  1.773744e+001
      vertex  0.000000e+000 -2.104493e+001  1.747225e+001
    endloop
  endfacet
  facet normal  0.000000e+000 -7.730079e-001 -6.343964e-001
    outer loop
      vertex  5.000000e+000 -2.126256e+001  1.773744e+001
      vertex  0.000000e+000 -2.104493e+001  1.747225e+001
      vertex  5.000000e+000 -2.104493e+001  1.747225e+001
    endloop
  endfacet
  facet normal  -0.000000e+000 -8.819219e-001 -4.713954e-001
    outer loop
      vertex  5.000000e+000 -2.104493e+001  1.747225e+001
      vertex  0.000000e+000 -2.104493e+001  1.747225e+001
      vertex  0.000000e+000 -2.088321e+001  1.716970e+001
    endloop
  endfacet
  facet normal  0.000000e+000 -8.819219e-001 -4.713954e-001
    outer loop
      vertex  5.000000e+000 -2.104493e+001  1.747225e+001
      vertex  0.000000e+000 -2.088321e+001  1.716970e+001
      vertex  5.000000e+000 -2.088321e+001  1.716970e+001
    endloop
  endfacet
  facet normal  -0.000000e+000 -9.569410e-001 -2.902825e-001
    outer loop
      vertex  5.000000e+000 -2.088321e+001  1.716970e+001
      vertex  0.000000e+000 -2.088321e+001  1.716970e+001
      vertex  0.000000e+000 -2.078363e+001  1.684141e+001
    endloop
  endfacet
  facet normal  0.000000e+000 -9.569410e-001 -2.902825e-001
    outer loop
      vertex  5.000000e+000 -2.088321e+001  1.716970e+001
      vertex  0.000000e+000 -2.078363e+001  1.684141e+001
      vertex  5.000000e+000 -2.078363e+001  1.684141e+001
    endloop
  endfacet
  facet normal  -0.000000e+000 -9.951845e-001 -9.801953e-002
    outer loop
      vertex  5.000000e+000 -2.078363e+001  1.684141e+001
      vertex  0.000000e+000 -2.078363e+001  1.684141e+001
      vertex  0.000000e+000 -2.075000e+001  1.650000e+001
    endloop
  endfacet
  facet normal  0.000000e+000 -9.951845e-001 -9.801953e-002
    outer loop
      vertex  5.000000e+000 -2.078363e+001  1.684141e+001
      vertex  0.000000e+000 -2.075000e+001  1.650000e+001
      vertex  5.000000e+000 -2.075000e+001  1.650000e+001
    endloop
  endfacet
  facet normal  -0.000000e+000 -9.801953e-002 -9.951845e-001
    outer loop
      vertex  0.000000e+000 -2.215859e+001  1.821637e+001
      vertex  5.000000e+000 -2.250000e+001  1.825000e+001
      vertex  0.000000e+000 -2.250000e+001  1.825000e+001
    endloop
  endfacet
  facet normal  0.000000e+000  9.801953e-002 -9.951845e-001
    outer loop
      vertex  0.000000e+000 -2.250000e+001  1.825000e+001
      vertex  5.000000e+000 -2.250000e+001  1.825000e+001
      vertex  5.000000e+000 -2.284141e+001  1.821637e+001
    endloop
  endfacet
  facet normal  0.000000e+000  9.801953e-002 -9.951845e-001
    outer loop
      vertex  0.000000e+000 -2.250000e+001  1.825000e+001
      vertex  5.000000e+000 -2.284141e+001  1.821637e+001
      vertex  0.000000e+000 -2.284141e+001  1.821637e+001
    endloop
  endfacet
  facet normal  0.000000e+000  2.902825e-001 -9.569410e-001
    outer loop
      vertex  0.000000e+000 -2.284141e+001  1.821637e+001
      vertex  5.000000e+000 -2.284141e+001  1.821637e+001
      vertex  5.000000e+000 -2.316970e+001  1.811679e+001
    endloop
  endfacet
  facet normal  0.000000e+000  2.902825e-001 -9.569410e-001
    outer loop
      vertex  0.000000e+000 -2.284141e+001  1.821637e+001
      vertex  5.000000e+000 -2.316970e+001  1.811679e+001
      vertex  0.000000e+000 -2.316970e+001  1.811679e+001
    endloop
  endfacet
  facet normal  0.000000e+000  4.713954e-001 -8.819219e-001
    outer loop
      vertex  0.000000e+000 -2.316970e+001  1.811679e+001
      vertex  5.000000e+000 -2.316970e+001  1.811679e+001
      vertex  5.000000e+000 -2.347225e+001  1.795507e+001
    endloop
  endfacet
  facet normal  0.000000e+000  4.713954e-001 -8.819219e-001
    outer loop
      vertex  0.000000e+000 -2.316970e+001  1.811679e+001
      vertex  5.000000e+000 -2.347225e+001  1.795507e+001
      vertex  0.000000e+000 -2.347225e+001  1.795507e+001
    endloop
  endfacet
  facet normal  0.000000e+000  6.343964e-001 -7.730079e-001
    outer loop
      vertex  0.000000e+000 -2.347225e+001  1.795507e+001
      vertex  5.000000e+000 -2.347225e+001  1.795507e+001
      vertex  5.000000e+000 -2.373744e+001  1.773744e+001
    endloop
  endfacet
  facet normal  0.000000e+000  6.343964e-001 -7.730079e-001
    outer loop
      vertex  0.000000e+000 -2.347225e+001  1.795507e+001
      vertex  5.000000e+000 -2.373744e+001  1.773744e+001
      vertex  0.000000e+000 -2.373744e+001  1.773744e+001
    endloop
  endfacet
  facet normal  0.000000e+000  7.730079e-001 -6.343964e-001
    outer loop
      vertex  0.000000e+000 -2.373744e+001  1.773744e+001
      vertex  5.000000e+000 -2.373744e+001  1.773744e+001
      vertex  5.000000e+000 -2.395507e+001  1.747225e+001
    endloop
  endfacet
  facet normal  0.000000e+000  7.730079e-001 -6.343964e-001
    outer loop
      vertex  0.000000e+000 -2.373744e+001  1.773744e+001
      vertex  5.000000e+000 -2.395507e+001  1.747225e+001
      vertex  0.000000e+000 -2.395507e+001  1.747225e+001
    endloop
  endfacet
  facet normal  0.000000e+000  8.819219e-001 -4.713954e-001
    outer loop
      vertex  0.000000e+000 -2.395507e+001  1.747225e+001
      vertex  5.000000e+000 -2.395507e+001  1.747225e+001
      vertex  5.000000e+000 -2.411679e+001  1.716970e+001
    endloop
  endfacet
  facet normal  0.000000e+000  8.819219e-001 -4.713954e-001
    outer loop
      vertex  0.000000e+000 -2.395507e+001  1.747225e+001
      vertex  5.000000e+000 -2.411679e+001  1.716970e+001
      vertex  0.000000e+000 -2.411679e+001  1.716970e+001
    endloop
  endfacet
  facet normal  0.000000e+000  9.569410e-001 -2.902825e-001
    outer loop
      vertex  0.000000e+000 -2.411679e+001  1.716970e+001
      vertex  5.000000e+000 -2.411679e+001  1.716970e+001
      vertex  5.000000e+000 -2.421637e+001  1.684141e+001
    endloop
  endfacet
  facet normal  0.000000e+000  9.569410e-001 -2.902825e-001
    outer loop
      vertex  0.000000e+000 -2.411679e+001  1.716970e+001
      vertex  5.000000e+000 -2.421637e+001  1.684141e+001
      vertex  0.000000e+000 -2.421637e+001  1.684141e+001
    endloop
  endfacet
  facet normal  0.000000e+000  9.951845e-001 -9.801953e-002
    outer loop
      vertex  0.000000e+000 -2.421637e+001  1.684141e+001
      vertex  5.000000e+000 -2.421637e+001  1.684141e+001
      vertex  5.000000e+000 -2.425000e+001  1.650000e+001
    endloop
  endfacet
  facet normal  0.000000e+000  9.951845e-001 -9.801953e-002
    outer loop
      vertex  0.000000e+000 -2.421637e+001  1.684141e+001
      vertex  5.000000e+000 -2.425000e+001  1.650000e+001
      vertex  0.000000e+000 -2.425000e+001  1.650000e+001
    endloop
  endfacet
  facet normal  -0.000000e+000  9.801677e-002  9.951847e-001
    outer loop
      vertex  5.000000e+000 -2.250000e+001  1.475000e+001
      vertex  0.000000e+000 -2.284141e+001  1.478363e+001
      vertex  5.000000e+000 -2.284141e+001  1.478363e+001
    endloop
  endfacet
  facet normal  0.000000e+000  2.902851e-001  9.569402e-001
    outer loop
      vertex  5.000000e+000 -2.284141e+001  1.478363e+001
      vertex  0.000000e+000 -2.284141e+001  1.478363e+001
      vertex  0.000000e+000 -2.316970e+001  1.488321e+001
    endloop
  endfacet
  facet normal  -0.000000e+000  2.902851e-001  9.569402e-001
    outer loop
      vertex  5.000000e+000 -2.284141e+001  1.478363e+001
      vertex  0.000000e+000 -2.316970e+001  1.488321e+001
      vertex  5.000000e+000 -2.316970e+001  1.488321e+001
    endloop
  endfacet
  facet normal  0.000000e+000  4.713976e-001  8.819208e-001
    outer loop
      vertex  5.000000e+000 -2.316970e+001  1.488321e+001
      vertex  0.000000e+000 -2.316970e+001  1.488321e+001
      vertex  0.000000e+000 -2.347225e+001  1.504493e+001
    endloop
  endfacet
  facet normal  -0.000000e+000  4.713976e-001  8.819208e-001
    outer loop
      vertex  5.000000e+000 -2.316970e+001  1.488321e+001
      vertex  0.000000e+000 -2.347225e+001  1.504493e+001
      vertex  5.000000e+000 -2.347225e+001  1.504493e+001
    endloop
  endfacet
  facet normal  0.000000e+000  6.343930e-001  7.730106e-001
    outer loop
      vertex  5.000000e+000 -2.347225e+001  1.504493e+001
      vertex  0.000000e+000 -2.347225e+001  1.504493e+001
      vertex  0.000000e+000 -2.373744e+001  1.526256e+001
    endloop
  endfacet
  facet normal  -0.000000e+000  6.343930e-001  7.730106e-001
    outer loop
      vertex  5.000000e+000 -2.347225e+001  1.504493e+001
      vertex  0.000000e+000 -2.373744e+001  1.526256e+001
      vertex  5.000000e+000 -2.373744e+001  1.526256e+001
    endloop
  endfacet
  facet normal  0.000000e+000  7.730091e-001  6.343950e-001
    outer loop
      vertex  5.000000e+000 -2.373744e+001  1.526256e+001
      vertex  0.000000e+000 -2.373744e+001  1.526256e+001
      vertex  0.000000e+000 -2.395507e+001  1.552775e+001
    endloop
  endfacet
  facet normal  -0.000000e+000  7.730091e-001  6.343950e-001
    outer loop
      vertex  5.000000e+000 -2.373744e+001  1.526256e+001
      vertex  0.000000e+000 -2.395507e+001  1.552775e+001
      vertex  5.000000e+000 -2.395507e+001  1.552775e+001
    endloop
  endfacet
  facet normal  0.000000e+000  8.819226e-001  4.713943e-001
    outer loop
      vertex  5.000000e+000 -2.395507e+001  1.552775e+001
      vertex  0.000000e+000 -2.395507e+001  1.552775e+001
      vertex  0.000000e+000 -2.411679e+001  1.583030e+001
    endloop
  endfacet
  facet normal  -0.000000e+000  8.819226e-001  4.713943e-001
    outer loop
      vertex  5.000000e+000 -2.395507e+001  1.552775e+001
      vertex  0.000000e+000 -2.411679e+001  1.583030e+001
      vertex  5.000000e+000 -2.411679e+001  1.583030e+001
    endloop
  endfacet
  facet normal  0.000000e+000  9.569407e-001  2.902833e-001
    outer loop
      vertex  5.000000e+000 -2.411679e+001  1.583030e+001
      vertex  0.000000e+000 -2.411679e+001  1.583030e+001
      vertex  0.000000e+000 -2.421637e+001  1.615859e+001
    endloop
  endfacet
  facet normal  -0.000000e+000  9.569407e-001  2.902833e-001
    outer loop
      vertex  5.000000e+000 -2.411679e+001  1.583030e+001
      vertex  0.000000e+000 -2.421637e+001  1.615859e+001
      vertex  5.000000e+000 -2.421637e+001  1.615859e+001
    endloop
  endfacet
  facet normal  0.000000e+000  9.951845e-001  9.801953e-002
    outer loop
      vertex  5.000000e+000 -2.421637e+001  1.615859e+001
      vertex  0.000000e+000 -2.421637e+001  1.615859e+001
      vertex  0.000000e+000 -2.425000e+001  1.650000e+001
    endloop
  endfacet
  facet normal  -0.000000e+000  9.951845e-001  9.801953e-002
    outer loop
      vertex  5.000000e+000 -2.421637e+001  1.615859e+001
      vertex  0.000000e+000 -2.425000e+001  1.650000e+001
      vertex  5.000000e+000 -2.425000e+001  1.650000e+001
    endloop
  endfacet
  facet normal  0.000000e+000  9.801677e-002  9.951847e-001
    outer loop
      vertex  0.000000e+000 -2.284141e+001  1.478363e+001
      vertex  5.000000e+000 -2.250000e+001  1.475000e+001
      vertex  0.000000e+000 -2.250000e+001  1.475000e+001
    endloop
  endfacet
  facet normal  0.000000e+000 -9.801677e-002  9.951847e-001
    outer loop
      vertex  0.000000e+000 -2.250000e+001  1.475000e+001
      vertex  5.000000e+000 -2.250000e+001  1.475000e+001
      vertex  5.000000e+000 -2.215859e+001  1.478363e+001
    endloop
  endfacet
  facet normal  0.000000e+000 -9.801677e-002  9.951847e-001
    outer loop
      vertex  0.000000e+000 -2.250000e+001  1.475000e+001
      vertex  5.000000e+000 -2.215859e+001  1.478363e+001
      vertex  0.000000e+000 -2.215859e+001  1.478363e+001
    endloop
  endfacet
  facet normal  0.000000e+000 -2.902851e-001  9.569402e-001
    outer loop
      vertex  0.000000e+000 -2.215859e+001  1.478363e+001
      vertex  5.000000e+000 -2.215859e+001  1.478363e+001
      vertex  5.000000e+000 -2.183030e+001  1.488321e+001
    endloop
  endfacet
  facet normal  0.000000e+000 -2.902851e-001  9.569402e-001
    outer loop
      vertex  0.000000e+000 -2.215859e+001  1.478363e+001
      vertex  5.000000e+000 -2.183030e+001  1.488321e+001
      vertex  0.000000e+000 -2.183030e+001  1.488321e+001
    endloop
  endfacet
  facet normal  0.000000e+000 -4.713976e-001  8.819208e-001
    outer loop
      vertex  0.000000e+000 -2.183030e+001  1.488321e+001
      vertex  5.000000e+000 -2.183030e+001  1.488321e+001
      vertex  5.000000e+000 -2.152775e+001  1.504493e+001
    endloop
  endfacet
  facet normal  0.000000e+000 -4.713976e-001  8.819208e-001
    outer loop
      vertex  0.000000e+000 -2.183030e+001  1.488321e+001
      vertex  5.000000e+000 -2.152775e+001  1.504493e+001
      vertex  0.000000e+000 -2.152775e+001  1.504493e+001
    endloop
  endfacet
  facet normal  0.000000e+000 -6.343930e-001  7.730106e-001
    outer loop
      vertex  0.000000e+000 -2.152775e+001  1.504493e+001
      vertex  5.000000e+000 -2.152775e+001  1.504493e+001
      vertex  5.000000e+000 -2.126256e+001  1.526256e+001
    endloop
  endfacet
  facet normal  0.000000e+000 -6.343930e-001  7.730106e-001
    outer loop
      vertex  0.000000e+000 -2.152775e+001  1.504493e+001
      vertex  5.000000e+000 -2.126256e+001  1.526256e+001
      vertex  0.000000e+000 -2.126256e+001  1.526256e+001
    endloop
  endfacet
  facet normal  0.000000e+000 -7.730091e-001  6.343950e-001
    outer loop
      vertex  0.000000e+000 -2.126256e+001  1.526256e+001
      vertex  5.000000e+000 -2.126256e+001  1.526256e+001
      vertex  5.000000e+000 -2.104493e+001  1.552775e+001
    endloop
  endfacet
  facet normal  0.000000e+000 -7.730091e-001  6.343950e-001
    outer loop
      vertex  0.000000e+000 -2.126256e+001  1.526256e+001
      vertex  5.000000e+000 -2.104493e+001  1.552775e+001
      vertex  0.000000e+000 -2.104493e+001  1.552775e+001
    endloop
  endfacet
  facet normal  0.000000e+000 -8.819226e-001  4.713943e-001
    outer loop
      vertex  0.000000e+000 -2.104493e+001  1.552775e+001
      vertex  5.000000e+000 -2.104493e+001  1.552775e+001
      vertex  5.000000e+000 -2.088321e+001  1.583030e+001
    endloop
  endfacet
  facet normal  0.000000e+000 -8.819226e-001  4.713943e-001
    outer loop
      vertex  0.000000e+000 -2.104493e+001  1.552775e+001
      vertex  5.000000e+000 -2.088321e+001  1.583030e+001
      vertex  0.000000e+000 -2.088321e+001  1.583030e+001
    endloop
  endfacet
  facet normal  0.000000e+000 -9.569407e-001  2.902833e-001
    outer loop
      vertex  0.000000e+000 -2.088321e+001  1.583030e+001
      vertex  5.000000e+000 -2.088321e+001  1.583030e+001
      vertex  5.000000e+000 -2.078363e+001  1.615859e+001
    endloop
  endfacet
  facet normal  0.000000e+000 -9.569407e-001  2.902833e-001
    outer loop
      vertex  0.000000e+000 -2.088321e+001  1.583030e+001
      vertex  5.000000e+000 -2.078363e+001  1.615859e+001
      vertex  0.000000e+000 -2.078363e+001  1.615859e+001
    endloop
  endfacet
  facet normal  0.000000e+000 -9.951845e-001  9.801953e-002
    outer loop
      vertex  0.000000e+000 -2.078363e+001  1.615859e+001
      vertex  5.000000e+000 -2.078363e+001  1.615859e+001
      vertex  5.000000e+000 -2.075000e+001  1.650000e+001
    endloop
  endfacet
  facet normal  0.000000e+000 -9.951845e-001  9.801953e-002
    outer loop
      vertex  0.000000e+000 -2.078363e+001  1.615859e+001
      vertex  5.000000e+000 -2.075000e+001  1.650000e+001
      vertex  0.000000e+000 -2.075000e+001  1.650000e+001
    endloop
  endfacet
  facet normal -9.961949e-001 -8.715343e-002  -0.000000e+000
    outer loop
      vertex  3.745000e+001  5.500000e+001  0.000000e+000
      vertex  3.741278e+001  5.542544e+001  4.000000e+000
      vertex  3.741278e+001  5.542544e+001  0.000000e+000
    endloop
  endfacet
  facet normal -9.659241e-001 -2.588255e-001  0.000000e+000
    outer loop
      vertex  3.741278e+001  5.542544e+001  0.000000e+000
      vertex  3.741278e+001  5.542544e+001  4.000000e+000
      vertex  3.730225e+001  5.583795e+001  4.000000e+000
    endloop
  endfacet
  facet normal -9.659241e-001 -2.588255e-001  -0.000000e+000
    outer loop
      vertex  3.741278e+001  5.542544e+001  0.000000e+000
      vertex  3.730225e+001  5.583795e+001  4.000000e+000
      vertex  3.730225e+001  5.583795e+001  0.000000e+000
    endloop
  endfacet
  facet normal -9.063077e-001 -4.226184e-001  0.000000e+000
    outer loop
      vertex  3.730225e+001  5.583795e+001  0.000000e+000
      vertex  3.730225e+001  5.583795e+001  4.000000e+000
      vertex  3.712176e+001  5.622500e+001  4.000000e+000
    endloop
  endfacet
  facet normal -9.063077e-001 -4.226184e-001  -0.000000e+000
    outer loop
      vertex  3.730225e+001  5.583795e+001  0.000000e+000
      vertex  3.712176e+001  5.622500e+001  4.000000e+000
      vertex  3.712176e+001  5.622500e+001  0.000000e+000
    endloop
  endfacet
  facet normal -8.191530e-001 -5.735750e-001  0.000000e+000
    outer loop
      vertex  3.712176e+001  5.622500e+001  0.000000e+000
      vertex  3.712176e+001  5.622500e+001  4.000000e+000
      vertex  3.687681e+001  5.657483e+001  4.000000e+000
    endloop
  endfacet
  facet normal -8.191530e-001 -5.735750e-001  -0.000000e+000
    outer loop
      vertex  3.712176e+001  5.622500e+001  0.000000e+000
      vertex  3.687681e+001  5.657483e+001  4.000000e+000
      vertex  3.687681e+001  5.657483e+001  0.000000e+000
    endloop
  endfacet
  facet normal -7.071068e-001 -7.071068e-001  0.000000e+000
    outer loop
      vertex  3.687681e+001  5.657483e+001  0.000000e+000
      vertex  3.687681e+001  5.657483e+001  4.000000e+000
      vertex  3.657483e+001  5.687681e+001  4.000000e+000
    endloop
  endfacet
  facet normal -7.071068e-001 -7.071068e-001  -0.000000e+000
    outer loop
      vertex  3.687681e+001  5.657483e+001  0.000000e+000
      vertex  3.657483e+001  5.687681e+001  4.000000e+000
      vertex  3.657483e+001  5.687681e+001  0.000000e+000
    endloop
  endfacet
  facet normal -5.735750e-001 -8.191530e-001  0.000000e+000
    outer loop
      vertex  3.657483e+001  5.687681e+001  0.000000e+000
      vertex  3.657483e+001  5.687681e+001  4.000000e+000
      vertex  3.622500e+001  5.712176e+001  4.000000e+000
    endloop
  endfacet
  facet normal -5.735750e-001 -8.191530e-001  -0.000000e+000
    outer loop
      vertex  3.657483e+001  5.687681e+001  0.000000e+000
      vertex  3.622500e+001  5.712176e+001  4.000000e+000
      vertex  3.622500e+001  5.712176e+001  0.000000e+000
    endloop
  endfacet
  facet normal -4.226184e-001 -9.063077e-001  0.000000e+000
    outer loop
      vertex  3.622500e+001  5.712176e+001  0.000000e+000
      vertex  3.622500e+001  5.712176e+001  4.000000e+000
      vertex  3.583795e+001  5.730225e+001  4.000000e+000
    endloop
  endfacet
  facet normal -4.226184e-001 -9.063077e-001  -0.000000e+000
    outer loop
      vertex  3.622500e+001  5.712176e+001  0.000000e+000
      vertex  3.583795e+001  5.730225e+001  4.000000e+000
      vertex  3.583795e+001  5.730225e+001  0.000000e+000
    endloop
  endfacet
  facet normal -2.588255e-001 -9.659241e-001  0.000000e+000
    outer loop
      vertex  3.583795e+001  5.730225e+001  0.000000e+000
      vertex  3.583795e+001  5.730225e+001  4.000000e+000
      vertex  3.542544e+001  5.741278e+001  4.000000e+000
    endloop
  endfacet
  facet normal -2.588255e-001 -9.659241e-001  -0.000000e+000
    outer loop
      vertex  3.583795e+001  5.730225e+001  0.000000e+000
      vertex  3.542544e+001  5.741278e+001  4.000000e+000
      vertex  3.542544e+001  5.741278e+001  0.000000e+000
    endloop
  endfacet
  facet normal -8.715343e-002 -9.961949e-001  0.000000e+000
    outer loop
      vertex  3.542544e+001  5.741278e+001  0.000000e+000
      vertex  3.542544e+001  5.741278e+001  4.000000e+000
      vertex  3.500000e+001  5.745000e+001  4.000000e+000
    endloop
  endfacet
  facet normal -8.715343e-002 -9.961949e-001  -0.000000e+000
    outer loop
      vertex  3.542544e+001  5.741278e+001  0.000000e+000
      vertex  3.500000e+001  5.745000e+001  4.000000e+000
      vertex  3.500000e+001  5.745000e+001  0.000000e+000
    endloop
  endfacet
  facet normal -9.961949e-001 -8.715343e-002  0.000000e+000
    outer loop
      vertex  3.741278e+001  5.542544e+001  4.000000e+000
      vertex  3.745000e+001  5.500000e+001  0.000000e+000
      vertex  3.745000e+001  5.500000e+001  4.000000e+000
    endloop
  endfacet
  facet normal -9.961949e-001  8.715343e-002  0.000000e+000
    outer loop
      vertex  3.745000e+001  5.500000e+001  4.000000e+000
      vertex  3.745000e+001  5.500000e+001  0.000000e+000
      vertex  3.741278e+001  5.457456e+001  0.000000e+000
    endloop
  endfacet
  facet normal -9.961949e-001  8.715343e-002  0.000000e+000
    outer loop
      vertex  3.745000e+001  5.500000e+001  4.000000e+000
      vertex  3.741278e+001  5.457456e+001  0.000000e+000
      vertex  3.741278e+001  5.457456e+001  4.000000e+000
    endloop
  endfacet
  facet normal -9.659241e-001  2.588255e-001  0.000000e+000
    outer loop
      vertex  3.741278e+001  5.457456e+001  4.000000e+000
      vertex  3.741278e+001  5.457456e+001  0.000000e+000
      vertex  3.730225e+001  5.416205e+001  0.000000e+000
    endloop
  endfacet
  facet normal -9.659241e-001  2.588255e-001  0.000000e+000
    outer loop
      vertex  3.741278e+001  5.457456e+001  4.000000e+000
      vertex  3.730225e+001  5.416205e+001  0.000000e+000
      vertex  3.730225e+001  5.416205e+001  4.000000e+000
    endloop
  endfacet
  facet normal -9.063077e-001  4.226184e-001  0.000000e+000
    outer loop
      vertex  3.730225e+001  5.416205e+001  4.000000e+000
      vertex  3.730225e+001  5.416205e+001  0.000000e+000
      vertex  3.712176e+001  5.377500e+001  0.000000e+000
    endloop
  endfacet
  facet normal -9.063077e-001  4.226184e-001  0.000000e+000
    outer loop
      vertex  3.730225e+001  5.416205e+001  4.000000e+000
      vertex  3.712176e+001  5.377500e+001  0.000000e+000
      vertex  3.712176e+001  5.377500e+001  4.000000e+000
    endloop
  endfacet
  facet normal -8.191530e-001  5.735750e-001  0.000000e+000
    outer loop
      vertex  3.712176e+001  5.377500e+001  4.000000e+000
      vertex  3.712176e+001  5.377500e+001  0.000000e+000
      vertex  3.687681e+001  5.342517e+001  0.000000e+000
    endloop
  endfacet
  facet normal -8.191530e-001  5.735750e-001  0.000000e+000
    outer loop
      vertex  3.712176e+001  5.377500e+001  4.000000e+000
      vertex  3.687681e+001  5.342517e+001  0.000000e+000
      vertex  3.687681e+001  5.342517e+001  4.000000e+000
    endloop
  endfacet
  facet normal -7.071068e-001  7.071068e-001  0.000000e+000
    outer loop
      vertex  3.687681e+001  5.342517e+001  4.000000e+000
      vertex  3.687681e+001  5.342517e+001  0.000000e+000
      vertex  3.657483e+001  5.312319e+001  0.000000e+000
    endloop
  endfacet
  facet normal -7.071068e-001  7.071068e-001  0.000000e+000
    outer loop
      vertex  3.687681e+001  5.342517e+001  4.000000e+000
      vertex  3.657483e+001  5.312319e+001  0.000000e+000
      vertex  3.657483e+001  5.312319e+001  4.000000e+000
    endloop
  endfacet
  facet normal -5.735750e-001  8.191530e-001  0.000000e+000
    outer loop
      vertex  3.657483e+001  5.312319e+001  4.000000e+000
      vertex  3.657483e+001  5.312319e+001  0.000000e+000
      vertex  3.622500e+001  5.287824e+001  0.000000e+000
    endloop
  endfacet
  facet normal -5.735750e-001  8.191530e-001  0.000000e+000
    outer loop
      vertex  3.657483e+001  5.312319e+001  4.000000e+000
      vertex  3.622500e+001  5.287824e+001  0.000000e+000
      vertex  3.622500e+001  5.287824e+001  4.000000e+000
    endloop
  endfacet
  facet normal -4.226184e-001  9.063077e-001  0.000000e+000
    outer loop
      vertex  3.622500e+001  5.287824e+001  4.000000e+000
      vertex  3.622500e+001  5.287824e+001  0.000000e+000
      vertex  3.583795e+001  5.269775e+001  0.000000e+000
    endloop
  endfacet
  facet normal -4.226184e-001  9.063077e-001  0.000000e+000
    outer loop
      vertex  3.622500e+001  5.287824e+001  4.000000e+000
      vertex  3.583795e+001  5.269775e+001  0.000000e+000
      vertex  3.583795e+001  5.269775e+001  4.000000e+000
    endloop
  endfacet
  facet normal -2.588255e-001  9.659241e-001  0.000000e+000
    outer loop
      vertex  3.583795e+001  5.269775e+001  4.000000e+000
      vertex  3.583795e+001  5.269775e+001  0.000000e+000
      vertex  3.542544e+001  5.258722e+001  0.000000e+000
    endloop
  endfacet
  facet normal -2.588255e-001  9.659241e-001  0.000000e+000
    outer loop
      vertex  3.583795e+001  5.269775e+001  4.000000e+000
      vertex  3.542544e+001  5.258722e+001  0.000000e+000
      vertex  3.542544e+001  5.258722e+001  4.000000e+000
    endloop
  endfacet
  facet normal -8.715343e-002  9.961949e-001  0.000000e+000
    outer loop
      vertex  3.542544e+001  5.258722e+001  4.000000e+000
      vertex  3.542544e+001  5.258722e+001  0.000000e+000
      vertex  3.500000e+001  5.255000e+001  0.000000e+000
    endloop
  endfacet
  facet normal -8.715343e-002  9.961949e-001  0.000000e+000
    outer loop
      vertex  3.542544e+001  5.258722e+001  4.000000e+000
      vertex  3.500000e+001  5.255000e+001  0.000000e+000
      vertex  3.500000e+001  5.255000e+001  4.000000e+000
    endloop
  endfacet
  facet normal  9.961949e-001  8.715343e-002  0.000000e+000
    outer loop
      vertex  3.255000e+001  5.500000e+001  0.000000e+000
      vertex  3.258722e+001  5.457456e+001  4.000000e+000
      vertex  3.258722e+001  5.457456e+001  0.000000e+000
    endloop
  endfacet
  facet normal  9.659241e-001  2.588255e-001  -0.000000e+000
    outer loop
      vertex  3.258722e+001  5.457456e+001  0.000000e+000
      vertex  3.258722e+001  5.457456e+001  4.000000e+000
      vertex  3.269775e+001  5.416205e+001  4.000000e+000
    endloop
  endfacet
  facet normal  9.659241e-001  2.588255e-001  0.000000e+000
    outer loop
      vertex  3.258722e+001  5.457456e+001  0.000000e+000
      vertex  3.269775e+001  5.416205e+001  4.000000e+000
      vertex  3.269775e+001  5.416205e+001  0.000000e+000
    endloop
  endfacet
  facet normal  9.063077e-001  4.226184e-001  -0.000000e+000
    outer loop
      vertex  3.269775e+001  5.416205e+001  0.000000e+000
      vertex  3.269775e+001  5.416205e+001  4.000000e+000
      vertex  3.287824e+001  5.377500e+001  4.000000e+000
    endloop
  endfacet
  facet normal  9.063077e-001  4.226184e-001  0.000000e+000
    outer loop
      vertex  3.269775e+001  5.416205e+001  0.000000e+000
      vertex  3.287824e+001  5.377500e+001  4.000000e+000
      vertex  3.287824e+001  5.377500e+001  0.000000e+000
    endloop
  endfacet
  facet normal  8.191530e-001  5.735750e-001  -0.000000e+000
    outer loop
      vertex  3.287824e+001  5.377500e+001  0.000000e+000
      vertex  3.287824e+001  5.377500e+001  4.000000e+000
      vertex  3.312319e+001  5.342517e+001  4.000000e+000
    endloop
  endfacet
  facet normal  8.191530e-001  5.735750e-001  0.000000e+000
    outer loop
      vertex  3.287824e+001  5.377500e+001  0.000000e+000
      vertex  3.312319e+001  5.342517e+001  4.000000e+000
      vertex  3.312319e+001  5.342517e+001  0.000000e+000
    endloop
  endfacet
  facet normal  7.071068e-001  7.071068e-001  -0.000000e+000
    outer loop
      vertex  3.312319e+001  5.342517e+001  0.000000e+000
      vertex  3.312319e+001  5.342517e+001  4.000000e+000
      vertex  3.342517e+001  5.312319e+001  4.000000e+000
    endloop
  endfacet
  facet normal  7.071068e-001  7.071068e-001  0.000000e+000
    outer loop
      vertex  3.312319e+001  5.342517e+001  0.000000e+000
      vertex  3.342517e+001  5.312319e+001  4.000000e+000
      vertex  3.342517e+001  5.312319e+001  0.000000e+000
    endloop
  endfacet
  facet normal  5.735750e-001  8.191530e-001  -0.000000e+000
    outer loop
      vertex  3.342517e+001  5.312319e+001  0.000000e+000
      vertex  3.342517e+001  5.312319e+001  4.000000e+000
      vertex  3.377500e+001  5.287824e+001  4.000000e+000
    endloop
  endfacet
  facet normal  5.735750e-001  8.191530e-001  0.000000e+000
    outer loop
      vertex  3.342517e+001  5.312319e+001  0.000000e+000
      vertex  3.377500e+001  5.287824e+001  4.000000e+000
      vertex  3.377500e+001  5.287824e+001  0.000000e+000
    endloop
  endfacet
  facet normal  4.226184e-001  9.063077e-001  -0.000000e+000
    outer loop
      vertex  3.377500e+001  5.287824e+001  0.000000e+000
      vertex  3.377500e+001  5.287824e+001  4.000000e+000
      vertex  3.416205e+001  5.269775e+001  4.000000e+000
    endloop
  endfacet
  facet normal  4.226184e-001  9.063077e-001  0.000000e+000
    outer loop
      vertex  3.377500e+001  5.287824e+001  0.000000e+000
      vertex  3.416205e+001  5.269775e+001  4.000000e+000
      vertex  3.416205e+001  5.269775e+001  0.000000e+000
    endloop
  endfacet
  facet normal  2.588255e-001  9.659241e-001  -0.000000e+000
    outer loop
      vertex  3.416205e+001  5.269775e+001  0.000000e+000
      vertex  3.416205e+001  5.269775e+001  4.000000e+000
      vertex  3.457456e+001  5.258722e+001  4.000000e+000
    endloop
  endfacet
  facet normal  2.588255e-001  9.659241e-001  0.000000e+000
    outer loop
      vertex  3.416205e+001  5.269775e+001  0.000000e+000
      vertex  3.457456e+001  5.258722e+001  4.000000e+000
      vertex  3.457456e+001  5.258722e+001  0.000000e+000
    endloop
  endfacet
  facet normal  8.715343e-002  9.961949e-001  -0.000000e+000
    outer loop
      vertex  3.457456e+001  5.258722e+001  0.000000e+000
      vertex  3.457456e+001  5.258722e+001  4.000000e+000
      vertex  3.500000e+001  5.255000e+001  4.000000e+000
    endloop
  endfacet
  facet normal  8.715343e-002  9.961949e-001  0.000000e+000
    outer loop
      vertex  3.457456e+001  5.258722e+001  0.000000e+000
      vertex  3.500000e+001  5.255000e+001  4.000000e+000
      vertex  3.500000e+001  5.255000e+001  0.000000e+000
    endloop
  endfacet
  facet normal  9.961949e-001  8.715343e-002  -0.000000e+000
    outer loop
      vertex  3.258722e+001  5.457456e+001  4.000000e+000
      vertex  3.255000e+001  5.500000e+001  0.000000e+000
      vertex  3.255000e+001  5.500000e+001  4.000000e+000
    endloop
  endfacet
  facet normal  9.961949e-001 -8.715343e-002  0.000000e+000
    outer loop
      vertex  3.255000e+001  5.500000e+001  4.000000e+000
      vertex  3.255000e+001  5.500000e+001  0.000000e+000
      vertex  3.258722e+001  5.542544e+001  0.000000e+000
    endloop
  endfacet
  facet normal  9.961949e-001 -8.715343e-002  0.000000e+000
    outer loop
      vertex  3.255000e+001  5.500000e+001  4.000000e+000
      vertex  3.258722e+001  5.542544e+001  0.000000e+000
      vertex  3.258722e+001  5.542544e+001  4.000000e+000
    endloop
  endfacet
  facet normal  9.659241e-001 -2.588255e-001  0.000000e+000
    outer loop
      vertex  3.258722e+001  5.542544e+001  4.000000e+000
      vertex  3.258722e+001  5.542544e+001  0.000000e+000
      vertex  3.269775e+001  5.583795e+001  0.000000e+000
    endloop
  endfacet
  facet normal  9.659241e-001 -2.588255e-001  0.000000e+000
    outer loop
      vertex  3.258722e+001  5.542544e+001  4.000000e+000
      vertex  3.269775e+001  5.583795e+001  0.000000e+000
      vertex  3.269775e+001  5.583795e+001  4.000000e+000
    endloop
  endfacet
  facet normal  9.063077e-001 -4.226184e-001  0.000000e+000
    outer loop
      vertex  3.269775e+001  5.583795e+001  4.000000e+000
      vertex  3.269775e+001  5.583795e+001  0.000000e+000
      vertex  3.287824e+001  5.622500e+001  0.000000e+000
    endloop
  endfacet
  facet normal  9.063077e-001 -4.226184e-001  0.000000e+000
    outer loop
      vertex  3.269775e+001  5.583795e+001  4.000000e+000
      vertex  3.287824e+001  5.622500e+001  0.000000e+000
      vertex  3.287824e+001  5.622500e+001  4.000000e+000
    endloop
  endfacet
  facet normal  8.191530e-001 -5.735750e-001  0.000000e+000
    outer loop
      vertex  3.287824e+001  5.622500e+001  4.000000e+000
      vertex  3.287824e+001  5.622500e+001  0.000000e+000
      vertex  3.312319e+001  5.657483e+001  0.000000e+000
    endloop
  endfacet
  facet normal  8.191530e-001 -5.735750e-001  0.000000e+000
    outer loop
      vertex  3.287824e+001  5.622500e+001  4.000000e+000
      vertex  3.312319e+001  5.657483e+001  0.000000e+000
      vertex  3.312319e+001  5.657483e+001  4.000000e+000
    endloop
  endfacet
  facet normal  7.071068e-001 -7.071068e-001  0.000000e+000
    outer loop
      vertex  3.312319e+001  5.657483e+001  4.000000e+000
      vertex  3.312319e+001  5.657483e+001  0.000000e+000
      vertex  3.342517e+001  5.687681e+001  0.000000e+000
    endloop
  endfacet
  facet normal  7.071068e-001 -7.071068e-001  0.000000e+000
    outer loop
      vertex  3.312319e+001  5.657483e+001  4.000000e+000
      vertex  3.342517e+001  5.687681e+001  0.000000e+000
      vertex  3.342517e+001  5.687681e+001  4.000000e+000
    endloop
  endfacet
  facet normal  5.735750e-001 -8.191530e-001  0.000000e+000
    outer loop
      vertex  3.342517e+001  5.687681e+001  4.000000e+000
      vertex  3.342517e+001  5.687681e+001  0.000000e+000
      vertex  3.377500e+001  5.712176e+001  0.000000e+000
    endloop
  endfacet
  facet normal  5.735750e-001 -8.191530e-001  0.000000e+000
    outer loop
      vertex  3.342517e+001  5.687681e+001  4.000000e+000
      vertex  3.377500e+001  5.712176e+001  0.000000e+000
      vertex  3.377500e+001  5.712176e+001  4.000000e+000
    endloop
  endfacet
  facet normal  4.226184e-001 -9.063077e-001  0.000000e+000
    outer loop
      vertex  3.377500e+001  5.712176e+001  4.000000e+000
      vertex  3.377500e+001  5.712176e+001  0.000000e+000
      vertex  3.416205e+001  5.730225e+001  0.000000e+000
    endloop
  endfacet
  facet normal  4.226184e-001 -9.063077e-001  0.000000e+000
    outer loop
      vertex  3.377500e+001  5.712176e+001  4.000000e+000
      vertex  3.416205e+001  5.730225e+001  0.000000e+000
      vertex  3.416205e+001  5.730225e+001  4.000000e+000
    endloop
  endfacet
  facet normal  2.588255e-001 -9.659241e-001  0.000000e+000
    outer loop
      vertex  3.416205e+001  5.730225e+001  4.000000e+000
      vertex  3.416205e+001  5.730225e+001  0.000000e+000
      vertex  3.457456e+001  5.741278e+001  0.000000e+000
    endloop
  endfacet
  facet normal  2.588255e-001 -9.659241e-001  0.000000e+000
    outer loop
      vertex  3.416205e+001  5.730225e+001  4.000000e+000
      vertex  3.457456e+001  5.741278e+001  0.000000e+000
      vertex  3.457456e+001  5.741278e+001  4.000000e+000
    endloop
  endfacet
  facet normal  8.715343e-002 -9.961949e-001  0.000000e+000
    outer loop
      vertex  3.457456e+001  5.741278e+001  4.000000e+000
      vertex  3.457456e+001  5.741278e+001  0.000000e+000
      vertex  3.500000e+001  5.745000e+001  0.000000e+000
    endloop
  endfacet
  facet normal  8.715343e-002 -9.961949e-001  0.000000e+000
    outer loop
      vertex  3.457456e+001  5.741278e+001  4.000000e+000
      vertex  3.500000e+001  5.745000e+001  0.000000e+000
      vertex  3.500000e+001  5.745000e+001  4.000000e+000
    endloop
  endfacet
  facet normal -9.961947e-001 -8.715562e-002  -0.000000e+000
    outer loop
      vertex -7.550000e+000 -4.500577e-016  0.000000e+000
      vertex -7.587221e+000  4.254380e-001  4.000000e+000
      vertex -7.587221e+000  4.254380e-001  0.000000e+000
    endloop
  endfacet
  facet normal -9.659260e-001 -2.588185e-001  0.000000e+000
    outer loop
      vertex -7.587221e+000  4.254380e-001  0.000000e+000
      vertex -7.587221e+000  4.254380e-001  4.000000e+000
      vertex -7.697753e+000  8.379493e-001  4.000000e+000
    endloop
  endfacet
  facet normal -9.659260e-001 -2.588185e-001  -0.000000e+000
    outer loop
      vertex -7.587221e+000  4.254380e-001  0.000000e+000
      vertex -7.697753e+000  8.379493e-001  4.000000e+000
      vertex -7.697753e+000  8.379493e-001  0.000000e+000
    endloop
  endfacet
  facet normal -9.063077e-001 -4.226184e-001  0.000000e+000
    outer loop
      vertex -7.697753e+000  8.379493e-001  0.000000e+000
      vertex -7.697753e+000  8.379493e-001  4.000000e+000
      vertex -7.878238e+000  1.225000e+000  4.000000e+000
    endloop
  endfacet
  facet normal -9.063077e-001 -4.226184e-001  -0.000000e+000
    outer loop
      vertex -7.697753e+000  8.379493e-001  0.000000e+000
      vertex -7.878238e+000  1.225000e+000  4.000000e+000
      vertex -7.878238e+000  1.225000e+000  0.000000e+000
    endloop
  endfacet
  facet normal -8.191523e-001 -5.735761e-001  0.000000e+000
    outer loop
      vertex -7.878238e+000  1.225000e+000  0.000000e+000
      vertex -7.878238e+000  1.225000e+000  4.000000e+000
      vertex -8.123191e+000  1.574830e+000  4.000000e+000
    endloop
  endfacet
  facet normal -8.191523e-001 -5.735761e-001  -0.000000e+000
    outer loop
      vertex -7.878238e+000  1.225000e+000  0.000000e+000
      vertex -8.123191e+000  1.574830e+000  4.000000e+000
      vertex -8.123191e+000  1.574830e+000  0.000000e+000
    endloop
  endfacet
  facet normal -7.071069e-001 -7.071066e-001  0.000000e+000
    outer loop
      vertex -8.123191e+000  1.574830e+000  0.000000e+000
      vertex -8.123191e+000  1.574830e+000  4.000000e+000
      vertex -8.425170e+000  1.876809e+000  4.000000e+000
    endloop
  endfacet
  facet normal -7.071069e-001 -7.071066e-001  -0.000000e+000
    outer loop
      vertex -8.123191e+000  1.574830e+000  0.000000e+000
      vertex -8.425170e+000  1.876809e+000  4.000000e+000
      vertex -8.425170e+000  1.876809e+000  0.000000e+000
    endloop
  endfacet
  facet normal -5.735765e-001 -8.191520e-001  0.000000e+000
    outer loop
      vertex -8.425170e+000  1.876809e+000  0.000000e+000
      vertex -8.425170e+000  1.876809e+000  4.000000e+000
      vertex -8.775000e+000  2.121762e+000  4.000000e+000
    endloop
  endfacet
  facet normal -5.735765e-001 -8.191520e-001  -0.000000e+000
    outer loop
      vertex -8.425170e+000  1.876809e+000  0.000000e+000
      vertex -8.775000e+000  2.121762e+000  4.000000e+000
      vertex -8.775000e+000  2.121762e+000  0.000000e+000
    endloop
  endfacet
  facet normal -4.226180e-001 -9.063079e-001  0.000000e+000
    outer loop
      vertex -8.775000e+000  2.121762e+000  0.000000e+000
      vertex -8.775000e+000  2.121762e+000  4.000000e+000
      vertex -9.162050e+000  2.302247e+000  4.000000e+000
    endloop
  endfacet
  facet normal -4.226180e-001 -9.063079e-001  -0.000000e+000
    outer loop
      vertex -8.775000e+000  2.121762e+000  0.000000e+000
      vertex -9.162050e+000  2.302247e+000  4.000000e+000
      vertex -9.162050e+000  2.302247e+000  0.000000e+000
    endloop
  endfacet
  facet normal -2.588192e-001 -9.659258e-001  0.000000e+000
    outer loop
      vertex -9.162050e+000  2.302247e+000  0.000000e+000
      vertex -9.162050e+000  2.302247e+000  4.000000e+000
      vertex -9.574562e+000  2.412779e+000  4.000000e+000
    endloop
  endfacet
  facet normal -2.588192e-001 -9.659258e-001  -0.000000e+000
    outer loop
      vertex -9.162050e+000  2.302247e+000  0.000000e+000
      vertex -9.574562e+000  2.412779e+000  4.000000e+000
      vertex -9.574562e+000  2.412779e+000  0.000000e+000
    endloop
  endfacet
  facet normal -8.715565e-002 -9.961947e-001  0.000000e+000
    outer loop
      vertex -9.574562e+000  2.412779e+000  0.000000e+000
      vertex -9.574562e+000  2.412779e+000  4.000000e+000
      vertex -1.000000e+001  2.450000e+000  4.000000e+000
    endloop
  endfacet
  facet normal -8.715565e-002 -9.961947e-001  -0.000000e+000
    outer loop
      vertex -9.574562e+000  2.412779e+000  0.000000e+000
      vertex -1.000000e+001  2.450000e+000  4.000000e+000
      vertex -1.000000e+001  2.450000e+000  0.000000e+000
    endloop
  endfacet
  facet normal -9.961947e-001 -8.715562e-002  0.000000e+000
    outer loop
      vertex -7.587221e+000  4.254380e-001  4.000000e+000
      vertex -7.550000e+000 -4.500577e-016  0.000000e+000
      vertex -7.550000e+000 -4.500577e-016  4.000000e+000
    endloop
  endfacet
  facet normal -9.961947e-001  8.715562e-002  0.000000e+000
    outer loop
      vertex -7.550000e+000 -4.500577e-016  4.000000e+000
      vertex -7.550000e+000 -4.500577e-016  0.000000e+000
      vertex -7.587221e+000 -4.254380e-001  0.000000e+000
    endloop
  endfacet
  facet normal -9.961947e-001  8.715562e-002  0.000000e+000
    outer loop
      vertex -7.550000e+000 -4.500577e-016  4.000000e+000
      vertex -7.587221e+000 -4.254380e-001  0.000000e+000
      vertex -7.587221e+000 -4.254380e-001  4.000000e+000
    endloop
  endfacet
  facet normal -9.659260e-001  2.588185e-001  0.000000e+000
    outer loop
      vertex -7.587221e+000 -4.254380e-001  4.000000e+000
      vertex -7.587221e+000 -4.254380e-001  0.000000e+000
      vertex -7.697753e+000 -8.379493e-001  0.000000e+000
    endloop
  endfacet
  facet normal -9.659260e-001  2.588185e-001  0.000000e+000
    outer loop
      vertex -7.587221e+000 -4.254380e-001  4.000000e+000
      vertex -7.697753e+000 -8.379493e-001  0.000000e+000
      vertex -7.697753e+000 -8.379493e-001  4.000000e+000
    endloop
  endfacet
  facet normal -9.063077e-001  4.226184e-001  0.000000e+000
    outer loop
      vertex -7.697753e+000 -8.379493e-001  4.000000e+000
      vertex -7.697753e+000 -8.379493e-001  0.000000e+000
      vertex -7.878238e+000 -1.225000e+000  0.000000e+000
    endloop
  endfacet
  facet normal -9.063077e-001  4.226184e-001  0.000000e+000
    outer loop
      vertex -7.697753e+000 -8.379493e-001  4.000000e+000
      vertex -7.878238e+000 -1.225000e+000  0.000000e+000
      vertex -7.878238e+000 -1.225000e+000  4.000000e+000
    endloop
  endfacet
  facet normal -8.191523e-001  5.735761e-001  0.000000e+000
    outer loop
      vertex -7.878238e+000 -1.225000e+000  4.000000e+000
      vertex -7.878238e+000 -1.225000e+000  0.000000e+000
      vertex -8.123191e+000 -1.574830e+000  0.000000e+000
    endloop
  endfacet
  facet normal -8.191523e-001  5.735761e-001  0.000000e+000
    outer loop
      vertex -7.878238e+000 -1.225000e+000  4.000000e+000
      vertex -8.123191e+000 -1.574830e+000  0.000000e+000
      vertex -8.123191e+000 -1.574830e+000  4.000000e+000
    endloop
  endfacet
  facet normal -7.071069e-001  7.071066e-001  0.000000e+000
    outer loop
      vertex -8.123191e+000 -1.574830e+000  4.000000e+000
      vertex -8.123191e+000 -1.574830e+000  0.000000e+000
      vertex -8.425170e+000 -1.876809e+000  0.000000e+000
    endloop
  endfacet
  facet normal -7.071069e-001  7.071066e-001  0.000000e+000
    outer loop
      vertex -8.123191e+000 -1.574830e+000  4.000000e+000
      vertex -8.425170e+000 -1.876809e+000  0.000000e+000
      vertex -8.425170e+000 -1.876809e+000  4.000000e+000
    endloop
  endfacet
  facet normal -5.735765e-001  8.191520e-001  0.000000e+000
    outer loop
      vertex -8.425170e+000 -1.876809e+000  4.000000e+000
      vertex -8.425170e+000 -1.876809e+000  0.000000e+000
      vertex -8.775000e+000 -2.121762e+000  0.000000e+000
    endloop
  endfacet
  facet normal -5.735765e-001  8.191520e-001  0.000000e+000
    outer loop
      vertex -8.425170e+000 -1.876809e+000  4.000000e+000
      vertex -8.775000e+000 -2.121762e+000  0.000000e+000
      vertex -8.775000e+000 -2.121762e+000  4.000000e+000
    endloop
  endfacet
  facet normal -4.226180e-001  9.063079e-001  0.000000e+000
    outer loop
      vertex -8.775000e+000 -2.121762e+000  4.000000e+000
      vertex -8.775000e+000 -2.121762e+000  0.000000e+000
      vertex -9.162050e+000 -2.302247e+000  0.000000e+000
    endloop
  endfacet
  facet normal -4.226180e-001  9.063079e-001  0.000000e+000
    outer loop
      vertex -8.775000e+000 -2.121762e+000  4.000000e+000
      vertex -9.162050e+000 -2.302247e+000  0.000000e+000
      vertex -9.162050e+000 -2.302247e+000  4.000000e+000
    endloop
  endfacet
  facet normal -2.588192e-001  9.659258e-001  0.000000e+000
    outer loop
      vertex -9.162050e+000 -2.302247e+000  4.000000e+000
      vertex -9.162050e+000 -2.302247e+000  0.000000e+000
      vertex -9.574562e+000 -2.412779e+000  0.000000e+000
    endloop
  endfacet
  facet normal -2.588192e-001  9.659258e-001  0.000000e+000
    outer loop
      vertex -9.162050e+000 -2.302247e+000  4.000000e+000
      vertex -9.574562e+000 -2.412779e+000  0.000000e+000
      vertex -9.574562e+000 -2.412779e+000  4.000000e+000
    endloop
  endfacet
  facet normal -8.715565e-002  9.961947e-001  0.000000e+000
    outer loop
      vertex -9.574562e+000 -2.412779e+000  4.000000e+000
      vertex -9.574562e+000 -2.412779e+000  0.000000e+000
      vertex -1.000000e+001 -2.450000e+000  0.000000e+000
    endloop
  endfacet
  facet normal -8.715565e-002  9.961947e-001  0.000000e+000
    outer loop
      vertex -9.574562e+000 -2.412779e+000  4.000000e+000
      vertex -1.000000e+001 -2.450000e+000  0.000000e+000
      vertex -1.000000e+001 -2.450000e+000  4.000000e+000
    endloop
  endfacet
  facet normal  9.961947e-001  8.715562e-002  0.000000e+000
    outer loop
      vertex -1.245000e+001  3.720638e-016  0.000000e+000
      vertex -1.241278e+001 -4.254380e-001  4.000000e+000
      vertex -1.241278e+001 -4.254380e-001  0.000000e+000
    endloop
  endfacet
  facet normal  9.659260e-001  2.588185e-001  -0.000000e+000
    outer loop
      vertex -1.241278e+001 -4.254380e-001  0.000000e+000
      vertex -1.241278e+001 -4.254380e-001  4.000000e+000
      vertex -1.230225e+001 -8.379493e-001  4.000000e+000
    endloop
  endfacet
  facet normal  9.659260e-001  2.588185e-001  0.000000e+000
    outer loop
      vertex -1.241278e+001 -4.254380e-001  0.000000e+000
      vertex -1.230225e+001 -8.379493e-001  4.000000e+000
      vertex -1.230225e+001 -8.379493e-001  0.000000e+000
    endloop
  endfacet
  facet normal  9.063077e-001  4.226184e-001  -0.000000e+000
    outer loop
      vertex -1.230225e+001 -8.379493e-001  0.000000e+000
      vertex -1.230225e+001 -8.379493e-001  4.000000e+000
      vertex -1.212176e+001 -1.225000e+000  4.000000e+000
    endloop
  endfacet
  facet normal  9.063077e-001  4.226184e-001  0.000000e+000
    outer loop
      vertex -1.230225e+001 -8.379493e-001  0.000000e+000
      vertex -1.212176e+001 -1.225000e+000  4.000000e+000
      vertex -1.212176e+001 -1.225000e+000  0.000000e+000
    endloop
  endfacet
  facet normal  8.191523e-001  5.735761e-001  -0.000000e+000
    outer loop
      vertex -1.212176e+001 -1.225000e+000  0.000000e+000
      vertex -1.212176e+001 -1.225000e+000  4.000000e+000
      vertex -1.187681e+001 -1.574830e+000  4.000000e+000
    endloop
  endfacet
  facet normal  8.191523e-001  5.735761e-001  0.000000e+000
    outer loop
      vertex -1.212176e+001 -1.225000e+000  0.000000e+000
      vertex -1.187681e+001 -1.574830e+000  4.000000e+000
      vertex -1.187681e+001 -1.574830e+000  0.000000e+000
    endloop
  endfacet
  facet normal  7.071069e-001  7.071066e-001  -0.000000e+000
    outer loop
      vertex -1.187681e+001 -1.574830e+000  0.000000e+000
      vertex -1.187681e+001 -1.574830e+000  4.000000e+000
      vertex -1.157483e+001 -1.876809e+000  4.000000e+000
    endloop
  endfacet
  facet normal  7.071069e-001  7.071066e-001  0.000000e+000
    outer loop
      vertex -1.187681e+001 -1.574830e+000  0.000000e+000
      vertex -1.157483e+001 -1.876809e+000  4.000000e+000
      vertex -1.157483e+001 -1.876809e+000  0.000000e+000
    endloop
  endfacet
  facet normal  5.735765e-001  8.191520e-001  -0.000000e+000
    outer loop
      vertex -1.157483e+001 -1.876809e+000  0.000000e+000
      vertex -1.157483e+001 -1.876809e+000  4.000000e+000
      vertex -1.122500e+001 -2.121762e+000  4.000000e+000
    endloop
  endfacet
  facet normal  5.735765e-001  8.191520e-001  0.000000e+000
    outer loop
      vertex -1.157483e+001 -1.876809e+000  0.000000e+000
      vertex -1.122500e+001 -2.121762e+000  4.000000e+000
      vertex -1.122500e+001 -2.121762e+000  0.000000e+000
    endloop
  endfacet
  facet normal  4.226180e-001  9.063079e-001  -0.000000e+000
    outer loop
      vertex -1.122500e+001 -2.121762e+000  0.000000e+000
      vertex -1.122500e+001 -2.121762e+000  4.000000e+000
      vertex -1.083795e+001 -2.302247e+000  4.000000e+000
    endloop
  endfacet
  facet normal  4.226180e-001  9.063079e-001  0.000000e+000
    outer loop
      vertex -1.122500e+001 -2.121762e+000  0.000000e+000
      vertex -1.083795e+001 -2.302247e+000  4.000000e+000
      vertex -1.083795e+001 -2.302247e+000  0.000000e+000
    endloop
  endfacet
  facet normal  2.588192e-001  9.659258e-001  -0.000000e+000
    outer loop
      vertex -1.083795e+001 -2.302247e+000  0.000000e+000
      vertex -1.083795e+001 -2.302247e+000  4.000000e+000
      vertex -1.042544e+001 -2.412779e+000  4.000000e+000
    endloop
  endfacet
  facet normal  2.588192e-001  9.659258e-001  0.000000e+000
    outer loop
      vertex -1.083795e+001 -2.302247e+000  0.000000e+000
      vertex -1.042544e+001 -2.412779e+000  4.000000e+000
      vertex -1.042544e+001 -2.412779e+000  0.000000e+000
    endloop
  endfacet
  facet normal  8.715565e-002  9.961947e-001  -0.000000e+000
    outer loop
      vertex -1.042544e+001 -2.412779e+000  0.000000e+000
      vertex -1.042544e+001 -2.412779e+000  4.000000e+000
      vertex -1.000000e+001 -2.450000e+000  4.000000e+000
    endloop
  endfacet
  facet normal  8.715565e-002  9.961947e-001  0.000000e+000
    outer loop
      vertex -1.042544e+001 -2.412779e+000  0.000000e+000
      vertex -1.000000e+001 -2.450000e+000  4.000000e+000
      vertex -1.000000e+001 -2.450000e+000  0.000000e+000
    endloop
  endfacet
  facet normal  9.961947e-001  8.715562e-002  -0.000000e+000
    outer loop
      vertex -1.241278e+001 -4.254380e-001  4.000000e+000
      vertex -1.245000e+001  3.720638e-016  0.000000e+000
      vertex -1.245000e+001  3.720638e-016  4.000000e+000
    endloop
  endfacet
  facet normal  9.961947e-001 -8.715562e-002  0.000000e+000
    outer loop
      vertex -1.245000e+001  3.720638e-016  4.000000e+000
      vertex -1.245000e+001  3.720638e-016  0.000000e+000
      vertex -1.241278e+001  4.254380e-001  0.000000e+000
    endloop
  endfacet
  facet normal  9.961947e-001 -8.715562e-002  0.000000e+000
    outer loop
      vertex -1.245000e+001  3.720638e-016  4.000000e+000
      vertex -1.241278e+001  4.254380e-001  0.000000e+000
      vertex -1.241278e+001  4.254380e-001  4.000000e+000
    endloop
  endfacet
  facet normal  9.659260e-001 -2.588185e-001  0.000000e+000
    outer loop
      vertex -1.241278e+001  4.254380e-001  4.000000e+000
      vertex -1.241278e+001  4.254380e-001  0.000000e+000
      vertex -1.230225e+001  8.379493e-001  0.000000e+000
    endloop
  endfacet
  facet normal  9.659260e-001 -2.588185e-001  0.000000e+000
    outer loop
      vertex -1.241278e+001  4.254380e-001  4.000000e+000
      vertex -1.230225e+001  8.379493e-001  0.000000e+000
      vertex -1.230225e+001  8.379493e-001  4.000000e+000
    endloop
  endfacet
  facet normal  9.063077e-001 -4.226184e-001  0.000000e+000
    outer loop
      vertex -1.230225e+001  8.379493e-001  4.000000e+000
      vertex -1.230225e+001  8.379493e-001  0.000000e+000
      vertex -1.212176e+001  1.225000e+000  0.000000e+000
    endloop
  endfacet
  facet normal  9.063077e-001 -4.226184e-001  0.000000e+000
    outer loop
      vertex -1.230225e+001  8.379493e-001  4.000000e+000
      vertex -1.212176e+001  1.225000e+000  0.000000e+000
      vertex -1.212176e+001  1.225000e+000  4.000000e+000
    endloop
  endfacet
  facet normal  8.191523e-001 -5.735761e-001  0.000000e+000
    outer loop
      vertex -1.212176e+001  1.225000e+000  4.000000e+000
      vertex -1.212176e+001  1.225000e+000  0.000000e+000
      vertex -1.187681e+001  1.574830e+000  0.000000e+000
    endloop
  endfacet
  facet normal  8.191523e-001 -5.735761e-001  0.000000e+000
    outer loop
      vertex -1.212176e+001  1.225000e+000  4.000000e+000
      vertex -1.187681e+001  1.574830e+000  0.000000e+000
      vertex -1.187681e+001  1.574830e+000  4.000000e+000
    endloop
  endfacet
  facet normal  7.071069e-001 -7.071066e-001  0.000000e+000
    outer loop
      vertex -1.187681e+001  1.574830e+000  4.000000e+000
      vertex -1.187681e+001  1.574830e+000  0.000000e+000
      vertex -1.157483e+001  1.876809e+000  0.000000e+000
    endloop
  endfacet
  facet normal  7.071069e-001 -7.071066e-001  0.000000e+000
    outer loop
      vertex -1.187681e+001  1.574830e+000  4.000000e+000
      vertex -1.157483e+001  1.876809e+000  0.000000e+000
      vertex -1.157483e+001  1.876809e+000  4.000000e+000
    endloop
  endfacet
  facet normal  5.735765e-001 -8.191520e-001  0.000000e+000
    outer loop
      vertex -1.157483e+001  1.876809e+000  4.000000e+000
      vertex -1.157483e+001  1.876809e+000  0.000000e+000
      vertex -1.122500e+001  2.121762e+000  0.000000e+000
    endloop
  endfacet
  facet normal  5.735765e-001 -8.191520e-001  0.000000e+000
    outer loop
      vertex -1.157483e+001  1.876809e+000  4.000000e+000
      vertex -1.122500e+001  2.121762e+000  0.000000e+000
      vertex -1.122500e+001  2.121762e+000  4.000000e+000
    endloop
  endfacet
  facet normal  4.226180e-001 -9.063079e-001  0.000000e+000
    outer loop
      vertex -1.122500e+001  2.121762e+000  4.000000e+000
      vertex -1.122500e+001  2.121762e+000  0.000000e+000
      vertex -1.083795e+001  2.302247e+000  0.000000e+000
    endloop
  endfacet
  facet normal  4.226180e-001 -9.063079e-001  0.000000e+000
    outer loop
      vertex -1.122500e+001  2.121762e+000  4.000000e+000
      vertex -1.083795e+001  2.302247e+000  0.000000e+000
      vertex -1.083795e+001  2.302247e+000  4.000000e+000
    endloop
  endfacet
  facet normal  2.588192e-001 -9.659258e-001  0.000000e+000
    outer loop
      vertex -1.083795e+001  2.302247e+000  4.000000e+000
      vertex -1.083795e+001  2.302247e+000  0.000000e+000
      vertex -1.042544e+001  2.412779e+000  0.000000e+000
    endloop
  endfacet
  facet normal  2.588192e-001 -9.659258e-001  0.000000e+000
    outer loop
      vertex -1.083795e+001  2.302247e+000  4.000000e+000
      vertex -1.042544e+001  2.412779e+000  0.000000e+000
      vertex -1.042544e+001  2.412779e+000  4.000000e+000
    endloop
  endfacet
  facet normal  8.715565e-002 -9.961947e-001  0.000000e+000
    outer loop
      vertex -1.042544e+001  2.412779e+000  4.000000e+000
      vertex -1.042544e+001  2.412779e+000  0.000000e+000
      vertex -1.000000e+001  2.450000e+000  0.000000e+000
    endloop
  endfacet
  facet normal  8.715565e-002 -9.961947e-001  0.000000e+000
    outer loop
      vertex -1.042544e+001  2.412779e+000  4.000000e+000
      vertex -1.000000e+001  2.450000e+000  0.000000e+000
      vertex -1.000000e+001  2.450000e+000  4.000000e+000
    endloop
  endfacet
  facet normal -9.961949e-001 -8.715343e-002  -0.000000e+000
    outer loop
      vertex  3.745000e+001 -5.500000e+001  0.000000e+000
      vertex  3.741278e+001 -5.457456e+001  4.000000e+000
      vertex  3.741278e+001 -5.457456e+001  0.000000e+000
    endloop
  endfacet
  facet normal -9.659241e-001 -2.588255e-001  0.000000e+000
    outer loop
      vertex  3.741278e+001 -5.457456e+001  0.000000e+000
      vertex  3.741278e+001 -5.457456e+001  4.000000e+000
      vertex  3.730225e+001 -5.416205e+001  4.000000e+000
    endloop
  endfacet
  facet normal -9.659241e-001 -2.588255e-001  -0.000000e+000
    outer loop
      vertex  3.741278e+001 -5.457456e+001  0.000000e+000
      vertex  3.730225e+001 -5.416205e+001  4.000000e+000
      vertex  3.730225e+001 -5.416205e+001  0.000000e+000
    endloop
  endfacet
  facet normal -9.063077e-001 -4.226184e-001  0.000000e+000
    outer loop
      vertex  3.730225e+001 -5.416205e+001  0.000000e+000
      vertex  3.730225e+001 -5.416205e+001  4.000000e+000
      vertex  3.712176e+001 -5.377500e+001  4.000000e+000
    endloop
  endfacet
  facet normal -9.063077e-001 -4.226184e-001  -0.000000e+000
    outer loop
      vertex  3.730225e+001 -5.416205e+001  0.000000e+000
      vertex  3.712176e+001 -5.377500e+001  4.000000e+000
      vertex  3.712176e+001 -5.377500e+001  0.000000e+000
    endloop
  endfacet
  facet normal -8.191530e-001 -5.735750e-001  0.000000e+000
    outer loop
      vertex  3.712176e+001 -5.377500e+001  0.000000e+000
      vertex  3.712176e+001 -5.377500e+001  4.000000e+000
      vertex  3.687681e+001 -5.342517e+001  4.000000e+000
    endloop
  endfacet
  facet normal -8.191530e-001 -5.735750e-001  -0.000000e+000
    outer loop
      vertex  3.712176e+001 -5.377500e+001  0.000000e+000
      vertex  3.687681e+001 -5.342517e+001  4.000000e+000
      vertex  3.687681e+001 -5.342517e+001  0.000000e+000
    endloop
  endfacet
  facet normal -7.071068e-001 -7.071068e-001  0.000000e+000
    outer loop
      vertex  3.687681e+001 -5.342517e+001  0.000000e+000
      vertex  3.687681e+001 -5.342517e+001  4.000000e+000
      vertex  3.657483e+001 -5.312319e+001  4.000000e+000
    endloop
  endfacet
  facet normal -7.071068e-001 -7.071068e-001  -0.000000e+000
    outer loop
      vertex  3.687681e+001 -5.342517e+001  0.000000e+000
      vertex  3.657483e+001 -5.312319e+001  4.000000e+000
      vertex  3.657483e+001 -5.312319e+001  0.000000e+000
    endloop
  endfacet
  facet normal -5.735750e-001 -8.191530e-001  0.000000e+000
    outer loop
      vertex  3.657483e+001 -5.312319e+001  0.000000e+000
      vertex  3.657483e+001 -5.312319e+001  4.000000e+000
      vertex  3.622500e+001 -5.287824e+001  4.000000e+000
    endloop
  endfacet
  facet normal -5.735750e-001 -8.191530e-001  -0.000000e+000
    outer loop
      vertex  3.657483e+001 -5.312319e+001  0.000000e+000
      vertex  3.622500e+001 -5.287824e+001  4.000000e+000
      vertex  3.622500e+001 -5.287824e+001  0.000000e+000
    endloop
  endfacet
  facet normal -4.226184e-001 -9.063077e-001  0.000000e+000
    outer loop
      vertex  3.622500e+001 -5.287824e+001  0.000000e+000
      vertex  3.622500e+001 -5.287824e+001  4.000000e+000
      vertex  3.583795e+001 -5.269775e+001  4.000000e+000
    endloop
  endfacet
  facet normal -4.226184e-001 -9.063077e-001  -0.000000e+000
    outer loop
      vertex  3.622500e+001 -5.287824e+001  0.000000e+000
      vertex  3.583795e+001 -5.269775e+001  4.000000e+000
      vertex  3.583795e+001 -5.269775e+001  0.000000e+000
    endloop
  endfacet
  facet normal -2.588255e-001 -9.659241e-001  0.000000e+000
    outer loop
      vertex  3.583795e+001 -5.269775e+001  0.000000e+000
      vertex  3.583795e+001 -5.269775e+001  4.000000e+000
      vertex  3.542544e+001 -5.258722e+001  4.000000e+000
    endloop
  endfacet
  facet normal -2.588255e-001 -9.659241e-001  -0.000000e+000
    outer loop
      vertex  3.583795e+001 -5.269775e+001  0.000000e+000
      vertex  3.542544e+001 -5.258722e+001  4.000000e+000
      vertex  3.542544e+001 -5.258722e+001  0.000000e+000
    endloop
  endfacet
  facet normal -8.715343e-002 -9.961949e-001  0.000000e+000
    outer loop
      vertex  3.542544e+001 -5.258722e+001  0.000000e+000
      vertex  3.542544e+001 -5.258722e+001  4.000000e+000
      vertex  3.500000e+001 -5.255000e+001  4.000000e+000
    endloop
  endfacet
  facet normal -8.715343e-002 -9.961949e-001  -0.000000e+000
    outer loop
      vertex  3.542544e+001 -5.258722e+001  0.000000e+000
      vertex  3.500000e+001 -5.255000e+001  4.000000e+000
      vertex  3.500000e+001 -5.255000e+001  0.000000e+000
    endloop
  endfacet
  facet normal -9.961949e-001 -8.715343e-002  0.000000e+000
    outer loop
      vertex  3.741278e+001 -5.457456e+001  4.000000e+000
      vertex  3.745000e+001 -5.500000e+001  0.000000e+000
      vertex  3.745000e+001 -5.500000e+001  4.000000e+000
    endloop
  endfacet
  facet normal -9.961949e-001  8.715343e-002  0.000000e+000
    outer loop
      vertex  3.745000e+001 -5.500000e+001  4.000000e+000
      vertex  3.745000e+001 -5.500000e+001  0.000000e+000
      vertex  3.741278e+001 -5.542544e+001  0.000000e+000
    endloop
  endfacet
  facet normal -9.961949e-001  8.715343e-002  0.000000e+000
    outer loop
      vertex  3.745000e+001 -5.500000e+001  4.000000e+000
      vertex  3.741278e+001 -5.542544e+001  0.000000e+000
      vertex  3.741278e+001 -5.542544e+001  4.000000e+000
    endloop
  endfacet
  facet normal -9.659241e-001  2.588255e-001  0.000000e+000
    outer loop
      vertex  3.741278e+001 -5.542544e+001  4.000000e+000
      vertex  3.741278e+001 -5.542544e+001  0.000000e+000
      vertex  3.730225e+001 -5.583795e+001  0.000000e+000
    endloop
  endfacet
  facet normal -9.659241e-001  2.588255e-001  0.000000e+000
    outer loop
      vertex  3.741278e+001 -5.542544e+001  4.000000e+000
      vertex  3.730225e+001 -5.583795e+001  0.000000e+000
      vertex  3.730225e+001 -5.583795e+001  4.000000e+000
    endloop
  endfacet
  facet normal -9.063077e-001  4.226184e-001  0.000000e+000
    outer loop
      vertex  3.730225e+001 -5.583795e+001  4.000000e+000
      vertex  3.730225e+001 -5.583795e+001  0.000000e+000
      vertex  3.712176e+001 -5.622500e+001  0.000000e+000
    endloop
  endfacet
  facet normal -9.063077e-001  4.226184e-001  0.000000e+000
    outer loop
      vertex  3.730225e+001 -5.583795e+001  4.000000e+000
      vertex  3.712176e+001 -5.622500e+001  0.000000e+000
      vertex  3.712176e+001 -5.622500e+001  4.000000e+000
    endloop
  endfacet
  facet normal -8.191530e-001  5.735750e-001  0.000000e+000
    outer loop
      vertex  3.712176e+001 -5.622500e+001  4.000000e+000
      vertex  3.712176e+001 -5.622500e+001  0.000000e+000
      vertex  3.687681e+001 -5.657483e+001  0.000000e+000
    endloop
  endfacet
  facet normal -8.191530e-001  5.735750e-001  0.000000e+000
    outer loop
      vertex  3.712176e+001 -5.622500e+001  4.000000e+000
      vertex  3.687681e+001 -5.657483e+001  0.000000e+000
      vertex  3.687681e+001 -5.657483e+001  4.000000e+000
    endloop
  endfacet
  facet normal -7.071068e-001  7.071068e-001  0.000000e+000
    outer loop
      vertex  3.687681e+001 -5.657483e+001  4.000000e+000
      vertex  3.687681e+001 -5.657483e+001  0.000000e+000
      vertex  3.657483e+001 -5.687681e+001  0.000000e+000
    endloop
  endfacet
  facet normal -7.071068e-001  7.071068e-001  0.000000e+000
    outer loop
      vertex  3.687681e+001 -5.657483e+001  4.000000e+000
      vertex  3.657483e+001 -5.687681e+001  0.000000e+000
      vertex  3.657483e+001 -5.687681e+001  4.000000e+000
    endloop
  endfacet
  facet normal -5.735750e-001  8.191530e-001  0.000000e+000
    outer loop
      vertex  3.657483e+001 -5.687681e+001  4.000000e+000
      vertex  3.657483e+001 -5.687681e+001  0.000000e+000
      vertex  3.622500e+001 -5.712176e+001  0.000000e+000
    endloop
  endfacet
  facet normal -5.735750e-001  8.191530e-001  0.000000e+000
    outer loop
      vertex  3.657483e+001 -5.687681e+001  4.000000e+000
      vertex  3.622500e+001 -5.712176e+001  0.000000e+000
      vertex  3.622500e+001 -5.712176e+001  4.000000e+000
    endloop
  endfacet
  facet normal -4.226184e-001  9.063077e-001  0.000000e+000
    outer loop
      vertex  3.622500e+001 -5.712176e+001  4.000000e+000
      vertex  3.622500e+001 -5.712176e+001  0.000000e+000
      vertex  3.583795e+001 -5.730225e+001  0.000000e+000
    endloop
  endfacet
  facet normal -4.226184e-001  9.063077e-001  0.000000e+000
    outer loop
      vertex  3.622500e+001 -5.712176e+001  4.000000e+000
      vertex  3.583795e+001 -5.730225e+001  0.000000e+000
      vertex  3.583795e+001 -5.730225e+001  4.000000e+000
    endloop
  endfacet
  facet normal -2.588255e-001  9.659241e-001  0.000000e+000
    outer loop
      vertex  3.583795e+001 -5.730225e+001  4.000000e+000
      vertex  3.583795e+001 -5.730225e+001  0.000000e+000
      vertex  3.542544e+001 -5.741278e+001  0.000000e+000
    endloop
  endfacet
  facet normal -2.588255e-001  9.659241e-001  0.000000e+000
    outer loop
      vertex  3.583795e+001 -5.730225e+001  4.000000e+000
      vertex  3.542544e+001 -5.741278e+001  0.000000e+000
      vertex  3.542544e+001 -5.741278e+001  4.000000e+000
    endloop
  endfacet
  facet normal -8.715343e-002  9.961949e-001  0.000000e+000
    outer loop
      vertex  3.542544e+001 -5.741278e+001  4.000000e+000
      vertex  3.542544e+001 -5.741278e+001  0.000000e+000
      vertex  3.500000e+001 -5.745000e+001  0.000000e+000
    endloop
  endfacet
  facet normal -8.715343e-002  9.961949e-001  0.000000e+000
    outer loop
      vertex  3.542544e+001 -5.741278e+001  4.000000e+000
      vertex  3.500000e+001 -5.745000e+001  0.000000e+000
      vertex  3.500000e+001 -5.745000e+001  4.000000e+000
    endloop
  endfacet
  facet normal  9.961949e-001  8.715343e-002  0.000000e+000
    outer loop
      vertex  3.255000e+001 -5.500000e+001  0.000000e+000
      vertex  3.258722e+001 -5.542544e+001  4.000000e+000
      vertex  3.258722e+001 -5.542544e+001  0.000000e+000
    endloop
  endfacet
  facet normal  9.659241e-001  2.588255e-001  -0.000000e+000
    outer loop
      vertex  3.258722e+001 -5.542544e+001  0.000000e+000
      vertex  3.258722e+001 -5.542544e+001  4.000000e+000
      vertex  3.269775e+001 -5.583795e+001  4.000000e+000
    endloop
  endfacet
  facet normal  9.659241e-001  2.588255e-001  0.000000e+000
    outer loop
      vertex  3.258722e+001 -5.542544e+001  0.000000e+000
      vertex  3.269775e+001 -5.583795e+001  4.000000e+000
      vertex  3.269775e+001 -5.583795e+001  0.000000e+000
    endloop
  endfacet
  facet normal  9.063077e-001  4.226184e-001  -0.000000e+000
    outer loop
      vertex  3.269775e+001 -5.583795e+001  0.000000e+000
      vertex  3.269775e+001 -5.583795e+001  4.000000e+000
      vertex  3.287824e+001 -5.622500e+001  4.000000e+000
    endloop
  endfacet
  facet normal  9.063077e-001  4.226184e-001  0.000000e+000
    outer loop
      vertex  3.269775e+001 -5.583795e+001  0.000000e+000
      vertex  3.287824e+001 -5.622500e+001  4.000000e+000
      vertex  3.287824e+001 -5.622500e+001  0.000000e+000
    endloop
  endfacet
  facet normal  8.191530e-001  5.735750e-001  -0.000000e+000
    outer loop
      vertex  3.287824e+001 -5.622500e+001  0.000000e+000
      vertex  3.287824e+001 -5.622500e+001  4.000000e+000
      vertex  3.312319e+001 -5.657483e+001  4.000000e+000
    endloop
  endfacet
  facet normal  8.191530e-001  5.735750e-001  0.000000e+000
    outer loop
      vertex  3.287824e+001 -5.622500e+001  0.000000e+000
      vertex  3.312319e+001 -5.657483e+001  4.000000e+000
      vertex  3.312319e+001 -5.657483e+001  0.000000e+000
    endloop
  endfacet
  facet normal  7.071068e-001  7.071068e-001  -0.000000e+000
    outer loop
      vertex  3.312319e+001 -5.657483e+001  0.000000e+000
      vertex  3.312319e+001 -5.657483e+001  4.000000e+000
      vertex  3.342517e+001 -5.687681e+001  4.000000e+000
    endloop
  endfacet
  facet normal  7.071068e-001  7.071068e-001  0.000000e+000
    outer loop
      vertex  3.312319e+001 -5.657483e+001  0.000000e+000
      vertex  3.342517e+001 -5.687681e+001  4.000000e+000
      vertex  3.342517e+001 -5.687681e+001  0.000000e+000
    endloop
  endfacet
  facet normal  5.735750e-001  8.191530e-001  -0.000000e+000
    outer loop
      vertex  3.342517e+001 -5.687681e+001  0.000000e+000
      vertex  3.342517e+001 -5.687681e+001  4.000000e+000
      vertex  3.377500e+001 -5.712176e+001  4.000000e+000
    endloop
  endfacet
  facet normal  5.735750e-001  8.191530e-001  0.000000e+000
    outer loop
      vertex  3.342517e+001 -5.687681e+001  0.000000e+000
      vertex  3.377500e+001 -5.712176e+001  4.000000e+000
      vertex  3.377500e+001 -5.712176e+001  0.000000e+000
    endloop
  endfacet
  facet normal  4.226184e-001  9.063077e-001  -0.000000e+000
    outer loop
      vertex  3.377500e+001 -5.712176e+001  0.000000e+000
      vertex  3.377500e+001 -5.712176e+001  4.000000e+000
      vertex  3.416205e+001 -5.730225e+001  4.000000e+000
    endloop
  endfacet
  facet normal  4.226184e-001  9.063077e-001  0.000000e+000
    outer loop
      vertex  3.377500e+001 -5.712176e+001  0.000000e+000
      vertex  3.416205e+001 -5.730225e+001  4.000000e+000
      vertex  3.416205e+001 -5.730225e+001  0.000000e+000
    endloop
  endfacet
  facet normal  2.588255e-001  9.659241e-001  -0.000000e+000
    outer loop
      vertex  3.416205e+001 -5.730225e+001  0.000000e+000
      vertex  3.416205e+001 -5.730225e+001  4.000000e+000
      vertex  3.457456e+001 -5.741278e+001  4.000000e+000
    endloop
  endfacet
  facet normal  2.588255e-001  9.659241e-001  0.000000e+000
    outer loop
      vertex  3.416205e+001 -5.730225e+001  0.000000e+000
      vertex  3.457456e+001 -5.741278e+001  4.000000e+000
      vertex  3.457456e+001 -5.741278e+001  0.000000e+000
    endloop
  endfacet
  facet normal  8.715343e-002  9.961949e-001  -0.000000e+000
    outer loop
      vertex  3.457456e+001 -5.741278e+001  0.000000e+000
      vertex  3.457456e+001 -5.741278e+001  4.000000e+000
      vertex  3.500000e+001 -5.745000e+001  4.000000e+000
    endloop
  endfacet
  facet normal  8.715343e-002  9.961949e-001  0.000000e+000
    outer loop
      vertex  3.457456e+001 -5.741278e+001  0.000000e+000
      vertex  3.500000e+001 -5.745000e+001  4.000000e+000
      vertex  3.500000e+001 -5.745000e+001  0.000000e+000
    endloop
  endfacet
  facet normal  9.961949e-001  8.715343e-002  -0.000000e+000
    outer loop
      vertex  3.258722e+001 -5.542544e+001  4.000000e+000
      vertex  3.255000e+001 -5.500000e+001  0.000000e+000
      vertex  3.255000e+001 -5.500000e+001  4.000000e+000
    endloop
  endfacet
  facet normal  9.961949e-001 -8.715343e-002  0.000000e+000
    outer loop
      vertex  3.255000e+001 -5.500000e+001  4.000000e+000
      vertex  3.255000e+001 -5.500000e+001  0.000000e+000
      vertex  3.258722e+001 -5.457456e+001  0.000000e+000
    endloop
  endfacet
  facet normal  9.961949e-001 -8.715343e-002  0.000000e+000
    outer loop
      vertex  3.255000e+001 -5.500000e+001  4.000000e+000
      vertex  3.258722e+001 -5.457456e+001  0.000000e+000
      vertex  3.258722e+001 -5.457456e+001  4.000000e+000
    endloop
  endfacet
  facet normal  9.659241e-001 -2.588255e-001  0.000000e+000
    outer loop
      vertex  3.258722e+001 -5.457456e+001  4.000000e+000
      vertex  3.258722e+001 -5.457456e+001  0.000000e+000
      vertex  3.269775e+001 -5.416205e+001  0.000000e+000
    endloop
  endfacet
  facet normal  9.659241e-001 -2.588255e-001  0.000000e+000
    outer loop
      vertex  3.258722e+001 -5.457456e+001  4.000000e+000
      vertex  3.269775e+001 -5.416205e+001  0.000000e+000
      vertex  3.269775e+001 -5.416205e+001  4.000000e+000
    endloop
  endfacet
  facet normal  9.063077e-001 -4.226184e-001  0.000000e+000
    outer loop
      vertex  3.269775e+001 -5.416205e+001  4.000000e+000
      vertex  3.269775e+001 -5.416205e+001  0.000000e+000
      vertex  3.287824e+001 -5.377500e+001  0.000000e+000
    endloop
  endfacet
  facet normal  9.063077e-001 -4.226184e-001  0.000000e+000
    outer loop
      vertex  3.269775e+001 -5.416205e+001  4.000000e+000
      vertex  3.287824e+001 -5.377500e+001  0.000000e+000
      vertex  3.287824e+001 -5.377500e+001  4.000000e+000
    endloop
  endfacet
  facet normal  8.191530e-001 -5.735750e-001  0.000000e+000
    outer loop
      vertex  3.287824e+001 -5.377500e+001  4.000000e+000
      vertex  3.287824e+001 -5.377500e+001  0.000000e+000
      vertex  3.312319e+001 -5.342517e+001  0.000000e+000
    endloop
  endfacet
  facet normal  8.191530e-001 -5.735750e-001  0.000000e+000
    outer loop
      vertex  3.287824e+001 -5.377500e+001  4.000000e+000
      vertex  3.312319e+001 -5.342517e+001  0.000000e+000
      vertex  3.312319e+001 -5.342517e+001  4.000000e+000
    endloop
  endfacet
  facet normal  7.071068e-001 -7.071068e-001  0.000000e+000
    outer loop
      vertex  3.312319e+001 -5.342517e+001  4.000000e+000
      vertex  3.312319e+001 -5.342517e+001  0.000000e+000
      vertex  3.342517e+001 -5.312319e+001  0.000000e+000
    endloop
  endfacet
  facet normal  7.071068e-001 -7.071068e-001  0.000000e+000
    outer loop
      vertex  3.312319e+001 -5.342517e+001  4.000000e+000
      vertex  3.342517e+001 -5.312319e+001  0.000000e+000
      vertex  3.342517e+001 -5.312319e+001  4.000000e+000
    endloop
  endfacet
  facet normal  5.735750e-001 -8.191530e-001  0.000000e+000
    outer loop
      vertex  3.342517e+001 -5.312319e+001  4.000000e+000
      vertex  3.342517e+001 -5.312319e+001  0.000000e+000
      vertex  3.377500e+001 -5.287824e+001  0.000000e+000
    endloop
  endfacet
  facet normal  5.735750e-001 -8.191530e-001  0.000000e+000
    outer loop
      vertex  3.342517e+001 -5.312319e+001  4.000000e+000
      vertex  3.377500e+001 -5.287824e+001  0.000000e+000
      vertex  3.377500e+001 -5.287824e+001  4.000000e+000
    endloop
  endfacet
  facet normal  4.226184e-001 -9.063077e-001  0.000000e+000
    outer loop
      vertex  3.377500e+001 -5.287824e+001  4.000000e+000
      vertex  3.377500e+001 -5.287824e+001  0.000000e+000
      vertex  3.416205e+001 -5.269775e+001  0.000000e+000
    endloop
  endfacet
  facet normal  4.226184e-001 -9.063077e-001  0.000000e+000
    outer loop
      vertex  3.377500e+001 -5.287824e+001  4.000000e+000
      vertex  3.416205e+001 -5.269775e+001  0.000000e+000
      vertex  3.416205e+001 -5.269775e+001  4.000000e+000
    endloop
  endfacet
  facet normal  2.588255e-001 -9.659241e-001  0.000000e+000
    outer loop
      vertex  3.416205e+001 -5.269775e+001  4.000000e+000
      vertex  3.416205e+001 -5.269775e+001  0.000000e+000
      vertex  3.457456e+001 -5.258722e+001  0.000000e+000
    endloop
  endfacet
  facet normal  2.588255e-001 -9.659241e-001  0.000000e+000
    outer loop
      vertex  3.416205e+001 -5.269775e+001  4.000000e+000
      vertex  3.457456e+001 -5.258722e+001  0.000000e+000
      vertex  3.457456e+001 -5.258722e+001  4.000000e+000
    endloop
  endfacet
  facet normal  8.715343e-002 -9.961949e-001  0.000000e+000
    outer loop
      vertex  3.457456e+001 -5.258722e+001  4.000000e+000
      vertex  3.457456e+001 -5.258722e+001  0.000000e+000
      vertex  3.500000e+001 -5.255000e+001  0.000000e+000
    endloop
  endfacet
  facet normal  8.715343e-002 -9.961949e-001  0.000000e+000
    outer loop
      vertex  3.457456e+001 -5.258722e+001  4.000000e+000
      vertex  3.500000e+001 -5.255000e+001  0.000000e+000
      vertex  3.500000e+001 -5.255000e+001  4.000000e+000
    endloop
  endfacet
  facet normal -8.119038e-001 -5.837913e-001  -0.000000e+000
    outer loop
      vertex -1.386979e+001 -3.166189e+000  0.000000e+000
      vertex -1.386979e+001 -3.166189e+000  4.000000e+000
      vertex -1.423348e+001 -2.660384e+000  0.000000e+000
    endloop
  endfacet
  facet normal -8.119038e-001 -5.837913e-001  0.000000e+000
    outer loop
      vertex -1.423348e+001 -2.660384e+000  0.000000e+000
      vertex -1.386979e+001 -3.166189e+000  4.000000e+000
      vertex -1.423348e+001 -2.660384e+000  4.000000e+000
    endloop
  endfacet
  facet normal -8.781990e-001 -4.782953e-001  -0.000000e+000
    outer loop
      vertex -1.423348e+001 -2.660384e+000  0.000000e+000
      vertex -1.423348e+001 -2.660384e+000  4.000000e+000
      vertex -1.453145e+001 -2.113277e+000  0.000000e+000
    endloop
  endfacet
  facet normal -8.781990e-001 -4.782953e-001  0.000000e+000
    outer loop
      vertex -1.453145e+001 -2.113277e+000  0.000000e+000
      vertex -1.423348e+001 -2.660384e+000  4.000000e+000
      vertex -1.453145e+001 -2.113277e+000  4.000000e+000
    endloop
  endfacet
  facet normal -9.308610e-001 -3.653737e-001  -0.000000e+000
    outer loop
      vertex -1.453145e+001 -2.113277e+000  0.000000e+000
      vertex -1.453145e+001 -2.113277e+000  4.000000e+000
      vertex -1.475908e+001 -1.533363e+000  0.000000e+000
    endloop
  endfacet
  facet normal -9.308610e-001 -3.653737e-001  0.000000e+000
    outer loop
      vertex -1.475908e+001 -1.533363e+000  0.000000e+000
      vertex -1.453145e+001 -2.113277e+000  4.000000e+000
      vertex -1.475908e+001 -1.533363e+000  4.000000e+000
    endloop
  endfacet
  facet normal -9.690714e-001 -2.467803e-001  -0.000000e+000
    outer loop
      vertex -1.475908e+001 -1.533363e+000  0.000000e+000
      vertex -1.475908e+001 -1.533363e+000  4.000000e+000
      vertex -1.491282e+001 -9.296444e-001  0.000000e+000
    endloop
  endfacet
  facet normal -9.690714e-001 -2.467803e-001  0.000000e+000
    outer loop
      vertex -1.491282e+001 -9.296444e-001  0.000000e+000
      vertex -1.475908e+001 -1.533363e+000  4.000000e+000
      vertex -1.491282e+001 -9.296444e-001  4.000000e+000
    endloop
  endfacet
  facet normal -9.922377e-001 -1.243553e-001  -0.000000e+000
    outer loop
      vertex -1.491282e+001 -9.296444e-001  0.000000e+000
      vertex -1.491282e+001 -9.296444e-001  4.000000e+000
      vertex -1.499029e+001 -3.114934e-001  0.000000e+000
    endloop
  endfacet
  facet normal -9.922377e-001 -1.243553e-001  0.000000e+000
    outer loop
      vertex -1.499029e+001 -3.114934e-001  0.000000e+000
      vertex -1.491282e+001 -9.296444e-001  4.000000e+000
      vertex -1.499029e+001 -3.114934e-001  4.000000e+000
    endloop
  endfacet
  facet normal -1.000000e+000  0.000000e+000  0.000000e+000
    outer loop
      vertex -1.499029e+001 -3.114934e-001  0.000000e+000
      vertex -1.499029e+001 -3.114934e-001  4.000000e+000
      vertex -1.499029e+001  3.114934e-001  0.000000e+000
    endloop
  endfacet
  facet normal -1.000000e+000  0.000000e+000  0.000000e+000
    outer loop
      vertex -1.499029e+001  3.114934e-001  0.000000e+000
      vertex -1.499029e+001 -3.114934e-001  4.000000e+000
      vertex -1.499029e+001  3.114934e-001  4.000000e+000
    endloop
  endfacet
  facet normal -9.922377e-001  1.243553e-001  0.000000e+000
    outer loop
      vertex -1.499029e+001  3.114934e-001  0.000000e+000
      vertex -1.499029e+001  3.114934e-001  4.000000e+000
      vertex -1.491282e+001  9.296444e-001  0.000000e+000
    endloop
  endfacet
  facet normal -9.922377e-001  1.243553e-001  0.000000e+000
    outer loop
      vertex -1.491282e+001  9.296444e-001  0.000000e+000
      vertex -1.499029e+001  3.114934e-001  4.000000e+000
      vertex -1.491282e+001  9.296444e-001  4.000000e+000
    endloop
  endfacet
  facet normal -9.690714e-001  2.467803e-001  0.000000e+000
    outer loop
      vertex -1.491282e+001  9.296444e-001  0.000000e+000
      vertex -1.491282e+001  9.296444e-001  4.000000e+000
      vertex -1.475908e+001  1.533363e+000  0.000000e+000
    endloop
  endfacet
  facet normal -9.690714e-001  2.467803e-001  0.000000e+000
    outer loop
      vertex -1.475908e+001  1.533363e+000  0.000000e+000
      vertex -1.491282e+001  9.296444e-001  4.000000e+000
      vertex -1.475908e+001  1.533363e+000  4.000000e+000
    endloop
  endfacet
  facet normal -9.308610e-001  3.653737e-001  0.000000e+000
    outer loop
      vertex -1.475908e+001  1.533363e+000  0.000000e+000
      vertex -1.475908e+001  1.533363e+000  4.000000e+000
      vertex -1.453145e+001  2.113277e+000  0.000000e+000
    endloop
  endfacet
  facet normal -9.308610e-001  3.653737e-001  0.000000e+000
    outer loop
      vertex -1.453145e+001  2.113277e+000  0.000000e+000
      vertex -1.475908e+001  1.533363e+000  4.000000e+000
      vertex -1.453145e+001  2.113277e+000  4.000000e+000
    endloop
  endfacet
  facet normal -8.781990e-001  4.782953e-001  0.000000e+000
    outer loop
      vertex -1.453145e+001  2.113277e+000  0.000000e+000
      vertex -1.453145e+001  2.113277e+000  4.000000e+000
      vertex -1.423348e+001  2.660384e+000  0.000000e+000
    endloop
  endfacet
  facet normal -8.781990e-001  4.782953e-001  0.000000e+000
    outer loop
      vertex -1.423348e+001  2.660384e+000  0.000000e+000
      vertex -1.453145e+001  2.113277e+000  4.000000e+000
      vertex -1.423348e+001  2.660384e+000  4.000000e+000
    endloop
  endfacet
  facet normal -8.119038e-001  5.837913e-001  0.000000e+000
    outer loop
      vertex -1.423348e+001  2.660384e+000  0.000000e+000
      vertex -1.423348e+001  2.660384e+000  4.000000e+000
      vertex -1.386979e+001  3.166189e+000  0.000000e+000
    endloop
  endfacet
  facet normal -8.119038e-001  5.837913e-001  0.000000e+000
    outer loop
      vertex -1.386979e+001  3.166189e+000  0.000000e+000
      vertex -1.423348e+001  2.660384e+000  4.000000e+000
      vertex -1.386979e+001  3.166189e+000  4.000000e+000
    endloop
  endfacet
  facet normal  0.000000e+000  0.000000e+000 -1.000000e+000
    outer loop
      vertex  5.000000e+000 -4.600000e+001  3.000000e+001
      vertex  5.000000e+000  4.600000e+001  3.000000e+001
      vertex  4.000000e+001 -4.600000e+001  3.000000e+001
    endloop
  endfacet
  facet normal  0.000000e+000  0.000000e+000 -1.000000e+000
    outer loop
      vertex  4.000000e+001 -4.600000e+001  3.000000e+001
      vertex  5.000000e+000  4.600000e+001  3.000000e+001
      vertex  4.000000e+001  4.600000e+001  3.000000e+001
    endloop
  endfacet
  facet normal  0.000000e+000  0.000000e+000  1.000000e+000
    outer loop
      vertex  4.000000e+001 -5.000000e+001  3.500000e+001
      vertex  4.000000e+001  5.000000e+001  3.500000e+001
      vertex  0.000000e+000 -5.000000e+001  3.500000e+001
    endloop
  endfacet
  facet normal  0.000000e+000  -0.000000e+000  1.000000e+000
    outer loop
      vertex  0.000000e+000 -5.000000e+001  3.500000e+001
      vertex  4.000000e+001  5.000000e+001  3.500000e+001
      vertex -3.552714e-015  5.000000e+001  3.500000e+001
    endloop
  endfacet
endsolid CATIA STL
