solid CATIA STL
  facet normal -9.951850e-001 -9.801489e-002  -0.000000e+000
    outer loop
      vertex  2.930000e+001 -2.800000e+001  0.000000e+000
      vertex  2.927502e+001 -2.774638e+001  1.000000e+001
      vertex  2.927502e+001 -2.774638e+001  0.000000e+000
    endloop
  endfacet
  facet normal -9.569409e-001 -2.902826e-001  0.000000e+000
    outer loop
      vertex  2.927502e+001 -2.774638e+001  0.000000e+000
      vertex  2.927502e+001 -2.774638e+001  1.000000e+001
      vertex  2.920104e+001 -2.750251e+001  1.000000e+001
    endloop
  endfacet
  facet normal -9.569409e-001 -2.902826e-001  -0.000000e+000
    outer loop
      vertex  2.927502e+001 -2.774638e+001  0.000000e+000
      vertex  2.920104e+001 -2.750251e+001  1.000000e+001
      vertex  2.920104e+001 -2.750251e+001  0.000000e+000
    endloop
  endfacet
  facet normal -8.819185e-001 -4.714019e-001  0.000000e+000
    outer loop
      vertex  2.920104e+001 -2.750251e+001  0.000000e+000
      vertex  2.920104e+001 -2.750251e+001  1.000000e+001
      vertex  2.908091e+001 -2.727776e+001  1.000000e+001
    endloop
  endfacet
  facet normal -8.819185e-001 -4.714019e-001  -0.000000e+000
    outer loop
      vertex  2.920104e+001 -2.750251e+001  0.000000e+000
      vertex  2.908091e+001 -2.727776e+001  1.000000e+001
      vertex  2.908091e+001 -2.727776e+001  0.000000e+000
    endloop
  endfacet
  facet normal -7.730141e-001 -6.343889e-001  0.000000e+000
    outer loop
      vertex  2.908091e+001 -2.727776e+001  0.000000e+000
      vertex  2.908091e+001 -2.727776e+001  1.000000e+001
      vertex  2.891924e+001 -2.708076e+001  1.000000e+001
    endloop
  endfacet
  facet normal -7.730141e-001 -6.343889e-001  -0.000000e+000
    outer loop
      vertex  2.908091e+001 -2.727776e+001  0.000000e+000
      vertex  2.891924e+001 -2.708076e+001  1.000000e+001
      vertex  2.891924e+001 -2.708076e+001  0.000000e+000
    endloop
  endfacet
  facet normal -6.343889e-001 -7.730141e-001  0.000000e+000
    outer loop
      vertex  2.891924e+001 -2.708076e+001  0.000000e+000
      vertex  2.891924e+001 -2.708076e+001  1.000000e+001
      vertex  2.872224e+001 -2.691909e+001  1.000000e+001
    endloop
  endfacet
  facet normal -6.343889e-001 -7.730141e-001  -0.000000e+000
    outer loop
      vertex  2.891924e+001 -2.708076e+001  0.000000e+000
      vertex  2.872224e+001 -2.691909e+001  1.000000e+001
      vertex  2.872224e+001 -2.691909e+001  0.000000e+000
    endloop
  endfacet
  facet normal -4.714019e-001 -8.819185e-001  0.000000e+000
    outer loop
      vertex  2.872224e+001 -2.691909e+001  0.000000e+000
      vertex  2.872224e+001 -2.691909e+001  1.000000e+001
      vertex  2.849749e+001 -2.679896e+001  1.000000e+001
    endloop
  endfacet
  facet normal -4.714019e-001 -8.819185e-001  -0.000000e+000
    outer loop
      vertex  2.872224e+001 -2.691909e+001  0.000000e+000
      vertex  2.849749e+001 -2.679896e+001  1.000000e+001
      vertex  2.849749e+001 -2.679896e+001  0.000000e+000
    endloop
  endfacet
  facet normal -2.902826e-001 -9.569409e-001  0.000000e+000
    outer loop
      vertex  2.849749e+001 -2.679896e+001  0.000000e+000
      vertex  2.849749e+001 -2.679896e+001  1.000000e+001
      vertex  2.825362e+001 -2.672498e+001  1.000000e+001
    endloop
  endfacet
  facet normal -2.902826e-001 -9.569409e-001  -0.000000e+000
    outer loop
      vertex  2.849749e+001 -2.679896e+001  0.000000e+000
      vertex  2.825362e+001 -2.672498e+001  1.000000e+001
      vertex  2.825362e+001 -2.672498e+001  0.000000e+000
    endloop
  endfacet
  facet normal -9.801489e-002 -9.951850e-001  0.000000e+000
    outer loop
      vertex  2.825362e+001 -2.672498e+001  0.000000e+000
      vertex  2.825362e+001 -2.672498e+001  1.000000e+001
      vertex  2.800000e+001 -2.670000e+001  1.000000e+001
    endloop
  endfacet
  facet normal -9.801489e-002 -9.951850e-001  -0.000000e+000
    outer loop
      vertex  2.825362e+001 -2.672498e+001  0.000000e+000
      vertex  2.800000e+001 -2.670000e+001  1.000000e+001
      vertex  2.800000e+001 -2.670000e+001  0.000000e+000
    endloop
  endfacet
  facet normal -9.951850e-001 -9.801489e-002  0.000000e+000
    outer loop
      vertex  2.927502e+001 -2.774638e+001  1.000000e+001
      vertex  2.930000e+001 -2.800000e+001  0.000000e+000
      vertex  2.930000e+001 -2.800000e+001  1.000000e+001
    endloop
  endfacet
  facet normal -9.951850e-001  9.801489e-002  0.000000e+000
    outer loop
      vertex  2.930000e+001 -2.800000e+001  1.000000e+001
      vertex  2.930000e+001 -2.800000e+001  0.000000e+000
      vertex  2.927502e+001 -2.825362e+001  0.000000e+000
    endloop
  endfacet
  facet normal -9.951850e-001  9.801489e-002  0.000000e+000
    outer loop
      vertex  2.930000e+001 -2.800000e+001  1.000000e+001
      vertex  2.927502e+001 -2.825362e+001  0.000000e+000
      vertex  2.927502e+001 -2.825362e+001  1.000000e+001
    endloop
  endfacet
  facet normal -9.569409e-001  2.902826e-001  0.000000e+000
    outer loop
      vertex  2.927502e+001 -2.825362e+001  1.000000e+001
      vertex  2.927502e+001 -2.825362e+001  0.000000e+000
      vertex  2.920104e+001 -2.849749e+001  0.000000e+000
    endloop
  endfacet
  facet normal -9.569409e-001  2.902826e-001  0.000000e+000
    outer loop
      vertex  2.927502e+001 -2.825362e+001  1.000000e+001
      vertex  2.920104e+001 -2.849749e+001  0.000000e+000
      vertex  2.920104e+001 -2.849749e+001  1.000000e+001
    endloop
  endfacet
  facet normal -8.819185e-001  4.714019e-001  0.000000e+000
    outer loop
      vertex  2.920104e+001 -2.849749e+001  1.000000e+001
      vertex  2.920104e+001 -2.849749e+001  0.000000e+000
      vertex  2.908091e+001 -2.872224e+001  0.000000e+000
    endloop
  endfacet
  facet normal -8.819185e-001  4.714019e-001  0.000000e+000
    outer loop
      vertex  2.920104e+001 -2.849749e+001  1.000000e+001
      vertex  2.908091e+001 -2.872224e+001  0.000000e+000
      vertex  2.908091e+001 -2.872224e+001  1.000000e+001
    endloop
  endfacet
  facet normal -7.730141e-001  6.343889e-001  0.000000e+000
    outer loop
      vertex  2.908091e+001 -2.872224e+001  1.000000e+001
      vertex  2.908091e+001 -2.872224e+001  0.000000e+000
      vertex  2.891924e+001 -2.891924e+001  0.000000e+000
    endloop
  endfacet
  facet normal -7.730141e-001  6.343889e-001  0.000000e+000
    outer loop
      vertex  2.908091e+001 -2.872224e+001  1.000000e+001
      vertex  2.891924e+001 -2.891924e+001  0.000000e+000
      vertex  2.891924e+001 -2.891924e+001  1.000000e+001
    endloop
  endfacet
  facet normal -6.343889e-001  7.730141e-001  0.000000e+000
    outer loop
      vertex  2.891924e+001 -2.891924e+001  1.000000e+001
      vertex  2.891924e+001 -2.891924e+001  0.000000e+000
      vertex  2.872224e+001 -2.908091e+001  0.000000e+000
    endloop
  endfacet
  facet normal -6.343889e-001  7.730141e-001  0.000000e+000
    outer loop
      vertex  2.891924e+001 -2.891924e+001  1.000000e+001
      vertex  2.872224e+001 -2.908091e+001  0.000000e+000
      vertex  2.872224e+001 -2.908091e+001  1.000000e+001
    endloop
  endfacet
  facet normal -4.714019e-001  8.819185e-001  0.000000e+000
    outer loop
      vertex  2.872224e+001 -2.908091e+001  1.000000e+001
      vertex  2.872224e+001 -2.908091e+001  0.000000e+000
      vertex  2.849749e+001 -2.920104e+001  0.000000e+000
    endloop
  endfacet
  facet normal -4.714019e-001  8.819185e-001  0.000000e+000
    outer loop
      vertex  2.872224e+001 -2.908091e+001  1.000000e+001
      vertex  2.849749e+001 -2.920104e+001  0.000000e+000
      vertex  2.849749e+001 -2.920104e+001  1.000000e+001
    endloop
  endfacet
  facet normal -2.902826e-001  9.569409e-001  0.000000e+000
    outer loop
      vertex  2.849749e+001 -2.920104e+001  1.000000e+001
      vertex  2.849749e+001 -2.920104e+001  0.000000e+000
      vertex  2.825362e+001 -2.927502e+001  0.000000e+000
    endloop
  endfacet
  facet normal -2.902826e-001  9.569409e-001  0.000000e+000
    outer loop
      vertex  2.849749e+001 -2.920104e+001  1.000000e+001
      vertex  2.825362e+001 -2.927502e+001  0.000000e+000
      vertex  2.825362e+001 -2.927502e+001  1.000000e+001
    endloop
  endfacet
  facet normal -9.801489e-002  9.951850e-001  0.000000e+000
    outer loop
      vertex  2.825362e+001 -2.927502e+001  1.000000e+001
      vertex  2.825362e+001 -2.927502e+001  0.000000e+000
      vertex  2.800000e+001 -2.930000e+001  0.000000e+000
    endloop
  endfacet
  facet normal -9.801489e-002  9.951850e-001  0.000000e+000
    outer loop
      vertex  2.825362e+001 -2.927502e+001  1.000000e+001
      vertex  2.800000e+001 -2.930000e+001  0.000000e+000
      vertex  2.800000e+001 -2.930000e+001  1.000000e+001
    endloop
  endfacet
  facet normal  9.951850e-001  9.801489e-002  0.000000e+000
    outer loop
      vertex  2.670000e+001 -2.800000e+001  0.000000e+000
      vertex  2.672498e+001 -2.825362e+001  1.000000e+001
      vertex  2.672498e+001 -2.825362e+001  0.000000e+000
    endloop
  endfacet
  facet normal  9.569409e-001  2.902826e-001  -0.000000e+000
    outer loop
      vertex  2.672498e+001 -2.825362e+001  0.000000e+000
      vertex  2.672498e+001 -2.825362e+001  1.000000e+001
      vertex  2.679896e+001 -2.849749e+001  1.000000e+001
    endloop
  endfacet
  facet normal  9.569409e-001  2.902826e-001  0.000000e+000
    outer loop
      vertex  2.672498e+001 -2.825362e+001  0.000000e+000
      vertex  2.679896e+001 -2.849749e+001  1.000000e+001
      vertex  2.679896e+001 -2.849749e+001  0.000000e+000
    endloop
  endfacet
  facet normal  8.819185e-001  4.714019e-001  -0.000000e+000
    outer loop
      vertex  2.679896e+001 -2.849749e+001  0.000000e+000
      vertex  2.679896e+001 -2.849749e+001  1.000000e+001
      vertex  2.691909e+001 -2.872224e+001  1.000000e+001
    endloop
  endfacet
  facet normal  8.819185e-001  4.714019e-001  0.000000e+000
    outer loop
      vertex  2.679896e+001 -2.849749e+001  0.000000e+000
      vertex  2.691909e+001 -2.872224e+001  1.000000e+001
      vertex  2.691909e+001 -2.872224e+001  0.000000e+000
    endloop
  endfacet
  facet normal  7.730141e-001  6.343889e-001  -0.000000e+000
    outer loop
      vertex  2.691909e+001 -2.872224e+001  0.000000e+000
      vertex  2.691909e+001 -2.872224e+001  1.000000e+001
      vertex  2.708076e+001 -2.891924e+001  1.000000e+001
    endloop
  endfacet
  facet normal  7.730141e-001  6.343889e-001  0.000000e+000
    outer loop
      vertex  2.691909e+001 -2.872224e+001  0.000000e+000
      vertex  2.708076e+001 -2.891924e+001  1.000000e+001
      vertex  2.708076e+001 -2.891924e+001  0.000000e+000
    endloop
  endfacet
  facet normal  6.343889e-001  7.730141e-001  -0.000000e+000
    outer loop
      vertex  2.708076e+001 -2.891924e+001  0.000000e+000
      vertex  2.708076e+001 -2.891924e+001  1.000000e+001
      vertex  2.727776e+001 -2.908091e+001  1.000000e+001
    endloop
  endfacet
  facet normal  6.343889e-001  7.730141e-001  0.000000e+000
    outer loop
      vertex  2.708076e+001 -2.891924e+001  0.000000e+000
      vertex  2.727776e+001 -2.908091e+001  1.000000e+001
      vertex  2.727776e+001 -2.908091e+001  0.000000e+000
    endloop
  endfacet
  facet normal  4.714019e-001  8.819185e-001  -0.000000e+000
    outer loop
      vertex  2.727776e+001 -2.908091e+001  0.000000e+000
      vertex  2.727776e+001 -2.908091e+001  1.000000e+001
      vertex  2.750251e+001 -2.920104e+001  1.000000e+001
    endloop
  endfacet
  facet normal  4.714019e-001  8.819185e-001  0.000000e+000
    outer loop
      vertex  2.727776e+001 -2.908091e+001  0.000000e+000
      vertex  2.750251e+001 -2.920104e+001  1.000000e+001
      vertex  2.750251e+001 -2.920104e+001  0.000000e+000
    endloop
  endfacet
  facet normal  2.902826e-001  9.569409e-001  -0.000000e+000
    outer loop
      vertex  2.750251e+001 -2.920104e+001  0.000000e+000
      vertex  2.750251e+001 -2.920104e+001  1.000000e+001
      vertex  2.774638e+001 -2.927502e+001  1.000000e+001
    endloop
  endfacet
  facet normal  2.902826e-001  9.569409e-001  0.000000e+000
    outer loop
      vertex  2.750251e+001 -2.920104e+001  0.000000e+000
      vertex  2.774638e+001 -2.927502e+001  1.000000e+001
      vertex  2.774638e+001 -2.927502e+001  0.000000e+000
    endloop
  endfacet
  facet normal  9.801489e-002  9.951850e-001  -0.000000e+000
    outer loop
      vertex  2.774638e+001 -2.927502e+001  0.000000e+000
      vertex  2.774638e+001 -2.927502e+001  1.000000e+001
      vertex  2.800000e+001 -2.930000e+001  1.000000e+001
    endloop
  endfacet
  facet normal  9.801489e-002  9.951850e-001  0.000000e+000
    outer loop
      vertex  2.774638e+001 -2.927502e+001  0.000000e+000
      vertex  2.800000e+001 -2.930000e+001  1.000000e+001
      vertex  2.800000e+001 -2.930000e+001  0.000000e+000
    endloop
  endfacet
  facet normal  9.951850e-001  9.801489e-002  -0.000000e+000
    outer loop
      vertex  2.672498e+001 -2.825362e+001  1.000000e+001
      vertex  2.670000e+001 -2.800000e+001  0.000000e+000
      vertex  2.670000e+001 -2.800000e+001  1.000000e+001
    endloop
  endfacet
  facet normal  9.951850e-001 -9.801489e-002  0.000000e+000
    outer loop
      vertex  2.670000e+001 -2.800000e+001  1.000000e+001
      vertex  2.670000e+001 -2.800000e+001  0.000000e+000
      vertex  2.672498e+001 -2.774638e+001  0.000000e+000
    endloop
  endfacet
  facet normal  9.951850e-001 -9.801489e-002  0.000000e+000
    outer loop
      vertex  2.670000e+001 -2.800000e+001  1.000000e+001
      vertex  2.672498e+001 -2.774638e+001  0.000000e+000
      vertex  2.672498e+001 -2.774638e+001  1.000000e+001
    endloop
  endfacet
  facet normal  9.569409e-001 -2.902826e-001  0.000000e+000
    outer loop
      vertex  2.672498e+001 -2.774638e+001  1.000000e+001
      vertex  2.672498e+001 -2.774638e+001  0.000000e+000
      vertex  2.679896e+001 -2.750251e+001  0.000000e+000
    endloop
  endfacet
  facet normal  9.569409e-001 -2.902826e-001  0.000000e+000
    outer loop
      vertex  2.672498e+001 -2.774638e+001  1.000000e+001
      vertex  2.679896e+001 -2.750251e+001  0.000000e+000
      vertex  2.679896e+001 -2.750251e+001  1.000000e+001
    endloop
  endfacet
  facet normal  8.819185e-001 -4.714019e-001  0.000000e+000
    outer loop
      vertex  2.679896e+001 -2.750251e+001  1.000000e+001
      vertex  2.679896e+001 -2.750251e+001  0.000000e+000
      vertex  2.691909e+001 -2.727776e+001  0.000000e+000
    endloop
  endfacet
  facet normal  8.819185e-001 -4.714019e-001  0.000000e+000
    outer loop
      vertex  2.679896e+001 -2.750251e+001  1.000000e+001
      vertex  2.691909e+001 -2.727776e+001  0.000000e+000
      vertex  2.691909e+001 -2.727776e+001  1.000000e+001
    endloop
  endfacet
  facet normal  7.730141e-001 -6.343889e-001  0.000000e+000
    outer loop
      vertex  2.691909e+001 -2.727776e+001  1.000000e+001
      vertex  2.691909e+001 -2.727776e+001  0.000000e+000
      vertex  2.708076e+001 -2.708076e+001  0.000000e+000
    endloop
  endfacet
  facet normal  7.730141e-001 -6.343889e-001  0.000000e+000
    outer loop
      vertex  2.691909e+001 -2.727776e+001  1.000000e+001
      vertex  2.708076e+001 -2.708076e+001  0.000000e+000
      vertex  2.708076e+001 -2.708076e+001  1.000000e+001
    endloop
  endfacet
  facet normal  6.343889e-001 -7.730141e-001  0.000000e+000
    outer loop
      vertex  2.708076e+001 -2.708076e+001  1.000000e+001
      vertex  2.708076e+001 -2.708076e+001  0.000000e+000
      vertex  2.727776e+001 -2.691909e+001  0.000000e+000
    endloop
  endfacet
  facet normal  6.343889e-001 -7.730141e-001  0.000000e+000
    outer loop
      vertex  2.708076e+001 -2.708076e+001  1.000000e+001
      vertex  2.727776e+001 -2.691909e+001  0.000000e+000
      vertex  2.727776e+001 -2.691909e+001  1.000000e+001
    endloop
  endfacet
  facet normal  4.714019e-001 -8.819185e-001  0.000000e+000
    outer loop
      vertex  2.727776e+001 -2.691909e+001  1.000000e+001
      vertex  2.727776e+001 -2.691909e+001  0.000000e+000
      vertex  2.750251e+001 -2.679896e+001  0.000000e+000
    endloop
  endfacet
  facet normal  4.714019e-001 -8.819185e-001  0.000000e+000
    outer loop
      vertex  2.727776e+001 -2.691909e+001  1.000000e+001
      vertex  2.750251e+001 -2.679896e+001  0.000000e+000
      vertex  2.750251e+001 -2.679896e+001  1.000000e+001
    endloop
  endfacet
  facet normal  2.902826e-001 -9.569409e-001  0.000000e+000
    outer loop
      vertex  2.750251e+001 -2.679896e+001  1.000000e+001
      vertex  2.750251e+001 -2.679896e+001  0.000000e+000
      vertex  2.774638e+001 -2.672498e+001  0.000000e+000
    endloop
  endfacet
  facet normal  2.902826e-001 -9.569409e-001  0.000000e+000
    outer loop
      vertex  2.750251e+001 -2.679896e+001  1.000000e+001
      vertex  2.774638e+001 -2.672498e+001  0.000000e+000
      vertex  2.774638e+001 -2.672498e+001  1.000000e+001
    endloop
  endfacet
  facet normal  9.801489e-002 -9.951850e-001  0.000000e+000
    outer loop
      vertex  2.774638e+001 -2.672498e+001  1.000000e+001
      vertex  2.774638e+001 -2.672498e+001  0.000000e+000
      vertex  2.800000e+001 -2.670000e+001  0.000000e+000
    endloop
  endfacet
  facet normal  9.801489e-002 -9.951850e-001  0.000000e+000
    outer loop
      vertex  2.774638e+001 -2.672498e+001  1.000000e+001
      vertex  2.800000e+001 -2.670000e+001  0.000000e+000
      vertex  2.800000e+001 -2.670000e+001  1.000000e+001
    endloop
  endfacet
  facet normal -9.951850e-001 -9.801489e-002  -0.000000e+000
    outer loop
      vertex -4.070000e+001 -2.000000e+001  0.000000e+000
      vertex -4.072498e+001 -1.974638e+001  1.000000e+001
      vertex -4.072498e+001 -1.974638e+001  0.000000e+000
    endloop
  endfacet
  facet normal -9.569389e-001 -2.902895e-001  0.000000e+000
    outer loop
      vertex -4.072498e+001 -1.974638e+001  0.000000e+000
      vertex -4.072498e+001 -1.974638e+001  1.000000e+001
      vertex -4.079896e+001 -1.950251e+001  1.000000e+001
    endloop
  endfacet
  facet normal -9.569389e-001 -2.902895e-001  -0.000000e+000
    outer loop
      vertex -4.072498e+001 -1.974638e+001  0.000000e+000
      vertex -4.079896e+001 -1.950251e+001  1.000000e+001
      vertex -4.079896e+001 -1.950251e+001  0.000000e+000
    endloop
  endfacet
  facet normal -8.819216e-001 -4.713960e-001  0.000000e+000
    outer loop
      vertex -4.079896e+001 -1.950251e+001  0.000000e+000
      vertex -4.079896e+001 -1.950251e+001  1.000000e+001
      vertex -4.091909e+001 -1.927776e+001  1.000000e+001
    endloop
  endfacet
  facet normal -8.819216e-001 -4.713960e-001  -0.000000e+000
    outer loop
      vertex -4.079896e+001 -1.950251e+001  0.000000e+000
      vertex -4.091909e+001 -1.927776e+001  1.000000e+001
      vertex -4.091909e+001 -1.927776e+001  0.000000e+000
    endloop
  endfacet
  facet normal -7.730141e-001 -6.343889e-001  0.000000e+000
    outer loop
      vertex -4.091909e+001 -1.927776e+001  0.000000e+000
      vertex -4.091909e+001 -1.927776e+001  1.000000e+001
      vertex -4.108076e+001 -1.908076e+001  1.000000e+001
    endloop
  endfacet
  facet normal -7.730141e-001 -6.343889e-001  -0.000000e+000
    outer loop
      vertex -4.091909e+001 -1.927776e+001  0.000000e+000
      vertex -4.108076e+001 -1.908076e+001  1.000000e+001
      vertex -4.108076e+001 -1.908076e+001  0.000000e+000
    endloop
  endfacet
  facet normal -6.343889e-001 -7.730141e-001  0.000000e+000
    outer loop
      vertex -4.108076e+001 -1.908076e+001  0.000000e+000
      vertex -4.108076e+001 -1.908076e+001  1.000000e+001
      vertex -4.127776e+001 -1.891909e+001  1.000000e+001
    endloop
  endfacet
  facet normal -6.343889e-001 -7.730141e-001  -0.000000e+000
    outer loop
      vertex -4.108076e+001 -1.908076e+001  0.000000e+000
      vertex -4.127776e+001 -1.891909e+001  1.000000e+001
      vertex -4.127776e+001 -1.891909e+001  0.000000e+000
    endloop
  endfacet
  facet normal -4.714049e-001 -8.819168e-001  0.000000e+000
    outer loop
      vertex -4.127776e+001 -1.891909e+001  0.000000e+000
      vertex -4.127776e+001 -1.891909e+001  1.000000e+001
      vertex -4.150251e+001 -1.879896e+001  1.000000e+001
    endloop
  endfacet
  facet normal -4.714049e-001 -8.819168e-001  -0.000000e+000
    outer loop
      vertex -4.127776e+001 -1.891909e+001  0.000000e+000
      vertex -4.150251e+001 -1.879896e+001  1.000000e+001
      vertex -4.150251e+001 -1.879896e+001  0.000000e+000
    endloop
  endfacet
  facet normal -2.902784e-001 -9.569422e-001  0.000000e+000
    outer loop
      vertex -4.150251e+001 -1.879896e+001  0.000000e+000
      vertex -4.150251e+001 -1.879896e+001  1.000000e+001
      vertex -4.174638e+001 -1.872498e+001  1.000000e+001
    endloop
  endfacet
  facet normal -2.902784e-001 -9.569422e-001  -0.000000e+000
    outer loop
      vertex -4.150251e+001 -1.879896e+001  0.000000e+000
      vertex -4.174638e+001 -1.872498e+001  1.000000e+001
      vertex -4.174638e+001 -1.872498e+001  0.000000e+000
    endloop
  endfacet
  facet normal -9.801561e-002 -9.951848e-001  0.000000e+000
    outer loop
      vertex -4.174638e+001 -1.872498e+001  0.000000e+000
      vertex -4.174638e+001 -1.872498e+001  1.000000e+001
      vertex -4.200000e+001 -1.870000e+001  1.000000e+001
    endloop
  endfacet
  facet normal -9.801561e-002 -9.951848e-001  -0.000000e+000
    outer loop
      vertex -4.174638e+001 -1.872498e+001  0.000000e+000
      vertex -4.200000e+001 -1.870000e+001  1.000000e+001
      vertex -4.200000e+001 -1.870000e+001  0.000000e+000
    endloop
  endfacet
  facet normal -9.951850e-001 -9.801489e-002  0.000000e+000
    outer loop
      vertex -4.072498e+001 -1.974638e+001  1.000000e+001
      vertex -4.070000e+001 -2.000000e+001  0.000000e+000
      vertex -4.070000e+001 -2.000000e+001  1.000000e+001
    endloop
  endfacet
  facet normal -9.951850e-001  9.801489e-002  0.000000e+000
    outer loop
      vertex -4.070000e+001 -2.000000e+001  1.000000e+001
      vertex -4.070000e+001 -2.000000e+001  0.000000e+000
      vertex -4.072498e+001 -2.025362e+001  0.000000e+000
    endloop
  endfacet
  facet normal -9.951850e-001  9.801489e-002  0.000000e+000
    outer loop
      vertex -4.070000e+001 -2.000000e+001  1.000000e+001
      vertex -4.072498e+001 -2.025362e+001  0.000000e+000
      vertex -4.072498e+001 -2.025362e+001  1.000000e+001
    endloop
  endfacet
  facet normal -9.569389e-001  2.902895e-001  0.000000e+000
    outer loop
      vertex -4.072498e+001 -2.025362e+001  1.000000e+001
      vertex -4.072498e+001 -2.025362e+001  0.000000e+000
      vertex -4.079896e+001 -2.049749e+001  0.000000e+000
    endloop
  endfacet
  facet normal -9.569389e-001  2.902895e-001  0.000000e+000
    outer loop
      vertex -4.072498e+001 -2.025362e+001  1.000000e+001
      vertex -4.079896e+001 -2.049749e+001  0.000000e+000
      vertex -4.079896e+001 -2.049749e+001  1.000000e+001
    endloop
  endfacet
  facet normal -8.819216e-001  4.713960e-001  0.000000e+000
    outer loop
      vertex -4.079896e+001 -2.049749e+001  1.000000e+001
      vertex -4.079896e+001 -2.049749e+001  0.000000e+000
      vertex -4.091909e+001 -2.072224e+001  0.000000e+000
    endloop
  endfacet
  facet normal -8.819216e-001  4.713960e-001  0.000000e+000
    outer loop
      vertex -4.079896e+001 -2.049749e+001  1.000000e+001
      vertex -4.091909e+001 -2.072224e+001  0.000000e+000
      vertex -4.091909e+001 -2.072224e+001  1.000000e+001
    endloop
  endfacet
  facet normal -7.730141e-001  6.343889e-001  0.000000e+000
    outer loop
      vertex -4.091909e+001 -2.072224e+001  1.000000e+001
      vertex -4.091909e+001 -2.072224e+001  0.000000e+000
      vertex -4.108076e+001 -2.091924e+001  0.000000e+000
    endloop
  endfacet
  facet normal -7.730141e-001  6.343889e-001  0.000000e+000
    outer loop
      vertex -4.091909e+001 -2.072224e+001  1.000000e+001
      vertex -4.108076e+001 -2.091924e+001  0.000000e+000
      vertex -4.108076e+001 -2.091924e+001  1.000000e+001
    endloop
  endfacet
  facet normal -6.343889e-001  7.730141e-001  0.000000e+000
    outer loop
      vertex -4.108076e+001 -2.091924e+001  1.000000e+001
      vertex -4.108076e+001 -2.091924e+001  0.000000e+000
      vertex -4.127776e+001 -2.108091e+001  0.000000e+000
    endloop
  endfacet
  facet normal -6.343889e-001  7.730141e-001  0.000000e+000
    outer loop
      vertex -4.108076e+001 -2.091924e+001  1.000000e+001
      vertex -4.127776e+001 -2.108091e+001  0.000000e+000
      vertex -4.127776e+001 -2.108091e+001  1.000000e+001
    endloop
  endfacet
  facet normal -4.714049e-001  8.819168e-001  0.000000e+000
    outer loop
      vertex -4.127776e+001 -2.108091e+001  1.000000e+001
      vertex -4.127776e+001 -2.108091e+001  0.000000e+000
      vertex -4.150251e+001 -2.120104e+001  0.000000e+000
    endloop
  endfacet
  facet normal -4.714049e-001  8.819168e-001  0.000000e+000
    outer loop
      vertex -4.127776e+001 -2.108091e+001  1.000000e+001
      vertex -4.150251e+001 -2.120104e+001  0.000000e+000
      vertex -4.150251e+001 -2.120104e+001  1.000000e+001
    endloop
  endfacet
  facet normal -2.902784e-001  9.569422e-001  0.000000e+000
    outer loop
      vertex -4.150251e+001 -2.120104e+001  1.000000e+001
      vertex -4.150251e+001 -2.120104e+001  0.000000e+000
      vertex -4.174638e+001 -2.127502e+001  0.000000e+000
    endloop
  endfacet
  facet normal -2.902784e-001  9.569422e-001  0.000000e+000
    outer loop
      vertex -4.150251e+001 -2.120104e+001  1.000000e+001
      vertex -4.174638e+001 -2.127502e+001  0.000000e+000
      vertex -4.174638e+001 -2.127502e+001  1.000000e+001
    endloop
  endfacet
  facet normal -9.801561e-002  9.951848e-001  0.000000e+000
    outer loop
      vertex -4.174638e+001 -2.127502e+001  1.000000e+001
      vertex -4.174638e+001 -2.127502e+001  0.000000e+000
      vertex -4.200000e+001 -2.130000e+001  0.000000e+000
    endloop
  endfacet
  facet normal -9.801561e-002  9.951848e-001  0.000000e+000
    outer loop
      vertex -4.174638e+001 -2.127502e+001  1.000000e+001
      vertex -4.200000e+001 -2.130000e+001  0.000000e+000
      vertex -4.200000e+001 -2.130000e+001  1.000000e+001
    endloop
  endfacet
  facet normal  9.951850e-001  9.801489e-002  0.000000e+000
    outer loop
      vertex -4.330000e+001 -2.000000e+001  0.000000e+000
      vertex -4.327502e+001 -2.025362e+001  1.000000e+001
      vertex -4.327502e+001 -2.025362e+001  0.000000e+000
    endloop
  endfacet
  facet normal  9.569389e-001  2.902895e-001  -0.000000e+000
    outer loop
      vertex -4.327502e+001 -2.025362e+001  0.000000e+000
      vertex -4.327502e+001 -2.025362e+001  1.000000e+001
      vertex -4.320104e+001 -2.049749e+001  1.000000e+001
    endloop
  endfacet
  facet normal  9.569389e-001  2.902895e-001  0.000000e+000
    outer loop
      vertex -4.327502e+001 -2.025362e+001  0.000000e+000
      vertex -4.320104e+001 -2.049749e+001  1.000000e+001
      vertex -4.320104e+001 -2.049749e+001  0.000000e+000
    endloop
  endfacet
  facet normal  8.819216e-001  4.713960e-001  -0.000000e+000
    outer loop
      vertex -4.320104e+001 -2.049749e+001  0.000000e+000
      vertex -4.320104e+001 -2.049749e+001  1.000000e+001
      vertex -4.308091e+001 -2.072224e+001  1.000000e+001
    endloop
  endfacet
  facet normal  8.819216e-001  4.713960e-001  0.000000e+000
    outer loop
      vertex -4.320104e+001 -2.049749e+001  0.000000e+000
      vertex -4.308091e+001 -2.072224e+001  1.000000e+001
      vertex -4.308091e+001 -2.072224e+001  0.000000e+000
    endloop
  endfacet
  facet normal  7.730141e-001  6.343889e-001  -0.000000e+000
    outer loop
      vertex -4.308091e+001 -2.072224e+001  0.000000e+000
      vertex -4.308091e+001 -2.072224e+001  1.000000e+001
      vertex -4.291924e+001 -2.091924e+001  1.000000e+001
    endloop
  endfacet
  facet normal  7.730141e-001  6.343889e-001  0.000000e+000
    outer loop
      vertex -4.308091e+001 -2.072224e+001  0.000000e+000
      vertex -4.291924e+001 -2.091924e+001  1.000000e+001
      vertex -4.291924e+001 -2.091924e+001  0.000000e+000
    endloop
  endfacet
  facet normal  6.343889e-001  7.730141e-001  -0.000000e+000
    outer loop
      vertex -4.291924e+001 -2.091924e+001  0.000000e+000
      vertex -4.291924e+001 -2.091924e+001  1.000000e+001
      vertex -4.272224e+001 -2.108091e+001  1.000000e+001
    endloop
  endfacet
  facet normal  6.343889e-001  7.730141e-001  0.000000e+000
    outer loop
      vertex -4.291924e+001 -2.091924e+001  0.000000e+000
      vertex -4.272224e+001 -2.108091e+001  1.000000e+001
      vertex -4.272224e+001 -2.108091e+001  0.000000e+000
    endloop
  endfacet
  facet normal  4.714049e-001  8.819168e-001  -0.000000e+000
    outer loop
      vertex -4.272224e+001 -2.108091e+001  0.000000e+000
      vertex -4.272224e+001 -2.108091e+001  1.000000e+001
      vertex -4.249749e+001 -2.120104e+001  1.000000e+001
    endloop
  endfacet
  facet normal  4.714049e-001  8.819168e-001  0.000000e+000
    outer loop
      vertex -4.272224e+001 -2.108091e+001  0.000000e+000
      vertex -4.249749e+001 -2.120104e+001  1.000000e+001
      vertex -4.249749e+001 -2.120104e+001  0.000000e+000
    endloop
  endfacet
  facet normal  2.902784e-001  9.569422e-001  -0.000000e+000
    outer loop
      vertex -4.249749e+001 -2.120104e+001  0.000000e+000
      vertex -4.249749e+001 -2.120104e+001  1.000000e+001
      vertex -4.225362e+001 -2.127502e+001  1.000000e+001
    endloop
  endfacet
  facet normal  2.902784e-001  9.569422e-001  0.000000e+000
    outer loop
      vertex -4.249749e+001 -2.120104e+001  0.000000e+000
      vertex -4.225362e+001 -2.127502e+001  1.000000e+001
      vertex -4.225362e+001 -2.127502e+001  0.000000e+000
    endloop
  endfacet
  facet normal  9.801561e-002  9.951848e-001  -0.000000e+000
    outer loop
      vertex -4.225362e+001 -2.127502e+001  0.000000e+000
      vertex -4.225362e+001 -2.127502e+001  1.000000e+001
      vertex -4.200000e+001 -2.130000e+001  1.000000e+001
    endloop
  endfacet
  facet normal  9.801561e-002  9.951848e-001  0.000000e+000
    outer loop
      vertex -4.225362e+001 -2.127502e+001  0.000000e+000
      vertex -4.200000e+001 -2.130000e+001  1.000000e+001
      vertex -4.200000e+001 -2.130000e+001  0.000000e+000
    endloop
  endfacet
  facet normal  9.951850e-001  9.801489e-002  -0.000000e+000
    outer loop
      vertex -4.327502e+001 -2.025362e+001  1.000000e+001
      vertex -4.330000e+001 -2.000000e+001  0.000000e+000
      vertex -4.330000e+001 -2.000000e+001  1.000000e+001
    endloop
  endfacet
  facet normal  9.951850e-001 -9.801489e-002  0.000000e+000
    outer loop
      vertex -4.330000e+001 -2.000000e+001  1.000000e+001
      vertex -4.330000e+001 -2.000000e+001  0.000000e+000
      vertex -4.327502e+001 -1.974638e+001  0.000000e+000
    endloop
  endfacet
  facet normal  9.951850e-001 -9.801489e-002  0.000000e+000
    outer loop
      vertex -4.330000e+001 -2.000000e+001  1.000000e+001
      vertex -4.327502e+001 -1.974638e+001  0.000000e+000
      vertex -4.327502e+001 -1.974638e+001  1.000000e+001
    endloop
  endfacet
  facet normal  9.569389e-001 -2.902895e-001  0.000000e+000
    outer loop
      vertex -4.327502e+001 -1.974638e+001  1.000000e+001
      vertex -4.327502e+001 -1.974638e+001  0.000000e+000
      vertex -4.320104e+001 -1.950251e+001  0.000000e+000
    endloop
  endfacet
  facet normal  9.569389e-001 -2.902895e-001  0.000000e+000
    outer loop
      vertex -4.327502e+001 -1.974638e+001  1.000000e+001
      vertex -4.320104e+001 -1.950251e+001  0.000000e+000
      vertex -4.320104e+001 -1.950251e+001  1.000000e+001
    endloop
  endfacet
  facet normal  8.819216e-001 -4.713960e-001  0.000000e+000
    outer loop
      vertex -4.320104e+001 -1.950251e+001  1.000000e+001
      vertex -4.320104e+001 -1.950251e+001  0.000000e+000
      vertex -4.308091e+001 -1.927776e+001  0.000000e+000
    endloop
  endfacet
  facet normal  8.819216e-001 -4.713960e-001  0.000000e+000
    outer loop
      vertex -4.320104e+001 -1.950251e+001  1.000000e+001
      vertex -4.308091e+001 -1.927776e+001  0.000000e+000
      vertex -4.308091e+001 -1.927776e+001  1.000000e+001
    endloop
  endfacet
  facet normal  7.730141e-001 -6.343889e-001  0.000000e+000
    outer loop
      vertex -4.308091e+001 -1.927776e+001  1.000000e+001
      vertex -4.308091e+001 -1.927776e+001  0.000000e+000
      vertex -4.291924e+001 -1.908076e+001  0.000000e+000
    endloop
  endfacet
  facet normal  7.730141e-001 -6.343889e-001  0.000000e+000
    outer loop
      vertex -4.308091e+001 -1.927776e+001  1.000000e+001
      vertex -4.291924e+001 -1.908076e+001  0.000000e+000
      vertex -4.291924e+001 -1.908076e+001  1.000000e+001
    endloop
  endfacet
  facet normal  6.343889e-001 -7.730141e-001  0.000000e+000
    outer loop
      vertex -4.291924e+001 -1.908076e+001  1.000000e+001
      vertex -4.291924e+001 -1.908076e+001  0.000000e+000
      vertex -4.272224e+001 -1.891909e+001  0.000000e+000
    endloop
  endfacet
  facet normal  6.343889e-001 -7.730141e-001  0.000000e+000
    outer loop
      vertex -4.291924e+001 -1.908076e+001  1.000000e+001
      vertex -4.272224e+001 -1.891909e+001  0.000000e+000
      vertex -4.272224e+001 -1.891909e+001  1.000000e+001
    endloop
  endfacet
  facet normal  4.714049e-001 -8.819168e-001  0.000000e+000
    outer loop
      vertex -4.272224e+001 -1.891909e+001  1.000000e+001
      vertex -4.272224e+001 -1.891909e+001  0.000000e+000
      vertex -4.249749e+001 -1.879896e+001  0.000000e+000
    endloop
  endfacet
  facet normal  4.714049e-001 -8.819168e-001  0.000000e+000
    outer loop
      vertex -4.272224e+001 -1.891909e+001  1.000000e+001
      vertex -4.249749e+001 -1.879896e+001  0.000000e+000
      vertex -4.249749e+001 -1.879896e+001  1.000000e+001
    endloop
  endfacet
  facet normal  2.902784e-001 -9.569422e-001  0.000000e+000
    outer loop
      vertex -4.249749e+001 -1.879896e+001  1.000000e+001
      vertex -4.249749e+001 -1.879896e+001  0.000000e+000
      vertex -4.225362e+001 -1.872498e+001  0.000000e+000
    endloop
  endfacet
  facet normal  2.902784e-001 -9.569422e-001  0.000000e+000
    outer loop
      vertex -4.249749e+001 -1.879896e+001  1.000000e+001
      vertex -4.225362e+001 -1.872498e+001  0.000000e+000
      vertex -4.225362e+001 -1.872498e+001  1.000000e+001
    endloop
  endfacet
  facet normal  9.801561e-002 -9.951848e-001  0.000000e+000
    outer loop
      vertex -4.225362e+001 -1.872498e+001  1.000000e+001
      vertex -4.225362e+001 -1.872498e+001  0.000000e+000
      vertex -4.200000e+001 -1.870000e+001  0.000000e+000
    endloop
  endfacet
  facet normal  9.801561e-002 -9.951848e-001  0.000000e+000
    outer loop
      vertex -4.225362e+001 -1.872498e+001  1.000000e+001
      vertex -4.200000e+001 -1.870000e+001  0.000000e+000
      vertex -4.200000e+001 -1.870000e+001  1.000000e+001
    endloop
  endfacet
  facet normal  9.951850e-001  9.801489e-002  0.000000e+000
    outer loop
      vertex  2.670000e+001  2.800000e+001  0.000000e+000
      vertex  2.672498e+001  2.774638e+001  1.000000e+001
      vertex  2.672498e+001  2.774638e+001  0.000000e+000
    endloop
  endfacet
  facet normal  9.569409e-001  2.902826e-001  -0.000000e+000
    outer loop
      vertex  2.672498e+001  2.774638e+001  0.000000e+000
      vertex  2.672498e+001  2.774638e+001  1.000000e+001
      vertex  2.679896e+001  2.750251e+001  1.000000e+001
    endloop
  endfacet
  facet normal  9.569409e-001  2.902826e-001  0.000000e+000
    outer loop
      vertex  2.672498e+001  2.774638e+001  0.000000e+000
      vertex  2.679896e+001  2.750251e+001  1.000000e+001
      vertex  2.679896e+001  2.750251e+001  0.000000e+000
    endloop
  endfacet
  facet normal  8.819185e-001  4.714019e-001  -0.000000e+000
    outer loop
      vertex  2.679896e+001  2.750251e+001  0.000000e+000
      vertex  2.679896e+001  2.750251e+001  1.000000e+001
      vertex  2.691909e+001  2.727776e+001  1.000000e+001
    endloop
  endfacet
  facet normal  8.819185e-001  4.714019e-001  0.000000e+000
    outer loop
      vertex  2.679896e+001  2.750251e+001  0.000000e+000
      vertex  2.691909e+001  2.727776e+001  1.000000e+001
      vertex  2.691909e+001  2.727776e+001  0.000000e+000
    endloop
  endfacet
  facet normal  7.730141e-001  6.343889e-001  -0.000000e+000
    outer loop
      vertex  2.691909e+001  2.727776e+001  0.000000e+000
      vertex  2.691909e+001  2.727776e+001  1.000000e+001
      vertex  2.708076e+001  2.708076e+001  1.000000e+001
    endloop
  endfacet
  facet normal  7.730141e-001  6.343889e-001  0.000000e+000
    outer loop
      vertex  2.691909e+001  2.727776e+001  0.000000e+000
      vertex  2.708076e+001  2.708076e+001  1.000000e+001
      vertex  2.708076e+001  2.708076e+001  0.000000e+000
    endloop
  endfacet
  facet normal  6.343889e-001  7.730141e-001  -0.000000e+000
    outer loop
      vertex  2.708076e+001  2.708076e+001  0.000000e+000
      vertex  2.708076e+001  2.708076e+001  1.000000e+001
      vertex  2.727776e+001  2.691909e+001  1.000000e+001
    endloop
  endfacet
  facet normal  6.343889e-001  7.730141e-001  0.000000e+000
    outer loop
      vertex  2.708076e+001  2.708076e+001  0.000000e+000
      vertex  2.727776e+001  2.691909e+001  1.000000e+001
      vertex  2.727776e+001  2.691909e+001  0.000000e+000
    endloop
  endfacet
  facet normal  4.714019e-001  8.819185e-001  -0.000000e+000
    outer loop
      vertex  2.727776e+001  2.691909e+001  0.000000e+000
      vertex  2.727776e+001  2.691909e+001  1.000000e+001
      vertex  2.750251e+001  2.679896e+001  1.000000e+001
    endloop
  endfacet
  facet normal  4.714019e-001  8.819185e-001  0.000000e+000
    outer loop
      vertex  2.727776e+001  2.691909e+001  0.000000e+000
      vertex  2.750251e+001  2.679896e+001  1.000000e+001
      vertex  2.750251e+001  2.679896e+001  0.000000e+000
    endloop
  endfacet
  facet normal  2.902826e-001  9.569409e-001  -0.000000e+000
    outer loop
      vertex  2.750251e+001  2.679896e+001  0.000000e+000
      vertex  2.750251e+001  2.679896e+001  1.000000e+001
      vertex  2.774638e+001  2.672498e+001  1.000000e+001
    endloop
  endfacet
  facet normal  2.902826e-001  9.569409e-001  0.000000e+000
    outer loop
      vertex  2.750251e+001  2.679896e+001  0.000000e+000
      vertex  2.774638e+001  2.672498e+001  1.000000e+001
      vertex  2.774638e+001  2.672498e+001  0.000000e+000
    endloop
  endfacet
  facet normal  9.801489e-002  9.951850e-001  -0.000000e+000
    outer loop
      vertex  2.774638e+001  2.672498e+001  0.000000e+000
      vertex  2.774638e+001  2.672498e+001  1.000000e+001
      vertex  2.800000e+001  2.670000e+001  1.000000e+001
    endloop
  endfacet
  facet normal  9.801489e-002  9.951850e-001  0.000000e+000
    outer loop
      vertex  2.774638e+001  2.672498e+001  0.000000e+000
      vertex  2.800000e+001  2.670000e+001  1.000000e+001
      vertex  2.800000e+001  2.670000e+001  0.000000e+000
    endloop
  endfacet
  facet normal  9.951850e-001  9.801489e-002  -0.000000e+000
    outer loop
      vertex  2.672498e+001  2.774638e+001  1.000000e+001
      vertex  2.670000e+001  2.800000e+001  0.000000e+000
      vertex  2.670000e+001  2.800000e+001  1.000000e+001
    endloop
  endfacet
  facet normal  9.951850e-001 -9.801489e-002  0.000000e+000
    outer loop
      vertex  2.670000e+001  2.800000e+001  1.000000e+001
      vertex  2.670000e+001  2.800000e+001  0.000000e+000
      vertex  2.672498e+001  2.825362e+001  0.000000e+000
    endloop
  endfacet
  facet normal  9.951850e-001 -9.801489e-002  0.000000e+000
    outer loop
      vertex  2.670000e+001  2.800000e+001  1.000000e+001
      vertex  2.672498e+001  2.825362e+001  0.000000e+000
      vertex  2.672498e+001  2.825362e+001  1.000000e+001
    endloop
  endfacet
  facet normal  9.569409e-001 -2.902826e-001  0.000000e+000
    outer loop
      vertex  2.672498e+001  2.825362e+001  1.000000e+001
      vertex  2.672498e+001  2.825362e+001  0.000000e+000
      vertex  2.679896e+001  2.849749e+001  0.000000e+000
    endloop
  endfacet
  facet normal  9.569409e-001 -2.902826e-001  0.000000e+000
    outer loop
      vertex  2.672498e+001  2.825362e+001  1.000000e+001
      vertex  2.679896e+001  2.849749e+001  0.000000e+000
      vertex  2.679896e+001  2.849749e+001  1.000000e+001
    endloop
  endfacet
  facet normal  8.819185e-001 -4.714019e-001  0.000000e+000
    outer loop
      vertex  2.679896e+001  2.849749e+001  1.000000e+001
      vertex  2.679896e+001  2.849749e+001  0.000000e+000
      vertex  2.691909e+001  2.872224e+001  0.000000e+000
    endloop
  endfacet
  facet normal  8.819185e-001 -4.714019e-001  0.000000e+000
    outer loop
      vertex  2.679896e+001  2.849749e+001  1.000000e+001
      vertex  2.691909e+001  2.872224e+001  0.000000e+000
      vertex  2.691909e+001  2.872224e+001  1.000000e+001
    endloop
  endfacet
  facet normal  7.730141e-001 -6.343889e-001  0.000000e+000
    outer loop
      vertex  2.691909e+001  2.872224e+001  1.000000e+001
      vertex  2.691909e+001  2.872224e+001  0.000000e+000
      vertex  2.708076e+001  2.891924e+001  0.000000e+000
    endloop
  endfacet
  facet normal  7.730141e-001 -6.343889e-001  0.000000e+000
    outer loop
      vertex  2.691909e+001  2.872224e+001  1.000000e+001
      vertex  2.708076e+001  2.891924e+001  0.000000e+000
      vertex  2.708076e+001  2.891924e+001  1.000000e+001
    endloop
  endfacet
  facet normal  6.343889e-001 -7.730141e-001  0.000000e+000
    outer loop
      vertex  2.708076e+001  2.891924e+001  1.000000e+001
      vertex  2.708076e+001  2.891924e+001  0.000000e+000
      vertex  2.727776e+001  2.908091e+001  0.000000e+000
    endloop
  endfacet
  facet normal  6.343889e-001 -7.730141e-001  0.000000e+000
    outer loop
      vertex  2.708076e+001  2.891924e+001  1.000000e+001
      vertex  2.727776e+001  2.908091e+001  0.000000e+000
      vertex  2.727776e+001  2.908091e+001  1.000000e+001
    endloop
  endfacet
  facet normal  4.714019e-001 -8.819185e-001  0.000000e+000
    outer loop
      vertex  2.727776e+001  2.908091e+001  1.000000e+001
      vertex  2.727776e+001  2.908091e+001  0.000000e+000
      vertex  2.750251e+001  2.920104e+001  0.000000e+000
    endloop
  endfacet
  facet normal  4.714019e-001 -8.819185e-001  0.000000e+000
    outer loop
      vertex  2.727776e+001  2.908091e+001  1.000000e+001
      vertex  2.750251e+001  2.920104e+001  0.000000e+000
      vertex  2.750251e+001  2.920104e+001  1.000000e+001
    endloop
  endfacet
  facet normal  2.902826e-001 -9.569409e-001  0.000000e+000
    outer loop
      vertex  2.750251e+001  2.920104e+001  1.000000e+001
      vertex  2.750251e+001  2.920104e+001  0.000000e+000
      vertex  2.774638e+001  2.927502e+001  0.000000e+000
    endloop
  endfacet
  facet normal  2.902826e-001 -9.569409e-001  0.000000e+000
    outer loop
      vertex  2.750251e+001  2.920104e+001  1.000000e+001
      vertex  2.774638e+001  2.927502e+001  0.000000e+000
      vertex  2.774638e+001  2.927502e+001  1.000000e+001
    endloop
  endfacet
  facet normal  9.801489e-002 -9.951850e-001  0.000000e+000
    outer loop
      vertex  2.774638e+001  2.927502e+001  1.000000e+001
      vertex  2.774638e+001  2.927502e+001  0.000000e+000
      vertex  2.800000e+001  2.930000e+001  0.000000e+000
    endloop
  endfacet
  facet normal  9.801489e-002 -9.951850e-001  0.000000e+000
    outer loop
      vertex  2.774638e+001  2.927502e+001  1.000000e+001
      vertex  2.800000e+001  2.930000e+001  0.000000e+000
      vertex  2.800000e+001  2.930000e+001  1.000000e+001
    endloop
  endfacet
  facet normal -9.951850e-001 -9.801489e-002  -0.000000e+000
    outer loop
      vertex  2.930000e+001  2.800000e+001  0.000000e+000
      vertex  2.927502e+001  2.825362e+001  1.000000e+001
      vertex  2.927502e+001  2.825362e+001  0.000000e+000
    endloop
  endfacet
  facet normal -9.569409e-001 -2.902826e-001  0.000000e+000
    outer loop
      vertex  2.927502e+001  2.825362e+001  0.000000e+000
      vertex  2.927502e+001  2.825362e+001  1.000000e+001
      vertex  2.920104e+001  2.849749e+001  1.000000e+001
    endloop
  endfacet
  facet normal -9.569409e-001 -2.902826e-001  -0.000000e+000
    outer loop
      vertex  2.927502e+001  2.825362e+001  0.000000e+000
      vertex  2.920104e+001  2.849749e+001  1.000000e+001
      vertex  2.920104e+001  2.849749e+001  0.000000e+000
    endloop
  endfacet
  facet normal -8.819185e-001 -4.714019e-001  0.000000e+000
    outer loop
      vertex  2.920104e+001  2.849749e+001  0.000000e+000
      vertex  2.920104e+001  2.849749e+001  1.000000e+001
      vertex  2.908091e+001  2.872224e+001  1.000000e+001
    endloop
  endfacet
  facet normal -8.819185e-001 -4.714019e-001  -0.000000e+000
    outer loop
      vertex  2.920104e+001  2.849749e+001  0.000000e+000
      vertex  2.908091e+001  2.872224e+001  1.000000e+001
      vertex  2.908091e+001  2.872224e+001  0.000000e+000
    endloop
  endfacet
  facet normal -7.730141e-001 -6.343889e-001  0.000000e+000
    outer loop
      vertex  2.908091e+001  2.872224e+001  0.000000e+000
      vertex  2.908091e+001  2.872224e+001  1.000000e+001
      vertex  2.891924e+001  2.891924e+001  1.000000e+001
    endloop
  endfacet
  facet normal -7.730141e-001 -6.343889e-001  -0.000000e+000
    outer loop
      vertex  2.908091e+001  2.872224e+001  0.000000e+000
      vertex  2.891924e+001  2.891924e+001  1.000000e+001
      vertex  2.891924e+001  2.891924e+001  0.000000e+000
    endloop
  endfacet
  facet normal -6.343889e-001 -7.730141e-001  0.000000e+000
    outer loop
      vertex  2.891924e+001  2.891924e+001  0.000000e+000
      vertex  2.891924e+001  2.891924e+001  1.000000e+001
      vertex  2.872224e+001  2.908091e+001  1.000000e+001
    endloop
  endfacet
  facet normal -6.343889e-001 -7.730141e-001  -0.000000e+000
    outer loop
      vertex  2.891924e+001  2.891924e+001  0.000000e+000
      vertex  2.872224e+001  2.908091e+001  1.000000e+001
      vertex  2.872224e+001  2.908091e+001  0.000000e+000
    endloop
  endfacet
  facet normal -4.714019e-001 -8.819185e-001  0.000000e+000
    outer loop
      vertex  2.872224e+001  2.908091e+001  0.000000e+000
      vertex  2.872224e+001  2.908091e+001  1.000000e+001
      vertex  2.849749e+001  2.920104e+001  1.000000e+001
    endloop
  endfacet
  facet normal -4.714019e-001 -8.819185e-001  -0.000000e+000
    outer loop
      vertex  2.872224e+001  2.908091e+001  0.000000e+000
      vertex  2.849749e+001  2.920104e+001  1.000000e+001
      vertex  2.849749e+001  2.920104e+001  0.000000e+000
    endloop
  endfacet
  facet normal -2.902826e-001 -9.569409e-001  0.000000e+000
    outer loop
      vertex  2.849749e+001  2.920104e+001  0.000000e+000
      vertex  2.849749e+001  2.920104e+001  1.000000e+001
      vertex  2.825362e+001  2.927502e+001  1.000000e+001
    endloop
  endfacet
  facet normal -2.902826e-001 -9.569409e-001  -0.000000e+000
    outer loop
      vertex  2.849749e+001  2.920104e+001  0.000000e+000
      vertex  2.825362e+001  2.927502e+001  1.000000e+001
      vertex  2.825362e+001  2.927502e+001  0.000000e+000
    endloop
  endfacet
  facet normal -9.801489e-002 -9.951850e-001  0.000000e+000
    outer loop
      vertex  2.825362e+001  2.927502e+001  0.000000e+000
      vertex  2.825362e+001  2.927502e+001  1.000000e+001
      vertex  2.800000e+001  2.930000e+001  1.000000e+001
    endloop
  endfacet
  facet normal -9.801489e-002 -9.951850e-001  -0.000000e+000
    outer loop
      vertex  2.825362e+001  2.927502e+001  0.000000e+000
      vertex  2.800000e+001  2.930000e+001  1.000000e+001
      vertex  2.800000e+001  2.930000e+001  0.000000e+000
    endloop
  endfacet
  facet normal -9.951850e-001 -9.801489e-002  0.000000e+000
    outer loop
      vertex  2.927502e+001  2.825362e+001  1.000000e+001
      vertex  2.930000e+001  2.800000e+001  0.000000e+000
      vertex  2.930000e+001  2.800000e+001  1.000000e+001
    endloop
  endfacet
  facet normal -9.951850e-001  9.801489e-002  0.000000e+000
    outer loop
      vertex  2.930000e+001  2.800000e+001  1.000000e+001
      vertex  2.930000e+001  2.800000e+001  0.000000e+000
      vertex  2.927502e+001  2.774638e+001  0.000000e+000
    endloop
  endfacet
  facet normal -9.951850e-001  9.801489e-002  0.000000e+000
    outer loop
      vertex  2.930000e+001  2.800000e+001  1.000000e+001
      vertex  2.927502e+001  2.774638e+001  0.000000e+000
      vertex  2.927502e+001  2.774638e+001  1.000000e+001
    endloop
  endfacet
  facet normal -9.569409e-001  2.902826e-001  0.000000e+000
    outer loop
      vertex  2.927502e+001  2.774638e+001  1.000000e+001
      vertex  2.927502e+001  2.774638e+001  0.000000e+000
      vertex  2.920104e+001  2.750251e+001  0.000000e+000
    endloop
  endfacet
  facet normal -9.569409e-001  2.902826e-001  0.000000e+000
    outer loop
      vertex  2.927502e+001  2.774638e+001  1.000000e+001
      vertex  2.920104e+001  2.750251e+001  0.000000e+000
      vertex  2.920104e+001  2.750251e+001  1.000000e+001
    endloop
  endfacet
  facet normal -8.819185e-001  4.714019e-001  0.000000e+000
    outer loop
      vertex  2.920104e+001  2.750251e+001  1.000000e+001
      vertex  2.920104e+001  2.750251e+001  0.000000e+000
      vertex  2.908091e+001  2.727776e+001  0.000000e+000
    endloop
  endfacet
  facet normal -8.819185e-001  4.714019e-001  0.000000e+000
    outer loop
      vertex  2.920104e+001  2.750251e+001  1.000000e+001
      vertex  2.908091e+001  2.727776e+001  0.000000e+000
      vertex  2.908091e+001  2.727776e+001  1.000000e+001
    endloop
  endfacet
  facet normal -7.730141e-001  6.343889e-001  0.000000e+000
    outer loop
      vertex  2.908091e+001  2.727776e+001  1.000000e+001
      vertex  2.908091e+001  2.727776e+001  0.000000e+000
      vertex  2.891924e+001  2.708076e+001  0.000000e+000
    endloop
  endfacet
  facet normal -7.730141e-001  6.343889e-001  0.000000e+000
    outer loop
      vertex  2.908091e+001  2.727776e+001  1.000000e+001
      vertex  2.891924e+001  2.708076e+001  0.000000e+000
      vertex  2.891924e+001  2.708076e+001  1.000000e+001
    endloop
  endfacet
  facet normal -6.343889e-001  7.730141e-001  0.000000e+000
    outer loop
      vertex  2.891924e+001  2.708076e+001  1.000000e+001
      vertex  2.891924e+001  2.708076e+001  0.000000e+000
      vertex  2.872224e+001  2.691909e+001  0.000000e+000
    endloop
  endfacet
  facet normal -6.343889e-001  7.730141e-001  0.000000e+000
    outer loop
      vertex  2.891924e+001  2.708076e+001  1.000000e+001
      vertex  2.872224e+001  2.691909e+001  0.000000e+000
      vertex  2.872224e+001  2.691909e+001  1.000000e+001
    endloop
  endfacet
  facet normal -4.714019e-001  8.819185e-001  0.000000e+000
    outer loop
      vertex  2.872224e+001  2.691909e+001  1.000000e+001
      vertex  2.872224e+001  2.691909e+001  0.000000e+000
      vertex  2.849749e+001  2.679896e+001  0.000000e+000
    endloop
  endfacet
  facet normal -4.714019e-001  8.819185e-001  0.000000e+000
    outer loop
      vertex  2.872224e+001  2.691909e+001  1.000000e+001
      vertex  2.849749e+001  2.679896e+001  0.000000e+000
      vertex  2.849749e+001  2.679896e+001  1.000000e+001
    endloop
  endfacet
  facet normal -2.902826e-001  9.569409e-001  0.000000e+000
    outer loop
      vertex  2.849749e+001  2.679896e+001  1.000000e+001
      vertex  2.849749e+001  2.679896e+001  0.000000e+000
      vertex  2.825362e+001  2.672498e+001  0.000000e+000
    endloop
  endfacet
  facet normal -2.902826e-001  9.569409e-001  0.000000e+000
    outer loop
      vertex  2.849749e+001  2.679896e+001  1.000000e+001
      vertex  2.825362e+001  2.672498e+001  0.000000e+000
      vertex  2.825362e+001  2.672498e+001  1.000000e+001
    endloop
  endfacet
  facet normal -9.801489e-002  9.951850e-001  0.000000e+000
    outer loop
      vertex  2.825362e+001  2.672498e+001  1.000000e+001
      vertex  2.825362e+001  2.672498e+001  0.000000e+000
      vertex  2.800000e+001  2.670000e+001  0.000000e+000
    endloop
  endfacet
  facet normal -9.801489e-002  9.951850e-001  0.000000e+000
    outer loop
      vertex  2.825362e+001  2.672498e+001  1.000000e+001
      vertex  2.800000e+001  2.670000e+001  0.000000e+000
      vertex  2.800000e+001  2.670000e+001  1.000000e+001
    endloop
  endfacet
  facet normal  9.951850e-001  9.801489e-002  0.000000e+000
    outer loop
      vertex -4.330000e+001  2.000000e+001  0.000000e+000
      vertex -4.327502e+001  1.974638e+001  1.000000e+001
      vertex -4.327502e+001  1.974638e+001  0.000000e+000
    endloop
  endfacet
  facet normal  9.569389e-001  2.902895e-001  -0.000000e+000
    outer loop
      vertex -4.327502e+001  1.974638e+001  0.000000e+000
      vertex -4.327502e+001  1.974638e+001  1.000000e+001
      vertex -4.320104e+001  1.950251e+001  1.000000e+001
    endloop
  endfacet
  facet normal  9.569389e-001  2.902895e-001  0.000000e+000
    outer loop
      vertex -4.327502e+001  1.974638e+001  0.000000e+000
      vertex -4.320104e+001  1.950251e+001  1.000000e+001
      vertex -4.320104e+001  1.950251e+001  0.000000e+000
    endloop
  endfacet
  facet normal  8.819216e-001  4.713960e-001  -0.000000e+000
    outer loop
      vertex -4.320104e+001  1.950251e+001  0.000000e+000
      vertex -4.320104e+001  1.950251e+001  1.000000e+001
      vertex -4.308091e+001  1.927776e+001  1.000000e+001
    endloop
  endfacet
  facet normal  8.819216e-001  4.713960e-001  0.000000e+000
    outer loop
      vertex -4.320104e+001  1.950251e+001  0.000000e+000
      vertex -4.308091e+001  1.927776e+001  1.000000e+001
      vertex -4.308091e+001  1.927776e+001  0.000000e+000
    endloop
  endfacet
  facet normal  7.730141e-001  6.343889e-001  -0.000000e+000
    outer loop
      vertex -4.308091e+001  1.927776e+001  0.000000e+000
      vertex -4.308091e+001  1.927776e+001  1.000000e+001
      vertex -4.291924e+001  1.908076e+001  1.000000e+001
    endloop
  endfacet
  facet normal  7.730141e-001  6.343889e-001  0.000000e+000
    outer loop
      vertex -4.308091e+001  1.927776e+001  0.000000e+000
      vertex -4.291924e+001  1.908076e+001  1.000000e+001
      vertex -4.291924e+001  1.908076e+001  0.000000e+000
    endloop
  endfacet
  facet normal  6.343889e-001  7.730141e-001  -0.000000e+000
    outer loop
      vertex -4.291924e+001  1.908076e+001  0.000000e+000
      vertex -4.291924e+001  1.908076e+001  1.000000e+001
      vertex -4.272224e+001  1.891909e+001  1.000000e+001
    endloop
  endfacet
  facet normal  6.343889e-001  7.730141e-001  0.000000e+000
    outer loop
      vertex -4.291924e+001  1.908076e+001  0.000000e+000
      vertex -4.272224e+001  1.891909e+001  1.000000e+001
      vertex -4.272224e+001  1.891909e+001  0.000000e+000
    endloop
  endfacet
  facet normal  4.714049e-001  8.819168e-001  -0.000000e+000
    outer loop
      vertex -4.272224e+001  1.891909e+001  0.000000e+000
      vertex -4.272224e+001  1.891909e+001  1.000000e+001
      vertex -4.249749e+001  1.879896e+001  1.000000e+001
    endloop
  endfacet
  facet normal  4.714049e-001  8.819168e-001  0.000000e+000
    outer loop
      vertex -4.272224e+001  1.891909e+001  0.000000e+000
      vertex -4.249749e+001  1.879896e+001  1.000000e+001
      vertex -4.249749e+001  1.879896e+001  0.000000e+000
    endloop
  endfacet
  facet normal  2.902784e-001  9.569422e-001  -0.000000e+000
    outer loop
      vertex -4.249749e+001  1.879896e+001  0.000000e+000
      vertex -4.249749e+001  1.879896e+001  1.000000e+001
      vertex -4.225362e+001  1.872498e+001  1.000000e+001
    endloop
  endfacet
  facet normal  2.902784e-001  9.569422e-001  0.000000e+000
    outer loop
      vertex -4.249749e+001  1.879896e+001  0.000000e+000
      vertex -4.225362e+001  1.872498e+001  1.000000e+001
      vertex -4.225362e+001  1.872498e+001  0.000000e+000
    endloop
  endfacet
  facet normal  9.801561e-002  9.951848e-001  -0.000000e+000
    outer loop
      vertex -4.225362e+001  1.872498e+001  0.000000e+000
      vertex -4.225362e+001  1.872498e+001  1.000000e+001
      vertex -4.200000e+001  1.870000e+001  1.000000e+001
    endloop
  endfacet
  facet normal  9.801561e-002  9.951848e-001  0.000000e+000
    outer loop
      vertex -4.225362e+001  1.872498e+001  0.000000e+000
      vertex -4.200000e+001  1.870000e+001  1.000000e+001
      vertex -4.200000e+001  1.870000e+001  0.000000e+000
    endloop
  endfacet
  facet normal  9.951850e-001  9.801489e-002  -0.000000e+000
    outer loop
      vertex -4.327502e+001  1.974638e+001  1.000000e+001
      vertex -4.330000e+001  2.000000e+001  0.000000e+000
      vertex -4.330000e+001  2.000000e+001  1.000000e+001
    endloop
  endfacet
  facet normal  9.951850e-001 -9.801489e-002  0.000000e+000
    outer loop
      vertex -4.330000e+001  2.000000e+001  1.000000e+001
      vertex -4.330000e+001  2.000000e+001  0.000000e+000
      vertex -4.327502e+001  2.025362e+001  0.000000e+000
    endloop
  endfacet
  facet normal  9.951850e-001 -9.801489e-002  0.000000e+000
    outer loop
      vertex -4.330000e+001  2.000000e+001  1.000000e+001
      vertex -4.327502e+001  2.025362e+001  0.000000e+000
      vertex -4.327502e+001  2.025362e+001  1.000000e+001
    endloop
  endfacet
  facet normal  9.569389e-001 -2.902895e-001  0.000000e+000
    outer loop
      vertex -4.327502e+001  2.025362e+001  1.000000e+001
      vertex -4.327502e+001  2.025362e+001  0.000000e+000
      vertex -4.320104e+001  2.049749e+001  0.000000e+000
    endloop
  endfacet
  facet normal  9.569389e-001 -2.902895e-001  0.000000e+000
    outer loop
      vertex -4.327502e+001  2.025362e+001  1.000000e+001
      vertex -4.320104e+001  2.049749e+001  0.000000e+000
      vertex -4.320104e+001  2.049749e+001  1.000000e+001
    endloop
  endfacet
  facet normal  8.819216e-001 -4.713960e-001  0.000000e+000
    outer loop
      vertex -4.320104e+001  2.049749e+001  1.000000e+001
      vertex -4.320104e+001  2.049749e+001  0.000000e+000
      vertex -4.308091e+001  2.072224e+001  0.000000e+000
    endloop
  endfacet
  facet normal  8.819216e-001 -4.713960e-001  0.000000e+000
    outer loop
      vertex -4.320104e+001  2.049749e+001  1.000000e+001
      vertex -4.308091e+001  2.072224e+001  0.000000e+000
      vertex -4.308091e+001  2.072224e+001  1.000000e+001
    endloop
  endfacet
  facet normal  7.730141e-001 -6.343889e-001  0.000000e+000
    outer loop
      vertex -4.308091e+001  2.072224e+001  1.000000e+001
      vertex -4.308091e+001  2.072224e+001  0.000000e+000
      vertex -4.291924e+001  2.091924e+001  0.000000e+000
    endloop
  endfacet
  facet normal  7.730141e-001 -6.343889e-001  0.000000e+000
    outer loop
      vertex -4.308091e+001  2.072224e+001  1.000000e+001
      vertex -4.291924e+001  2.091924e+001  0.000000e+000
      vertex -4.291924e+001  2.091924e+001  1.000000e+001
    endloop
  endfacet
  facet normal  6.343889e-001 -7.730141e-001  0.000000e+000
    outer loop
      vertex -4.291924e+001  2.091924e+001  1.000000e+001
      vertex -4.291924e+001  2.091924e+001  0.000000e+000
      vertex -4.272224e+001  2.108091e+001  0.000000e+000
    endloop
  endfacet
  facet normal  6.343889e-001 -7.730141e-001  0.000000e+000
    outer loop
      vertex -4.291924e+001  2.091924e+001  1.000000e+001
      vertex -4.272224e+001  2.108091e+001  0.000000e+000
      vertex -4.272224e+001  2.108091e+001  1.000000e+001
    endloop
  endfacet
  facet normal  4.714049e-001 -8.819168e-001  0.000000e+000
    outer loop
      vertex -4.272224e+001  2.108091e+001  1.000000e+001
      vertex -4.272224e+001  2.108091e+001  0.000000e+000
      vertex -4.249749e+001  2.120104e+001  0.000000e+000
    endloop
  endfacet
  facet normal  4.714049e-001 -8.819168e-001  0.000000e+000
    outer loop
      vertex -4.272224e+001  2.108091e+001  1.000000e+001
      vertex -4.249749e+001  2.120104e+001  0.000000e+000
      vertex -4.249749e+001  2.120104e+001  1.000000e+001
    endloop
  endfacet
  facet normal  2.902784e-001 -9.569422e-001  0.000000e+000
    outer loop
      vertex -4.249749e+001  2.120104e+001  1.000000e+001
      vertex -4.249749e+001  2.120104e+001  0.000000e+000
      vertex -4.225362e+001  2.127502e+001  0.000000e+000
    endloop
  endfacet
  facet normal  2.902784e-001 -9.569422e-001  0.000000e+000
    outer loop
      vertex -4.249749e+001  2.120104e+001  1.000000e+001
      vertex -4.225362e+001  2.127502e+001  0.000000e+000
      vertex -4.225362e+001  2.127502e+001  1.000000e+001
    endloop
  endfacet
  facet normal  9.801561e-002 -9.951848e-001  0.000000e+000
    outer loop
      vertex -4.225362e+001  2.127502e+001  1.000000e+001
      vertex -4.225362e+001  2.127502e+001  0.000000e+000
      vertex -4.200000e+001  2.130000e+001  0.000000e+000
    endloop
  endfacet
  facet normal  9.801561e-002 -9.951848e-001  0.000000e+000
    outer loop
      vertex -4.225362e+001  2.127502e+001  1.000000e+001
      vertex -4.200000e+001  2.130000e+001  0.000000e+000
      vertex -4.200000e+001  2.130000e+001  1.000000e+001
    endloop
  endfacet
  facet normal -9.951850e-001 -9.801489e-002  -0.000000e+000
    outer loop
      vertex -4.070000e+001  2.000000e+001  0.000000e+000
      vertex -4.072498e+001  2.025362e+001  1.000000e+001
      vertex -4.072498e+001  2.025362e+001  0.000000e+000
    endloop
  endfacet
  facet normal -9.569389e-001 -2.902895e-001  0.000000e+000
    outer loop
      vertex -4.072498e+001  2.025362e+001  0.000000e+000
      vertex -4.072498e+001  2.025362e+001  1.000000e+001
      vertex -4.079896e+001  2.049749e+001  1.000000e+001
    endloop
  endfacet
  facet normal -9.569389e-001 -2.902895e-001  -0.000000e+000
    outer loop
      vertex -4.072498e+001  2.025362e+001  0.000000e+000
      vertex -4.079896e+001  2.049749e+001  1.000000e+001
      vertex -4.079896e+001  2.049749e+001  0.000000e+000
    endloop
  endfacet
  facet normal -8.819216e-001 -4.713960e-001  0.000000e+000
    outer loop
      vertex -4.079896e+001  2.049749e+001  0.000000e+000
      vertex -4.079896e+001  2.049749e+001  1.000000e+001
      vertex -4.091909e+001  2.072224e+001  1.000000e+001
    endloop
  endfacet
  facet normal -8.819216e-001 -4.713960e-001  -0.000000e+000
    outer loop
      vertex -4.079896e+001  2.049749e+001  0.000000e+000
      vertex -4.091909e+001  2.072224e+001  1.000000e+001
      vertex -4.091909e+001  2.072224e+001  0.000000e+000
    endloop
  endfacet
  facet normal -7.730141e-001 -6.343889e-001  0.000000e+000
    outer loop
      vertex -4.091909e+001  2.072224e+001  0.000000e+000
      vertex -4.091909e+001  2.072224e+001  1.000000e+001
      vertex -4.108076e+001  2.091924e+001  1.000000e+001
    endloop
  endfacet
  facet normal -7.730141e-001 -6.343889e-001  -0.000000e+000
    outer loop
      vertex -4.091909e+001  2.072224e+001  0.000000e+000
      vertex -4.108076e+001  2.091924e+001  1.000000e+001
      vertex -4.108076e+001  2.091924e+001  0.000000e+000
    endloop
  endfacet
  facet normal -6.343889e-001 -7.730141e-001  0.000000e+000
    outer loop
      vertex -4.108076e+001  2.091924e+001  0.000000e+000
      vertex -4.108076e+001  2.091924e+001  1.000000e+001
      vertex -4.127776e+001  2.108091e+001  1.000000e+001
    endloop
  endfacet
  facet normal -6.343889e-001 -7.730141e-001  -0.000000e+000
    outer loop
      vertex -4.108076e+001  2.091924e+001  0.000000e+000
      vertex -4.127776e+001  2.108091e+001  1.000000e+001
      vertex -4.127776e+001  2.108091e+001  0.000000e+000
    endloop
  endfacet
  facet normal -4.714049e-001 -8.819168e-001  0.000000e+000
    outer loop
      vertex -4.127776e+001  2.108091e+001  0.000000e+000
      vertex -4.127776e+001  2.108091e+001  1.000000e+001
      vertex -4.150251e+001  2.120104e+001  1.000000e+001
    endloop
  endfacet
  facet normal -4.714049e-001 -8.819168e-001  -0.000000e+000
    outer loop
      vertex -4.127776e+001  2.108091e+001  0.000000e+000
      vertex -4.150251e+001  2.120104e+001  1.000000e+001
      vertex -4.150251e+001  2.120104e+001  0.000000e+000
    endloop
  endfacet
  facet normal -2.902784e-001 -9.569422e-001  0.000000e+000
    outer loop
      vertex -4.150251e+001  2.120104e+001  0.000000e+000
      vertex -4.150251e+001  2.120104e+001  1.000000e+001
      vertex -4.174638e+001  2.127502e+001  1.000000e+001
    endloop
  endfacet
  facet normal -2.902784e-001 -9.569422e-001  -0.000000e+000
    outer loop
      vertex -4.150251e+001  2.120104e+001  0.000000e+000
      vertex -4.174638e+001  2.127502e+001  1.000000e+001
      vertex -4.174638e+001  2.127502e+001  0.000000e+000
    endloop
  endfacet
  facet normal -9.801561e-002 -9.951848e-001  0.000000e+000
    outer loop
      vertex -4.174638e+001  2.127502e+001  0.000000e+000
      vertex -4.174638e+001  2.127502e+001  1.000000e+001
      vertex -4.200000e+001  2.130000e+001  1.000000e+001
    endloop
  endfacet
  facet normal -9.801561e-002 -9.951848e-001  -0.000000e+000
    outer loop
      vertex -4.174638e+001  2.127502e+001  0.000000e+000
      vertex -4.200000e+001  2.130000e+001  1.000000e+001
      vertex -4.200000e+001  2.130000e+001  0.000000e+000
    endloop
  endfacet
  facet normal -9.951850e-001 -9.801489e-002  0.000000e+000
    outer loop
      vertex -4.072498e+001  2.025362e+001  1.000000e+001
      vertex -4.070000e+001  2.000000e+001  0.000000e+000
      vertex -4.070000e+001  2.000000e+001  1.000000e+001
    endloop
  endfacet
  facet normal -9.951850e-001  9.801489e-002  0.000000e+000
    outer loop
      vertex -4.070000e+001  2.000000e+001  1.000000e+001
      vertex -4.070000e+001  2.000000e+001  0.000000e+000
      vertex -4.072498e+001  1.974638e+001  0.000000e+000
    endloop
  endfacet
  facet normal -9.951850e-001  9.801489e-002  0.000000e+000
    outer loop
      vertex -4.070000e+001  2.000000e+001  1.000000e+001
      vertex -4.072498e+001  1.974638e+001  0.000000e+000
      vertex -4.072498e+001  1.974638e+001  1.000000e+001
    endloop
  endfacet
  facet normal -9.569389e-001  2.902895e-001  0.000000e+000
    outer loop
      vertex -4.072498e+001  1.974638e+001  1.000000e+001
      vertex -4.072498e+001  1.974638e+001  0.000000e+000
      vertex -4.079896e+001  1.950251e+001  0.000000e+000
    endloop
  endfacet
  facet normal -9.569389e-001  2.902895e-001  0.000000e+000
    outer loop
      vertex -4.072498e+001  1.974638e+001  1.000000e+001
      vertex -4.079896e+001  1.950251e+001  0.000000e+000
      vertex -4.079896e+001  1.950251e+001  1.000000e+001
    endloop
  endfacet
  facet normal -8.819216e-001  4.713960e-001  0.000000e+000
    outer loop
      vertex -4.079896e+001  1.950251e+001  1.000000e+001
      vertex -4.079896e+001  1.950251e+001  0.000000e+000
      vertex -4.091909e+001  1.927776e+001  0.000000e+000
    endloop
  endfacet
  facet normal -8.819216e-001  4.713960e-001  0.000000e+000
    outer loop
      vertex -4.079896e+001  1.950251e+001  1.000000e+001
      vertex -4.091909e+001  1.927776e+001  0.000000e+000
      vertex -4.091909e+001  1.927776e+001  1.000000e+001
    endloop
  endfacet
  facet normal -7.730141e-001  6.343889e-001  0.000000e+000
    outer loop
      vertex -4.091909e+001  1.927776e+001  1.000000e+001
      vertex -4.091909e+001  1.927776e+001  0.000000e+000
      vertex -4.108076e+001  1.908076e+001  0.000000e+000
    endloop
  endfacet
  facet normal -7.730141e-001  6.343889e-001  0.000000e+000
    outer loop
      vertex -4.091909e+001  1.927776e+001  1.000000e+001
      vertex -4.108076e+001  1.908076e+001  0.000000e+000
      vertex -4.108076e+001  1.908076e+001  1.000000e+001
    endloop
  endfacet
  facet normal -6.343889e-001  7.730141e-001  0.000000e+000
    outer loop
      vertex -4.108076e+001  1.908076e+001  1.000000e+001
      vertex -4.108076e+001  1.908076e+001  0.000000e+000
      vertex -4.127776e+001  1.891909e+001  0.000000e+000
    endloop
  endfacet
  facet normal -6.343889e-001  7.730141e-001  0.000000e+000
    outer loop
      vertex -4.108076e+001  1.908076e+001  1.000000e+001
      vertex -4.127776e+001  1.891909e+001  0.000000e+000
      vertex -4.127776e+001  1.891909e+001  1.000000e+001
    endloop
  endfacet
  facet normal -4.714049e-001  8.819168e-001  0.000000e+000
    outer loop
      vertex -4.127776e+001  1.891909e+001  1.000000e+001
      vertex -4.127776e+001  1.891909e+001  0.000000e+000
      vertex -4.150251e+001  1.879896e+001  0.000000e+000
    endloop
  endfacet
  facet normal -4.714049e-001  8.819168e-001  0.000000e+000
    outer loop
      vertex -4.127776e+001  1.891909e+001  1.000000e+001
      vertex -4.150251e+001  1.879896e+001  0.000000e+000
      vertex -4.150251e+001  1.879896e+001  1.000000e+001
    endloop
  endfacet
  facet normal -2.902784e-001  9.569422e-001  0.000000e+000
    outer loop
      vertex -4.150251e+001  1.879896e+001  1.000000e+001
      vertex -4.150251e+001  1.879896e+001  0.000000e+000
      vertex -4.174638e+001  1.872498e+001  0.000000e+000
    endloop
  endfacet
  facet normal -2.902784e-001  9.569422e-001  0.000000e+000
    outer loop
      vertex -4.150251e+001  1.879896e+001  1.000000e+001
      vertex -4.174638e+001  1.872498e+001  0.000000e+000
      vertex -4.174638e+001  1.872498e+001  1.000000e+001
    endloop
  endfacet
  facet normal -9.801561e-002  9.951848e-001  0.000000e+000
    outer loop
      vertex -4.174638e+001  1.872498e+001  1.000000e+001
      vertex -4.174638e+001  1.872498e+001  0.000000e+000
      vertex -4.200000e+001  1.870000e+001  0.000000e+000
    endloop
  endfacet
  facet normal -9.801561e-002  9.951848e-001  0.000000e+000
    outer loop
      vertex -4.174638e+001  1.872498e+001  1.000000e+001
      vertex -4.200000e+001  1.870000e+001  0.000000e+000
      vertex -4.200000e+001  1.870000e+001  1.000000e+001
    endloop
  endfacet
  facet normal  0.000000e+000  -0.000000e+000  1.000000e+000
    outer loop
      vertex -4.308091e+001  1.927776e+001  1.000000e+001
      vertex -4.294163e+001  1.725713e+001  1.000000e+001
      vertex -4.291924e+001  1.908076e+001  1.000000e+001
    endloop
  endfacet
  facet normal  0.000000e+000  -0.000000e+000  1.000000e+000
    outer loop
      vertex -4.174638e+001  1.872498e+001  1.000000e+001
      vertex -4.152267e+001  1.713955e+001  1.000000e+001
      vertex -4.150251e+001  1.879896e+001  1.000000e+001
    endloop
  endfacet
  facet normal  0.000000e+000  0.000000e+000  1.000000e+000
    outer loop
      vertex -4.308091e+001  2.072224e+001  1.000000e+001
      vertex -4.291924e+001  2.091924e+001  1.000000e+001
      vertex -4.294163e+001  2.274287e+001  1.000000e+001
    endloop
  endfacet
  facet normal  0.000000e+000  -0.000000e+000  1.000000e+000
    outer loop
      vertex -4.061975e+001  1.744953e+001  1.000000e+001
      vertex -4.021878e+001  1.771149e+001  1.000000e+001
      vertex -3.986640e+001  1.803588e+001  1.000000e+001
    endloop
  endfacet
  facet normal  0.000000e+000  -0.000000e+000  9.999999e-001
    outer loop
      vertex -4.061975e+001  1.744953e+001  1.000000e+001
      vertex -3.986640e+001  1.803588e+001  1.000000e+001
      vertex -3.957222e+001  1.841385e+001  1.000000e+001
    endloop
  endfacet
  facet normal  0.000000e+000  -0.000000e+000  1.000000e+000
    outer loop
      vertex -4.061975e+001  1.744953e+001  1.000000e+001
      vertex -3.957222e+001  1.841385e+001  1.000000e+001
      vertex -3.934426e+001  1.883508e+001  1.000000e+001
    endloop
  endfacet
  facet normal  0.000000e+000  -0.000000e+000  1.000000e+000
    outer loop
      vertex -4.061975e+001  1.744953e+001  1.000000e+001
      vertex -3.934426e+001  1.883508e+001  1.000000e+001
      vertex -3.918874e+001  1.928809e+001  1.000000e+001
    endloop
  endfacet
  facet normal  0.000000e+000  -0.000000e+000  1.000000e+000
    outer loop
      vertex -4.061975e+001  1.744953e+001  1.000000e+001
      vertex -3.918874e+001  1.928809e+001  1.000000e+001
      vertex -3.910991e+001  1.976052e+001  1.000000e+001
    endloop
  endfacet
  facet normal  0.000000e+000  -0.000000e+000  1.000000e+000
    outer loop
      vertex -4.061975e+001  1.744953e+001  1.000000e+001
      vertex -3.910991e+001  1.976052e+001  1.000000e+001
      vertex -3.910991e+001  2.023948e+001  1.000000e+001
    endloop
  endfacet
  facet normal  0.000000e+000  0.000000e+000  1.000000e+000
    outer loop
      vertex -4.061975e+001  1.744953e+001  1.000000e+001
      vertex -3.910991e+001  2.023948e+001  1.000000e+001
      vertex -4.070000e+001  2.000000e+001  1.000000e+001
    endloop
  endfacet
  facet normal  0.000000e+000  0.000000e+000  1.000000e+000
    outer loop
      vertex -4.061975e+001  1.744953e+001  1.000000e+001
      vertex -4.070000e+001  2.000000e+001  1.000000e+001
      vertex -4.072498e+001  1.974638e+001  1.000000e+001
    endloop
  endfacet
  facet normal  0.000000e+000  0.000000e+000  1.000000e+000
    outer loop
      vertex -4.061975e+001  1.744953e+001  1.000000e+001
      vertex -4.072498e+001  1.974638e+001  1.000000e+001
      vertex -4.079896e+001  1.950251e+001  1.000000e+001
    endloop
  endfacet
  facet normal  0.000000e+000  0.000000e+000  1.000000e+000
    outer loop
      vertex -4.061975e+001  1.744953e+001  1.000000e+001
      vertex -4.079896e+001  1.950251e+001  1.000000e+001
      vertex -4.091909e+001  1.927776e+001  1.000000e+001
    endloop
  endfacet
  facet normal  0.000000e+000  0.000000e+000  1.000000e+000
    outer loop
      vertex -4.061975e+001  1.744953e+001  1.000000e+001
      vertex -4.091909e+001  1.927776e+001  1.000000e+001
      vertex -4.108076e+001  1.908076e+001  1.000000e+001
    endloop
  endfacet
  facet normal  0.000000e+000  0.000000e+000  1.000000e+000
    outer loop
      vertex -4.061975e+001  1.744953e+001  1.000000e+001
      vertex -4.108076e+001  1.908076e+001  1.000000e+001
      vertex -4.105837e+001  1.725713e+001  1.000000e+001
    endloop
  endfacet
  facet normal  0.000000e+000  0.000000e+000  9.999999e-001
    outer loop
      vertex -4.070000e+001  2.000000e+001  1.000000e+001
      vertex -3.910991e+001  2.023948e+001  1.000000e+001
      vertex -3.918874e+001  2.071191e+001  1.000000e+001
    endloop
  endfacet
  facet normal  0.000000e+000  0.000000e+000  1.000000e+000
    outer loop
      vertex -4.070000e+001  2.000000e+001  1.000000e+001
      vertex -3.918874e+001  2.071191e+001  1.000000e+001
      vertex -3.934426e+001  2.116492e+001  1.000000e+001
    endloop
  endfacet
  facet normal  0.000000e+000  0.000000e+000  1.000000e+000
    outer loop
      vertex -4.070000e+001  2.000000e+001  1.000000e+001
      vertex -3.934426e+001  2.116492e+001  1.000000e+001
      vertex -3.957222e+001  2.158615e+001  1.000000e+001
    endloop
  endfacet
  facet normal  0.000000e+000  0.000000e+000  1.000000e+000
    outer loop
      vertex -4.070000e+001  2.000000e+001  1.000000e+001
      vertex -3.957222e+001  2.158615e+001  1.000000e+001
      vertex -3.986640e+001  2.196412e+001  1.000000e+001
    endloop
  endfacet
  facet normal  0.000000e+000  0.000000e+000  1.000000e+000
    outer loop
      vertex -4.070000e+001  2.000000e+001  1.000000e+001
      vertex -3.986640e+001  2.196412e+001  1.000000e+001
      vertex -4.021878e+001  2.228851e+001  1.000000e+001
    endloop
  endfacet
  facet normal  0.000000e+000  0.000000e+000  1.000000e+000
    outer loop
      vertex -4.070000e+001  2.000000e+001  1.000000e+001
      vertex -4.021878e+001  2.228851e+001  1.000000e+001
      vertex -4.061975e+001  2.255047e+001  1.000000e+001
    endloop
  endfacet
  facet normal  0.000000e+000  0.000000e+000  1.000000e+000
    outer loop
      vertex -4.330000e+001  2.000000e+001  1.000000e+001
      vertex -4.327502e+001  2.025362e+001  1.000000e+001
      vertex -4.338025e+001  2.255047e+001  1.000000e+001
    endloop
  endfacet
  facet normal  0.000000e+000  0.000000e+000  1.000000e+000
    outer loop
      vertex -4.330000e+001  2.000000e+001  1.000000e+001
      vertex -4.338025e+001  2.255047e+001  1.000000e+001
      vertex -4.378122e+001  2.228851e+001  1.000000e+001
    endloop
  endfacet
  facet normal  0.000000e+000  0.000000e+000  1.000000e+000
    outer loop
      vertex -4.330000e+001  2.000000e+001  1.000000e+001
      vertex -4.378122e+001  2.228851e+001  1.000000e+001
      vertex -4.413360e+001  2.196412e+001  1.000000e+001
    endloop
  endfacet
  facet normal  0.000000e+000  0.000000e+000  1.000000e+000
    outer loop
      vertex -4.330000e+001  2.000000e+001  1.000000e+001
      vertex -4.413360e+001  2.196412e+001  1.000000e+001
      vertex -4.442778e+001  2.158615e+001  1.000000e+001
    endloop
  endfacet
  facet normal  0.000000e+000  0.000000e+000  1.000000e+000
    outer loop
      vertex -4.330000e+001  2.000000e+001  1.000000e+001
      vertex -4.442778e+001  2.158615e+001  1.000000e+001
      vertex -4.465574e+001  2.116492e+001  1.000000e+001
    endloop
  endfacet
  facet normal  0.000000e+000  0.000000e+000  9.999999e-001
    outer loop
      vertex -4.330000e+001  2.000000e+001  1.000000e+001
      vertex -4.465574e+001  2.116492e+001  1.000000e+001
      vertex -4.481126e+001  2.071191e+001  1.000000e+001
    endloop
  endfacet
  facet normal  0.000000e+000  0.000000e+000  9.999999e-001
    outer loop
      vertex -4.330000e+001  2.000000e+001  1.000000e+001
      vertex -4.481126e+001  2.071191e+001  1.000000e+001
      vertex -4.489009e+001  2.023948e+001  1.000000e+001
    endloop
  endfacet
  facet normal  0.000000e+000  0.000000e+000  9.999999e-001
    outer loop
      vertex -4.330000e+001  2.000000e+001  1.000000e+001
      vertex -4.489009e+001  2.023948e+001  1.000000e+001
      vertex -4.489009e+001  1.976052e+001  1.000000e+001
    endloop
  endfacet
  facet normal  -0.000000e+000  0.000000e+000  9.999999e-001
    outer loop
      vertex -4.330000e+001  2.000000e+001  1.000000e+001
      vertex -4.489009e+001  1.976052e+001  1.000000e+001
      vertex -4.481126e+001  1.928809e+001  1.000000e+001
    endloop
  endfacet
  facet normal  -0.000000e+000  0.000000e+000  1.000000e+000
    outer loop
      vertex -4.330000e+001  2.000000e+001  1.000000e+001
      vertex -4.481126e+001  1.928809e+001  1.000000e+001
      vertex -4.465574e+001  1.883508e+001  1.000000e+001
    endloop
  endfacet
  facet normal  -0.000000e+000  0.000000e+000  1.000000e+000
    outer loop
      vertex -4.330000e+001  2.000000e+001  1.000000e+001
      vertex -4.465574e+001  1.883508e+001  1.000000e+001
      vertex -4.442778e+001  1.841385e+001  1.000000e+001
    endloop
  endfacet
  facet normal  -0.000000e+000  0.000000e+000  1.000000e+000
    outer loop
      vertex -4.330000e+001  2.000000e+001  1.000000e+001
      vertex -4.442778e+001  1.841385e+001  1.000000e+001
      vertex -4.413360e+001  1.803588e+001  1.000000e+001
    endloop
  endfacet
  facet normal  -0.000000e+000  0.000000e+000  1.000000e+000
    outer loop
      vertex -4.330000e+001  2.000000e+001  1.000000e+001
      vertex -4.413360e+001  1.803588e+001  1.000000e+001
      vertex -4.378122e+001  1.771149e+001  1.000000e+001
    endloop
  endfacet
  facet normal  -0.000000e+000  0.000000e+000  1.000000e+000
    outer loop
      vertex -4.330000e+001  2.000000e+001  1.000000e+001
      vertex -4.378122e+001  1.771149e+001  1.000000e+001
      vertex -4.338025e+001  1.744953e+001  1.000000e+001
    endloop
  endfacet
  facet normal  0.000000e+000  0.000000e+000  1.000000e+000
    outer loop
      vertex -4.330000e+001  2.000000e+001  1.000000e+001
      vertex -4.338025e+001  1.744953e+001  1.000000e+001
      vertex -4.327502e+001  1.974638e+001  1.000000e+001
    endloop
  endfacet
  facet normal  0.000000e+000  0.000000e+000  1.000000e+000
    outer loop
      vertex -4.247733e+001  1.713955e+001  1.000000e+001
      vertex -4.200000e+001  1.710000e+001  1.000000e+001
      vertex -4.225362e+001  1.872498e+001  1.000000e+001
    endloop
  endfacet
  facet normal  0.000000e+000  0.000000e+000  1.000000e+000
    outer loop
      vertex -4.247733e+001  1.713955e+001  1.000000e+001
      vertex -4.225362e+001  1.872498e+001  1.000000e+001
      vertex -4.249749e+001  1.879896e+001  1.000000e+001
    endloop
  endfacet
  facet normal  0.000000e+000  0.000000e+000  1.000000e+000
    outer loop
      vertex -4.247733e+001  1.713955e+001  1.000000e+001
      vertex -4.249749e+001  1.879896e+001  1.000000e+001
      vertex -4.272224e+001  1.891909e+001  1.000000e+001
    endloop
  endfacet
  facet normal  0.000000e+000  0.000000e+000  9.999999e-001
    outer loop
      vertex -4.247733e+001  1.713955e+001  1.000000e+001
      vertex -4.272224e+001  1.891909e+001  1.000000e+001
      vertex -4.291924e+001  1.908076e+001  1.000000e+001
    endloop
  endfacet
  facet normal  0.000000e+000  0.000000e+000  1.000000e+000
    outer loop
      vertex -4.247733e+001  1.713955e+001  1.000000e+001
      vertex -4.291924e+001  1.908076e+001  1.000000e+001
      vertex -4.294163e+001  1.725713e+001  1.000000e+001
    endloop
  endfacet
  facet normal  0.000000e+000  0.000000e+000  1.000000e+000
    outer loop
      vertex -4.105837e+001  1.725713e+001  1.000000e+001
      vertex -4.108076e+001  1.908076e+001  1.000000e+001
      vertex -4.127776e+001  1.891909e+001  1.000000e+001
    endloop
  endfacet
  facet normal  0.000000e+000  0.000000e+000  1.000000e+000
    outer loop
      vertex -4.105837e+001  1.725713e+001  1.000000e+001
      vertex -4.127776e+001  1.891909e+001  1.000000e+001
      vertex -4.150251e+001  1.879896e+001  1.000000e+001
    endloop
  endfacet
  facet normal  0.000000e+000  0.000000e+000  1.000000e+000
    outer loop
      vertex -4.105837e+001  1.725713e+001  1.000000e+001
      vertex -4.150251e+001  1.879896e+001  1.000000e+001
      vertex -4.152267e+001  1.713955e+001  1.000000e+001
    endloop
  endfacet
  facet normal  0.000000e+000  0.000000e+000  9.999999e-001
    outer loop
      vertex -4.061975e+001  2.255047e+001  1.000000e+001
      vertex -4.105837e+001  2.274287e+001  1.000000e+001
      vertex -4.108076e+001  2.091924e+001  1.000000e+001
    endloop
  endfacet
  facet normal  -0.000000e+000  0.000000e+000  1.000000e+000
    outer loop
      vertex -4.061975e+001  2.255047e+001  1.000000e+001
      vertex -4.108076e+001  2.091924e+001  1.000000e+001
      vertex -4.091909e+001  2.072224e+001  1.000000e+001
    endloop
  endfacet
  facet normal  -0.000000e+000  0.000000e+000  1.000000e+000
    outer loop
      vertex -4.061975e+001  2.255047e+001  1.000000e+001
      vertex -4.091909e+001  2.072224e+001  1.000000e+001
      vertex -4.079896e+001  2.049749e+001  1.000000e+001
    endloop
  endfacet
  facet normal  -0.000000e+000  0.000000e+000  1.000000e+000
    outer loop
      vertex -4.061975e+001  2.255047e+001  1.000000e+001
      vertex -4.079896e+001  2.049749e+001  1.000000e+001
      vertex -4.072498e+001  2.025362e+001  1.000000e+001
    endloop
  endfacet
  facet normal  -0.000000e+000  0.000000e+000  1.000000e+000
    outer loop
      vertex -4.061975e+001  2.255047e+001  1.000000e+001
      vertex -4.072498e+001  2.025362e+001  1.000000e+001
      vertex -4.070000e+001  2.000000e+001  1.000000e+001
    endloop
  endfacet
  facet normal  0.000000e+000  0.000000e+000  1.000000e+000
    outer loop
      vertex -4.327502e+001  1.974638e+001  1.000000e+001
      vertex -4.338025e+001  1.744953e+001  1.000000e+001
      vertex -4.320104e+001  1.950251e+001  1.000000e+001
    endloop
  endfacet
  facet normal  0.000000e+000  0.000000e+000  1.000000e+000
    outer loop
      vertex -4.320104e+001  1.950251e+001  1.000000e+001
      vertex -4.338025e+001  1.744953e+001  1.000000e+001
      vertex -4.294163e+001  1.725713e+001  1.000000e+001
    endloop
  endfacet
  facet normal  0.000000e+000  0.000000e+000  1.000000e+000
    outer loop
      vertex -4.320104e+001  1.950251e+001  1.000000e+001
      vertex -4.294163e+001  1.725713e+001  1.000000e+001
      vertex -4.308091e+001  1.927776e+001  1.000000e+001
    endloop
  endfacet
  facet normal  0.000000e+000  0.000000e+000  1.000000e+000
    outer loop
      vertex -4.152267e+001  1.713955e+001  1.000000e+001
      vertex -4.174638e+001  1.872498e+001  1.000000e+001
      vertex -4.200000e+001  1.710000e+001  1.000000e+001
    endloop
  endfacet
  facet normal  0.000000e+000  0.000000e+000  1.000000e+000
    outer loop
      vertex -4.200000e+001  1.710000e+001  1.000000e+001
      vertex -4.174638e+001  1.872498e+001  1.000000e+001
      vertex -4.200000e+001  1.870000e+001  1.000000e+001
    endloop
  endfacet
  facet normal  0.000000e+000  0.000000e+000  1.000000e+000
    outer loop
      vertex -4.200000e+001  1.710000e+001  1.000000e+001
      vertex -4.200000e+001  1.870000e+001  1.000000e+001
      vertex -4.225362e+001  1.872498e+001  1.000000e+001
    endloop
  endfacet
  facet normal  0.000000e+000  -0.000000e+000  1.000000e+000
    outer loop
      vertex -4.338025e+001  2.255047e+001  1.000000e+001
      vertex -4.327502e+001  2.025362e+001  1.000000e+001
      vertex -4.294163e+001  2.274287e+001  1.000000e+001
    endloop
  endfacet
  facet normal  0.000000e+000  0.000000e+000  9.999999e-001
    outer loop
      vertex -4.294163e+001  2.274287e+001  1.000000e+001
      vertex -4.327502e+001  2.025362e+001  1.000000e+001
      vertex -4.320104e+001  2.049749e+001  1.000000e+001
    endloop
  endfacet
  facet normal  0.000000e+000  0.000000e+000  1.000000e+000
    outer loop
      vertex -4.294163e+001  2.274287e+001  1.000000e+001
      vertex -4.320104e+001  2.049749e+001  1.000000e+001
      vertex -4.308091e+001  2.072224e+001  1.000000e+001
    endloop
  endfacet
  facet normal  0.000000e+000  -0.000000e+000  1.000000e+000
    outer loop
      vertex -4.294163e+001  2.274287e+001  1.000000e+001
      vertex -4.291924e+001  2.091924e+001  1.000000e+001
      vertex -4.247733e+001  2.286045e+001  1.000000e+001
    endloop
  endfacet
  facet normal  0.000000e+000  0.000000e+000  9.999999e-001
    outer loop
      vertex -4.247733e+001  2.286045e+001  1.000000e+001
      vertex -4.291924e+001  2.091924e+001  1.000000e+001
      vertex -4.272224e+001  2.108091e+001  1.000000e+001
    endloop
  endfacet
  facet normal  0.000000e+000  0.000000e+000  1.000000e+000
    outer loop
      vertex -4.247733e+001  2.286045e+001  1.000000e+001
      vertex -4.272224e+001  2.108091e+001  1.000000e+001
      vertex -4.249749e+001  2.120104e+001  1.000000e+001
    endloop
  endfacet
  facet normal  0.000000e+000  0.000000e+000  1.000000e+000
    outer loop
      vertex -4.247733e+001  2.286045e+001  1.000000e+001
      vertex -4.249749e+001  2.120104e+001  1.000000e+001
      vertex -4.200000e+001  2.290000e+001  1.000000e+001
    endloop
  endfacet
  facet normal  0.000000e+000  0.000000e+000  1.000000e+000
    outer loop
      vertex -4.200000e+001  2.290000e+001  1.000000e+001
      vertex -4.249749e+001  2.120104e+001  1.000000e+001
      vertex -4.225362e+001  2.127502e+001  1.000000e+001
    endloop
  endfacet
  facet normal  0.000000e+000  0.000000e+000  1.000000e+000
    outer loop
      vertex -4.200000e+001  2.290000e+001  1.000000e+001
      vertex -4.225362e+001  2.127502e+001  1.000000e+001
      vertex -4.200000e+001  2.130000e+001  1.000000e+001
    endloop
  endfacet
  facet normal  0.000000e+000  0.000000e+000  9.999999e-001
    outer loop
      vertex -4.200000e+001  2.290000e+001  1.000000e+001
      vertex -4.200000e+001  2.130000e+001  1.000000e+001
      vertex -4.152267e+001  2.286045e+001  1.000000e+001
    endloop
  endfacet
  facet normal  0.000000e+000  0.000000e+000  1.000000e+000
    outer loop
      vertex -4.152267e+001  2.286045e+001  1.000000e+001
      vertex -4.200000e+001  2.130000e+001  1.000000e+001
      vertex -4.174638e+001  2.127502e+001  1.000000e+001
    endloop
  endfacet
  facet normal  -0.000000e+000  0.000000e+000  1.000000e+000
    outer loop
      vertex -4.152267e+001  2.286045e+001  1.000000e+001
      vertex -4.174638e+001  2.127502e+001  1.000000e+001
      vertex -4.150251e+001  2.120104e+001  1.000000e+001
    endloop
  endfacet
  facet normal  0.000000e+000  -0.000000e+000  1.000000e+000
    outer loop
      vertex -4.152267e+001  2.286045e+001  1.000000e+001
      vertex -4.150251e+001  2.120104e+001  1.000000e+001
      vertex -4.105837e+001  2.274287e+001  1.000000e+001
    endloop
  endfacet
  facet normal  0.000000e+000  0.000000e+000  1.000000e+000
    outer loop
      vertex -4.105837e+001  2.274287e+001  1.000000e+001
      vertex -4.150251e+001  2.120104e+001  1.000000e+001
      vertex -4.127776e+001  2.108091e+001  1.000000e+001
    endloop
  endfacet
  facet normal  -0.000000e+000  0.000000e+000  1.000000e+000
    outer loop
      vertex -4.105837e+001  2.274287e+001  1.000000e+001
      vertex -4.127776e+001  2.108091e+001  1.000000e+001
      vertex -4.108076e+001  2.091924e+001  1.000000e+001
    endloop
  endfacet
  facet normal  0.000000e+000  0.000000e+000 -1.000000e+000
    outer loop
      vertex -4.800000e+001 -1.500000e+001  0.000000e+000
      vertex -5.800000e+001 -1.500000e+001  0.000000e+000
      vertex -5.800000e+001  1.500000e+001  0.000000e+000
    endloop
  endfacet
  facet normal  0.000000e+000  0.000000e+000 -1.000000e+000
    outer loop
      vertex -4.800000e+001 -1.500000e+001  0.000000e+000
      vertex -5.800000e+001  1.500000e+001  0.000000e+000
      vertex -4.800000e+001  1.500000e+001  0.000000e+000
    endloop
  endfacet
  facet normal  0.000000e+000  0.000000e+000 -1.000000e+000
    outer loop
      vertex -4.800000e+001 -1.500000e+001  0.000000e+000
      vertex -4.800000e+001  1.500000e+001  0.000000e+000
      vertex -4.330000e+001 -2.000000e+001  0.000000e+000
    endloop
  endfacet
  facet normal  -0.000000e+000  0.000000e+000 -1.000000e+000
    outer loop
      vertex -4.800000e+001 -1.500000e+001  0.000000e+000
      vertex -4.330000e+001 -2.000000e+001  0.000000e+000
      vertex -4.800000e+001 -2.500000e+001  0.000000e+000
    endloop
  endfacet
  facet normal  0.000000e+000  0.000000e+000 -9.999999e-001
    outer loop
      vertex -6.486000e+001 -2.500000e+001  0.000000e+000
      vertex -6.486000e+001  2.500000e+001  0.000000e+000
      vertex -5.800000e+001  2.500000e+001  0.000000e+000
    endloop
  endfacet
  facet normal  0.000000e+000  -0.000000e+000 -1.000000e+000
    outer loop
      vertex -6.486000e+001 -2.500000e+001  0.000000e+000
      vertex -5.800000e+001  2.500000e+001  0.000000e+000
      vertex -5.800000e+001  1.500000e+001  0.000000e+000
    endloop
  endfacet
  facet normal  0.000000e+000  -0.000000e+000 -1.000000e+000
    outer loop
      vertex -6.486000e+001 -2.500000e+001  0.000000e+000
      vertex -5.800000e+001  1.500000e+001  0.000000e+000
      vertex -5.800000e+001 -1.500000e+001  0.000000e+000
    endloop
  endfacet
  facet normal -1.294721e-016  8.881784e-017 -1.000000e+000
    outer loop
      vertex -6.486000e+001 -2.500000e+001  0.000000e+000
      vertex -5.800000e+001 -1.500000e+001  0.000000e+000
      vertex -5.800000e+001 -2.500000e+001 -8.881784e-016
    endloop
  endfacet
  facet normal  1.555815e-016  1.345725e-017 -1.000000e+000
    outer loop
      vertex  3.514000e+001  3.300000e+001  1.776357e-015
      vertex  3.514000e+001 -3.300000e+001  8.881784e-016
      vertex  2.891924e+001 -2.708076e+001  0.000000e+000
    endloop
  endfacet
  facet normal  2.236374e-017  2.725061e-017 -1.000000e+000
    outer loop
      vertex  3.514000e+001  3.300000e+001  1.776357e-015
      vertex  2.891924e+001 -2.708076e+001  0.000000e+000
      vertex  2.872224e+001 -2.691909e+001  0.000000e+000
    endloop
  endfacet
  facet normal  1.498821e-017  2.804058e-017 -1.000000e+000
    outer loop
      vertex  3.514000e+001  3.300000e+001  1.776357e-015
      vertex  2.872224e+001 -2.691909e+001  0.000000e+000
      vertex  2.849749e+001 -2.679896e+001  0.000000e+000
    endloop
  endfacet
  facet normal  8.717255e-018  2.873716e-017 -9.999999e-001
    outer loop
      vertex  3.514000e+001  3.300000e+001  1.776357e-015
      vertex  2.849749e+001 -2.679896e+001  0.000000e+000
      vertex  2.825362e+001 -2.672498e+001  0.000000e+000
    endloop
  endfacet
  facet normal  2.896399e-018  2.940832e-017 -1.000000e+000
    outer loop
      vertex  3.514000e+001  3.300000e+001  1.776357e-015
      vertex  2.825362e+001 -2.672498e+001  0.000000e+000
      vertex  2.800000e+001 -2.670000e+001  0.000000e+000
    endloop
  endfacet
  facet normal  3.104884e-016 -7.379061e-018 -1.000000e+000
    outer loop
      vertex  3.514000e+001  3.300000e+001  1.776357e-015
      vertex  2.800000e+001 -2.670000e+001  0.000000e+000
      vertex  2.930000e+001  2.800000e+001  0.000000e+000
    endloop
  endfacet
  facet normal  2.805167e-016  2.762784e-017 -1.000000e+000
    outer loop
      vertex  3.514000e+001  3.300000e+001  1.776357e-015
      vertex  2.930000e+001  2.800000e+001  0.000000e+000
      vertex  2.927502e+001  2.825362e+001  0.000000e+000
    endloop
  endfacet
  facet normal  2.431778e-016  7.376660e-017 -1.000000e+000
    outer loop
      vertex  3.514000e+001  3.300000e+001  1.776357e-015
      vertex  2.927502e+001  2.825362e+001  0.000000e+000
      vertex  2.920104e+001  2.849749e+001  0.000000e+000
    endloop
  endfacet
  facet normal  2.128487e-016  1.137716e-016 -1.000000e+000
    outer loop
      vertex  3.514000e+001  3.300000e+001  1.776357e-015
      vertex  2.920104e+001  2.849749e+001  0.000000e+000
      vertex  2.908091e+001  2.872224e+001  0.000000e+000
    endloop
  endfacet
  facet normal  1.856227e-016  1.523349e-016 -1.000000e+000
    outer loop
      vertex  3.514000e+001  3.300000e+001  1.776357e-015
      vertex  2.908091e+001  2.872224e+001  0.000000e+000
      vertex  2.891924e+001  2.891924e+001  0.000000e+000
    endloop
  endfacet
  facet normal  1.586991e-016  1.933776e-016 -1.000000e+000
    outer loop
      vertex  3.514000e+001  3.300000e+001  1.776357e-015
      vertex  2.891924e+001  2.891924e+001  0.000000e+000
      vertex  2.872224e+001  2.908091e+001  0.000000e+000
    endloop
  endfacet
  facet normal  1.291918e-016  2.416976e-016 -9.999999e-001
    outer loop
      vertex  3.514000e+001  3.300000e+001  1.776357e-015
      vertex  2.872224e+001  2.908091e+001  0.000000e+000
      vertex  2.849749e+001  2.920104e+001  0.000000e+000
    endloop
  endfacet
  facet normal  9.268229e-017  3.055349e-016 -1.000000e+000
    outer loop
      vertex  3.514000e+001  3.300000e+001  1.776357e-015
      vertex  2.849749e+001  2.920104e+001  0.000000e+000
      vertex  2.825362e+001  2.927502e+001  0.000000e+000
    endloop
  endfacet
  facet normal  3.973277e-017  4.034229e-016 -1.000000e+000
    outer loop
      vertex  3.514000e+001  3.300000e+001  1.776357e-015
      vertex  2.825362e+001  2.927502e+001  0.000000e+000
      vertex  2.800000e+001  2.930000e+001  0.000000e+000
    endloop
  endfacet
  facet normal -5.837977e-017  5.927535e-016 -1.000000e+000
    outer loop
      vertex  3.514000e+001  3.300000e+001  1.776357e-015
      vertex  2.800000e+001  2.930000e+001  0.000000e+000
      vertex  2.774638e+001  2.927502e+001  0.000000e+000
    endloop
  endfacet
  facet normal -3.635540e-016  1.198486e-015 -1.000000e+000
    outer loop
      vertex  3.514000e+001  3.300000e+001  1.776357e-015
      vertex  2.774638e+001  2.927502e+001  0.000000e+000
      vertex  2.750251e+001  2.920104e+001  0.000000e+000
    endloop
  endfacet
  facet normal  0.000000e+000  -0.000000e+000 -1.000000e+000
    outer loop
      vertex -4.800000e+001 -2.500000e+001  0.000000e+000
      vertex -4.330000e+001 -2.000000e+001  0.000000e+000
      vertex -4.327502e+001 -2.025362e+001  0.000000e+000
    endloop
  endfacet
  facet normal  0.000000e+000  -0.000000e+000 -1.000000e+000
    outer loop
      vertex -4.800000e+001 -2.500000e+001  0.000000e+000
      vertex -4.327502e+001 -2.025362e+001  0.000000e+000
      vertex -4.320104e+001 -2.049749e+001  0.000000e+000
    endloop
  endfacet
  facet normal  0.000000e+000  -0.000000e+000 -1.000000e+000
    outer loop
      vertex -4.800000e+001 -2.500000e+001  0.000000e+000
      vertex -4.320104e+001 -2.049749e+001  0.000000e+000
      vertex -4.308091e+001 -2.072224e+001  0.000000e+000
    endloop
  endfacet
  facet normal  0.000000e+000  -0.000000e+000 -9.999999e-001
    outer loop
      vertex -4.800000e+001 -2.500000e+001  0.000000e+000
      vertex -4.308091e+001 -2.072224e+001  0.000000e+000
      vertex -4.291924e+001 -2.091924e+001  0.000000e+000
    endloop
  endfacet
  facet normal  0.000000e+000  -0.000000e+000 -1.000000e+000
    outer loop
      vertex -4.800000e+001 -2.500000e+001  0.000000e+000
      vertex -4.291924e+001 -2.091924e+001  0.000000e+000
      vertex -4.272224e+001 -2.108091e+001  0.000000e+000
    endloop
  endfacet
  facet normal  0.000000e+000  -0.000000e+000 -1.000000e+000
    outer loop
      vertex -4.800000e+001 -2.500000e+001  0.000000e+000
      vertex -4.272224e+001 -2.108091e+001  0.000000e+000
      vertex -4.249749e+001 -2.120104e+001  0.000000e+000
    endloop
  endfacet
  facet normal  0.000000e+000  -0.000000e+000 -1.000000e+000
    outer loop
      vertex -4.800000e+001 -2.500000e+001  0.000000e+000
      vertex -4.249749e+001 -2.120104e+001  0.000000e+000
      vertex -4.225362e+001 -2.127502e+001  0.000000e+000
    endloop
  endfacet
  facet normal  0.000000e+000  -0.000000e+000 -9.999999e-001
    outer loop
      vertex -4.800000e+001 -2.500000e+001  0.000000e+000
      vertex -4.225362e+001 -2.127502e+001  0.000000e+000
      vertex -4.200000e+001 -2.130000e+001  0.000000e+000
    endloop
  endfacet
  facet normal  0.000000e+000  -0.000000e+000 -1.000000e+000
    outer loop
      vertex -4.800000e+001 -2.500000e+001  0.000000e+000
      vertex -4.200000e+001 -2.130000e+001  0.000000e+000
      vertex  2.670000e+001 -2.800000e+001  0.000000e+000
    endloop
  endfacet
  facet normal  -0.000000e+000  0.000000e+000 -9.999999e-001
    outer loop
      vertex -4.800000e+001 -2.500000e+001  0.000000e+000
      vertex  2.670000e+001 -2.800000e+001  0.000000e+000
      vertex -4.800000e+001 -3.300000e+001  0.000000e+000
    endloop
  endfacet
  facet normal  0.000000e+000  0.000000e+000 -1.000000e+000
    outer loop
      vertex  1.300000e+001  2.100000e+001  0.000000e+000
      vertex  1.300000e+001  3.300000e+001  0.000000e+000
      vertex  2.514000e+001  3.300000e+001  0.000000e+000
    endloop
  endfacet
  facet normal  0.000000e+000  -0.000000e+000 -1.000000e+000
    outer loop
      vertex  1.300000e+001  2.100000e+001  0.000000e+000
      vertex  2.514000e+001  3.300000e+001  0.000000e+000
      vertex  2.670000e+001  2.800000e+001  0.000000e+000
    endloop
  endfacet
  facet normal  0.000000e+000  -0.000000e+000 -1.000000e+000
    outer loop
      vertex  1.300000e+001  2.100000e+001  0.000000e+000
      vertex  2.670000e+001  2.800000e+001  0.000000e+000
      vertex  2.672498e+001  2.774638e+001  0.000000e+000
    endloop
  endfacet
  facet normal  0.000000e+000  -0.000000e+000 -1.000000e+000
    outer loop
      vertex  1.300000e+001  2.100000e+001  0.000000e+000
      vertex  2.672498e+001  2.774638e+001  0.000000e+000
      vertex  2.679896e+001  2.750251e+001  0.000000e+000
    endloop
  endfacet
  facet normal  0.000000e+000  -0.000000e+000 -9.999999e-001
    outer loop
      vertex  1.300000e+001  2.100000e+001  0.000000e+000
      vertex  2.679896e+001  2.750251e+001  0.000000e+000
      vertex  2.691909e+001  2.727776e+001  0.000000e+000
    endloop
  endfacet
  facet normal  0.000000e+000  -0.000000e+000 -1.000000e+000
    outer loop
      vertex  1.300000e+001  2.100000e+001  0.000000e+000
      vertex  2.691909e+001  2.727776e+001  0.000000e+000
      vertex  2.708076e+001  2.708076e+001  0.000000e+000
    endloop
  endfacet
  facet normal  0.000000e+000  -0.000000e+000 -1.000000e+000
    outer loop
      vertex  1.300000e+001  2.100000e+001  0.000000e+000
      vertex  2.708076e+001  2.708076e+001  0.000000e+000
      vertex  2.727776e+001  2.691909e+001  0.000000e+000
    endloop
  endfacet
  facet normal  0.000000e+000  -0.000000e+000 -9.999999e-001
    outer loop
      vertex  1.300000e+001  2.100000e+001  0.000000e+000
      vertex  2.727776e+001  2.691909e+001  0.000000e+000
      vertex  2.750251e+001  2.679896e+001  0.000000e+000
    endloop
  endfacet
  facet normal  0.000000e+000  -0.000000e+000 -9.999999e-001
    outer loop
      vertex  1.300000e+001  2.100000e+001  0.000000e+000
      vertex  2.750251e+001  2.679896e+001  0.000000e+000
      vertex  2.774638e+001  2.672498e+001  0.000000e+000
    endloop
  endfacet
  facet normal  0.000000e+000  -0.000000e+000 -1.000000e+000
    outer loop
      vertex  1.300000e+001  2.100000e+001  0.000000e+000
      vertex  2.774638e+001  2.672498e+001  0.000000e+000
      vertex  2.800000e+001  2.670000e+001  0.000000e+000
    endloop
  endfacet
  facet normal  0.000000e+000  0.000000e+000 -1.000000e+000
    outer loop
      vertex -1.700000e+001  2.100000e+001  0.000000e+000
      vertex -4.070000e+001  2.000000e+001  0.000000e+000
      vertex -4.072498e+001  2.025362e+001  0.000000e+000
    endloop
  endfacet
  facet normal  0.000000e+000  0.000000e+000 -1.000000e+000
    outer loop
      vertex -1.700000e+001  2.100000e+001  0.000000e+000
      vertex -4.072498e+001  2.025362e+001  0.000000e+000
      vertex -4.079896e+001  2.049749e+001  0.000000e+000
    endloop
  endfacet
  facet normal  0.000000e+000  0.000000e+000 -1.000000e+000
    outer loop
      vertex -1.700000e+001  2.100000e+001  0.000000e+000
      vertex -4.079896e+001  2.049749e+001  0.000000e+000
      vertex -4.091909e+001  2.072224e+001  0.000000e+000
    endloop
  endfacet
  facet normal  0.000000e+000  0.000000e+000 -1.000000e+000
    outer loop
      vertex -1.700000e+001  2.100000e+001  0.000000e+000
      vertex -4.091909e+001  2.072224e+001  0.000000e+000
      vertex -4.108076e+001  2.091924e+001  0.000000e+000
    endloop
  endfacet
  facet normal  0.000000e+000  0.000000e+000 -1.000000e+000
    outer loop
      vertex -1.700000e+001  2.100000e+001  0.000000e+000
      vertex -4.108076e+001  2.091924e+001  0.000000e+000
      vertex -4.127776e+001  2.108091e+001  0.000000e+000
    endloop
  endfacet
  facet normal  0.000000e+000  0.000000e+000 -9.999999e-001
    outer loop
      vertex -1.700000e+001  2.100000e+001  0.000000e+000
      vertex -4.127776e+001  2.108091e+001  0.000000e+000
      vertex -4.150251e+001  2.120104e+001  0.000000e+000
    endloop
  endfacet
  facet normal  0.000000e+000  0.000000e+000 -1.000000e+000
    outer loop
      vertex -1.700000e+001  2.100000e+001  0.000000e+000
      vertex -4.150251e+001  2.120104e+001  0.000000e+000
      vertex -4.174638e+001  2.127502e+001  0.000000e+000
    endloop
  endfacet
  facet normal  0.000000e+000  0.000000e+000 -1.000000e+000
    outer loop
      vertex -1.700000e+001  2.100000e+001  0.000000e+000
      vertex -4.174638e+001  2.127502e+001  0.000000e+000
      vertex -4.200000e+001  2.130000e+001  0.000000e+000
    endloop
  endfacet
  facet normal  0.000000e+000  0.000000e+000 -1.000000e+000
    outer loop
      vertex -1.700000e+001  2.100000e+001  0.000000e+000
      vertex -4.200000e+001  2.130000e+001  0.000000e+000
      vertex -4.800000e+001  2.500000e+001  0.000000e+000
    endloop
  endfacet
  facet normal  0.000000e+000  0.000000e+000 -1.000000e+000
    outer loop
      vertex -1.700000e+001  2.100000e+001  0.000000e+000
      vertex -4.800000e+001  2.500000e+001  0.000000e+000
      vertex -4.800000e+001  3.300000e+001  0.000000e+000
    endloop
  endfacet
  facet normal  0.000000e+000  0.000000e+000 -1.000000e+000
    outer loop
      vertex -1.700000e+001  2.100000e+001  0.000000e+000
      vertex -4.800000e+001  3.300000e+001  0.000000e+000
      vertex -1.700000e+001  3.300000e+001  0.000000e+000
    endloop
  endfacet
  facet normal  -0.000000e+000  0.000000e+000 -9.999999e-001
    outer loop
      vertex -4.800000e+001  2.500000e+001  0.000000e+000
      vertex -4.200000e+001  2.130000e+001  0.000000e+000
      vertex -4.225362e+001  2.127502e+001  0.000000e+000
    endloop
  endfacet
  facet normal  -0.000000e+000  0.000000e+000 -1.000000e+000
    outer loop
      vertex -4.800000e+001  2.500000e+001  0.000000e+000
      vertex -4.225362e+001  2.127502e+001  0.000000e+000
      vertex -4.249749e+001  2.120104e+001  0.000000e+000
    endloop
  endfacet
  facet normal  -0.000000e+000  0.000000e+000 -1.000000e+000
    outer loop
      vertex -4.800000e+001  2.500000e+001  0.000000e+000
      vertex -4.249749e+001  2.120104e+001  0.000000e+000
      vertex -4.272224e+001  2.108091e+001  0.000000e+000
    endloop
  endfacet
  facet normal  -0.000000e+000  0.000000e+000 -1.000000e+000
    outer loop
      vertex -4.800000e+001  2.500000e+001  0.000000e+000
      vertex -4.272224e+001  2.108091e+001  0.000000e+000
      vertex -4.291924e+001  2.091924e+001  0.000000e+000
    endloop
  endfacet
  facet normal  -0.000000e+000  0.000000e+000 -9.999999e-001
    outer loop
      vertex -4.800000e+001  2.500000e+001  0.000000e+000
      vertex -4.291924e+001  2.091924e+001  0.000000e+000
      vertex -4.308091e+001  2.072224e+001  0.000000e+000
    endloop
  endfacet
  facet normal  -0.000000e+000  0.000000e+000 -1.000000e+000
    outer loop
      vertex -4.800000e+001  2.500000e+001  0.000000e+000
      vertex -4.308091e+001  2.072224e+001  0.000000e+000
      vertex -4.320104e+001  2.049749e+001  0.000000e+000
    endloop
  endfacet
  facet normal  -0.000000e+000  0.000000e+000 -1.000000e+000
    outer loop
      vertex -4.800000e+001  2.500000e+001  0.000000e+000
      vertex -4.320104e+001  2.049749e+001  0.000000e+000
      vertex -4.327502e+001  2.025362e+001  0.000000e+000
    endloop
  endfacet
  facet normal  -0.000000e+000  0.000000e+000 -1.000000e+000
    outer loop
      vertex -4.800000e+001  2.500000e+001  0.000000e+000
      vertex -4.327502e+001  2.025362e+001  0.000000e+000
      vertex -4.330000e+001  2.000000e+001  0.000000e+000
    endloop
  endfacet
  facet normal  -0.000000e+000  -0.000000e+000 -1.000000e+000
    outer loop
      vertex -4.800000e+001  2.500000e+001  0.000000e+000
      vertex -4.330000e+001  2.000000e+001  0.000000e+000
      vertex -4.330000e+001 -2.000000e+001  0.000000e+000
    endloop
  endfacet
  facet normal  0.000000e+000  0.000000e+000 -9.999999e-001
    outer loop
      vertex -4.800000e+001  2.500000e+001  0.000000e+000
      vertex -4.330000e+001 -2.000000e+001  0.000000e+000
      vertex -4.800000e+001  1.500000e+001  0.000000e+000
    endloop
  endfacet
  facet normal  -0.000000e+000  0.000000e+000 -1.000000e+000
    outer loop
      vertex -4.070000e+001 -2.000000e+001  0.000000e+000
      vertex  2.800000e+001 -2.670000e+001  0.000000e+000
      vertex  2.774638e+001 -2.672498e+001  0.000000e+000
    endloop
  endfacet
  facet normal  -0.000000e+000  0.000000e+000 -9.999999e-001
    outer loop
      vertex -4.070000e+001 -2.000000e+001  0.000000e+000
      vertex  2.774638e+001 -2.672498e+001  0.000000e+000
      vertex  2.750251e+001 -2.679896e+001  0.000000e+000
    endloop
  endfacet
  facet normal  -0.000000e+000  0.000000e+000 -1.000000e+000
    outer loop
      vertex -4.070000e+001 -2.000000e+001  0.000000e+000
      vertex  2.750251e+001 -2.679896e+001  0.000000e+000
      vertex  2.727776e+001 -2.691909e+001  0.000000e+000
    endloop
  endfacet
  facet normal  -0.000000e+000  0.000000e+000 -1.000000e+000
    outer loop
      vertex -4.070000e+001 -2.000000e+001  0.000000e+000
      vertex  2.727776e+001 -2.691909e+001  0.000000e+000
      vertex  2.708076e+001 -2.708076e+001  0.000000e+000
    endloop
  endfacet
  facet normal  -0.000000e+000  0.000000e+000 -1.000000e+000
    outer loop
      vertex -4.070000e+001 -2.000000e+001  0.000000e+000
      vertex  2.708076e+001 -2.708076e+001  0.000000e+000
      vertex  2.691909e+001 -2.727776e+001  0.000000e+000
    endloop
  endfacet
  facet normal  -0.000000e+000  0.000000e+000 -1.000000e+000
    outer loop
      vertex -4.070000e+001 -2.000000e+001  0.000000e+000
      vertex  2.691909e+001 -2.727776e+001  0.000000e+000
      vertex  2.679896e+001 -2.750251e+001  0.000000e+000
    endloop
  endfacet
  facet normal  -0.000000e+000  0.000000e+000 -1.000000e+000
    outer loop
      vertex -4.070000e+001 -2.000000e+001  0.000000e+000
      vertex  2.679896e+001 -2.750251e+001  0.000000e+000
      vertex  2.672498e+001 -2.774638e+001  0.000000e+000
    endloop
  endfacet
  facet normal  -0.000000e+000  0.000000e+000 -1.000000e+000
    outer loop
      vertex -4.070000e+001 -2.000000e+001  0.000000e+000
      vertex  2.672498e+001 -2.774638e+001  0.000000e+000
      vertex  2.670000e+001 -2.800000e+001  0.000000e+000
    endloop
  endfacet
  facet normal  0.000000e+000  0.000000e+000 -1.000000e+000
    outer loop
      vertex  2.800000e+001 -2.670000e+001  0.000000e+000
      vertex -4.070000e+001 -2.000000e+001  0.000000e+000
      vertex -4.070000e+001  2.000000e+001  0.000000e+000
    endloop
  endfacet
  facet normal  0.000000e+000  0.000000e+000 -1.000000e+000
    outer loop
      vertex  2.800000e+001 -2.670000e+001  0.000000e+000
      vertex -4.070000e+001  2.000000e+001  0.000000e+000
      vertex -1.700000e+001  2.100000e+001  0.000000e+000
    endloop
  endfacet
  facet normal  0.000000e+000  0.000000e+000 -1.000000e+000
    outer loop
      vertex  2.800000e+001 -2.670000e+001  0.000000e+000
      vertex -1.700000e+001  2.100000e+001  0.000000e+000
      vertex  1.300000e+001  2.100000e+001  0.000000e+000
    endloop
  endfacet
  facet normal  0.000000e+000  0.000000e+000 -1.000000e+000
    outer loop
      vertex  2.800000e+001 -2.670000e+001  0.000000e+000
      vertex  1.300000e+001  2.100000e+001  0.000000e+000
      vertex  2.800000e+001  2.670000e+001  0.000000e+000
    endloop
  endfacet
  facet normal  0.000000e+000  0.000000e+000 -1.000000e+000
    outer loop
      vertex  2.800000e+001 -2.670000e+001  0.000000e+000
      vertex  2.800000e+001  2.670000e+001  0.000000e+000
      vertex  2.825362e+001  2.672498e+001  0.000000e+000
    endloop
  endfacet
  facet normal  0.000000e+000  -0.000000e+000 -1.000000e+000
    outer loop
      vertex  2.800000e+001 -2.670000e+001  0.000000e+000
      vertex  2.825362e+001  2.672498e+001  0.000000e+000
      vertex  2.849749e+001  2.679896e+001  0.000000e+000
    endloop
  endfacet
  facet normal  0.000000e+000  -0.000000e+000 -1.000000e+000
    outer loop
      vertex  2.800000e+001 -2.670000e+001  0.000000e+000
      vertex  2.849749e+001  2.679896e+001  0.000000e+000
      vertex  2.872224e+001  2.691909e+001  0.000000e+000
    endloop
  endfacet
  facet normal  0.000000e+000  -0.000000e+000 -1.000000e+000
    outer loop
      vertex  2.800000e+001 -2.670000e+001  0.000000e+000
      vertex  2.872224e+001  2.691909e+001  0.000000e+000
      vertex  2.891924e+001  2.708076e+001  0.000000e+000
    endloop
  endfacet
  facet normal  0.000000e+000  -0.000000e+000 -1.000000e+000
    outer loop
      vertex  2.800000e+001 -2.670000e+001  0.000000e+000
      vertex  2.891924e+001  2.708076e+001  0.000000e+000
      vertex  2.908091e+001  2.727776e+001  0.000000e+000
    endloop
  endfacet
  facet normal  0.000000e+000  -0.000000e+000 -1.000000e+000
    outer loop
      vertex  2.800000e+001 -2.670000e+001  0.000000e+000
      vertex  2.908091e+001  2.727776e+001  0.000000e+000
      vertex  2.920104e+001  2.750251e+001  0.000000e+000
    endloop
  endfacet
  facet normal  0.000000e+000  -0.000000e+000 -1.000000e+000
    outer loop
      vertex  2.800000e+001 -2.670000e+001  0.000000e+000
      vertex  2.920104e+001  2.750251e+001  0.000000e+000
      vertex  2.927502e+001  2.774638e+001  0.000000e+000
    endloop
  endfacet
  facet normal  0.000000e+000  -0.000000e+000 -1.000000e+000
    outer loop
      vertex  2.800000e+001 -2.670000e+001  0.000000e+000
      vertex  2.927502e+001  2.774638e+001  0.000000e+000
      vertex  2.930000e+001  2.800000e+001  0.000000e+000
    endloop
  endfacet
  facet normal -1.817770e-016 -5.992430e-016 -1.000000e+000
    outer loop
      vertex  3.514000e+001 -3.300000e+001  8.881784e-016
      vertex  2.750251e+001 -2.920104e+001  0.000000e+000
      vertex  2.774638e+001 -2.927502e+001  0.000000e+000
    endloop
  endfacet
  facet normal -2.918989e-017 -2.963767e-016 -1.000000e+000
    outer loop
      vertex  3.514000e+001 -3.300000e+001  8.881784e-016
      vertex  2.774638e+001 -2.927502e+001  0.000000e+000
      vertex  2.800000e+001 -2.930000e+001  0.000000e+000
    endloop
  endfacet
  facet normal  1.986638e-017 -2.017114e-016 -1.000000e+000
    outer loop
      vertex  3.514000e+001 -3.300000e+001  8.881784e-016
      vertex  2.800000e+001 -2.930000e+001  0.000000e+000
      vertex  2.825362e+001 -2.927502e+001  0.000000e+000
    endloop
  endfacet
  facet normal  4.634114e-017 -1.527675e-016 -1.000000e+000
    outer loop
      vertex  3.514000e+001 -3.300000e+001  8.881784e-016
      vertex  2.825362e+001 -2.927502e+001  0.000000e+000
      vertex  2.849749e+001 -2.920104e+001  0.000000e+000
    endloop
  endfacet
  facet normal  6.459592e-017 -1.208488e-016 -9.999999e-001
    outer loop
      vertex  3.514000e+001 -3.300000e+001  8.881784e-016
      vertex  2.849749e+001 -2.920104e+001  0.000000e+000
      vertex  2.872224e+001 -2.908091e+001  0.000000e+000
    endloop
  endfacet
  facet normal  7.934954e-017 -9.668882e-017 -1.000000e+000
    outer loop
      vertex  3.514000e+001 -3.300000e+001  8.881784e-016
      vertex  2.872224e+001 -2.908091e+001  0.000000e+000
      vertex  2.891924e+001 -2.891924e+001  0.000000e+000
    endloop
  endfacet
  facet normal  9.281137e-017 -7.616744e-017 -1.000000e+000
    outer loop
      vertex  3.514000e+001 -3.300000e+001  8.881784e-016
      vertex  2.891924e+001 -2.891924e+001  0.000000e+000
      vertex  2.908091e+001 -2.872224e+001  0.000000e+000
    endloop
  endfacet
  facet normal  1.064244e-016 -5.688580e-017 -1.000000e+000
    outer loop
      vertex  3.514000e+001 -3.300000e+001  8.881784e-016
      vertex  2.908091e+001 -2.872224e+001  0.000000e+000
      vertex  2.920104e+001 -2.849749e+001  0.000000e+000
    endloop
  endfacet
  facet normal  1.215889e-016 -3.688330e-017 -1.000000e+000
    outer loop
      vertex  3.514000e+001 -3.300000e+001  8.881784e-016
      vertex  2.920104e+001 -2.849749e+001  0.000000e+000
      vertex  2.927502e+001 -2.825362e+001  0.000000e+000
    endloop
  endfacet
  facet normal  1.402584e-016 -1.381392e-017 -1.000000e+000
    outer loop
      vertex  3.514000e+001 -3.300000e+001  8.881784e-016
      vertex  2.927502e+001 -2.825362e+001  0.000000e+000
      vertex  2.930000e+001 -2.800000e+001  0.000000e+000
    endloop
  endfacet
  facet normal  1.660906e-016  1.635811e-017 -1.000000e+000
    outer loop
      vertex  3.514000e+001 -3.300000e+001  8.881784e-016
      vertex  2.930000e+001 -2.800000e+001  0.000000e+000
      vertex  2.927502e+001 -2.774638e+001  0.000000e+000
    endloop
  endfacet
  facet normal  2.079399e-016  6.307738e-017 -1.000000e+000
    outer loop
      vertex  3.514000e+001 -3.300000e+001  8.881784e-016
      vertex  2.927502e+001 -2.774638e+001  0.000000e+000
      vertex  2.920104e+001 -2.750251e+001  0.000000e+000
    endloop
  endfacet
  facet normal  2.960155e-016  1.582258e-016 -1.000000e+000
    outer loop
      vertex  3.514000e+001 -3.300000e+001  8.881784e-016
      vertex  2.920104e+001 -2.750251e+001  0.000000e+000
      vertex  2.908091e+001 -2.727776e+001  0.000000e+000
    endloop
  endfacet
  facet normal  6.516239e-016  5.347677e-016 -1.000000e+000
    outer loop
      vertex  3.514000e+001 -3.300000e+001  8.881784e-016
      vertex  2.908091e+001 -2.727776e+001  0.000000e+000
      vertex  2.891924e+001 -2.708076e+001  0.000000e+000
    endloop
  endfacet
  facet normal  0.000000e+000  0.000000e+000 -1.000000e+000
    outer loop
      vertex  2.514000e+001 -3.300000e+001  0.000000e+000
      vertex -4.800000e+001 -3.300000e+001  0.000000e+000
      vertex  2.670000e+001 -2.800000e+001  0.000000e+000
    endloop
  endfacet
  facet normal  0.000000e+000  -0.000000e+000 -1.000000e+000
    outer loop
      vertex  2.514000e+001 -3.300000e+001  0.000000e+000
      vertex  2.670000e+001 -2.800000e+001  0.000000e+000
      vertex  2.672498e+001 -2.825362e+001  0.000000e+000
    endloop
  endfacet
  facet normal  0.000000e+000  -0.000000e+000 -1.000000e+000
    outer loop
      vertex  2.514000e+001 -3.300000e+001  0.000000e+000
      vertex  2.672498e+001 -2.825362e+001  0.000000e+000
      vertex  2.679896e+001 -2.849749e+001  0.000000e+000
    endloop
  endfacet
  facet normal  0.000000e+000  -0.000000e+000 -1.000000e+000
    outer loop
      vertex  2.514000e+001 -3.300000e+001  0.000000e+000
      vertex  2.679896e+001 -2.849749e+001  0.000000e+000
      vertex  2.691909e+001 -2.872224e+001  0.000000e+000
    endloop
  endfacet
  facet normal  0.000000e+000  -0.000000e+000 -1.000000e+000
    outer loop
      vertex  2.514000e+001 -3.300000e+001  0.000000e+000
      vertex  2.691909e+001 -2.872224e+001  0.000000e+000
      vertex  2.708076e+001 -2.891924e+001  0.000000e+000
    endloop
  endfacet
  facet normal  0.000000e+000  -0.000000e+000 -1.000000e+000
    outer loop
      vertex  2.514000e+001 -3.300000e+001  0.000000e+000
      vertex  2.708076e+001 -2.891924e+001  0.000000e+000
      vertex  2.727776e+001 -2.908091e+001  0.000000e+000
    endloop
  endfacet
  facet normal  0.000000e+000  -0.000000e+000 -1.000000e+000
    outer loop
      vertex  2.514000e+001 -3.300000e+001  0.000000e+000
      vertex  2.727776e+001 -2.908091e+001  0.000000e+000
      vertex  2.750251e+001 -2.920104e+001  0.000000e+000
    endloop
  endfacet
  facet normal  8.881784e-017 -5.523446e-017 -1.000000e+000
    outer loop
      vertex  2.514000e+001 -3.300000e+001  0.000000e+000
      vertex  2.750251e+001 -2.920104e+001  0.000000e+000
      vertex  3.514000e+001 -3.300000e+001  8.881784e-016
    endloop
  endfacet
  facet normal  0.000000e+000  0.000000e+000 -1.000000e+000
    outer loop
      vertex  2.670000e+001 -2.800000e+001  0.000000e+000
      vertex -4.200000e+001 -2.130000e+001  0.000000e+000
      vertex -4.174638e+001 -2.127502e+001  0.000000e+000
    endloop
  endfacet
  facet normal  0.000000e+000  0.000000e+000 -1.000000e+000
    outer loop
      vertex  2.670000e+001 -2.800000e+001  0.000000e+000
      vertex -4.174638e+001 -2.127502e+001  0.000000e+000
      vertex -4.150251e+001 -2.120104e+001  0.000000e+000
    endloop
  endfacet
  facet normal  0.000000e+000  0.000000e+000 -1.000000e+000
    outer loop
      vertex  2.670000e+001 -2.800000e+001  0.000000e+000
      vertex -4.150251e+001 -2.120104e+001  0.000000e+000
      vertex -4.127776e+001 -2.108091e+001  0.000000e+000
    endloop
  endfacet
  facet normal  0.000000e+000  0.000000e+000 -1.000000e+000
    outer loop
      vertex  2.670000e+001 -2.800000e+001  0.000000e+000
      vertex -4.127776e+001 -2.108091e+001  0.000000e+000
      vertex -4.108076e+001 -2.091924e+001  0.000000e+000
    endloop
  endfacet
  facet normal  0.000000e+000  0.000000e+000 -1.000000e+000
    outer loop
      vertex  2.670000e+001 -2.800000e+001  0.000000e+000
      vertex -4.108076e+001 -2.091924e+001  0.000000e+000
      vertex -4.091909e+001 -2.072224e+001  0.000000e+000
    endloop
  endfacet
  facet normal  0.000000e+000  0.000000e+000 -1.000000e+000
    outer loop
      vertex  2.670000e+001 -2.800000e+001  0.000000e+000
      vertex -4.091909e+001 -2.072224e+001  0.000000e+000
      vertex -4.079896e+001 -2.049749e+001  0.000000e+000
    endloop
  endfacet
  facet normal  0.000000e+000  0.000000e+000 -1.000000e+000
    outer loop
      vertex  2.670000e+001 -2.800000e+001  0.000000e+000
      vertex -4.079896e+001 -2.049749e+001  0.000000e+000
      vertex -4.072498e+001 -2.025362e+001  0.000000e+000
    endloop
  endfacet
  facet normal  0.000000e+000  0.000000e+000 -1.000000e+000
    outer loop
      vertex  2.670000e+001 -2.800000e+001  0.000000e+000
      vertex -4.072498e+001 -2.025362e+001  0.000000e+000
      vertex -4.070000e+001 -2.000000e+001  0.000000e+000
    endloop
  endfacet
  facet normal  1.776357e-016  1.104689e-016 -1.000000e+000
    outer loop
      vertex  2.514000e+001  3.300000e+001  0.000000e+000
      vertex  3.514000e+001  3.300000e+001  1.776357e-015
      vertex  2.750251e+001  2.920104e+001  0.000000e+000
    endloop
  endfacet
  facet normal  -0.000000e+000  0.000000e+000 -1.000000e+000
    outer loop
      vertex  2.514000e+001  3.300000e+001  0.000000e+000
      vertex  2.750251e+001  2.920104e+001  0.000000e+000
      vertex  2.727776e+001  2.908091e+001  0.000000e+000
    endloop
  endfacet
  facet normal  -0.000000e+000  0.000000e+000 -1.000000e+000
    outer loop
      vertex  2.514000e+001  3.300000e+001  0.000000e+000
      vertex  2.727776e+001  2.908091e+001  0.000000e+000
      vertex  2.708076e+001  2.891924e+001  0.000000e+000
    endloop
  endfacet
  facet normal  -0.000000e+000  0.000000e+000 -1.000000e+000
    outer loop
      vertex  2.514000e+001  3.300000e+001  0.000000e+000
      vertex  2.708076e+001  2.891924e+001  0.000000e+000
      vertex  2.691909e+001  2.872224e+001  0.000000e+000
    endloop
  endfacet
  facet normal  -0.000000e+000  0.000000e+000 -1.000000e+000
    outer loop
      vertex  2.514000e+001  3.300000e+001  0.000000e+000
      vertex  2.691909e+001  2.872224e+001  0.000000e+000
      vertex  2.679896e+001  2.849749e+001  0.000000e+000
    endloop
  endfacet
  facet normal  -0.000000e+000  0.000000e+000 -9.999999e-001
    outer loop
      vertex  2.514000e+001  3.300000e+001  0.000000e+000
      vertex  2.679896e+001  2.849749e+001  0.000000e+000
      vertex  2.672498e+001  2.825362e+001  0.000000e+000
    endloop
  endfacet
  facet normal  -0.000000e+000  0.000000e+000 -1.000000e+000
    outer loop
      vertex  2.514000e+001  3.300000e+001  0.000000e+000
      vertex  2.672498e+001  2.825362e+001  0.000000e+000
      vertex  2.670000e+001  2.800000e+001  0.000000e+000
    endloop
  endfacet
  facet normal  0.000000e+000  0.000000e+000 -9.999999e-001
    outer loop
      vertex -4.200000e+001  1.870000e+001  0.000000e+000
      vertex -4.225362e+001 -1.872498e+001  0.000000e+000
      vertex -4.225362e+001  1.872498e+001  0.000000e+000
    endloop
  endfacet
  facet normal  0.000000e+000  -0.000000e+000 -1.000000e+000
    outer loop
      vertex -4.225362e+001  1.872498e+001  0.000000e+000
      vertex -4.225362e+001 -1.872498e+001  0.000000e+000
      vertex -4.249749e+001 -1.879896e+001  0.000000e+000
    endloop
  endfacet
  facet normal  0.000000e+000  0.000000e+000 -1.000000e+000
    outer loop
      vertex -4.225362e+001  1.872498e+001  0.000000e+000
      vertex -4.249749e+001 -1.879896e+001  0.000000e+000
      vertex -4.249749e+001  1.879896e+001  0.000000e+000
    endloop
  endfacet
  facet normal  0.000000e+000  -0.000000e+000 -1.000000e+000
    outer loop
      vertex -4.249749e+001  1.879896e+001  0.000000e+000
      vertex -4.249749e+001 -1.879896e+001  0.000000e+000
      vertex -4.272224e+001 -1.891909e+001  0.000000e+000
    endloop
  endfacet
  facet normal  0.000000e+000  0.000000e+000 -1.000000e+000
    outer loop
      vertex -4.249749e+001  1.879896e+001  0.000000e+000
      vertex -4.272224e+001 -1.891909e+001  0.000000e+000
      vertex -4.272224e+001  1.891909e+001  0.000000e+000
    endloop
  endfacet
  facet normal  0.000000e+000  -0.000000e+000 -9.999999e-001
    outer loop
      vertex -4.272224e+001  1.891909e+001  0.000000e+000
      vertex -4.272224e+001 -1.891909e+001  0.000000e+000
      vertex -4.291924e+001 -1.908076e+001  0.000000e+000
    endloop
  endfacet
  facet normal  0.000000e+000  0.000000e+000 -9.999999e-001
    outer loop
      vertex -4.272224e+001  1.891909e+001  0.000000e+000
      vertex -4.291924e+001 -1.908076e+001  0.000000e+000
      vertex -4.291924e+001  1.908076e+001  0.000000e+000
    endloop
  endfacet
  facet normal  0.000000e+000  -0.000000e+000 -1.000000e+000
    outer loop
      vertex -4.291924e+001  1.908076e+001  0.000000e+000
      vertex -4.291924e+001 -1.908076e+001  0.000000e+000
      vertex -4.308091e+001 -1.927776e+001  0.000000e+000
    endloop
  endfacet
  facet normal  0.000000e+000  0.000000e+000 -1.000000e+000
    outer loop
      vertex -4.291924e+001  1.908076e+001  0.000000e+000
      vertex -4.308091e+001 -1.927776e+001  0.000000e+000
      vertex -4.308091e+001  1.927776e+001  0.000000e+000
    endloop
  endfacet
  facet normal  0.000000e+000  -0.000000e+000 -1.000000e+000
    outer loop
      vertex -4.308091e+001  1.927776e+001  0.000000e+000
      vertex -4.308091e+001 -1.927776e+001  0.000000e+000
      vertex -4.320104e+001 -1.950251e+001  0.000000e+000
    endloop
  endfacet
  facet normal  0.000000e+000  0.000000e+000 -1.000000e+000
    outer loop
      vertex -4.308091e+001  1.927776e+001  0.000000e+000
      vertex -4.320104e+001 -1.950251e+001  0.000000e+000
      vertex -4.320104e+001  1.950251e+001  0.000000e+000
    endloop
  endfacet
  facet normal  0.000000e+000  -0.000000e+000 -1.000000e+000
    outer loop
      vertex -4.320104e+001  1.950251e+001  0.000000e+000
      vertex -4.320104e+001 -1.950251e+001  0.000000e+000
      vertex -4.327502e+001 -1.974638e+001  0.000000e+000
    endloop
  endfacet
  facet normal  0.000000e+000  0.000000e+000 -1.000000e+000
    outer loop
      vertex -4.320104e+001  1.950251e+001  0.000000e+000
      vertex -4.327502e+001 -1.974638e+001  0.000000e+000
      vertex -4.327502e+001  1.974638e+001  0.000000e+000
    endloop
  endfacet
  facet normal  0.000000e+000  -0.000000e+000 -1.000000e+000
    outer loop
      vertex -4.327502e+001  1.974638e+001  0.000000e+000
      vertex -4.327502e+001 -1.974638e+001  0.000000e+000
      vertex -4.330000e+001 -2.000000e+001  0.000000e+000
    endloop
  endfacet
  facet normal  0.000000e+000  0.000000e+000 -1.000000e+000
    outer loop
      vertex -4.327502e+001  1.974638e+001  0.000000e+000
      vertex -4.330000e+001 -2.000000e+001  0.000000e+000
      vertex -4.330000e+001  2.000000e+001  0.000000e+000
    endloop
  endfacet
  facet normal  0.000000e+000  -0.000000e+000 -1.000000e+000
    outer loop
      vertex -4.225362e+001 -1.872498e+001  0.000000e+000
      vertex -4.200000e+001  1.870000e+001  0.000000e+000
      vertex -4.200000e+001 -1.870000e+001  0.000000e+000
    endloop
  endfacet
  facet normal  0.000000e+000  0.000000e+000 -1.000000e+000
    outer loop
      vertex -4.200000e+001 -1.870000e+001  0.000000e+000
      vertex -4.200000e+001  1.870000e+001  0.000000e+000
      vertex -4.174638e+001  1.872498e+001  0.000000e+000
    endloop
  endfacet
  facet normal  0.000000e+000  -0.000000e+000 -9.999999e-001
    outer loop
      vertex -4.200000e+001 -1.870000e+001  0.000000e+000
      vertex -4.174638e+001  1.872498e+001  0.000000e+000
      vertex -4.174638e+001 -1.872498e+001  0.000000e+000
    endloop
  endfacet
  facet normal  0.000000e+000  0.000000e+000 -1.000000e+000
    outer loop
      vertex -4.174638e+001 -1.872498e+001  0.000000e+000
      vertex -4.174638e+001  1.872498e+001  0.000000e+000
      vertex -4.150251e+001  1.879896e+001  0.000000e+000
    endloop
  endfacet
  facet normal  0.000000e+000  -0.000000e+000 -1.000000e+000
    outer loop
      vertex -4.174638e+001 -1.872498e+001  0.000000e+000
      vertex -4.150251e+001  1.879896e+001  0.000000e+000
      vertex -4.150251e+001 -1.879896e+001  0.000000e+000
    endloop
  endfacet
  facet normal  0.000000e+000  0.000000e+000 -1.000000e+000
    outer loop
      vertex -4.150251e+001 -1.879896e+001  0.000000e+000
      vertex -4.150251e+001  1.879896e+001  0.000000e+000
      vertex -4.127776e+001  1.891909e+001  0.000000e+000
    endloop
  endfacet
  facet normal  0.000000e+000  -0.000000e+000 -1.000000e+000
    outer loop
      vertex -4.150251e+001 -1.879896e+001  0.000000e+000
      vertex -4.127776e+001  1.891909e+001  0.000000e+000
      vertex -4.127776e+001 -1.891909e+001  0.000000e+000
    endloop
  endfacet
  facet normal  0.000000e+000  0.000000e+000 -9.999999e-001
    outer loop
      vertex -4.127776e+001 -1.891909e+001  0.000000e+000
      vertex -4.127776e+001  1.891909e+001  0.000000e+000
      vertex -4.108076e+001  1.908076e+001  0.000000e+000
    endloop
  endfacet
  facet normal  0.000000e+000  -0.000000e+000 -9.999999e-001
    outer loop
      vertex -4.127776e+001 -1.891909e+001  0.000000e+000
      vertex -4.108076e+001  1.908076e+001  0.000000e+000
      vertex -4.108076e+001 -1.908076e+001  0.000000e+000
    endloop
  endfacet
  facet normal  0.000000e+000  0.000000e+000 -1.000000e+000
    outer loop
      vertex -4.108076e+001 -1.908076e+001  0.000000e+000
      vertex -4.108076e+001  1.908076e+001  0.000000e+000
      vertex -4.091909e+001  1.927776e+001  0.000000e+000
    endloop
  endfacet
  facet normal  0.000000e+000  -0.000000e+000 -1.000000e+000
    outer loop
      vertex -4.108076e+001 -1.908076e+001  0.000000e+000
      vertex -4.091909e+001  1.927776e+001  0.000000e+000
      vertex -4.091909e+001 -1.927776e+001  0.000000e+000
    endloop
  endfacet
  facet normal  0.000000e+000  0.000000e+000 -1.000000e+000
    outer loop
      vertex -4.091909e+001 -1.927776e+001  0.000000e+000
      vertex -4.091909e+001  1.927776e+001  0.000000e+000
      vertex -4.079896e+001  1.950251e+001  0.000000e+000
    endloop
  endfacet
  facet normal  0.000000e+000  -0.000000e+000 -1.000000e+000
    outer loop
      vertex -4.091909e+001 -1.927776e+001  0.000000e+000
      vertex -4.079896e+001  1.950251e+001  0.000000e+000
      vertex -4.079896e+001 -1.950251e+001  0.000000e+000
    endloop
  endfacet
  facet normal  0.000000e+000  0.000000e+000 -1.000000e+000
    outer loop
      vertex -4.079896e+001 -1.950251e+001  0.000000e+000
      vertex -4.079896e+001  1.950251e+001  0.000000e+000
      vertex -4.072498e+001  1.974638e+001  0.000000e+000
    endloop
  endfacet
  facet normal  0.000000e+000  -0.000000e+000 -1.000000e+000
    outer loop
      vertex -4.079896e+001 -1.950251e+001  0.000000e+000
      vertex -4.072498e+001  1.974638e+001  0.000000e+000
      vertex -4.072498e+001 -1.974638e+001  0.000000e+000
    endloop
  endfacet
  facet normal  0.000000e+000  0.000000e+000 -1.000000e+000
    outer loop
      vertex -4.072498e+001 -1.974638e+001  0.000000e+000
      vertex -4.072498e+001  1.974638e+001  0.000000e+000
      vertex -4.070000e+001  2.000000e+001  0.000000e+000
    endloop
  endfacet
  facet normal  0.000000e+000  -0.000000e+000 -1.000000e+000
    outer loop
      vertex -4.072498e+001 -1.974638e+001  0.000000e+000
      vertex -4.070000e+001  2.000000e+001  0.000000e+000
      vertex -4.070000e+001 -2.000000e+001  0.000000e+000
    endloop
  endfacet
  facet normal  0.000000e+000  -0.000000e+000  1.000000e+000
    outer loop
      vertex -4.308091e+001 -2.072224e+001  1.000000e+001
      vertex -4.294163e+001 -2.274287e+001  1.000000e+001
      vertex -4.291924e+001 -2.091924e+001  1.000000e+001
    endloop
  endfacet
  facet normal  0.000000e+000  -0.000000e+000  1.000000e+000
    outer loop
      vertex -4.174638e+001 -2.127502e+001  1.000000e+001
      vertex -4.152267e+001 -2.286045e+001  1.000000e+001
      vertex -4.150251e+001 -2.120104e+001  1.000000e+001
    endloop
  endfacet
  facet normal  0.000000e+000  0.000000e+000  1.000000e+000
    outer loop
      vertex -4.308091e+001 -1.927776e+001  1.000000e+001
      vertex -4.291924e+001 -1.908076e+001  1.000000e+001
      vertex -4.294163e+001 -1.725713e+001  1.000000e+001
    endloop
  endfacet
  facet normal  0.000000e+000  -0.000000e+000  1.000000e+000
    outer loop
      vertex -4.061975e+001 -2.255047e+001  1.000000e+001
      vertex -4.021878e+001 -2.228851e+001  1.000000e+001
      vertex -3.986640e+001 -2.196412e+001  1.000000e+001
    endloop
  endfacet
  facet normal  0.000000e+000  -0.000000e+000  9.999999e-001
    outer loop
      vertex -4.061975e+001 -2.255047e+001  1.000000e+001
      vertex -3.986640e+001 -2.196412e+001  1.000000e+001
      vertex -3.957222e+001 -2.158615e+001  1.000000e+001
    endloop
  endfacet
  facet normal  0.000000e+000  -0.000000e+000  1.000000e+000
    outer loop
      vertex -4.061975e+001 -2.255047e+001  1.000000e+001
      vertex -3.957222e+001 -2.158615e+001  1.000000e+001
      vertex -3.934426e+001 -2.116492e+001  1.000000e+001
    endloop
  endfacet
  facet normal  0.000000e+000  -0.000000e+000  1.000000e+000
    outer loop
      vertex -4.061975e+001 -2.255047e+001  1.000000e+001
      vertex -3.934426e+001 -2.116492e+001  1.000000e+001
      vertex -3.918874e+001 -2.071191e+001  1.000000e+001
    endloop
  endfacet
  facet normal  0.000000e+000  -0.000000e+000  1.000000e+000
    outer loop
      vertex -4.061975e+001 -2.255047e+001  1.000000e+001
      vertex -3.918874e+001 -2.071191e+001  1.000000e+001
      vertex -3.910991e+001 -2.023948e+001  1.000000e+001
    endloop
  endfacet
  facet normal  0.000000e+000  -0.000000e+000  1.000000e+000
    outer loop
      vertex -4.061975e+001 -2.255047e+001  1.000000e+001
      vertex -3.910991e+001 -2.023948e+001  1.000000e+001
      vertex -3.910991e+001 -1.976052e+001  1.000000e+001
    endloop
  endfacet
  facet normal  0.000000e+000  0.000000e+000  1.000000e+000
    outer loop
      vertex -4.061975e+001 -2.255047e+001  1.000000e+001
      vertex -3.910991e+001 -1.976052e+001  1.000000e+001
      vertex -4.070000e+001 -2.000000e+001  1.000000e+001
    endloop
  endfacet
  facet normal  0.000000e+000  0.000000e+000  1.000000e+000
    outer loop
      vertex -4.061975e+001 -2.255047e+001  1.000000e+001
      vertex -4.070000e+001 -2.000000e+001  1.000000e+001
      vertex -4.072498e+001 -2.025362e+001  1.000000e+001
    endloop
  endfacet
  facet normal  0.000000e+000  0.000000e+000  1.000000e+000
    outer loop
      vertex -4.061975e+001 -2.255047e+001  1.000000e+001
      vertex -4.072498e+001 -2.025362e+001  1.000000e+001
      vertex -4.079896e+001 -2.049749e+001  1.000000e+001
    endloop
  endfacet
  facet normal  0.000000e+000  0.000000e+000  1.000000e+000
    outer loop
      vertex -4.061975e+001 -2.255047e+001  1.000000e+001
      vertex -4.079896e+001 -2.049749e+001  1.000000e+001
      vertex -4.091909e+001 -2.072224e+001  1.000000e+001
    endloop
  endfacet
  facet normal  0.000000e+000  0.000000e+000  1.000000e+000
    outer loop
      vertex -4.061975e+001 -2.255047e+001  1.000000e+001
      vertex -4.091909e+001 -2.072224e+001  1.000000e+001
      vertex -4.108076e+001 -2.091924e+001  1.000000e+001
    endloop
  endfacet
  facet normal  0.000000e+000  0.000000e+000  1.000000e+000
    outer loop
      vertex -4.061975e+001 -2.255047e+001  1.000000e+001
      vertex -4.108076e+001 -2.091924e+001  1.000000e+001
      vertex -4.105837e+001 -2.274287e+001  1.000000e+001
    endloop
  endfacet
  facet normal  0.000000e+000  0.000000e+000  9.999999e-001
    outer loop
      vertex -4.070000e+001 -2.000000e+001  1.000000e+001
      vertex -3.910991e+001 -1.976052e+001  1.000000e+001
      vertex -3.918874e+001 -1.928809e+001  1.000000e+001
    endloop
  endfacet
  facet normal  0.000000e+000  0.000000e+000  1.000000e+000
    outer loop
      vertex -4.070000e+001 -2.000000e+001  1.000000e+001
      vertex -3.918874e+001 -1.928809e+001  1.000000e+001
      vertex -3.934426e+001 -1.883508e+001  1.000000e+001
    endloop
  endfacet
  facet normal  0.000000e+000  0.000000e+000  1.000000e+000
    outer loop
      vertex -4.070000e+001 -2.000000e+001  1.000000e+001
      vertex -3.934426e+001 -1.883508e+001  1.000000e+001
      vertex -3.957222e+001 -1.841385e+001  1.000000e+001
    endloop
  endfacet
  facet normal  0.000000e+000  0.000000e+000  1.000000e+000
    outer loop
      vertex -4.070000e+001 -2.000000e+001  1.000000e+001
      vertex -3.957222e+001 -1.841385e+001  1.000000e+001
      vertex -3.986640e+001 -1.803588e+001  1.000000e+001
    endloop
  endfacet
  facet normal  0.000000e+000  0.000000e+000  1.000000e+000
    outer loop
      vertex -4.070000e+001 -2.000000e+001  1.000000e+001
      vertex -3.986640e+001 -1.803588e+001  1.000000e+001
      vertex -4.021878e+001 -1.771149e+001  1.000000e+001
    endloop
  endfacet
  facet normal  0.000000e+000  0.000000e+000  1.000000e+000
    outer loop
      vertex -4.070000e+001 -2.000000e+001  1.000000e+001
      vertex -4.021878e+001 -1.771149e+001  1.000000e+001
      vertex -4.061975e+001 -1.744953e+001  1.000000e+001
    endloop
  endfacet
  facet normal  0.000000e+000  0.000000e+000  1.000000e+000
    outer loop
      vertex -4.330000e+001 -2.000000e+001  1.000000e+001
      vertex -4.327502e+001 -1.974638e+001  1.000000e+001
      vertex -4.338025e+001 -1.744953e+001  1.000000e+001
    endloop
  endfacet
  facet normal  0.000000e+000  0.000000e+000  1.000000e+000
    outer loop
      vertex -4.330000e+001 -2.000000e+001  1.000000e+001
      vertex -4.338025e+001 -1.744953e+001  1.000000e+001
      vertex -4.378122e+001 -1.771149e+001  1.000000e+001
    endloop
  endfacet
  facet normal  0.000000e+000  0.000000e+000  1.000000e+000
    outer loop
      vertex -4.330000e+001 -2.000000e+001  1.000000e+001
      vertex -4.378122e+001 -1.771149e+001  1.000000e+001
      vertex -4.413360e+001 -1.803588e+001  1.000000e+001
    endloop
  endfacet
  facet normal  0.000000e+000  0.000000e+000  1.000000e+000
    outer loop
      vertex -4.330000e+001 -2.000000e+001  1.000000e+001
      vertex -4.413360e+001 -1.803588e+001  1.000000e+001
      vertex -4.442778e+001 -1.841385e+001  1.000000e+001
    endloop
  endfacet
  facet normal  0.000000e+000  0.000000e+000  1.000000e+000
    outer loop
      vertex -4.330000e+001 -2.000000e+001  1.000000e+001
      vertex -4.442778e+001 -1.841385e+001  1.000000e+001
      vertex -4.465574e+001 -1.883508e+001  1.000000e+001
    endloop
  endfacet
  facet normal  0.000000e+000  0.000000e+000  9.999999e-001
    outer loop
      vertex -4.330000e+001 -2.000000e+001  1.000000e+001
      vertex -4.465574e+001 -1.883508e+001  1.000000e+001
      vertex -4.481126e+001 -1.928809e+001  1.000000e+001
    endloop
  endfacet
  facet normal  0.000000e+000  0.000000e+000  9.999999e-001
    outer loop
      vertex -4.330000e+001 -2.000000e+001  1.000000e+001
      vertex -4.481126e+001 -1.928809e+001  1.000000e+001
      vertex -4.489009e+001 -1.976052e+001  1.000000e+001
    endloop
  endfacet
  facet normal  0.000000e+000  0.000000e+000  9.999999e-001
    outer loop
      vertex -4.330000e+001 -2.000000e+001  1.000000e+001
      vertex -4.489009e+001 -1.976052e+001  1.000000e+001
      vertex -4.489009e+001 -2.023948e+001  1.000000e+001
    endloop
  endfacet
  facet normal  -0.000000e+000  0.000000e+000  9.999999e-001
    outer loop
      vertex -4.330000e+001 -2.000000e+001  1.000000e+001
      vertex -4.489009e+001 -2.023948e+001  1.000000e+001
      vertex -4.481126e+001 -2.071191e+001  1.000000e+001
    endloop
  endfacet
  facet normal  -0.000000e+000  0.000000e+000  1.000000e+000
    outer loop
      vertex -4.330000e+001 -2.000000e+001  1.000000e+001
      vertex -4.481126e+001 -2.071191e+001  1.000000e+001
      vertex -4.465574e+001 -2.116492e+001  1.000000e+001
    endloop
  endfacet
  facet normal  -0.000000e+000  0.000000e+000  1.000000e+000
    outer loop
      vertex -4.330000e+001 -2.000000e+001  1.000000e+001
      vertex -4.465574e+001 -2.116492e+001  1.000000e+001
      vertex -4.442778e+001 -2.158615e+001  1.000000e+001
    endloop
  endfacet
  facet normal  -0.000000e+000  0.000000e+000  1.000000e+000
    outer loop
      vertex -4.330000e+001 -2.000000e+001  1.000000e+001
      vertex -4.442778e+001 -2.158615e+001  1.000000e+001
      vertex -4.413360e+001 -2.196412e+001  1.000000e+001
    endloop
  endfacet
  facet normal  -0.000000e+000  0.000000e+000  1.000000e+000
    outer loop
      vertex -4.330000e+001 -2.000000e+001  1.000000e+001
      vertex -4.413360e+001 -2.196412e+001  1.000000e+001
      vertex -4.378122e+001 -2.228851e+001  1.000000e+001
    endloop
  endfacet
  facet normal  -0.000000e+000  0.000000e+000  1.000000e+000
    outer loop
      vertex -4.330000e+001 -2.000000e+001  1.000000e+001
      vertex -4.378122e+001 -2.228851e+001  1.000000e+001
      vertex -4.338025e+001 -2.255047e+001  1.000000e+001
    endloop
  endfacet
  facet normal  0.000000e+000  0.000000e+000  1.000000e+000
    outer loop
      vertex -4.330000e+001 -2.000000e+001  1.000000e+001
      vertex -4.338025e+001 -2.255047e+001  1.000000e+001
      vertex -4.327502e+001 -2.025362e+001  1.000000e+001
    endloop
  endfacet
  facet normal  0.000000e+000  0.000000e+000  1.000000e+000
    outer loop
      vertex -4.247733e+001 -2.286045e+001  1.000000e+001
      vertex -4.200000e+001 -2.290000e+001  1.000000e+001
      vertex -4.225362e+001 -2.127502e+001  1.000000e+001
    endloop
  endfacet
  facet normal  0.000000e+000  0.000000e+000  1.000000e+000
    outer loop
      vertex -4.247733e+001 -2.286045e+001  1.000000e+001
      vertex -4.225362e+001 -2.127502e+001  1.000000e+001
      vertex -4.249749e+001 -2.120104e+001  1.000000e+001
    endloop
  endfacet
  facet normal  0.000000e+000  0.000000e+000  1.000000e+000
    outer loop
      vertex -4.247733e+001 -2.286045e+001  1.000000e+001
      vertex -4.249749e+001 -2.120104e+001  1.000000e+001
      vertex -4.272224e+001 -2.108091e+001  1.000000e+001
    endloop
  endfacet
  facet normal  0.000000e+000  0.000000e+000  9.999999e-001
    outer loop
      vertex -4.247733e+001 -2.286045e+001  1.000000e+001
      vertex -4.272224e+001 -2.108091e+001  1.000000e+001
      vertex -4.291924e+001 -2.091924e+001  1.000000e+001
    endloop
  endfacet
  facet normal  0.000000e+000  0.000000e+000  1.000000e+000
    outer loop
      vertex -4.247733e+001 -2.286045e+001  1.000000e+001
      vertex -4.291924e+001 -2.091924e+001  1.000000e+001
      vertex -4.294163e+001 -2.274287e+001  1.000000e+001
    endloop
  endfacet
  facet normal  0.000000e+000  0.000000e+000  1.000000e+000
    outer loop
      vertex -4.105837e+001 -2.274287e+001  1.000000e+001
      vertex -4.108076e+001 -2.091924e+001  1.000000e+001
      vertex -4.127776e+001 -2.108091e+001  1.000000e+001
    endloop
  endfacet
  facet normal  0.000000e+000  0.000000e+000  1.000000e+000
    outer loop
      vertex -4.105837e+001 -2.274287e+001  1.000000e+001
      vertex -4.127776e+001 -2.108091e+001  1.000000e+001
      vertex -4.150251e+001 -2.120104e+001  1.000000e+001
    endloop
  endfacet
  facet normal  0.000000e+000  0.000000e+000  1.000000e+000
    outer loop
      vertex -4.105837e+001 -2.274287e+001  1.000000e+001
      vertex -4.150251e+001 -2.120104e+001  1.000000e+001
      vertex -4.152267e+001 -2.286045e+001  1.000000e+001
    endloop
  endfacet
  facet normal  0.000000e+000  0.000000e+000  9.999999e-001
    outer loop
      vertex -4.061975e+001 -1.744953e+001  1.000000e+001
      vertex -4.105837e+001 -1.725713e+001  1.000000e+001
      vertex -4.108076e+001 -1.908076e+001  1.000000e+001
    endloop
  endfacet
  facet normal  -0.000000e+000  0.000000e+000  1.000000e+000
    outer loop
      vertex -4.061975e+001 -1.744953e+001  1.000000e+001
      vertex -4.108076e+001 -1.908076e+001  1.000000e+001
      vertex -4.091909e+001 -1.927776e+001  1.000000e+001
    endloop
  endfacet
  facet normal  -0.000000e+000  0.000000e+000  1.000000e+000
    outer loop
      vertex -4.061975e+001 -1.744953e+001  1.000000e+001
      vertex -4.091909e+001 -1.927776e+001  1.000000e+001
      vertex -4.079896e+001 -1.950251e+001  1.000000e+001
    endloop
  endfacet
  facet normal  -0.000000e+000  0.000000e+000  1.000000e+000
    outer loop
      vertex -4.061975e+001 -1.744953e+001  1.000000e+001
      vertex -4.079896e+001 -1.950251e+001  1.000000e+001
      vertex -4.072498e+001 -1.974638e+001  1.000000e+001
    endloop
  endfacet
  facet normal  -0.000000e+000  0.000000e+000  1.000000e+000
    outer loop
      vertex -4.061975e+001 -1.744953e+001  1.000000e+001
      vertex -4.072498e+001 -1.974638e+001  1.000000e+001
      vertex -4.070000e+001 -2.000000e+001  1.000000e+001
    endloop
  endfacet
  facet normal  0.000000e+000  0.000000e+000  1.000000e+000
    outer loop
      vertex -4.327502e+001 -2.025362e+001  1.000000e+001
      vertex -4.338025e+001 -2.255047e+001  1.000000e+001
      vertex -4.320104e+001 -2.049749e+001  1.000000e+001
    endloop
  endfacet
  facet normal  0.000000e+000  0.000000e+000  1.000000e+000
    outer loop
      vertex -4.320104e+001 -2.049749e+001  1.000000e+001
      vertex -4.338025e+001 -2.255047e+001  1.000000e+001
      vertex -4.294163e+001 -2.274287e+001  1.000000e+001
    endloop
  endfacet
  facet normal  0.000000e+000  0.000000e+000  1.000000e+000
    outer loop
      vertex -4.320104e+001 -2.049749e+001  1.000000e+001
      vertex -4.294163e+001 -2.274287e+001  1.000000e+001
      vertex -4.308091e+001 -2.072224e+001  1.000000e+001
    endloop
  endfacet
  facet normal  0.000000e+000  0.000000e+000  1.000000e+000
    outer loop
      vertex -4.152267e+001 -2.286045e+001  1.000000e+001
      vertex -4.174638e+001 -2.127502e+001  1.000000e+001
      vertex -4.200000e+001 -2.290000e+001  1.000000e+001
    endloop
  endfacet
  facet normal  0.000000e+000  0.000000e+000  1.000000e+000
    outer loop
      vertex -4.200000e+001 -2.290000e+001  1.000000e+001
      vertex -4.174638e+001 -2.127502e+001  1.000000e+001
      vertex -4.200000e+001 -2.130000e+001  1.000000e+001
    endloop
  endfacet
  facet normal  0.000000e+000  0.000000e+000  1.000000e+000
    outer loop
      vertex -4.200000e+001 -2.290000e+001  1.000000e+001
      vertex -4.200000e+001 -2.130000e+001  1.000000e+001
      vertex -4.225362e+001 -2.127502e+001  1.000000e+001
    endloop
  endfacet
  facet normal  0.000000e+000  -0.000000e+000  1.000000e+000
    outer loop
      vertex -4.338025e+001 -1.744953e+001  1.000000e+001
      vertex -4.327502e+001 -1.974638e+001  1.000000e+001
      vertex -4.294163e+001 -1.725713e+001  1.000000e+001
    endloop
  endfacet
  facet normal  0.000000e+000  0.000000e+000  9.999999e-001
    outer loop
      vertex -4.294163e+001 -1.725713e+001  1.000000e+001
      vertex -4.327502e+001 -1.974638e+001  1.000000e+001
      vertex -4.320104e+001 -1.950251e+001  1.000000e+001
    endloop
  endfacet
  facet normal  0.000000e+000  0.000000e+000  1.000000e+000
    outer loop
      vertex -4.294163e+001 -1.725713e+001  1.000000e+001
      vertex -4.320104e+001 -1.950251e+001  1.000000e+001
      vertex -4.308091e+001 -1.927776e+001  1.000000e+001
    endloop
  endfacet
  facet normal  0.000000e+000  -0.000000e+000  1.000000e+000
    outer loop
      vertex -4.294163e+001 -1.725713e+001  1.000000e+001
      vertex -4.291924e+001 -1.908076e+001  1.000000e+001
      vertex -4.247733e+001 -1.713955e+001  1.000000e+001
    endloop
  endfacet
  facet normal  0.000000e+000  0.000000e+000  9.999999e-001
    outer loop
      vertex -4.247733e+001 -1.713955e+001  1.000000e+001
      vertex -4.291924e+001 -1.908076e+001  1.000000e+001
      vertex -4.272224e+001 -1.891909e+001  1.000000e+001
    endloop
  endfacet
  facet normal  0.000000e+000  0.000000e+000  1.000000e+000
    outer loop
      vertex -4.247733e+001 -1.713955e+001  1.000000e+001
      vertex -4.272224e+001 -1.891909e+001  1.000000e+001
      vertex -4.249749e+001 -1.879896e+001  1.000000e+001
    endloop
  endfacet
  facet normal  0.000000e+000  0.000000e+000  1.000000e+000
    outer loop
      vertex -4.247733e+001 -1.713955e+001  1.000000e+001
      vertex -4.249749e+001 -1.879896e+001  1.000000e+001
      vertex -4.200000e+001 -1.710000e+001  1.000000e+001
    endloop
  endfacet
  facet normal  0.000000e+000  0.000000e+000  1.000000e+000
    outer loop
      vertex -4.200000e+001 -1.710000e+001  1.000000e+001
      vertex -4.249749e+001 -1.879896e+001  1.000000e+001
      vertex -4.225362e+001 -1.872498e+001  1.000000e+001
    endloop
  endfacet
  facet normal  0.000000e+000  0.000000e+000  1.000000e+000
    outer loop
      vertex -4.200000e+001 -1.710000e+001  1.000000e+001
      vertex -4.225362e+001 -1.872498e+001  1.000000e+001
      vertex -4.200000e+001 -1.870000e+001  1.000000e+001
    endloop
  endfacet
  facet normal  0.000000e+000  0.000000e+000  9.999999e-001
    outer loop
      vertex -4.200000e+001 -1.710000e+001  1.000000e+001
      vertex -4.200000e+001 -1.870000e+001  1.000000e+001
      vertex -4.152267e+001 -1.713955e+001  1.000000e+001
    endloop
  endfacet
  facet normal  0.000000e+000  0.000000e+000  1.000000e+000
    outer loop
      vertex -4.152267e+001 -1.713955e+001  1.000000e+001
      vertex -4.200000e+001 -1.870000e+001  1.000000e+001
      vertex -4.174638e+001 -1.872498e+001  1.000000e+001
    endloop
  endfacet
  facet normal  -0.000000e+000  0.000000e+000  1.000000e+000
    outer loop
      vertex -4.152267e+001 -1.713955e+001  1.000000e+001
      vertex -4.174638e+001 -1.872498e+001  1.000000e+001
      vertex -4.150251e+001 -1.879896e+001  1.000000e+001
    endloop
  endfacet
  facet normal  0.000000e+000  -0.000000e+000  1.000000e+000
    outer loop
      vertex -4.152267e+001 -1.713955e+001  1.000000e+001
      vertex -4.150251e+001 -1.879896e+001  1.000000e+001
      vertex -4.105837e+001 -1.725713e+001  1.000000e+001
    endloop
  endfacet
  facet normal  0.000000e+000  0.000000e+000  1.000000e+000
    outer loop
      vertex -4.105837e+001 -1.725713e+001  1.000000e+001
      vertex -4.150251e+001 -1.879896e+001  1.000000e+001
      vertex -4.127776e+001 -1.891909e+001  1.000000e+001
    endloop
  endfacet
  facet normal  -0.000000e+000  0.000000e+000  1.000000e+000
    outer loop
      vertex -4.105837e+001 -1.725713e+001  1.000000e+001
      vertex -4.127776e+001 -1.891909e+001  1.000000e+001
      vertex -4.108076e+001 -1.908076e+001  1.000000e+001
    endloop
  endfacet
  facet normal  0.000000e+000  -0.000000e+000  1.000000e+000
    outer loop
      vertex  2.691909e+001 -2.872224e+001  1.000000e+001
      vertex  2.705837e+001 -3.074287e+001  1.000000e+001
      vertex  2.708076e+001 -2.891924e+001  1.000000e+001
    endloop
  endfacet
  facet normal  0.000000e+000  0.000000e+000  1.000000e+000
    outer loop
      vertex  2.800000e+001 -2.930000e+001  1.000000e+001
      vertex  2.774638e+001 -2.927502e+001  1.000000e+001
      vertex  2.800000e+001 -3.090000e+001  1.000000e+001
    endloop
  endfacet
  facet normal  0.000000e+000  0.000000e+000  1.000000e+000
    outer loop
      vertex  2.691909e+001 -2.727776e+001  1.000000e+001
      vertex  2.708076e+001 -2.708076e+001  1.000000e+001
      vertex  2.705837e+001 -2.525713e+001  1.000000e+001
    endloop
  endfacet
  facet normal  0.000000e+000  -0.000000e+000  1.000000e+000
    outer loop
      vertex  2.938025e+001 -3.055047e+001  1.000000e+001
      vertex  2.978122e+001 -3.028851e+001  1.000000e+001
      vertex  3.013360e+001 -2.996412e+001  1.000000e+001
    endloop
  endfacet
  facet normal  0.000000e+000  -0.000000e+000  1.000000e+000
    outer loop
      vertex  2.938025e+001 -3.055047e+001  1.000000e+001
      vertex  3.013360e+001 -2.996412e+001  1.000000e+001
      vertex  3.042778e+001 -2.958615e+001  1.000000e+001
    endloop
  endfacet
  facet normal  0.000000e+000  -0.000000e+000  9.999999e-001
    outer loop
      vertex  2.938025e+001 -3.055047e+001  1.000000e+001
      vertex  3.042778e+001 -2.958615e+001  1.000000e+001
      vertex  3.065574e+001 -2.916492e+001  1.000000e+001
    endloop
  endfacet
  facet normal  0.000000e+000  -0.000000e+000  1.000000e+000
    outer loop
      vertex  2.938025e+001 -3.055047e+001  1.000000e+001
      vertex  3.065574e+001 -2.916492e+001  1.000000e+001
      vertex  3.081126e+001 -2.871191e+001  1.000000e+001
    endloop
  endfacet
  facet normal  0.000000e+000  -0.000000e+000  1.000000e+000
    outer loop
      vertex  2.938025e+001 -3.055047e+001  1.000000e+001
      vertex  3.081126e+001 -2.871191e+001  1.000000e+001
      vertex  3.089009e+001 -2.823948e+001  1.000000e+001
    endloop
  endfacet
  facet normal  0.000000e+000  -0.000000e+000  1.000000e+000
    outer loop
      vertex  2.938025e+001 -3.055047e+001  1.000000e+001
      vertex  3.089009e+001 -2.823948e+001  1.000000e+001
      vertex  3.089009e+001 -2.776052e+001  1.000000e+001
    endloop
  endfacet
  facet normal  0.000000e+000  0.000000e+000  1.000000e+000
    outer loop
      vertex  2.938025e+001 -3.055047e+001  1.000000e+001
      vertex  3.089009e+001 -2.776052e+001  1.000000e+001
      vertex  2.930000e+001 -2.800000e+001  1.000000e+001
    endloop
  endfacet
  facet normal  0.000000e+000  0.000000e+000  1.000000e+000
    outer loop
      vertex  2.938025e+001 -3.055047e+001  1.000000e+001
      vertex  2.930000e+001 -2.800000e+001  1.000000e+001
      vertex  2.927502e+001 -2.825362e+001  1.000000e+001
    endloop
  endfacet
  facet normal  0.000000e+000  0.000000e+000  1.000000e+000
    outer loop
      vertex  2.938025e+001 -3.055047e+001  1.000000e+001
      vertex  2.927502e+001 -2.825362e+001  1.000000e+001
      vertex  2.920104e+001 -2.849749e+001  1.000000e+001
    endloop
  endfacet
  facet normal  0.000000e+000  0.000000e+000  1.000000e+000
    outer loop
      vertex  2.938025e+001 -3.055047e+001  1.000000e+001
      vertex  2.920104e+001 -2.849749e+001  1.000000e+001
      vertex  2.908091e+001 -2.872224e+001  1.000000e+001
    endloop
  endfacet
  facet normal  0.000000e+000  0.000000e+000  1.000000e+000
    outer loop
      vertex  2.938025e+001 -3.055047e+001  1.000000e+001
      vertex  2.908091e+001 -2.872224e+001  1.000000e+001
      vertex  2.891924e+001 -2.891924e+001  1.000000e+001
    endloop
  endfacet
  facet normal  0.000000e+000  0.000000e+000  9.999999e-001
    outer loop
      vertex  2.938025e+001 -3.055047e+001  1.000000e+001
      vertex  2.891924e+001 -2.891924e+001  1.000000e+001
      vertex  2.894163e+001 -3.074287e+001  1.000000e+001
    endloop
  endfacet
  facet normal  0.000000e+000  0.000000e+000  9.999999e-001
    outer loop
      vertex  2.930000e+001 -2.800000e+001  1.000000e+001
      vertex  3.089009e+001 -2.776052e+001  1.000000e+001
      vertex  3.081126e+001 -2.728809e+001  1.000000e+001
    endloop
  endfacet
  facet normal  0.000000e+000  0.000000e+000  1.000000e+000
    outer loop
      vertex  2.930000e+001 -2.800000e+001  1.000000e+001
      vertex  3.081126e+001 -2.728809e+001  1.000000e+001
      vertex  3.065574e+001 -2.683508e+001  1.000000e+001
    endloop
  endfacet
  facet normal  0.000000e+000  0.000000e+000  1.000000e+000
    outer loop
      vertex  2.930000e+001 -2.800000e+001  1.000000e+001
      vertex  3.065574e+001 -2.683508e+001  1.000000e+001
      vertex  3.042778e+001 -2.641385e+001  1.000000e+001
    endloop
  endfacet
  facet normal  0.000000e+000  0.000000e+000  1.000000e+000
    outer loop
      vertex  2.930000e+001 -2.800000e+001  1.000000e+001
      vertex  3.042778e+001 -2.641385e+001  1.000000e+001
      vertex  3.013360e+001 -2.603588e+001  1.000000e+001
    endloop
  endfacet
  facet normal  0.000000e+000  0.000000e+000  1.000000e+000
    outer loop
      vertex  2.930000e+001 -2.800000e+001  1.000000e+001
      vertex  3.013360e+001 -2.603588e+001  1.000000e+001
      vertex  2.978122e+001 -2.571149e+001  1.000000e+001
    endloop
  endfacet
  facet normal  0.000000e+000  0.000000e+000  1.000000e+000
    outer loop
      vertex  2.930000e+001 -2.800000e+001  1.000000e+001
      vertex  2.978122e+001 -2.571149e+001  1.000000e+001
      vertex  2.938025e+001 -2.544953e+001  1.000000e+001
    endloop
  endfacet
  facet normal  0.000000e+000  0.000000e+000  1.000000e+000
    outer loop
      vertex  2.670000e+001 -2.800000e+001  1.000000e+001
      vertex  2.672498e+001 -2.774638e+001  1.000000e+001
      vertex  2.661975e+001 -2.544953e+001  1.000000e+001
    endloop
  endfacet
  facet normal  0.000000e+000  0.000000e+000  1.000000e+000
    outer loop
      vertex  2.670000e+001 -2.800000e+001  1.000000e+001
      vertex  2.661975e+001 -2.544953e+001  1.000000e+001
      vertex  2.621878e+001 -2.571149e+001  1.000000e+001
    endloop
  endfacet
  facet normal  0.000000e+000  0.000000e+000  1.000000e+000
    outer loop
      vertex  2.670000e+001 -2.800000e+001  1.000000e+001
      vertex  2.621878e+001 -2.571149e+001  1.000000e+001
      vertex  2.586640e+001 -2.603588e+001  1.000000e+001
    endloop
  endfacet
  facet normal  0.000000e+000  0.000000e+000  1.000000e+000
    outer loop
      vertex  2.670000e+001 -2.800000e+001  1.000000e+001
      vertex  2.586640e+001 -2.603588e+001  1.000000e+001
      vertex  2.557222e+001 -2.641385e+001  1.000000e+001
    endloop
  endfacet
  facet normal  0.000000e+000  0.000000e+000  1.000000e+000
    outer loop
      vertex  2.670000e+001 -2.800000e+001  1.000000e+001
      vertex  2.557222e+001 -2.641385e+001  1.000000e+001
      vertex  2.534426e+001 -2.683508e+001  1.000000e+001
    endloop
  endfacet
  facet normal  0.000000e+000  0.000000e+000  9.999999e-001
    outer loop
      vertex  2.670000e+001 -2.800000e+001  1.000000e+001
      vertex  2.534426e+001 -2.683508e+001  1.000000e+001
      vertex  2.518874e+001 -2.728809e+001  1.000000e+001
    endloop
  endfacet
  facet normal  0.000000e+000  0.000000e+000  9.999999e-001
    outer loop
      vertex  2.670000e+001 -2.800000e+001  1.000000e+001
      vertex  2.518874e+001 -2.728809e+001  1.000000e+001
      vertex  2.510991e+001 -2.776052e+001  1.000000e+001
    endloop
  endfacet
  facet normal  0.000000e+000  0.000000e+000  9.999999e-001
    outer loop
      vertex  2.670000e+001 -2.800000e+001  1.000000e+001
      vertex  2.510991e+001 -2.776052e+001  1.000000e+001
      vertex  2.510991e+001 -2.823948e+001  1.000000e+001
    endloop
  endfacet
  facet normal  -0.000000e+000  0.000000e+000  9.999999e-001
    outer loop
      vertex  2.670000e+001 -2.800000e+001  1.000000e+001
      vertex  2.510991e+001 -2.823948e+001  1.000000e+001
      vertex  2.518874e+001 -2.871191e+001  1.000000e+001
    endloop
  endfacet
  facet normal  -0.000000e+000  0.000000e+000  1.000000e+000
    outer loop
      vertex  2.670000e+001 -2.800000e+001  1.000000e+001
      vertex  2.518874e+001 -2.871191e+001  1.000000e+001
      vertex  2.534426e+001 -2.916492e+001  1.000000e+001
    endloop
  endfacet
  facet normal  -0.000000e+000  0.000000e+000  1.000000e+000
    outer loop
      vertex  2.670000e+001 -2.800000e+001  1.000000e+001
      vertex  2.534426e+001 -2.916492e+001  1.000000e+001
      vertex  2.557222e+001 -2.958615e+001  1.000000e+001
    endloop
  endfacet
  facet normal  -0.000000e+000  0.000000e+000  1.000000e+000
    outer loop
      vertex  2.670000e+001 -2.800000e+001  1.000000e+001
      vertex  2.557222e+001 -2.958615e+001  1.000000e+001
      vertex  2.586640e+001 -2.996412e+001  1.000000e+001
    endloop
  endfacet
  facet normal  -0.000000e+000  0.000000e+000  1.000000e+000
    outer loop
      vertex  2.670000e+001 -2.800000e+001  1.000000e+001
      vertex  2.586640e+001 -2.996412e+001  1.000000e+001
      vertex  2.621878e+001 -3.028851e+001  1.000000e+001
    endloop
  endfacet
  facet normal  -0.000000e+000  0.000000e+000  1.000000e+000
    outer loop
      vertex  2.670000e+001 -2.800000e+001  1.000000e+001
      vertex  2.621878e+001 -3.028851e+001  1.000000e+001
      vertex  2.661975e+001 -3.055047e+001  1.000000e+001
    endloop
  endfacet
  facet normal  0.000000e+000  0.000000e+000  1.000000e+000
    outer loop
      vertex  2.670000e+001 -2.800000e+001  1.000000e+001
      vertex  2.661975e+001 -3.055047e+001  1.000000e+001
      vertex  2.672498e+001 -2.825362e+001  1.000000e+001
    endloop
  endfacet
  facet normal  0.000000e+000  0.000000e+000  1.000000e+000
    outer loop
      vertex  2.752268e+001 -3.086045e+001  1.000000e+001
      vertex  2.800000e+001 -3.090000e+001  1.000000e+001
      vertex  2.774638e+001 -2.927502e+001  1.000000e+001
    endloop
  endfacet
  facet normal  0.000000e+000  0.000000e+000  1.000000e+000
    outer loop
      vertex  2.752268e+001 -3.086045e+001  1.000000e+001
      vertex  2.774638e+001 -2.927502e+001  1.000000e+001
      vertex  2.750251e+001 -2.920104e+001  1.000000e+001
    endloop
  endfacet
  facet normal  0.000000e+000  0.000000e+000  1.000000e+000
    outer loop
      vertex  2.752268e+001 -3.086045e+001  1.000000e+001
      vertex  2.750251e+001 -2.920104e+001  1.000000e+001
      vertex  2.727776e+001 -2.908091e+001  1.000000e+001
    endloop
  endfacet
  facet normal  0.000000e+000  0.000000e+000  1.000000e+000
    outer loop
      vertex  2.752268e+001 -3.086045e+001  1.000000e+001
      vertex  2.727776e+001 -2.908091e+001  1.000000e+001
      vertex  2.708076e+001 -2.891924e+001  1.000000e+001
    endloop
  endfacet
  facet normal  0.000000e+000  0.000000e+000  1.000000e+000
    outer loop
      vertex  2.752268e+001 -3.086045e+001  1.000000e+001
      vertex  2.708076e+001 -2.891924e+001  1.000000e+001
      vertex  2.705837e+001 -3.074287e+001  1.000000e+001
    endloop
  endfacet
  facet normal  0.000000e+000  0.000000e+000  1.000000e+000
    outer loop
      vertex  2.894163e+001 -3.074287e+001  1.000000e+001
      vertex  2.891924e+001 -2.891924e+001  1.000000e+001
      vertex  2.872224e+001 -2.908091e+001  1.000000e+001
    endloop
  endfacet
  facet normal  0.000000e+000  0.000000e+000  1.000000e+000
    outer loop
      vertex  2.894163e+001 -3.074287e+001  1.000000e+001
      vertex  2.872224e+001 -2.908091e+001  1.000000e+001
      vertex  2.849749e+001 -2.920104e+001  1.000000e+001
    endloop
  endfacet
  facet normal  0.000000e+000  0.000000e+000  1.000000e+000
    outer loop
      vertex  2.894163e+001 -3.074287e+001  1.000000e+001
      vertex  2.849749e+001 -2.920104e+001  1.000000e+001
      vertex  2.847732e+001 -3.086045e+001  1.000000e+001
    endloop
  endfacet
  facet normal  0.000000e+000  0.000000e+000  9.999999e-001
    outer loop
      vertex  2.938025e+001 -2.544953e+001  1.000000e+001
      vertex  2.894163e+001 -2.525713e+001  1.000000e+001
      vertex  2.891924e+001 -2.708076e+001  1.000000e+001
    endloop
  endfacet
  facet normal  -0.000000e+000  0.000000e+000  1.000000e+000
    outer loop
      vertex  2.938025e+001 -2.544953e+001  1.000000e+001
      vertex  2.891924e+001 -2.708076e+001  1.000000e+001
      vertex  2.908091e+001 -2.727776e+001  1.000000e+001
    endloop
  endfacet
  facet normal  -0.000000e+000  0.000000e+000  1.000000e+000
    outer loop
      vertex  2.938025e+001 -2.544953e+001  1.000000e+001
      vertex  2.908091e+001 -2.727776e+001  1.000000e+001
      vertex  2.920104e+001 -2.750251e+001  1.000000e+001
    endloop
  endfacet
  facet normal  -0.000000e+000  0.000000e+000  1.000000e+000
    outer loop
      vertex  2.938025e+001 -2.544953e+001  1.000000e+001
      vertex  2.920104e+001 -2.750251e+001  1.000000e+001
      vertex  2.927502e+001 -2.774638e+001  1.000000e+001
    endloop
  endfacet
  facet normal  -0.000000e+000  0.000000e+000  1.000000e+000
    outer loop
      vertex  2.938025e+001 -2.544953e+001  1.000000e+001
      vertex  2.927502e+001 -2.774638e+001  1.000000e+001
      vertex  2.930000e+001 -2.800000e+001  1.000000e+001
    endloop
  endfacet
  facet normal  0.000000e+000  0.000000e+000  1.000000e+000
    outer loop
      vertex  2.672498e+001 -2.825362e+001  1.000000e+001
      vertex  2.661975e+001 -3.055047e+001  1.000000e+001
      vertex  2.679896e+001 -2.849749e+001  1.000000e+001
    endloop
  endfacet
  facet normal  0.000000e+000  0.000000e+000  1.000000e+000
    outer loop
      vertex  2.679896e+001 -2.849749e+001  1.000000e+001
      vertex  2.661975e+001 -3.055047e+001  1.000000e+001
      vertex  2.705837e+001 -3.074287e+001  1.000000e+001
    endloop
  endfacet
  facet normal  0.000000e+000  0.000000e+000  1.000000e+000
    outer loop
      vertex  2.679896e+001 -2.849749e+001  1.000000e+001
      vertex  2.705837e+001 -3.074287e+001  1.000000e+001
      vertex  2.691909e+001 -2.872224e+001  1.000000e+001
    endloop
  endfacet
  facet normal  0.000000e+000  0.000000e+000  1.000000e+000
    outer loop
      vertex  2.800000e+001 -2.930000e+001  1.000000e+001
      vertex  2.800000e+001 -3.090000e+001  1.000000e+001
      vertex  2.825362e+001 -2.927502e+001  1.000000e+001
    endloop
  endfacet
  facet normal  0.000000e+000  0.000000e+000  1.000000e+000
    outer loop
      vertex  2.825362e+001 -2.927502e+001  1.000000e+001
      vertex  2.800000e+001 -3.090000e+001  1.000000e+001
      vertex  2.847732e+001 -3.086045e+001  1.000000e+001
    endloop
  endfacet
  facet normal  0.000000e+000  -0.000000e+000  1.000000e+000
    outer loop
      vertex  2.825362e+001 -2.927502e+001  1.000000e+001
      vertex  2.847732e+001 -3.086045e+001  1.000000e+001
      vertex  2.849749e+001 -2.920104e+001  1.000000e+001
    endloop
  endfacet
  facet normal  0.000000e+000  -0.000000e+000  1.000000e+000
    outer loop
      vertex  2.661975e+001 -2.544953e+001  1.000000e+001
      vertex  2.672498e+001 -2.774638e+001  1.000000e+001
      vertex  2.705837e+001 -2.525713e+001  1.000000e+001
    endloop
  endfacet
  facet normal  0.000000e+000  0.000000e+000  1.000000e+000
    outer loop
      vertex  2.705837e+001 -2.525713e+001  1.000000e+001
      vertex  2.672498e+001 -2.774638e+001  1.000000e+001
      vertex  2.679896e+001 -2.750251e+001  1.000000e+001
    endloop
  endfacet
  facet normal  0.000000e+000  0.000000e+000  1.000000e+000
    outer loop
      vertex  2.705837e+001 -2.525713e+001  1.000000e+001
      vertex  2.679896e+001 -2.750251e+001  1.000000e+001
      vertex  2.691909e+001 -2.727776e+001  1.000000e+001
    endloop
  endfacet
  facet normal  0.000000e+000  -0.000000e+000  1.000000e+000
    outer loop
      vertex  2.705837e+001 -2.525713e+001  1.000000e+001
      vertex  2.708076e+001 -2.708076e+001  1.000000e+001
      vertex  2.752268e+001 -2.513955e+001  1.000000e+001
    endloop
  endfacet
  facet normal  0.000000e+000  0.000000e+000  1.000000e+000
    outer loop
      vertex  2.752268e+001 -2.513955e+001  1.000000e+001
      vertex  2.708076e+001 -2.708076e+001  1.000000e+001
      vertex  2.727776e+001 -2.691909e+001  1.000000e+001
    endloop
  endfacet
  facet normal  0.000000e+000  0.000000e+000  1.000000e+000
    outer loop
      vertex  2.752268e+001 -2.513955e+001  1.000000e+001
      vertex  2.727776e+001 -2.691909e+001  1.000000e+001
      vertex  2.750251e+001 -2.679896e+001  1.000000e+001
    endloop
  endfacet
  facet normal  0.000000e+000  0.000000e+000  1.000000e+000
    outer loop
      vertex  2.752268e+001 -2.513955e+001  1.000000e+001
      vertex  2.750251e+001 -2.679896e+001  1.000000e+001
      vertex  2.800000e+001 -2.510000e+001  1.000000e+001
    endloop
  endfacet
  facet normal  0.000000e+000  0.000000e+000  1.000000e+000
    outer loop
      vertex  2.800000e+001 -2.510000e+001  1.000000e+001
      vertex  2.750251e+001 -2.679896e+001  1.000000e+001
      vertex  2.774638e+001 -2.672498e+001  1.000000e+001
    endloop
  endfacet
  facet normal  0.000000e+000  0.000000e+000  1.000000e+000
    outer loop
      vertex  2.800000e+001 -2.510000e+001  1.000000e+001
      vertex  2.774638e+001 -2.672498e+001  1.000000e+001
      vertex  2.800000e+001 -2.670000e+001  1.000000e+001
    endloop
  endfacet
  facet normal  0.000000e+000  0.000000e+000  1.000000e+000
    outer loop
      vertex  2.800000e+001 -2.510000e+001  1.000000e+001
      vertex  2.800000e+001 -2.670000e+001  1.000000e+001
      vertex  2.847732e+001 -2.513955e+001  1.000000e+001
    endloop
  endfacet
  facet normal  0.000000e+000  0.000000e+000  9.999999e-001
    outer loop
      vertex  2.847732e+001 -2.513955e+001  1.000000e+001
      vertex  2.800000e+001 -2.670000e+001  1.000000e+001
      vertex  2.825362e+001 -2.672498e+001  1.000000e+001
    endloop
  endfacet
  facet normal  -0.000000e+000  0.000000e+000  1.000000e+000
    outer loop
      vertex  2.847732e+001 -2.513955e+001  1.000000e+001
      vertex  2.825362e+001 -2.672498e+001  1.000000e+001
      vertex  2.849749e+001 -2.679896e+001  1.000000e+001
    endloop
  endfacet
  facet normal  0.000000e+000  -0.000000e+000  1.000000e+000
    outer loop
      vertex  2.847732e+001 -2.513955e+001  1.000000e+001
      vertex  2.849749e+001 -2.679896e+001  1.000000e+001
      vertex  2.894163e+001 -2.525713e+001  1.000000e+001
    endloop
  endfacet
  facet normal  0.000000e+000  0.000000e+000  9.999999e-001
    outer loop
      vertex  2.894163e+001 -2.525713e+001  1.000000e+001
      vertex  2.849749e+001 -2.679896e+001  1.000000e+001
      vertex  2.872224e+001 -2.691909e+001  1.000000e+001
    endloop
  endfacet
  facet normal  -0.000000e+000  0.000000e+000  1.000000e+000
    outer loop
      vertex  2.894163e+001 -2.525713e+001  1.000000e+001
      vertex  2.872224e+001 -2.691909e+001  1.000000e+001
      vertex  2.891924e+001 -2.708076e+001  1.000000e+001
    endloop
  endfacet
  facet normal  0.000000e+000  -0.000000e+000  1.000000e+000
    outer loop
      vertex  2.691909e+001  2.727776e+001  1.000000e+001
      vertex  2.705837e+001  2.525713e+001  1.000000e+001
      vertex  2.708076e+001  2.708076e+001  1.000000e+001
    endloop
  endfacet
  facet normal  0.000000e+000  0.000000e+000  1.000000e+000
    outer loop
      vertex  2.800000e+001  2.670000e+001  1.000000e+001
      vertex  2.774638e+001  2.672498e+001  1.000000e+001
      vertex  2.800000e+001  2.510000e+001  1.000000e+001
    endloop
  endfacet
  facet normal  0.000000e+000  0.000000e+000  1.000000e+000
    outer loop
      vertex  2.691909e+001  2.872224e+001  1.000000e+001
      vertex  2.708076e+001  2.891924e+001  1.000000e+001
      vertex  2.705837e+001  3.074287e+001  1.000000e+001
    endloop
  endfacet
  facet normal  0.000000e+000  -0.000000e+000  1.000000e+000
    outer loop
      vertex  2.938025e+001  2.544953e+001  1.000000e+001
      vertex  2.978122e+001  2.571149e+001  1.000000e+001
      vertex  3.013360e+001  2.603588e+001  1.000000e+001
    endloop
  endfacet
  facet normal  0.000000e+000  -0.000000e+000  1.000000e+000
    outer loop
      vertex  2.938025e+001  2.544953e+001  1.000000e+001
      vertex  3.013360e+001  2.603588e+001  1.000000e+001
      vertex  3.042778e+001  2.641385e+001  1.000000e+001
    endloop
  endfacet
  facet normal  0.000000e+000  -0.000000e+000  9.999999e-001
    outer loop
      vertex  2.938025e+001  2.544953e+001  1.000000e+001
      vertex  3.042778e+001  2.641385e+001  1.000000e+001
      vertex  3.065574e+001  2.683508e+001  1.000000e+001
    endloop
  endfacet
  facet normal  0.000000e+000  -0.000000e+000  1.000000e+000
    outer loop
      vertex  2.938025e+001  2.544953e+001  1.000000e+001
      vertex  3.065574e+001  2.683508e+001  1.000000e+001
      vertex  3.081126e+001  2.728809e+001  1.000000e+001
    endloop
  endfacet
  facet normal  0.000000e+000  -0.000000e+000  1.000000e+000
    outer loop
      vertex  2.938025e+001  2.544953e+001  1.000000e+001
      vertex  3.081126e+001  2.728809e+001  1.000000e+001
      vertex  3.089009e+001  2.776052e+001  1.000000e+001
    endloop
  endfacet
  facet normal  0.000000e+000  -0.000000e+000  1.000000e+000
    outer loop
      vertex  2.938025e+001  2.544953e+001  1.000000e+001
      vertex  3.089009e+001  2.776052e+001  1.000000e+001
      vertex  3.089009e+001  2.823948e+001  1.000000e+001
    endloop
  endfacet
  facet normal  0.000000e+000  0.000000e+000  1.000000e+000
    outer loop
      vertex  2.938025e+001  2.544953e+001  1.000000e+001
      vertex  3.089009e+001  2.823948e+001  1.000000e+001
      vertex  2.930000e+001  2.800000e+001  1.000000e+001
    endloop
  endfacet
  facet normal  0.000000e+000  0.000000e+000  1.000000e+000
    outer loop
      vertex  2.938025e+001  2.544953e+001  1.000000e+001
      vertex  2.930000e+001  2.800000e+001  1.000000e+001
      vertex  2.927502e+001  2.774638e+001  1.000000e+001
    endloop
  endfacet
  facet normal  0.000000e+000  0.000000e+000  1.000000e+000
    outer loop
      vertex  2.938025e+001  2.544953e+001  1.000000e+001
      vertex  2.927502e+001  2.774638e+001  1.000000e+001
      vertex  2.920104e+001  2.750251e+001  1.000000e+001
    endloop
  endfacet
  facet normal  0.000000e+000  0.000000e+000  1.000000e+000
    outer loop
      vertex  2.938025e+001  2.544953e+001  1.000000e+001
      vertex  2.920104e+001  2.750251e+001  1.000000e+001
      vertex  2.908091e+001  2.727776e+001  1.000000e+001
    endloop
  endfacet
  facet normal  0.000000e+000  0.000000e+000  1.000000e+000
    outer loop
      vertex  2.938025e+001  2.544953e+001  1.000000e+001
      vertex  2.908091e+001  2.727776e+001  1.000000e+001
      vertex  2.891924e+001  2.708076e+001  1.000000e+001
    endloop
  endfacet
  facet normal  0.000000e+000  0.000000e+000  9.999999e-001
    outer loop
      vertex  2.938025e+001  2.544953e+001  1.000000e+001
      vertex  2.891924e+001  2.708076e+001  1.000000e+001
      vertex  2.894163e+001  2.525713e+001  1.000000e+001
    endloop
  endfacet
  facet normal  0.000000e+000  0.000000e+000  9.999999e-001
    outer loop
      vertex  2.930000e+001  2.800000e+001  1.000000e+001
      vertex  3.089009e+001  2.823948e+001  1.000000e+001
      vertex  3.081126e+001  2.871191e+001  1.000000e+001
    endloop
  endfacet
  facet normal  0.000000e+000  0.000000e+000  1.000000e+000
    outer loop
      vertex  2.930000e+001  2.800000e+001  1.000000e+001
      vertex  3.081126e+001  2.871191e+001  1.000000e+001
      vertex  3.065574e+001  2.916492e+001  1.000000e+001
    endloop
  endfacet
  facet normal  0.000000e+000  0.000000e+000  1.000000e+000
    outer loop
      vertex  2.930000e+001  2.800000e+001  1.000000e+001
      vertex  3.065574e+001  2.916492e+001  1.000000e+001
      vertex  3.042778e+001  2.958615e+001  1.000000e+001
    endloop
  endfacet
  facet normal  0.000000e+000  0.000000e+000  1.000000e+000
    outer loop
      vertex  2.930000e+001  2.800000e+001  1.000000e+001
      vertex  3.042778e+001  2.958615e+001  1.000000e+001
      vertex  3.013360e+001  2.996412e+001  1.000000e+001
    endloop
  endfacet
  facet normal  0.000000e+000  0.000000e+000  1.000000e+000
    outer loop
      vertex  2.930000e+001  2.800000e+001  1.000000e+001
      vertex  3.013360e+001  2.996412e+001  1.000000e+001
      vertex  2.978122e+001  3.028851e+001  1.000000e+001
    endloop
  endfacet
  facet normal  0.000000e+000  0.000000e+000  1.000000e+000
    outer loop
      vertex  2.930000e+001  2.800000e+001  1.000000e+001
      vertex  2.978122e+001  3.028851e+001  1.000000e+001
      vertex  2.938025e+001  3.055047e+001  1.000000e+001
    endloop
  endfacet
  facet normal  0.000000e+000  0.000000e+000  1.000000e+000
    outer loop
      vertex  2.670000e+001  2.800000e+001  1.000000e+001
      vertex  2.672498e+001  2.825362e+001  1.000000e+001
      vertex  2.661975e+001  3.055047e+001  1.000000e+001
    endloop
  endfacet
  facet normal  0.000000e+000  0.000000e+000  1.000000e+000
    outer loop
      vertex  2.670000e+001  2.800000e+001  1.000000e+001
      vertex  2.661975e+001  3.055047e+001  1.000000e+001
      vertex  2.621878e+001  3.028851e+001  1.000000e+001
    endloop
  endfacet
  facet normal  0.000000e+000  0.000000e+000  1.000000e+000
    outer loop
      vertex  2.670000e+001  2.800000e+001  1.000000e+001
      vertex  2.621878e+001  3.028851e+001  1.000000e+001
      vertex  2.586640e+001  2.996412e+001  1.000000e+001
    endloop
  endfacet
  facet normal  0.000000e+000  0.000000e+000  1.000000e+000
    outer loop
      vertex  2.670000e+001  2.800000e+001  1.000000e+001
      vertex  2.586640e+001  2.996412e+001  1.000000e+001
      vertex  2.557222e+001  2.958615e+001  1.000000e+001
    endloop
  endfacet
  facet normal  0.000000e+000  0.000000e+000  1.000000e+000
    outer loop
      vertex  2.670000e+001  2.800000e+001  1.000000e+001
      vertex  2.557222e+001  2.958615e+001  1.000000e+001
      vertex  2.534426e+001  2.916492e+001  1.000000e+001
    endloop
  endfacet
  facet normal  0.000000e+000  0.000000e+000  9.999999e-001
    outer loop
      vertex  2.670000e+001  2.800000e+001  1.000000e+001
      vertex  2.534426e+001  2.916492e+001  1.000000e+001
      vertex  2.518874e+001  2.871191e+001  1.000000e+001
    endloop
  endfacet
  facet normal  0.000000e+000  0.000000e+000  9.999999e-001
    outer loop
      vertex  2.670000e+001  2.800000e+001  1.000000e+001
      vertex  2.518874e+001  2.871191e+001  1.000000e+001
      vertex  2.510991e+001  2.823948e+001  1.000000e+001
    endloop
  endfacet
  facet normal  0.000000e+000  0.000000e+000  9.999999e-001
    outer loop
      vertex  2.670000e+001  2.800000e+001  1.000000e+001
      vertex  2.510991e+001  2.823948e+001  1.000000e+001
      vertex  2.510991e+001  2.776052e+001  1.000000e+001
    endloop
  endfacet
  facet normal  -0.000000e+000  0.000000e+000  9.999999e-001
    outer loop
      vertex  2.670000e+001  2.800000e+001  1.000000e+001
      vertex  2.510991e+001  2.776052e+001  1.000000e+001
      vertex  2.518874e+001  2.728809e+001  1.000000e+001
    endloop
  endfacet
  facet normal  -0.000000e+000  0.000000e+000  1.000000e+000
    outer loop
      vertex  2.670000e+001  2.800000e+001  1.000000e+001
      vertex  2.518874e+001  2.728809e+001  1.000000e+001
      vertex  2.534426e+001  2.683508e+001  1.000000e+001
    endloop
  endfacet
  facet normal  -0.000000e+000  0.000000e+000  1.000000e+000
    outer loop
      vertex  2.670000e+001  2.800000e+001  1.000000e+001
      vertex  2.534426e+001  2.683508e+001  1.000000e+001
      vertex  2.557222e+001  2.641385e+001  1.000000e+001
    endloop
  endfacet
  facet normal  -0.000000e+000  0.000000e+000  1.000000e+000
    outer loop
      vertex  2.670000e+001  2.800000e+001  1.000000e+001
      vertex  2.557222e+001  2.641385e+001  1.000000e+001
      vertex  2.586640e+001  2.603588e+001  1.000000e+001
    endloop
  endfacet
  facet normal  -0.000000e+000  0.000000e+000  1.000000e+000
    outer loop
      vertex  2.670000e+001  2.800000e+001  1.000000e+001
      vertex  2.586640e+001  2.603588e+001  1.000000e+001
      vertex  2.621878e+001  2.571149e+001  1.000000e+001
    endloop
  endfacet
  facet normal  -0.000000e+000  0.000000e+000  1.000000e+000
    outer loop
      vertex  2.670000e+001  2.800000e+001  1.000000e+001
      vertex  2.621878e+001  2.571149e+001  1.000000e+001
      vertex  2.661975e+001  2.544953e+001  1.000000e+001
    endloop
  endfacet
  facet normal  0.000000e+000  0.000000e+000  1.000000e+000
    outer loop
      vertex  2.670000e+001  2.800000e+001  1.000000e+001
      vertex  2.661975e+001  2.544953e+001  1.000000e+001
      vertex  2.672498e+001  2.774638e+001  1.000000e+001
    endloop
  endfacet
  facet normal  0.000000e+000  0.000000e+000  1.000000e+000
    outer loop
      vertex  2.752268e+001  2.513955e+001  1.000000e+001
      vertex  2.800000e+001  2.510000e+001  1.000000e+001
      vertex  2.774638e+001  2.672498e+001  1.000000e+001
    endloop
  endfacet
  facet normal  0.000000e+000  0.000000e+000  1.000000e+000
    outer loop
      vertex  2.752268e+001  2.513955e+001  1.000000e+001
      vertex  2.774638e+001  2.672498e+001  1.000000e+001
      vertex  2.750251e+001  2.679896e+001  1.000000e+001
    endloop
  endfacet
  facet normal  0.000000e+000  0.000000e+000  1.000000e+000
    outer loop
      vertex  2.752268e+001  2.513955e+001  1.000000e+001
      vertex  2.750251e+001  2.679896e+001  1.000000e+001
      vertex  2.727776e+001  2.691909e+001  1.000000e+001
    endloop
  endfacet
  facet normal  0.000000e+000  0.000000e+000  1.000000e+000
    outer loop
      vertex  2.752268e+001  2.513955e+001  1.000000e+001
      vertex  2.727776e+001  2.691909e+001  1.000000e+001
      vertex  2.708076e+001  2.708076e+001  1.000000e+001
    endloop
  endfacet
  facet normal  0.000000e+000  0.000000e+000  1.000000e+000
    outer loop
      vertex  2.752268e+001  2.513955e+001  1.000000e+001
      vertex  2.708076e+001  2.708076e+001  1.000000e+001
      vertex  2.705837e+001  2.525713e+001  1.000000e+001
    endloop
  endfacet
  facet normal  0.000000e+000  0.000000e+000  1.000000e+000
    outer loop
      vertex  2.894163e+001  2.525713e+001  1.000000e+001
      vertex  2.891924e+001  2.708076e+001  1.000000e+001
      vertex  2.872224e+001  2.691909e+001  1.000000e+001
    endloop
  endfacet
  facet normal  0.000000e+000  0.000000e+000  1.000000e+000
    outer loop
      vertex  2.894163e+001  2.525713e+001  1.000000e+001
      vertex  2.872224e+001  2.691909e+001  1.000000e+001
      vertex  2.849749e+001  2.679896e+001  1.000000e+001
    endloop
  endfacet
  facet normal  0.000000e+000  0.000000e+000  1.000000e+000
    outer loop
      vertex  2.894163e+001  2.525713e+001  1.000000e+001
      vertex  2.849749e+001  2.679896e+001  1.000000e+001
      vertex  2.847732e+001  2.513955e+001  1.000000e+001
    endloop
  endfacet
  facet normal  0.000000e+000  0.000000e+000  9.999999e-001
    outer loop
      vertex  2.938025e+001  3.055047e+001  1.000000e+001
      vertex  2.894163e+001  3.074287e+001  1.000000e+001
      vertex  2.891924e+001  2.891924e+001  1.000000e+001
    endloop
  endfacet
  facet normal  -0.000000e+000  0.000000e+000  1.000000e+000
    outer loop
      vertex  2.938025e+001  3.055047e+001  1.000000e+001
      vertex  2.891924e+001  2.891924e+001  1.000000e+001
      vertex  2.908091e+001  2.872224e+001  1.000000e+001
    endloop
  endfacet
  facet normal  -0.000000e+000  0.000000e+000  1.000000e+000
    outer loop
      vertex  2.938025e+001  3.055047e+001  1.000000e+001
      vertex  2.908091e+001  2.872224e+001  1.000000e+001
      vertex  2.920104e+001  2.849749e+001  1.000000e+001
    endloop
  endfacet
  facet normal  -0.000000e+000  0.000000e+000  1.000000e+000
    outer loop
      vertex  2.938025e+001  3.055047e+001  1.000000e+001
      vertex  2.920104e+001  2.849749e+001  1.000000e+001
      vertex  2.927502e+001  2.825362e+001  1.000000e+001
    endloop
  endfacet
  facet normal  -0.000000e+000  0.000000e+000  1.000000e+000
    outer loop
      vertex  2.938025e+001  3.055047e+001  1.000000e+001
      vertex  2.927502e+001  2.825362e+001  1.000000e+001
      vertex  2.930000e+001  2.800000e+001  1.000000e+001
    endloop
  endfacet
  facet normal  0.000000e+000  0.000000e+000  1.000000e+000
    outer loop
      vertex  2.672498e+001  2.774638e+001  1.000000e+001
      vertex  2.661975e+001  2.544953e+001  1.000000e+001
      vertex  2.679896e+001  2.750251e+001  1.000000e+001
    endloop
  endfacet
  facet normal  0.000000e+000  0.000000e+000  1.000000e+000
    outer loop
      vertex  2.679896e+001  2.750251e+001  1.000000e+001
      vertex  2.661975e+001  2.544953e+001  1.000000e+001
      vertex  2.705837e+001  2.525713e+001  1.000000e+001
    endloop
  endfacet
  facet normal  0.000000e+000  0.000000e+000  1.000000e+000
    outer loop
      vertex  2.679896e+001  2.750251e+001  1.000000e+001
      vertex  2.705837e+001  2.525713e+001  1.000000e+001
      vertex  2.691909e+001  2.727776e+001  1.000000e+001
    endloop
  endfacet
  facet normal  0.000000e+000  0.000000e+000  1.000000e+000
    outer loop
      vertex  2.800000e+001  2.670000e+001  1.000000e+001
      vertex  2.800000e+001  2.510000e+001  1.000000e+001
      vertex  2.825362e+001  2.672498e+001  1.000000e+001
    endloop
  endfacet
  facet normal  0.000000e+000  0.000000e+000  1.000000e+000
    outer loop
      vertex  2.825362e+001  2.672498e+001  1.000000e+001
      vertex  2.800000e+001  2.510000e+001  1.000000e+001
      vertex  2.847732e+001  2.513955e+001  1.000000e+001
    endloop
  endfacet
  facet normal  0.000000e+000  -0.000000e+000  1.000000e+000
    outer loop
      vertex  2.825362e+001  2.672498e+001  1.000000e+001
      vertex  2.847732e+001  2.513955e+001  1.000000e+001
      vertex  2.849749e+001  2.679896e+001  1.000000e+001
    endloop
  endfacet
  facet normal  0.000000e+000  -0.000000e+000  1.000000e+000
    outer loop
      vertex  2.661975e+001  3.055047e+001  1.000000e+001
      vertex  2.672498e+001  2.825362e+001  1.000000e+001
      vertex  2.705837e+001  3.074287e+001  1.000000e+001
    endloop
  endfacet
  facet normal  0.000000e+000  0.000000e+000  1.000000e+000
    outer loop
      vertex  2.705837e+001  3.074287e+001  1.000000e+001
      vertex  2.672498e+001  2.825362e+001  1.000000e+001
      vertex  2.679896e+001  2.849749e+001  1.000000e+001
    endloop
  endfacet
  facet normal  0.000000e+000  0.000000e+000  1.000000e+000
    outer loop
      vertex  2.705837e+001  3.074287e+001  1.000000e+001
      vertex  2.679896e+001  2.849749e+001  1.000000e+001
      vertex  2.691909e+001  2.872224e+001  1.000000e+001
    endloop
  endfacet
  facet normal  0.000000e+000  -0.000000e+000  1.000000e+000
    outer loop
      vertex  2.705837e+001  3.074287e+001  1.000000e+001
      vertex  2.708076e+001  2.891924e+001  1.000000e+001
      vertex  2.752268e+001  3.086045e+001  1.000000e+001
    endloop
  endfacet
  facet normal  0.000000e+000  0.000000e+000  1.000000e+000
    outer loop
      vertex  2.752268e+001  3.086045e+001  1.000000e+001
      vertex  2.708076e+001  2.891924e+001  1.000000e+001
      vertex  2.727776e+001  2.908091e+001  1.000000e+001
    endloop
  endfacet
  facet normal  0.000000e+000  0.000000e+000  1.000000e+000
    outer loop
      vertex  2.752268e+001  3.086045e+001  1.000000e+001
      vertex  2.727776e+001  2.908091e+001  1.000000e+001
      vertex  2.750251e+001  2.920104e+001  1.000000e+001
    endloop
  endfacet
  facet normal  0.000000e+000  0.000000e+000  1.000000e+000
    outer loop
      vertex  2.752268e+001  3.086045e+001  1.000000e+001
      vertex  2.750251e+001  2.920104e+001  1.000000e+001
      vertex  2.800000e+001  3.090000e+001  1.000000e+001
    endloop
  endfacet
  facet normal  0.000000e+000  0.000000e+000  1.000000e+000
    outer loop
      vertex  2.800000e+001  3.090000e+001  1.000000e+001
      vertex  2.750251e+001  2.920104e+001  1.000000e+001
      vertex  2.774638e+001  2.927502e+001  1.000000e+001
    endloop
  endfacet
  facet normal  0.000000e+000  0.000000e+000  1.000000e+000
    outer loop
      vertex  2.800000e+001  3.090000e+001  1.000000e+001
      vertex  2.774638e+001  2.927502e+001  1.000000e+001
      vertex  2.800000e+001  2.930000e+001  1.000000e+001
    endloop
  endfacet
  facet normal  0.000000e+000  0.000000e+000  1.000000e+000
    outer loop
      vertex  2.800000e+001  3.090000e+001  1.000000e+001
      vertex  2.800000e+001  2.930000e+001  1.000000e+001
      vertex  2.847732e+001  3.086045e+001  1.000000e+001
    endloop
  endfacet
  facet normal  0.000000e+000  0.000000e+000  9.999999e-001
    outer loop
      vertex  2.847732e+001  3.086045e+001  1.000000e+001
      vertex  2.800000e+001  2.930000e+001  1.000000e+001
      vertex  2.825362e+001  2.927502e+001  1.000000e+001
    endloop
  endfacet
  facet normal  -0.000000e+000  0.000000e+000  1.000000e+000
    outer loop
      vertex  2.847732e+001  3.086045e+001  1.000000e+001
      vertex  2.825362e+001  2.927502e+001  1.000000e+001
      vertex  2.849749e+001  2.920104e+001  1.000000e+001
    endloop
  endfacet
  facet normal  0.000000e+000  -0.000000e+000  1.000000e+000
    outer loop
      vertex  2.847732e+001  3.086045e+001  1.000000e+001
      vertex  2.849749e+001  2.920104e+001  1.000000e+001
      vertex  2.894163e+001  3.074287e+001  1.000000e+001
    endloop
  endfacet
  facet normal  0.000000e+000  0.000000e+000  9.999999e-001
    outer loop
      vertex  2.894163e+001  3.074287e+001  1.000000e+001
      vertex  2.849749e+001  2.920104e+001  1.000000e+001
      vertex  2.872224e+001  2.908091e+001  1.000000e+001
    endloop
  endfacet
  facet normal  -0.000000e+000  0.000000e+000  1.000000e+000
    outer loop
      vertex  2.894163e+001  3.074287e+001  1.000000e+001
      vertex  2.872224e+001  2.908091e+001  1.000000e+001
      vertex  2.891924e+001  2.891924e+001  1.000000e+001
    endloop
  endfacet
  facet normal  0.000000e+000 -1.000000e+000  0.000000e+000
    outer loop
      vertex -4.800000e+001  1.500000e+001  0.000000e+000
      vertex -5.800000e+001  1.500000e+001  0.000000e+000
      vertex -4.800000e+001  1.500000e+001 -1.000000e+001
    endloop
  endfacet
  facet normal  0.000000e+000 -1.000000e+000  0.000000e+000
    outer loop
      vertex -4.800000e+001  1.500000e+001 -1.000000e+001
      vertex -5.800000e+001  1.500000e+001  0.000000e+000
      vertex -5.800000e+001  1.500000e+001 -1.000000e+001
    endloop
  endfacet
  facet normal  1.000000e+000  0.000000e+000  0.000000e+000
    outer loop
      vertex -4.800000e+001  3.500000e+001 -1.000000e+001
      vertex -4.800000e+001  3.500000e+001 -5.000000e+000
      vertex -4.800000e+001  1.500000e+001 -1.000000e+001
    endloop
  endfacet
  facet normal  1.000000e+000  0.000000e+000  0.000000e+000
    outer loop
      vertex -4.800000e+001  1.500000e+001 -1.000000e+001
      vertex -4.800000e+001  3.500000e+001 -5.000000e+000
      vertex -4.800000e+001  2.500000e+001 -5.000000e+000
    endloop
  endfacet
  facet normal  1.000000e+000  0.000000e+000  0.000000e+000
    outer loop
      vertex -4.800000e+001  1.500000e+001 -1.000000e+001
      vertex -4.800000e+001  2.500000e+001 -5.000000e+000
      vertex -4.800000e+001  1.500000e+001  0.000000e+000
    endloop
  endfacet
  facet normal  1.000000e+000  -0.000000e+000  0.000000e+000
    outer loop
      vertex -4.800000e+001  1.500000e+001  0.000000e+000
      vertex -4.800000e+001  2.500000e+001 -5.000000e+000
      vertex -4.800000e+001  2.500000e+001  0.000000e+000
    endloop
  endfacet
  facet normal  0.000000e+000  0.000000e+000 -1.000000e+000
    outer loop
      vertex -5.800000e+001  1.500000e+001 -1.000000e+001
      vertex -5.800000e+001  3.500000e+001 -1.000000e+001
      vertex -5.550000e+001  3.000000e+001 -1.000000e+001
    endloop
  endfacet
  facet normal  0.000000e+000  -0.000000e+000 -1.000000e+000
    outer loop
      vertex -5.800000e+001  1.500000e+001 -1.000000e+001
      vertex -5.550000e+001  3.000000e+001 -1.000000e+001
      vertex -5.546202e+001  2.956588e+001 -1.000000e+001
    endloop
  endfacet
  facet normal  0.000000e+000  -0.000000e+000 -1.000000e+000
    outer loop
      vertex -5.800000e+001  1.500000e+001 -1.000000e+001
      vertex -5.546202e+001  2.956588e+001 -1.000000e+001
      vertex -5.534923e+001  2.914495e+001 -1.000000e+001
    endloop
  endfacet
  facet normal  0.000000e+000  -0.000000e+000 -9.999999e-001
    outer loop
      vertex -5.800000e+001  1.500000e+001 -1.000000e+001
      vertex -5.534923e+001  2.914495e+001 -1.000000e+001
      vertex -5.516506e+001  2.875000e+001 -1.000000e+001
    endloop
  endfacet
  facet normal  0.000000e+000  -0.000000e+000 -1.000000e+000
    outer loop
      vertex -5.800000e+001  1.500000e+001 -1.000000e+001
      vertex -5.516506e+001  2.875000e+001 -1.000000e+001
      vertex -4.800000e+001  1.500000e+001 -1.000000e+001
    endloop
  endfacet
  facet normal  0.000000e+000  0.000000e+000 -1.000000e+000
    outer loop
      vertex -4.800000e+001  1.500000e+001 -1.000000e+001
      vertex -5.516506e+001  2.875000e+001 -1.000000e+001
      vertex -5.491511e+001  2.839303e+001 -1.000000e+001
    endloop
  endfacet
  facet normal  0.000000e+000  0.000000e+000 -9.999999e-001
    outer loop
      vertex -4.800000e+001  1.500000e+001 -1.000000e+001
      vertex -5.491511e+001  2.839303e+001 -1.000000e+001
      vertex -5.460697e+001  2.808489e+001 -1.000000e+001
    endloop
  endfacet
  facet normal  0.000000e+000  0.000000e+000 -1.000000e+000
    outer loop
      vertex -4.800000e+001  1.500000e+001 -1.000000e+001
      vertex -5.460697e+001  2.808489e+001 -1.000000e+001
      vertex -5.425000e+001  2.783494e+001 -1.000000e+001
    endloop
  endfacet
  facet normal  0.000000e+000  0.000000e+000 -9.999999e-001
    outer loop
      vertex -4.800000e+001  1.500000e+001 -1.000000e+001
      vertex -5.425000e+001  2.783494e+001 -1.000000e+001
      vertex -5.385505e+001  2.765077e+001 -1.000000e+001
    endloop
  endfacet
  facet normal  0.000000e+000  0.000000e+000 -1.000000e+000
    outer loop
      vertex -4.800000e+001  1.500000e+001 -1.000000e+001
      vertex -5.385505e+001  2.765077e+001 -1.000000e+001
      vertex -5.343412e+001  2.753798e+001 -1.000000e+001
    endloop
  endfacet
  facet normal  0.000000e+000  0.000000e+000 -1.000000e+000
    outer loop
      vertex -4.800000e+001  1.500000e+001 -1.000000e+001
      vertex -5.343412e+001  2.753798e+001 -1.000000e+001
      vertex -5.300000e+001  2.750000e+001 -1.000000e+001
    endloop
  endfacet
  facet normal  0.000000e+000  0.000000e+000 -1.000000e+000
    outer loop
      vertex -4.800000e+001  1.500000e+001 -1.000000e+001
      vertex -5.300000e+001  2.750000e+001 -1.000000e+001
      vertex -5.256588e+001  2.753798e+001 -1.000000e+001
    endloop
  endfacet
  facet normal  0.000000e+000  0.000000e+000 -1.000000e+000
    outer loop
      vertex -4.800000e+001  1.500000e+001 -1.000000e+001
      vertex -5.256588e+001  2.753798e+001 -1.000000e+001
      vertex -5.214495e+001  2.765077e+001 -1.000000e+001
    endloop
  endfacet
  facet normal  0.000000e+000  0.000000e+000 -1.000000e+000
    outer loop
      vertex -4.800000e+001  1.500000e+001 -1.000000e+001
      vertex -5.214495e+001  2.765077e+001 -1.000000e+001
      vertex -5.175000e+001  2.783494e+001 -1.000000e+001
    endloop
  endfacet
  facet normal  0.000000e+000  0.000000e+000 -1.000000e+000
    outer loop
      vertex -4.800000e+001  1.500000e+001 -1.000000e+001
      vertex -5.175000e+001  2.783494e+001 -1.000000e+001
      vertex -5.139303e+001  2.808489e+001 -1.000000e+001
    endloop
  endfacet
  facet normal  0.000000e+000  0.000000e+000 -1.000000e+000
    outer loop
      vertex -4.800000e+001  1.500000e+001 -1.000000e+001
      vertex -5.139303e+001  2.808489e+001 -1.000000e+001
      vertex -5.108489e+001  2.839303e+001 -1.000000e+001
    endloop
  endfacet
  facet normal  0.000000e+000  0.000000e+000 -1.000000e+000
    outer loop
      vertex -4.800000e+001  1.500000e+001 -1.000000e+001
      vertex -5.108489e+001  2.839303e+001 -1.000000e+001
      vertex -5.083494e+001  2.875000e+001 -1.000000e+001
    endloop
  endfacet
  facet normal  0.000000e+000  0.000000e+000 -9.999999e-001
    outer loop
      vertex -4.800000e+001  1.500000e+001 -1.000000e+001
      vertex -5.083494e+001  2.875000e+001 -1.000000e+001
      vertex -5.065077e+001  2.914495e+001 -1.000000e+001
    endloop
  endfacet
  facet normal  0.000000e+000  0.000000e+000 -1.000000e+000
    outer loop
      vertex -4.800000e+001  1.500000e+001 -1.000000e+001
      vertex -5.065077e+001  2.914495e+001 -1.000000e+001
      vertex -5.053798e+001  2.956588e+001 -1.000000e+001
    endloop
  endfacet
  facet normal  0.000000e+000  0.000000e+000 -1.000000e+000
    outer loop
      vertex -4.800000e+001  1.500000e+001 -1.000000e+001
      vertex -5.053798e+001  2.956588e+001 -1.000000e+001
      vertex -5.050000e+001  3.000000e+001 -1.000000e+001
    endloop
  endfacet
  facet normal  0.000000e+000  0.000000e+000 -1.000000e+000
    outer loop
      vertex -4.800000e+001  1.500000e+001 -1.000000e+001
      vertex -5.050000e+001  3.000000e+001 -1.000000e+001
      vertex -4.800000e+001  3.500000e+001 -1.000000e+001
    endloop
  endfacet
  facet normal  0.000000e+000  0.000000e+000 -1.000000e+000
    outer loop
      vertex -4.800000e+001  3.500000e+001 -1.000000e+001
      vertex -5.050000e+001  3.000000e+001 -1.000000e+001
      vertex -5.053798e+001  3.043412e+001 -1.000000e+001
    endloop
  endfacet
  facet normal  0.000000e+000  0.000000e+000 -1.000000e+000
    outer loop
      vertex -4.800000e+001  3.500000e+001 -1.000000e+001
      vertex -5.053798e+001  3.043412e+001 -1.000000e+001
      vertex -5.065077e+001  3.085505e+001 -1.000000e+001
    endloop
  endfacet
  facet normal  0.000000e+000  0.000000e+000 -1.000000e+000
    outer loop
      vertex -4.800000e+001  3.500000e+001 -1.000000e+001
      vertex -5.065077e+001  3.085505e+001 -1.000000e+001
      vertex -5.083494e+001  3.125000e+001 -1.000000e+001
    endloop
  endfacet
  facet normal  0.000000e+000  0.000000e+000 -1.000000e+000
    outer loop
      vertex -4.800000e+001  3.500000e+001 -1.000000e+001
      vertex -5.083494e+001  3.125000e+001 -1.000000e+001
      vertex -5.108489e+001  3.160697e+001 -1.000000e+001
    endloop
  endfacet
  facet normal  0.000000e+000  0.000000e+000 -1.000000e+000
    outer loop
      vertex -4.800000e+001  3.500000e+001 -1.000000e+001
      vertex -5.108489e+001  3.160697e+001 -1.000000e+001
      vertex -5.139303e+001  3.191511e+001 -1.000000e+001
    endloop
  endfacet
  facet normal  0.000000e+000  0.000000e+000 -1.000000e+000
    outer loop
      vertex -4.800000e+001  3.500000e+001 -1.000000e+001
      vertex -5.139303e+001  3.191511e+001 -1.000000e+001
      vertex -5.175000e+001  3.216506e+001 -1.000000e+001
    endloop
  endfacet
  facet normal  0.000000e+000  0.000000e+000 -1.000000e+000
    outer loop
      vertex -4.800000e+001  3.500000e+001 -1.000000e+001
      vertex -5.175000e+001  3.216506e+001 -1.000000e+001
      vertex -5.214495e+001  3.234923e+001 -1.000000e+001
    endloop
  endfacet
  facet normal  0.000000e+000  0.000000e+000 -1.000000e+000
    outer loop
      vertex -4.800000e+001  3.500000e+001 -1.000000e+001
      vertex -5.214495e+001  3.234923e+001 -1.000000e+001
      vertex -5.256588e+001  3.246202e+001 -1.000000e+001
    endloop
  endfacet
  facet normal  0.000000e+000  0.000000e+000 -1.000000e+000
    outer loop
      vertex -4.800000e+001  3.500000e+001 -1.000000e+001
      vertex -5.256588e+001  3.246202e+001 -1.000000e+001
      vertex -5.300000e+001  3.250000e+001 -1.000000e+001
    endloop
  endfacet
  facet normal  -0.000000e+000  0.000000e+000 -1.000000e+000
    outer loop
      vertex -4.800000e+001  3.500000e+001 -1.000000e+001
      vertex -5.300000e+001  3.250000e+001 -1.000000e+001
      vertex -5.343412e+001  3.246202e+001 -1.000000e+001
    endloop
  endfacet
  facet normal  -0.000000e+000  0.000000e+000 -1.000000e+000
    outer loop
      vertex -4.800000e+001  3.500000e+001 -1.000000e+001
      vertex -5.343412e+001  3.246202e+001 -1.000000e+001
      vertex -5.385505e+001  3.234923e+001 -1.000000e+001
    endloop
  endfacet
  facet normal  -0.000000e+000  0.000000e+000 -1.000000e+000
    outer loop
      vertex -5.800000e+001  3.500000e+001 -1.000000e+001
      vertex -4.800000e+001  3.500000e+001 -1.000000e+001
      vertex -5.385505e+001  3.234923e+001 -1.000000e+001
    endloop
  endfacet
  facet normal  -0.000000e+000  0.000000e+000 -9.999999e-001
    outer loop
      vertex -5.800000e+001  3.500000e+001 -1.000000e+001
      vertex -5.385505e+001  3.234923e+001 -1.000000e+001
      vertex -5.425000e+001  3.216506e+001 -1.000000e+001
    endloop
  endfacet
  facet normal  -0.000000e+000  0.000000e+000 -1.000000e+000
    outer loop
      vertex -5.800000e+001  3.500000e+001 -1.000000e+001
      vertex -5.425000e+001  3.216506e+001 -1.000000e+001
      vertex -5.460697e+001  3.191511e+001 -1.000000e+001
    endloop
  endfacet
  facet normal  -0.000000e+000  0.000000e+000 -1.000000e+000
    outer loop
      vertex -5.800000e+001  3.500000e+001 -1.000000e+001
      vertex -5.460697e+001  3.191511e+001 -1.000000e+001
      vertex -5.491511e+001  3.160697e+001 -1.000000e+001
    endloop
  endfacet
  facet normal  -0.000000e+000  0.000000e+000 -1.000000e+000
    outer loop
      vertex -5.800000e+001  3.500000e+001 -1.000000e+001
      vertex -5.491511e+001  3.160697e+001 -1.000000e+001
      vertex -5.516506e+001  3.125000e+001 -1.000000e+001
    endloop
  endfacet
  facet normal  -0.000000e+000  0.000000e+000 -1.000000e+000
    outer loop
      vertex -5.800000e+001  3.500000e+001 -1.000000e+001
      vertex -5.516506e+001  3.125000e+001 -1.000000e+001
      vertex -5.534923e+001  3.085505e+001 -1.000000e+001
    endloop
  endfacet
  facet normal  -0.000000e+000  0.000000e+000 -1.000000e+000
    outer loop
      vertex -5.800000e+001  3.500000e+001 -1.000000e+001
      vertex -5.534923e+001  3.085505e+001 -1.000000e+001
      vertex -5.546202e+001  3.043412e+001 -1.000000e+001
    endloop
  endfacet
  facet normal  -0.000000e+000  0.000000e+000 -1.000000e+000
    outer loop
      vertex -5.800000e+001  3.500000e+001 -1.000000e+001
      vertex -5.546202e+001  3.043412e+001 -1.000000e+001
      vertex -5.550000e+001  3.000000e+001 -1.000000e+001
    endloop
  endfacet
  facet normal  1.000000e+000  0.000000e+000  0.000000e+000
    outer loop
      vertex -4.800000e+001 -1.500000e+001 -1.000000e+001
      vertex -4.800000e+001 -1.500000e+001  0.000000e+000
      vertex -4.800000e+001 -2.500000e+001  0.000000e+000
    endloop
  endfacet
  facet normal  1.000000e+000  0.000000e+000  0.000000e+000
    outer loop
      vertex -4.800000e+001 -1.500000e+001 -1.000000e+001
      vertex -4.800000e+001 -2.500000e+001  0.000000e+000
      vertex -4.800000e+001 -2.500000e+001 -5.000000e+000
    endloop
  endfacet
  facet normal  1.000000e+000  0.000000e+000  0.000000e+000
    outer loop
      vertex -4.800000e+001 -1.500000e+001 -1.000000e+001
      vertex -4.800000e+001 -2.500000e+001 -5.000000e+000
      vertex -4.800000e+001 -3.500000e+001 -5.000000e+000
    endloop
  endfacet
  facet normal  1.000000e+000  0.000000e+000  0.000000e+000
    outer loop
      vertex -4.800000e+001 -1.500000e+001 -1.000000e+001
      vertex -4.800000e+001 -3.500000e+001 -5.000000e+000
      vertex -4.800000e+001 -3.500000e+001 -1.000000e+001
    endloop
  endfacet
  facet normal  0.000000e+000  1.000000e+000  -0.000000e+000
    outer loop
      vertex -4.800000e+001 -1.500000e+001  0.000000e+000
      vertex -4.800000e+001 -1.500000e+001 -1.000000e+001
      vertex -5.800000e+001 -1.500000e+001  0.000000e+000
    endloop
  endfacet
  facet normal  0.000000e+000  1.000000e+000  0.000000e+000
    outer loop
      vertex -5.800000e+001 -1.500000e+001  0.000000e+000
      vertex -4.800000e+001 -1.500000e+001 -1.000000e+001
      vertex -5.800000e+001 -1.500000e+001 -1.000000e+001
    endloop
  endfacet
  facet normal -1.000000e+000  0.000000e+000  0.000000e+000
    outer loop
      vertex -5.800000e+001 -3.500000e+001 -1.000000e+001
      vertex -5.800000e+001 -3.500000e+001 -5.000000e+000
      vertex -5.800000e+001 -1.500000e+001 -1.000000e+001
    endloop
  endfacet
  facet normal -1.000000e+000  0.000000e+000  0.000000e+000
    outer loop
      vertex -5.800000e+001 -1.500000e+001 -1.000000e+001
      vertex -5.800000e+001 -3.500000e+001 -5.000000e+000
      vertex -5.800000e+001 -2.500000e+001 -5.000000e+000
    endloop
  endfacet
  facet normal -1.000000e+000  0.000000e+000  0.000000e+000
    outer loop
      vertex -5.800000e+001 -1.500000e+001 -1.000000e+001
      vertex -5.800000e+001 -2.500000e+001 -5.000000e+000
      vertex -5.800000e+001 -1.500000e+001  0.000000e+000
    endloop
  endfacet
  facet normal -1.000000e+000  0.000000e+000  0.000000e+000
    outer loop
      vertex -5.800000e+001 -1.500000e+001  0.000000e+000
      vertex -5.800000e+001 -2.500000e+001 -5.000000e+000
      vertex -5.800000e+001 -2.500000e+001 -8.881784e-016
    endloop
  endfacet
  facet normal  0.000000e+000  0.000000e+000 -1.000000e+000
    outer loop
      vertex -5.800000e+001 -3.500000e+001 -1.000000e+001
      vertex -5.800000e+001 -1.500000e+001 -1.000000e+001
      vertex -5.550000e+001 -3.000000e+001 -1.000000e+001
    endloop
  endfacet
  facet normal  0.000000e+000  -0.000000e+000 -1.000000e+000
    outer loop
      vertex -5.800000e+001 -3.500000e+001 -1.000000e+001
      vertex -5.550000e+001 -3.000000e+001 -1.000000e+001
      vertex -5.546202e+001 -3.043412e+001 -1.000000e+001
    endloop
  endfacet
  facet normal  0.000000e+000  -0.000000e+000 -1.000000e+000
    outer loop
      vertex -5.800000e+001 -3.500000e+001 -1.000000e+001
      vertex -5.546202e+001 -3.043412e+001 -1.000000e+001
      vertex -5.534923e+001 -3.085505e+001 -1.000000e+001
    endloop
  endfacet
  facet normal  0.000000e+000  -0.000000e+000 -1.000000e+000
    outer loop
      vertex -5.800000e+001 -3.500000e+001 -1.000000e+001
      vertex -5.534923e+001 -3.085505e+001 -1.000000e+001
      vertex -5.516506e+001 -3.125000e+001 -1.000000e+001
    endloop
  endfacet
  facet normal  0.000000e+000  -0.000000e+000 -1.000000e+000
    outer loop
      vertex -5.800000e+001 -3.500000e+001 -1.000000e+001
      vertex -5.516506e+001 -3.125000e+001 -1.000000e+001
      vertex -5.491511e+001 -3.160697e+001 -1.000000e+001
    endloop
  endfacet
  facet normal  0.000000e+000  -0.000000e+000 -1.000000e+000
    outer loop
      vertex -5.800000e+001 -3.500000e+001 -1.000000e+001
      vertex -5.491511e+001 -3.160697e+001 -1.000000e+001
      vertex -5.460697e+001 -3.191511e+001 -1.000000e+001
    endloop
  endfacet
  facet normal  0.000000e+000  -0.000000e+000 -1.000000e+000
    outer loop
      vertex -5.800000e+001 -3.500000e+001 -1.000000e+001
      vertex -5.460697e+001 -3.191511e+001 -1.000000e+001
      vertex -5.425000e+001 -3.216506e+001 -1.000000e+001
    endloop
  endfacet
  facet normal  0.000000e+000  -0.000000e+000 -1.000000e+000
    outer loop
      vertex -5.800000e+001 -3.500000e+001 -1.000000e+001
      vertex -5.425000e+001 -3.216506e+001 -1.000000e+001
      vertex -5.385505e+001 -3.234923e+001 -1.000000e+001
    endloop
  endfacet
  facet normal  0.000000e+000  -0.000000e+000 -1.000000e+000
    outer loop
      vertex -5.800000e+001 -3.500000e+001 -1.000000e+001
      vertex -5.385505e+001 -3.234923e+001 -1.000000e+001
      vertex -4.800000e+001 -3.500000e+001 -1.000000e+001
    endloop
  endfacet
  facet normal  0.000000e+000  0.000000e+000 -1.000000e+000
    outer loop
      vertex -4.800000e+001 -3.500000e+001 -1.000000e+001
      vertex -5.385505e+001 -3.234923e+001 -1.000000e+001
      vertex -5.343412e+001 -3.246202e+001 -1.000000e+001
    endloop
  endfacet
  facet normal  0.000000e+000  0.000000e+000 -1.000000e+000
    outer loop
      vertex -4.800000e+001 -3.500000e+001 -1.000000e+001
      vertex -5.343412e+001 -3.246202e+001 -1.000000e+001
      vertex -5.300000e+001 -3.250000e+001 -1.000000e+001
    endloop
  endfacet
  facet normal  0.000000e+000  0.000000e+000 -1.000000e+000
    outer loop
      vertex -4.800000e+001 -3.500000e+001 -1.000000e+001
      vertex -5.300000e+001 -3.250000e+001 -1.000000e+001
      vertex -5.256588e+001 -3.246202e+001 -1.000000e+001
    endloop
  endfacet
  facet normal  0.000000e+000  0.000000e+000 -1.000000e+000
    outer loop
      vertex -4.800000e+001 -3.500000e+001 -1.000000e+001
      vertex -5.256588e+001 -3.246202e+001 -1.000000e+001
      vertex -5.214495e+001 -3.234923e+001 -1.000000e+001
    endloop
  endfacet
  facet normal  0.000000e+000  0.000000e+000 -9.999999e-001
    outer loop
      vertex -4.800000e+001 -3.500000e+001 -1.000000e+001
      vertex -5.214495e+001 -3.234923e+001 -1.000000e+001
      vertex -5.175000e+001 -3.216506e+001 -1.000000e+001
    endloop
  endfacet
  facet normal  0.000000e+000  0.000000e+000 -1.000000e+000
    outer loop
      vertex -4.800000e+001 -3.500000e+001 -1.000000e+001
      vertex -5.175000e+001 -3.216506e+001 -1.000000e+001
      vertex -5.139303e+001 -3.191511e+001 -1.000000e+001
    endloop
  endfacet
  facet normal  0.000000e+000  0.000000e+000 -1.000000e+000
    outer loop
      vertex -4.800000e+001 -3.500000e+001 -1.000000e+001
      vertex -5.139303e+001 -3.191511e+001 -1.000000e+001
      vertex -5.108489e+001 -3.160697e+001 -1.000000e+001
    endloop
  endfacet
  facet normal  0.000000e+000  0.000000e+000 -1.000000e+000
    outer loop
      vertex -4.800000e+001 -3.500000e+001 -1.000000e+001
      vertex -5.108489e+001 -3.160697e+001 -1.000000e+001
      vertex -5.083494e+001 -3.125000e+001 -1.000000e+001
    endloop
  endfacet
  facet normal  0.000000e+000  0.000000e+000 -1.000000e+000
    outer loop
      vertex -4.800000e+001 -3.500000e+001 -1.000000e+001
      vertex -5.083494e+001 -3.125000e+001 -1.000000e+001
      vertex -5.065077e+001 -3.085505e+001 -1.000000e+001
    endloop
  endfacet
  facet normal  0.000000e+000  0.000000e+000 -1.000000e+000
    outer loop
      vertex -4.800000e+001 -3.500000e+001 -1.000000e+001
      vertex -5.065077e+001 -3.085505e+001 -1.000000e+001
      vertex -5.053798e+001 -3.043412e+001 -1.000000e+001
    endloop
  endfacet
  facet normal  0.000000e+000  0.000000e+000 -1.000000e+000
    outer loop
      vertex -4.800000e+001 -3.500000e+001 -1.000000e+001
      vertex -5.053798e+001 -3.043412e+001 -1.000000e+001
      vertex -5.050000e+001 -3.000000e+001 -1.000000e+001
    endloop
  endfacet
  facet normal  0.000000e+000  0.000000e+000 -1.000000e+000
    outer loop
      vertex -4.800000e+001 -3.500000e+001 -1.000000e+001
      vertex -5.050000e+001 -3.000000e+001 -1.000000e+001
      vertex -4.800000e+001 -1.500000e+001 -1.000000e+001
    endloop
  endfacet
  facet normal  0.000000e+000  0.000000e+000 -1.000000e+000
    outer loop
      vertex -4.800000e+001 -1.500000e+001 -1.000000e+001
      vertex -5.050000e+001 -3.000000e+001 -1.000000e+001
      vertex -5.053798e+001 -2.956588e+001 -1.000000e+001
    endloop
  endfacet
  facet normal  0.000000e+000  0.000000e+000 -1.000000e+000
    outer loop
      vertex -4.800000e+001 -1.500000e+001 -1.000000e+001
      vertex -5.053798e+001 -2.956588e+001 -1.000000e+001
      vertex -5.065077e+001 -2.914495e+001 -1.000000e+001
    endloop
  endfacet
  facet normal  0.000000e+000  0.000000e+000 -9.999999e-001
    outer loop
      vertex -4.800000e+001 -1.500000e+001 -1.000000e+001
      vertex -5.065077e+001 -2.914495e+001 -1.000000e+001
      vertex -5.083494e+001 -2.875000e+001 -1.000000e+001
    endloop
  endfacet
  facet normal  0.000000e+000  0.000000e+000 -1.000000e+000
    outer loop
      vertex -4.800000e+001 -1.500000e+001 -1.000000e+001
      vertex -5.083494e+001 -2.875000e+001 -1.000000e+001
      vertex -5.108489e+001 -2.839303e+001 -1.000000e+001
    endloop
  endfacet
  facet normal  0.000000e+000  0.000000e+000 -1.000000e+000
    outer loop
      vertex -4.800000e+001 -1.500000e+001 -1.000000e+001
      vertex -5.108489e+001 -2.839303e+001 -1.000000e+001
      vertex -5.139303e+001 -2.808489e+001 -1.000000e+001
    endloop
  endfacet
  facet normal  0.000000e+000  0.000000e+000 -1.000000e+000
    outer loop
      vertex -4.800000e+001 -1.500000e+001 -1.000000e+001
      vertex -5.139303e+001 -2.808489e+001 -1.000000e+001
      vertex -5.175000e+001 -2.783494e+001 -1.000000e+001
    endloop
  endfacet
  facet normal  0.000000e+000  0.000000e+000 -1.000000e+000
    outer loop
      vertex -4.800000e+001 -1.500000e+001 -1.000000e+001
      vertex -5.175000e+001 -2.783494e+001 -1.000000e+001
      vertex -5.214495e+001 -2.765077e+001 -1.000000e+001
    endloop
  endfacet
  facet normal  0.000000e+000  0.000000e+000 -1.000000e+000
    outer loop
      vertex -4.800000e+001 -1.500000e+001 -1.000000e+001
      vertex -5.214495e+001 -2.765077e+001 -1.000000e+001
      vertex -5.256588e+001 -2.753798e+001 -1.000000e+001
    endloop
  endfacet
  facet normal  0.000000e+000  0.000000e+000 -1.000000e+000
    outer loop
      vertex -4.800000e+001 -1.500000e+001 -1.000000e+001
      vertex -5.256588e+001 -2.753798e+001 -1.000000e+001
      vertex -5.300000e+001 -2.750000e+001 -1.000000e+001
    endloop
  endfacet
  facet normal  -0.000000e+000  0.000000e+000 -1.000000e+000
    outer loop
      vertex -4.800000e+001 -1.500000e+001 -1.000000e+001
      vertex -5.300000e+001 -2.750000e+001 -1.000000e+001
      vertex -5.343412e+001 -2.753798e+001 -1.000000e+001
    endloop
  endfacet
  facet normal  -0.000000e+000  0.000000e+000 -1.000000e+000
    outer loop
      vertex -4.800000e+001 -1.500000e+001 -1.000000e+001
      vertex -5.343412e+001 -2.753798e+001 -1.000000e+001
      vertex -5.385505e+001 -2.765077e+001 -1.000000e+001
    endloop
  endfacet
  facet normal  -0.000000e+000  0.000000e+000 -9.999999e-001
    outer loop
      vertex -4.800000e+001 -1.500000e+001 -1.000000e+001
      vertex -5.385505e+001 -2.765077e+001 -1.000000e+001
      vertex -5.425000e+001 -2.783494e+001 -1.000000e+001
    endloop
  endfacet
  facet normal  -0.000000e+000  0.000000e+000 -1.000000e+000
    outer loop
      vertex -4.800000e+001 -1.500000e+001 -1.000000e+001
      vertex -5.425000e+001 -2.783494e+001 -1.000000e+001
      vertex -5.460697e+001 -2.808489e+001 -1.000000e+001
    endloop
  endfacet
  facet normal  -0.000000e+000  0.000000e+000 -9.999999e-001
    outer loop
      vertex -4.800000e+001 -1.500000e+001 -1.000000e+001
      vertex -5.460697e+001 -2.808489e+001 -1.000000e+001
      vertex -5.491511e+001 -2.839303e+001 -1.000000e+001
    endloop
  endfacet
  facet normal  -0.000000e+000  0.000000e+000 -1.000000e+000
    outer loop
      vertex -4.800000e+001 -1.500000e+001 -1.000000e+001
      vertex -5.491511e+001 -2.839303e+001 -1.000000e+001
      vertex -5.516506e+001 -2.875000e+001 -1.000000e+001
    endloop
  endfacet
  facet normal  -0.000000e+000  0.000000e+000 -1.000000e+000
    outer loop
      vertex -5.800000e+001 -1.500000e+001 -1.000000e+001
      vertex -4.800000e+001 -1.500000e+001 -1.000000e+001
      vertex -5.516506e+001 -2.875000e+001 -1.000000e+001
    endloop
  endfacet
  facet normal  -0.000000e+000  0.000000e+000 -9.999999e-001
    outer loop
      vertex -5.800000e+001 -1.500000e+001 -1.000000e+001
      vertex -5.516506e+001 -2.875000e+001 -1.000000e+001
      vertex -5.534923e+001 -2.914495e+001 -1.000000e+001
    endloop
  endfacet
  facet normal  -0.000000e+000  0.000000e+000 -1.000000e+000
    outer loop
      vertex -5.800000e+001 -1.500000e+001 -1.000000e+001
      vertex -5.534923e+001 -2.914495e+001 -1.000000e+001
      vertex -5.546202e+001 -2.956588e+001 -1.000000e+001
    endloop
  endfacet
  facet normal  -0.000000e+000  0.000000e+000 -1.000000e+000
    outer loop
      vertex -5.800000e+001 -1.500000e+001 -1.000000e+001
      vertex -5.546202e+001 -2.956588e+001 -1.000000e+001
      vertex -5.550000e+001 -3.000000e+001 -1.000000e+001
    endloop
  endfacet
  facet normal  0.000000e+000  1.000000e+000  -0.000000e+000
    outer loop
      vertex  3.514000e+001 -3.300000e+001  8.881784e-016
      vertex  3.514000e+001 -3.300000e+001 -1.000000e+001
      vertex  2.514000e+001 -3.300000e+001  0.000000e+000
    endloop
  endfacet
  facet normal  0.000000e+000  1.000000e+000  0.000000e+000
    outer loop
      vertex  2.514000e+001 -3.300000e+001  0.000000e+000
      vertex  3.514000e+001 -3.300000e+001 -1.000000e+001
      vertex  2.514000e+001 -3.300000e+001 -1.000000e+001
    endloop
  endfacet
  facet normal -1.000000e+000  0.000000e+000  0.000000e+000
    outer loop
      vertex  2.514000e+001 -3.300000e+001  1.000000e+001
      vertex  2.514000e+001 -3.300000e+001  0.000000e+000
      vertex  2.514000e+001 -4.000000e+001  1.000000e+001
    endloop
  endfacet
  facet normal -1.000000e+000  0.000000e+000  0.000000e+000
    outer loop
      vertex  2.514000e+001 -4.000000e+001  1.000000e+001
      vertex  2.514000e+001 -3.300000e+001  0.000000e+000
      vertex  2.514000e+001 -3.300000e+001 -1.000000e+001
    endloop
  endfacet
  facet normal -1.000000e+000  0.000000e+000  0.000000e+000
    outer loop
      vertex  2.514000e+001 -4.000000e+001  1.000000e+001
      vertex  2.514000e+001 -3.300000e+001 -1.000000e+001
      vertex  2.514000e+001 -4.000000e+001 -5.000000e+000
    endloop
  endfacet
  facet normal -1.000000e+000  0.000000e+000  -0.000000e+000
    outer loop
      vertex  2.514000e+001 -4.000000e+001 -5.000000e+000
      vertex  2.514000e+001 -3.300000e+001 -1.000000e+001
      vertex  2.514000e+001 -5.000000e+001 -1.000000e+001
    endloop
  endfacet
  facet normal -1.000000e+000  0.000000e+000  0.000000e+000
    outer loop
      vertex  2.514000e+001 -4.000000e+001 -5.000000e+000
      vertex  2.514000e+001 -5.000000e+001 -1.000000e+001
      vertex  2.514000e+001 -5.000000e+001 -5.000000e+000
    endloop
  endfacet
  facet normal  0.000000e+000  0.000000e+000 -1.000000e+000
    outer loop
      vertex  2.514000e+001 -5.000000e+001 -1.000000e+001
      vertex  2.514000e+001 -3.300000e+001 -1.000000e+001
      vertex  2.764000e+001 -4.500000e+001 -1.000000e+001
    endloop
  endfacet
  facet normal  0.000000e+000  -0.000000e+000 -1.000000e+000
    outer loop
      vertex  2.514000e+001 -5.000000e+001 -1.000000e+001
      vertex  2.764000e+001 -4.500000e+001 -1.000000e+001
      vertex  2.767798e+001 -4.543412e+001 -1.000000e+001
    endloop
  endfacet
  facet normal  0.000000e+000  -0.000000e+000 -1.000000e+000
    outer loop
      vertex  2.514000e+001 -5.000000e+001 -1.000000e+001
      vertex  2.767798e+001 -4.543412e+001 -1.000000e+001
      vertex  2.779077e+001 -4.585505e+001 -1.000000e+001
    endloop
  endfacet
  facet normal  0.000000e+000  -0.000000e+000 -9.999999e-001
    outer loop
      vertex  2.514000e+001 -5.000000e+001 -1.000000e+001
      vertex  2.779077e+001 -4.585505e+001 -1.000000e+001
      vertex  2.797494e+001 -4.625000e+001 -1.000000e+001
    endloop
  endfacet
  facet normal  0.000000e+000  -0.000000e+000 -1.000000e+000
    outer loop
      vertex  2.514000e+001 -5.000000e+001 -1.000000e+001
      vertex  2.797494e+001 -4.625000e+001 -1.000000e+001
      vertex  2.822489e+001 -4.660697e+001 -1.000000e+001
    endloop
  endfacet
  facet normal  0.000000e+000  -0.000000e+000 -1.000000e+000
    outer loop
      vertex  2.514000e+001 -5.000000e+001 -1.000000e+001
      vertex  2.822489e+001 -4.660697e+001 -1.000000e+001
      vertex  2.853303e+001 -4.691511e+001 -1.000000e+001
    endloop
  endfacet
  facet normal  0.000000e+000  -0.000000e+000 -1.000000e+000
    outer loop
      vertex  2.514000e+001 -5.000000e+001 -1.000000e+001
      vertex  2.853303e+001 -4.691511e+001 -1.000000e+001
      vertex  2.889000e+001 -4.716506e+001 -1.000000e+001
    endloop
  endfacet
  facet normal  0.000000e+000  -0.000000e+000 -1.000000e+000
    outer loop
      vertex  2.514000e+001 -5.000000e+001 -1.000000e+001
      vertex  2.889000e+001 -4.716506e+001 -1.000000e+001
      vertex  2.928495e+001 -4.734923e+001 -1.000000e+001
    endloop
  endfacet
  facet normal  0.000000e+000  -0.000000e+000 -1.000000e+000
    outer loop
      vertex  2.514000e+001 -5.000000e+001 -1.000000e+001
      vertex  2.928495e+001 -4.734923e+001 -1.000000e+001
      vertex  3.514000e+001 -5.000000e+001 -1.000000e+001
    endloop
  endfacet
  facet normal  0.000000e+000  0.000000e+000 -1.000000e+000
    outer loop
      vertex  3.514000e+001 -5.000000e+001 -1.000000e+001
      vertex  2.928495e+001 -4.734923e+001 -1.000000e+001
      vertex  2.970588e+001 -4.746202e+001 -1.000000e+001
    endloop
  endfacet
  facet normal  0.000000e+000  0.000000e+000 -1.000000e+000
    outer loop
      vertex  3.514000e+001 -5.000000e+001 -1.000000e+001
      vertex  2.970588e+001 -4.746202e+001 -1.000000e+001
      vertex  3.014000e+001 -4.750000e+001 -1.000000e+001
    endloop
  endfacet
  facet normal  0.000000e+000  0.000000e+000 -1.000000e+000
    outer loop
      vertex  3.514000e+001 -5.000000e+001 -1.000000e+001
      vertex  3.014000e+001 -4.750000e+001 -1.000000e+001
      vertex  3.057412e+001 -4.746202e+001 -1.000000e+001
    endloop
  endfacet
  facet normal  0.000000e+000  0.000000e+000 -1.000000e+000
    outer loop
      vertex  3.514000e+001 -5.000000e+001 -1.000000e+001
      vertex  3.057412e+001 -4.746202e+001 -1.000000e+001
      vertex  3.099505e+001 -4.734923e+001 -1.000000e+001
    endloop
  endfacet
  facet normal  0.000000e+000  0.000000e+000 -1.000000e+000
    outer loop
      vertex  3.514000e+001 -5.000000e+001 -1.000000e+001
      vertex  3.099505e+001 -4.734923e+001 -1.000000e+001
      vertex  3.139000e+001 -4.716506e+001 -1.000000e+001
    endloop
  endfacet
  facet normal  0.000000e+000  0.000000e+000 -1.000000e+000
    outer loop
      vertex  3.514000e+001 -5.000000e+001 -1.000000e+001
      vertex  3.139000e+001 -4.716506e+001 -1.000000e+001
      vertex  3.174697e+001 -4.691511e+001 -1.000000e+001
    endloop
  endfacet
  facet normal  0.000000e+000  0.000000e+000 -1.000000e+000
    outer loop
      vertex  3.514000e+001 -5.000000e+001 -1.000000e+001
      vertex  3.174697e+001 -4.691511e+001 -1.000000e+001
      vertex  3.205511e+001 -4.660697e+001 -1.000000e+001
    endloop
  endfacet
  facet normal  0.000000e+000  0.000000e+000 -1.000000e+000
    outer loop
      vertex  3.514000e+001 -5.000000e+001 -1.000000e+001
      vertex  3.205511e+001 -4.660697e+001 -1.000000e+001
      vertex  3.230507e+001 -4.625000e+001 -1.000000e+001
    endloop
  endfacet
  facet normal  0.000000e+000  0.000000e+000 -1.000000e+000
    outer loop
      vertex  3.514000e+001 -5.000000e+001 -1.000000e+001
      vertex  3.230507e+001 -4.625000e+001 -1.000000e+001
      vertex  3.248923e+001 -4.585505e+001 -1.000000e+001
    endloop
  endfacet
  facet normal  0.000000e+000  0.000000e+000 -1.000000e+000
    outer loop
      vertex  3.514000e+001 -5.000000e+001 -1.000000e+001
      vertex  3.248923e+001 -4.585505e+001 -1.000000e+001
      vertex  3.260202e+001 -4.543412e+001 -1.000000e+001
    endloop
  endfacet
  facet normal  0.000000e+000  0.000000e+000 -1.000000e+000
    outer loop
      vertex  3.514000e+001 -5.000000e+001 -1.000000e+001
      vertex  3.260202e+001 -4.543412e+001 -1.000000e+001
      vertex  3.264000e+001 -4.500000e+001 -1.000000e+001
    endloop
  endfacet
  facet normal  0.000000e+000  0.000000e+000 -1.000000e+000
    outer loop
      vertex  3.514000e+001 -5.000000e+001 -1.000000e+001
      vertex  3.264000e+001 -4.500000e+001 -1.000000e+001
      vertex  3.514000e+001 -3.300000e+001 -1.000000e+001
    endloop
  endfacet
  facet normal  0.000000e+000  0.000000e+000 -1.000000e+000
    outer loop
      vertex  3.514000e+001 -3.300000e+001 -1.000000e+001
      vertex  3.264000e+001 -4.500000e+001 -1.000000e+001
      vertex  3.260202e+001 -4.456588e+001 -1.000000e+001
    endloop
  endfacet
  facet normal  0.000000e+000  0.000000e+000 -1.000000e+000
    outer loop
      vertex  3.514000e+001 -3.300000e+001 -1.000000e+001
      vertex  3.260202e+001 -4.456588e+001 -1.000000e+001
      vertex  3.248923e+001 -4.414495e+001 -1.000000e+001
    endloop
  endfacet
  facet normal  0.000000e+000  0.000000e+000 -1.000000e+000
    outer loop
      vertex  3.514000e+001 -3.300000e+001 -1.000000e+001
      vertex  3.248923e+001 -4.414495e+001 -1.000000e+001
      vertex  3.230507e+001 -4.375000e+001 -1.000000e+001
    endloop
  endfacet
  facet normal  0.000000e+000  0.000000e+000 -9.999999e-001
    outer loop
      vertex  3.514000e+001 -3.300000e+001 -1.000000e+001
      vertex  3.230507e+001 -4.375000e+001 -1.000000e+001
      vertex  3.205511e+001 -4.339303e+001 -1.000000e+001
    endloop
  endfacet
  facet normal  0.000000e+000  0.000000e+000 -1.000000e+000
    outer loop
      vertex  3.514000e+001 -3.300000e+001 -1.000000e+001
      vertex  3.205511e+001 -4.339303e+001 -1.000000e+001
      vertex  3.174697e+001 -4.308489e+001 -1.000000e+001
    endloop
  endfacet
  facet normal  0.000000e+000  0.000000e+000 -1.000000e+000
    outer loop
      vertex  3.514000e+001 -3.300000e+001 -1.000000e+001
      vertex  3.174697e+001 -4.308489e+001 -1.000000e+001
      vertex  3.139000e+001 -4.283494e+001 -1.000000e+001
    endloop
  endfacet
  facet normal  0.000000e+000  0.000000e+000 -1.000000e+000
    outer loop
      vertex  3.514000e+001 -3.300000e+001 -1.000000e+001
      vertex  3.139000e+001 -4.283494e+001 -1.000000e+001
      vertex  3.099505e+001 -4.265077e+001 -1.000000e+001
    endloop
  endfacet
  facet normal  0.000000e+000  0.000000e+000 -1.000000e+000
    outer loop
      vertex  3.514000e+001 -3.300000e+001 -1.000000e+001
      vertex  3.099505e+001 -4.265077e+001 -1.000000e+001
      vertex  3.057412e+001 -4.253798e+001 -1.000000e+001
    endloop
  endfacet
  facet normal  0.000000e+000  0.000000e+000 -1.000000e+000
    outer loop
      vertex  3.514000e+001 -3.300000e+001 -1.000000e+001
      vertex  3.057412e+001 -4.253798e+001 -1.000000e+001
      vertex  3.014000e+001 -4.250000e+001 -1.000000e+001
    endloop
  endfacet
  facet normal  -0.000000e+000  0.000000e+000 -1.000000e+000
    outer loop
      vertex  3.514000e+001 -3.300000e+001 -1.000000e+001
      vertex  3.014000e+001 -4.250000e+001 -1.000000e+001
      vertex  2.970588e+001 -4.253798e+001 -1.000000e+001
    endloop
  endfacet
  facet normal  -0.000000e+000  0.000000e+000 -1.000000e+000
    outer loop
      vertex  3.514000e+001 -3.300000e+001 -1.000000e+001
      vertex  2.970588e+001 -4.253798e+001 -1.000000e+001
      vertex  2.928495e+001 -4.265077e+001 -1.000000e+001
    endloop
  endfacet
  facet normal  -0.000000e+000  0.000000e+000 -1.000000e+000
    outer loop
      vertex  3.514000e+001 -3.300000e+001 -1.000000e+001
      vertex  2.928495e+001 -4.265077e+001 -1.000000e+001
      vertex  2.889000e+001 -4.283494e+001 -1.000000e+001
    endloop
  endfacet
  facet normal  -0.000000e+000  0.000000e+000 -1.000000e+000
    outer loop
      vertex  3.514000e+001 -3.300000e+001 -1.000000e+001
      vertex  2.889000e+001 -4.283494e+001 -1.000000e+001
      vertex  2.853303e+001 -4.308489e+001 -1.000000e+001
    endloop
  endfacet
  facet normal  -0.000000e+000  0.000000e+000 -1.000000e+000
    outer loop
      vertex  3.514000e+001 -3.300000e+001 -1.000000e+001
      vertex  2.853303e+001 -4.308489e+001 -1.000000e+001
      vertex  2.822489e+001 -4.339303e+001 -1.000000e+001
    endloop
  endfacet
  facet normal  -0.000000e+000  0.000000e+000 -1.000000e+000
    outer loop
      vertex  3.514000e+001 -3.300000e+001 -1.000000e+001
      vertex  2.822489e+001 -4.339303e+001 -1.000000e+001
      vertex  2.797494e+001 -4.375000e+001 -1.000000e+001
    endloop
  endfacet
  facet normal  -0.000000e+000  0.000000e+000 -1.000000e+000
    outer loop
      vertex  2.514000e+001 -3.300000e+001 -1.000000e+001
      vertex  3.514000e+001 -3.300000e+001 -1.000000e+001
      vertex  2.797494e+001 -4.375000e+001 -1.000000e+001
    endloop
  endfacet
  facet normal  -0.000000e+000  0.000000e+000 -1.000000e+000
    outer loop
      vertex  2.514000e+001 -3.300000e+001 -1.000000e+001
      vertex  2.797494e+001 -4.375000e+001 -1.000000e+001
      vertex  2.779077e+001 -4.414495e+001 -1.000000e+001
    endloop
  endfacet
  facet normal  -0.000000e+000  0.000000e+000 -1.000000e+000
    outer loop
      vertex  2.514000e+001 -3.300000e+001 -1.000000e+001
      vertex  2.779077e+001 -4.414495e+001 -1.000000e+001
      vertex  2.767798e+001 -4.456588e+001 -1.000000e+001
    endloop
  endfacet
  facet normal  -0.000000e+000  0.000000e+000 -1.000000e+000
    outer loop
      vertex  2.514000e+001 -3.300000e+001 -1.000000e+001
      vertex  2.767798e+001 -4.456588e+001 -1.000000e+001
      vertex  2.764000e+001 -4.500000e+001 -1.000000e+001
    endloop
  endfacet
  facet normal -1.000000e+000  -0.000000e+000  0.000000e+000
    outer loop
      vertex  2.514000e+001  3.300000e+001  1.000000e+001
      vertex  2.514000e+001  4.000000e+001  1.000000e+001
      vertex  2.514000e+001  3.300000e+001  0.000000e+000
    endloop
  endfacet
  facet normal -1.000000e+000  0.000000e+000  0.000000e+000
    outer loop
      vertex  2.514000e+001  3.300000e+001  0.000000e+000
      vertex  2.514000e+001  4.000000e+001  1.000000e+001
      vertex  2.514000e+001  4.000000e+001 -5.000000e+000
    endloop
  endfacet
  facet normal -1.000000e+000  -0.000000e+000  0.000000e+000
    outer loop
      vertex  2.514000e+001  3.300000e+001  0.000000e+000
      vertex  2.514000e+001  4.000000e+001 -5.000000e+000
      vertex  2.514000e+001  3.300000e+001 -1.000000e+001
    endloop
  endfacet
  facet normal -1.000000e+000  0.000000e+000  0.000000e+000
    outer loop
      vertex  2.514000e+001  3.300000e+001 -1.000000e+001
      vertex  2.514000e+001  4.000000e+001 -5.000000e+000
      vertex  2.514000e+001  5.000000e+001 -5.000000e+000
    endloop
  endfacet
  facet normal -1.000000e+000  0.000000e+000  -0.000000e+000
    outer loop
      vertex  2.514000e+001  3.300000e+001 -1.000000e+001
      vertex  2.514000e+001  5.000000e+001 -5.000000e+000
      vertex  2.514000e+001  5.000000e+001 -1.000000e+001
    endloop
  endfacet
  facet normal  0.000000e+000 -1.000000e+000  0.000000e+000
    outer loop
      vertex  2.514000e+001  3.300000e+001  0.000000e+000
      vertex  2.514000e+001  3.300000e+001 -1.000000e+001
      vertex  3.514000e+001  3.300000e+001  1.776357e-015
    endloop
  endfacet
  facet normal  0.000000e+000 -1.000000e+000  -0.000000e+000
    outer loop
      vertex  3.514000e+001  3.300000e+001  1.776357e-015
      vertex  2.514000e+001  3.300000e+001 -1.000000e+001
      vertex  3.514000e+001  3.300000e+001 -1.000000e+001
    endloop
  endfacet
  facet normal  1.000000e+000  -0.000000e+000  0.000000e+000
    outer loop
      vertex  3.514000e+001 -3.300000e+001  8.881784e-016
      vertex  3.514000e+001 -4.000000e+001 -5.000000e+000
      vertex  3.514000e+001 -3.300000e+001 -1.000000e+001
    endloop
  endfacet
  facet normal  1.000000e+000  0.000000e+000  0.000000e+000
    outer loop
      vertex  3.514000e+001 -3.300000e+001 -1.000000e+001
      vertex  3.514000e+001 -4.000000e+001 -5.000000e+000
      vertex  3.514000e+001 -5.000000e+001 -5.000000e+000
    endloop
  endfacet
  facet normal  1.000000e+000  0.000000e+000  0.000000e+000
    outer loop
      vertex  3.514000e+001 -3.300000e+001 -1.000000e+001
      vertex  3.514000e+001 -5.000000e+001 -5.000000e+000
      vertex  3.514000e+001 -5.000000e+001 -1.000000e+001
    endloop
  endfacet
  facet normal  1.000000e+000  0.000000e+000  0.000000e+000
    outer loop
      vertex  3.514000e+001 -4.000000e+001 -5.000000e+000
      vertex  3.514000e+001 -3.300000e+001  8.881784e-016
      vertex  3.514000e+001 -4.000000e+001  1.000000e+001
    endloop
  endfacet
  facet normal  9.999999e-001  0.000000e+000  0.000000e+000
    outer loop
      vertex  3.514000e+001 -4.000000e+001  1.000000e+001
      vertex  3.514000e+001 -3.300000e+001  8.881784e-016
      vertex  3.514000e+001  3.300000e+001  1.776357e-015
    endloop
  endfacet
  facet normal  1.000000e+000  0.000000e+000  -0.000000e+000
    outer loop
      vertex  3.514000e+001 -4.000000e+001  1.000000e+001
      vertex  3.514000e+001  3.300000e+001  1.776357e-015
      vertex  3.514000e+001  4.000000e+001  1.000000e+001
    endloop
  endfacet
  facet normal  1.000000e+000  0.000000e+000  0.000000e+000
    outer loop
      vertex  3.514000e+001  4.000000e+001  1.000000e+001
      vertex  3.514000e+001  3.300000e+001  1.776357e-015
      vertex  3.514000e+001  3.300000e+001 -1.000000e+001
    endloop
  endfacet
  facet normal  1.000000e+000  0.000000e+000  0.000000e+000
    outer loop
      vertex  3.514000e+001  4.000000e+001  1.000000e+001
      vertex  3.514000e+001  3.300000e+001 -1.000000e+001
      vertex  3.514000e+001  4.000000e+001 -5.000000e+000
    endloop
  endfacet
  facet normal  1.000000e+000  0.000000e+000  0.000000e+000
    outer loop
      vertex  3.514000e+001  4.000000e+001 -5.000000e+000
      vertex  3.514000e+001  3.300000e+001 -1.000000e+001
      vertex  3.514000e+001  5.000000e+001 -1.000000e+001
    endloop
  endfacet
  facet normal  1.000000e+000  0.000000e+000  -0.000000e+000
    outer loop
      vertex  3.514000e+001  4.000000e+001 -5.000000e+000
      vertex  3.514000e+001  5.000000e+001 -1.000000e+001
      vertex  3.514000e+001  5.000000e+001 -5.000000e+000
    endloop
  endfacet
  facet normal  0.000000e+000  0.000000e+000 -1.000000e+000
    outer loop
      vertex  3.514000e+001  3.300000e+001 -1.000000e+001
      vertex  2.797494e+001  4.375000e+001 -1.000000e+001
      vertex  2.822489e+001  4.339303e+001 -1.000000e+001
    endloop
  endfacet
  facet normal  0.000000e+000  0.000000e+000 -1.000000e+000
    outer loop
      vertex  3.514000e+001  3.300000e+001 -1.000000e+001
      vertex  2.822489e+001  4.339303e+001 -1.000000e+001
      vertex  2.853303e+001  4.308489e+001 -1.000000e+001
    endloop
  endfacet
  facet normal  0.000000e+000  0.000000e+000 -1.000000e+000
    outer loop
      vertex  3.514000e+001  3.300000e+001 -1.000000e+001
      vertex  2.853303e+001  4.308489e+001 -1.000000e+001
      vertex  2.889000e+001  4.283494e+001 -1.000000e+001
    endloop
  endfacet
  facet normal  0.000000e+000  0.000000e+000 -1.000000e+000
    outer loop
      vertex  3.514000e+001  3.300000e+001 -1.000000e+001
      vertex  2.889000e+001  4.283494e+001 -1.000000e+001
      vertex  2.928495e+001  4.265077e+001 -1.000000e+001
    endloop
  endfacet
  facet normal  0.000000e+000  0.000000e+000 -1.000000e+000
    outer loop
      vertex  3.514000e+001  3.300000e+001 -1.000000e+001
      vertex  2.928495e+001  4.265077e+001 -1.000000e+001
      vertex  2.970588e+001  4.253798e+001 -1.000000e+001
    endloop
  endfacet
  facet normal  0.000000e+000  0.000000e+000 -1.000000e+000
    outer loop
      vertex  3.514000e+001  3.300000e+001 -1.000000e+001
      vertex  2.970588e+001  4.253798e+001 -1.000000e+001
      vertex  3.014000e+001  4.250000e+001 -1.000000e+001
    endloop
  endfacet
  facet normal  0.000000e+000  0.000000e+000 -1.000000e+000
    outer loop
      vertex  3.514000e+001  3.300000e+001 -1.000000e+001
      vertex  3.014000e+001  4.250000e+001 -1.000000e+001
      vertex  3.057412e+001  4.253798e+001 -1.000000e+001
    endloop
  endfacet
  facet normal  0.000000e+000  0.000000e+000 -1.000000e+000
    outer loop
      vertex  3.514000e+001  3.300000e+001 -1.000000e+001
      vertex  3.057412e+001  4.253798e+001 -1.000000e+001
      vertex  3.099505e+001  4.265077e+001 -1.000000e+001
    endloop
  endfacet
  facet normal  0.000000e+000  0.000000e+000 -1.000000e+000
    outer loop
      vertex  3.514000e+001  3.300000e+001 -1.000000e+001
      vertex  3.099505e+001  4.265077e+001 -1.000000e+001
      vertex  3.139000e+001  4.283494e+001 -1.000000e+001
    endloop
  endfacet
  facet normal  0.000000e+000  0.000000e+000 -1.000000e+000
    outer loop
      vertex  3.514000e+001  3.300000e+001 -1.000000e+001
      vertex  3.139000e+001  4.283494e+001 -1.000000e+001
      vertex  3.174697e+001  4.308489e+001 -1.000000e+001
    endloop
  endfacet
  facet normal  0.000000e+000  0.000000e+000 -1.000000e+000
    outer loop
      vertex  3.514000e+001  3.300000e+001 -1.000000e+001
      vertex  3.174697e+001  4.308489e+001 -1.000000e+001
      vertex  3.205511e+001  4.339303e+001 -1.000000e+001
    endloop
  endfacet
  facet normal  0.000000e+000  0.000000e+000 -9.999999e-001
    outer loop
      vertex  3.514000e+001  3.300000e+001 -1.000000e+001
      vertex  3.205511e+001  4.339303e+001 -1.000000e+001
      vertex  3.230507e+001  4.375000e+001 -1.000000e+001
    endloop
  endfacet
  facet normal  0.000000e+000  0.000000e+000 -1.000000e+000
    outer loop
      vertex  3.514000e+001  3.300000e+001 -1.000000e+001
      vertex  3.230507e+001  4.375000e+001 -1.000000e+001
      vertex  3.248923e+001  4.414495e+001 -1.000000e+001
    endloop
  endfacet
  facet normal  0.000000e+000  0.000000e+000 -1.000000e+000
    outer loop
      vertex  3.514000e+001  3.300000e+001 -1.000000e+001
      vertex  3.248923e+001  4.414495e+001 -1.000000e+001
      vertex  3.260202e+001  4.456588e+001 -1.000000e+001
    endloop
  endfacet
  facet normal  0.000000e+000  0.000000e+000 -1.000000e+000
    outer loop
      vertex  3.514000e+001  3.300000e+001 -1.000000e+001
      vertex  3.260202e+001  4.456588e+001 -1.000000e+001
      vertex  3.264000e+001  4.500000e+001 -1.000000e+001
    endloop
  endfacet
  facet normal  0.000000e+000  0.000000e+000 -1.000000e+000
    outer loop
      vertex  3.514000e+001  3.300000e+001 -1.000000e+001
      vertex  3.264000e+001  4.500000e+001 -1.000000e+001
      vertex  3.514000e+001  5.000000e+001 -1.000000e+001
    endloop
  endfacet
  facet normal  0.000000e+000  0.000000e+000 -1.000000e+000
    outer loop
      vertex  2.514000e+001  3.300000e+001 -1.000000e+001
      vertex  2.514000e+001  5.000000e+001 -1.000000e+001
      vertex  2.764000e+001  4.500000e+001 -1.000000e+001
    endloop
  endfacet
  facet normal  0.000000e+000  -0.000000e+000 -1.000000e+000
    outer loop
      vertex  2.514000e+001  3.300000e+001 -1.000000e+001
      vertex  2.764000e+001  4.500000e+001 -1.000000e+001
      vertex  2.767798e+001  4.456588e+001 -1.000000e+001
    endloop
  endfacet
  facet normal  0.000000e+000  -0.000000e+000 -1.000000e+000
    outer loop
      vertex  2.514000e+001  3.300000e+001 -1.000000e+001
      vertex  2.767798e+001  4.456588e+001 -1.000000e+001
      vertex  2.779077e+001  4.414495e+001 -1.000000e+001
    endloop
  endfacet
  facet normal  0.000000e+000  -0.000000e+000 -1.000000e+000
    outer loop
      vertex  2.514000e+001  3.300000e+001 -1.000000e+001
      vertex  2.779077e+001  4.414495e+001 -1.000000e+001
      vertex  2.797494e+001  4.375000e+001 -1.000000e+001
    endloop
  endfacet
  facet normal  0.000000e+000  -0.000000e+000 -1.000000e+000
    outer loop
      vertex  2.514000e+001  3.300000e+001 -1.000000e+001
      vertex  2.797494e+001  4.375000e+001 -1.000000e+001
      vertex  3.514000e+001  3.300000e+001 -1.000000e+001
    endloop
  endfacet
  facet normal  0.000000e+000  0.000000e+000 -1.000000e+000
    outer loop
      vertex  3.514000e+001  5.000000e+001 -1.000000e+001
      vertex  3.264000e+001  4.500000e+001 -1.000000e+001
      vertex  3.260202e+001  4.543412e+001 -1.000000e+001
    endloop
  endfacet
  facet normal  0.000000e+000  0.000000e+000 -1.000000e+000
    outer loop
      vertex  3.514000e+001  5.000000e+001 -1.000000e+001
      vertex  3.260202e+001  4.543412e+001 -1.000000e+001
      vertex  3.248923e+001  4.585505e+001 -1.000000e+001
    endloop
  endfacet
  facet normal  0.000000e+000  0.000000e+000 -1.000000e+000
    outer loop
      vertex  3.514000e+001  5.000000e+001 -1.000000e+001
      vertex  3.248923e+001  4.585505e+001 -1.000000e+001
      vertex  3.230507e+001  4.625000e+001 -1.000000e+001
    endloop
  endfacet
  facet normal  0.000000e+000  0.000000e+000 -9.999999e-001
    outer loop
      vertex  3.514000e+001  5.000000e+001 -1.000000e+001
      vertex  3.230507e+001  4.625000e+001 -1.000000e+001
      vertex  3.205511e+001  4.660697e+001 -1.000000e+001
    endloop
  endfacet
  facet normal  0.000000e+000  0.000000e+000 -1.000000e+000
    outer loop
      vertex  3.514000e+001  5.000000e+001 -1.000000e+001
      vertex  3.205511e+001  4.660697e+001 -1.000000e+001
      vertex  3.174697e+001  4.691511e+001 -1.000000e+001
    endloop
  endfacet
  facet normal  0.000000e+000  0.000000e+000 -1.000000e+000
    outer loop
      vertex  3.514000e+001  5.000000e+001 -1.000000e+001
      vertex  3.174697e+001  4.691511e+001 -1.000000e+001
      vertex  3.139000e+001  4.716506e+001 -1.000000e+001
    endloop
  endfacet
  facet normal  0.000000e+000  0.000000e+000 -1.000000e+000
    outer loop
      vertex  3.514000e+001  5.000000e+001 -1.000000e+001
      vertex  3.139000e+001  4.716506e+001 -1.000000e+001
      vertex  3.099505e+001  4.734923e+001 -1.000000e+001
    endloop
  endfacet
  facet normal  0.000000e+000  0.000000e+000 -1.000000e+000
    outer loop
      vertex  3.514000e+001  5.000000e+001 -1.000000e+001
      vertex  3.099505e+001  4.734923e+001 -1.000000e+001
      vertex  3.057412e+001  4.746202e+001 -1.000000e+001
    endloop
  endfacet
  facet normal  0.000000e+000  0.000000e+000 -1.000000e+000
    outer loop
      vertex  3.514000e+001  5.000000e+001 -1.000000e+001
      vertex  3.057412e+001  4.746202e+001 -1.000000e+001
      vertex  3.014000e+001  4.750000e+001 -1.000000e+001
    endloop
  endfacet
  facet normal  -0.000000e+000  0.000000e+000 -1.000000e+000
    outer loop
      vertex  3.514000e+001  5.000000e+001 -1.000000e+001
      vertex  3.014000e+001  4.750000e+001 -1.000000e+001
      vertex  2.970588e+001  4.746202e+001 -1.000000e+001
    endloop
  endfacet
  facet normal  -0.000000e+000  0.000000e+000 -1.000000e+000
    outer loop
      vertex  3.514000e+001  5.000000e+001 -1.000000e+001
      vertex  2.970588e+001  4.746202e+001 -1.000000e+001
      vertex  2.928495e+001  4.734923e+001 -1.000000e+001
    endloop
  endfacet
  facet normal  -0.000000e+000  0.000000e+000 -1.000000e+000
    outer loop
      vertex  2.514000e+001  5.000000e+001 -1.000000e+001
      vertex  3.514000e+001  5.000000e+001 -1.000000e+001
      vertex  2.928495e+001  4.734923e+001 -1.000000e+001
    endloop
  endfacet
  facet normal  -0.000000e+000  0.000000e+000 -9.999999e-001
    outer loop
      vertex  2.514000e+001  5.000000e+001 -1.000000e+001
      vertex  2.928495e+001  4.734923e+001 -1.000000e+001
      vertex  2.889000e+001  4.716506e+001 -1.000000e+001
    endloop
  endfacet
  facet normal  -0.000000e+000  0.000000e+000 -1.000000e+000
    outer loop
      vertex  2.514000e+001  5.000000e+001 -1.000000e+001
      vertex  2.889000e+001  4.716506e+001 -1.000000e+001
      vertex  2.853303e+001  4.691511e+001 -1.000000e+001
    endloop
  endfacet
  facet normal  -0.000000e+000  0.000000e+000 -1.000000e+000
    outer loop
      vertex  2.514000e+001  5.000000e+001 -1.000000e+001
      vertex  2.853303e+001  4.691511e+001 -1.000000e+001
      vertex  2.822489e+001  4.660697e+001 -1.000000e+001
    endloop
  endfacet
  facet normal  -0.000000e+000  0.000000e+000 -1.000000e+000
    outer loop
      vertex  2.514000e+001  5.000000e+001 -1.000000e+001
      vertex  2.822489e+001  4.660697e+001 -1.000000e+001
      vertex  2.797494e+001  4.625000e+001 -1.000000e+001
    endloop
  endfacet
  facet normal  -0.000000e+000  0.000000e+000 -1.000000e+000
    outer loop
      vertex  2.514000e+001  5.000000e+001 -1.000000e+001
      vertex  2.797494e+001  4.625000e+001 -1.000000e+001
      vertex  2.779077e+001  4.585505e+001 -1.000000e+001
    endloop
  endfacet
  facet normal  -0.000000e+000  0.000000e+000 -1.000000e+000
    outer loop
      vertex  2.514000e+001  5.000000e+001 -1.000000e+001
      vertex  2.779077e+001  4.585505e+001 -1.000000e+001
      vertex  2.767798e+001  4.543412e+001 -1.000000e+001
    endloop
  endfacet
  facet normal  -0.000000e+000  0.000000e+000 -1.000000e+000
    outer loop
      vertex  2.514000e+001  5.000000e+001 -1.000000e+001
      vertex  2.767798e+001  4.543412e+001 -1.000000e+001
      vertex  2.764000e+001  4.500000e+001 -1.000000e+001
    endloop
  endfacet
  facet normal -1.000000e+000  0.000000e+000  0.000000e+000
    outer loop
      vertex -5.800000e+001  1.500000e+001 -1.000000e+001
      vertex -5.800000e+001  1.500000e+001  0.000000e+000
      vertex -5.800000e+001  2.500000e+001  0.000000e+000
    endloop
  endfacet
  facet normal -1.000000e+000  0.000000e+000  -0.000000e+000
    outer loop
      vertex -5.800000e+001  1.500000e+001 -1.000000e+001
      vertex -5.800000e+001  2.500000e+001  0.000000e+000
      vertex -5.800000e+001  2.500000e+001 -5.000000e+000
    endloop
  endfacet
  facet normal -1.000000e+000  0.000000e+000  -0.000000e+000
    outer loop
      vertex -5.800000e+001  1.500000e+001 -1.000000e+001
      vertex -5.800000e+001  2.500000e+001 -5.000000e+000
      vertex -5.800000e+001  3.500000e+001 -5.000000e+000
    endloop
  endfacet
  facet normal -1.000000e+000  0.000000e+000  -0.000000e+000
    outer loop
      vertex -5.800000e+001  1.500000e+001 -1.000000e+001
      vertex -5.800000e+001  3.500000e+001 -5.000000e+000
      vertex -5.800000e+001  3.500000e+001 -1.000000e+001
    endloop
  endfacet
  facet normal  0.000000e+000  1.000000e+000  -0.000000e+000
    outer loop
      vertex  3.514000e+001  5.000000e+001 -5.000000e+000
      vertex  3.514000e+001  5.000000e+001 -1.000000e+001
      vertex  2.514000e+001  5.000000e+001 -5.000000e+000
    endloop
  endfacet
  facet normal  0.000000e+000  1.000000e+000  0.000000e+000
    outer loop
      vertex  2.514000e+001  5.000000e+001 -5.000000e+000
      vertex  3.514000e+001  5.000000e+001 -1.000000e+001
      vertex  2.514000e+001  5.000000e+001 -1.000000e+001
    endloop
  endfacet
  facet normal  0.000000e+000 -1.000000e+000  0.000000e+000
    outer loop
      vertex  3.514000e+001 -5.000000e+001 -5.000000e+000
      vertex  2.514000e+001 -5.000000e+001 -5.000000e+000
      vertex  3.514000e+001 -5.000000e+001 -1.000000e+001
    endloop
  endfacet
  facet normal  0.000000e+000 -1.000000e+000  0.000000e+000
    outer loop
      vertex  3.514000e+001 -5.000000e+001 -1.000000e+001
      vertex  2.514000e+001 -5.000000e+001 -5.000000e+000
      vertex  2.514000e+001 -5.000000e+001 -1.000000e+001
    endloop
  endfacet
  facet normal  0.000000e+000 -1.000000e+000  0.000000e+000
    outer loop
      vertex -4.800000e+001 -3.500000e+001 -5.000000e+000
      vertex -5.800000e+001 -3.500000e+001 -5.000000e+000
      vertex -4.800000e+001 -3.500000e+001 -1.000000e+001
    endloop
  endfacet
  facet normal  0.000000e+000 -1.000000e+000  0.000000e+000
    outer loop
      vertex -4.800000e+001 -3.500000e+001 -1.000000e+001
      vertex -5.800000e+001 -3.500000e+001 -5.000000e+000
      vertex -5.800000e+001 -3.500000e+001 -1.000000e+001
    endloop
  endfacet
  facet normal  0.000000e+000  1.000000e+000  -0.000000e+000
    outer loop
      vertex -4.800000e+001  3.500000e+001 -5.000000e+000
      vertex -4.800000e+001  3.500000e+001 -1.000000e+001
      vertex -5.800000e+001  3.500000e+001 -5.000000e+000
    endloop
  endfacet
  facet normal  0.000000e+000  1.000000e+000  0.000000e+000
    outer loop
      vertex -5.800000e+001  3.500000e+001 -5.000000e+000
      vertex -4.800000e+001  3.500000e+001 -1.000000e+001
      vertex -5.800000e+001  3.500000e+001 -1.000000e+001
    endloop
  endfacet
  facet normal  0.000000e+000  0.000000e+000  1.000000e+000
    outer loop
      vertex -5.800000e+001  2.500000e+001 -5.000000e+000
      vertex -4.800000e+001  2.500000e+001 -5.000000e+000
      vertex -5.385505e+001  2.765077e+001 -5.000000e+000
    endloop
  endfacet
  facet normal  0.000000e+000  0.000000e+000  1.000000e+000
    outer loop
      vertex -5.800000e+001  2.500000e+001 -5.000000e+000
      vertex -5.385505e+001  2.765077e+001 -5.000000e+000
      vertex -5.425000e+001  2.783494e+001 -5.000000e+000
    endloop
  endfacet
  facet normal  0.000000e+000  0.000000e+000  9.999999e-001
    outer loop
      vertex -5.800000e+001  2.500000e+001 -5.000000e+000
      vertex -5.425000e+001  2.783494e+001 -5.000000e+000
      vertex -5.460697e+001  2.808489e+001 -5.000000e+000
    endloop
  endfacet
  facet normal  0.000000e+000  0.000000e+000  1.000000e+000
    outer loop
      vertex -5.800000e+001  2.500000e+001 -5.000000e+000
      vertex -5.460697e+001  2.808489e+001 -5.000000e+000
      vertex -5.491511e+001  2.839303e+001 -5.000000e+000
    endloop
  endfacet
  facet normal  0.000000e+000  0.000000e+000  1.000000e+000
    outer loop
      vertex -5.800000e+001  2.500000e+001 -5.000000e+000
      vertex -5.491511e+001  2.839303e+001 -5.000000e+000
      vertex -5.516506e+001  2.875000e+001 -5.000000e+000
    endloop
  endfacet
  facet normal  0.000000e+000  0.000000e+000  1.000000e+000
    outer loop
      vertex -5.800000e+001  2.500000e+001 -5.000000e+000
      vertex -5.516506e+001  2.875000e+001 -5.000000e+000
      vertex -5.534923e+001  2.914495e+001 -5.000000e+000
    endloop
  endfacet
  facet normal  0.000000e+000  0.000000e+000  1.000000e+000
    outer loop
      vertex -5.800000e+001  2.500000e+001 -5.000000e+000
      vertex -5.534923e+001  2.914495e+001 -5.000000e+000
      vertex -5.546202e+001  2.956588e+001 -5.000000e+000
    endloop
  endfacet
  facet normal  0.000000e+000  0.000000e+000  1.000000e+000
    outer loop
      vertex -5.800000e+001  2.500000e+001 -5.000000e+000
      vertex -5.546202e+001  2.956588e+001 -5.000000e+000
      vertex -5.550000e+001  3.000000e+001 -5.000000e+000
    endloop
  endfacet
  facet normal  0.000000e+000  0.000000e+000  1.000000e+000
    outer loop
      vertex -5.800000e+001  2.500000e+001 -5.000000e+000
      vertex -5.550000e+001  3.000000e+001 -5.000000e+000
      vertex -5.800000e+001  3.500000e+001 -5.000000e+000
    endloop
  endfacet
  facet normal  0.000000e+000  0.000000e+000  1.000000e+000
    outer loop
      vertex -4.800000e+001  2.500000e+001 -5.000000e+000
      vertex -4.800000e+001  3.500000e+001 -5.000000e+000
      vertex -5.050000e+001  3.000000e+001 -5.000000e+000
    endloop
  endfacet
  facet normal  0.000000e+000  0.000000e+000  1.000000e+000
    outer loop
      vertex -4.800000e+001  2.500000e+001 -5.000000e+000
      vertex -5.050000e+001  3.000000e+001 -5.000000e+000
      vertex -5.053798e+001  2.956588e+001 -5.000000e+000
    endloop
  endfacet
  facet normal  0.000000e+000  0.000000e+000  1.000000e+000
    outer loop
      vertex -4.800000e+001  2.500000e+001 -5.000000e+000
      vertex -5.053798e+001  2.956588e+001 -5.000000e+000
      vertex -5.065077e+001  2.914495e+001 -5.000000e+000
    endloop
  endfacet
  facet normal  0.000000e+000  0.000000e+000  1.000000e+000
    outer loop
      vertex -4.800000e+001  2.500000e+001 -5.000000e+000
      vertex -5.065077e+001  2.914495e+001 -5.000000e+000
      vertex -5.083494e+001  2.875000e+001 -5.000000e+000
    endloop
  endfacet
  facet normal  0.000000e+000  0.000000e+000  1.000000e+000
    outer loop
      vertex -4.800000e+001  2.500000e+001 -5.000000e+000
      vertex -5.083494e+001  2.875000e+001 -5.000000e+000
      vertex -5.108489e+001  2.839303e+001 -5.000000e+000
    endloop
  endfacet
  facet normal  0.000000e+000  0.000000e+000  1.000000e+000
    outer loop
      vertex -4.800000e+001  2.500000e+001 -5.000000e+000
      vertex -5.108489e+001  2.839303e+001 -5.000000e+000
      vertex -5.139303e+001  2.808489e+001 -5.000000e+000
    endloop
  endfacet
  facet normal  0.000000e+000  0.000000e+000  9.999999e-001
    outer loop
      vertex -4.800000e+001  2.500000e+001 -5.000000e+000
      vertex -5.139303e+001  2.808489e+001 -5.000000e+000
      vertex -5.175000e+001  2.783494e+001 -5.000000e+000
    endloop
  endfacet
  facet normal  0.000000e+000  0.000000e+000  9.999999e-001
    outer loop
      vertex -4.800000e+001  2.500000e+001 -5.000000e+000
      vertex -5.175000e+001  2.783494e+001 -5.000000e+000
      vertex -5.214495e+001  2.765077e+001 -5.000000e+000
    endloop
  endfacet
  facet normal  0.000000e+000  0.000000e+000  1.000000e+000
    outer loop
      vertex -4.800000e+001  2.500000e+001 -5.000000e+000
      vertex -5.214495e+001  2.765077e+001 -5.000000e+000
      vertex -5.256588e+001  2.753798e+001 -5.000000e+000
    endloop
  endfacet
  facet normal  0.000000e+000  0.000000e+000  1.000000e+000
    outer loop
      vertex -4.800000e+001  2.500000e+001 -5.000000e+000
      vertex -5.256588e+001  2.753798e+001 -5.000000e+000
      vertex -5.300000e+001  2.750000e+001 -5.000000e+000
    endloop
  endfacet
  facet normal  0.000000e+000  0.000000e+000  1.000000e+000
    outer loop
      vertex -4.800000e+001  2.500000e+001 -5.000000e+000
      vertex -5.300000e+001  2.750000e+001 -5.000000e+000
      vertex -5.343412e+001  2.753798e+001 -5.000000e+000
    endloop
  endfacet
  facet normal  0.000000e+000  0.000000e+000  1.000000e+000
    outer loop
      vertex -4.800000e+001  2.500000e+001 -5.000000e+000
      vertex -5.343412e+001  2.753798e+001 -5.000000e+000
      vertex -5.385505e+001  2.765077e+001 -5.000000e+000
    endloop
  endfacet
  facet normal  0.000000e+000  0.000000e+000  1.000000e+000
    outer loop
      vertex -4.800000e+001  3.500000e+001 -5.000000e+000
      vertex -5.385505e+001  3.234923e+001 -5.000000e+000
      vertex -5.343412e+001  3.246202e+001 -5.000000e+000
    endloop
  endfacet
  facet normal  0.000000e+000  0.000000e+000  1.000000e+000
    outer loop
      vertex -4.800000e+001  3.500000e+001 -5.000000e+000
      vertex -5.343412e+001  3.246202e+001 -5.000000e+000
      vertex -5.300000e+001  3.250000e+001 -5.000000e+000
    endloop
  endfacet
  facet normal  -0.000000e+000  0.000000e+000  1.000000e+000
    outer loop
      vertex -4.800000e+001  3.500000e+001 -5.000000e+000
      vertex -5.300000e+001  3.250000e+001 -5.000000e+000
      vertex -5.256588e+001  3.246202e+001 -5.000000e+000
    endloop
  endfacet
  facet normal  -0.000000e+000  0.000000e+000  1.000000e+000
    outer loop
      vertex -4.800000e+001  3.500000e+001 -5.000000e+000
      vertex -5.256588e+001  3.246202e+001 -5.000000e+000
      vertex -5.214495e+001  3.234923e+001 -5.000000e+000
    endloop
  endfacet
  facet normal  -0.000000e+000  0.000000e+000  9.999999e-001
    outer loop
      vertex -4.800000e+001  3.500000e+001 -5.000000e+000
      vertex -5.214495e+001  3.234923e+001 -5.000000e+000
      vertex -5.175000e+001  3.216506e+001 -5.000000e+000
    endloop
  endfacet
  facet normal  -0.000000e+000  0.000000e+000  1.000000e+000
    outer loop
      vertex -4.800000e+001  3.500000e+001 -5.000000e+000
      vertex -5.175000e+001  3.216506e+001 -5.000000e+000
      vertex -5.139303e+001  3.191511e+001 -5.000000e+000
    endloop
  endfacet
  facet normal  -0.000000e+000  0.000000e+000  1.000000e+000
    outer loop
      vertex -4.800000e+001  3.500000e+001 -5.000000e+000
      vertex -5.139303e+001  3.191511e+001 -5.000000e+000
      vertex -5.108489e+001  3.160697e+001 -5.000000e+000
    endloop
  endfacet
  facet normal  -0.000000e+000  0.000000e+000  1.000000e+000
    outer loop
      vertex -4.800000e+001  3.500000e+001 -5.000000e+000
      vertex -5.108489e+001  3.160697e+001 -5.000000e+000
      vertex -5.083494e+001  3.125000e+001 -5.000000e+000
    endloop
  endfacet
  facet normal  -0.000000e+000  0.000000e+000  1.000000e+000
    outer loop
      vertex -4.800000e+001  3.500000e+001 -5.000000e+000
      vertex -5.083494e+001  3.125000e+001 -5.000000e+000
      vertex -5.065077e+001  3.085505e+001 -5.000000e+000
    endloop
  endfacet
  facet normal  -0.000000e+000  0.000000e+000  1.000000e+000
    outer loop
      vertex -4.800000e+001  3.500000e+001 -5.000000e+000
      vertex -5.065077e+001  3.085505e+001 -5.000000e+000
      vertex -5.053798e+001  3.043412e+001 -5.000000e+000
    endloop
  endfacet
  facet normal  -0.000000e+000  0.000000e+000  1.000000e+000
    outer loop
      vertex -4.800000e+001  3.500000e+001 -5.000000e+000
      vertex -5.053798e+001  3.043412e+001 -5.000000e+000
      vertex -5.050000e+001  3.000000e+001 -5.000000e+000
    endloop
  endfacet
  facet normal  0.000000e+000  -0.000000e+000  1.000000e+000
    outer loop
      vertex -5.800000e+001  3.500000e+001 -5.000000e+000
      vertex -5.550000e+001  3.000000e+001 -5.000000e+000
      vertex -5.546202e+001  3.043412e+001 -5.000000e+000
    endloop
  endfacet
  facet normal  0.000000e+000  -0.000000e+000  1.000000e+000
    outer loop
      vertex -5.800000e+001  3.500000e+001 -5.000000e+000
      vertex -5.546202e+001  3.043412e+001 -5.000000e+000
      vertex -5.534923e+001  3.085505e+001 -5.000000e+000
    endloop
  endfacet
  facet normal  0.000000e+000  -0.000000e+000  1.000000e+000
    outer loop
      vertex -5.800000e+001  3.500000e+001 -5.000000e+000
      vertex -5.534923e+001  3.085505e+001 -5.000000e+000
      vertex -5.516506e+001  3.125000e+001 -5.000000e+000
    endloop
  endfacet
  facet normal  0.000000e+000  -0.000000e+000  1.000000e+000
    outer loop
      vertex -5.800000e+001  3.500000e+001 -5.000000e+000
      vertex -5.516506e+001  3.125000e+001 -5.000000e+000
      vertex -5.491511e+001  3.160697e+001 -5.000000e+000
    endloop
  endfacet
  facet normal  0.000000e+000  -0.000000e+000  1.000000e+000
    outer loop
      vertex -5.800000e+001  3.500000e+001 -5.000000e+000
      vertex -5.491511e+001  3.160697e+001 -5.000000e+000
      vertex -5.460697e+001  3.191511e+001 -5.000000e+000
    endloop
  endfacet
  facet normal  0.000000e+000  -0.000000e+000  1.000000e+000
    outer loop
      vertex -5.800000e+001  3.500000e+001 -5.000000e+000
      vertex -5.460697e+001  3.191511e+001 -5.000000e+000
      vertex -5.425000e+001  3.216506e+001 -5.000000e+000
    endloop
  endfacet
  facet normal  0.000000e+000  -0.000000e+000  1.000000e+000
    outer loop
      vertex -5.800000e+001  3.500000e+001 -5.000000e+000
      vertex -5.425000e+001  3.216506e+001 -5.000000e+000
      vertex -5.385505e+001  3.234923e+001 -5.000000e+000
    endloop
  endfacet
  facet normal  0.000000e+000  -0.000000e+000  1.000000e+000
    outer loop
      vertex -5.800000e+001  3.500000e+001 -5.000000e+000
      vertex -5.385505e+001  3.234923e+001 -5.000000e+000
      vertex -4.800000e+001  3.500000e+001 -5.000000e+000
    endloop
  endfacet
  facet normal  0.000000e+000  0.000000e+000  1.000000e+000
    outer loop
      vertex  3.514000e+001  4.000000e+001 -5.000000e+000
      vertex  3.514000e+001  5.000000e+001 -5.000000e+000
      vertex  3.264000e+001  4.500000e+001 -5.000000e+000
    endloop
  endfacet
  facet normal  0.000000e+000  0.000000e+000  1.000000e+000
    outer loop
      vertex  3.514000e+001  4.000000e+001 -5.000000e+000
      vertex  3.264000e+001  4.500000e+001 -5.000000e+000
      vertex  3.260202e+001  4.456588e+001 -5.000000e+000
    endloop
  endfacet
  facet normal  0.000000e+000  0.000000e+000  1.000000e+000
    outer loop
      vertex  3.514000e+001  4.000000e+001 -5.000000e+000
      vertex  3.260202e+001  4.456588e+001 -5.000000e+000
      vertex  3.248923e+001  4.414495e+001 -5.000000e+000
    endloop
  endfacet
  facet normal  0.000000e+000  0.000000e+000  1.000000e+000
    outer loop
      vertex  3.514000e+001  4.000000e+001 -5.000000e+000
      vertex  3.248923e+001  4.414495e+001 -5.000000e+000
      vertex  3.230507e+001  4.375000e+001 -5.000000e+000
    endloop
  endfacet
  facet normal  0.000000e+000  0.000000e+000  9.999999e-001
    outer loop
      vertex  3.514000e+001  4.000000e+001 -5.000000e+000
      vertex  3.230507e+001  4.375000e+001 -5.000000e+000
      vertex  3.205511e+001  4.339303e+001 -5.000000e+000
    endloop
  endfacet
  facet normal  0.000000e+000  0.000000e+000  1.000000e+000
    outer loop
      vertex  3.514000e+001  4.000000e+001 -5.000000e+000
      vertex  3.205511e+001  4.339303e+001 -5.000000e+000
      vertex  3.174697e+001  4.308489e+001 -5.000000e+000
    endloop
  endfacet
  facet normal  0.000000e+000  0.000000e+000  1.000000e+000
    outer loop
      vertex  3.514000e+001  4.000000e+001 -5.000000e+000
      vertex  3.174697e+001  4.308489e+001 -5.000000e+000
      vertex  3.139000e+001  4.283494e+001 -5.000000e+000
    endloop
  endfacet
  facet normal  0.000000e+000  0.000000e+000  1.000000e+000
    outer loop
      vertex  3.514000e+001  4.000000e+001 -5.000000e+000
      vertex  3.139000e+001  4.283494e+001 -5.000000e+000
      vertex  3.099505e+001  4.265077e+001 -5.000000e+000
    endloop
  endfacet
  facet normal  0.000000e+000  0.000000e+000  1.000000e+000
    outer loop
      vertex  3.514000e+001  4.000000e+001 -5.000000e+000
      vertex  3.099505e+001  4.265077e+001 -5.000000e+000
      vertex  3.057412e+001  4.253798e+001 -5.000000e+000
    endloop
  endfacet
  facet normal  0.000000e+000  0.000000e+000  1.000000e+000
    outer loop
      vertex  3.514000e+001  4.000000e+001 -5.000000e+000
      vertex  3.057412e+001  4.253798e+001 -5.000000e+000
      vertex  3.014000e+001  4.250000e+001 -5.000000e+000
    endloop
  endfacet
  facet normal  0.000000e+000  0.000000e+000  1.000000e+000
    outer loop
      vertex  3.514000e+001  4.000000e+001 -5.000000e+000
      vertex  3.014000e+001  4.250000e+001 -5.000000e+000
      vertex  2.970588e+001  4.253798e+001 -5.000000e+000
    endloop
  endfacet
  facet normal  0.000000e+000  0.000000e+000  1.000000e+000
    outer loop
      vertex  3.514000e+001  4.000000e+001 -5.000000e+000
      vertex  2.970588e+001  4.253798e+001 -5.000000e+000
      vertex  2.928495e+001  4.265077e+001 -5.000000e+000
    endloop
  endfacet
  facet normal  0.000000e+000  0.000000e+000  1.000000e+000
    outer loop
      vertex  2.514000e+001  4.000000e+001 -5.000000e+000
      vertex  3.514000e+001  4.000000e+001 -5.000000e+000
      vertex  2.928495e+001  4.265077e+001 -5.000000e+000
    endloop
  endfacet
  facet normal  0.000000e+000  0.000000e+000  9.999999e-001
    outer loop
      vertex  2.514000e+001  4.000000e+001 -5.000000e+000
      vertex  2.928495e+001  4.265077e+001 -5.000000e+000
      vertex  2.889000e+001  4.283494e+001 -5.000000e+000
    endloop
  endfacet
  facet normal  0.000000e+000  0.000000e+000  1.000000e+000
    outer loop
      vertex  2.514000e+001  4.000000e+001 -5.000000e+000
      vertex  2.889000e+001  4.283494e+001 -5.000000e+000
      vertex  2.853303e+001  4.308489e+001 -5.000000e+000
    endloop
  endfacet
  facet normal  0.000000e+000  0.000000e+000  1.000000e+000
    outer loop
      vertex  2.514000e+001  4.000000e+001 -5.000000e+000
      vertex  2.853303e+001  4.308489e+001 -5.000000e+000
      vertex  2.822489e+001  4.339303e+001 -5.000000e+000
    endloop
  endfacet
  facet normal  0.000000e+000  0.000000e+000  1.000000e+000
    outer loop
      vertex  2.514000e+001  4.000000e+001 -5.000000e+000
      vertex  2.822489e+001  4.339303e+001 -5.000000e+000
      vertex  2.797494e+001  4.375000e+001 -5.000000e+000
    endloop
  endfacet
  facet normal  0.000000e+000  0.000000e+000  1.000000e+000
    outer loop
      vertex  2.514000e+001  4.000000e+001 -5.000000e+000
      vertex  2.797494e+001  4.375000e+001 -5.000000e+000
      vertex  2.779077e+001  4.414495e+001 -5.000000e+000
    endloop
  endfacet
  facet normal  0.000000e+000  0.000000e+000  1.000000e+000
    outer loop
      vertex  2.514000e+001  4.000000e+001 -5.000000e+000
      vertex  2.779077e+001  4.414495e+001 -5.000000e+000
      vertex  2.767798e+001  4.456588e+001 -5.000000e+000
    endloop
  endfacet
  facet normal  0.000000e+000  0.000000e+000  1.000000e+000
    outer loop
      vertex  2.514000e+001  4.000000e+001 -5.000000e+000
      vertex  2.767798e+001  4.456588e+001 -5.000000e+000
      vertex  2.764000e+001  4.500000e+001 -5.000000e+000
    endloop
  endfacet
  facet normal  0.000000e+000  0.000000e+000  1.000000e+000
    outer loop
      vertex  2.514000e+001  4.000000e+001 -5.000000e+000
      vertex  2.764000e+001  4.500000e+001 -5.000000e+000
      vertex  2.514000e+001  5.000000e+001 -5.000000e+000
    endloop
  endfacet
  facet normal  0.000000e+000  0.000000e+000  1.000000e+000
    outer loop
      vertex  3.514000e+001  5.000000e+001 -5.000000e+000
      vertex  2.928495e+001  4.734923e+001 -5.000000e+000
      vertex  2.970588e+001  4.746202e+001 -5.000000e+000
    endloop
  endfacet
  facet normal  0.000000e+000  0.000000e+000  1.000000e+000
    outer loop
      vertex  3.514000e+001  5.000000e+001 -5.000000e+000
      vertex  2.970588e+001  4.746202e+001 -5.000000e+000
      vertex  3.014000e+001  4.750000e+001 -5.000000e+000
    endloop
  endfacet
  facet normal  -0.000000e+000  0.000000e+000  1.000000e+000
    outer loop
      vertex  3.514000e+001  5.000000e+001 -5.000000e+000
      vertex  3.014000e+001  4.750000e+001 -5.000000e+000
      vertex  3.057412e+001  4.746202e+001 -5.000000e+000
    endloop
  endfacet
  facet normal  -0.000000e+000  0.000000e+000  1.000000e+000
    outer loop
      vertex  3.514000e+001  5.000000e+001 -5.000000e+000
      vertex  3.057412e+001  4.746202e+001 -5.000000e+000
      vertex  3.099505e+001  4.734923e+001 -5.000000e+000
    endloop
  endfacet
  facet normal  -0.000000e+000  0.000000e+000  1.000000e+000
    outer loop
      vertex  3.514000e+001  5.000000e+001 -5.000000e+000
      vertex  3.099505e+001  4.734923e+001 -5.000000e+000
      vertex  3.139000e+001  4.716506e+001 -5.000000e+000
    endloop
  endfacet
  facet normal  -0.000000e+000  0.000000e+000  1.000000e+000
    outer loop
      vertex  3.514000e+001  5.000000e+001 -5.000000e+000
      vertex  3.139000e+001  4.716506e+001 -5.000000e+000
      vertex  3.174697e+001  4.691511e+001 -5.000000e+000
    endloop
  endfacet
  facet normal  -0.000000e+000  0.000000e+000  1.000000e+000
    outer loop
      vertex  3.514000e+001  5.000000e+001 -5.000000e+000
      vertex  3.174697e+001  4.691511e+001 -5.000000e+000
      vertex  3.205511e+001  4.660697e+001 -5.000000e+000
    endloop
  endfacet
  facet normal  -0.000000e+000  0.000000e+000  1.000000e+000
    outer loop
      vertex  3.514000e+001  5.000000e+001 -5.000000e+000
      vertex  3.205511e+001  4.660697e+001 -5.000000e+000
      vertex  3.230507e+001  4.625000e+001 -5.000000e+000
    endloop
  endfacet
  facet normal  -0.000000e+000  0.000000e+000  1.000000e+000
    outer loop
      vertex  3.514000e+001  5.000000e+001 -5.000000e+000
      vertex  3.230507e+001  4.625000e+001 -5.000000e+000
      vertex  3.248923e+001  4.585505e+001 -5.000000e+000
    endloop
  endfacet
  facet normal  -0.000000e+000  0.000000e+000  1.000000e+000
    outer loop
      vertex  3.514000e+001  5.000000e+001 -5.000000e+000
      vertex  3.248923e+001  4.585505e+001 -5.000000e+000
      vertex  3.260202e+001  4.543412e+001 -5.000000e+000
    endloop
  endfacet
  facet normal  -0.000000e+000  0.000000e+000  1.000000e+000
    outer loop
      vertex  3.514000e+001  5.000000e+001 -5.000000e+000
      vertex  3.260202e+001  4.543412e+001 -5.000000e+000
      vertex  3.264000e+001  4.500000e+001 -5.000000e+000
    endloop
  endfacet
  facet normal  0.000000e+000  -0.000000e+000  1.000000e+000
    outer loop
      vertex  2.514000e+001  5.000000e+001 -5.000000e+000
      vertex  2.764000e+001  4.500000e+001 -5.000000e+000
      vertex  2.767798e+001  4.543412e+001 -5.000000e+000
    endloop
  endfacet
  facet normal  0.000000e+000  -0.000000e+000  1.000000e+000
    outer loop
      vertex  2.514000e+001  5.000000e+001 -5.000000e+000
      vertex  2.767798e+001  4.543412e+001 -5.000000e+000
      vertex  2.779077e+001  4.585505e+001 -5.000000e+000
    endloop
  endfacet
  facet normal  0.000000e+000  -0.000000e+000  9.999999e-001
    outer loop
      vertex  2.514000e+001  5.000000e+001 -5.000000e+000
      vertex  2.779077e+001  4.585505e+001 -5.000000e+000
      vertex  2.797494e+001  4.625000e+001 -5.000000e+000
    endloop
  endfacet
  facet normal  0.000000e+000  -0.000000e+000  1.000000e+000
    outer loop
      vertex  2.514000e+001  5.000000e+001 -5.000000e+000
      vertex  2.797494e+001  4.625000e+001 -5.000000e+000
      vertex  2.822489e+001  4.660697e+001 -5.000000e+000
    endloop
  endfacet
  facet normal  0.000000e+000  -0.000000e+000  1.000000e+000
    outer loop
      vertex  2.514000e+001  5.000000e+001 -5.000000e+000
      vertex  2.822489e+001  4.660697e+001 -5.000000e+000
      vertex  2.853303e+001  4.691511e+001 -5.000000e+000
    endloop
  endfacet
  facet normal  0.000000e+000  -0.000000e+000  1.000000e+000
    outer loop
      vertex  2.514000e+001  5.000000e+001 -5.000000e+000
      vertex  2.853303e+001  4.691511e+001 -5.000000e+000
      vertex  2.889000e+001  4.716506e+001 -5.000000e+000
    endloop
  endfacet
  facet normal  0.000000e+000  -0.000000e+000  1.000000e+000
    outer loop
      vertex  2.514000e+001  5.000000e+001 -5.000000e+000
      vertex  2.889000e+001  4.716506e+001 -5.000000e+000
      vertex  2.928495e+001  4.734923e+001 -5.000000e+000
    endloop
  endfacet
  facet normal  0.000000e+000  -0.000000e+000  1.000000e+000
    outer loop
      vertex  2.514000e+001  5.000000e+001 -5.000000e+000
      vertex  2.928495e+001  4.734923e+001 -5.000000e+000
      vertex  3.514000e+001  5.000000e+001 -5.000000e+000
    endloop
  endfacet
  facet normal  0.000000e+000  0.000000e+000  1.000000e+000
    outer loop
      vertex -5.800000e+001 -3.500000e+001 -5.000000e+000
      vertex -4.800000e+001 -3.500000e+001 -5.000000e+000
      vertex -5.385505e+001 -3.234923e+001 -5.000000e+000
    endloop
  endfacet
  facet normal  0.000000e+000  0.000000e+000  9.999999e-001
    outer loop
      vertex -5.800000e+001 -3.500000e+001 -5.000000e+000
      vertex -5.385505e+001 -3.234923e+001 -5.000000e+000
      vertex -5.425000e+001 -3.216506e+001 -5.000000e+000
    endloop
  endfacet
  facet normal  0.000000e+000  0.000000e+000  1.000000e+000
    outer loop
      vertex -5.800000e+001 -3.500000e+001 -5.000000e+000
      vertex -5.425000e+001 -3.216506e+001 -5.000000e+000
      vertex -5.460697e+001 -3.191511e+001 -5.000000e+000
    endloop
  endfacet
  facet normal  0.000000e+000  0.000000e+000  1.000000e+000
    outer loop
      vertex -5.800000e+001 -3.500000e+001 -5.000000e+000
      vertex -5.460697e+001 -3.191511e+001 -5.000000e+000
      vertex -5.491511e+001 -3.160697e+001 -5.000000e+000
    endloop
  endfacet
  facet normal  0.000000e+000  0.000000e+000  1.000000e+000
    outer loop
      vertex -5.800000e+001 -3.500000e+001 -5.000000e+000
      vertex -5.491511e+001 -3.160697e+001 -5.000000e+000
      vertex -5.516506e+001 -3.125000e+001 -5.000000e+000
    endloop
  endfacet
  facet normal  0.000000e+000  0.000000e+000  1.000000e+000
    outer loop
      vertex -5.800000e+001 -3.500000e+001 -5.000000e+000
      vertex -5.516506e+001 -3.125000e+001 -5.000000e+000
      vertex -5.534923e+001 -3.085505e+001 -5.000000e+000
    endloop
  endfacet
  facet normal  0.000000e+000  0.000000e+000  1.000000e+000
    outer loop
      vertex -5.800000e+001 -3.500000e+001 -5.000000e+000
      vertex -5.534923e+001 -3.085505e+001 -5.000000e+000
      vertex -5.546202e+001 -3.043412e+001 -5.000000e+000
    endloop
  endfacet
  facet normal  0.000000e+000  0.000000e+000  1.000000e+000
    outer loop
      vertex -5.800000e+001 -3.500000e+001 -5.000000e+000
      vertex -5.546202e+001 -3.043412e+001 -5.000000e+000
      vertex -5.550000e+001 -3.000000e+001 -5.000000e+000
    endloop
  endfacet
  facet normal  0.000000e+000  0.000000e+000  1.000000e+000
    outer loop
      vertex -5.800000e+001 -3.500000e+001 -5.000000e+000
      vertex -5.550000e+001 -3.000000e+001 -5.000000e+000
      vertex -5.800000e+001 -2.500000e+001 -5.000000e+000
    endloop
  endfacet
  facet normal  0.000000e+000  0.000000e+000  1.000000e+000
    outer loop
      vertex -4.800000e+001 -3.500000e+001 -5.000000e+000
      vertex -4.800000e+001 -2.500000e+001 -5.000000e+000
      vertex -5.050000e+001 -3.000000e+001 -5.000000e+000
    endloop
  endfacet
  facet normal  0.000000e+000  0.000000e+000  1.000000e+000
    outer loop
      vertex -4.800000e+001 -3.500000e+001 -5.000000e+000
      vertex -5.050000e+001 -3.000000e+001 -5.000000e+000
      vertex -5.053798e+001 -3.043412e+001 -5.000000e+000
    endloop
  endfacet
  facet normal  0.000000e+000  0.000000e+000  1.000000e+000
    outer loop
      vertex -4.800000e+001 -3.500000e+001 -5.000000e+000
      vertex -5.053798e+001 -3.043412e+001 -5.000000e+000
      vertex -5.065077e+001 -3.085505e+001 -5.000000e+000
    endloop
  endfacet
  facet normal  0.000000e+000  0.000000e+000  1.000000e+000
    outer loop
      vertex -4.800000e+001 -3.500000e+001 -5.000000e+000
      vertex -5.065077e+001 -3.085505e+001 -5.000000e+000
      vertex -5.083494e+001 -3.125000e+001 -5.000000e+000
    endloop
  endfacet
  facet normal  0.000000e+000  0.000000e+000  1.000000e+000
    outer loop
      vertex -4.800000e+001 -3.500000e+001 -5.000000e+000
      vertex -5.083494e+001 -3.125000e+001 -5.000000e+000
      vertex -5.108489e+001 -3.160697e+001 -5.000000e+000
    endloop
  endfacet
  facet normal  0.000000e+000  0.000000e+000  1.000000e+000
    outer loop
      vertex -4.800000e+001 -3.500000e+001 -5.000000e+000
      vertex -5.108489e+001 -3.160697e+001 -5.000000e+000
      vertex -5.139303e+001 -3.191511e+001 -5.000000e+000
    endloop
  endfacet
  facet normal  0.000000e+000  0.000000e+000  1.000000e+000
    outer loop
      vertex -4.800000e+001 -3.500000e+001 -5.000000e+000
      vertex -5.139303e+001 -3.191511e+001 -5.000000e+000
      vertex -5.175000e+001 -3.216506e+001 -5.000000e+000
    endloop
  endfacet
  facet normal  0.000000e+000  0.000000e+000  1.000000e+000
    outer loop
      vertex -4.800000e+001 -3.500000e+001 -5.000000e+000
      vertex -5.175000e+001 -3.216506e+001 -5.000000e+000
      vertex -5.214495e+001 -3.234923e+001 -5.000000e+000
    endloop
  endfacet
  facet normal  0.000000e+000  0.000000e+000  1.000000e+000
    outer loop
      vertex -4.800000e+001 -3.500000e+001 -5.000000e+000
      vertex -5.214495e+001 -3.234923e+001 -5.000000e+000
      vertex -5.256588e+001 -3.246202e+001 -5.000000e+000
    endloop
  endfacet
  facet normal  0.000000e+000  0.000000e+000  1.000000e+000
    outer loop
      vertex -4.800000e+001 -3.500000e+001 -5.000000e+000
      vertex -5.256588e+001 -3.246202e+001 -5.000000e+000
      vertex -5.300000e+001 -3.250000e+001 -5.000000e+000
    endloop
  endfacet
  facet normal  0.000000e+000  0.000000e+000  1.000000e+000
    outer loop
      vertex -4.800000e+001 -3.500000e+001 -5.000000e+000
      vertex -5.300000e+001 -3.250000e+001 -5.000000e+000
      vertex -5.343412e+001 -3.246202e+001 -5.000000e+000
    endloop
  endfacet
  facet normal  0.000000e+000  0.000000e+000  1.000000e+000
    outer loop
      vertex -4.800000e+001 -3.500000e+001 -5.000000e+000
      vertex -5.343412e+001 -3.246202e+001 -5.000000e+000
      vertex -5.385505e+001 -3.234923e+001 -5.000000e+000
    endloop
  endfacet
  facet normal  0.000000e+000  0.000000e+000  1.000000e+000
    outer loop
      vertex -4.800000e+001 -2.500000e+001 -5.000000e+000
      vertex -5.385505e+001 -2.765077e+001 -5.000000e+000
      vertex -5.343412e+001 -2.753798e+001 -5.000000e+000
    endloop
  endfacet
  facet normal  0.000000e+000  0.000000e+000  1.000000e+000
    outer loop
      vertex -4.800000e+001 -2.500000e+001 -5.000000e+000
      vertex -5.343412e+001 -2.753798e+001 -5.000000e+000
      vertex -5.300000e+001 -2.750000e+001 -5.000000e+000
    endloop
  endfacet
  facet normal  -0.000000e+000  0.000000e+000  1.000000e+000
    outer loop
      vertex -4.800000e+001 -2.500000e+001 -5.000000e+000
      vertex -5.300000e+001 -2.750000e+001 -5.000000e+000
      vertex -5.256588e+001 -2.753798e+001 -5.000000e+000
    endloop
  endfacet
  facet normal  -0.000000e+000  0.000000e+000  1.000000e+000
    outer loop
      vertex -4.800000e+001 -2.500000e+001 -5.000000e+000
      vertex -5.256588e+001 -2.753798e+001 -5.000000e+000
      vertex -5.214495e+001 -2.765077e+001 -5.000000e+000
    endloop
  endfacet
  facet normal  -0.000000e+000  0.000000e+000  1.000000e+000
    outer loop
      vertex -4.800000e+001 -2.500000e+001 -5.000000e+000
      vertex -5.214495e+001 -2.765077e+001 -5.000000e+000
      vertex -5.175000e+001 -2.783494e+001 -5.000000e+000
    endloop
  endfacet
  facet normal  -0.000000e+000  0.000000e+000  9.999999e-001
    outer loop
      vertex -4.800000e+001 -2.500000e+001 -5.000000e+000
      vertex -5.175000e+001 -2.783494e+001 -5.000000e+000
      vertex -5.139303e+001 -2.808489e+001 -5.000000e+000
    endloop
  endfacet
  facet normal  -0.000000e+000  0.000000e+000  1.000000e+000
    outer loop
      vertex -4.800000e+001 -2.500000e+001 -5.000000e+000
      vertex -5.139303e+001 -2.808489e+001 -5.000000e+000
      vertex -5.108489e+001 -2.839303e+001 -5.000000e+000
    endloop
  endfacet
  facet normal  -0.000000e+000  0.000000e+000  1.000000e+000
    outer loop
      vertex -4.800000e+001 -2.500000e+001 -5.000000e+000
      vertex -5.108489e+001 -2.839303e+001 -5.000000e+000
      vertex -5.083494e+001 -2.875000e+001 -5.000000e+000
    endloop
  endfacet
  facet normal  -0.000000e+000  0.000000e+000  1.000000e+000
    outer loop
      vertex -4.800000e+001 -2.500000e+001 -5.000000e+000
      vertex -5.083494e+001 -2.875000e+001 -5.000000e+000
      vertex -5.065077e+001 -2.914495e+001 -5.000000e+000
    endloop
  endfacet
  facet normal  -0.000000e+000  0.000000e+000  1.000000e+000
    outer loop
      vertex -4.800000e+001 -2.500000e+001 -5.000000e+000
      vertex -5.065077e+001 -2.914495e+001 -5.000000e+000
      vertex -5.053798e+001 -2.956588e+001 -5.000000e+000
    endloop
  endfacet
  facet normal  -0.000000e+000  0.000000e+000  1.000000e+000
    outer loop
      vertex -4.800000e+001 -2.500000e+001 -5.000000e+000
      vertex -5.053798e+001 -2.956588e+001 -5.000000e+000
      vertex -5.050000e+001 -3.000000e+001 -5.000000e+000
    endloop
  endfacet
  facet normal  0.000000e+000  -0.000000e+000  1.000000e+000
    outer loop
      vertex -5.800000e+001 -2.500000e+001 -5.000000e+000
      vertex -5.550000e+001 -3.000000e+001 -5.000000e+000
      vertex -5.546202e+001 -2.956588e+001 -5.000000e+000
    endloop
  endfacet
  facet normal  0.000000e+000  -0.000000e+000  1.000000e+000
    outer loop
      vertex -5.800000e+001 -2.500000e+001 -5.000000e+000
      vertex -5.546202e+001 -2.956588e+001 -5.000000e+000
      vertex -5.534923e+001 -2.914495e+001 -5.000000e+000
    endloop
  endfacet
  facet normal  0.000000e+000  -0.000000e+000  1.000000e+000
    outer loop
      vertex -5.800000e+001 -2.500000e+001 -5.000000e+000
      vertex -5.534923e+001 -2.914495e+001 -5.000000e+000
      vertex -5.516506e+001 -2.875000e+001 -5.000000e+000
    endloop
  endfacet
  facet normal  0.000000e+000  -0.000000e+000  1.000000e+000
    outer loop
      vertex -5.800000e+001 -2.500000e+001 -5.000000e+000
      vertex -5.516506e+001 -2.875000e+001 -5.000000e+000
      vertex -5.491511e+001 -2.839303e+001 -5.000000e+000
    endloop
  endfacet
  facet normal  0.000000e+000  -0.000000e+000  1.000000e+000
    outer loop
      vertex -5.800000e+001 -2.500000e+001 -5.000000e+000
      vertex -5.491511e+001 -2.839303e+001 -5.000000e+000
      vertex -5.460697e+001 -2.808489e+001 -5.000000e+000
    endloop
  endfacet
  facet normal  0.000000e+000  -0.000000e+000  9.999999e-001
    outer loop
      vertex -5.800000e+001 -2.500000e+001 -5.000000e+000
      vertex -5.460697e+001 -2.808489e+001 -5.000000e+000
      vertex -5.425000e+001 -2.783494e+001 -5.000000e+000
    endloop
  endfacet
  facet normal  0.000000e+000  -0.000000e+000  9.999999e-001
    outer loop
      vertex -5.800000e+001 -2.500000e+001 -5.000000e+000
      vertex -5.425000e+001 -2.783494e+001 -5.000000e+000
      vertex -5.385505e+001 -2.765077e+001 -5.000000e+000
    endloop
  endfacet
  facet normal  0.000000e+000  -0.000000e+000  1.000000e+000
    outer loop
      vertex -5.800000e+001 -2.500000e+001 -5.000000e+000
      vertex -5.385505e+001 -2.765077e+001 -5.000000e+000
      vertex -4.800000e+001 -2.500000e+001 -5.000000e+000
    endloop
  endfacet
  facet normal  0.000000e+000  0.000000e+000  1.000000e+000
    outer loop
      vertex  2.514000e+001 -5.000000e+001 -5.000000e+000
      vertex  3.514000e+001 -5.000000e+001 -5.000000e+000
      vertex  2.928495e+001 -4.734923e+001 -5.000000e+000
    endloop
  endfacet
  facet normal  0.000000e+000  0.000000e+000  9.999999e-001
    outer loop
      vertex  2.514000e+001 -5.000000e+001 -5.000000e+000
      vertex  2.928495e+001 -4.734923e+001 -5.000000e+000
      vertex  2.889000e+001 -4.716506e+001 -5.000000e+000
    endloop
  endfacet
  facet normal  0.000000e+000  0.000000e+000  1.000000e+000
    outer loop
      vertex  2.514000e+001 -5.000000e+001 -5.000000e+000
      vertex  2.889000e+001 -4.716506e+001 -5.000000e+000
      vertex  2.853303e+001 -4.691511e+001 -5.000000e+000
    endloop
  endfacet
  facet normal  0.000000e+000  0.000000e+000  1.000000e+000
    outer loop
      vertex  2.514000e+001 -5.000000e+001 -5.000000e+000
      vertex  2.853303e+001 -4.691511e+001 -5.000000e+000
      vertex  2.822489e+001 -4.660697e+001 -5.000000e+000
    endloop
  endfacet
  facet normal  0.000000e+000  0.000000e+000  1.000000e+000
    outer loop
      vertex  2.514000e+001 -5.000000e+001 -5.000000e+000
      vertex  2.822489e+001 -4.660697e+001 -5.000000e+000
      vertex  2.797494e+001 -4.625000e+001 -5.000000e+000
    endloop
  endfacet
  facet normal  0.000000e+000  0.000000e+000  1.000000e+000
    outer loop
      vertex  2.514000e+001 -5.000000e+001 -5.000000e+000
      vertex  2.797494e+001 -4.625000e+001 -5.000000e+000
      vertex  2.779077e+001 -4.585505e+001 -5.000000e+000
    endloop
  endfacet
  facet normal  0.000000e+000  0.000000e+000  1.000000e+000
    outer loop
      vertex  2.514000e+001 -5.000000e+001 -5.000000e+000
      vertex  2.779077e+001 -4.585505e+001 -5.000000e+000
      vertex  2.767798e+001 -4.543412e+001 -5.000000e+000
    endloop
  endfacet
  facet normal  0.000000e+000  0.000000e+000  1.000000e+000
    outer loop
      vertex  2.514000e+001 -5.000000e+001 -5.000000e+000
      vertex  2.767798e+001 -4.543412e+001 -5.000000e+000
      vertex  2.764000e+001 -4.500000e+001 -5.000000e+000
    endloop
  endfacet
  facet normal  0.000000e+000  0.000000e+000  1.000000e+000
    outer loop
      vertex  2.514000e+001 -5.000000e+001 -5.000000e+000
      vertex  2.764000e+001 -4.500000e+001 -5.000000e+000
      vertex  2.514000e+001 -4.000000e+001 -5.000000e+000
    endloop
  endfacet
  facet normal  0.000000e+000  0.000000e+000  1.000000e+000
    outer loop
      vertex  3.514000e+001 -5.000000e+001 -5.000000e+000
      vertex  3.514000e+001 -4.000000e+001 -5.000000e+000
      vertex  3.264000e+001 -4.500000e+001 -5.000000e+000
    endloop
  endfacet
  facet normal  0.000000e+000  0.000000e+000  1.000000e+000
    outer loop
      vertex  3.514000e+001 -5.000000e+001 -5.000000e+000
      vertex  3.264000e+001 -4.500000e+001 -5.000000e+000
      vertex  3.260202e+001 -4.543412e+001 -5.000000e+000
    endloop
  endfacet
  facet normal  0.000000e+000  0.000000e+000  1.000000e+000
    outer loop
      vertex  3.514000e+001 -5.000000e+001 -5.000000e+000
      vertex  3.260202e+001 -4.543412e+001 -5.000000e+000
      vertex  3.248923e+001 -4.585505e+001 -5.000000e+000
    endloop
  endfacet
  facet normal  0.000000e+000  0.000000e+000  1.000000e+000
    outer loop
      vertex  3.514000e+001 -5.000000e+001 -5.000000e+000
      vertex  3.248923e+001 -4.585505e+001 -5.000000e+000
      vertex  3.230507e+001 -4.625000e+001 -5.000000e+000
    endloop
  endfacet
  facet normal  0.000000e+000  0.000000e+000  9.999999e-001
    outer loop
      vertex  3.514000e+001 -5.000000e+001 -5.000000e+000
      vertex  3.230507e+001 -4.625000e+001 -5.000000e+000
      vertex  3.205511e+001 -4.660697e+001 -5.000000e+000
    endloop
  endfacet
  facet normal  0.000000e+000  0.000000e+000  1.000000e+000
    outer loop
      vertex  3.514000e+001 -5.000000e+001 -5.000000e+000
      vertex  3.205511e+001 -4.660697e+001 -5.000000e+000
      vertex  3.174697e+001 -4.691511e+001 -5.000000e+000
    endloop
  endfacet
  facet normal  0.000000e+000  0.000000e+000  1.000000e+000
    outer loop
      vertex  3.514000e+001 -5.000000e+001 -5.000000e+000
      vertex  3.174697e+001 -4.691511e+001 -5.000000e+000
      vertex  3.139000e+001 -4.716506e+001 -5.000000e+000
    endloop
  endfacet
  facet normal  0.000000e+000  0.000000e+000  1.000000e+000
    outer loop
      vertex  3.514000e+001 -5.000000e+001 -5.000000e+000
      vertex  3.139000e+001 -4.716506e+001 -5.000000e+000
      vertex  3.099505e+001 -4.734923e+001 -5.000000e+000
    endloop
  endfacet
  facet normal  0.000000e+000  0.000000e+000  1.000000e+000
    outer loop
      vertex  3.514000e+001 -5.000000e+001 -5.000000e+000
      vertex  3.099505e+001 -4.734923e+001 -5.000000e+000
      vertex  3.057412e+001 -4.746202e+001 -5.000000e+000
    endloop
  endfacet
  facet normal  0.000000e+000  0.000000e+000  1.000000e+000
    outer loop
      vertex  3.514000e+001 -5.000000e+001 -5.000000e+000
      vertex  3.057412e+001 -4.746202e+001 -5.000000e+000
      vertex  3.014000e+001 -4.750000e+001 -5.000000e+000
    endloop
  endfacet
  facet normal  0.000000e+000  0.000000e+000  1.000000e+000
    outer loop
      vertex  3.514000e+001 -5.000000e+001 -5.000000e+000
      vertex  3.014000e+001 -4.750000e+001 -5.000000e+000
      vertex  2.970588e+001 -4.746202e+001 -5.000000e+000
    endloop
  endfacet
  facet normal  0.000000e+000  0.000000e+000  1.000000e+000
    outer loop
      vertex  3.514000e+001 -5.000000e+001 -5.000000e+000
      vertex  2.970588e+001 -4.746202e+001 -5.000000e+000
      vertex  2.928495e+001 -4.734923e+001 -5.000000e+000
    endloop
  endfacet
  facet normal  0.000000e+000  0.000000e+000  1.000000e+000
    outer loop
      vertex  3.514000e+001 -4.000000e+001 -5.000000e+000
      vertex  2.928495e+001 -4.265077e+001 -5.000000e+000
      vertex  2.970588e+001 -4.253798e+001 -5.000000e+000
    endloop
  endfacet
  facet normal  0.000000e+000  0.000000e+000  1.000000e+000
    outer loop
      vertex  3.514000e+001 -4.000000e+001 -5.000000e+000
      vertex  2.970588e+001 -4.253798e+001 -5.000000e+000
      vertex  3.014000e+001 -4.250000e+001 -5.000000e+000
    endloop
  endfacet
  facet normal  -0.000000e+000  0.000000e+000  1.000000e+000
    outer loop
      vertex  3.514000e+001 -4.000000e+001 -5.000000e+000
      vertex  3.014000e+001 -4.250000e+001 -5.000000e+000
      vertex  3.057412e+001 -4.253798e+001 -5.000000e+000
    endloop
  endfacet
  facet normal  -0.000000e+000  0.000000e+000  1.000000e+000
    outer loop
      vertex  3.514000e+001 -4.000000e+001 -5.000000e+000
      vertex  3.057412e+001 -4.253798e+001 -5.000000e+000
      vertex  3.099505e+001 -4.265077e+001 -5.000000e+000
    endloop
  endfacet
  facet normal  -0.000000e+000  0.000000e+000  1.000000e+000
    outer loop
      vertex  3.514000e+001 -4.000000e+001 -5.000000e+000
      vertex  3.099505e+001 -4.265077e+001 -5.000000e+000
      vertex  3.139000e+001 -4.283494e+001 -5.000000e+000
    endloop
  endfacet
  facet normal  -0.000000e+000  0.000000e+000  1.000000e+000
    outer loop
      vertex  3.514000e+001 -4.000000e+001 -5.000000e+000
      vertex  3.139000e+001 -4.283494e+001 -5.000000e+000
      vertex  3.174697e+001 -4.308489e+001 -5.000000e+000
    endloop
  endfacet
  facet normal  -0.000000e+000  0.000000e+000  1.000000e+000
    outer loop
      vertex  3.514000e+001 -4.000000e+001 -5.000000e+000
      vertex  3.174697e+001 -4.308489e+001 -5.000000e+000
      vertex  3.205511e+001 -4.339303e+001 -5.000000e+000
    endloop
  endfacet
  facet normal  -0.000000e+000  0.000000e+000  1.000000e+000
    outer loop
      vertex  3.514000e+001 -4.000000e+001 -5.000000e+000
      vertex  3.205511e+001 -4.339303e+001 -5.000000e+000
      vertex  3.230507e+001 -4.375000e+001 -5.000000e+000
    endloop
  endfacet
  facet normal  -0.000000e+000  0.000000e+000  1.000000e+000
    outer loop
      vertex  3.514000e+001 -4.000000e+001 -5.000000e+000
      vertex  3.230507e+001 -4.375000e+001 -5.000000e+000
      vertex  3.248923e+001 -4.414495e+001 -5.000000e+000
    endloop
  endfacet
  facet normal  -0.000000e+000  0.000000e+000  1.000000e+000
    outer loop
      vertex  3.514000e+001 -4.000000e+001 -5.000000e+000
      vertex  3.248923e+001 -4.414495e+001 -5.000000e+000
      vertex  3.260202e+001 -4.456588e+001 -5.000000e+000
    endloop
  endfacet
  facet normal  -0.000000e+000  0.000000e+000  1.000000e+000
    outer loop
      vertex  3.514000e+001 -4.000000e+001 -5.000000e+000
      vertex  3.260202e+001 -4.456588e+001 -5.000000e+000
      vertex  3.264000e+001 -4.500000e+001 -5.000000e+000
    endloop
  endfacet
  facet normal  0.000000e+000  -0.000000e+000  1.000000e+000
    outer loop
      vertex  2.514000e+001 -4.000000e+001 -5.000000e+000
      vertex  2.764000e+001 -4.500000e+001 -5.000000e+000
      vertex  2.767798e+001 -4.456588e+001 -5.000000e+000
    endloop
  endfacet
  facet normal  0.000000e+000  -0.000000e+000  1.000000e+000
    outer loop
      vertex  2.514000e+001 -4.000000e+001 -5.000000e+000
      vertex  2.767798e+001 -4.456588e+001 -5.000000e+000
      vertex  2.779077e+001 -4.414495e+001 -5.000000e+000
    endloop
  endfacet
  facet normal  0.000000e+000  -0.000000e+000  9.999999e-001
    outer loop
      vertex  2.514000e+001 -4.000000e+001 -5.000000e+000
      vertex  2.779077e+001 -4.414495e+001 -5.000000e+000
      vertex  2.797494e+001 -4.375000e+001 -5.000000e+000
    endloop
  endfacet
  facet normal  0.000000e+000  -0.000000e+000  1.000000e+000
    outer loop
      vertex  2.514000e+001 -4.000000e+001 -5.000000e+000
      vertex  2.797494e+001 -4.375000e+001 -5.000000e+000
      vertex  2.822489e+001 -4.339303e+001 -5.000000e+000
    endloop
  endfacet
  facet normal  0.000000e+000  -0.000000e+000  1.000000e+000
    outer loop
      vertex  2.514000e+001 -4.000000e+001 -5.000000e+000
      vertex  2.822489e+001 -4.339303e+001 -5.000000e+000
      vertex  2.853303e+001 -4.308489e+001 -5.000000e+000
    endloop
  endfacet
  facet normal  0.000000e+000  -0.000000e+000  1.000000e+000
    outer loop
      vertex  2.514000e+001 -4.000000e+001 -5.000000e+000
      vertex  2.853303e+001 -4.308489e+001 -5.000000e+000
      vertex  2.889000e+001 -4.283494e+001 -5.000000e+000
    endloop
  endfacet
  facet normal  0.000000e+000  -0.000000e+000  1.000000e+000
    outer loop
      vertex  2.514000e+001 -4.000000e+001 -5.000000e+000
      vertex  2.889000e+001 -4.283494e+001 -5.000000e+000
      vertex  2.928495e+001 -4.265077e+001 -5.000000e+000
    endloop
  endfacet
  facet normal  0.000000e+000  -0.000000e+000  1.000000e+000
    outer loop
      vertex  2.514000e+001 -4.000000e+001 -5.000000e+000
      vertex  2.928495e+001 -4.265077e+001 -5.000000e+000
      vertex  3.514000e+001 -4.000000e+001 -5.000000e+000
    endloop
  endfacet
  facet normal  0.000000e+000 -1.000000e+000  0.000000e+000
    outer loop
      vertex  2.514000e+001 -4.000000e+001 -5.000000e+000
      vertex  3.514000e+001 -4.000000e+001 -5.000000e+000
      vertex  2.514000e+001 -4.000000e+001  1.000000e+001
    endloop
  endfacet
  facet normal  0.000000e+000 -1.000000e+000  0.000000e+000
    outer loop
      vertex  2.514000e+001 -4.000000e+001  1.000000e+001
      vertex  3.514000e+001 -4.000000e+001 -5.000000e+000
      vertex  3.514000e+001 -4.000000e+001  1.000000e+001
    endloop
  endfacet
  facet normal  0.000000e+000 -1.000000e+000  0.000000e+000
    outer loop
      vertex -5.800000e+001 -2.500000e+001 -5.000000e+000
      vertex -4.800000e+001 -2.500000e+001 -5.000000e+000
      vertex -5.800000e+001 -2.500000e+001 -8.881784e-016
    endloop
  endfacet
  facet normal  0.000000e+000 -1.000000e+000  0.000000e+000
    outer loop
      vertex -5.800000e+001 -2.500000e+001 -8.881784e-016
      vertex -4.800000e+001 -2.500000e+001 -5.000000e+000
      vertex -4.800000e+001 -2.500000e+001  0.000000e+000
    endloop
  endfacet
  facet normal  -0.000000e+000 -1.000000e+000  0.000000e+000
    outer loop
      vertex -5.800000e+001 -2.500000e+001 -8.881784e-016
      vertex -4.800000e+001 -2.500000e+001  0.000000e+000
      vertex -4.800000e+001 -2.500000e+001  1.000000e+001
    endloop
  endfacet
  facet normal  0.000000e+000 -9.999999e-001  0.000000e+000
    outer loop
      vertex -6.486000e+001 -2.500000e+001  1.000000e+001
      vertex -6.486000e+001 -2.500000e+001  0.000000e+000
      vertex -4.800000e+001 -2.500000e+001  1.000000e+001
    endloop
  endfacet
  facet normal  0.000000e+000 -1.000000e+000  0.000000e+000
    outer loop
      vertex -4.800000e+001 -2.500000e+001  1.000000e+001
      vertex -6.486000e+001 -2.500000e+001  0.000000e+000
      vertex -5.800000e+001 -2.500000e+001 -8.881784e-016
    endloop
  endfacet
  facet normal  0.000000e+000  1.000000e+000  -0.000000e+000
    outer loop
      vertex -4.800000e+001  2.500000e+001  1.000000e+001
      vertex -4.800000e+001  2.500000e+001  0.000000e+000
      vertex -5.800000e+001  2.500000e+001  0.000000e+000
    endloop
  endfacet
  facet normal  -0.000000e+000  1.000000e+000  0.000000e+000
    outer loop
      vertex -5.800000e+001  2.500000e+001  0.000000e+000
      vertex -4.800000e+001  2.500000e+001  0.000000e+000
      vertex -4.800000e+001  2.500000e+001 -5.000000e+000
    endloop
  endfacet
  facet normal  0.000000e+000  1.000000e+000  0.000000e+000
    outer loop
      vertex -5.800000e+001  2.500000e+001  0.000000e+000
      vertex -4.800000e+001  2.500000e+001 -5.000000e+000
      vertex -5.800000e+001  2.500000e+001 -5.000000e+000
    endloop
  endfacet
  facet normal  0.000000e+000  9.999999e-001  0.000000e+000
    outer loop
      vertex -6.486000e+001  2.500000e+001  1.000000e+001
      vertex -4.800000e+001  2.500000e+001  1.000000e+001
      vertex -6.486000e+001  2.500000e+001  0.000000e+000
    endloop
  endfacet
  facet normal  0.000000e+000  1.000000e+000  0.000000e+000
    outer loop
      vertex -6.486000e+001  2.500000e+001  0.000000e+000
      vertex -4.800000e+001  2.500000e+001  1.000000e+001
      vertex -5.800000e+001  2.500000e+001  0.000000e+000
    endloop
  endfacet
  facet normal  0.000000e+000  1.000000e+000  0.000000e+000
    outer loop
      vertex  3.514000e+001  4.000000e+001 -5.000000e+000
      vertex  2.514000e+001  4.000000e+001 -5.000000e+000
      vertex  3.514000e+001  4.000000e+001  1.000000e+001
    endloop
  endfacet
  facet normal  0.000000e+000  1.000000e+000  0.000000e+000
    outer loop
      vertex  3.514000e+001  4.000000e+001  1.000000e+001
      vertex  2.514000e+001  4.000000e+001 -5.000000e+000
      vertex  2.514000e+001  4.000000e+001  1.000000e+001
    endloop
  endfacet
  facet normal  -0.000000e+000  0.000000e+000  1.000000e+000
    outer loop
      vertex  3.514000e+001  4.000000e+001  1.000000e+001
      vertex  2.514000e+001  4.000000e+001  1.000000e+001
      vertex  2.514000e+001  3.300000e+001  1.000000e+001
    endloop
  endfacet
  facet normal  -0.000000e+000  0.000000e+000  1.000000e+000
    outer loop
      vertex  3.514000e+001  4.000000e+001  1.000000e+001
      vertex  2.514000e+001  3.300000e+001  1.000000e+001
      vertex  2.532145e+001  3.149076e+001  1.000000e+001
    endloop
  endfacet
  facet normal  0.000000e+000  0.000000e+000  1.000000e+000
    outer loop
      vertex  3.514000e+001  4.000000e+001  1.000000e+001
      vertex  2.532145e+001  3.149076e+001  1.000000e+001
      vertex  2.580000e+001  3.181051e+001  1.000000e+001
    endloop
  endfacet
  facet normal  0.000000e+000  0.000000e+000  1.000000e+000
    outer loop
      vertex  3.514000e+001  4.000000e+001  1.000000e+001
      vertex  2.580000e+001  3.181051e+001  1.000000e+001
      vertex  2.631619e+001  3.206507e+001  1.000000e+001
    endloop
  endfacet
  facet normal  0.000000e+000  0.000000e+000  1.000000e+000
    outer loop
      vertex  3.514000e+001  4.000000e+001  1.000000e+001
      vertex  2.631619e+001  3.206507e+001  1.000000e+001
      vertex  2.686120e+001  3.225007e+001  1.000000e+001
    endloop
  endfacet
  facet normal  0.000000e+000  0.000000e+000  1.000000e+000
    outer loop
      vertex  3.514000e+001  4.000000e+001  1.000000e+001
      vertex  2.686120e+001  3.225007e+001  1.000000e+001
      vertex  2.742568e+001  3.236236e+001  1.000000e+001
    endloop
  endfacet
  facet normal  0.000000e+000  0.000000e+000  1.000000e+000
    outer loop
      vertex  3.514000e+001  4.000000e+001  1.000000e+001
      vertex  2.742568e+001  3.236236e+001  1.000000e+001
      vertex  2.800000e+001  3.240000e+001  1.000000e+001
    endloop
  endfacet
  facet normal  -0.000000e+000  0.000000e+000  1.000000e+000
    outer loop
      vertex  3.514000e+001  4.000000e+001  1.000000e+001
      vertex  2.800000e+001  3.240000e+001  1.000000e+001
      vertex  2.857432e+001  3.236236e+001  1.000000e+001
    endloop
  endfacet
  facet normal  -0.000000e+000  0.000000e+000  1.000000e+000
    outer loop
      vertex  3.514000e+001  4.000000e+001  1.000000e+001
      vertex  2.857432e+001  3.236236e+001  1.000000e+001
      vertex  2.913880e+001  3.225007e+001  1.000000e+001
    endloop
  endfacet
  facet normal  -0.000000e+000  0.000000e+000  1.000000e+000
    outer loop
      vertex  3.514000e+001  4.000000e+001  1.000000e+001
      vertex  2.913880e+001  3.225007e+001  1.000000e+001
      vertex  2.968381e+001  3.206507e+001  1.000000e+001
    endloop
  endfacet
  facet normal  -0.000000e+000  0.000000e+000  1.000000e+000
    outer loop
      vertex  3.514000e+001  4.000000e+001  1.000000e+001
      vertex  2.968381e+001  3.206507e+001  1.000000e+001
      vertex  3.020000e+001  3.181051e+001  1.000000e+001
    endloop
  endfacet
  facet normal  -0.000000e+000  0.000000e+000  9.999999e-001
    outer loop
      vertex  3.514000e+001  4.000000e+001  1.000000e+001
      vertex  3.020000e+001  3.181051e+001  1.000000e+001
      vertex  3.067855e+001  3.149076e+001  1.000000e+001
    endloop
  endfacet
  facet normal  -0.000000e+000  0.000000e+000  1.000000e+000
    outer loop
      vertex  3.514000e+001  4.000000e+001  1.000000e+001
      vertex  3.067855e+001  3.149076e+001  1.000000e+001
      vertex  3.111127e+001  3.111127e+001  1.000000e+001
    endloop
  endfacet
  facet normal  -0.000000e+000  0.000000e+000  1.000000e+000
    outer loop
      vertex  3.514000e+001  4.000000e+001  1.000000e+001
      vertex  3.111127e+001  3.111127e+001  1.000000e+001
      vertex  3.149076e+001  3.067855e+001  1.000000e+001
    endloop
  endfacet
  facet normal  -0.000000e+000  0.000000e+000  1.000000e+000
    outer loop
      vertex  3.514000e+001  4.000000e+001  1.000000e+001
      vertex  3.149076e+001  3.067855e+001  1.000000e+001
      vertex  3.181051e+001  3.020000e+001  1.000000e+001
    endloop
  endfacet
  facet normal  -0.000000e+000  0.000000e+000  1.000000e+000
    outer loop
      vertex  3.514000e+001  4.000000e+001  1.000000e+001
      vertex  3.181051e+001  3.020000e+001  1.000000e+001
      vertex  3.206507e+001  2.968381e+001  1.000000e+001
    endloop
  endfacet
  facet normal  -0.000000e+000  0.000000e+000  9.999999e-001
    outer loop
      vertex  3.514000e+001  4.000000e+001  1.000000e+001
      vertex  3.206507e+001  2.968381e+001  1.000000e+001
      vertex  3.225007e+001  2.913880e+001  1.000000e+001
    endloop
  endfacet
  facet normal  -0.000000e+000  0.000000e+000  1.000000e+000
    outer loop
      vertex  3.514000e+001  4.000000e+001  1.000000e+001
      vertex  3.225007e+001  2.913880e+001  1.000000e+001
      vertex  3.236236e+001  2.857432e+001  1.000000e+001
    endloop
  endfacet
  facet normal  -0.000000e+000  0.000000e+000  1.000000e+000
    outer loop
      vertex  3.514000e+001  4.000000e+001  1.000000e+001
      vertex  3.236236e+001  2.857432e+001  1.000000e+001
      vertex  3.240000e+001  2.800000e+001  1.000000e+001
    endloop
  endfacet
  facet normal  -0.000000e+000  0.000000e+000  1.000000e+000
    outer loop
      vertex  3.514000e+001  4.000000e+001  1.000000e+001
      vertex  3.240000e+001  2.800000e+001  1.000000e+001
      vertex  3.236236e+001  2.742568e+001  1.000000e+001
    endloop
  endfacet
  facet normal  -0.000000e+000  0.000000e+000  9.999999e-001
    outer loop
      vertex  3.514000e+001  4.000000e+001  1.000000e+001
      vertex  3.236236e+001  2.742568e+001  1.000000e+001
      vertex  2.800000e+001 -2.360000e+001  1.000000e+001
    endloop
  endfacet
  facet normal  -0.000000e+000  0.000000e+000  1.000000e+000
    outer loop
      vertex  3.514000e+001  4.000000e+001  1.000000e+001
      vertex  2.800000e+001 -2.360000e+001  1.000000e+001
      vertex  2.857432e+001 -2.363764e+001  1.000000e+001
    endloop
  endfacet
  facet normal  -0.000000e+000  0.000000e+000  9.999999e-001
    outer loop
      vertex  3.514000e+001  4.000000e+001  1.000000e+001
      vertex  2.857432e+001 -2.363764e+001  1.000000e+001
      vertex  2.913880e+001 -2.374993e+001  1.000000e+001
    endloop
  endfacet
  facet normal  -0.000000e+000  0.000000e+000  1.000000e+000
    outer loop
      vertex  3.514000e+001  4.000000e+001  1.000000e+001
      vertex  2.913880e+001 -2.374993e+001  1.000000e+001
      vertex  2.968381e+001 -2.393493e+001  1.000000e+001
    endloop
  endfacet
  facet normal  -0.000000e+000  0.000000e+000  1.000000e+000
    outer loop
      vertex  3.514000e+001  4.000000e+001  1.000000e+001
      vertex  2.968381e+001 -2.393493e+001  1.000000e+001
      vertex  3.020000e+001 -2.418949e+001  1.000000e+001
    endloop
  endfacet
  facet normal  -0.000000e+000  0.000000e+000  1.000000e+000
    outer loop
      vertex  3.514000e+001  4.000000e+001  1.000000e+001
      vertex  3.020000e+001 -2.418949e+001  1.000000e+001
      vertex  3.067855e+001 -2.450924e+001  1.000000e+001
    endloop
  endfacet
  facet normal  -0.000000e+000  0.000000e+000  1.000000e+000
    outer loop
      vertex  3.514000e+001  4.000000e+001  1.000000e+001
      vertex  3.067855e+001 -2.450924e+001  1.000000e+001
      vertex  3.111127e+001 -2.488873e+001  1.000000e+001
    endloop
  endfacet
  facet normal  -0.000000e+000  0.000000e+000  1.000000e+000
    outer loop
      vertex  3.514000e+001  4.000000e+001  1.000000e+001
      vertex  3.111127e+001 -2.488873e+001  1.000000e+001
      vertex  3.149076e+001 -2.532145e+001  1.000000e+001
    endloop
  endfacet
  facet normal  -0.000000e+000  0.000000e+000  1.000000e+000
    outer loop
      vertex  3.514000e+001  4.000000e+001  1.000000e+001
      vertex  3.149076e+001 -2.532145e+001  1.000000e+001
      vertex  3.181051e+001 -2.580000e+001  1.000000e+001
    endloop
  endfacet
  facet normal  -0.000000e+000  0.000000e+000  1.000000e+000
    outer loop
      vertex  3.514000e+001  4.000000e+001  1.000000e+001
      vertex  3.181051e+001 -2.580000e+001  1.000000e+001
      vertex  3.206507e+001 -2.631619e+001  1.000000e+001
    endloop
  endfacet
  facet normal  -0.000000e+000  0.000000e+000  1.000000e+000
    outer loop
      vertex  3.514000e+001  4.000000e+001  1.000000e+001
      vertex  3.206507e+001 -2.631619e+001  1.000000e+001
      vertex  3.225007e+001 -2.686120e+001  1.000000e+001
    endloop
  endfacet
  facet normal  -0.000000e+000  0.000000e+000  9.999999e-001
    outer loop
      vertex  3.514000e+001  4.000000e+001  1.000000e+001
      vertex  3.225007e+001 -2.686120e+001  1.000000e+001
      vertex  3.514000e+001 -4.000000e+001  1.000000e+001
    endloop
  endfacet
  facet normal  0.000000e+000  0.000000e+000  1.000000e+000
    outer loop
      vertex  3.514000e+001 -4.000000e+001  1.000000e+001
      vertex  3.225007e+001 -2.686120e+001  1.000000e+001
      vertex  3.236236e+001 -2.742568e+001  1.000000e+001
    endloop
  endfacet
  facet normal  0.000000e+000  0.000000e+000  1.000000e+000
    outer loop
      vertex  3.514000e+001 -4.000000e+001  1.000000e+001
      vertex  3.236236e+001 -2.742568e+001  1.000000e+001
      vertex  3.240000e+001 -2.800000e+001  1.000000e+001
    endloop
  endfacet
  facet normal  0.000000e+000  0.000000e+000  1.000000e+000
    outer loop
      vertex  3.514000e+001 -4.000000e+001  1.000000e+001
      vertex  3.240000e+001 -2.800000e+001  1.000000e+001
      vertex  3.236236e+001 -2.857432e+001  1.000000e+001
    endloop
  endfacet
  facet normal  0.000000e+000  0.000000e+000  1.000000e+000
    outer loop
      vertex  3.514000e+001 -4.000000e+001  1.000000e+001
      vertex  3.236236e+001 -2.857432e+001  1.000000e+001
      vertex  3.225007e+001 -2.913880e+001  1.000000e+001
    endloop
  endfacet
  facet normal  0.000000e+000  0.000000e+000  9.999999e-001
    outer loop
      vertex  3.514000e+001 -4.000000e+001  1.000000e+001
      vertex  3.225007e+001 -2.913880e+001  1.000000e+001
      vertex  3.206507e+001 -2.968381e+001  1.000000e+001
    endloop
  endfacet
  facet normal  0.000000e+000  0.000000e+000  9.999999e-001
    outer loop
      vertex  3.514000e+001 -4.000000e+001  1.000000e+001
      vertex  3.206507e+001 -2.968381e+001  1.000000e+001
      vertex  3.181051e+001 -3.020000e+001  1.000000e+001
    endloop
  endfacet
  facet normal  0.000000e+000  0.000000e+000  1.000000e+000
    outer loop
      vertex  3.514000e+001 -4.000000e+001  1.000000e+001
      vertex  3.181051e+001 -3.020000e+001  1.000000e+001
      vertex  3.149076e+001 -3.067855e+001  1.000000e+001
    endloop
  endfacet
  facet normal  0.000000e+000  0.000000e+000  1.000000e+000
    outer loop
      vertex  3.514000e+001 -4.000000e+001  1.000000e+001
      vertex  3.149076e+001 -3.067855e+001  1.000000e+001
      vertex  3.111127e+001 -3.111127e+001  1.000000e+001
    endloop
  endfacet
  facet normal  0.000000e+000  0.000000e+000  1.000000e+000
    outer loop
      vertex  3.514000e+001 -4.000000e+001  1.000000e+001
      vertex  3.111127e+001 -3.111127e+001  1.000000e+001
      vertex  3.067855e+001 -3.149076e+001  1.000000e+001
    endloop
  endfacet
  facet normal  0.000000e+000  0.000000e+000  9.999999e-001
    outer loop
      vertex  3.514000e+001 -4.000000e+001  1.000000e+001
      vertex  3.067855e+001 -3.149076e+001  1.000000e+001
      vertex  3.020000e+001 -3.181051e+001  1.000000e+001
    endloop
  endfacet
  facet normal  0.000000e+000  0.000000e+000  1.000000e+000
    outer loop
      vertex  3.514000e+001 -4.000000e+001  1.000000e+001
      vertex  3.020000e+001 -3.181051e+001  1.000000e+001
      vertex  2.968381e+001 -3.206507e+001  1.000000e+001
    endloop
  endfacet
  facet normal  0.000000e+000  0.000000e+000  1.000000e+000
    outer loop
      vertex  3.514000e+001 -4.000000e+001  1.000000e+001
      vertex  2.968381e+001 -3.206507e+001  1.000000e+001
      vertex  2.913880e+001 -3.225007e+001  1.000000e+001
    endloop
  endfacet
  facet normal  0.000000e+000  0.000000e+000  1.000000e+000
    outer loop
      vertex  3.514000e+001 -4.000000e+001  1.000000e+001
      vertex  2.913880e+001 -3.225007e+001  1.000000e+001
      vertex  2.857432e+001 -3.236236e+001  1.000000e+001
    endloop
  endfacet
  facet normal  0.000000e+000  0.000000e+000  1.000000e+000
    outer loop
      vertex  3.514000e+001 -4.000000e+001  1.000000e+001
      vertex  2.857432e+001 -3.236236e+001  1.000000e+001
      vertex  2.800000e+001 -3.240000e+001  1.000000e+001
    endloop
  endfacet
  facet normal  0.000000e+000  0.000000e+000  1.000000e+000
    outer loop
      vertex  3.514000e+001 -4.000000e+001  1.000000e+001
      vertex  2.800000e+001 -3.240000e+001  1.000000e+001
      vertex  2.742568e+001 -3.236236e+001  1.000000e+001
    endloop
  endfacet
  facet normal  0.000000e+000  0.000000e+000  1.000000e+000
    outer loop
      vertex  3.514000e+001 -4.000000e+001  1.000000e+001
      vertex  2.742568e+001 -3.236236e+001  1.000000e+001
      vertex  2.686120e+001 -3.225007e+001  1.000000e+001
    endloop
  endfacet
  facet normal  0.000000e+000  0.000000e+000  1.000000e+000
    outer loop
      vertex  3.514000e+001 -4.000000e+001  1.000000e+001
      vertex  2.686120e+001 -3.225007e+001  1.000000e+001
      vertex  2.631619e+001 -3.206507e+001  1.000000e+001
    endloop
  endfacet
  facet normal  0.000000e+000  0.000000e+000  1.000000e+000
    outer loop
      vertex  3.514000e+001 -4.000000e+001  1.000000e+001
      vertex  2.631619e+001 -3.206507e+001  1.000000e+001
      vertex  2.580000e+001 -3.181051e+001  1.000000e+001
    endloop
  endfacet
  facet normal  0.000000e+000  0.000000e+000  1.000000e+000
    outer loop
      vertex  3.514000e+001 -4.000000e+001  1.000000e+001
      vertex  2.580000e+001 -3.181051e+001  1.000000e+001
      vertex  2.532145e+001 -3.149076e+001  1.000000e+001
    endloop
  endfacet
  facet normal  0.000000e+000  0.000000e+000  1.000000e+000
    outer loop
      vertex  3.514000e+001 -4.000000e+001  1.000000e+001
      vertex  2.532145e+001 -3.149076e+001  1.000000e+001
      vertex  2.514000e+001 -4.000000e+001  1.000000e+001
    endloop
  endfacet
  facet normal  0.000000e+000  0.000000e+000  1.000000e+000
    outer loop
      vertex  2.514000e+001 -3.300000e+001  1.000000e+001
      vertex  2.514000e+001 -4.000000e+001  1.000000e+001
      vertex  2.532145e+001 -3.149076e+001  1.000000e+001
    endloop
  endfacet
  facet normal  0.000000e+000  0.000000e+000  1.000000e+000
    outer loop
      vertex  2.514000e+001 -3.300000e+001  1.000000e+001
      vertex  2.532145e+001 -3.149076e+001  1.000000e+001
      vertex  2.488873e+001 -3.111127e+001  1.000000e+001
    endloop
  endfacet
  facet normal  0.000000e+000  0.000000e+000  1.000000e+000
    outer loop
      vertex  2.514000e+001 -3.300000e+001  1.000000e+001
      vertex  2.488873e+001 -3.111127e+001  1.000000e+001
      vertex  2.450924e+001 -3.067855e+001  1.000000e+001
    endloop
  endfacet
  facet normal  0.000000e+000  0.000000e+000  1.000000e+000
    outer loop
      vertex  2.514000e+001 -3.300000e+001  1.000000e+001
      vertex  2.450924e+001 -3.067855e+001  1.000000e+001
      vertex  2.418949e+001 -3.020000e+001  1.000000e+001
    endloop
  endfacet
  facet normal  0.000000e+000  0.000000e+000  1.000000e+000
    outer loop
      vertex  2.514000e+001 -3.300000e+001  1.000000e+001
      vertex  2.418949e+001 -3.020000e+001  1.000000e+001
      vertex  2.393493e+001 -2.968381e+001  1.000000e+001
    endloop
  endfacet
  facet normal  -0.000000e+000  0.000000e+000  9.999999e-001
    outer loop
      vertex -4.800000e+001  2.500000e+001  1.000000e+001
      vertex -6.486000e+001  2.500000e+001  1.000000e+001
      vertex -4.640000e+001  2.000000e+001  1.000000e+001
    endloop
  endfacet
  facet normal  0.000000e+000  -0.000000e+000  1.000000e+000
    outer loop
      vertex -4.800000e+001  2.500000e+001  1.000000e+001
      vertex -4.640000e+001  2.000000e+001  1.000000e+001
      vertex -4.636236e+001  2.057432e+001  1.000000e+001
    endloop
  endfacet
  facet normal  0.000000e+000  -0.000000e+000  1.000000e+000
    outer loop
      vertex -4.800000e+001  2.500000e+001  1.000000e+001
      vertex -4.636236e+001  2.057432e+001  1.000000e+001
      vertex -4.625007e+001  2.113880e+001  1.000000e+001
    endloop
  endfacet
  facet normal  0.000000e+000  -0.000000e+000  1.000000e+000
    outer loop
      vertex -4.800000e+001  2.500000e+001  1.000000e+001
      vertex -4.625007e+001  2.113880e+001  1.000000e+001
      vertex -4.606507e+001  2.168381e+001  1.000000e+001
    endloop
  endfacet
  facet normal  0.000000e+000  -0.000000e+000  1.000000e+000
    outer loop
      vertex -4.800000e+001  2.500000e+001  1.000000e+001
      vertex -4.606507e+001  2.168381e+001  1.000000e+001
      vertex -4.581051e+001  2.220000e+001  1.000000e+001
    endloop
  endfacet
  facet normal  0.000000e+000  -0.000000e+000  1.000000e+000
    outer loop
      vertex -4.800000e+001  2.500000e+001  1.000000e+001
      vertex -4.581051e+001  2.220000e+001  1.000000e+001
      vertex -4.549075e+001  2.267855e+001  1.000000e+001
    endloop
  endfacet
  facet normal  0.000000e+000  -0.000000e+000  9.999999e-001
    outer loop
      vertex -4.800000e+001  2.500000e+001  1.000000e+001
      vertex -4.549075e+001  2.267855e+001  1.000000e+001
      vertex -4.511127e+001  2.311127e+001  1.000000e+001
    endloop
  endfacet
  facet normal  0.000000e+000  -0.000000e+000  1.000000e+000
    outer loop
      vertex -4.800000e+001  2.500000e+001  1.000000e+001
      vertex -4.511127e+001  2.311127e+001  1.000000e+001
      vertex -4.467855e+001  2.349076e+001  1.000000e+001
    endloop
  endfacet
  facet normal  0.000000e+000  -0.000000e+000  1.000000e+000
    outer loop
      vertex -4.800000e+001  2.500000e+001  1.000000e+001
      vertex -4.467855e+001  2.349076e+001  1.000000e+001
      vertex -4.420000e+001  2.381051e+001  1.000000e+001
    endloop
  endfacet
  facet normal  0.000000e+000  -0.000000e+000  1.000000e+000
    outer loop
      vertex -4.800000e+001  2.500000e+001  1.000000e+001
      vertex -4.420000e+001  2.381051e+001  1.000000e+001
      vertex -4.368381e+001  2.406507e+001  1.000000e+001
    endloop
  endfacet
  facet normal  0.000000e+000  -0.000000e+000  1.000000e+000
    outer loop
      vertex -4.800000e+001  2.500000e+001  1.000000e+001
      vertex -4.368381e+001  2.406507e+001  1.000000e+001
      vertex -4.313881e+001  2.425007e+001  1.000000e+001
    endloop
  endfacet
  facet normal  0.000000e+000  -0.000000e+000  1.000000e+000
    outer loop
      vertex -4.800000e+001  2.500000e+001  1.000000e+001
      vertex -4.313881e+001  2.425007e+001  1.000000e+001
      vertex -4.257431e+001  2.436236e+001  1.000000e+001
    endloop
  endfacet
  facet normal  0.000000e+000  -0.000000e+000  1.000000e+000
    outer loop
      vertex -4.800000e+001  2.500000e+001  1.000000e+001
      vertex -4.257431e+001  2.436236e+001  1.000000e+001
      vertex -4.200000e+001  2.440000e+001  1.000000e+001
    endloop
  endfacet
  facet normal  -0.000000e+000  -0.000000e+000  1.000000e+000
    outer loop
      vertex -4.800000e+001  2.500000e+001  1.000000e+001
      vertex -4.200000e+001  2.440000e+001  1.000000e+001
      vertex -4.142569e+001  2.436236e+001  1.000000e+001
    endloop
  endfacet
  facet normal  0.000000e+000  -0.000000e+000  1.000000e+000
    outer loop
      vertex -4.800000e+001  2.500000e+001  1.000000e+001
      vertex -4.142569e+001  2.436236e+001  1.000000e+001
      vertex -1.700000e+001  3.300000e+001  1.000000e+001
    endloop
  endfacet
  facet normal  0.000000e+000  0.000000e+000  1.000000e+000
    outer loop
      vertex -4.800000e+001  2.500000e+001  1.000000e+001
      vertex -1.700000e+001  3.300000e+001  1.000000e+001
      vertex -4.800000e+001  3.300000e+001  1.000000e+001
    endloop
  endfacet
  facet normal  0.000000e+000  0.000000e+000  1.000000e+000
    outer loop
      vertex -1.700000e+001  2.100000e+001  1.000000e+001
      vertex -1.700000e+001  3.300000e+001  1.000000e+001
      vertex -4.142569e+001  2.436236e+001  1.000000e+001
    endloop
  endfacet
  facet normal  0.000000e+000  0.000000e+000  1.000000e+000
    outer loop
      vertex -1.700000e+001  2.100000e+001  1.000000e+001
      vertex -4.142569e+001  2.436236e+001  1.000000e+001
      vertex -4.086119e+001  2.425007e+001  1.000000e+001
    endloop
  endfacet
  facet normal  0.000000e+000  0.000000e+000  1.000000e+000
    outer loop
      vertex -1.700000e+001  2.100000e+001  1.000000e+001
      vertex -4.086119e+001  2.425007e+001  1.000000e+001
      vertex -4.031619e+001  2.406507e+001  1.000000e+001
    endloop
  endfacet
  facet normal  0.000000e+000  0.000000e+000  1.000000e+000
    outer loop
      vertex -1.700000e+001  2.100000e+001  1.000000e+001
      vertex -4.031619e+001  2.406507e+001  1.000000e+001
      vertex -3.980000e+001  2.381051e+001  1.000000e+001
    endloop
  endfacet
  facet normal  0.000000e+000  0.000000e+000  1.000000e+000
    outer loop
      vertex -1.700000e+001  2.100000e+001  1.000000e+001
      vertex -3.980000e+001  2.381051e+001  1.000000e+001
      vertex -3.932145e+001  2.349076e+001  1.000000e+001
    endloop
  endfacet
  facet normal  0.000000e+000  0.000000e+000  1.000000e+000
    outer loop
      vertex -1.700000e+001  2.100000e+001  1.000000e+001
      vertex -3.932145e+001  2.349076e+001  1.000000e+001
      vertex -3.888873e+001  2.311127e+001  1.000000e+001
    endloop
  endfacet
  facet normal  0.000000e+000  0.000000e+000  1.000000e+000
    outer loop
      vertex -1.700000e+001  2.100000e+001  1.000000e+001
      vertex -3.888873e+001  2.311127e+001  1.000000e+001
      vertex -3.850925e+001  2.267855e+001  1.000000e+001
    endloop
  endfacet
  facet normal  0.000000e+000  0.000000e+000  9.999999e-001
    outer loop
      vertex -1.700000e+001  2.100000e+001  1.000000e+001
      vertex -3.850925e+001  2.267855e+001  1.000000e+001
      vertex -3.818949e+001  2.220000e+001  1.000000e+001
    endloop
  endfacet
  facet normal  0.000000e+000  0.000000e+000  1.000000e+000
    outer loop
      vertex -1.700000e+001  2.100000e+001  1.000000e+001
      vertex -3.818949e+001  2.220000e+001  1.000000e+001
      vertex -3.793493e+001  2.168381e+001  1.000000e+001
    endloop
  endfacet
  facet normal  0.000000e+000  0.000000e+000  9.999999e-001
    outer loop
      vertex -1.700000e+001  2.100000e+001  1.000000e+001
      vertex -3.793493e+001  2.168381e+001  1.000000e+001
      vertex -3.774993e+001  2.113880e+001  1.000000e+001
    endloop
  endfacet
  facet normal  0.000000e+000  0.000000e+000  1.000000e+000
    outer loop
      vertex -1.700000e+001  2.100000e+001  1.000000e+001
      vertex -3.774993e+001  2.113880e+001  1.000000e+001
      vertex -3.763764e+001  2.057432e+001  1.000000e+001
    endloop
  endfacet
  facet normal  -0.000000e+000  0.000000e+000  1.000000e+000
    outer loop
      vertex -1.700000e+001  2.100000e+001  1.000000e+001
      vertex -3.763764e+001  2.057432e+001  1.000000e+001
      vertex -3.760000e+001  2.000000e+001  1.000000e+001
    endloop
  endfacet
  facet normal  0.000000e+000  0.000000e+000  1.000000e+000
    outer loop
      vertex  1.300000e+001  2.100000e+001  1.000000e+001
      vertex  2.800000e+001  2.360000e+001  1.000000e+001
      vertex  2.742568e+001  2.363764e+001  1.000000e+001
    endloop
  endfacet
  facet normal  0.000000e+000  0.000000e+000  1.000000e+000
    outer loop
      vertex  1.300000e+001  2.100000e+001  1.000000e+001
      vertex  2.742568e+001  2.363764e+001  1.000000e+001
      vertex  2.686120e+001  2.374993e+001  1.000000e+001
    endloop
  endfacet
  facet normal  0.000000e+000  0.000000e+000  1.000000e+000
    outer loop
      vertex  1.300000e+001  2.100000e+001  1.000000e+001
      vertex  2.686120e+001  2.374993e+001  1.000000e+001
      vertex  2.631619e+001  2.393493e+001  1.000000e+001
    endloop
  endfacet
  facet normal  0.000000e+000  0.000000e+000  1.000000e+000
    outer loop
      vertex  1.300000e+001  2.100000e+001  1.000000e+001
      vertex  2.631619e+001  2.393493e+001  1.000000e+001
      vertex  2.580000e+001  2.418949e+001  1.000000e+001
    endloop
  endfacet
  facet normal  0.000000e+000  0.000000e+000  1.000000e+000
    outer loop
      vertex  1.300000e+001  2.100000e+001  1.000000e+001
      vertex  2.580000e+001  2.418949e+001  1.000000e+001
      vertex  2.532145e+001  2.450924e+001  1.000000e+001
    endloop
  endfacet
  facet normal  0.000000e+000  0.000000e+000  1.000000e+000
    outer loop
      vertex  1.300000e+001  2.100000e+001  1.000000e+001
      vertex  2.532145e+001  2.450924e+001  1.000000e+001
      vertex  2.488873e+001  2.488873e+001  1.000000e+001
    endloop
  endfacet
  facet normal  0.000000e+000  0.000000e+000  1.000000e+000
    outer loop
      vertex  1.300000e+001  2.100000e+001  1.000000e+001
      vertex  2.488873e+001  2.488873e+001  1.000000e+001
      vertex  2.450924e+001  2.532145e+001  1.000000e+001
    endloop
  endfacet
  facet normal  0.000000e+000  0.000000e+000  1.000000e+000
    outer loop
      vertex  1.300000e+001  2.100000e+001  1.000000e+001
      vertex  2.450924e+001  2.532145e+001  1.000000e+001
      vertex  2.418949e+001  2.580000e+001  1.000000e+001
    endloop
  endfacet
  facet normal  0.000000e+000  0.000000e+000  1.000000e+000
    outer loop
      vertex  1.300000e+001  2.100000e+001  1.000000e+001
      vertex  2.418949e+001  2.580000e+001  1.000000e+001
      vertex  2.393493e+001  2.631619e+001  1.000000e+001
    endloop
  endfacet
  facet normal  0.000000e+000  0.000000e+000  1.000000e+000
    outer loop
      vertex  1.300000e+001  2.100000e+001  1.000000e+001
      vertex  2.393493e+001  2.631619e+001  1.000000e+001
      vertex  2.374993e+001  2.686120e+001  1.000000e+001
    endloop
  endfacet
  facet normal  0.000000e+000  0.000000e+000  1.000000e+000
    outer loop
      vertex  1.300000e+001  2.100000e+001  1.000000e+001
      vertex  2.374993e+001  2.686120e+001  1.000000e+001
      vertex  2.363764e+001  2.742568e+001  1.000000e+001
    endloop
  endfacet
  facet normal  0.000000e+000  0.000000e+000  1.000000e+000
    outer loop
      vertex  1.300000e+001  2.100000e+001  1.000000e+001
      vertex  2.363764e+001  2.742568e+001  1.000000e+001
      vertex  2.360000e+001  2.800000e+001  1.000000e+001
    endloop
  endfacet
  facet normal  0.000000e+000  0.000000e+000  1.000000e+000
    outer loop
      vertex  1.300000e+001  2.100000e+001  1.000000e+001
      vertex  2.360000e+001  2.800000e+001  1.000000e+001
      vertex  1.300000e+001  3.300000e+001  1.000000e+001
    endloop
  endfacet
  facet normal  0.000000e+000  -0.000000e+000  1.000000e+000
    outer loop
      vertex -3.760000e+001 -2.000000e+001  1.000000e+001
      vertex  2.360000e+001 -2.800000e+001  1.000000e+001
      vertex  2.363764e+001 -2.742568e+001  1.000000e+001
    endloop
  endfacet
  facet normal  0.000000e+000  -0.000000e+000  1.000000e+000
    outer loop
      vertex -3.760000e+001 -2.000000e+001  1.000000e+001
      vertex  2.363764e+001 -2.742568e+001  1.000000e+001
      vertex  2.374993e+001 -2.686120e+001  1.000000e+001
    endloop
  endfacet
  facet normal  0.000000e+000  -0.000000e+000  1.000000e+000
    outer loop
      vertex -3.760000e+001 -2.000000e+001  1.000000e+001
      vertex  2.374993e+001 -2.686120e+001  1.000000e+001
      vertex  2.393493e+001 -2.631619e+001  1.000000e+001
    endloop
  endfacet
  facet normal  0.000000e+000  -0.000000e+000  1.000000e+000
    outer loop
      vertex -3.760000e+001 -2.000000e+001  1.000000e+001
      vertex  2.393493e+001 -2.631619e+001  1.000000e+001
      vertex  2.418949e+001 -2.580000e+001  1.000000e+001
    endloop
  endfacet
  facet normal  0.000000e+000  -0.000000e+000  1.000000e+000
    outer loop
      vertex -3.760000e+001 -2.000000e+001  1.000000e+001
      vertex  2.418949e+001 -2.580000e+001  1.000000e+001
      vertex  2.450924e+001 -2.532145e+001  1.000000e+001
    endloop
  endfacet
  facet normal  0.000000e+000  -0.000000e+000  1.000000e+000
    outer loop
      vertex -3.760000e+001 -2.000000e+001  1.000000e+001
      vertex  2.450924e+001 -2.532145e+001  1.000000e+001
      vertex  2.488873e+001 -2.488873e+001  1.000000e+001
    endloop
  endfacet
  facet normal  0.000000e+000  -0.000000e+000  1.000000e+000
    outer loop
      vertex -3.760000e+001 -2.000000e+001  1.000000e+001
      vertex  2.488873e+001 -2.488873e+001  1.000000e+001
      vertex  2.532145e+001 -2.450924e+001  1.000000e+001
    endloop
  endfacet
  facet normal  0.000000e+000  -0.000000e+000  1.000000e+000
    outer loop
      vertex -3.760000e+001 -2.000000e+001  1.000000e+001
      vertex  2.532145e+001 -2.450924e+001  1.000000e+001
      vertex  2.580000e+001 -2.418949e+001  1.000000e+001
    endloop
  endfacet
  facet normal  0.000000e+000  -0.000000e+000  1.000000e+000
    outer loop
      vertex -3.760000e+001 -2.000000e+001  1.000000e+001
      vertex  2.580000e+001 -2.418949e+001  1.000000e+001
      vertex  2.631619e+001 -2.393493e+001  1.000000e+001
    endloop
  endfacet
  facet normal  0.000000e+000  -0.000000e+000  1.000000e+000
    outer loop
      vertex -3.760000e+001 -2.000000e+001  1.000000e+001
      vertex  2.631619e+001 -2.393493e+001  1.000000e+001
      vertex  2.686120e+001 -2.374993e+001  1.000000e+001
    endloop
  endfacet
  facet normal  0.000000e+000  -0.000000e+000  1.000000e+000
    outer loop
      vertex -3.760000e+001 -2.000000e+001  1.000000e+001
      vertex  2.686120e+001 -2.374993e+001  1.000000e+001
      vertex  2.742568e+001 -2.363764e+001  1.000000e+001
    endloop
  endfacet
  facet normal  0.000000e+000  -0.000000e+000  1.000000e+000
    outer loop
      vertex -3.760000e+001 -2.000000e+001  1.000000e+001
      vertex  2.742568e+001 -2.363764e+001  1.000000e+001
      vertex  2.800000e+001 -2.360000e+001  1.000000e+001
    endloop
  endfacet
  facet normal  0.000000e+000  0.000000e+000  9.999999e-001
    outer loop
      vertex  2.800000e+001 -2.360000e+001  1.000000e+001
      vertex  3.236236e+001  2.742568e+001  1.000000e+001
      vertex  3.225007e+001  2.686120e+001  1.000000e+001
    endloop
  endfacet
  facet normal  0.000000e+000  0.000000e+000  1.000000e+000
    outer loop
      vertex  2.800000e+001 -2.360000e+001  1.000000e+001
      vertex  3.225007e+001  2.686120e+001  1.000000e+001
      vertex  3.206507e+001  2.631619e+001  1.000000e+001
    endloop
  endfacet
  facet normal  0.000000e+000  0.000000e+000  1.000000e+000
    outer loop
      vertex  2.800000e+001 -2.360000e+001  1.000000e+001
      vertex  3.206507e+001  2.631619e+001  1.000000e+001
      vertex  3.181051e+001  2.580000e+001  1.000000e+001
    endloop
  endfacet
  facet normal  0.000000e+000  0.000000e+000  1.000000e+000
    outer loop
      vertex  2.800000e+001 -2.360000e+001  1.000000e+001
      vertex  3.181051e+001  2.580000e+001  1.000000e+001
      vertex  3.149076e+001  2.532145e+001  1.000000e+001
    endloop
  endfacet
  facet normal  0.000000e+000  0.000000e+000  1.000000e+000
    outer loop
      vertex  2.800000e+001 -2.360000e+001  1.000000e+001
      vertex  3.149076e+001  2.532145e+001  1.000000e+001
      vertex  3.111127e+001  2.488873e+001  1.000000e+001
    endloop
  endfacet
  facet normal  0.000000e+000  0.000000e+000  1.000000e+000
    outer loop
      vertex  2.800000e+001 -2.360000e+001  1.000000e+001
      vertex  3.111127e+001  2.488873e+001  1.000000e+001
      vertex  3.067855e+001  2.450924e+001  1.000000e+001
    endloop
  endfacet
  facet normal  0.000000e+000  0.000000e+000  1.000000e+000
    outer loop
      vertex  2.800000e+001 -2.360000e+001  1.000000e+001
      vertex  3.067855e+001  2.450924e+001  1.000000e+001
      vertex  3.020000e+001  2.418949e+001  1.000000e+001
    endloop
  endfacet
  facet normal  0.000000e+000  0.000000e+000  1.000000e+000
    outer loop
      vertex  2.800000e+001 -2.360000e+001  1.000000e+001
      vertex  3.020000e+001  2.418949e+001  1.000000e+001
      vertex  2.968381e+001  2.393493e+001  1.000000e+001
    endloop
  endfacet
  facet normal  0.000000e+000  0.000000e+000  1.000000e+000
    outer loop
      vertex  2.800000e+001 -2.360000e+001  1.000000e+001
      vertex  2.968381e+001  2.393493e+001  1.000000e+001
      vertex  2.913880e+001  2.374993e+001  1.000000e+001
    endloop
  endfacet
  facet normal  0.000000e+000  0.000000e+000  1.000000e+000
    outer loop
      vertex  2.800000e+001 -2.360000e+001  1.000000e+001
      vertex  2.913880e+001  2.374993e+001  1.000000e+001
      vertex  2.857432e+001  2.363764e+001  1.000000e+001
    endloop
  endfacet
  facet normal  0.000000e+000  0.000000e+000  1.000000e+000
    outer loop
      vertex  2.800000e+001 -2.360000e+001  1.000000e+001
      vertex  2.857432e+001  2.363764e+001  1.000000e+001
      vertex  2.800000e+001  2.360000e+001  1.000000e+001
    endloop
  endfacet
  facet normal  0.000000e+000  0.000000e+000  1.000000e+000
    outer loop
      vertex  2.800000e+001 -2.360000e+001  1.000000e+001
      vertex  2.800000e+001  2.360000e+001  1.000000e+001
      vertex  1.300000e+001  2.100000e+001  1.000000e+001
    endloop
  endfacet
  facet normal  0.000000e+000  0.000000e+000  1.000000e+000
    outer loop
      vertex  2.800000e+001 -2.360000e+001  1.000000e+001
      vertex  1.300000e+001  2.100000e+001  1.000000e+001
      vertex -1.700000e+001  2.100000e+001  1.000000e+001
    endloop
  endfacet
  facet normal  0.000000e+000  0.000000e+000  1.000000e+000
    outer loop
      vertex  2.800000e+001 -2.360000e+001  1.000000e+001
      vertex -1.700000e+001  2.100000e+001  1.000000e+001
      vertex -3.760000e+001  2.000000e+001  1.000000e+001
    endloop
  endfacet
  facet normal  0.000000e+000  0.000000e+000  9.999999e-001
    outer loop
      vertex  2.800000e+001 -2.360000e+001  1.000000e+001
      vertex -3.760000e+001  2.000000e+001  1.000000e+001
      vertex -3.760000e+001 -2.000000e+001  1.000000e+001
    endloop
  endfacet
  facet normal  0.000000e+000  0.000000e+000  1.000000e+000
    outer loop
      vertex -4.800000e+001 -2.500000e+001  1.000000e+001
      vertex -4.800000e+001 -3.300000e+001  1.000000e+001
      vertex  2.360000e+001 -2.800000e+001  1.000000e+001
    endloop
  endfacet
  facet normal  0.000000e+000  0.000000e+000  9.999999e-001
    outer loop
      vertex -4.800000e+001 -2.500000e+001  1.000000e+001
      vertex  2.360000e+001 -2.800000e+001  1.000000e+001
      vertex -4.200000e+001 -2.440000e+001  1.000000e+001
    endloop
  endfacet
  facet normal  0.000000e+000  0.000000e+000  1.000000e+000
    outer loop
      vertex -4.800000e+001 -2.500000e+001  1.000000e+001
      vertex -4.200000e+001 -2.440000e+001  1.000000e+001
      vertex -4.257431e+001 -2.436236e+001  1.000000e+001
    endloop
  endfacet
  facet normal  0.000000e+000  0.000000e+000  1.000000e+000
    outer loop
      vertex -4.800000e+001 -2.500000e+001  1.000000e+001
      vertex -4.257431e+001 -2.436236e+001  1.000000e+001
      vertex -4.313881e+001 -2.425007e+001  1.000000e+001
    endloop
  endfacet
  facet normal  0.000000e+000  0.000000e+000  1.000000e+000
    outer loop
      vertex -4.800000e+001 -2.500000e+001  1.000000e+001
      vertex -4.313881e+001 -2.425007e+001  1.000000e+001
      vertex -4.368381e+001 -2.406507e+001  1.000000e+001
    endloop
  endfacet
  facet normal  0.000000e+000  0.000000e+000  1.000000e+000
    outer loop
      vertex -4.800000e+001 -2.500000e+001  1.000000e+001
      vertex -4.368381e+001 -2.406507e+001  1.000000e+001
      vertex -4.420000e+001 -2.381051e+001  1.000000e+001
    endloop
  endfacet
  facet normal  0.000000e+000  0.000000e+000  1.000000e+000
    outer loop
      vertex -4.800000e+001 -2.500000e+001  1.000000e+001
      vertex -4.420000e+001 -2.381051e+001  1.000000e+001
      vertex -4.467855e+001 -2.349076e+001  1.000000e+001
    endloop
  endfacet
  facet normal  0.000000e+000  0.000000e+000  1.000000e+000
    outer loop
      vertex -4.800000e+001 -2.500000e+001  1.000000e+001
      vertex -4.467855e+001 -2.349076e+001  1.000000e+001
      vertex -4.511127e+001 -2.311127e+001  1.000000e+001
    endloop
  endfacet
  facet normal  0.000000e+000  0.000000e+000  9.999999e-001
    outer loop
      vertex -4.800000e+001 -2.500000e+001  1.000000e+001
      vertex -4.511127e+001 -2.311127e+001  1.000000e+001
      vertex -4.549075e+001 -2.267855e+001  1.000000e+001
    endloop
  endfacet
  facet normal  0.000000e+000  0.000000e+000  1.000000e+000
    outer loop
      vertex -4.800000e+001 -2.500000e+001  1.000000e+001
      vertex -4.549075e+001 -2.267855e+001  1.000000e+001
      vertex -4.581051e+001 -2.220000e+001  1.000000e+001
    endloop
  endfacet
  facet normal  0.000000e+000  0.000000e+000  1.000000e+000
    outer loop
      vertex -4.800000e+001 -2.500000e+001  1.000000e+001
      vertex -4.581051e+001 -2.220000e+001  1.000000e+001
      vertex -4.606507e+001 -2.168381e+001  1.000000e+001
    endloop
  endfacet
  facet normal  0.000000e+000  0.000000e+000  1.000000e+000
    outer loop
      vertex -4.800000e+001 -2.500000e+001  1.000000e+001
      vertex -4.606507e+001 -2.168381e+001  1.000000e+001
      vertex -4.625007e+001 -2.113880e+001  1.000000e+001
    endloop
  endfacet
  facet normal  0.000000e+000  0.000000e+000  1.000000e+000
    outer loop
      vertex -4.800000e+001 -2.500000e+001  1.000000e+001
      vertex -4.625007e+001 -2.113880e+001  1.000000e+001
      vertex -4.636236e+001 -2.057432e+001  1.000000e+001
    endloop
  endfacet
  facet normal  0.000000e+000  0.000000e+000  1.000000e+000
    outer loop
      vertex -4.800000e+001 -2.500000e+001  1.000000e+001
      vertex -4.636236e+001 -2.057432e+001  1.000000e+001
      vertex -4.640000e+001 -2.000000e+001  1.000000e+001
    endloop
  endfacet
  facet normal  0.000000e+000  0.000000e+000  9.999999e-001
    outer loop
      vertex -4.800000e+001 -2.500000e+001  1.000000e+001
      vertex -4.640000e+001 -2.000000e+001  1.000000e+001
      vertex -6.486000e+001 -2.500000e+001  1.000000e+001
    endloop
  endfacet
  facet normal  0.000000e+000  0.000000e+000  9.999999e-001
    outer loop
      vertex -4.800000e+001 -3.300000e+001  1.000000e+001
      vertex  2.514000e+001 -3.300000e+001  1.000000e+001
      vertex  2.393493e+001 -2.968381e+001  1.000000e+001
    endloop
  endfacet
  facet normal  0.000000e+000  0.000000e+000  1.000000e+000
    outer loop
      vertex -4.800000e+001 -3.300000e+001  1.000000e+001
      vertex  2.393493e+001 -2.968381e+001  1.000000e+001
      vertex  2.374993e+001 -2.913880e+001  1.000000e+001
    endloop
  endfacet
  facet normal  0.000000e+000  0.000000e+000  1.000000e+000
    outer loop
      vertex -4.800000e+001 -3.300000e+001  1.000000e+001
      vertex  2.374993e+001 -2.913880e+001  1.000000e+001
      vertex  2.363764e+001 -2.857432e+001  1.000000e+001
    endloop
  endfacet
  facet normal  0.000000e+000  0.000000e+000  1.000000e+000
    outer loop
      vertex -4.800000e+001 -3.300000e+001  1.000000e+001
      vertex  2.363764e+001 -2.857432e+001  1.000000e+001
      vertex  2.360000e+001 -2.800000e+001  1.000000e+001
    endloop
  endfacet
  facet normal  0.000000e+000  0.000000e+000  1.000000e+000
    outer loop
      vertex  2.360000e+001 -2.800000e+001  1.000000e+001
      vertex -3.760000e+001 -2.000000e+001  1.000000e+001
      vertex -3.763764e+001 -2.057432e+001  1.000000e+001
    endloop
  endfacet
  facet normal  0.000000e+000  0.000000e+000  1.000000e+000
    outer loop
      vertex  2.360000e+001 -2.800000e+001  1.000000e+001
      vertex -3.763764e+001 -2.057432e+001  1.000000e+001
      vertex -3.774993e+001 -2.113880e+001  1.000000e+001
    endloop
  endfacet
  facet normal  0.000000e+000  0.000000e+000  1.000000e+000
    outer loop
      vertex  2.360000e+001 -2.800000e+001  1.000000e+001
      vertex -3.774993e+001 -2.113880e+001  1.000000e+001
      vertex -3.793493e+001 -2.168381e+001  1.000000e+001
    endloop
  endfacet
  facet normal  0.000000e+000  0.000000e+000  1.000000e+000
    outer loop
      vertex  2.360000e+001 -2.800000e+001  1.000000e+001
      vertex -3.793493e+001 -2.168381e+001  1.000000e+001
      vertex -3.818949e+001 -2.220000e+001  1.000000e+001
    endloop
  endfacet
  facet normal  0.000000e+000  0.000000e+000  1.000000e+000
    outer loop
      vertex  2.360000e+001 -2.800000e+001  1.000000e+001
      vertex -3.818949e+001 -2.220000e+001  1.000000e+001
      vertex -3.850925e+001 -2.267855e+001  1.000000e+001
    endloop
  endfacet
  facet normal  0.000000e+000  0.000000e+000  1.000000e+000
    outer loop
      vertex  2.360000e+001 -2.800000e+001  1.000000e+001
      vertex -3.850925e+001 -2.267855e+001  1.000000e+001
      vertex -3.888873e+001 -2.311127e+001  1.000000e+001
    endloop
  endfacet
  facet normal  0.000000e+000  0.000000e+000  1.000000e+000
    outer loop
      vertex  2.360000e+001 -2.800000e+001  1.000000e+001
      vertex -3.888873e+001 -2.311127e+001  1.000000e+001
      vertex -3.932145e+001 -2.349076e+001  1.000000e+001
    endloop
  endfacet
  facet normal  0.000000e+000  0.000000e+000  1.000000e+000
    outer loop
      vertex  2.360000e+001 -2.800000e+001  1.000000e+001
      vertex -3.932145e+001 -2.349076e+001  1.000000e+001
      vertex -3.980000e+001 -2.381051e+001  1.000000e+001
    endloop
  endfacet
  facet normal  0.000000e+000  0.000000e+000  9.999999e-001
    outer loop
      vertex  2.360000e+001 -2.800000e+001  1.000000e+001
      vertex -3.980000e+001 -2.381051e+001  1.000000e+001
      vertex -4.031619e+001 -2.406507e+001  1.000000e+001
    endloop
  endfacet
  facet normal  0.000000e+000  0.000000e+000  1.000000e+000
    outer loop
      vertex  2.360000e+001 -2.800000e+001  1.000000e+001
      vertex -4.031619e+001 -2.406507e+001  1.000000e+001
      vertex -4.086119e+001 -2.425007e+001  1.000000e+001
    endloop
  endfacet
  facet normal  0.000000e+000  0.000000e+000  1.000000e+000
    outer loop
      vertex  2.360000e+001 -2.800000e+001  1.000000e+001
      vertex -4.086119e+001 -2.425007e+001  1.000000e+001
      vertex -4.142569e+001 -2.436236e+001  1.000000e+001
    endloop
  endfacet
  facet normal  0.000000e+000  0.000000e+000  1.000000e+000
    outer loop
      vertex  2.360000e+001 -2.800000e+001  1.000000e+001
      vertex -4.142569e+001 -2.436236e+001  1.000000e+001
      vertex -4.200000e+001 -2.440000e+001  1.000000e+001
    endloop
  endfacet
  facet normal  0.000000e+000  0.000000e+000  1.000000e+000
    outer loop
      vertex  2.514000e+001  3.300000e+001  1.000000e+001
      vertex  2.393493e+001  2.968381e+001  1.000000e+001
      vertex  2.418949e+001  3.020000e+001  1.000000e+001
    endloop
  endfacet
  facet normal  0.000000e+000  0.000000e+000  1.000000e+000
    outer loop
      vertex  2.514000e+001  3.300000e+001  1.000000e+001
      vertex  2.418949e+001  3.020000e+001  1.000000e+001
      vertex  2.450924e+001  3.067855e+001  1.000000e+001
    endloop
  endfacet
  facet normal  0.000000e+000  0.000000e+000  1.000000e+000
    outer loop
      vertex  2.514000e+001  3.300000e+001  1.000000e+001
      vertex  2.450924e+001  3.067855e+001  1.000000e+001
      vertex  2.488873e+001  3.111127e+001  1.000000e+001
    endloop
  endfacet
  facet normal  0.000000e+000  0.000000e+000  1.000000e+000
    outer loop
      vertex  2.514000e+001  3.300000e+001  1.000000e+001
      vertex  2.488873e+001  3.111127e+001  1.000000e+001
      vertex  2.532145e+001  3.149076e+001  1.000000e+001
    endloop
  endfacet
  facet normal  0.000000e+000  -0.000000e+000  1.000000e+000
    outer loop
      vertex  1.300000e+001  3.300000e+001  1.000000e+001
      vertex  2.360000e+001  2.800000e+001  1.000000e+001
      vertex  2.363764e+001  2.857432e+001  1.000000e+001
    endloop
  endfacet
  facet normal  0.000000e+000  -0.000000e+000  1.000000e+000
    outer loop
      vertex  1.300000e+001  3.300000e+001  1.000000e+001
      vertex  2.363764e+001  2.857432e+001  1.000000e+001
      vertex  2.374993e+001  2.913880e+001  1.000000e+001
    endloop
  endfacet
  facet normal  0.000000e+000  -0.000000e+000  9.999999e-001
    outer loop
      vertex  1.300000e+001  3.300000e+001  1.000000e+001
      vertex  2.374993e+001  2.913880e+001  1.000000e+001
      vertex  2.393493e+001  2.968381e+001  1.000000e+001
    endloop
  endfacet
  facet normal  0.000000e+000  -0.000000e+000  1.000000e+000
    outer loop
      vertex  1.300000e+001  3.300000e+001  1.000000e+001
      vertex  2.393493e+001  2.968381e+001  1.000000e+001
      vertex  2.514000e+001  3.300000e+001  1.000000e+001
    endloop
  endfacet
  facet normal  0.000000e+000  0.000000e+000  1.000000e+000
    outer loop
      vertex -6.486000e+001  2.500000e+001  1.000000e+001
      vertex -6.486000e+001 -2.500000e+001  1.000000e+001
      vertex -4.640000e+001  2.000000e+001  1.000000e+001
    endloop
  endfacet
  facet normal  0.000000e+000  0.000000e+000  1.000000e+000
    outer loop
      vertex -4.640000e+001  2.000000e+001  1.000000e+001
      vertex -6.486000e+001 -2.500000e+001  1.000000e+001
      vertex -4.640000e+001 -2.000000e+001  1.000000e+001
    endloop
  endfacet
  facet normal  0.000000e+000  0.000000e+000  1.000000e+000
    outer loop
      vertex -4.640000e+001  2.000000e+001  1.000000e+001
      vertex -4.640000e+001 -2.000000e+001  1.000000e+001
      vertex -4.636236e+001  1.942568e+001  1.000000e+001
    endloop
  endfacet
  facet normal  0.000000e+000  0.000000e+000  1.000000e+000
    outer loop
      vertex -4.636236e+001  1.942568e+001  1.000000e+001
      vertex -4.640000e+001 -2.000000e+001  1.000000e+001
      vertex -4.636236e+001 -1.942568e+001  1.000000e+001
    endloop
  endfacet
  facet normal  0.000000e+000  0.000000e+000  1.000000e+000
    outer loop
      vertex -4.636236e+001  1.942568e+001  1.000000e+001
      vertex -4.636236e+001 -1.942568e+001  1.000000e+001
      vertex -4.625007e+001  1.886120e+001  1.000000e+001
    endloop
  endfacet
  facet normal  0.000000e+000  0.000000e+000  1.000000e+000
    outer loop
      vertex -4.625007e+001  1.886120e+001  1.000000e+001
      vertex -4.636236e+001 -1.942568e+001  1.000000e+001
      vertex -4.625007e+001 -1.886120e+001  1.000000e+001
    endloop
  endfacet
  facet normal  0.000000e+000  0.000000e+000  1.000000e+000
    outer loop
      vertex -4.625007e+001  1.886120e+001  1.000000e+001
      vertex -4.625007e+001 -1.886120e+001  1.000000e+001
      vertex -4.606507e+001  1.831619e+001  1.000000e+001
    endloop
  endfacet
  facet normal  0.000000e+000  0.000000e+000  1.000000e+000
    outer loop
      vertex -4.606507e+001  1.831619e+001  1.000000e+001
      vertex -4.625007e+001 -1.886120e+001  1.000000e+001
      vertex -4.606507e+001 -1.831619e+001  1.000000e+001
    endloop
  endfacet
  facet normal  0.000000e+000  0.000000e+000  1.000000e+000
    outer loop
      vertex -4.606507e+001  1.831619e+001  1.000000e+001
      vertex -4.606507e+001 -1.831619e+001  1.000000e+001
      vertex -4.581051e+001  1.780000e+001  1.000000e+001
    endloop
  endfacet
  facet normal  0.000000e+000  0.000000e+000  1.000000e+000
    outer loop
      vertex -4.581051e+001  1.780000e+001  1.000000e+001
      vertex -4.606507e+001 -1.831619e+001  1.000000e+001
      vertex -4.581051e+001 -1.780000e+001  1.000000e+001
    endloop
  endfacet
  facet normal  0.000000e+000  0.000000e+000  1.000000e+000
    outer loop
      vertex -4.581051e+001  1.780000e+001  1.000000e+001
      vertex -4.581051e+001 -1.780000e+001  1.000000e+001
      vertex -4.549075e+001  1.732145e+001  1.000000e+001
    endloop
  endfacet
  facet normal  0.000000e+000  0.000000e+000  1.000000e+000
    outer loop
      vertex -4.549075e+001  1.732145e+001  1.000000e+001
      vertex -4.581051e+001 -1.780000e+001  1.000000e+001
      vertex -4.549075e+001 -1.732145e+001  1.000000e+001
    endloop
  endfacet
  facet normal  0.000000e+000  0.000000e+000  1.000000e+000
    outer loop
      vertex -4.549075e+001  1.732145e+001  1.000000e+001
      vertex -4.549075e+001 -1.732145e+001  1.000000e+001
      vertex -4.511127e+001  1.688873e+001  1.000000e+001
    endloop
  endfacet
  facet normal  0.000000e+000  0.000000e+000  1.000000e+000
    outer loop
      vertex -4.511127e+001  1.688873e+001  1.000000e+001
      vertex -4.549075e+001 -1.732145e+001  1.000000e+001
      vertex -4.511127e+001 -1.688873e+001  1.000000e+001
    endloop
  endfacet
  facet normal  0.000000e+000  0.000000e+000  1.000000e+000
    outer loop
      vertex -4.511127e+001  1.688873e+001  1.000000e+001
      vertex -4.511127e+001 -1.688873e+001  1.000000e+001
      vertex -4.467855e+001  1.650924e+001  1.000000e+001
    endloop
  endfacet
  facet normal  0.000000e+000  0.000000e+000  1.000000e+000
    outer loop
      vertex -4.467855e+001  1.650924e+001  1.000000e+001
      vertex -4.511127e+001 -1.688873e+001  1.000000e+001
      vertex -4.467855e+001 -1.650924e+001  1.000000e+001
    endloop
  endfacet
  facet normal  0.000000e+000  0.000000e+000  1.000000e+000
    outer loop
      vertex -4.467855e+001  1.650924e+001  1.000000e+001
      vertex -4.467855e+001 -1.650924e+001  1.000000e+001
      vertex -4.420000e+001  1.618949e+001  1.000000e+001
    endloop
  endfacet
  facet normal  0.000000e+000  0.000000e+000  1.000000e+000
    outer loop
      vertex -4.420000e+001  1.618949e+001  1.000000e+001
      vertex -4.467855e+001 -1.650924e+001  1.000000e+001
      vertex -4.420000e+001 -1.618949e+001  1.000000e+001
    endloop
  endfacet
  facet normal  0.000000e+000  0.000000e+000  1.000000e+000
    outer loop
      vertex -4.420000e+001  1.618949e+001  1.000000e+001
      vertex -4.420000e+001 -1.618949e+001  1.000000e+001
      vertex -4.368381e+001  1.593493e+001  1.000000e+001
    endloop
  endfacet
  facet normal  0.000000e+000  0.000000e+000  1.000000e+000
    outer loop
      vertex -4.368381e+001  1.593493e+001  1.000000e+001
      vertex -4.420000e+001 -1.618949e+001  1.000000e+001
      vertex -4.368381e+001 -1.593493e+001  1.000000e+001
    endloop
  endfacet
  facet normal  0.000000e+000  0.000000e+000  1.000000e+000
    outer loop
      vertex -4.368381e+001  1.593493e+001  1.000000e+001
      vertex -4.368381e+001 -1.593493e+001  1.000000e+001
      vertex -4.313881e+001  1.574993e+001  1.000000e+001
    endloop
  endfacet
  facet normal  0.000000e+000  0.000000e+000  1.000000e+000
    outer loop
      vertex -4.313881e+001  1.574993e+001  1.000000e+001
      vertex -4.368381e+001 -1.593493e+001  1.000000e+001
      vertex -4.313881e+001 -1.574993e+001  1.000000e+001
    endloop
  endfacet
  facet normal  0.000000e+000  0.000000e+000  1.000000e+000
    outer loop
      vertex -4.313881e+001  1.574993e+001  1.000000e+001
      vertex -4.313881e+001 -1.574993e+001  1.000000e+001
      vertex -4.257431e+001  1.563764e+001  1.000000e+001
    endloop
  endfacet
  facet normal  0.000000e+000  0.000000e+000  9.999999e-001
    outer loop
      vertex -4.257431e+001  1.563764e+001  1.000000e+001
      vertex -4.313881e+001 -1.574993e+001  1.000000e+001
      vertex -4.257431e+001 -1.563764e+001  1.000000e+001
    endloop
  endfacet
  facet normal  0.000000e+000  0.000000e+000  1.000000e+000
    outer loop
      vertex -4.257431e+001  1.563764e+001  1.000000e+001
      vertex -4.257431e+001 -1.563764e+001  1.000000e+001
      vertex -4.200000e+001  1.560000e+001  1.000000e+001
    endloop
  endfacet
  facet normal  0.000000e+000  0.000000e+000  9.999999e-001
    outer loop
      vertex -4.200000e+001  1.560000e+001  1.000000e+001
      vertex -4.257431e+001 -1.563764e+001  1.000000e+001
      vertex -4.200000e+001 -1.560000e+001  1.000000e+001
    endloop
  endfacet
  facet normal  0.000000e+000  0.000000e+000  9.999999e-001
    outer loop
      vertex -4.200000e+001  1.560000e+001  1.000000e+001
      vertex -4.200000e+001 -1.560000e+001  1.000000e+001
      vertex -4.142569e+001  1.563764e+001  1.000000e+001
    endloop
  endfacet
  facet normal  0.000000e+000  0.000000e+000  1.000000e+000
    outer loop
      vertex -4.142569e+001  1.563764e+001  1.000000e+001
      vertex -4.200000e+001 -1.560000e+001  1.000000e+001
      vertex -4.142569e+001 -1.563764e+001  1.000000e+001
    endloop
  endfacet
  facet normal  0.000000e+000  0.000000e+000  9.999999e-001
    outer loop
      vertex -4.142569e+001  1.563764e+001  1.000000e+001
      vertex -4.142569e+001 -1.563764e+001  1.000000e+001
      vertex -4.086119e+001  1.574993e+001  1.000000e+001
    endloop
  endfacet
  facet normal  0.000000e+000  0.000000e+000  1.000000e+000
    outer loop
      vertex -4.086119e+001  1.574993e+001  1.000000e+001
      vertex -4.142569e+001 -1.563764e+001  1.000000e+001
      vertex -4.086119e+001 -1.574993e+001  1.000000e+001
    endloop
  endfacet
  facet normal  0.000000e+000  0.000000e+000  1.000000e+000
    outer loop
      vertex -4.086119e+001  1.574993e+001  1.000000e+001
      vertex -4.086119e+001 -1.574993e+001  1.000000e+001
      vertex -4.031619e+001  1.593493e+001  1.000000e+001
    endloop
  endfacet
  facet normal  0.000000e+000  0.000000e+000  1.000000e+000
    outer loop
      vertex -4.031619e+001  1.593493e+001  1.000000e+001
      vertex -4.086119e+001 -1.574993e+001  1.000000e+001
      vertex -4.031619e+001 -1.593493e+001  1.000000e+001
    endloop
  endfacet
  facet normal  0.000000e+000  0.000000e+000  1.000000e+000
    outer loop
      vertex -4.031619e+001  1.593493e+001  1.000000e+001
      vertex -4.031619e+001 -1.593493e+001  1.000000e+001
      vertex -3.980000e+001  1.618949e+001  1.000000e+001
    endloop
  endfacet
  facet normal  0.000000e+000  0.000000e+000  1.000000e+000
    outer loop
      vertex -3.980000e+001  1.618949e+001  1.000000e+001
      vertex -4.031619e+001 -1.593493e+001  1.000000e+001
      vertex -3.980000e+001 -1.618949e+001  1.000000e+001
    endloop
  endfacet
  facet normal  0.000000e+000  0.000000e+000  1.000000e+000
    outer loop
      vertex -3.980000e+001  1.618949e+001  1.000000e+001
      vertex -3.980000e+001 -1.618949e+001  1.000000e+001
      vertex -3.932145e+001  1.650924e+001  1.000000e+001
    endloop
  endfacet
  facet normal  0.000000e+000  0.000000e+000  1.000000e+000
    outer loop
      vertex -3.932145e+001  1.650924e+001  1.000000e+001
      vertex -3.980000e+001 -1.618949e+001  1.000000e+001
      vertex -3.932145e+001 -1.650924e+001  1.000000e+001
    endloop
  endfacet
  facet normal  0.000000e+000  0.000000e+000  1.000000e+000
    outer loop
      vertex -3.932145e+001  1.650924e+001  1.000000e+001
      vertex -3.932145e+001 -1.650924e+001  1.000000e+001
      vertex -3.888873e+001  1.688873e+001  1.000000e+001
    endloop
  endfacet
  facet normal  0.000000e+000  0.000000e+000  1.000000e+000
    outer loop
      vertex -3.888873e+001  1.688873e+001  1.000000e+001
      vertex -3.932145e+001 -1.650924e+001  1.000000e+001
      vertex -3.888873e+001 -1.688873e+001  1.000000e+001
    endloop
  endfacet
  facet normal  0.000000e+000  0.000000e+000  1.000000e+000
    outer loop
      vertex -3.888873e+001  1.688873e+001  1.000000e+001
      vertex -3.888873e+001 -1.688873e+001  1.000000e+001
      vertex -3.850925e+001  1.732145e+001  1.000000e+001
    endloop
  endfacet
  facet normal  0.000000e+000  0.000000e+000  1.000000e+000
    outer loop
      vertex -3.850925e+001  1.732145e+001  1.000000e+001
      vertex -3.888873e+001 -1.688873e+001  1.000000e+001
      vertex -3.850925e+001 -1.732145e+001  1.000000e+001
    endloop
  endfacet
  facet normal  0.000000e+000  0.000000e+000  1.000000e+000
    outer loop
      vertex -3.850925e+001  1.732145e+001  1.000000e+001
      vertex -3.850925e+001 -1.732145e+001  1.000000e+001
      vertex -3.818949e+001  1.780000e+001  1.000000e+001
    endloop
  endfacet
  facet normal  0.000000e+000  0.000000e+000  1.000000e+000
    outer loop
      vertex -3.818949e+001  1.780000e+001  1.000000e+001
      vertex -3.850925e+001 -1.732145e+001  1.000000e+001
      vertex -3.818949e+001 -1.780000e+001  1.000000e+001
    endloop
  endfacet
  facet normal  0.000000e+000  0.000000e+000  1.000000e+000
    outer loop
      vertex -3.818949e+001  1.780000e+001  1.000000e+001
      vertex -3.818949e+001 -1.780000e+001  1.000000e+001
      vertex -3.793493e+001  1.831619e+001  1.000000e+001
    endloop
  endfacet
  facet normal  0.000000e+000  0.000000e+000  1.000000e+000
    outer loop
      vertex -3.793493e+001  1.831619e+001  1.000000e+001
      vertex -3.818949e+001 -1.780000e+001  1.000000e+001
      vertex -3.793493e+001 -1.831619e+001  1.000000e+001
    endloop
  endfacet
  facet normal  0.000000e+000  0.000000e+000  1.000000e+000
    outer loop
      vertex -3.793493e+001  1.831619e+001  1.000000e+001
      vertex -3.793493e+001 -1.831619e+001  1.000000e+001
      vertex -3.774993e+001  1.886120e+001  1.000000e+001
    endloop
  endfacet
  facet normal  0.000000e+000  0.000000e+000  1.000000e+000
    outer loop
      vertex -3.774993e+001  1.886120e+001  1.000000e+001
      vertex -3.793493e+001 -1.831619e+001  1.000000e+001
      vertex -3.774993e+001 -1.886120e+001  1.000000e+001
    endloop
  endfacet
  facet normal  0.000000e+000  0.000000e+000  1.000000e+000
    outer loop
      vertex -3.774993e+001  1.886120e+001  1.000000e+001
      vertex -3.774993e+001 -1.886120e+001  1.000000e+001
      vertex -3.763764e+001  1.942568e+001  1.000000e+001
    endloop
  endfacet
  facet normal  0.000000e+000  0.000000e+000  1.000000e+000
    outer loop
      vertex -3.763764e+001  1.942568e+001  1.000000e+001
      vertex -3.774993e+001 -1.886120e+001  1.000000e+001
      vertex -3.763764e+001 -1.942568e+001  1.000000e+001
    endloop
  endfacet
  facet normal  0.000000e+000  0.000000e+000  1.000000e+000
    outer loop
      vertex -3.763764e+001  1.942568e+001  1.000000e+001
      vertex -3.763764e+001 -1.942568e+001  1.000000e+001
      vertex -3.760000e+001  2.000000e+001  1.000000e+001
    endloop
  endfacet
  facet normal  0.000000e+000  0.000000e+000  1.000000e+000
    outer loop
      vertex -3.760000e+001  2.000000e+001  1.000000e+001
      vertex -3.763764e+001 -1.942568e+001  1.000000e+001
      vertex -3.760000e+001 -2.000000e+001  1.000000e+001
    endloop
  endfacet
  facet normal -1.000000e+000  -0.000000e+000  0.000000e+000
    outer loop
      vertex -4.800000e+001 -3.300000e+001  1.000000e+001
      vertex -4.800000e+001 -2.500000e+001  1.000000e+001
      vertex -4.800000e+001 -3.300000e+001  0.000000e+000
    endloop
  endfacet
  facet normal -1.000000e+000  0.000000e+000  0.000000e+000
    outer loop
      vertex -4.800000e+001 -3.300000e+001  0.000000e+000
      vertex -4.800000e+001 -2.500000e+001  1.000000e+001
      vertex -4.800000e+001 -2.500000e+001  0.000000e+000
    endloop
  endfacet
  facet normal -1.000000e+000  -0.000000e+000  0.000000e+000
    outer loop
      vertex -4.800000e+001  2.500000e+001  1.000000e+001
      vertex -4.800000e+001  3.300000e+001  1.000000e+001
      vertex -4.800000e+001  2.500000e+001  0.000000e+000
    endloop
  endfacet
  facet normal -1.000000e+000  0.000000e+000  0.000000e+000
    outer loop
      vertex -4.800000e+001  2.500000e+001  0.000000e+000
      vertex -4.800000e+001  3.300000e+001  1.000000e+001
      vertex -4.800000e+001  3.300000e+001  0.000000e+000
    endloop
  endfacet
  facet normal  0.000000e+000 -1.000000e+000  0.000000e+000
    outer loop
      vertex -4.800000e+001 -3.300000e+001  1.000000e+001
      vertex -4.800000e+001 -3.300000e+001  0.000000e+000
      vertex  2.514000e+001 -3.300000e+001  1.000000e+001
    endloop
  endfacet
  facet normal  0.000000e+000 -1.000000e+000  -0.000000e+000
    outer loop
      vertex  2.514000e+001 -3.300000e+001  1.000000e+001
      vertex -4.800000e+001 -3.300000e+001  0.000000e+000
      vertex  2.514000e+001 -3.300000e+001  0.000000e+000
    endloop
  endfacet
  facet normal  0.000000e+000  9.999999e-001  -0.000000e+000
    outer loop
      vertex  2.514000e+001  3.300000e+001  1.000000e+001
      vertex  2.514000e+001  3.300000e+001  0.000000e+000
      vertex  1.300000e+001  3.300000e+001  1.000000e+001
    endloop
  endfacet
  facet normal  0.000000e+000  9.999999e-001  0.000000e+000
    outer loop
      vertex  1.300000e+001  3.300000e+001  1.000000e+001
      vertex  2.514000e+001  3.300000e+001  0.000000e+000
      vertex  1.300000e+001  3.300000e+001  0.000000e+000
    endloop
  endfacet
  facet normal -1.000000e+000  -0.000000e+000  0.000000e+000
    outer loop
      vertex -6.486000e+001 -2.500000e+001  1.000000e+001
      vertex -6.486000e+001  2.500000e+001  1.000000e+001
      vertex -6.486000e+001 -2.500000e+001  0.000000e+000
    endloop
  endfacet
  facet normal -1.000000e+000  0.000000e+000  0.000000e+000
    outer loop
      vertex -6.486000e+001 -2.500000e+001  0.000000e+000
      vertex -6.486000e+001  2.500000e+001  1.000000e+001
      vertex -6.486000e+001  2.500000e+001  0.000000e+000
    endloop
  endfacet
  facet normal  0.000000e+000  1.000000e+000  -0.000000e+000
    outer loop
      vertex -1.700000e+001  3.300000e+001  1.000000e+001
      vertex -1.700000e+001  3.300000e+001  0.000000e+000
      vertex -4.800000e+001  3.300000e+001  1.000000e+001
    endloop
  endfacet
  facet normal  0.000000e+000  1.000000e+000  0.000000e+000
    outer loop
      vertex -4.800000e+001  3.300000e+001  1.000000e+001
      vertex -1.700000e+001  3.300000e+001  0.000000e+000
      vertex -4.800000e+001  3.300000e+001  0.000000e+000
    endloop
  endfacet
  facet normal  1.000000e+000  0.000000e+000  0.000000e+000
    outer loop
      vertex -1.700000e+001  2.100000e+001  0.000000e+000
      vertex -1.700000e+001  3.300000e+001  0.000000e+000
      vertex -1.700000e+001  2.100000e+001  1.000000e+001
    endloop
  endfacet
  facet normal  1.000000e+000  -0.000000e+000  0.000000e+000
    outer loop
      vertex -1.700000e+001  2.100000e+001  1.000000e+001
      vertex -1.700000e+001  3.300000e+001  0.000000e+000
      vertex -1.700000e+001  3.300000e+001  1.000000e+001
    endloop
  endfacet
  facet normal  0.000000e+000  1.000000e+000  0.000000e+000
    outer loop
      vertex -1.700000e+001  2.100000e+001  1.000000e+001
      vertex  1.300000e+001  2.100000e+001  1.000000e+001
      vertex -1.700000e+001  2.100000e+001  0.000000e+000
    endloop
  endfacet
  facet normal  0.000000e+000  1.000000e+000  0.000000e+000
    outer loop
      vertex -1.700000e+001  2.100000e+001  0.000000e+000
      vertex  1.300000e+001  2.100000e+001  1.000000e+001
      vertex  1.300000e+001  2.100000e+001  0.000000e+000
    endloop
  endfacet
  facet normal -1.000000e+000  0.000000e+000  0.000000e+000
    outer loop
      vertex  1.300000e+001  3.300000e+001  0.000000e+000
      vertex  1.300000e+001  2.100000e+001  0.000000e+000
      vertex  1.300000e+001  3.300000e+001  1.000000e+001
    endloop
  endfacet
  facet normal -1.000000e+000  -0.000000e+000  0.000000e+000
    outer loop
      vertex  1.300000e+001  3.300000e+001  1.000000e+001
      vertex  1.300000e+001  2.100000e+001  0.000000e+000
      vertex  1.300000e+001  2.100000e+001  1.000000e+001
    endloop
  endfacet
  facet normal  9.863612e-001  1.645953e-001  0.000000e+000
    outer loop
      vertex  2.510991e+001  2.776052e+001  1.000000e+001
      vertex  2.518874e+001  2.728809e+001  1.500000e+001
      vertex  2.518874e+001  2.728809e+001  1.000000e+001
    endloop
  endfacet
  facet normal  9.458175e-001  3.246985e-001  -0.000000e+000
    outer loop
      vertex  2.518874e+001  2.728809e+001  1.000000e+001
      vertex  2.518874e+001  2.728809e+001  1.500000e+001
      vertex  2.534426e+001  2.683508e+001  1.500000e+001
    endloop
  endfacet
  facet normal  9.458175e-001  3.246985e-001  0.000000e+000
    outer loop
      vertex  2.518874e+001  2.728809e+001  1.000000e+001
      vertex  2.534426e+001  2.683508e+001  1.500000e+001
      vertex  2.534426e+001  2.683508e+001  1.000000e+001
    endloop
  endfacet
  facet normal  8.794728e-001  4.759492e-001  -0.000000e+000
    outer loop
      vertex  2.534426e+001  2.683508e+001  1.000000e+001
      vertex  2.534426e+001  2.683508e+001  1.500000e+001
      vertex  2.557222e+001  2.641385e+001  1.500000e+001
    endloop
  endfacet
  facet normal  8.794728e-001  4.759492e-001  0.000000e+000
    outer loop
      vertex  2.534426e+001  2.683508e+001  1.000000e+001
      vertex  2.557222e+001  2.641385e+001  1.500000e+001
      vertex  2.557222e+001  2.641385e+001  1.000000e+001
    endloop
  endfacet
  facet normal  7.891429e-001  6.142097e-001  -0.000000e+000
    outer loop
      vertex  2.557222e+001  2.641385e+001  1.000000e+001
      vertex  2.557222e+001  2.641385e+001  1.500000e+001
      vertex  2.586640e+001  2.603588e+001  1.500000e+001
    endloop
  endfacet
  facet normal  7.891429e-001  6.142097e-001  0.000000e+000
    outer loop
      vertex  2.557222e+001  2.641385e+001  1.000000e+001
      vertex  2.586640e+001  2.603588e+001  1.500000e+001
      vertex  2.586640e+001  2.603588e+001  1.000000e+001
    endloop
  endfacet
  facet normal  6.772808e-001  7.357246e-001  -0.000000e+000
    outer loop
      vertex  2.586640e+001  2.603588e+001  1.000000e+001
      vertex  2.586640e+001  2.603588e+001  1.500000e+001
      vertex  2.621878e+001  2.571149e+001  1.500000e+001
    endloop
  endfacet
  facet normal  6.772808e-001  7.357246e-001  0.000000e+000
    outer loop
      vertex  2.586640e+001  2.603588e+001  1.000000e+001
      vertex  2.621878e+001  2.571149e+001  1.500000e+001
      vertex  2.621878e+001  2.571149e+001  1.000000e+001
    endloop
  endfacet
  facet normal  5.469476e-001  8.371668e-001  -0.000000e+000
    outer loop
      vertex  2.621878e+001  2.571149e+001  1.000000e+001
      vertex  2.621878e+001  2.571149e+001  1.500000e+001
      vertex  2.661975e+001  2.544953e+001  1.500000e+001
    endloop
  endfacet
  facet normal  5.469476e-001  8.371668e-001  0.000000e+000
    outer loop
      vertex  2.621878e+001  2.571149e+001  1.000000e+001
      vertex  2.661975e+001  2.544953e+001  1.500000e+001
      vertex  2.661975e+001  2.544953e+001  1.000000e+001
    endloop
  endfacet
  facet normal  4.016965e-001  9.157729e-001  -0.000000e+000
    outer loop
      vertex  2.661975e+001  2.544953e+001  1.000000e+001
      vertex  2.661975e+001  2.544953e+001  1.500000e+001
      vertex  2.705837e+001  2.525713e+001  1.500000e+001
    endloop
  endfacet
  facet normal  4.016965e-001  9.157729e-001  0.000000e+000
    outer loop
      vertex  2.661975e+001  2.544953e+001  1.000000e+001
      vertex  2.705837e+001  2.525713e+001  1.500000e+001
      vertex  2.705837e+001  2.525713e+001  1.000000e+001
    endloop
  endfacet
  facet normal  2.454823e-001  9.694012e-001  -0.000000e+000
    outer loop
      vertex  2.705837e+001  2.525713e+001  1.000000e+001
      vertex  2.705837e+001  2.525713e+001  1.500000e+001
      vertex  2.752268e+001  2.513955e+001  1.500000e+001
    endloop
  endfacet
  facet normal  2.454823e-001  9.694012e-001  0.000000e+000
    outer loop
      vertex  2.705837e+001  2.525713e+001  1.000000e+001
      vertex  2.752268e+001  2.513955e+001  1.500000e+001
      vertex  2.752268e+001  2.513955e+001  1.000000e+001
    endloop
  endfacet
  facet normal  8.258045e-002  9.965844e-001  -0.000000e+000
    outer loop
      vertex  2.752268e+001  2.513955e+001  1.000000e+001
      vertex  2.752268e+001  2.513955e+001  1.500000e+001
      vertex  2.800000e+001  2.510000e+001  1.500000e+001
    endloop
  endfacet
  facet normal  8.258045e-002  9.965844e-001  0.000000e+000
    outer loop
      vertex  2.752268e+001  2.513955e+001  1.000000e+001
      vertex  2.800000e+001  2.510000e+001  1.500000e+001
      vertex  2.800000e+001  2.510000e+001  1.000000e+001
    endloop
  endfacet
  facet normal  9.863612e-001  1.645953e-001  -0.000000e+000
    outer loop
      vertex  2.518874e+001  2.728809e+001  1.500000e+001
      vertex  2.510991e+001  2.776052e+001  1.000000e+001
      vertex  2.510991e+001  2.776052e+001  1.500000e+001
    endloop
  endfacet
  facet normal  9.999999e-001  0.000000e+000  0.000000e+000
    outer loop
      vertex  2.510991e+001  2.776052e+001  1.500000e+001
      vertex  2.510991e+001  2.776052e+001  1.000000e+001
      vertex  2.510991e+001  2.823948e+001  1.000000e+001
    endloop
  endfacet
  facet normal  9.999999e-001  0.000000e+000  -0.000000e+000
    outer loop
      vertex  2.510991e+001  2.776052e+001  1.500000e+001
      vertex  2.510991e+001  2.823948e+001  1.000000e+001
      vertex  2.510991e+001  2.823948e+001  1.500000e+001
    endloop
  endfacet
  facet normal  9.863612e-001 -1.645953e-001  0.000000e+000
    outer loop
      vertex  2.510991e+001  2.823948e+001  1.500000e+001
      vertex  2.510991e+001  2.823948e+001  1.000000e+001
      vertex  2.518874e+001  2.871191e+001  1.000000e+001
    endloop
  endfacet
  facet normal  9.863612e-001 -1.645953e-001  0.000000e+000
    outer loop
      vertex  2.510991e+001  2.823948e+001  1.500000e+001
      vertex  2.518874e+001  2.871191e+001  1.000000e+001
      vertex  2.518874e+001  2.871191e+001  1.500000e+001
    endloop
  endfacet
  facet normal  9.458175e-001 -3.246985e-001  0.000000e+000
    outer loop
      vertex  2.518874e+001  2.871191e+001  1.500000e+001
      vertex  2.518874e+001  2.871191e+001  1.000000e+001
      vertex  2.534426e+001  2.916492e+001  1.000000e+001
    endloop
  endfacet
  facet normal  9.458175e-001 -3.246985e-001  0.000000e+000
    outer loop
      vertex  2.518874e+001  2.871191e+001  1.500000e+001
      vertex  2.534426e+001  2.916492e+001  1.000000e+001
      vertex  2.534426e+001  2.916492e+001  1.500000e+001
    endloop
  endfacet
  facet normal  8.794728e-001 -4.759492e-001  0.000000e+000
    outer loop
      vertex  2.534426e+001  2.916492e+001  1.500000e+001
      vertex  2.534426e+001  2.916492e+001  1.000000e+001
      vertex  2.557222e+001  2.958615e+001  1.000000e+001
    endloop
  endfacet
  facet normal  8.794728e-001 -4.759492e-001  0.000000e+000
    outer loop
      vertex  2.534426e+001  2.916492e+001  1.500000e+001
      vertex  2.557222e+001  2.958615e+001  1.000000e+001
      vertex  2.557222e+001  2.958615e+001  1.500000e+001
    endloop
  endfacet
  facet normal  7.891429e-001 -6.142097e-001  0.000000e+000
    outer loop
      vertex  2.557222e+001  2.958615e+001  1.500000e+001
      vertex  2.557222e+001  2.958615e+001  1.000000e+001
      vertex  2.586640e+001  2.996412e+001  1.000000e+001
    endloop
  endfacet
  facet normal  7.891429e-001 -6.142097e-001  0.000000e+000
    outer loop
      vertex  2.557222e+001  2.958615e+001  1.500000e+001
      vertex  2.586640e+001  2.996412e+001  1.000000e+001
      vertex  2.586640e+001  2.996412e+001  1.500000e+001
    endloop
  endfacet
  facet normal  6.772808e-001 -7.357246e-001  0.000000e+000
    outer loop
      vertex  2.586640e+001  2.996412e+001  1.500000e+001
      vertex  2.586640e+001  2.996412e+001  1.000000e+001
      vertex  2.621878e+001  3.028851e+001  1.000000e+001
    endloop
  endfacet
  facet normal  6.772808e-001 -7.357246e-001  0.000000e+000
    outer loop
      vertex  2.586640e+001  2.996412e+001  1.500000e+001
      vertex  2.621878e+001  3.028851e+001  1.000000e+001
      vertex  2.621878e+001  3.028851e+001  1.500000e+001
    endloop
  endfacet
  facet normal  5.469476e-001 -8.371668e-001  0.000000e+000
    outer loop
      vertex  2.621878e+001  3.028851e+001  1.500000e+001
      vertex  2.621878e+001  3.028851e+001  1.000000e+001
      vertex  2.661975e+001  3.055047e+001  1.000000e+001
    endloop
  endfacet
  facet normal  5.469476e-001 -8.371668e-001  0.000000e+000
    outer loop
      vertex  2.621878e+001  3.028851e+001  1.500000e+001
      vertex  2.661975e+001  3.055047e+001  1.000000e+001
      vertex  2.661975e+001  3.055047e+001  1.500000e+001
    endloop
  endfacet
  facet normal  4.016965e-001 -9.157729e-001  0.000000e+000
    outer loop
      vertex  2.661975e+001  3.055047e+001  1.500000e+001
      vertex  2.661975e+001  3.055047e+001  1.000000e+001
      vertex  2.705837e+001  3.074287e+001  1.000000e+001
    endloop
  endfacet
  facet normal  4.016965e-001 -9.157729e-001  0.000000e+000
    outer loop
      vertex  2.661975e+001  3.055047e+001  1.500000e+001
      vertex  2.705837e+001  3.074287e+001  1.000000e+001
      vertex  2.705837e+001  3.074287e+001  1.500000e+001
    endloop
  endfacet
  facet normal  2.454823e-001 -9.694012e-001  0.000000e+000
    outer loop
      vertex  2.705837e+001  3.074287e+001  1.500000e+001
      vertex  2.705837e+001  3.074287e+001  1.000000e+001
      vertex  2.752268e+001  3.086045e+001  1.000000e+001
    endloop
  endfacet
  facet normal  2.454823e-001 -9.694012e-001  0.000000e+000
    outer loop
      vertex  2.705837e+001  3.074287e+001  1.500000e+001
      vertex  2.752268e+001  3.086045e+001  1.000000e+001
      vertex  2.752268e+001  3.086045e+001  1.500000e+001
    endloop
  endfacet
  facet normal  8.258045e-002 -9.965844e-001  0.000000e+000
    outer loop
      vertex  2.752268e+001  3.086045e+001  1.500000e+001
      vertex  2.752268e+001  3.086045e+001  1.000000e+001
      vertex  2.800000e+001  3.090000e+001  1.000000e+001
    endloop
  endfacet
  facet normal  8.258045e-002 -9.965844e-001  0.000000e+000
    outer loop
      vertex  2.752268e+001  3.086045e+001  1.500000e+001
      vertex  2.800000e+001  3.090000e+001  1.000000e+001
      vertex  2.800000e+001  3.090000e+001  1.500000e+001
    endloop
  endfacet
  facet normal -9.863612e-001 -1.645953e-001  -0.000000e+000
    outer loop
      vertex  3.089009e+001  2.823948e+001  1.000000e+001
      vertex  3.081126e+001  2.871191e+001  1.500000e+001
      vertex  3.081126e+001  2.871191e+001  1.000000e+001
    endloop
  endfacet
  facet normal -9.458175e-001 -3.246985e-001  0.000000e+000
    outer loop
      vertex  3.081126e+001  2.871191e+001  1.000000e+001
      vertex  3.081126e+001  2.871191e+001  1.500000e+001
      vertex  3.065574e+001  2.916492e+001  1.500000e+001
    endloop
  endfacet
  facet normal -9.458175e-001 -3.246985e-001  -0.000000e+000
    outer loop
      vertex  3.081126e+001  2.871191e+001  1.000000e+001
      vertex  3.065574e+001  2.916492e+001  1.500000e+001
      vertex  3.065574e+001  2.916492e+001  1.000000e+001
    endloop
  endfacet
  facet normal -8.794728e-001 -4.759492e-001  0.000000e+000
    outer loop
      vertex  3.065574e+001  2.916492e+001  1.000000e+001
      vertex  3.065574e+001  2.916492e+001  1.500000e+001
      vertex  3.042778e+001  2.958615e+001  1.500000e+001
    endloop
  endfacet
  facet normal -8.794728e-001 -4.759492e-001  -0.000000e+000
    outer loop
      vertex  3.065574e+001  2.916492e+001  1.000000e+001
      vertex  3.042778e+001  2.958615e+001  1.500000e+001
      vertex  3.042778e+001  2.958615e+001  1.000000e+001
    endloop
  endfacet
  facet normal -7.891429e-001 -6.142097e-001  0.000000e+000
    outer loop
      vertex  3.042778e+001  2.958615e+001  1.000000e+001
      vertex  3.042778e+001  2.958615e+001  1.500000e+001
      vertex  3.013360e+001  2.996412e+001  1.500000e+001
    endloop
  endfacet
  facet normal -7.891429e-001 -6.142097e-001  -0.000000e+000
    outer loop
      vertex  3.042778e+001  2.958615e+001  1.000000e+001
      vertex  3.013360e+001  2.996412e+001  1.500000e+001
      vertex  3.013360e+001  2.996412e+001  1.000000e+001
    endloop
  endfacet
  facet normal -6.772808e-001 -7.357246e-001  0.000000e+000
    outer loop
      vertex  3.013360e+001  2.996412e+001  1.000000e+001
      vertex  3.013360e+001  2.996412e+001  1.500000e+001
      vertex  2.978122e+001  3.028851e+001  1.500000e+001
    endloop
  endfacet
  facet normal -6.772808e-001 -7.357246e-001  -0.000000e+000
    outer loop
      vertex  3.013360e+001  2.996412e+001  1.000000e+001
      vertex  2.978122e+001  3.028851e+001  1.500000e+001
      vertex  2.978122e+001  3.028851e+001  1.000000e+001
    endloop
  endfacet
  facet normal -5.469476e-001 -8.371668e-001  0.000000e+000
    outer loop
      vertex  2.978122e+001  3.028851e+001  1.000000e+001
      vertex  2.978122e+001  3.028851e+001  1.500000e+001
      vertex  2.938025e+001  3.055047e+001  1.500000e+001
    endloop
  endfacet
  facet normal -5.469476e-001 -8.371668e-001  -0.000000e+000
    outer loop
      vertex  2.978122e+001  3.028851e+001  1.000000e+001
      vertex  2.938025e+001  3.055047e+001  1.500000e+001
      vertex  2.938025e+001  3.055047e+001  1.000000e+001
    endloop
  endfacet
  facet normal -4.016965e-001 -9.157729e-001  0.000000e+000
    outer loop
      vertex  2.938025e+001  3.055047e+001  1.000000e+001
      vertex  2.938025e+001  3.055047e+001  1.500000e+001
      vertex  2.894163e+001  3.074287e+001  1.500000e+001
    endloop
  endfacet
  facet normal -4.016965e-001 -9.157729e-001  -0.000000e+000
    outer loop
      vertex  2.938025e+001  3.055047e+001  1.000000e+001
      vertex  2.894163e+001  3.074287e+001  1.500000e+001
      vertex  2.894163e+001  3.074287e+001  1.000000e+001
    endloop
  endfacet
  facet normal -2.454823e-001 -9.694012e-001  0.000000e+000
    outer loop
      vertex  2.894163e+001  3.074287e+001  1.000000e+001
      vertex  2.894163e+001  3.074287e+001  1.500000e+001
      vertex  2.847732e+001  3.086045e+001  1.500000e+001
    endloop
  endfacet
  facet normal -2.454823e-001 -9.694012e-001  -0.000000e+000
    outer loop
      vertex  2.894163e+001  3.074287e+001  1.000000e+001
      vertex  2.847732e+001  3.086045e+001  1.500000e+001
      vertex  2.847732e+001  3.086045e+001  1.000000e+001
    endloop
  endfacet
  facet normal -8.258045e-002 -9.965844e-001  0.000000e+000
    outer loop
      vertex  2.847732e+001  3.086045e+001  1.000000e+001
      vertex  2.847732e+001  3.086045e+001  1.500000e+001
      vertex  2.800000e+001  3.090000e+001  1.500000e+001
    endloop
  endfacet
  facet normal -8.258045e-002 -9.965844e-001  -0.000000e+000
    outer loop
      vertex  2.847732e+001  3.086045e+001  1.000000e+001
      vertex  2.800000e+001  3.090000e+001  1.500000e+001
      vertex  2.800000e+001  3.090000e+001  1.000000e+001
    endloop
  endfacet
  facet normal -9.863612e-001 -1.645953e-001  0.000000e+000
    outer loop
      vertex  3.081126e+001  2.871191e+001  1.500000e+001
      vertex  3.089009e+001  2.823948e+001  1.000000e+001
      vertex  3.089009e+001  2.823948e+001  1.500000e+001
    endloop
  endfacet
  facet normal -9.999999e-001  0.000000e+000  -0.000000e+000
    outer loop
      vertex  3.089009e+001  2.823948e+001  1.500000e+001
      vertex  3.089009e+001  2.823948e+001  1.000000e+001
      vertex  3.089009e+001  2.776052e+001  1.000000e+001
    endloop
  endfacet
  facet normal -9.999999e-001  0.000000e+000  0.000000e+000
    outer loop
      vertex  3.089009e+001  2.823948e+001  1.500000e+001
      vertex  3.089009e+001  2.776052e+001  1.000000e+001
      vertex  3.089009e+001  2.776052e+001  1.500000e+001
    endloop
  endfacet
  facet normal -9.863612e-001  1.645953e-001  0.000000e+000
    outer loop
      vertex  3.089009e+001  2.776052e+001  1.500000e+001
      vertex  3.089009e+001  2.776052e+001  1.000000e+001
      vertex  3.081126e+001  2.728809e+001  1.000000e+001
    endloop
  endfacet
  facet normal -9.863612e-001  1.645953e-001  0.000000e+000
    outer loop
      vertex  3.089009e+001  2.776052e+001  1.500000e+001
      vertex  3.081126e+001  2.728809e+001  1.000000e+001
      vertex  3.081126e+001  2.728809e+001  1.500000e+001
    endloop
  endfacet
  facet normal -9.458175e-001  3.246985e-001  0.000000e+000
    outer loop
      vertex  3.081126e+001  2.728809e+001  1.500000e+001
      vertex  3.081126e+001  2.728809e+001  1.000000e+001
      vertex  3.065574e+001  2.683508e+001  1.000000e+001
    endloop
  endfacet
  facet normal -9.458175e-001  3.246985e-001  0.000000e+000
    outer loop
      vertex  3.081126e+001  2.728809e+001  1.500000e+001
      vertex  3.065574e+001  2.683508e+001  1.000000e+001
      vertex  3.065574e+001  2.683508e+001  1.500000e+001
    endloop
  endfacet
  facet normal -8.794728e-001  4.759492e-001  0.000000e+000
    outer loop
      vertex  3.065574e+001  2.683508e+001  1.500000e+001
      vertex  3.065574e+001  2.683508e+001  1.000000e+001
      vertex  3.042778e+001  2.641385e+001  1.000000e+001
    endloop
  endfacet
  facet normal -8.794728e-001  4.759492e-001  0.000000e+000
    outer loop
      vertex  3.065574e+001  2.683508e+001  1.500000e+001
      vertex  3.042778e+001  2.641385e+001  1.000000e+001
      vertex  3.042778e+001  2.641385e+001  1.500000e+001
    endloop
  endfacet
  facet normal -7.891429e-001  6.142097e-001  0.000000e+000
    outer loop
      vertex  3.042778e+001  2.641385e+001  1.500000e+001
      vertex  3.042778e+001  2.641385e+001  1.000000e+001
      vertex  3.013360e+001  2.603588e+001  1.000000e+001
    endloop
  endfacet
  facet normal -7.891429e-001  6.142097e-001  0.000000e+000
    outer loop
      vertex  3.042778e+001  2.641385e+001  1.500000e+001
      vertex  3.013360e+001  2.603588e+001  1.000000e+001
      vertex  3.013360e+001  2.603588e+001  1.500000e+001
    endloop
  endfacet
  facet normal -6.772808e-001  7.357246e-001  0.000000e+000
    outer loop
      vertex  3.013360e+001  2.603588e+001  1.500000e+001
      vertex  3.013360e+001  2.603588e+001  1.000000e+001
      vertex  2.978122e+001  2.571149e+001  1.000000e+001
    endloop
  endfacet
  facet normal -6.772808e-001  7.357246e-001  0.000000e+000
    outer loop
      vertex  3.013360e+001  2.603588e+001  1.500000e+001
      vertex  2.978122e+001  2.571149e+001  1.000000e+001
      vertex  2.978122e+001  2.571149e+001  1.500000e+001
    endloop
  endfacet
  facet normal -5.469476e-001  8.371668e-001  0.000000e+000
    outer loop
      vertex  2.978122e+001  2.571149e+001  1.500000e+001
      vertex  2.978122e+001  2.571149e+001  1.000000e+001
      vertex  2.938025e+001  2.544953e+001  1.000000e+001
    endloop
  endfacet
  facet normal -5.469476e-001  8.371668e-001  0.000000e+000
    outer loop
      vertex  2.978122e+001  2.571149e+001  1.500000e+001
      vertex  2.938025e+001  2.544953e+001  1.000000e+001
      vertex  2.938025e+001  2.544953e+001  1.500000e+001
    endloop
  endfacet
  facet normal -4.016965e-001  9.157729e-001  0.000000e+000
    outer loop
      vertex  2.938025e+001  2.544953e+001  1.500000e+001
      vertex  2.938025e+001  2.544953e+001  1.000000e+001
      vertex  2.894163e+001  2.525713e+001  1.000000e+001
    endloop
  endfacet
  facet normal -4.016965e-001  9.157729e-001  0.000000e+000
    outer loop
      vertex  2.938025e+001  2.544953e+001  1.500000e+001
      vertex  2.894163e+001  2.525713e+001  1.000000e+001
      vertex  2.894163e+001  2.525713e+001  1.500000e+001
    endloop
  endfacet
  facet normal -2.454823e-001  9.694012e-001  0.000000e+000
    outer loop
      vertex  2.894163e+001  2.525713e+001  1.500000e+001
      vertex  2.894163e+001  2.525713e+001  1.000000e+001
      vertex  2.847732e+001  2.513955e+001  1.000000e+001
    endloop
  endfacet
  facet normal -2.454823e-001  9.694012e-001  0.000000e+000
    outer loop
      vertex  2.894163e+001  2.525713e+001  1.500000e+001
      vertex  2.847732e+001  2.513955e+001  1.000000e+001
      vertex  2.847732e+001  2.513955e+001  1.500000e+001
    endloop
  endfacet
  facet normal -8.258045e-002  9.965844e-001  0.000000e+000
    outer loop
      vertex  2.847732e+001  2.513955e+001  1.500000e+001
      vertex  2.847732e+001  2.513955e+001  1.000000e+001
      vertex  2.800000e+001  2.510000e+001  1.000000e+001
    endloop
  endfacet
  facet normal -8.258045e-002  9.965844e-001  0.000000e+000
    outer loop
      vertex  2.847732e+001  2.513955e+001  1.500000e+001
      vertex  2.800000e+001  2.510000e+001  1.000000e+001
      vertex  2.800000e+001  2.510000e+001  1.500000e+001
    endloop
  endfacet
  facet normal  6.540446e-002  9.978588e-001  0.000000e+000
    outer loop
      vertex  2.800000e+001  3.240000e+001  1.000000e+001
      vertex  2.800000e+001  3.240000e+001  1.500000e+001
      vertex  2.857432e+001  3.236236e+001  1.000000e+001
    endloop
  endfacet
  facet normal  6.540446e-002  9.978588e-001  -0.000000e+000
    outer loop
      vertex  2.857432e+001  3.236236e+001  1.000000e+001
      vertex  2.800000e+001  3.240000e+001  1.500000e+001
      vertex  2.857432e+001  3.236236e+001  1.500000e+001
    endloop
  endfacet
  facet normal  1.950938e-001  9.807846e-001  0.000000e+000
    outer loop
      vertex  2.857432e+001  3.236236e+001  1.000000e+001
      vertex  2.857432e+001  3.236236e+001  1.500000e+001
      vertex  2.913880e+001  3.225007e+001  1.000000e+001
    endloop
  endfacet
  facet normal  1.950938e-001  9.807846e-001  -0.000000e+000
    outer loop
      vertex  2.913880e+001  3.225007e+001  1.000000e+001
      vertex  2.857432e+001  3.236236e+001  1.500000e+001
      vertex  2.913880e+001  3.225007e+001  1.500000e+001
    endloop
  endfacet
  facet normal  3.214355e-001  9.469314e-001  0.000000e+000
    outer loop
      vertex  2.913880e+001  3.225007e+001  1.000000e+001
      vertex  2.913880e+001  3.225007e+001  1.500000e+001
      vertex  2.968381e+001  3.206507e+001  1.000000e+001
    endloop
  endfacet
  facet normal  3.214355e-001  9.469314e-001  -0.000000e+000
    outer loop
      vertex  2.968381e+001  3.206507e+001  1.000000e+001
      vertex  2.913880e+001  3.225007e+001  1.500000e+001
      vertex  2.968381e+001  3.206507e+001  1.500000e+001
    endloop
  endfacet
  facet normal  4.422889e-001  8.968726e-001  0.000000e+000
    outer loop
      vertex  2.968381e+001  3.206507e+001  1.000000e+001
      vertex  2.968381e+001  3.206507e+001  1.500000e+001
      vertex  3.020000e+001  3.181051e+001  1.000000e+001
    endloop
  endfacet
  facet normal  4.422889e-001  8.968726e-001  -0.000000e+000
    outer loop
      vertex  3.020000e+001  3.181051e+001  1.000000e+001
      vertex  2.968381e+001  3.206507e+001  1.500000e+001
      vertex  3.020000e+001  3.181051e+001  1.500000e+001
    endloop
  endfacet
  facet normal  5.555710e-001  8.314691e-001  0.000000e+000
    outer loop
      vertex  3.020000e+001  3.181051e+001  1.000000e+001
      vertex  3.020000e+001  3.181051e+001  1.500000e+001
      vertex  3.067855e+001  3.149076e+001  1.000000e+001
    endloop
  endfacet
  facet normal  5.555710e-001  8.314691e-001  -0.000000e+000
    outer loop
      vertex  3.067855e+001  3.149076e+001  1.000000e+001
      vertex  3.020000e+001  3.181051e+001  1.500000e+001
      vertex  3.067855e+001  3.149076e+001  1.500000e+001
    endloop
  endfacet
  facet normal  6.593481e-001  7.518377e-001  0.000000e+000
    outer loop
      vertex  3.067855e+001  3.149076e+001  1.000000e+001
      vertex  3.067855e+001  3.149076e+001  1.500000e+001
      vertex  3.111127e+001  3.111127e+001  1.000000e+001
    endloop
  endfacet
  facet normal  6.593481e-001  7.518377e-001  -0.000000e+000
    outer loop
      vertex  3.111127e+001  3.111127e+001  1.000000e+001
      vertex  3.067855e+001  3.149076e+001  1.500000e+001
      vertex  3.111127e+001  3.111127e+001  1.500000e+001
    endloop
  endfacet
  facet normal  7.518377e-001  6.593481e-001  0.000000e+000
    outer loop
      vertex  3.111127e+001  3.111127e+001  1.000000e+001
      vertex  3.111127e+001  3.111127e+001  1.500000e+001
      vertex  3.149076e+001  3.067855e+001  1.000000e+001
    endloop
  endfacet
  facet normal  7.518377e-001  6.593481e-001  -0.000000e+000
    outer loop
      vertex  3.149076e+001  3.067855e+001  1.000000e+001
      vertex  3.111127e+001  3.111127e+001  1.500000e+001
      vertex  3.149076e+001  3.067855e+001  1.500000e+001
    endloop
  endfacet
  facet normal  8.314691e-001  5.555710e-001  0.000000e+000
    outer loop
      vertex  3.149076e+001  3.067855e+001  1.000000e+001
      vertex  3.149076e+001  3.067855e+001  1.500000e+001
      vertex  3.181051e+001  3.020000e+001  1.000000e+001
    endloop
  endfacet
  facet normal  8.314691e-001  5.555710e-001  -0.000000e+000
    outer loop
      vertex  3.181051e+001  3.020000e+001  1.000000e+001
      vertex  3.149076e+001  3.067855e+001  1.500000e+001
      vertex  3.181051e+001  3.020000e+001  1.500000e+001
    endloop
  endfacet
  facet normal  8.968726e-001  4.422889e-001  0.000000e+000
    outer loop
      vertex  3.181051e+001  3.020000e+001  1.000000e+001
      vertex  3.181051e+001  3.020000e+001  1.500000e+001
      vertex  3.206507e+001  2.968381e+001  1.000000e+001
    endloop
  endfacet
  facet normal  8.968726e-001  4.422889e-001  -0.000000e+000
    outer loop
      vertex  3.206507e+001  2.968381e+001  1.000000e+001
      vertex  3.181051e+001  3.020000e+001  1.500000e+001
      vertex  3.206507e+001  2.968381e+001  1.500000e+001
    endloop
  endfacet
  facet normal  9.469314e-001  3.214355e-001  0.000000e+000
    outer loop
      vertex  3.206507e+001  2.968381e+001  1.000000e+001
      vertex  3.206507e+001  2.968381e+001  1.500000e+001
      vertex  3.225007e+001  2.913880e+001  1.000000e+001
    endloop
  endfacet
  facet normal  9.469314e-001  3.214355e-001  -0.000000e+000
    outer loop
      vertex  3.225007e+001  2.913880e+001  1.000000e+001
      vertex  3.206507e+001  2.968381e+001  1.500000e+001
      vertex  3.225007e+001  2.913880e+001  1.500000e+001
    endloop
  endfacet
  facet normal  9.807846e-001  1.950938e-001  0.000000e+000
    outer loop
      vertex  3.225007e+001  2.913880e+001  1.000000e+001
      vertex  3.225007e+001  2.913880e+001  1.500000e+001
      vertex  3.236236e+001  2.857432e+001  1.000000e+001
    endloop
  endfacet
  facet normal  9.807846e-001  1.950938e-001  -0.000000e+000
    outer loop
      vertex  3.236236e+001  2.857432e+001  1.000000e+001
      vertex  3.225007e+001  2.913880e+001  1.500000e+001
      vertex  3.236236e+001  2.857432e+001  1.500000e+001
    endloop
  endfacet
  facet normal  9.978588e-001  6.540446e-002  0.000000e+000
    outer loop
      vertex  3.236236e+001  2.857432e+001  1.000000e+001
      vertex  3.236236e+001  2.857432e+001  1.500000e+001
      vertex  3.240000e+001  2.800000e+001  1.000000e+001
    endloop
  endfacet
  facet normal  9.978588e-001  6.540446e-002  -0.000000e+000
    outer loop
      vertex  3.240000e+001  2.800000e+001  1.000000e+001
      vertex  3.236236e+001  2.857432e+001  1.500000e+001
      vertex  3.240000e+001  2.800000e+001  1.500000e+001
    endloop
  endfacet
  facet normal  9.978588e-001 -6.540446e-002  0.000000e+000
    outer loop
      vertex  3.240000e+001  2.800000e+001  1.000000e+001
      vertex  3.240000e+001  2.800000e+001  1.500000e+001
      vertex  3.236236e+001  2.742568e+001  1.000000e+001
    endloop
  endfacet
  facet normal  9.978588e-001 -6.540446e-002  0.000000e+000
    outer loop
      vertex  3.236236e+001  2.742568e+001  1.000000e+001
      vertex  3.240000e+001  2.800000e+001  1.500000e+001
      vertex  3.236236e+001  2.742568e+001  1.500000e+001
    endloop
  endfacet
  facet normal  9.807846e-001 -1.950938e-001  0.000000e+000
    outer loop
      vertex  3.236236e+001  2.742568e+001  1.000000e+001
      vertex  3.236236e+001  2.742568e+001  1.500000e+001
      vertex  3.225007e+001  2.686120e+001  1.000000e+001
    endloop
  endfacet
  facet normal  9.807846e-001 -1.950938e-001  0.000000e+000
    outer loop
      vertex  3.225007e+001  2.686120e+001  1.000000e+001
      vertex  3.236236e+001  2.742568e+001  1.500000e+001
      vertex  3.225007e+001  2.686120e+001  1.500000e+001
    endloop
  endfacet
  facet normal  9.469314e-001 -3.214355e-001  0.000000e+000
    outer loop
      vertex  3.225007e+001  2.686120e+001  1.000000e+001
      vertex  3.225007e+001  2.686120e+001  1.500000e+001
      vertex  3.206507e+001  2.631619e+001  1.000000e+001
    endloop
  endfacet
  facet normal  9.469314e-001 -3.214355e-001  0.000000e+000
    outer loop
      vertex  3.206507e+001  2.631619e+001  1.000000e+001
      vertex  3.225007e+001  2.686120e+001  1.500000e+001
      vertex  3.206507e+001  2.631619e+001  1.500000e+001
    endloop
  endfacet
  facet normal  8.968726e-001 -4.422889e-001  0.000000e+000
    outer loop
      vertex  3.206507e+001  2.631619e+001  1.000000e+001
      vertex  3.206507e+001  2.631619e+001  1.500000e+001
      vertex  3.181051e+001  2.580000e+001  1.000000e+001
    endloop
  endfacet
  facet normal  8.968726e-001 -4.422889e-001  0.000000e+000
    outer loop
      vertex  3.181051e+001  2.580000e+001  1.000000e+001
      vertex  3.206507e+001  2.631619e+001  1.500000e+001
      vertex  3.181051e+001  2.580000e+001  1.500000e+001
    endloop
  endfacet
  facet normal  8.314691e-001 -5.555710e-001  0.000000e+000
    outer loop
      vertex  3.181051e+001  2.580000e+001  1.000000e+001
      vertex  3.181051e+001  2.580000e+001  1.500000e+001
      vertex  3.149076e+001  2.532145e+001  1.000000e+001
    endloop
  endfacet
  facet normal  8.314691e-001 -5.555710e-001  0.000000e+000
    outer loop
      vertex  3.149076e+001  2.532145e+001  1.000000e+001
      vertex  3.181051e+001  2.580000e+001  1.500000e+001
      vertex  3.149076e+001  2.532145e+001  1.500000e+001
    endloop
  endfacet
  facet normal  7.518377e-001 -6.593481e-001  0.000000e+000
    outer loop
      vertex  3.149076e+001  2.532145e+001  1.000000e+001
      vertex  3.149076e+001  2.532145e+001  1.500000e+001
      vertex  3.111127e+001  2.488873e+001  1.000000e+001
    endloop
  endfacet
  facet normal  7.518377e-001 -6.593481e-001  0.000000e+000
    outer loop
      vertex  3.111127e+001  2.488873e+001  1.000000e+001
      vertex  3.149076e+001  2.532145e+001  1.500000e+001
      vertex  3.111127e+001  2.488873e+001  1.500000e+001
    endloop
  endfacet
  facet normal  6.593481e-001 -7.518377e-001  0.000000e+000
    outer loop
      vertex  3.111127e+001  2.488873e+001  1.000000e+001
      vertex  3.111127e+001  2.488873e+001  1.500000e+001
      vertex  3.067855e+001  2.450924e+001  1.000000e+001
    endloop
  endfacet
  facet normal  6.593481e-001 -7.518377e-001  0.000000e+000
    outer loop
      vertex  3.067855e+001  2.450924e+001  1.000000e+001
      vertex  3.111127e+001  2.488873e+001  1.500000e+001
      vertex  3.067855e+001  2.450924e+001  1.500000e+001
    endloop
  endfacet
  facet normal  5.555710e-001 -8.314691e-001  0.000000e+000
    outer loop
      vertex  3.067855e+001  2.450924e+001  1.000000e+001
      vertex  3.067855e+001  2.450924e+001  1.500000e+001
      vertex  3.020000e+001  2.418949e+001  1.000000e+001
    endloop
  endfacet
  facet normal  5.555710e-001 -8.314691e-001  0.000000e+000
    outer loop
      vertex  3.020000e+001  2.418949e+001  1.000000e+001
      vertex  3.067855e+001  2.450924e+001  1.500000e+001
      vertex  3.020000e+001  2.418949e+001  1.500000e+001
    endloop
  endfacet
  facet normal  4.422862e-001 -8.968740e-001  0.000000e+000
    outer loop
      vertex  3.020000e+001  2.418949e+001  1.000000e+001
      vertex  3.020000e+001  2.418949e+001  1.500000e+001
      vertex  2.968381e+001  2.393493e+001  1.000000e+001
    endloop
  endfacet
  facet normal  4.422862e-001 -8.968740e-001  0.000000e+000
    outer loop
      vertex  2.968381e+001  2.393493e+001  1.000000e+001
      vertex  3.020000e+001  2.418949e+001  1.500000e+001
      vertex  2.968381e+001  2.393493e+001  1.500000e+001
    endloop
  endfacet
  facet normal  3.214415e-001 -9.469294e-001  0.000000e+000
    outer loop
      vertex  2.968381e+001  2.393493e+001  1.000000e+001
      vertex  2.968381e+001  2.393493e+001  1.500000e+001
      vertex  2.913880e+001  2.374993e+001  1.000000e+001
    endloop
  endfacet
  facet normal  3.214415e-001 -9.469294e-001  0.000000e+000
    outer loop
      vertex  2.913880e+001  2.374993e+001  1.000000e+001
      vertex  2.968381e+001  2.393493e+001  1.500000e+001
      vertex  2.913880e+001  2.374993e+001  1.500000e+001
    endloop
  endfacet
  facet normal  1.950906e-001 -9.807853e-001  0.000000e+000
    outer loop
      vertex  2.913880e+001  2.374993e+001  1.000000e+001
      vertex  2.913880e+001  2.374993e+001  1.500000e+001
      vertex  2.857432e+001  2.363764e+001  1.000000e+001
    endloop
  endfacet
  facet normal  1.950906e-001 -9.807853e-001  0.000000e+000
    outer loop
      vertex  2.857432e+001  2.363764e+001  1.000000e+001
      vertex  2.913880e+001  2.374993e+001  1.500000e+001
      vertex  2.857432e+001  2.363764e+001  1.500000e+001
    endloop
  endfacet
  facet normal  6.540116e-002 -9.978590e-001  0.000000e+000
    outer loop
      vertex  2.857432e+001  2.363764e+001  1.000000e+001
      vertex  2.857432e+001  2.363764e+001  1.500000e+001
      vertex  2.800000e+001  2.360000e+001  1.000000e+001
    endloop
  endfacet
  facet normal  6.540116e-002 -9.978590e-001  0.000000e+000
    outer loop
      vertex  2.800000e+001  2.360000e+001  1.000000e+001
      vertex  2.857432e+001  2.363764e+001  1.500000e+001
      vertex  2.800000e+001  2.360000e+001  1.500000e+001
    endloop
  endfacet
  facet normal -6.540116e-002 -9.978590e-001  -0.000000e+000
    outer loop
      vertex  2.800000e+001  2.360000e+001  1.000000e+001
      vertex  2.800000e+001  2.360000e+001  1.500000e+001
      vertex  2.742568e+001  2.363764e+001  1.000000e+001
    endloop
  endfacet
  facet normal -6.540116e-002 -9.978590e-001  0.000000e+000
    outer loop
      vertex  2.742568e+001  2.363764e+001  1.000000e+001
      vertex  2.800000e+001  2.360000e+001  1.500000e+001
      vertex  2.742568e+001  2.363764e+001  1.500000e+001
    endloop
  endfacet
  facet normal -1.950906e-001 -9.807853e-001  -0.000000e+000
    outer loop
      vertex  2.742568e+001  2.363764e+001  1.000000e+001
      vertex  2.742568e+001  2.363764e+001  1.500000e+001
      vertex  2.686120e+001  2.374993e+001  1.000000e+001
    endloop
  endfacet
  facet normal -1.950906e-001 -9.807853e-001  0.000000e+000
    outer loop
      vertex  2.686120e+001  2.374993e+001  1.000000e+001
      vertex  2.742568e+001  2.363764e+001  1.500000e+001
      vertex  2.686120e+001  2.374993e+001  1.500000e+001
    endloop
  endfacet
  facet normal -3.214415e-001 -9.469294e-001  -0.000000e+000
    outer loop
      vertex  2.686120e+001  2.374993e+001  1.000000e+001
      vertex  2.686120e+001  2.374993e+001  1.500000e+001
      vertex  2.631619e+001  2.393493e+001  1.000000e+001
    endloop
  endfacet
  facet normal -3.214415e-001 -9.469294e-001  0.000000e+000
    outer loop
      vertex  2.631619e+001  2.393493e+001  1.000000e+001
      vertex  2.686120e+001  2.374993e+001  1.500000e+001
      vertex  2.631619e+001  2.393493e+001  1.500000e+001
    endloop
  endfacet
  facet normal -4.422862e-001 -8.968740e-001  -0.000000e+000
    outer loop
      vertex  2.631619e+001  2.393493e+001  1.000000e+001
      vertex  2.631619e+001  2.393493e+001  1.500000e+001
      vertex  2.580000e+001  2.418949e+001  1.000000e+001
    endloop
  endfacet
  facet normal -4.422862e-001 -8.968740e-001  0.000000e+000
    outer loop
      vertex  2.580000e+001  2.418949e+001  1.000000e+001
      vertex  2.631619e+001  2.393493e+001  1.500000e+001
      vertex  2.580000e+001  2.418949e+001  1.500000e+001
    endloop
  endfacet
  facet normal -5.555710e-001 -8.314691e-001  -0.000000e+000
    outer loop
      vertex  2.580000e+001  2.418949e+001  1.000000e+001
      vertex  2.580000e+001  2.418949e+001  1.500000e+001
      vertex  2.532145e+001  2.450924e+001  1.000000e+001
    endloop
  endfacet
  facet normal -5.555710e-001 -8.314691e-001  0.000000e+000
    outer loop
      vertex  2.532145e+001  2.450924e+001  1.000000e+001
      vertex  2.580000e+001  2.418949e+001  1.500000e+001
      vertex  2.532145e+001  2.450924e+001  1.500000e+001
    endloop
  endfacet
  facet normal -6.593481e-001 -7.518377e-001  -0.000000e+000
    outer loop
      vertex  2.532145e+001  2.450924e+001  1.000000e+001
      vertex  2.532145e+001  2.450924e+001  1.500000e+001
      vertex  2.488873e+001  2.488873e+001  1.000000e+001
    endloop
  endfacet
  facet normal -6.593481e-001 -7.518377e-001  0.000000e+000
    outer loop
      vertex  2.488873e+001  2.488873e+001  1.000000e+001
      vertex  2.532145e+001  2.450924e+001  1.500000e+001
      vertex  2.488873e+001  2.488873e+001  1.500000e+001
    endloop
  endfacet
  facet normal -7.518377e-001 -6.593481e-001  -0.000000e+000
    outer loop
      vertex  2.488873e+001  2.488873e+001  1.000000e+001
      vertex  2.488873e+001  2.488873e+001  1.500000e+001
      vertex  2.450924e+001  2.532145e+001  1.000000e+001
    endloop
  endfacet
  facet normal -7.518377e-001 -6.593481e-001  0.000000e+000
    outer loop
      vertex  2.450924e+001  2.532145e+001  1.000000e+001
      vertex  2.488873e+001  2.488873e+001  1.500000e+001
      vertex  2.450924e+001  2.532145e+001  1.500000e+001
    endloop
  endfacet
  facet normal -8.314691e-001 -5.555710e-001  -0.000000e+000
    outer loop
      vertex  2.450924e+001  2.532145e+001  1.000000e+001
      vertex  2.450924e+001  2.532145e+001  1.500000e+001
      vertex  2.418949e+001  2.580000e+001  1.000000e+001
    endloop
  endfacet
  facet normal -8.314691e-001 -5.555710e-001  0.000000e+000
    outer loop
      vertex  2.418949e+001  2.580000e+001  1.000000e+001
      vertex  2.450924e+001  2.532145e+001  1.500000e+001
      vertex  2.418949e+001  2.580000e+001  1.500000e+001
    endloop
  endfacet
  facet normal -8.968740e-001 -4.422862e-001  -0.000000e+000
    outer loop
      vertex  2.418949e+001  2.580000e+001  1.000000e+001
      vertex  2.418949e+001  2.580000e+001  1.500000e+001
      vertex  2.393493e+001  2.631619e+001  1.000000e+001
    endloop
  endfacet
  facet normal -8.968740e-001 -4.422862e-001  0.000000e+000
    outer loop
      vertex  2.393493e+001  2.631619e+001  1.000000e+001
      vertex  2.418949e+001  2.580000e+001  1.500000e+001
      vertex  2.393493e+001  2.631619e+001  1.500000e+001
    endloop
  endfacet
  facet normal -9.469294e-001 -3.214415e-001  -0.000000e+000
    outer loop
      vertex  2.393493e+001  2.631619e+001  1.000000e+001
      vertex  2.393493e+001  2.631619e+001  1.500000e+001
      vertex  2.374993e+001  2.686120e+001  1.000000e+001
    endloop
  endfacet
  facet normal -9.469294e-001 -3.214415e-001  0.000000e+000
    outer loop
      vertex  2.374993e+001  2.686120e+001  1.000000e+001
      vertex  2.393493e+001  2.631619e+001  1.500000e+001
      vertex  2.374993e+001  2.686120e+001  1.500000e+001
    endloop
  endfacet
  facet normal -9.807853e-001 -1.950906e-001  -0.000000e+000
    outer loop
      vertex  2.374993e+001  2.686120e+001  1.000000e+001
      vertex  2.374993e+001  2.686120e+001  1.500000e+001
      vertex  2.363764e+001  2.742568e+001  1.000000e+001
    endloop
  endfacet
  facet normal -9.807853e-001 -1.950906e-001  0.000000e+000
    outer loop
      vertex  2.363764e+001  2.742568e+001  1.000000e+001
      vertex  2.374993e+001  2.686120e+001  1.500000e+001
      vertex  2.363764e+001  2.742568e+001  1.500000e+001
    endloop
  endfacet
  facet normal -9.978590e-001 -6.540116e-002  -0.000000e+000
    outer loop
      vertex  2.363764e+001  2.742568e+001  1.000000e+001
      vertex  2.363764e+001  2.742568e+001  1.500000e+001
      vertex  2.360000e+001  2.800000e+001  1.000000e+001
    endloop
  endfacet
  facet normal -9.978590e-001 -6.540116e-002  0.000000e+000
    outer loop
      vertex  2.360000e+001  2.800000e+001  1.000000e+001
      vertex  2.363764e+001  2.742568e+001  1.500000e+001
      vertex  2.360000e+001  2.800000e+001  1.500000e+001
    endloop
  endfacet
  facet normal -9.978590e-001  6.540116e-002  0.000000e+000
    outer loop
      vertex  2.360000e+001  2.800000e+001  1.000000e+001
      vertex  2.360000e+001  2.800000e+001  1.500000e+001
      vertex  2.363764e+001  2.857432e+001  1.000000e+001
    endloop
  endfacet
  facet normal -9.978590e-001  6.540116e-002  0.000000e+000
    outer loop
      vertex  2.363764e+001  2.857432e+001  1.000000e+001
      vertex  2.360000e+001  2.800000e+001  1.500000e+001
      vertex  2.363764e+001  2.857432e+001  1.500000e+001
    endloop
  endfacet
  facet normal -9.807853e-001  1.950906e-001  0.000000e+000
    outer loop
      vertex  2.363764e+001  2.857432e+001  1.000000e+001
      vertex  2.363764e+001  2.857432e+001  1.500000e+001
      vertex  2.374993e+001  2.913880e+001  1.000000e+001
    endloop
  endfacet
  facet normal -9.807853e-001  1.950906e-001  0.000000e+000
    outer loop
      vertex  2.374993e+001  2.913880e+001  1.000000e+001
      vertex  2.363764e+001  2.857432e+001  1.500000e+001
      vertex  2.374993e+001  2.913880e+001  1.500000e+001
    endloop
  endfacet
  facet normal -9.469294e-001  3.214415e-001  0.000000e+000
    outer loop
      vertex  2.374993e+001  2.913880e+001  1.000000e+001
      vertex  2.374993e+001  2.913880e+001  1.500000e+001
      vertex  2.393493e+001  2.968381e+001  1.000000e+001
    endloop
  endfacet
  facet normal -9.469294e-001  3.214415e-001  0.000000e+000
    outer loop
      vertex  2.393493e+001  2.968381e+001  1.000000e+001
      vertex  2.374993e+001  2.913880e+001  1.500000e+001
      vertex  2.393493e+001  2.968381e+001  1.500000e+001
    endloop
  endfacet
  facet normal -8.968740e-001  4.422862e-001  0.000000e+000
    outer loop
      vertex  2.393493e+001  2.968381e+001  1.000000e+001
      vertex  2.393493e+001  2.968381e+001  1.500000e+001
      vertex  2.418949e+001  3.020000e+001  1.000000e+001
    endloop
  endfacet
  facet normal -8.968740e-001  4.422862e-001  0.000000e+000
    outer loop
      vertex  2.418949e+001  3.020000e+001  1.000000e+001
      vertex  2.393493e+001  2.968381e+001  1.500000e+001
      vertex  2.418949e+001  3.020000e+001  1.500000e+001
    endloop
  endfacet
  facet normal -8.314691e-001  5.555710e-001  0.000000e+000
    outer loop
      vertex  2.418949e+001  3.020000e+001  1.000000e+001
      vertex  2.418949e+001  3.020000e+001  1.500000e+001
      vertex  2.450924e+001  3.067855e+001  1.000000e+001
    endloop
  endfacet
  facet normal -8.314691e-001  5.555710e-001  0.000000e+000
    outer loop
      vertex  2.450924e+001  3.067855e+001  1.000000e+001
      vertex  2.418949e+001  3.020000e+001  1.500000e+001
      vertex  2.450924e+001  3.067855e+001  1.500000e+001
    endloop
  endfacet
  facet normal -7.518377e-001  6.593481e-001  0.000000e+000
    outer loop
      vertex  2.450924e+001  3.067855e+001  1.000000e+001
      vertex  2.450924e+001  3.067855e+001  1.500000e+001
      vertex  2.488873e+001  3.111127e+001  1.000000e+001
    endloop
  endfacet
  facet normal -7.518377e-001  6.593481e-001  0.000000e+000
    outer loop
      vertex  2.488873e+001  3.111127e+001  1.000000e+001
      vertex  2.450924e+001  3.067855e+001  1.500000e+001
      vertex  2.488873e+001  3.111127e+001  1.500000e+001
    endloop
  endfacet
  facet normal -6.593481e-001  7.518377e-001  0.000000e+000
    outer loop
      vertex  2.488873e+001  3.111127e+001  1.000000e+001
      vertex  2.488873e+001  3.111127e+001  1.500000e+001
      vertex  2.532145e+001  3.149076e+001  1.000000e+001
    endloop
  endfacet
  facet normal -6.593481e-001  7.518377e-001  0.000000e+000
    outer loop
      vertex  2.532145e+001  3.149076e+001  1.000000e+001
      vertex  2.488873e+001  3.111127e+001  1.500000e+001
      vertex  2.532145e+001  3.149076e+001  1.500000e+001
    endloop
  endfacet
  facet normal -5.555710e-001  8.314691e-001  0.000000e+000
    outer loop
      vertex  2.532145e+001  3.149076e+001  1.000000e+001
      vertex  2.532145e+001  3.149076e+001  1.500000e+001
      vertex  2.580000e+001  3.181051e+001  1.000000e+001
    endloop
  endfacet
  facet normal -5.555710e-001  8.314691e-001  0.000000e+000
    outer loop
      vertex  2.580000e+001  3.181051e+001  1.000000e+001
      vertex  2.532145e+001  3.149076e+001  1.500000e+001
      vertex  2.580000e+001  3.181051e+001  1.500000e+001
    endloop
  endfacet
  facet normal -4.422889e-001  8.968726e-001  0.000000e+000
    outer loop
      vertex  2.580000e+001  3.181051e+001  1.000000e+001
      vertex  2.580000e+001  3.181051e+001  1.500000e+001
      vertex  2.631619e+001  3.206507e+001  1.000000e+001
    endloop
  endfacet
  facet normal -4.422889e-001  8.968726e-001  0.000000e+000
    outer loop
      vertex  2.631619e+001  3.206507e+001  1.000000e+001
      vertex  2.580000e+001  3.181051e+001  1.500000e+001
      vertex  2.631619e+001  3.206507e+001  1.500000e+001
    endloop
  endfacet
  facet normal -3.214355e-001  9.469314e-001  0.000000e+000
    outer loop
      vertex  2.631619e+001  3.206507e+001  1.000000e+001
      vertex  2.631619e+001  3.206507e+001  1.500000e+001
      vertex  2.686120e+001  3.225007e+001  1.000000e+001
    endloop
  endfacet
  facet normal -3.214355e-001  9.469314e-001  0.000000e+000
    outer loop
      vertex  2.686120e+001  3.225007e+001  1.000000e+001
      vertex  2.631619e+001  3.206507e+001  1.500000e+001
      vertex  2.686120e+001  3.225007e+001  1.500000e+001
    endloop
  endfacet
  facet normal -1.950938e-001  9.807846e-001  0.000000e+000
    outer loop
      vertex  2.686120e+001  3.225007e+001  1.000000e+001
      vertex  2.686120e+001  3.225007e+001  1.500000e+001
      vertex  2.742568e+001  3.236236e+001  1.000000e+001
    endloop
  endfacet
  facet normal -1.950938e-001  9.807846e-001  0.000000e+000
    outer loop
      vertex  2.742568e+001  3.236236e+001  1.000000e+001
      vertex  2.686120e+001  3.225007e+001  1.500000e+001
      vertex  2.742568e+001  3.236236e+001  1.500000e+001
    endloop
  endfacet
  facet normal -6.540446e-002  9.978588e-001  0.000000e+000
    outer loop
      vertex  2.742568e+001  3.236236e+001  1.000000e+001
      vertex  2.742568e+001  3.236236e+001  1.500000e+001
      vertex  2.800000e+001  3.240000e+001  1.000000e+001
    endloop
  endfacet
  facet normal -6.540446e-002  9.978588e-001  0.000000e+000
    outer loop
      vertex  2.800000e+001  3.240000e+001  1.000000e+001
      vertex  2.742568e+001  3.236236e+001  1.500000e+001
      vertex  2.800000e+001  3.240000e+001  1.500000e+001
    endloop
  endfacet
  facet normal  9.863612e-001  1.645953e-001  0.000000e+000
    outer loop
      vertex  2.510991e+001 -2.823948e+001  1.000000e+001
      vertex  2.518874e+001 -2.871191e+001  1.500000e+001
      vertex  2.518874e+001 -2.871191e+001  1.000000e+001
    endloop
  endfacet
  facet normal  9.458175e-001  3.246985e-001  -0.000000e+000
    outer loop
      vertex  2.518874e+001 -2.871191e+001  1.000000e+001
      vertex  2.518874e+001 -2.871191e+001  1.500000e+001
      vertex  2.534426e+001 -2.916492e+001  1.500000e+001
    endloop
  endfacet
  facet normal  9.458175e-001  3.246985e-001  0.000000e+000
    outer loop
      vertex  2.518874e+001 -2.871191e+001  1.000000e+001
      vertex  2.534426e+001 -2.916492e+001  1.500000e+001
      vertex  2.534426e+001 -2.916492e+001  1.000000e+001
    endloop
  endfacet
  facet normal  8.794728e-001  4.759492e-001  -0.000000e+000
    outer loop
      vertex  2.534426e+001 -2.916492e+001  1.000000e+001
      vertex  2.534426e+001 -2.916492e+001  1.500000e+001
      vertex  2.557222e+001 -2.958615e+001  1.500000e+001
    endloop
  endfacet
  facet normal  8.794728e-001  4.759492e-001  0.000000e+000
    outer loop
      vertex  2.534426e+001 -2.916492e+001  1.000000e+001
      vertex  2.557222e+001 -2.958615e+001  1.500000e+001
      vertex  2.557222e+001 -2.958615e+001  1.000000e+001
    endloop
  endfacet
  facet normal  7.891429e-001  6.142097e-001  -0.000000e+000
    outer loop
      vertex  2.557222e+001 -2.958615e+001  1.000000e+001
      vertex  2.557222e+001 -2.958615e+001  1.500000e+001
      vertex  2.586640e+001 -2.996412e+001  1.500000e+001
    endloop
  endfacet
  facet normal  7.891429e-001  6.142097e-001  0.000000e+000
    outer loop
      vertex  2.557222e+001 -2.958615e+001  1.000000e+001
      vertex  2.586640e+001 -2.996412e+001  1.500000e+001
      vertex  2.586640e+001 -2.996412e+001  1.000000e+001
    endloop
  endfacet
  facet normal  6.772808e-001  7.357246e-001  -0.000000e+000
    outer loop
      vertex  2.586640e+001 -2.996412e+001  1.000000e+001
      vertex  2.586640e+001 -2.996412e+001  1.500000e+001
      vertex  2.621878e+001 -3.028851e+001  1.500000e+001
    endloop
  endfacet
  facet normal  6.772808e-001  7.357246e-001  0.000000e+000
    outer loop
      vertex  2.586640e+001 -2.996412e+001  1.000000e+001
      vertex  2.621878e+001 -3.028851e+001  1.500000e+001
      vertex  2.621878e+001 -3.028851e+001  1.000000e+001
    endloop
  endfacet
  facet normal  5.469476e-001  8.371668e-001  -0.000000e+000
    outer loop
      vertex  2.621878e+001 -3.028851e+001  1.000000e+001
      vertex  2.621878e+001 -3.028851e+001  1.500000e+001
      vertex  2.661975e+001 -3.055047e+001  1.500000e+001
    endloop
  endfacet
  facet normal  5.469476e-001  8.371668e-001  0.000000e+000
    outer loop
      vertex  2.621878e+001 -3.028851e+001  1.000000e+001
      vertex  2.661975e+001 -3.055047e+001  1.500000e+001
      vertex  2.661975e+001 -3.055047e+001  1.000000e+001
    endloop
  endfacet
  facet normal  4.016965e-001  9.157729e-001  -0.000000e+000
    outer loop
      vertex  2.661975e+001 -3.055047e+001  1.000000e+001
      vertex  2.661975e+001 -3.055047e+001  1.500000e+001
      vertex  2.705837e+001 -3.074287e+001  1.500000e+001
    endloop
  endfacet
  facet normal  4.016965e-001  9.157729e-001  0.000000e+000
    outer loop
      vertex  2.661975e+001 -3.055047e+001  1.000000e+001
      vertex  2.705837e+001 -3.074287e+001  1.500000e+001
      vertex  2.705837e+001 -3.074287e+001  1.000000e+001
    endloop
  endfacet
  facet normal  2.454823e-001  9.694012e-001  -0.000000e+000
    outer loop
      vertex  2.705837e+001 -3.074287e+001  1.000000e+001
      vertex  2.705837e+001 -3.074287e+001  1.500000e+001
      vertex  2.752268e+001 -3.086045e+001  1.500000e+001
    endloop
  endfacet
  facet normal  2.454823e-001  9.694012e-001  0.000000e+000
    outer loop
      vertex  2.705837e+001 -3.074287e+001  1.000000e+001
      vertex  2.752268e+001 -3.086045e+001  1.500000e+001
      vertex  2.752268e+001 -3.086045e+001  1.000000e+001
    endloop
  endfacet
  facet normal  8.258045e-002  9.965844e-001  -0.000000e+000
    outer loop
      vertex  2.752268e+001 -3.086045e+001  1.000000e+001
      vertex  2.752268e+001 -3.086045e+001  1.500000e+001
      vertex  2.800000e+001 -3.090000e+001  1.500000e+001
    endloop
  endfacet
  facet normal  8.258045e-002  9.965844e-001  0.000000e+000
    outer loop
      vertex  2.752268e+001 -3.086045e+001  1.000000e+001
      vertex  2.800000e+001 -3.090000e+001  1.500000e+001
      vertex  2.800000e+001 -3.090000e+001  1.000000e+001
    endloop
  endfacet
  facet normal  9.863612e-001  1.645953e-001  -0.000000e+000
    outer loop
      vertex  2.518874e+001 -2.871191e+001  1.500000e+001
      vertex  2.510991e+001 -2.823948e+001  1.000000e+001
      vertex  2.510991e+001 -2.823948e+001  1.500000e+001
    endloop
  endfacet
  facet normal  9.999999e-001  0.000000e+000  0.000000e+000
    outer loop
      vertex  2.510991e+001 -2.823948e+001  1.500000e+001
      vertex  2.510991e+001 -2.823948e+001  1.000000e+001
      vertex  2.510991e+001 -2.776052e+001  1.000000e+001
    endloop
  endfacet
  facet normal  9.999999e-001  0.000000e+000  -0.000000e+000
    outer loop
      vertex  2.510991e+001 -2.823948e+001  1.500000e+001
      vertex  2.510991e+001 -2.776052e+001  1.000000e+001
      vertex  2.510991e+001 -2.776052e+001  1.500000e+001
    endloop
  endfacet
  facet normal  9.863612e-001 -1.645953e-001  0.000000e+000
    outer loop
      vertex  2.510991e+001 -2.776052e+001  1.500000e+001
      vertex  2.510991e+001 -2.776052e+001  1.000000e+001
      vertex  2.518874e+001 -2.728809e+001  1.000000e+001
    endloop
  endfacet
  facet normal  9.863612e-001 -1.645953e-001  0.000000e+000
    outer loop
      vertex  2.510991e+001 -2.776052e+001  1.500000e+001
      vertex  2.518874e+001 -2.728809e+001  1.000000e+001
      vertex  2.518874e+001 -2.728809e+001  1.500000e+001
    endloop
  endfacet
  facet normal  9.458175e-001 -3.246985e-001  0.000000e+000
    outer loop
      vertex  2.518874e+001 -2.728809e+001  1.500000e+001
      vertex  2.518874e+001 -2.728809e+001  1.000000e+001
      vertex  2.534426e+001 -2.683508e+001  1.000000e+001
    endloop
  endfacet
  facet normal  9.458175e-001 -3.246985e-001  0.000000e+000
    outer loop
      vertex  2.518874e+001 -2.728809e+001  1.500000e+001
      vertex  2.534426e+001 -2.683508e+001  1.000000e+001
      vertex  2.534426e+001 -2.683508e+001  1.500000e+001
    endloop
  endfacet
  facet normal  8.794728e-001 -4.759492e-001  0.000000e+000
    outer loop
      vertex  2.534426e+001 -2.683508e+001  1.500000e+001
      vertex  2.534426e+001 -2.683508e+001  1.000000e+001
      vertex  2.557222e+001 -2.641385e+001  1.000000e+001
    endloop
  endfacet
  facet normal  8.794728e-001 -4.759492e-001  0.000000e+000
    outer loop
      vertex  2.534426e+001 -2.683508e+001  1.500000e+001
      vertex  2.557222e+001 -2.641385e+001  1.000000e+001
      vertex  2.557222e+001 -2.641385e+001  1.500000e+001
    endloop
  endfacet
  facet normal  7.891429e-001 -6.142097e-001  0.000000e+000
    outer loop
      vertex  2.557222e+001 -2.641385e+001  1.500000e+001
      vertex  2.557222e+001 -2.641385e+001  1.000000e+001
      vertex  2.586640e+001 -2.603588e+001  1.000000e+001
    endloop
  endfacet
  facet normal  7.891429e-001 -6.142097e-001  0.000000e+000
    outer loop
      vertex  2.557222e+001 -2.641385e+001  1.500000e+001
      vertex  2.586640e+001 -2.603588e+001  1.000000e+001
      vertex  2.586640e+001 -2.603588e+001  1.500000e+001
    endloop
  endfacet
  facet normal  6.772808e-001 -7.357246e-001  0.000000e+000
    outer loop
      vertex  2.586640e+001 -2.603588e+001  1.500000e+001
      vertex  2.586640e+001 -2.603588e+001  1.000000e+001
      vertex  2.621878e+001 -2.571149e+001  1.000000e+001
    endloop
  endfacet
  facet normal  6.772808e-001 -7.357246e-001  0.000000e+000
    outer loop
      vertex  2.586640e+001 -2.603588e+001  1.500000e+001
      vertex  2.621878e+001 -2.571149e+001  1.000000e+001
      vertex  2.621878e+001 -2.571149e+001  1.500000e+001
    endloop
  endfacet
  facet normal  5.469476e-001 -8.371668e-001  0.000000e+000
    outer loop
      vertex  2.621878e+001 -2.571149e+001  1.500000e+001
      vertex  2.621878e+001 -2.571149e+001  1.000000e+001
      vertex  2.661975e+001 -2.544953e+001  1.000000e+001
    endloop
  endfacet
  facet normal  5.469476e-001 -8.371668e-001  0.000000e+000
    outer loop
      vertex  2.621878e+001 -2.571149e+001  1.500000e+001
      vertex  2.661975e+001 -2.544953e+001  1.000000e+001
      vertex  2.661975e+001 -2.544953e+001  1.500000e+001
    endloop
  endfacet
  facet normal  4.016965e-001 -9.157729e-001  0.000000e+000
    outer loop
      vertex  2.661975e+001 -2.544953e+001  1.500000e+001
      vertex  2.661975e+001 -2.544953e+001  1.000000e+001
      vertex  2.705837e+001 -2.525713e+001  1.000000e+001
    endloop
  endfacet
  facet normal  4.016965e-001 -9.157729e-001  0.000000e+000
    outer loop
      vertex  2.661975e+001 -2.544953e+001  1.500000e+001
      vertex  2.705837e+001 -2.525713e+001  1.000000e+001
      vertex  2.705837e+001 -2.525713e+001  1.500000e+001
    endloop
  endfacet
  facet normal  2.454823e-001 -9.694012e-001  0.000000e+000
    outer loop
      vertex  2.705837e+001 -2.525713e+001  1.500000e+001
      vertex  2.705837e+001 -2.525713e+001  1.000000e+001
      vertex  2.752268e+001 -2.513955e+001  1.000000e+001
    endloop
  endfacet
  facet normal  2.454823e-001 -9.694012e-001  0.000000e+000
    outer loop
      vertex  2.705837e+001 -2.525713e+001  1.500000e+001
      vertex  2.752268e+001 -2.513955e+001  1.000000e+001
      vertex  2.752268e+001 -2.513955e+001  1.500000e+001
    endloop
  endfacet
  facet normal  8.258045e-002 -9.965844e-001  0.000000e+000
    outer loop
      vertex  2.752268e+001 -2.513955e+001  1.500000e+001
      vertex  2.752268e+001 -2.513955e+001  1.000000e+001
      vertex  2.800000e+001 -2.510000e+001  1.000000e+001
    endloop
  endfacet
  facet normal  8.258045e-002 -9.965844e-001  0.000000e+000
    outer loop
      vertex  2.752268e+001 -2.513955e+001  1.500000e+001
      vertex  2.800000e+001 -2.510000e+001  1.000000e+001
      vertex  2.800000e+001 -2.510000e+001  1.500000e+001
    endloop
  endfacet
  facet normal -9.863612e-001 -1.645953e-001  -0.000000e+000
    outer loop
      vertex  3.089009e+001 -2.776052e+001  1.000000e+001
      vertex  3.081126e+001 -2.728809e+001  1.500000e+001
      vertex  3.081126e+001 -2.728809e+001  1.000000e+001
    endloop
  endfacet
  facet normal -9.458175e-001 -3.246985e-001  0.000000e+000
    outer loop
      vertex  3.081126e+001 -2.728809e+001  1.000000e+001
      vertex  3.081126e+001 -2.728809e+001  1.500000e+001
      vertex  3.065574e+001 -2.683508e+001  1.500000e+001
    endloop
  endfacet
  facet normal -9.458175e-001 -3.246985e-001  -0.000000e+000
    outer loop
      vertex  3.081126e+001 -2.728809e+001  1.000000e+001
      vertex  3.065574e+001 -2.683508e+001  1.500000e+001
      vertex  3.065574e+001 -2.683508e+001  1.000000e+001
    endloop
  endfacet
  facet normal -8.794728e-001 -4.759492e-001  0.000000e+000
    outer loop
      vertex  3.065574e+001 -2.683508e+001  1.000000e+001
      vertex  3.065574e+001 -2.683508e+001  1.500000e+001
      vertex  3.042778e+001 -2.641385e+001  1.500000e+001
    endloop
  endfacet
  facet normal -8.794728e-001 -4.759492e-001  -0.000000e+000
    outer loop
      vertex  3.065574e+001 -2.683508e+001  1.000000e+001
      vertex  3.042778e+001 -2.641385e+001  1.500000e+001
      vertex  3.042778e+001 -2.641385e+001  1.000000e+001
    endloop
  endfacet
  facet normal -7.891429e-001 -6.142097e-001  0.000000e+000
    outer loop
      vertex  3.042778e+001 -2.641385e+001  1.000000e+001
      vertex  3.042778e+001 -2.641385e+001  1.500000e+001
      vertex  3.013360e+001 -2.603588e+001  1.500000e+001
    endloop
  endfacet
  facet normal -7.891429e-001 -6.142097e-001  -0.000000e+000
    outer loop
      vertex  3.042778e+001 -2.641385e+001  1.000000e+001
      vertex  3.013360e+001 -2.603588e+001  1.500000e+001
      vertex  3.013360e+001 -2.603588e+001  1.000000e+001
    endloop
  endfacet
  facet normal -6.772808e-001 -7.357246e-001  0.000000e+000
    outer loop
      vertex  3.013360e+001 -2.603588e+001  1.000000e+001
      vertex  3.013360e+001 -2.603588e+001  1.500000e+001
      vertex  2.978122e+001 -2.571149e+001  1.500000e+001
    endloop
  endfacet
  facet normal -6.772808e-001 -7.357246e-001  -0.000000e+000
    outer loop
      vertex  3.013360e+001 -2.603588e+001  1.000000e+001
      vertex  2.978122e+001 -2.571149e+001  1.500000e+001
      vertex  2.978122e+001 -2.571149e+001  1.000000e+001
    endloop
  endfacet
  facet normal -5.469476e-001 -8.371668e-001  0.000000e+000
    outer loop
      vertex  2.978122e+001 -2.571149e+001  1.000000e+001
      vertex  2.978122e+001 -2.571149e+001  1.500000e+001
      vertex  2.938025e+001 -2.544953e+001  1.500000e+001
    endloop
  endfacet
  facet normal -5.469476e-001 -8.371668e-001  -0.000000e+000
    outer loop
      vertex  2.978122e+001 -2.571149e+001  1.000000e+001
      vertex  2.938025e+001 -2.544953e+001  1.500000e+001
      vertex  2.938025e+001 -2.544953e+001  1.000000e+001
    endloop
  endfacet
  facet normal -4.016965e-001 -9.157729e-001  0.000000e+000
    outer loop
      vertex  2.938025e+001 -2.544953e+001  1.000000e+001
      vertex  2.938025e+001 -2.544953e+001  1.500000e+001
      vertex  2.894163e+001 -2.525713e+001  1.500000e+001
    endloop
  endfacet
  facet normal -4.016965e-001 -9.157729e-001  -0.000000e+000
    outer loop
      vertex  2.938025e+001 -2.544953e+001  1.000000e+001
      vertex  2.894163e+001 -2.525713e+001  1.500000e+001
      vertex  2.894163e+001 -2.525713e+001  1.000000e+001
    endloop
  endfacet
  facet normal -2.454823e-001 -9.694012e-001  0.000000e+000
    outer loop
      vertex  2.894163e+001 -2.525713e+001  1.000000e+001
      vertex  2.894163e+001 -2.525713e+001  1.500000e+001
      vertex  2.847732e+001 -2.513955e+001  1.500000e+001
    endloop
  endfacet
  facet normal -2.454823e-001 -9.694012e-001  -0.000000e+000
    outer loop
      vertex  2.894163e+001 -2.525713e+001  1.000000e+001
      vertex  2.847732e+001 -2.513955e+001  1.500000e+001
      vertex  2.847732e+001 -2.513955e+001  1.000000e+001
    endloop
  endfacet
  facet normal -8.258045e-002 -9.965844e-001  0.000000e+000
    outer loop
      vertex  2.847732e+001 -2.513955e+001  1.000000e+001
      vertex  2.847732e+001 -2.513955e+001  1.500000e+001
      vertex  2.800000e+001 -2.510000e+001  1.500000e+001
    endloop
  endfacet
  facet normal -8.258045e-002 -9.965844e-001  -0.000000e+000
    outer loop
      vertex  2.847732e+001 -2.513955e+001  1.000000e+001
      vertex  2.800000e+001 -2.510000e+001  1.500000e+001
      vertex  2.800000e+001 -2.510000e+001  1.000000e+001
    endloop
  endfacet
  facet normal -9.863612e-001 -1.645953e-001  0.000000e+000
    outer loop
      vertex  3.081126e+001 -2.728809e+001  1.500000e+001
      vertex  3.089009e+001 -2.776052e+001  1.000000e+001
      vertex  3.089009e+001 -2.776052e+001  1.500000e+001
    endloop
  endfacet
  facet normal -9.999999e-001  0.000000e+000  -0.000000e+000
    outer loop
      vertex  3.089009e+001 -2.776052e+001  1.500000e+001
      vertex  3.089009e+001 -2.776052e+001  1.000000e+001
      vertex  3.089009e+001 -2.823948e+001  1.000000e+001
    endloop
  endfacet
  facet normal -9.999999e-001  0.000000e+000  0.000000e+000
    outer loop
      vertex  3.089009e+001 -2.776052e+001  1.500000e+001
      vertex  3.089009e+001 -2.823948e+001  1.000000e+001
      vertex  3.089009e+001 -2.823948e+001  1.500000e+001
    endloop
  endfacet
  facet normal -9.863612e-001  1.645953e-001  0.000000e+000
    outer loop
      vertex  3.089009e+001 -2.823948e+001  1.500000e+001
      vertex  3.089009e+001 -2.823948e+001  1.000000e+001
      vertex  3.081126e+001 -2.871191e+001  1.000000e+001
    endloop
  endfacet
  facet normal -9.863612e-001  1.645953e-001  0.000000e+000
    outer loop
      vertex  3.089009e+001 -2.823948e+001  1.500000e+001
      vertex  3.081126e+001 -2.871191e+001  1.000000e+001
      vertex  3.081126e+001 -2.871191e+001  1.500000e+001
    endloop
  endfacet
  facet normal -9.458175e-001  3.246985e-001  0.000000e+000
    outer loop
      vertex  3.081126e+001 -2.871191e+001  1.500000e+001
      vertex  3.081126e+001 -2.871191e+001  1.000000e+001
      vertex  3.065574e+001 -2.916492e+001  1.000000e+001
    endloop
  endfacet
  facet normal -9.458175e-001  3.246985e-001  0.000000e+000
    outer loop
      vertex  3.081126e+001 -2.871191e+001  1.500000e+001
      vertex  3.065574e+001 -2.916492e+001  1.000000e+001
      vertex  3.065574e+001 -2.916492e+001  1.500000e+001
    endloop
  endfacet
  facet normal -8.794728e-001  4.759492e-001  0.000000e+000
    outer loop
      vertex  3.065574e+001 -2.916492e+001  1.500000e+001
      vertex  3.065574e+001 -2.916492e+001  1.000000e+001
      vertex  3.042778e+001 -2.958615e+001  1.000000e+001
    endloop
  endfacet
  facet normal -8.794728e-001  4.759492e-001  0.000000e+000
    outer loop
      vertex  3.065574e+001 -2.916492e+001  1.500000e+001
      vertex  3.042778e+001 -2.958615e+001  1.000000e+001
      vertex  3.042778e+001 -2.958615e+001  1.500000e+001
    endloop
  endfacet
  facet normal -7.891429e-001  6.142097e-001  0.000000e+000
    outer loop
      vertex  3.042778e+001 -2.958615e+001  1.500000e+001
      vertex  3.042778e+001 -2.958615e+001  1.000000e+001
      vertex  3.013360e+001 -2.996412e+001  1.000000e+001
    endloop
  endfacet
  facet normal -7.891429e-001  6.142097e-001  0.000000e+000
    outer loop
      vertex  3.042778e+001 -2.958615e+001  1.500000e+001
      vertex  3.013360e+001 -2.996412e+001  1.000000e+001
      vertex  3.013360e+001 -2.996412e+001  1.500000e+001
    endloop
  endfacet
  facet normal -6.772808e-001  7.357246e-001  0.000000e+000
    outer loop
      vertex  3.013360e+001 -2.996412e+001  1.500000e+001
      vertex  3.013360e+001 -2.996412e+001  1.000000e+001
      vertex  2.978122e+001 -3.028851e+001  1.000000e+001
    endloop
  endfacet
  facet normal -6.772808e-001  7.357246e-001  0.000000e+000
    outer loop
      vertex  3.013360e+001 -2.996412e+001  1.500000e+001
      vertex  2.978122e+001 -3.028851e+001  1.000000e+001
      vertex  2.978122e+001 -3.028851e+001  1.500000e+001
    endloop
  endfacet
  facet normal -5.469476e-001  8.371668e-001  0.000000e+000
    outer loop
      vertex  2.978122e+001 -3.028851e+001  1.500000e+001
      vertex  2.978122e+001 -3.028851e+001  1.000000e+001
      vertex  2.938025e+001 -3.055047e+001  1.000000e+001
    endloop
  endfacet
  facet normal -5.469476e-001  8.371668e-001  0.000000e+000
    outer loop
      vertex  2.978122e+001 -3.028851e+001  1.500000e+001
      vertex  2.938025e+001 -3.055047e+001  1.000000e+001
      vertex  2.938025e+001 -3.055047e+001  1.500000e+001
    endloop
  endfacet
  facet normal -4.016965e-001  9.157729e-001  0.000000e+000
    outer loop
      vertex  2.938025e+001 -3.055047e+001  1.500000e+001
      vertex  2.938025e+001 -3.055047e+001  1.000000e+001
      vertex  2.894163e+001 -3.074287e+001  1.000000e+001
    endloop
  endfacet
  facet normal -4.016965e-001  9.157729e-001  0.000000e+000
    outer loop
      vertex  2.938025e+001 -3.055047e+001  1.500000e+001
      vertex  2.894163e+001 -3.074287e+001  1.000000e+001
      vertex  2.894163e+001 -3.074287e+001  1.500000e+001
    endloop
  endfacet
  facet normal -2.454823e-001  9.694012e-001  0.000000e+000
    outer loop
      vertex  2.894163e+001 -3.074287e+001  1.500000e+001
      vertex  2.894163e+001 -3.074287e+001  1.000000e+001
      vertex  2.847732e+001 -3.086045e+001  1.000000e+001
    endloop
  endfacet
  facet normal -2.454823e-001  9.694012e-001  0.000000e+000
    outer loop
      vertex  2.894163e+001 -3.074287e+001  1.500000e+001
      vertex  2.847732e+001 -3.086045e+001  1.000000e+001
      vertex  2.847732e+001 -3.086045e+001  1.500000e+001
    endloop
  endfacet
  facet normal -8.258045e-002  9.965844e-001  0.000000e+000
    outer loop
      vertex  2.847732e+001 -3.086045e+001  1.500000e+001
      vertex  2.847732e+001 -3.086045e+001  1.000000e+001
      vertex  2.800000e+001 -3.090000e+001  1.000000e+001
    endloop
  endfacet
  facet normal -8.258045e-002  9.965844e-001  0.000000e+000
    outer loop
      vertex  2.847732e+001 -3.086045e+001  1.500000e+001
      vertex  2.800000e+001 -3.090000e+001  1.000000e+001
      vertex  2.800000e+001 -3.090000e+001  1.500000e+001
    endloop
  endfacet
  facet normal  6.540116e-002  9.978590e-001  0.000000e+000
    outer loop
      vertex  2.800000e+001 -2.360000e+001  1.000000e+001
      vertex  2.800000e+001 -2.360000e+001  1.500000e+001
      vertex  2.857432e+001 -2.363764e+001  1.000000e+001
    endloop
  endfacet
  facet normal  6.540116e-002  9.978590e-001  -0.000000e+000
    outer loop
      vertex  2.857432e+001 -2.363764e+001  1.000000e+001
      vertex  2.800000e+001 -2.360000e+001  1.500000e+001
      vertex  2.857432e+001 -2.363764e+001  1.500000e+001
    endloop
  endfacet
  facet normal  1.950906e-001  9.807853e-001  0.000000e+000
    outer loop
      vertex  2.857432e+001 -2.363764e+001  1.000000e+001
      vertex  2.857432e+001 -2.363764e+001  1.500000e+001
      vertex  2.913880e+001 -2.374993e+001  1.000000e+001
    endloop
  endfacet
  facet normal  1.950906e-001  9.807853e-001  -0.000000e+000
    outer loop
      vertex  2.913880e+001 -2.374993e+001  1.000000e+001
      vertex  2.857432e+001 -2.363764e+001  1.500000e+001
      vertex  2.913880e+001 -2.374993e+001  1.500000e+001
    endloop
  endfacet
  facet normal  3.214415e-001  9.469294e-001  0.000000e+000
    outer loop
      vertex  2.913880e+001 -2.374993e+001  1.000000e+001
      vertex  2.913880e+001 -2.374993e+001  1.500000e+001
      vertex  2.968381e+001 -2.393493e+001  1.000000e+001
    endloop
  endfacet
  facet normal  3.214415e-001  9.469294e-001  -0.000000e+000
    outer loop
      vertex  2.968381e+001 -2.393493e+001  1.000000e+001
      vertex  2.913880e+001 -2.374993e+001  1.500000e+001
      vertex  2.968381e+001 -2.393493e+001  1.500000e+001
    endloop
  endfacet
  facet normal  4.422862e-001  8.968740e-001  0.000000e+000
    outer loop
      vertex  2.968381e+001 -2.393493e+001  1.000000e+001
      vertex  2.968381e+001 -2.393493e+001  1.500000e+001
      vertex  3.020000e+001 -2.418949e+001  1.000000e+001
    endloop
  endfacet
  facet normal  4.422862e-001  8.968740e-001  -0.000000e+000
    outer loop
      vertex  3.020000e+001 -2.418949e+001  1.000000e+001
      vertex  2.968381e+001 -2.393493e+001  1.500000e+001
      vertex  3.020000e+001 -2.418949e+001  1.500000e+001
    endloop
  endfacet
  facet normal  5.555710e-001  8.314691e-001  0.000000e+000
    outer loop
      vertex  3.020000e+001 -2.418949e+001  1.000000e+001
      vertex  3.020000e+001 -2.418949e+001  1.500000e+001
      vertex  3.067855e+001 -2.450924e+001  1.000000e+001
    endloop
  endfacet
  facet normal  5.555710e-001  8.314691e-001  -0.000000e+000
    outer loop
      vertex  3.067855e+001 -2.450924e+001  1.000000e+001
      vertex  3.020000e+001 -2.418949e+001  1.500000e+001
      vertex  3.067855e+001 -2.450924e+001  1.500000e+001
    endloop
  endfacet
  facet normal  6.593481e-001  7.518377e-001  0.000000e+000
    outer loop
      vertex  3.067855e+001 -2.450924e+001  1.000000e+001
      vertex  3.067855e+001 -2.450924e+001  1.500000e+001
      vertex  3.111127e+001 -2.488873e+001  1.000000e+001
    endloop
  endfacet
  facet normal  6.593481e-001  7.518377e-001  -0.000000e+000
    outer loop
      vertex  3.111127e+001 -2.488873e+001  1.000000e+001
      vertex  3.067855e+001 -2.450924e+001  1.500000e+001
      vertex  3.111127e+001 -2.488873e+001  1.500000e+001
    endloop
  endfacet
  facet normal  7.518377e-001  6.593481e-001  0.000000e+000
    outer loop
      vertex  3.111127e+001 -2.488873e+001  1.000000e+001
      vertex  3.111127e+001 -2.488873e+001  1.500000e+001
      vertex  3.149076e+001 -2.532145e+001  1.000000e+001
    endloop
  endfacet
  facet normal  7.518377e-001  6.593481e-001  -0.000000e+000
    outer loop
      vertex  3.149076e+001 -2.532145e+001  1.000000e+001
      vertex  3.111127e+001 -2.488873e+001  1.500000e+001
      vertex  3.149076e+001 -2.532145e+001  1.500000e+001
    endloop
  endfacet
  facet normal  8.314691e-001  5.555710e-001  0.000000e+000
    outer loop
      vertex  3.149076e+001 -2.532145e+001  1.000000e+001
      vertex  3.149076e+001 -2.532145e+001  1.500000e+001
      vertex  3.181051e+001 -2.580000e+001  1.000000e+001
    endloop
  endfacet
  facet normal  8.314691e-001  5.555710e-001  -0.000000e+000
    outer loop
      vertex  3.181051e+001 -2.580000e+001  1.000000e+001
      vertex  3.149076e+001 -2.532145e+001  1.500000e+001
      vertex  3.181051e+001 -2.580000e+001  1.500000e+001
    endloop
  endfacet
  facet normal  8.968726e-001  4.422889e-001  0.000000e+000
    outer loop
      vertex  3.181051e+001 -2.580000e+001  1.000000e+001
      vertex  3.181051e+001 -2.580000e+001  1.500000e+001
      vertex  3.206507e+001 -2.631619e+001  1.000000e+001
    endloop
  endfacet
  facet normal  8.968726e-001  4.422889e-001  -0.000000e+000
    outer loop
      vertex  3.206507e+001 -2.631619e+001  1.000000e+001
      vertex  3.181051e+001 -2.580000e+001  1.500000e+001
      vertex  3.206507e+001 -2.631619e+001  1.500000e+001
    endloop
  endfacet
  facet normal  9.469314e-001  3.214355e-001  0.000000e+000
    outer loop
      vertex  3.206507e+001 -2.631619e+001  1.000000e+001
      vertex  3.206507e+001 -2.631619e+001  1.500000e+001
      vertex  3.225007e+001 -2.686120e+001  1.000000e+001
    endloop
  endfacet
  facet normal  9.469314e-001  3.214355e-001  -0.000000e+000
    outer loop
      vertex  3.225007e+001 -2.686120e+001  1.000000e+001
      vertex  3.206507e+001 -2.631619e+001  1.500000e+001
      vertex  3.225007e+001 -2.686120e+001  1.500000e+001
    endloop
  endfacet
  facet normal  9.807846e-001  1.950938e-001  0.000000e+000
    outer loop
      vertex  3.225007e+001 -2.686120e+001  1.000000e+001
      vertex  3.225007e+001 -2.686120e+001  1.500000e+001
      vertex  3.236236e+001 -2.742568e+001  1.000000e+001
    endloop
  endfacet
  facet normal  9.807846e-001  1.950938e-001  -0.000000e+000
    outer loop
      vertex  3.236236e+001 -2.742568e+001  1.000000e+001
      vertex  3.225007e+001 -2.686120e+001  1.500000e+001
      vertex  3.236236e+001 -2.742568e+001  1.500000e+001
    endloop
  endfacet
  facet normal  9.978588e-001  6.540446e-002  0.000000e+000
    outer loop
      vertex  3.236236e+001 -2.742568e+001  1.000000e+001
      vertex  3.236236e+001 -2.742568e+001  1.500000e+001
      vertex  3.240000e+001 -2.800000e+001  1.000000e+001
    endloop
  endfacet
  facet normal  9.978588e-001  6.540446e-002  -0.000000e+000
    outer loop
      vertex  3.240000e+001 -2.800000e+001  1.000000e+001
      vertex  3.236236e+001 -2.742568e+001  1.500000e+001
      vertex  3.240000e+001 -2.800000e+001  1.500000e+001
    endloop
  endfacet
  facet normal  9.978588e-001 -6.540446e-002  0.000000e+000
    outer loop
      vertex  3.240000e+001 -2.800000e+001  1.000000e+001
      vertex  3.240000e+001 -2.800000e+001  1.500000e+001
      vertex  3.236236e+001 -2.857432e+001  1.000000e+001
    endloop
  endfacet
  facet normal  9.978588e-001 -6.540446e-002  0.000000e+000
    outer loop
      vertex  3.236236e+001 -2.857432e+001  1.000000e+001
      vertex  3.240000e+001 -2.800000e+001  1.500000e+001
      vertex  3.236236e+001 -2.857432e+001  1.500000e+001
    endloop
  endfacet
  facet normal  9.807846e-001 -1.950938e-001  0.000000e+000
    outer loop
      vertex  3.236236e+001 -2.857432e+001  1.000000e+001
      vertex  3.236236e+001 -2.857432e+001  1.500000e+001
      vertex  3.225007e+001 -2.913880e+001  1.000000e+001
    endloop
  endfacet
  facet normal  9.807846e-001 -1.950938e-001  0.000000e+000
    outer loop
      vertex  3.225007e+001 -2.913880e+001  1.000000e+001
      vertex  3.236236e+001 -2.857432e+001  1.500000e+001
      vertex  3.225007e+001 -2.913880e+001  1.500000e+001
    endloop
  endfacet
  facet normal  9.469314e-001 -3.214355e-001  0.000000e+000
    outer loop
      vertex  3.225007e+001 -2.913880e+001  1.000000e+001
      vertex  3.225007e+001 -2.913880e+001  1.500000e+001
      vertex  3.206507e+001 -2.968381e+001  1.000000e+001
    endloop
  endfacet
  facet normal  9.469314e-001 -3.214355e-001  0.000000e+000
    outer loop
      vertex  3.206507e+001 -2.968381e+001  1.000000e+001
      vertex  3.225007e+001 -2.913880e+001  1.500000e+001
      vertex  3.206507e+001 -2.968381e+001  1.500000e+001
    endloop
  endfacet
  facet normal  8.968726e-001 -4.422889e-001  0.000000e+000
    outer loop
      vertex  3.206507e+001 -2.968381e+001  1.000000e+001
      vertex  3.206507e+001 -2.968381e+001  1.500000e+001
      vertex  3.181051e+001 -3.020000e+001  1.000000e+001
    endloop
  endfacet
  facet normal  8.968726e-001 -4.422889e-001  0.000000e+000
    outer loop
      vertex  3.181051e+001 -3.020000e+001  1.000000e+001
      vertex  3.206507e+001 -2.968381e+001  1.500000e+001
      vertex  3.181051e+001 -3.020000e+001  1.500000e+001
    endloop
  endfacet
  facet normal  8.314691e-001 -5.555710e-001  0.000000e+000
    outer loop
      vertex  3.181051e+001 -3.020000e+001  1.000000e+001
      vertex  3.181051e+001 -3.020000e+001  1.500000e+001
      vertex  3.149076e+001 -3.067855e+001  1.000000e+001
    endloop
  endfacet
  facet normal  8.314691e-001 -5.555710e-001  0.000000e+000
    outer loop
      vertex  3.149076e+001 -3.067855e+001  1.000000e+001
      vertex  3.181051e+001 -3.020000e+001  1.500000e+001
      vertex  3.149076e+001 -3.067855e+001  1.500000e+001
    endloop
  endfacet
  facet normal  7.518377e-001 -6.593481e-001  0.000000e+000
    outer loop
      vertex  3.149076e+001 -3.067855e+001  1.000000e+001
      vertex  3.149076e+001 -3.067855e+001  1.500000e+001
      vertex  3.111127e+001 -3.111127e+001  1.000000e+001
    endloop
  endfacet
  facet normal  7.518377e-001 -6.593481e-001  0.000000e+000
    outer loop
      vertex  3.111127e+001 -3.111127e+001  1.000000e+001
      vertex  3.149076e+001 -3.067855e+001  1.500000e+001
      vertex  3.111127e+001 -3.111127e+001  1.500000e+001
    endloop
  endfacet
  facet normal  6.593481e-001 -7.518377e-001  0.000000e+000
    outer loop
      vertex  3.111127e+001 -3.111127e+001  1.000000e+001
      vertex  3.111127e+001 -3.111127e+001  1.500000e+001
      vertex  3.067855e+001 -3.149076e+001  1.000000e+001
    endloop
  endfacet
  facet normal  6.593481e-001 -7.518377e-001  0.000000e+000
    outer loop
      vertex  3.067855e+001 -3.149076e+001  1.000000e+001
      vertex  3.111127e+001 -3.111127e+001  1.500000e+001
      vertex  3.067855e+001 -3.149076e+001  1.500000e+001
    endloop
  endfacet
  facet normal  5.555710e-001 -8.314691e-001  0.000000e+000
    outer loop
      vertex  3.067855e+001 -3.149076e+001  1.000000e+001
      vertex  3.067855e+001 -3.149076e+001  1.500000e+001
      vertex  3.020000e+001 -3.181051e+001  1.000000e+001
    endloop
  endfacet
  facet normal  5.555710e-001 -8.314691e-001  0.000000e+000
    outer loop
      vertex  3.020000e+001 -3.181051e+001  1.000000e+001
      vertex  3.067855e+001 -3.149076e+001  1.500000e+001
      vertex  3.020000e+001 -3.181051e+001  1.500000e+001
    endloop
  endfacet
  facet normal  4.422889e-001 -8.968726e-001  0.000000e+000
    outer loop
      vertex  3.020000e+001 -3.181051e+001  1.000000e+001
      vertex  3.020000e+001 -3.181051e+001  1.500000e+001
      vertex  2.968381e+001 -3.206507e+001  1.000000e+001
    endloop
  endfacet
  facet normal  4.422889e-001 -8.968726e-001  0.000000e+000
    outer loop
      vertex  2.968381e+001 -3.206507e+001  1.000000e+001
      vertex  3.020000e+001 -3.181051e+001  1.500000e+001
      vertex  2.968381e+001 -3.206507e+001  1.500000e+001
    endloop
  endfacet
  facet normal  3.214355e-001 -9.469314e-001  0.000000e+000
    outer loop
      vertex  2.968381e+001 -3.206507e+001  1.000000e+001
      vertex  2.968381e+001 -3.206507e+001  1.500000e+001
      vertex  2.913880e+001 -3.225007e+001  1.000000e+001
    endloop
  endfacet
  facet normal  3.214355e-001 -9.469314e-001  0.000000e+000
    outer loop
      vertex  2.913880e+001 -3.225007e+001  1.000000e+001
      vertex  2.968381e+001 -3.206507e+001  1.500000e+001
      vertex  2.913880e+001 -3.225007e+001  1.500000e+001
    endloop
  endfacet
  facet normal  1.950938e-001 -9.807846e-001  0.000000e+000
    outer loop
      vertex  2.913880e+001 -3.225007e+001  1.000000e+001
      vertex  2.913880e+001 -3.225007e+001  1.500000e+001
      vertex  2.857432e+001 -3.236236e+001  1.000000e+001
    endloop
  endfacet
  facet normal  1.950938e-001 -9.807846e-001  0.000000e+000
    outer loop
      vertex  2.857432e+001 -3.236236e+001  1.000000e+001
      vertex  2.913880e+001 -3.225007e+001  1.500000e+001
      vertex  2.857432e+001 -3.236236e+001  1.500000e+001
    endloop
  endfacet
  facet normal  6.540446e-002 -9.978588e-001  0.000000e+000
    outer loop
      vertex  2.857432e+001 -3.236236e+001  1.000000e+001
      vertex  2.857432e+001 -3.236236e+001  1.500000e+001
      vertex  2.800000e+001 -3.240000e+001  1.000000e+001
    endloop
  endfacet
  facet normal  6.540446e-002 -9.978588e-001  0.000000e+000
    outer loop
      vertex  2.800000e+001 -3.240000e+001  1.000000e+001
      vertex  2.857432e+001 -3.236236e+001  1.500000e+001
      vertex  2.800000e+001 -3.240000e+001  1.500000e+001
    endloop
  endfacet
  facet normal -6.540446e-002 -9.978588e-001  -0.000000e+000
    outer loop
      vertex  2.800000e+001 -3.240000e+001  1.000000e+001
      vertex  2.800000e+001 -3.240000e+001  1.500000e+001
      vertex  2.742568e+001 -3.236236e+001  1.000000e+001
    endloop
  endfacet
  facet normal -6.540446e-002 -9.978588e-001  0.000000e+000
    outer loop
      vertex  2.742568e+001 -3.236236e+001  1.000000e+001
      vertex  2.800000e+001 -3.240000e+001  1.500000e+001
      vertex  2.742568e+001 -3.236236e+001  1.500000e+001
    endloop
  endfacet
  facet normal -1.950938e-001 -9.807846e-001  -0.000000e+000
    outer loop
      vertex  2.742568e+001 -3.236236e+001  1.000000e+001
      vertex  2.742568e+001 -3.236236e+001  1.500000e+001
      vertex  2.686120e+001 -3.225007e+001  1.000000e+001
    endloop
  endfacet
  facet normal -1.950938e-001 -9.807846e-001  0.000000e+000
    outer loop
      vertex  2.686120e+001 -3.225007e+001  1.000000e+001
      vertex  2.742568e+001 -3.236236e+001  1.500000e+001
      vertex  2.686120e+001 -3.225007e+001  1.500000e+001
    endloop
  endfacet
  facet normal -3.214355e-001 -9.469314e-001  -0.000000e+000
    outer loop
      vertex  2.686120e+001 -3.225007e+001  1.000000e+001
      vertex  2.686120e+001 -3.225007e+001  1.500000e+001
      vertex  2.631619e+001 -3.206507e+001  1.000000e+001
    endloop
  endfacet
  facet normal -3.214355e-001 -9.469314e-001  0.000000e+000
    outer loop
      vertex  2.631619e+001 -3.206507e+001  1.000000e+001
      vertex  2.686120e+001 -3.225007e+001  1.500000e+001
      vertex  2.631619e+001 -3.206507e+001  1.500000e+001
    endloop
  endfacet
  facet normal -4.422889e-001 -8.968726e-001  -0.000000e+000
    outer loop
      vertex  2.631619e+001 -3.206507e+001  1.000000e+001
      vertex  2.631619e+001 -3.206507e+001  1.500000e+001
      vertex  2.580000e+001 -3.181051e+001  1.000000e+001
    endloop
  endfacet
  facet normal -4.422889e-001 -8.968726e-001  0.000000e+000
    outer loop
      vertex  2.580000e+001 -3.181051e+001  1.000000e+001
      vertex  2.631619e+001 -3.206507e+001  1.500000e+001
      vertex  2.580000e+001 -3.181051e+001  1.500000e+001
    endloop
  endfacet
  facet normal -5.555710e-001 -8.314691e-001  -0.000000e+000
    outer loop
      vertex  2.580000e+001 -3.181051e+001  1.000000e+001
      vertex  2.580000e+001 -3.181051e+001  1.500000e+001
      vertex  2.532145e+001 -3.149076e+001  1.000000e+001
    endloop
  endfacet
  facet normal -5.555710e-001 -8.314691e-001  0.000000e+000
    outer loop
      vertex  2.532145e+001 -3.149076e+001  1.000000e+001
      vertex  2.580000e+001 -3.181051e+001  1.500000e+001
      vertex  2.532145e+001 -3.149076e+001  1.500000e+001
    endloop
  endfacet
  facet normal -6.593481e-001 -7.518377e-001  -0.000000e+000
    outer loop
      vertex  2.532145e+001 -3.149076e+001  1.000000e+001
      vertex  2.532145e+001 -3.149076e+001  1.500000e+001
      vertex  2.488873e+001 -3.111127e+001  1.000000e+001
    endloop
  endfacet
  facet normal -6.593481e-001 -7.518377e-001  0.000000e+000
    outer loop
      vertex  2.488873e+001 -3.111127e+001  1.000000e+001
      vertex  2.532145e+001 -3.149076e+001  1.500000e+001
      vertex  2.488873e+001 -3.111127e+001  1.500000e+001
    endloop
  endfacet
  facet normal -7.518377e-001 -6.593481e-001  -0.000000e+000
    outer loop
      vertex  2.488873e+001 -3.111127e+001  1.000000e+001
      vertex  2.488873e+001 -3.111127e+001  1.500000e+001
      vertex  2.450924e+001 -3.067855e+001  1.000000e+001
    endloop
  endfacet
  facet normal -7.518377e-001 -6.593481e-001  0.000000e+000
    outer loop
      vertex  2.450924e+001 -3.067855e+001  1.000000e+001
      vertex  2.488873e+001 -3.111127e+001  1.500000e+001
      vertex  2.450924e+001 -3.067855e+001  1.500000e+001
    endloop
  endfacet
  facet normal -8.314691e-001 -5.555710e-001  -0.000000e+000
    outer loop
      vertex  2.450924e+001 -3.067855e+001  1.000000e+001
      vertex  2.450924e+001 -3.067855e+001  1.500000e+001
      vertex  2.418949e+001 -3.020000e+001  1.000000e+001
    endloop
  endfacet
  facet normal -8.314691e-001 -5.555710e-001  0.000000e+000
    outer loop
      vertex  2.418949e+001 -3.020000e+001  1.000000e+001
      vertex  2.450924e+001 -3.067855e+001  1.500000e+001
      vertex  2.418949e+001 -3.020000e+001  1.500000e+001
    endloop
  endfacet
  facet normal -8.968740e-001 -4.422862e-001  -0.000000e+000
    outer loop
      vertex  2.418949e+001 -3.020000e+001  1.000000e+001
      vertex  2.418949e+001 -3.020000e+001  1.500000e+001
      vertex  2.393493e+001 -2.968381e+001  1.000000e+001
    endloop
  endfacet
  facet normal -8.968740e-001 -4.422862e-001  0.000000e+000
    outer loop
      vertex  2.393493e+001 -2.968381e+001  1.000000e+001
      vertex  2.418949e+001 -3.020000e+001  1.500000e+001
      vertex  2.393493e+001 -2.968381e+001  1.500000e+001
    endloop
  endfacet
  facet normal -9.469294e-001 -3.214415e-001  -0.000000e+000
    outer loop
      vertex  2.393493e+001 -2.968381e+001  1.000000e+001
      vertex  2.393493e+001 -2.968381e+001  1.500000e+001
      vertex  2.374993e+001 -2.913880e+001  1.000000e+001
    endloop
  endfacet
  facet normal -9.469294e-001 -3.214415e-001  0.000000e+000
    outer loop
      vertex  2.374993e+001 -2.913880e+001  1.000000e+001
      vertex  2.393493e+001 -2.968381e+001  1.500000e+001
      vertex  2.374993e+001 -2.913880e+001  1.500000e+001
    endloop
  endfacet
  facet normal -9.807853e-001 -1.950906e-001  -0.000000e+000
    outer loop
      vertex  2.374993e+001 -2.913880e+001  1.000000e+001
      vertex  2.374993e+001 -2.913880e+001  1.500000e+001
      vertex  2.363764e+001 -2.857432e+001  1.000000e+001
    endloop
  endfacet
  facet normal -9.807853e-001 -1.950906e-001  0.000000e+000
    outer loop
      vertex  2.363764e+001 -2.857432e+001  1.000000e+001
      vertex  2.374993e+001 -2.913880e+001  1.500000e+001
      vertex  2.363764e+001 -2.857432e+001  1.500000e+001
    endloop
  endfacet
  facet normal -9.978590e-001 -6.540116e-002  -0.000000e+000
    outer loop
      vertex  2.363764e+001 -2.857432e+001  1.000000e+001
      vertex  2.363764e+001 -2.857432e+001  1.500000e+001
      vertex  2.360000e+001 -2.800000e+001  1.000000e+001
    endloop
  endfacet
  facet normal -9.978590e-001 -6.540116e-002  0.000000e+000
    outer loop
      vertex  2.360000e+001 -2.800000e+001  1.000000e+001
      vertex  2.363764e+001 -2.857432e+001  1.500000e+001
      vertex  2.360000e+001 -2.800000e+001  1.500000e+001
    endloop
  endfacet
  facet normal -9.978590e-001  6.540116e-002  0.000000e+000
    outer loop
      vertex  2.360000e+001 -2.800000e+001  1.000000e+001
      vertex  2.360000e+001 -2.800000e+001  1.500000e+001
      vertex  2.363764e+001 -2.742568e+001  1.000000e+001
    endloop
  endfacet
  facet normal -9.978590e-001  6.540116e-002  0.000000e+000
    outer loop
      vertex  2.363764e+001 -2.742568e+001  1.000000e+001
      vertex  2.360000e+001 -2.800000e+001  1.500000e+001
      vertex  2.363764e+001 -2.742568e+001  1.500000e+001
    endloop
  endfacet
  facet normal -9.807853e-001  1.950906e-001  0.000000e+000
    outer loop
      vertex  2.363764e+001 -2.742568e+001  1.000000e+001
      vertex  2.363764e+001 -2.742568e+001  1.500000e+001
      vertex  2.374993e+001 -2.686120e+001  1.000000e+001
    endloop
  endfacet
  facet normal -9.807853e-001  1.950906e-001  0.000000e+000
    outer loop
      vertex  2.374993e+001 -2.686120e+001  1.000000e+001
      vertex  2.363764e+001 -2.742568e+001  1.500000e+001
      vertex  2.374993e+001 -2.686120e+001  1.500000e+001
    endloop
  endfacet
  facet normal -9.469294e-001  3.214415e-001  0.000000e+000
    outer loop
      vertex  2.374993e+001 -2.686120e+001  1.000000e+001
      vertex  2.374993e+001 -2.686120e+001  1.500000e+001
      vertex  2.393493e+001 -2.631619e+001  1.000000e+001
    endloop
  endfacet
  facet normal -9.469294e-001  3.214415e-001  0.000000e+000
    outer loop
      vertex  2.393493e+001 -2.631619e+001  1.000000e+001
      vertex  2.374993e+001 -2.686120e+001  1.500000e+001
      vertex  2.393493e+001 -2.631619e+001  1.500000e+001
    endloop
  endfacet
  facet normal -8.968740e-001  4.422862e-001  0.000000e+000
    outer loop
      vertex  2.393493e+001 -2.631619e+001  1.000000e+001
      vertex  2.393493e+001 -2.631619e+001  1.500000e+001
      vertex  2.418949e+001 -2.580000e+001  1.000000e+001
    endloop
  endfacet
  facet normal -8.968740e-001  4.422862e-001  0.000000e+000
    outer loop
      vertex  2.418949e+001 -2.580000e+001  1.000000e+001
      vertex  2.393493e+001 -2.631619e+001  1.500000e+001
      vertex  2.418949e+001 -2.580000e+001  1.500000e+001
    endloop
  endfacet
  facet normal -8.314691e-001  5.555710e-001  0.000000e+000
    outer loop
      vertex  2.418949e+001 -2.580000e+001  1.000000e+001
      vertex  2.418949e+001 -2.580000e+001  1.500000e+001
      vertex  2.450924e+001 -2.532145e+001  1.000000e+001
    endloop
  endfacet
  facet normal -8.314691e-001  5.555710e-001  0.000000e+000
    outer loop
      vertex  2.450924e+001 -2.532145e+001  1.000000e+001
      vertex  2.418949e+001 -2.580000e+001  1.500000e+001
      vertex  2.450924e+001 -2.532145e+001  1.500000e+001
    endloop
  endfacet
  facet normal -7.518377e-001  6.593481e-001  0.000000e+000
    outer loop
      vertex  2.450924e+001 -2.532145e+001  1.000000e+001
      vertex  2.450924e+001 -2.532145e+001  1.500000e+001
      vertex  2.488873e+001 -2.488873e+001  1.000000e+001
    endloop
  endfacet
  facet normal -7.518377e-001  6.593481e-001  0.000000e+000
    outer loop
      vertex  2.488873e+001 -2.488873e+001  1.000000e+001
      vertex  2.450924e+001 -2.532145e+001  1.500000e+001
      vertex  2.488873e+001 -2.488873e+001  1.500000e+001
    endloop
  endfacet
  facet normal -6.593481e-001  7.518377e-001  0.000000e+000
    outer loop
      vertex  2.488873e+001 -2.488873e+001  1.000000e+001
      vertex  2.488873e+001 -2.488873e+001  1.500000e+001
      vertex  2.532145e+001 -2.450924e+001  1.000000e+001
    endloop
  endfacet
  facet normal -6.593481e-001  7.518377e-001  0.000000e+000
    outer loop
      vertex  2.532145e+001 -2.450924e+001  1.000000e+001
      vertex  2.488873e+001 -2.488873e+001  1.500000e+001
      vertex  2.532145e+001 -2.450924e+001  1.500000e+001
    endloop
  endfacet
  facet normal -5.555710e-001  8.314691e-001  0.000000e+000
    outer loop
      vertex  2.532145e+001 -2.450924e+001  1.000000e+001
      vertex  2.532145e+001 -2.450924e+001  1.500000e+001
      vertex  2.580000e+001 -2.418949e+001  1.000000e+001
    endloop
  endfacet
  facet normal -5.555710e-001  8.314691e-001  0.000000e+000
    outer loop
      vertex  2.580000e+001 -2.418949e+001  1.000000e+001
      vertex  2.532145e+001 -2.450924e+001  1.500000e+001
      vertex  2.580000e+001 -2.418949e+001  1.500000e+001
    endloop
  endfacet
  facet normal -4.422862e-001  8.968740e-001  0.000000e+000
    outer loop
      vertex  2.580000e+001 -2.418949e+001  1.000000e+001
      vertex  2.580000e+001 -2.418949e+001  1.500000e+001
      vertex  2.631619e+001 -2.393493e+001  1.000000e+001
    endloop
  endfacet
  facet normal -4.422862e-001  8.968740e-001  0.000000e+000
    outer loop
      vertex  2.631619e+001 -2.393493e+001  1.000000e+001
      vertex  2.580000e+001 -2.418949e+001  1.500000e+001
      vertex  2.631619e+001 -2.393493e+001  1.500000e+001
    endloop
  endfacet
  facet normal -3.214415e-001  9.469294e-001  0.000000e+000
    outer loop
      vertex  2.631619e+001 -2.393493e+001  1.000000e+001
      vertex  2.631619e+001 -2.393493e+001  1.500000e+001
      vertex  2.686120e+001 -2.374993e+001  1.000000e+001
    endloop
  endfacet
  facet normal -3.214415e-001  9.469294e-001  0.000000e+000
    outer loop
      vertex  2.686120e+001 -2.374993e+001  1.000000e+001
      vertex  2.631619e+001 -2.393493e+001  1.500000e+001
      vertex  2.686120e+001 -2.374993e+001  1.500000e+001
    endloop
  endfacet
  facet normal -1.950906e-001  9.807853e-001  0.000000e+000
    outer loop
      vertex  2.686120e+001 -2.374993e+001  1.000000e+001
      vertex  2.686120e+001 -2.374993e+001  1.500000e+001
      vertex  2.742568e+001 -2.363764e+001  1.000000e+001
    endloop
  endfacet
  facet normal -1.950906e-001  9.807853e-001  0.000000e+000
    outer loop
      vertex  2.742568e+001 -2.363764e+001  1.000000e+001
      vertex  2.686120e+001 -2.374993e+001  1.500000e+001
      vertex  2.742568e+001 -2.363764e+001  1.500000e+001
    endloop
  endfacet
  facet normal -6.540116e-002  9.978590e-001  0.000000e+000
    outer loop
      vertex  2.742568e+001 -2.363764e+001  1.000000e+001
      vertex  2.742568e+001 -2.363764e+001  1.500000e+001
      vertex  2.800000e+001 -2.360000e+001  1.000000e+001
    endloop
  endfacet
  facet normal -6.540116e-002  9.978590e-001  0.000000e+000
    outer loop
      vertex  2.800000e+001 -2.360000e+001  1.000000e+001
      vertex  2.742568e+001 -2.363764e+001  1.500000e+001
      vertex  2.800000e+001 -2.360000e+001  1.500000e+001
    endloop
  endfacet
  facet normal -6.540138e-002 -9.978591e-001  -0.000000e+000
    outer loop
      vertex -4.200000e+001 -2.440000e+001  1.000000e+001
      vertex -4.200000e+001 -2.440000e+001  1.500000e+001
      vertex -4.257431e+001 -2.436236e+001  1.000000e+001
    endloop
  endfacet
  facet normal -6.540138e-002 -9.978591e-001  0.000000e+000
    outer loop
      vertex -4.257431e+001 -2.436236e+001  1.000000e+001
      vertex -4.200000e+001 -2.440000e+001  1.500000e+001
      vertex -4.257431e+001 -2.436236e+001  1.500000e+001
    endloop
  endfacet
  facet normal -1.950893e-001 -9.807855e-001  -0.000000e+000
    outer loop
      vertex -4.257431e+001 -2.436236e+001  1.000000e+001
      vertex -4.257431e+001 -2.436236e+001  1.500000e+001
      vertex -4.313881e+001 -2.425007e+001  1.000000e+001
    endloop
  endfacet
  facet normal -1.950893e-001 -9.807855e-001  0.000000e+000
    outer loop
      vertex -4.313881e+001 -2.425007e+001  1.000000e+001
      vertex -4.257431e+001 -2.436236e+001  1.500000e+001
      vertex -4.313881e+001 -2.425007e+001  1.500000e+001
    endloop
  endfacet
  facet normal -3.214425e-001 -9.469291e-001  -0.000000e+000
    outer loop
      vertex -4.313881e+001 -2.425007e+001  1.000000e+001
      vertex -4.313881e+001 -2.425007e+001  1.500000e+001
      vertex -4.368381e+001 -2.406507e+001  1.000000e+001
    endloop
  endfacet
  facet normal -3.214425e-001 -9.469291e-001  0.000000e+000
    outer loop
      vertex -4.368381e+001 -2.406507e+001  1.000000e+001
      vertex -4.313881e+001 -2.425007e+001  1.500000e+001
      vertex -4.368381e+001 -2.406507e+001  1.500000e+001
    endloop
  endfacet
  facet normal -4.422862e-001 -8.968740e-001  -0.000000e+000
    outer loop
      vertex -4.368381e+001 -2.406507e+001  1.000000e+001
      vertex -4.368381e+001 -2.406507e+001  1.500000e+001
      vertex -4.420000e+001 -2.381051e+001  1.000000e+001
    endloop
  endfacet
  facet normal -4.422862e-001 -8.968740e-001  0.000000e+000
    outer loop
      vertex -4.420000e+001 -2.381051e+001  1.000000e+001
      vertex -4.368381e+001 -2.406507e+001  1.500000e+001
      vertex -4.420000e+001 -2.381051e+001  1.500000e+001
    endloop
  endfacet
  facet normal -5.555710e-001 -8.314691e-001  -0.000000e+000
    outer loop
      vertex -4.420000e+001 -2.381051e+001  1.000000e+001
      vertex -4.420000e+001 -2.381051e+001  1.500000e+001
      vertex -4.467855e+001 -2.349076e+001  1.000000e+001
    endloop
  endfacet
  facet normal -5.555710e-001 -8.314691e-001  0.000000e+000
    outer loop
      vertex -4.467855e+001 -2.349076e+001  1.000000e+001
      vertex -4.420000e+001 -2.381051e+001  1.500000e+001
      vertex -4.467855e+001 -2.349076e+001  1.500000e+001
    endloop
  endfacet
  facet normal -6.593465e-001 -7.518392e-001  -0.000000e+000
    outer loop
      vertex -4.467855e+001 -2.349076e+001  1.000000e+001
      vertex -4.467855e+001 -2.349076e+001  1.500000e+001
      vertex -4.511127e+001 -2.311127e+001  1.000000e+001
    endloop
  endfacet
  facet normal -6.593465e-001 -7.518392e-001  0.000000e+000
    outer loop
      vertex -4.511127e+001 -2.311127e+001  1.000000e+001
      vertex -4.467855e+001 -2.349076e+001  1.500000e+001
      vertex -4.511127e+001 -2.311127e+001  1.500000e+001
    endloop
  endfacet
  facet normal -7.518410e-001 -6.593443e-001  -0.000000e+000
    outer loop
      vertex -4.511127e+001 -2.311127e+001  1.000000e+001
      vertex -4.511127e+001 -2.311127e+001  1.500000e+001
      vertex -4.549075e+001 -2.267855e+001  1.000000e+001
    endloop
  endfacet
  facet normal -7.518410e-001 -6.593443e-001  0.000000e+000
    outer loop
      vertex -4.549075e+001 -2.267855e+001  1.000000e+001
      vertex -4.511127e+001 -2.311127e+001  1.500000e+001
      vertex -4.549075e+001 -2.267855e+001  1.500000e+001
    endloop
  endfacet
  facet normal -8.314676e-001 -5.555733e-001  -0.000000e+000
    outer loop
      vertex -4.549075e+001 -2.267855e+001  1.000000e+001
      vertex -4.549075e+001 -2.267855e+001  1.500000e+001
      vertex -4.581051e+001 -2.220000e+001  1.000000e+001
    endloop
  endfacet
  facet normal -8.314676e-001 -5.555733e-001  0.000000e+000
    outer loop
      vertex -4.581051e+001 -2.220000e+001  1.000000e+001
      vertex -4.549075e+001 -2.267855e+001  1.500000e+001
      vertex -4.581051e+001 -2.220000e+001  1.500000e+001
    endloop
  endfacet
  facet normal -8.968726e-001 -4.422889e-001  -0.000000e+000
    outer loop
      vertex -4.581051e+001 -2.220000e+001  1.000000e+001
      vertex -4.581051e+001 -2.220000e+001  1.500000e+001
      vertex -4.606507e+001 -2.168381e+001  1.000000e+001
    endloop
  endfacet
  facet normal -8.968726e-001 -4.422889e-001  0.000000e+000
    outer loop
      vertex -4.606507e+001 -2.168381e+001  1.000000e+001
      vertex -4.581051e+001 -2.220000e+001  1.500000e+001
      vertex -4.606507e+001 -2.168381e+001  1.500000e+001
    endloop
  endfacet
  facet normal -9.469314e-001 -3.214355e-001  -0.000000e+000
    outer loop
      vertex -4.606507e+001 -2.168381e+001  1.000000e+001
      vertex -4.606507e+001 -2.168381e+001  1.500000e+001
      vertex -4.625007e+001 -2.113880e+001  1.000000e+001
    endloop
  endfacet
  facet normal -9.469314e-001 -3.214355e-001  0.000000e+000
    outer loop
      vertex -4.625007e+001 -2.113880e+001  1.000000e+001
      vertex -4.606507e+001 -2.168381e+001  1.500000e+001
      vertex -4.625007e+001 -2.113880e+001  1.500000e+001
    endloop
  endfacet
  facet normal -9.807846e-001 -1.950938e-001  -0.000000e+000
    outer loop
      vertex -4.625007e+001 -2.113880e+001  1.000000e+001
      vertex -4.625007e+001 -2.113880e+001  1.500000e+001
      vertex -4.636236e+001 -2.057432e+001  1.000000e+001
    endloop
  endfacet
  facet normal -9.807846e-001 -1.950938e-001  0.000000e+000
    outer loop
      vertex -4.636236e+001 -2.057432e+001  1.000000e+001
      vertex -4.625007e+001 -2.113880e+001  1.500000e+001
      vertex -4.636236e+001 -2.057432e+001  1.500000e+001
    endloop
  endfacet
  facet normal -9.978588e-001 -6.540446e-002  -0.000000e+000
    outer loop
      vertex -4.636236e+001 -2.057432e+001  1.000000e+001
      vertex -4.636236e+001 -2.057432e+001  1.500000e+001
      vertex -4.640000e+001 -2.000000e+001  1.000000e+001
    endloop
  endfacet
  facet normal -9.978588e-001 -6.540446e-002  0.000000e+000
    outer loop
      vertex -4.640000e+001 -2.000000e+001  1.000000e+001
      vertex -4.636236e+001 -2.057432e+001  1.500000e+001
      vertex -4.640000e+001 -2.000000e+001  1.500000e+001
    endloop
  endfacet
  facet normal -9.978588e-001  6.540446e-002  0.000000e+000
    outer loop
      vertex -4.640000e+001 -2.000000e+001  1.000000e+001
      vertex -4.640000e+001 -2.000000e+001  1.500000e+001
      vertex -4.636236e+001 -1.942568e+001  1.000000e+001
    endloop
  endfacet
  facet normal -9.978588e-001  6.540446e-002  0.000000e+000
    outer loop
      vertex -4.636236e+001 -1.942568e+001  1.000000e+001
      vertex -4.640000e+001 -2.000000e+001  1.500000e+001
      vertex -4.636236e+001 -1.942568e+001  1.500000e+001
    endloop
  endfacet
  facet normal -9.807846e-001  1.950938e-001  0.000000e+000
    outer loop
      vertex -4.636236e+001 -1.942568e+001  1.000000e+001
      vertex -4.636236e+001 -1.942568e+001  1.500000e+001
      vertex -4.625007e+001 -1.886120e+001  1.000000e+001
    endloop
  endfacet
  facet normal -9.807846e-001  1.950938e-001  0.000000e+000
    outer loop
      vertex -4.625007e+001 -1.886120e+001  1.000000e+001
      vertex -4.636236e+001 -1.942568e+001  1.500000e+001
      vertex -4.625007e+001 -1.886120e+001  1.500000e+001
    endloop
  endfacet
  facet normal -9.469314e-001  3.214355e-001  0.000000e+000
    outer loop
      vertex -4.625007e+001 -1.886120e+001  1.000000e+001
      vertex -4.625007e+001 -1.886120e+001  1.500000e+001
      vertex -4.606507e+001 -1.831619e+001  1.000000e+001
    endloop
  endfacet
  facet normal -9.469314e-001  3.214355e-001  0.000000e+000
    outer loop
      vertex -4.606507e+001 -1.831619e+001  1.000000e+001
      vertex -4.625007e+001 -1.886120e+001  1.500000e+001
      vertex -4.606507e+001 -1.831619e+001  1.500000e+001
    endloop
  endfacet
  facet normal -8.968726e-001  4.422889e-001  0.000000e+000
    outer loop
      vertex -4.606507e+001 -1.831619e+001  1.000000e+001
      vertex -4.606507e+001 -1.831619e+001  1.500000e+001
      vertex -4.581051e+001 -1.780000e+001  1.000000e+001
    endloop
  endfacet
  facet normal -8.968726e-001  4.422889e-001  0.000000e+000
    outer loop
      vertex -4.581051e+001 -1.780000e+001  1.000000e+001
      vertex -4.606507e+001 -1.831619e+001  1.500000e+001
      vertex -4.581051e+001 -1.780000e+001  1.500000e+001
    endloop
  endfacet
  facet normal -8.314676e-001  5.555733e-001  0.000000e+000
    outer loop
      vertex -4.581051e+001 -1.780000e+001  1.000000e+001
      vertex -4.581051e+001 -1.780000e+001  1.500000e+001
      vertex -4.549075e+001 -1.732145e+001  1.000000e+001
    endloop
  endfacet
  facet normal -8.314676e-001  5.555733e-001  0.000000e+000
    outer loop
      vertex -4.549075e+001 -1.732145e+001  1.000000e+001
      vertex -4.581051e+001 -1.780000e+001  1.500000e+001
      vertex -4.549075e+001 -1.732145e+001  1.500000e+001
    endloop
  endfacet
  facet normal -7.518410e-001  6.593443e-001  0.000000e+000
    outer loop
      vertex -4.549075e+001 -1.732145e+001  1.000000e+001
      vertex -4.549075e+001 -1.732145e+001  1.500000e+001
      vertex -4.511127e+001 -1.688873e+001  1.000000e+001
    endloop
  endfacet
  facet normal -7.518410e-001  6.593443e-001  0.000000e+000
    outer loop
      vertex -4.511127e+001 -1.688873e+001  1.000000e+001
      vertex -4.549075e+001 -1.732145e+001  1.500000e+001
      vertex -4.511127e+001 -1.688873e+001  1.500000e+001
    endloop
  endfacet
  facet normal -6.593465e-001  7.518392e-001  0.000000e+000
    outer loop
      vertex -4.511127e+001 -1.688873e+001  1.000000e+001
      vertex -4.511127e+001 -1.688873e+001  1.500000e+001
      vertex -4.467855e+001 -1.650924e+001  1.000000e+001
    endloop
  endfacet
  facet normal -6.593465e-001  7.518392e-001  0.000000e+000
    outer loop
      vertex -4.467855e+001 -1.650924e+001  1.000000e+001
      vertex -4.511127e+001 -1.688873e+001  1.500000e+001
      vertex -4.467855e+001 -1.650924e+001  1.500000e+001
    endloop
  endfacet
  facet normal -5.555710e-001  8.314691e-001  0.000000e+000
    outer loop
      vertex -4.467855e+001 -1.650924e+001  1.000000e+001
      vertex -4.467855e+001 -1.650924e+001  1.500000e+001
      vertex -4.420000e+001 -1.618949e+001  1.000000e+001
    endloop
  endfacet
  facet normal -5.555710e-001  8.314691e-001  0.000000e+000
    outer loop
      vertex -4.420000e+001 -1.618949e+001  1.000000e+001
      vertex -4.467855e+001 -1.650924e+001  1.500000e+001
      vertex -4.420000e+001 -1.618949e+001  1.500000e+001
    endloop
  endfacet
  facet normal -4.422876e-001  8.968733e-001  0.000000e+000
    outer loop
      vertex -4.420000e+001 -1.618949e+001  1.000000e+001
      vertex -4.420000e+001 -1.618949e+001  1.500000e+001
      vertex -4.368381e+001 -1.593493e+001  1.000000e+001
    endloop
  endfacet
  facet normal -4.422876e-001  8.968733e-001  0.000000e+000
    outer loop
      vertex -4.368381e+001 -1.593493e+001  1.000000e+001
      vertex -4.420000e+001 -1.618949e+001  1.500000e+001
      vertex -4.368381e+001 -1.593493e+001  1.500000e+001
    endloop
  endfacet
  facet normal -3.214395e-001  9.469301e-001  0.000000e+000
    outer loop
      vertex -4.368381e+001 -1.593493e+001  1.000000e+001
      vertex -4.368381e+001 -1.593493e+001  1.500000e+001
      vertex -4.313881e+001 -1.574993e+001  1.000000e+001
    endloop
  endfacet
  facet normal -3.214395e-001  9.469301e-001  0.000000e+000
    outer loop
      vertex -4.313881e+001 -1.574993e+001  1.000000e+001
      vertex -4.368381e+001 -1.593493e+001  1.500000e+001
      vertex -4.313881e+001 -1.574993e+001  1.500000e+001
    endloop
  endfacet
  facet normal -1.950893e-001  9.807855e-001  0.000000e+000
    outer loop
      vertex -4.313881e+001 -1.574993e+001  1.000000e+001
      vertex -4.313881e+001 -1.574993e+001  1.500000e+001
      vertex -4.257431e+001 -1.563764e+001  1.000000e+001
    endloop
  endfacet
  facet normal -1.950893e-001  9.807855e-001  0.000000e+000
    outer loop
      vertex -4.257431e+001 -1.563764e+001  1.000000e+001
      vertex -4.313881e+001 -1.574993e+001  1.500000e+001
      vertex -4.257431e+001 -1.563764e+001  1.500000e+001
    endloop
  endfacet
  facet normal -6.540303e-002  9.978589e-001  0.000000e+000
    outer loop
      vertex -4.257431e+001 -1.563764e+001  1.000000e+001
      vertex -4.257431e+001 -1.563764e+001  1.500000e+001
      vertex -4.200000e+001 -1.560000e+001  1.000000e+001
    endloop
  endfacet
  facet normal -6.540303e-002  9.978589e-001  0.000000e+000
    outer loop
      vertex -4.200000e+001 -1.560000e+001  1.000000e+001
      vertex -4.257431e+001 -1.563764e+001  1.500000e+001
      vertex -4.200000e+001 -1.560000e+001  1.500000e+001
    endloop
  endfacet
  facet normal  6.540303e-002  9.978589e-001  0.000000e+000
    outer loop
      vertex -4.200000e+001 -1.560000e+001  1.000000e+001
      vertex -4.200000e+001 -1.560000e+001  1.500000e+001
      vertex -4.142569e+001 -1.563764e+001  1.000000e+001
    endloop
  endfacet
  facet normal  6.540303e-002  9.978589e-001  -0.000000e+000
    outer loop
      vertex -4.142569e+001 -1.563764e+001  1.000000e+001
      vertex -4.200000e+001 -1.560000e+001  1.500000e+001
      vertex -4.142569e+001 -1.563764e+001  1.500000e+001
    endloop
  endfacet
  facet normal  1.950893e-001  9.807855e-001  0.000000e+000
    outer loop
      vertex -4.142569e+001 -1.563764e+001  1.000000e+001
      vertex -4.142569e+001 -1.563764e+001  1.500000e+001
      vertex -4.086119e+001 -1.574993e+001  1.000000e+001
    endloop
  endfacet
  facet normal  1.950893e-001  9.807855e-001  -0.000000e+000
    outer loop
      vertex -4.086119e+001 -1.574993e+001  1.000000e+001
      vertex -4.142569e+001 -1.563764e+001  1.500000e+001
      vertex -4.086119e+001 -1.574993e+001  1.500000e+001
    endloop
  endfacet
  facet normal  3.214395e-001  9.469301e-001  0.000000e+000
    outer loop
      vertex -4.086119e+001 -1.574993e+001  1.000000e+001
      vertex -4.086119e+001 -1.574993e+001  1.500000e+001
      vertex -4.031619e+001 -1.593493e+001  1.000000e+001
    endloop
  endfacet
  facet normal  3.214395e-001  9.469301e-001  -0.000000e+000
    outer loop
      vertex -4.031619e+001 -1.593493e+001  1.000000e+001
      vertex -4.086119e+001 -1.574993e+001  1.500000e+001
      vertex -4.031619e+001 -1.593493e+001  1.500000e+001
    endloop
  endfacet
  facet normal  4.422876e-001  8.968733e-001  0.000000e+000
    outer loop
      vertex -4.031619e+001 -1.593493e+001  1.000000e+001
      vertex -4.031619e+001 -1.593493e+001  1.500000e+001
      vertex -3.980000e+001 -1.618949e+001  1.000000e+001
    endloop
  endfacet
  facet normal  4.422876e-001  8.968733e-001  -0.000000e+000
    outer loop
      vertex -3.980000e+001 -1.618949e+001  1.000000e+001
      vertex -4.031619e+001 -1.593493e+001  1.500000e+001
      vertex -3.980000e+001 -1.618949e+001  1.500000e+001
    endloop
  endfacet
  facet normal  5.555710e-001  8.314691e-001  0.000000e+000
    outer loop
      vertex -3.980000e+001 -1.618949e+001  1.000000e+001
      vertex -3.980000e+001 -1.618949e+001  1.500000e+001
      vertex -3.932145e+001 -1.650924e+001  1.000000e+001
    endloop
  endfacet
  facet normal  5.555710e-001  8.314691e-001  -0.000000e+000
    outer loop
      vertex -3.932145e+001 -1.650924e+001  1.000000e+001
      vertex -3.980000e+001 -1.618949e+001  1.500000e+001
      vertex -3.932145e+001 -1.650924e+001  1.500000e+001
    endloop
  endfacet
  facet normal  6.593465e-001  7.518392e-001  0.000000e+000
    outer loop
      vertex -3.932145e+001 -1.650924e+001  1.000000e+001
      vertex -3.932145e+001 -1.650924e+001  1.500000e+001
      vertex -3.888873e+001 -1.688873e+001  1.000000e+001
    endloop
  endfacet
  facet normal  6.593465e-001  7.518392e-001  -0.000000e+000
    outer loop
      vertex -3.888873e+001 -1.688873e+001  1.000000e+001
      vertex -3.932145e+001 -1.650924e+001  1.500000e+001
      vertex -3.888873e+001 -1.688873e+001  1.500000e+001
    endloop
  endfacet
  facet normal  7.518410e-001  6.593443e-001  0.000000e+000
    outer loop
      vertex -3.888873e+001 -1.688873e+001  1.000000e+001
      vertex -3.888873e+001 -1.688873e+001  1.500000e+001
      vertex -3.850925e+001 -1.732145e+001  1.000000e+001
    endloop
  endfacet
  facet normal  7.518410e-001  6.593443e-001  -0.000000e+000
    outer loop
      vertex -3.850925e+001 -1.732145e+001  1.000000e+001
      vertex -3.888873e+001 -1.688873e+001  1.500000e+001
      vertex -3.850925e+001 -1.732145e+001  1.500000e+001
    endloop
  endfacet
  facet normal  8.314676e-001  5.555733e-001  0.000000e+000
    outer loop
      vertex -3.850925e+001 -1.732145e+001  1.000000e+001
      vertex -3.850925e+001 -1.732145e+001  1.500000e+001
      vertex -3.818949e+001 -1.780000e+001  1.000000e+001
    endloop
  endfacet
  facet normal  8.314676e-001  5.555733e-001  -0.000000e+000
    outer loop
      vertex -3.818949e+001 -1.780000e+001  1.000000e+001
      vertex -3.850925e+001 -1.732145e+001  1.500000e+001
      vertex -3.818949e+001 -1.780000e+001  1.500000e+001
    endloop
  endfacet
  facet normal  8.968726e-001  4.422889e-001  0.000000e+000
    outer loop
      vertex -3.818949e+001 -1.780000e+001  1.000000e+001
      vertex -3.818949e+001 -1.780000e+001  1.500000e+001
      vertex -3.793493e+001 -1.831619e+001  1.000000e+001
    endloop
  endfacet
  facet normal  8.968726e-001  4.422889e-001  -0.000000e+000
    outer loop
      vertex -3.793493e+001 -1.831619e+001  1.000000e+001
      vertex -3.818949e+001 -1.780000e+001  1.500000e+001
      vertex -3.793493e+001 -1.831619e+001  1.500000e+001
    endloop
  endfacet
  facet normal  9.469314e-001  3.214355e-001  0.000000e+000
    outer loop
      vertex -3.793493e+001 -1.831619e+001  1.000000e+001
      vertex -3.793493e+001 -1.831619e+001  1.500000e+001
      vertex -3.774993e+001 -1.886120e+001  1.000000e+001
    endloop
  endfacet
  facet normal  9.469314e-001  3.214355e-001  -0.000000e+000
    outer loop
      vertex -3.774993e+001 -1.886120e+001  1.000000e+001
      vertex -3.793493e+001 -1.831619e+001  1.500000e+001
      vertex -3.774993e+001 -1.886120e+001  1.500000e+001
    endloop
  endfacet
  facet normal  9.807846e-001  1.950938e-001  0.000000e+000
    outer loop
      vertex -3.774993e+001 -1.886120e+001  1.000000e+001
      vertex -3.774993e+001 -1.886120e+001  1.500000e+001
      vertex -3.763764e+001 -1.942568e+001  1.000000e+001
    endloop
  endfacet
  facet normal  9.807846e-001  1.950938e-001  -0.000000e+000
    outer loop
      vertex -3.763764e+001 -1.942568e+001  1.000000e+001
      vertex -3.774993e+001 -1.886120e+001  1.500000e+001
      vertex -3.763764e+001 -1.942568e+001  1.500000e+001
    endloop
  endfacet
  facet normal  9.978588e-001  6.540446e-002  0.000000e+000
    outer loop
      vertex -3.763764e+001 -1.942568e+001  1.000000e+001
      vertex -3.763764e+001 -1.942568e+001  1.500000e+001
      vertex -3.760000e+001 -2.000000e+001  1.000000e+001
    endloop
  endfacet
  facet normal  9.978588e-001  6.540446e-002  -0.000000e+000
    outer loop
      vertex -3.760000e+001 -2.000000e+001  1.000000e+001
      vertex -3.763764e+001 -1.942568e+001  1.500000e+001
      vertex -3.760000e+001 -2.000000e+001  1.500000e+001
    endloop
  endfacet
  facet normal  9.978588e-001 -6.540446e-002  0.000000e+000
    outer loop
      vertex -3.760000e+001 -2.000000e+001  1.000000e+001
      vertex -3.760000e+001 -2.000000e+001  1.500000e+001
      vertex -3.763764e+001 -2.057432e+001  1.000000e+001
    endloop
  endfacet
  facet normal  9.978588e-001 -6.540446e-002  0.000000e+000
    outer loop
      vertex -3.763764e+001 -2.057432e+001  1.000000e+001
      vertex -3.760000e+001 -2.000000e+001  1.500000e+001
      vertex -3.763764e+001 -2.057432e+001  1.500000e+001
    endloop
  endfacet
  facet normal  9.807846e-001 -1.950938e-001  0.000000e+000
    outer loop
      vertex -3.763764e+001 -2.057432e+001  1.000000e+001
      vertex -3.763764e+001 -2.057432e+001  1.500000e+001
      vertex -3.774993e+001 -2.113880e+001  1.000000e+001
    endloop
  endfacet
  facet normal  9.807846e-001 -1.950938e-001  0.000000e+000
    outer loop
      vertex -3.774993e+001 -2.113880e+001  1.000000e+001
      vertex -3.763764e+001 -2.057432e+001  1.500000e+001
      vertex -3.774993e+001 -2.113880e+001  1.500000e+001
    endloop
  endfacet
  facet normal  9.469314e-001 -3.214355e-001  0.000000e+000
    outer loop
      vertex -3.774993e+001 -2.113880e+001  1.000000e+001
      vertex -3.774993e+001 -2.113880e+001  1.500000e+001
      vertex -3.793493e+001 -2.168381e+001  1.000000e+001
    endloop
  endfacet
  facet normal  9.469314e-001 -3.214355e-001  0.000000e+000
    outer loop
      vertex -3.793493e+001 -2.168381e+001  1.000000e+001
      vertex -3.774993e+001 -2.113880e+001  1.500000e+001
      vertex -3.793493e+001 -2.168381e+001  1.500000e+001
    endloop
  endfacet
  facet normal  8.968726e-001 -4.422889e-001  0.000000e+000
    outer loop
      vertex -3.793493e+001 -2.168381e+001  1.000000e+001
      vertex -3.793493e+001 -2.168381e+001  1.500000e+001
      vertex -3.818949e+001 -2.220000e+001  1.000000e+001
    endloop
  endfacet
  facet normal  8.968726e-001 -4.422889e-001  0.000000e+000
    outer loop
      vertex -3.818949e+001 -2.220000e+001  1.000000e+001
      vertex -3.793493e+001 -2.168381e+001  1.500000e+001
      vertex -3.818949e+001 -2.220000e+001  1.500000e+001
    endloop
  endfacet
  facet normal  8.314676e-001 -5.555733e-001  0.000000e+000
    outer loop
      vertex -3.818949e+001 -2.220000e+001  1.000000e+001
      vertex -3.818949e+001 -2.220000e+001  1.500000e+001
      vertex -3.850925e+001 -2.267855e+001  1.000000e+001
    endloop
  endfacet
  facet normal  8.314676e-001 -5.555733e-001  0.000000e+000
    outer loop
      vertex -3.850925e+001 -2.267855e+001  1.000000e+001
      vertex -3.818949e+001 -2.220000e+001  1.500000e+001
      vertex -3.850925e+001 -2.267855e+001  1.500000e+001
    endloop
  endfacet
  facet normal  7.518410e-001 -6.593443e-001  0.000000e+000
    outer loop
      vertex -3.850925e+001 -2.267855e+001  1.000000e+001
      vertex -3.850925e+001 -2.267855e+001  1.500000e+001
      vertex -3.888873e+001 -2.311127e+001  1.000000e+001
    endloop
  endfacet
  facet normal  7.518410e-001 -6.593443e-001  0.000000e+000
    outer loop
      vertex -3.888873e+001 -2.311127e+001  1.000000e+001
      vertex -3.850925e+001 -2.267855e+001  1.500000e+001
      vertex -3.888873e+001 -2.311127e+001  1.500000e+001
    endloop
  endfacet
  facet normal  6.593465e-001 -7.518392e-001  0.000000e+000
    outer loop
      vertex -3.888873e+001 -2.311127e+001  1.000000e+001
      vertex -3.888873e+001 -2.311127e+001  1.500000e+001
      vertex -3.932145e+001 -2.349076e+001  1.000000e+001
    endloop
  endfacet
  facet normal  6.593465e-001 -7.518392e-001  0.000000e+000
    outer loop
      vertex -3.932145e+001 -2.349076e+001  1.000000e+001
      vertex -3.888873e+001 -2.311127e+001  1.500000e+001
      vertex -3.932145e+001 -2.349076e+001  1.500000e+001
    endloop
  endfacet
  facet normal  5.555710e-001 -8.314691e-001  0.000000e+000
    outer loop
      vertex -3.932145e+001 -2.349076e+001  1.000000e+001
      vertex -3.932145e+001 -2.349076e+001  1.500000e+001
      vertex -3.980000e+001 -2.381051e+001  1.000000e+001
    endloop
  endfacet
  facet normal  5.555710e-001 -8.314691e-001  0.000000e+000
    outer loop
      vertex -3.980000e+001 -2.381051e+001  1.000000e+001
      vertex -3.932145e+001 -2.349076e+001  1.500000e+001
      vertex -3.980000e+001 -2.381051e+001  1.500000e+001
    endloop
  endfacet
  facet normal  4.422862e-001 -8.968740e-001  0.000000e+000
    outer loop
      vertex -3.980000e+001 -2.381051e+001  1.000000e+001
      vertex -3.980000e+001 -2.381051e+001  1.500000e+001
      vertex -4.031619e+001 -2.406507e+001  1.000000e+001
    endloop
  endfacet
  facet normal  4.422862e-001 -8.968740e-001  0.000000e+000
    outer loop
      vertex -4.031619e+001 -2.406507e+001  1.000000e+001
      vertex -3.980000e+001 -2.381051e+001  1.500000e+001
      vertex -4.031619e+001 -2.406507e+001  1.500000e+001
    endloop
  endfacet
  facet normal  3.214425e-001 -9.469291e-001  0.000000e+000
    outer loop
      vertex -4.031619e+001 -2.406507e+001  1.000000e+001
      vertex -4.031619e+001 -2.406507e+001  1.500000e+001
      vertex -4.086119e+001 -2.425007e+001  1.000000e+001
    endloop
  endfacet
  facet normal  3.214425e-001 -9.469291e-001  0.000000e+000
    outer loop
      vertex -4.086119e+001 -2.425007e+001  1.000000e+001
      vertex -4.031619e+001 -2.406507e+001  1.500000e+001
      vertex -4.086119e+001 -2.425007e+001  1.500000e+001
    endloop
  endfacet
  facet normal  1.950893e-001 -9.807855e-001  0.000000e+000
    outer loop
      vertex -4.086119e+001 -2.425007e+001  1.000000e+001
      vertex -4.086119e+001 -2.425007e+001  1.500000e+001
      vertex -4.142569e+001 -2.436236e+001  1.000000e+001
    endloop
  endfacet
  facet normal  1.950893e-001 -9.807855e-001  0.000000e+000
    outer loop
      vertex -4.142569e+001 -2.436236e+001  1.000000e+001
      vertex -4.086119e+001 -2.425007e+001  1.500000e+001
      vertex -4.142569e+001 -2.436236e+001  1.500000e+001
    endloop
  endfacet
  facet normal  6.540138e-002 -9.978591e-001  0.000000e+000
    outer loop
      vertex -4.142569e+001 -2.436236e+001  1.000000e+001
      vertex -4.142569e+001 -2.436236e+001  1.500000e+001
      vertex -4.200000e+001 -2.440000e+001  1.000000e+001
    endloop
  endfacet
  facet normal  6.540138e-002 -9.978591e-001  0.000000e+000
    outer loop
      vertex -4.200000e+001 -2.440000e+001  1.000000e+001
      vertex -4.142569e+001 -2.436236e+001  1.500000e+001
      vertex -4.200000e+001 -2.440000e+001  1.500000e+001
    endloop
  endfacet
  facet normal -9.863612e-001 -1.645953e-001  -0.000000e+000
    outer loop
      vertex -3.910991e+001 -1.976052e+001  1.000000e+001
      vertex -3.918874e+001 -1.928809e+001  1.500000e+001
      vertex -3.918874e+001 -1.928809e+001  1.000000e+001
    endloop
  endfacet
  facet normal -9.458175e-001 -3.246985e-001  0.000000e+000
    outer loop
      vertex -3.918874e+001 -1.928809e+001  1.000000e+001
      vertex -3.918874e+001 -1.928809e+001  1.500000e+001
      vertex -3.934426e+001 -1.883508e+001  1.500000e+001
    endloop
  endfacet
  facet normal -9.458175e-001 -3.246985e-001  -0.000000e+000
    outer loop
      vertex -3.918874e+001 -1.928809e+001  1.000000e+001
      vertex -3.934426e+001 -1.883508e+001  1.500000e+001
      vertex -3.934426e+001 -1.883508e+001  1.000000e+001
    endloop
  endfacet
  facet normal -8.794745e-001 -4.759461e-001  0.000000e+000
    outer loop
      vertex -3.934426e+001 -1.883508e+001  1.000000e+001
      vertex -3.934426e+001 -1.883508e+001  1.500000e+001
      vertex -3.957222e+001 -1.841385e+001  1.500000e+001
    endloop
  endfacet
  facet normal -8.794745e-001 -4.759461e-001  -0.000000e+000
    outer loop
      vertex -3.934426e+001 -1.883508e+001  1.000000e+001
      vertex -3.957222e+001 -1.841385e+001  1.500000e+001
      vertex -3.957222e+001 -1.841385e+001  1.000000e+001
    endloop
  endfacet
  facet normal -7.891391e-001 -6.142147e-001  0.000000e+000
    outer loop
      vertex -3.957222e+001 -1.841385e+001  1.000000e+001
      vertex -3.957222e+001 -1.841385e+001  1.500000e+001
      vertex -3.986640e+001 -1.803588e+001  1.500000e+001
    endloop
  endfacet
  facet normal -7.891391e-001 -6.142147e-001  -0.000000e+000
    outer loop
      vertex -3.957222e+001 -1.841385e+001  1.000000e+001
      vertex -3.986640e+001 -1.803588e+001  1.500000e+001
      vertex -3.986640e+001 -1.803588e+001  1.000000e+001
    endloop
  endfacet
  facet normal -6.772808e-001 -7.357246e-001  0.000000e+000
    outer loop
      vertex -3.986640e+001 -1.803588e+001  1.000000e+001
      vertex -3.986640e+001 -1.803588e+001  1.500000e+001
      vertex -4.021878e+001 -1.771149e+001  1.500000e+001
    endloop
  endfacet
  facet normal -6.772808e-001 -7.357246e-001  -0.000000e+000
    outer loop
      vertex -3.986640e+001 -1.803588e+001  1.000000e+001
      vertex -4.021878e+001 -1.771149e+001  1.500000e+001
      vertex -4.021878e+001 -1.771149e+001  1.000000e+001
    endloop
  endfacet
  facet normal -5.469513e-001 -8.371645e-001  0.000000e+000
    outer loop
      vertex -4.021878e+001 -1.771149e+001  1.000000e+001
      vertex -4.021878e+001 -1.771149e+001  1.500000e+001
      vertex -4.061975e+001 -1.744953e+001  1.500000e+001
    endloop
  endfacet
  facet normal -5.469513e-001 -8.371645e-001  -0.000000e+000
    outer loop
      vertex -4.021878e+001 -1.771149e+001  1.000000e+001
      vertex -4.061975e+001 -1.744953e+001  1.500000e+001
      vertex -4.061975e+001 -1.744953e+001  1.000000e+001
    endloop
  endfacet
  facet normal -4.016935e-001 -9.157741e-001  0.000000e+000
    outer loop
      vertex -4.061975e+001 -1.744953e+001  1.000000e+001
      vertex -4.061975e+001 -1.744953e+001  1.500000e+001
      vertex -4.105837e+001 -1.725713e+001  1.500000e+001
    endloop
  endfacet
  facet normal -4.016935e-001 -9.157741e-001  -0.000000e+000
    outer loop
      vertex -4.061975e+001 -1.744953e+001  1.000000e+001
      vertex -4.105837e+001 -1.725713e+001  1.500000e+001
      vertex -4.105837e+001 -1.725713e+001  1.000000e+001
    endloop
  endfacet
  facet normal -2.454842e-001 -9.694006e-001  0.000000e+000
    outer loop
      vertex -4.105837e+001 -1.725713e+001  1.000000e+001
      vertex -4.105837e+001 -1.725713e+001  1.500000e+001
      vertex -4.152267e+001 -1.713955e+001  1.500000e+001
    endloop
  endfacet
  facet normal -2.454842e-001 -9.694006e-001  -0.000000e+000
    outer loop
      vertex -4.105837e+001 -1.725713e+001  1.000000e+001
      vertex -4.152267e+001 -1.713955e+001  1.500000e+001
      vertex -4.152267e+001 -1.713955e+001  1.000000e+001
    endloop
  endfacet
  facet normal -8.258012e-002 -9.965844e-001  0.000000e+000
    outer loop
      vertex -4.152267e+001 -1.713955e+001  1.000000e+001
      vertex -4.152267e+001 -1.713955e+001  1.500000e+001
      vertex -4.200000e+001 -1.710000e+001  1.500000e+001
    endloop
  endfacet
  facet normal -8.258012e-002 -9.965844e-001  -0.000000e+000
    outer loop
      vertex -4.152267e+001 -1.713955e+001  1.000000e+001
      vertex -4.200000e+001 -1.710000e+001  1.500000e+001
      vertex -4.200000e+001 -1.710000e+001  1.000000e+001
    endloop
  endfacet
  facet normal -9.863612e-001 -1.645953e-001  0.000000e+000
    outer loop
      vertex -3.918874e+001 -1.928809e+001  1.500000e+001
      vertex -3.910991e+001 -1.976052e+001  1.000000e+001
      vertex -3.910991e+001 -1.976052e+001  1.500000e+001
    endloop
  endfacet
  facet normal -9.999999e-001  0.000000e+000  -0.000000e+000
    outer loop
      vertex -3.910991e+001 -1.976052e+001  1.500000e+001
      vertex -3.910991e+001 -1.976052e+001  1.000000e+001
      vertex -3.910991e+001 -2.023948e+001  1.000000e+001
    endloop
  endfacet
  facet normal -9.999999e-001  0.000000e+000  0.000000e+000
    outer loop
      vertex -3.910991e+001 -1.976052e+001  1.500000e+001
      vertex -3.910991e+001 -2.023948e+001  1.000000e+001
      vertex -3.910991e+001 -2.023948e+001  1.500000e+001
    endloop
  endfacet
  facet normal -9.863612e-001  1.645953e-001  0.000000e+000
    outer loop
      vertex -3.910991e+001 -2.023948e+001  1.500000e+001
      vertex -3.910991e+001 -2.023948e+001  1.000000e+001
      vertex -3.918874e+001 -2.071191e+001  1.000000e+001
    endloop
  endfacet
  facet normal -9.863612e-001  1.645953e-001  0.000000e+000
    outer loop
      vertex -3.910991e+001 -2.023948e+001  1.500000e+001
      vertex -3.918874e+001 -2.071191e+001  1.000000e+001
      vertex -3.918874e+001 -2.071191e+001  1.500000e+001
    endloop
  endfacet
  facet normal -9.458175e-001  3.246985e-001  0.000000e+000
    outer loop
      vertex -3.918874e+001 -2.071191e+001  1.500000e+001
      vertex -3.918874e+001 -2.071191e+001  1.000000e+001
      vertex -3.934426e+001 -2.116492e+001  1.000000e+001
    endloop
  endfacet
  facet normal -9.458175e-001  3.246985e-001  0.000000e+000
    outer loop
      vertex -3.918874e+001 -2.071191e+001  1.500000e+001
      vertex -3.934426e+001 -2.116492e+001  1.000000e+001
      vertex -3.934426e+001 -2.116492e+001  1.500000e+001
    endloop
  endfacet
  facet normal -8.794745e-001  4.759461e-001  0.000000e+000
    outer loop
      vertex -3.934426e+001 -2.116492e+001  1.500000e+001
      vertex -3.934426e+001 -2.116492e+001  1.000000e+001
      vertex -3.957222e+001 -2.158615e+001  1.000000e+001
    endloop
  endfacet
  facet normal -8.794745e-001  4.759461e-001  0.000000e+000
    outer loop
      vertex -3.934426e+001 -2.116492e+001  1.500000e+001
      vertex -3.957222e+001 -2.158615e+001  1.000000e+001
      vertex -3.957222e+001 -2.158615e+001  1.500000e+001
    endloop
  endfacet
  facet normal -7.891391e-001  6.142147e-001  0.000000e+000
    outer loop
      vertex -3.957222e+001 -2.158615e+001  1.500000e+001
      vertex -3.957222e+001 -2.158615e+001  1.000000e+001
      vertex -3.986640e+001 -2.196412e+001  1.000000e+001
    endloop
  endfacet
  facet normal -7.891391e-001  6.142147e-001  0.000000e+000
    outer loop
      vertex -3.957222e+001 -2.158615e+001  1.500000e+001
      vertex -3.986640e+001 -2.196412e+001  1.000000e+001
      vertex -3.986640e+001 -2.196412e+001  1.500000e+001
    endloop
  endfacet
  facet normal -6.772808e-001  7.357246e-001  0.000000e+000
    outer loop
      vertex -3.986640e+001 -2.196412e+001  1.500000e+001
      vertex -3.986640e+001 -2.196412e+001  1.000000e+001
      vertex -4.021878e+001 -2.228851e+001  1.000000e+001
    endloop
  endfacet
  facet normal -6.772808e-001  7.357246e-001  0.000000e+000
    outer loop
      vertex -3.986640e+001 -2.196412e+001  1.500000e+001
      vertex -4.021878e+001 -2.228851e+001  1.000000e+001
      vertex -4.021878e+001 -2.228851e+001  1.500000e+001
    endloop
  endfacet
  facet normal -5.469513e-001  8.371645e-001  0.000000e+000
    outer loop
      vertex -4.021878e+001 -2.228851e+001  1.500000e+001
      vertex -4.021878e+001 -2.228851e+001  1.000000e+001
      vertex -4.061975e+001 -2.255047e+001  1.000000e+001
    endloop
  endfacet
  facet normal -5.469513e-001  8.371645e-001  0.000000e+000
    outer loop
      vertex -4.021878e+001 -2.228851e+001  1.500000e+001
      vertex -4.061975e+001 -2.255047e+001  1.000000e+001
      vertex -4.061975e+001 -2.255047e+001  1.500000e+001
    endloop
  endfacet
  facet normal -4.016935e-001  9.157741e-001  0.000000e+000
    outer loop
      vertex -4.061975e+001 -2.255047e+001  1.500000e+001
      vertex -4.061975e+001 -2.255047e+001  1.000000e+001
      vertex -4.105837e+001 -2.274287e+001  1.000000e+001
    endloop
  endfacet
  facet normal -4.016935e-001  9.157741e-001  0.000000e+000
    outer loop
      vertex -4.061975e+001 -2.255047e+001  1.500000e+001
      vertex -4.105837e+001 -2.274287e+001  1.000000e+001
      vertex -4.105837e+001 -2.274287e+001  1.500000e+001
    endloop
  endfacet
  facet normal -2.454842e-001  9.694006e-001  0.000000e+000
    outer loop
      vertex -4.105837e+001 -2.274287e+001  1.500000e+001
      vertex -4.105837e+001 -2.274287e+001  1.000000e+001
      vertex -4.152267e+001 -2.286045e+001  1.000000e+001
    endloop
  endfacet
  facet normal -2.454842e-001  9.694006e-001  0.000000e+000
    outer loop
      vertex -4.105837e+001 -2.274287e+001  1.500000e+001
      vertex -4.152267e+001 -2.286045e+001  1.000000e+001
      vertex -4.152267e+001 -2.286045e+001  1.500000e+001
    endloop
  endfacet
  facet normal -8.258012e-002  9.965844e-001  0.000000e+000
    outer loop
      vertex -4.152267e+001 -2.286045e+001  1.500000e+001
      vertex -4.152267e+001 -2.286045e+001  1.000000e+001
      vertex -4.200000e+001 -2.290000e+001  1.000000e+001
    endloop
  endfacet
  facet normal -8.258012e-002  9.965844e-001  0.000000e+000
    outer loop
      vertex -4.152267e+001 -2.286045e+001  1.500000e+001
      vertex -4.200000e+001 -2.290000e+001  1.000000e+001
      vertex -4.200000e+001 -2.290000e+001  1.500000e+001
    endloop
  endfacet
  facet normal  9.863612e-001  1.645953e-001  0.000000e+000
    outer loop
      vertex -4.489009e+001 -2.023948e+001  1.000000e+001
      vertex -4.481126e+001 -2.071191e+001  1.500000e+001
      vertex -4.481126e+001 -2.071191e+001  1.000000e+001
    endloop
  endfacet
  facet normal  9.458175e-001  3.246985e-001  -0.000000e+000
    outer loop
      vertex -4.481126e+001 -2.071191e+001  1.000000e+001
      vertex -4.481126e+001 -2.071191e+001  1.500000e+001
      vertex -4.465574e+001 -2.116492e+001  1.500000e+001
    endloop
  endfacet
  facet normal  9.458175e-001  3.246985e-001  0.000000e+000
    outer loop
      vertex -4.481126e+001 -2.071191e+001  1.000000e+001
      vertex -4.465574e+001 -2.116492e+001  1.500000e+001
      vertex -4.465574e+001 -2.116492e+001  1.000000e+001
    endloop
  endfacet
  facet normal  8.794745e-001  4.759461e-001  -0.000000e+000
    outer loop
      vertex -4.465574e+001 -2.116492e+001  1.000000e+001
      vertex -4.465574e+001 -2.116492e+001  1.500000e+001
      vertex -4.442778e+001 -2.158615e+001  1.500000e+001
    endloop
  endfacet
  facet normal  8.794745e-001  4.759461e-001  0.000000e+000
    outer loop
      vertex -4.465574e+001 -2.116492e+001  1.000000e+001
      vertex -4.442778e+001 -2.158615e+001  1.500000e+001
      vertex -4.442778e+001 -2.158615e+001  1.000000e+001
    endloop
  endfacet
  facet normal  7.891391e-001  6.142147e-001  -0.000000e+000
    outer loop
      vertex -4.442778e+001 -2.158615e+001  1.000000e+001
      vertex -4.442778e+001 -2.158615e+001  1.500000e+001
      vertex -4.413360e+001 -2.196412e+001  1.500000e+001
    endloop
  endfacet
  facet normal  7.891391e-001  6.142147e-001  0.000000e+000
    outer loop
      vertex -4.442778e+001 -2.158615e+001  1.000000e+001
      vertex -4.413360e+001 -2.196412e+001  1.500000e+001
      vertex -4.413360e+001 -2.196412e+001  1.000000e+001
    endloop
  endfacet
  facet normal  6.772808e-001  7.357246e-001  -0.000000e+000
    outer loop
      vertex -4.413360e+001 -2.196412e+001  1.000000e+001
      vertex -4.413360e+001 -2.196412e+001  1.500000e+001
      vertex -4.378122e+001 -2.228851e+001  1.500000e+001
    endloop
  endfacet
  facet normal  6.772808e-001  7.357246e-001  0.000000e+000
    outer loop
      vertex -4.413360e+001 -2.196412e+001  1.000000e+001
      vertex -4.378122e+001 -2.228851e+001  1.500000e+001
      vertex -4.378122e+001 -2.228851e+001  1.000000e+001
    endloop
  endfacet
  facet normal  5.469513e-001  8.371645e-001  -0.000000e+000
    outer loop
      vertex -4.378122e+001 -2.228851e+001  1.000000e+001
      vertex -4.378122e+001 -2.228851e+001  1.500000e+001
      vertex -4.338025e+001 -2.255047e+001  1.500000e+001
    endloop
  endfacet
  facet normal  5.469513e-001  8.371645e-001  0.000000e+000
    outer loop
      vertex -4.378122e+001 -2.228851e+001  1.000000e+001
      vertex -4.338025e+001 -2.255047e+001  1.500000e+001
      vertex -4.338025e+001 -2.255047e+001  1.000000e+001
    endloop
  endfacet
  facet normal  4.016935e-001  9.157741e-001  -0.000000e+000
    outer loop
      vertex -4.338025e+001 -2.255047e+001  1.000000e+001
      vertex -4.338025e+001 -2.255047e+001  1.500000e+001
      vertex -4.294163e+001 -2.274287e+001  1.500000e+001
    endloop
  endfacet
  facet normal  4.016935e-001  9.157741e-001  0.000000e+000
    outer loop
      vertex -4.338025e+001 -2.255047e+001  1.000000e+001
      vertex -4.294163e+001 -2.274287e+001  1.500000e+001
      vertex -4.294163e+001 -2.274287e+001  1.000000e+001
    endloop
  endfacet
  facet normal  2.454842e-001  9.694006e-001  -0.000000e+000
    outer loop
      vertex -4.294163e+001 -2.274287e+001  1.000000e+001
      vertex -4.294163e+001 -2.274287e+001  1.500000e+001
      vertex -4.247733e+001 -2.286045e+001  1.500000e+001
    endloop
  endfacet
  facet normal  2.454842e-001  9.694006e-001  0.000000e+000
    outer loop
      vertex -4.294163e+001 -2.274287e+001  1.000000e+001
      vertex -4.247733e+001 -2.286045e+001  1.500000e+001
      vertex -4.247733e+001 -2.286045e+001  1.000000e+001
    endloop
  endfacet
  facet normal  8.258012e-002  9.965844e-001  -0.000000e+000
    outer loop
      vertex -4.247733e+001 -2.286045e+001  1.000000e+001
      vertex -4.247733e+001 -2.286045e+001  1.500000e+001
      vertex -4.200000e+001 -2.290000e+001  1.500000e+001
    endloop
  endfacet
  facet normal  8.258012e-002  9.965844e-001  0.000000e+000
    outer loop
      vertex -4.247733e+001 -2.286045e+001  1.000000e+001
      vertex -4.200000e+001 -2.290000e+001  1.500000e+001
      vertex -4.200000e+001 -2.290000e+001  1.000000e+001
    endloop
  endfacet
  facet normal  9.863612e-001  1.645953e-001  -0.000000e+000
    outer loop
      vertex -4.481126e+001 -2.071191e+001  1.500000e+001
      vertex -4.489009e+001 -2.023948e+001  1.000000e+001
      vertex -4.489009e+001 -2.023948e+001  1.500000e+001
    endloop
  endfacet
  facet normal  9.999999e-001  0.000000e+000  0.000000e+000
    outer loop
      vertex -4.489009e+001 -2.023948e+001  1.500000e+001
      vertex -4.489009e+001 -2.023948e+001  1.000000e+001
      vertex -4.489009e+001 -1.976052e+001  1.000000e+001
    endloop
  endfacet
  facet normal  9.999999e-001  0.000000e+000  -0.000000e+000
    outer loop
      vertex -4.489009e+001 -2.023948e+001  1.500000e+001
      vertex -4.489009e+001 -1.976052e+001  1.000000e+001
      vertex -4.489009e+001 -1.976052e+001  1.500000e+001
    endloop
  endfacet
  facet normal  9.863612e-001 -1.645953e-001  0.000000e+000
    outer loop
      vertex -4.489009e+001 -1.976052e+001  1.500000e+001
      vertex -4.489009e+001 -1.976052e+001  1.000000e+001
      vertex -4.481126e+001 -1.928809e+001  1.000000e+001
    endloop
  endfacet
  facet normal  9.863612e-001 -1.645953e-001  0.000000e+000
    outer loop
      vertex -4.489009e+001 -1.976052e+001  1.500000e+001
      vertex -4.481126e+001 -1.928809e+001  1.000000e+001
      vertex -4.481126e+001 -1.928809e+001  1.500000e+001
    endloop
  endfacet
  facet normal  9.458175e-001 -3.246985e-001  0.000000e+000
    outer loop
      vertex -4.481126e+001 -1.928809e+001  1.500000e+001
      vertex -4.481126e+001 -1.928809e+001  1.000000e+001
      vertex -4.465574e+001 -1.883508e+001  1.000000e+001
    endloop
  endfacet
  facet normal  9.458175e-001 -3.246985e-001  0.000000e+000
    outer loop
      vertex -4.481126e+001 -1.928809e+001  1.500000e+001
      vertex -4.465574e+001 -1.883508e+001  1.000000e+001
      vertex -4.465574e+001 -1.883508e+001  1.500000e+001
    endloop
  endfacet
  facet normal  8.794745e-001 -4.759461e-001  0.000000e+000
    outer loop
      vertex -4.465574e+001 -1.883508e+001  1.500000e+001
      vertex -4.465574e+001 -1.883508e+001  1.000000e+001
      vertex -4.442778e+001 -1.841385e+001  1.000000e+001
    endloop
  endfacet
  facet normal  8.794745e-001 -4.759461e-001  0.000000e+000
    outer loop
      vertex -4.465574e+001 -1.883508e+001  1.500000e+001
      vertex -4.442778e+001 -1.841385e+001  1.000000e+001
      vertex -4.442778e+001 -1.841385e+001  1.500000e+001
    endloop
  endfacet
  facet normal  7.891391e-001 -6.142147e-001  0.000000e+000
    outer loop
      vertex -4.442778e+001 -1.841385e+001  1.500000e+001
      vertex -4.442778e+001 -1.841385e+001  1.000000e+001
      vertex -4.413360e+001 -1.803588e+001  1.000000e+001
    endloop
  endfacet
  facet normal  7.891391e-001 -6.142147e-001  0.000000e+000
    outer loop
      vertex -4.442778e+001 -1.841385e+001  1.500000e+001
      vertex -4.413360e+001 -1.803588e+001  1.000000e+001
      vertex -4.413360e+001 -1.803588e+001  1.500000e+001
    endloop
  endfacet
  facet normal  6.772808e-001 -7.357246e-001  0.000000e+000
    outer loop
      vertex -4.413360e+001 -1.803588e+001  1.500000e+001
      vertex -4.413360e+001 -1.803588e+001  1.000000e+001
      vertex -4.378122e+001 -1.771149e+001  1.000000e+001
    endloop
  endfacet
  facet normal  6.772808e-001 -7.357246e-001  0.000000e+000
    outer loop
      vertex -4.413360e+001 -1.803588e+001  1.500000e+001
      vertex -4.378122e+001 -1.771149e+001  1.000000e+001
      vertex -4.378122e+001 -1.771149e+001  1.500000e+001
    endloop
  endfacet
  facet normal  5.469513e-001 -8.371645e-001  0.000000e+000
    outer loop
      vertex -4.378122e+001 -1.771149e+001  1.500000e+001
      vertex -4.378122e+001 -1.771149e+001  1.000000e+001
      vertex -4.338025e+001 -1.744953e+001  1.000000e+001
    endloop
  endfacet
  facet normal  5.469513e-001 -8.371645e-001  0.000000e+000
    outer loop
      vertex -4.378122e+001 -1.771149e+001  1.500000e+001
      vertex -4.338025e+001 -1.744953e+001  1.000000e+001
      vertex -4.338025e+001 -1.744953e+001  1.500000e+001
    endloop
  endfacet
  facet normal  4.016935e-001 -9.157741e-001  0.000000e+000
    outer loop
      vertex -4.338025e+001 -1.744953e+001  1.500000e+001
      vertex -4.338025e+001 -1.744953e+001  1.000000e+001
      vertex -4.294163e+001 -1.725713e+001  1.000000e+001
    endloop
  endfacet
  facet normal  4.016935e-001 -9.157741e-001  0.000000e+000
    outer loop
      vertex -4.338025e+001 -1.744953e+001  1.500000e+001
      vertex -4.294163e+001 -1.725713e+001  1.000000e+001
      vertex -4.294163e+001 -1.725713e+001  1.500000e+001
    endloop
  endfacet
  facet normal  2.454842e-001 -9.694006e-001  0.000000e+000
    outer loop
      vertex -4.294163e+001 -1.725713e+001  1.500000e+001
      vertex -4.294163e+001 -1.725713e+001  1.000000e+001
      vertex -4.247733e+001 -1.713955e+001  1.000000e+001
    endloop
  endfacet
  facet normal  2.454842e-001 -9.694006e-001  0.000000e+000
    outer loop
      vertex -4.294163e+001 -1.725713e+001  1.500000e+001
      vertex -4.247733e+001 -1.713955e+001  1.000000e+001
      vertex -4.247733e+001 -1.713955e+001  1.500000e+001
    endloop
  endfacet
  facet normal  8.258012e-002 -9.965844e-001  0.000000e+000
    outer loop
      vertex -4.247733e+001 -1.713955e+001  1.500000e+001
      vertex -4.247733e+001 -1.713955e+001  1.000000e+001
      vertex -4.200000e+001 -1.710000e+001  1.000000e+001
    endloop
  endfacet
  facet normal  8.258012e-002 -9.965844e-001  0.000000e+000
    outer loop
      vertex -4.247733e+001 -1.713955e+001  1.500000e+001
      vertex -4.200000e+001 -1.710000e+001  1.000000e+001
      vertex -4.200000e+001 -1.710000e+001  1.500000e+001
    endloop
  endfacet
  facet normal -6.540303e-002 -9.978589e-001  -0.000000e+000
    outer loop
      vertex -4.200000e+001  1.560000e+001  1.000000e+001
      vertex -4.200000e+001  1.560000e+001  1.500000e+001
      vertex -4.257431e+001  1.563764e+001  1.000000e+001
    endloop
  endfacet
  facet normal -6.540303e-002 -9.978589e-001  0.000000e+000
    outer loop
      vertex -4.257431e+001  1.563764e+001  1.000000e+001
      vertex -4.200000e+001  1.560000e+001  1.500000e+001
      vertex -4.257431e+001  1.563764e+001  1.500000e+001
    endloop
  endfacet
  facet normal -1.950893e-001 -9.807855e-001  -0.000000e+000
    outer loop
      vertex -4.257431e+001  1.563764e+001  1.000000e+001
      vertex -4.257431e+001  1.563764e+001  1.500000e+001
      vertex -4.313881e+001  1.574993e+001  1.000000e+001
    endloop
  endfacet
  facet normal -1.950893e-001 -9.807855e-001  0.000000e+000
    outer loop
      vertex -4.313881e+001  1.574993e+001  1.000000e+001
      vertex -4.257431e+001  1.563764e+001  1.500000e+001
      vertex -4.313881e+001  1.574993e+001  1.500000e+001
    endloop
  endfacet
  facet normal -3.214395e-001 -9.469301e-001  -0.000000e+000
    outer loop
      vertex -4.313881e+001  1.574993e+001  1.000000e+001
      vertex -4.313881e+001  1.574993e+001  1.500000e+001
      vertex -4.368381e+001  1.593493e+001  1.000000e+001
    endloop
  endfacet
  facet normal -3.214395e-001 -9.469301e-001  0.000000e+000
    outer loop
      vertex -4.368381e+001  1.593493e+001  1.000000e+001
      vertex -4.313881e+001  1.574993e+001  1.500000e+001
      vertex -4.368381e+001  1.593493e+001  1.500000e+001
    endloop
  endfacet
  facet normal -4.422876e-001 -8.968733e-001  -0.000000e+000
    outer loop
      vertex -4.368381e+001  1.593493e+001  1.000000e+001
      vertex -4.368381e+001  1.593493e+001  1.500000e+001
      vertex -4.420000e+001  1.618949e+001  1.000000e+001
    endloop
  endfacet
  facet normal -4.422876e-001 -8.968733e-001  0.000000e+000
    outer loop
      vertex -4.420000e+001  1.618949e+001  1.000000e+001
      vertex -4.368381e+001  1.593493e+001  1.500000e+001
      vertex -4.420000e+001  1.618949e+001  1.500000e+001
    endloop
  endfacet
  facet normal -5.555710e-001 -8.314691e-001  -0.000000e+000
    outer loop
      vertex -4.420000e+001  1.618949e+001  1.000000e+001
      vertex -4.420000e+001  1.618949e+001  1.500000e+001
      vertex -4.467855e+001  1.650924e+001  1.000000e+001
    endloop
  endfacet
  facet normal -5.555710e-001 -8.314691e-001  0.000000e+000
    outer loop
      vertex -4.467855e+001  1.650924e+001  1.000000e+001
      vertex -4.420000e+001  1.618949e+001  1.500000e+001
      vertex -4.467855e+001  1.650924e+001  1.500000e+001
    endloop
  endfacet
  facet normal -6.593465e-001 -7.518392e-001  -0.000000e+000
    outer loop
      vertex -4.467855e+001  1.650924e+001  1.000000e+001
      vertex -4.467855e+001  1.650924e+001  1.500000e+001
      vertex -4.511127e+001  1.688873e+001  1.000000e+001
    endloop
  endfacet
  facet normal -6.593465e-001 -7.518392e-001  0.000000e+000
    outer loop
      vertex -4.511127e+001  1.688873e+001  1.000000e+001
      vertex -4.467855e+001  1.650924e+001  1.500000e+001
      vertex -4.511127e+001  1.688873e+001  1.500000e+001
    endloop
  endfacet
  facet normal -7.518410e-001 -6.593443e-001  -0.000000e+000
    outer loop
      vertex -4.511127e+001  1.688873e+001  1.000000e+001
      vertex -4.511127e+001  1.688873e+001  1.500000e+001
      vertex -4.549075e+001  1.732145e+001  1.000000e+001
    endloop
  endfacet
  facet normal -7.518410e-001 -6.593443e-001  0.000000e+000
    outer loop
      vertex -4.549075e+001  1.732145e+001  1.000000e+001
      vertex -4.511127e+001  1.688873e+001  1.500000e+001
      vertex -4.549075e+001  1.732145e+001  1.500000e+001
    endloop
  endfacet
  facet normal -8.314676e-001 -5.555733e-001  -0.000000e+000
    outer loop
      vertex -4.549075e+001  1.732145e+001  1.000000e+001
      vertex -4.549075e+001  1.732145e+001  1.500000e+001
      vertex -4.581051e+001  1.780000e+001  1.000000e+001
    endloop
  endfacet
  facet normal -8.314676e-001 -5.555733e-001  0.000000e+000
    outer loop
      vertex -4.581051e+001  1.780000e+001  1.000000e+001
      vertex -4.549075e+001  1.732145e+001  1.500000e+001
      vertex -4.581051e+001  1.780000e+001  1.500000e+001
    endloop
  endfacet
  facet normal -8.968726e-001 -4.422889e-001  -0.000000e+000
    outer loop
      vertex -4.581051e+001  1.780000e+001  1.000000e+001
      vertex -4.581051e+001  1.780000e+001  1.500000e+001
      vertex -4.606507e+001  1.831619e+001  1.000000e+001
    endloop
  endfacet
  facet normal -8.968726e-001 -4.422889e-001  0.000000e+000
    outer loop
      vertex -4.606507e+001  1.831619e+001  1.000000e+001
      vertex -4.581051e+001  1.780000e+001  1.500000e+001
      vertex -4.606507e+001  1.831619e+001  1.500000e+001
    endloop
  endfacet
  facet normal -9.469314e-001 -3.214355e-001  -0.000000e+000
    outer loop
      vertex -4.606507e+001  1.831619e+001  1.000000e+001
      vertex -4.606507e+001  1.831619e+001  1.500000e+001
      vertex -4.625007e+001  1.886120e+001  1.000000e+001
    endloop
  endfacet
  facet normal -9.469314e-001 -3.214355e-001  0.000000e+000
    outer loop
      vertex -4.625007e+001  1.886120e+001  1.000000e+001
      vertex -4.606507e+001  1.831619e+001  1.500000e+001
      vertex -4.625007e+001  1.886120e+001  1.500000e+001
    endloop
  endfacet
  facet normal -9.807846e-001 -1.950938e-001  -0.000000e+000
    outer loop
      vertex -4.625007e+001  1.886120e+001  1.000000e+001
      vertex -4.625007e+001  1.886120e+001  1.500000e+001
      vertex -4.636236e+001  1.942568e+001  1.000000e+001
    endloop
  endfacet
  facet normal -9.807846e-001 -1.950938e-001  0.000000e+000
    outer loop
      vertex -4.636236e+001  1.942568e+001  1.000000e+001
      vertex -4.625007e+001  1.886120e+001  1.500000e+001
      vertex -4.636236e+001  1.942568e+001  1.500000e+001
    endloop
  endfacet
  facet normal -9.978588e-001 -6.540446e-002  -0.000000e+000
    outer loop
      vertex -4.636236e+001  1.942568e+001  1.000000e+001
      vertex -4.636236e+001  1.942568e+001  1.500000e+001
      vertex -4.640000e+001  2.000000e+001  1.000000e+001
    endloop
  endfacet
  facet normal -9.978588e-001 -6.540446e-002  0.000000e+000
    outer loop
      vertex -4.640000e+001  2.000000e+001  1.000000e+001
      vertex -4.636236e+001  1.942568e+001  1.500000e+001
      vertex -4.640000e+001  2.000000e+001  1.500000e+001
    endloop
  endfacet
  facet normal -9.978588e-001  6.540446e-002  0.000000e+000
    outer loop
      vertex -4.640000e+001  2.000000e+001  1.000000e+001
      vertex -4.640000e+001  2.000000e+001  1.500000e+001
      vertex -4.636236e+001  2.057432e+001  1.000000e+001
    endloop
  endfacet
  facet normal -9.978588e-001  6.540446e-002  0.000000e+000
    outer loop
      vertex -4.636236e+001  2.057432e+001  1.000000e+001
      vertex -4.640000e+001  2.000000e+001  1.500000e+001
      vertex -4.636236e+001  2.057432e+001  1.500000e+001
    endloop
  endfacet
  facet normal -9.807846e-001  1.950938e-001  0.000000e+000
    outer loop
      vertex -4.636236e+001  2.057432e+001  1.000000e+001
      vertex -4.636236e+001  2.057432e+001  1.500000e+001
      vertex -4.625007e+001  2.113880e+001  1.000000e+001
    endloop
  endfacet
  facet normal -9.807846e-001  1.950938e-001  0.000000e+000
    outer loop
      vertex -4.625007e+001  2.113880e+001  1.000000e+001
      vertex -4.636236e+001  2.057432e+001  1.500000e+001
      vertex -4.625007e+001  2.113880e+001  1.500000e+001
    endloop
  endfacet
  facet normal -9.469314e-001  3.214355e-001  0.000000e+000
    outer loop
      vertex -4.625007e+001  2.113880e+001  1.000000e+001
      vertex -4.625007e+001  2.113880e+001  1.500000e+001
      vertex -4.606507e+001  2.168381e+001  1.000000e+001
    endloop
  endfacet
  facet normal -9.469314e-001  3.214355e-001  0.000000e+000
    outer loop
      vertex -4.606507e+001  2.168381e+001  1.000000e+001
      vertex -4.625007e+001  2.113880e+001  1.500000e+001
      vertex -4.606507e+001  2.168381e+001  1.500000e+001
    endloop
  endfacet
  facet normal -8.968726e-001  4.422889e-001  0.000000e+000
    outer loop
      vertex -4.606507e+001  2.168381e+001  1.000000e+001
      vertex -4.606507e+001  2.168381e+001  1.500000e+001
      vertex -4.581051e+001  2.220000e+001  1.000000e+001
    endloop
  endfacet
  facet normal -8.968726e-001  4.422889e-001  0.000000e+000
    outer loop
      vertex -4.581051e+001  2.220000e+001  1.000000e+001
      vertex -4.606507e+001  2.168381e+001  1.500000e+001
      vertex -4.581051e+001  2.220000e+001  1.500000e+001
    endloop
  endfacet
  facet normal -8.314676e-001  5.555733e-001  0.000000e+000
    outer loop
      vertex -4.581051e+001  2.220000e+001  1.000000e+001
      vertex -4.581051e+001  2.220000e+001  1.500000e+001
      vertex -4.549075e+001  2.267855e+001  1.000000e+001
    endloop
  endfacet
  facet normal -8.314676e-001  5.555733e-001  0.000000e+000
    outer loop
      vertex -4.549075e+001  2.267855e+001  1.000000e+001
      vertex -4.581051e+001  2.220000e+001  1.500000e+001
      vertex -4.549075e+001  2.267855e+001  1.500000e+001
    endloop
  endfacet
  facet normal -7.518410e-001  6.593443e-001  0.000000e+000
    outer loop
      vertex -4.549075e+001  2.267855e+001  1.000000e+001
      vertex -4.549075e+001  2.267855e+001  1.500000e+001
      vertex -4.511127e+001  2.311127e+001  1.000000e+001
    endloop
  endfacet
  facet normal -7.518410e-001  6.593443e-001  0.000000e+000
    outer loop
      vertex -4.511127e+001  2.311127e+001  1.000000e+001
      vertex -4.549075e+001  2.267855e+001  1.500000e+001
      vertex -4.511127e+001  2.311127e+001  1.500000e+001
    endloop
  endfacet
  facet normal -6.593465e-001  7.518392e-001  0.000000e+000
    outer loop
      vertex -4.511127e+001  2.311127e+001  1.000000e+001
      vertex -4.511127e+001  2.311127e+001  1.500000e+001
      vertex -4.467855e+001  2.349076e+001  1.000000e+001
    endloop
  endfacet
  facet normal -6.593465e-001  7.518392e-001  0.000000e+000
    outer loop
      vertex -4.467855e+001  2.349076e+001  1.000000e+001
      vertex -4.511127e+001  2.311127e+001  1.500000e+001
      vertex -4.467855e+001  2.349076e+001  1.500000e+001
    endloop
  endfacet
  facet normal -5.555710e-001  8.314691e-001  0.000000e+000
    outer loop
      vertex -4.467855e+001  2.349076e+001  1.000000e+001
      vertex -4.467855e+001  2.349076e+001  1.500000e+001
      vertex -4.420000e+001  2.381051e+001  1.000000e+001
    endloop
  endfacet
  facet normal -5.555710e-001  8.314691e-001  0.000000e+000
    outer loop
      vertex -4.420000e+001  2.381051e+001  1.000000e+001
      vertex -4.467855e+001  2.349076e+001  1.500000e+001
      vertex -4.420000e+001  2.381051e+001  1.500000e+001
    endloop
  endfacet
  facet normal -4.422862e-001  8.968740e-001  0.000000e+000
    outer loop
      vertex -4.420000e+001  2.381051e+001  1.000000e+001
      vertex -4.420000e+001  2.381051e+001  1.500000e+001
      vertex -4.368381e+001  2.406507e+001  1.000000e+001
    endloop
  endfacet
  facet normal -4.422862e-001  8.968740e-001  0.000000e+000
    outer loop
      vertex -4.368381e+001  2.406507e+001  1.000000e+001
      vertex -4.420000e+001  2.381051e+001  1.500000e+001
      vertex -4.368381e+001  2.406507e+001  1.500000e+001
    endloop
  endfacet
  facet normal -3.214425e-001  9.469291e-001  0.000000e+000
    outer loop
      vertex -4.368381e+001  2.406507e+001  1.000000e+001
      vertex -4.368381e+001  2.406507e+001  1.500000e+001
      vertex -4.313881e+001  2.425007e+001  1.000000e+001
    endloop
  endfacet
  facet normal -3.214425e-001  9.469291e-001  0.000000e+000
    outer loop
      vertex -4.313881e+001  2.425007e+001  1.000000e+001
      vertex -4.368381e+001  2.406507e+001  1.500000e+001
      vertex -4.313881e+001  2.425007e+001  1.500000e+001
    endloop
  endfacet
  facet normal -1.950893e-001  9.807855e-001  0.000000e+000
    outer loop
      vertex -4.313881e+001  2.425007e+001  1.000000e+001
      vertex -4.313881e+001  2.425007e+001  1.500000e+001
      vertex -4.257431e+001  2.436236e+001  1.000000e+001
    endloop
  endfacet
  facet normal -1.950893e-001  9.807855e-001  0.000000e+000
    outer loop
      vertex -4.257431e+001  2.436236e+001  1.000000e+001
      vertex -4.313881e+001  2.425007e+001  1.500000e+001
      vertex -4.257431e+001  2.436236e+001  1.500000e+001
    endloop
  endfacet
  facet normal -6.540138e-002  9.978591e-001  0.000000e+000
    outer loop
      vertex -4.257431e+001  2.436236e+001  1.000000e+001
      vertex -4.257431e+001  2.436236e+001  1.500000e+001
      vertex -4.200000e+001  2.440000e+001  1.000000e+001
    endloop
  endfacet
  facet normal -6.540138e-002  9.978591e-001  0.000000e+000
    outer loop
      vertex -4.200000e+001  2.440000e+001  1.000000e+001
      vertex -4.257431e+001  2.436236e+001  1.500000e+001
      vertex -4.200000e+001  2.440000e+001  1.500000e+001
    endloop
  endfacet
  facet normal  6.540138e-002  9.978591e-001  0.000000e+000
    outer loop
      vertex -4.200000e+001  2.440000e+001  1.000000e+001
      vertex -4.200000e+001  2.440000e+001  1.500000e+001
      vertex -4.142569e+001  2.436236e+001  1.000000e+001
    endloop
  endfacet
  facet normal  6.540138e-002  9.978591e-001  -0.000000e+000
    outer loop
      vertex -4.142569e+001  2.436236e+001  1.000000e+001
      vertex -4.200000e+001  2.440000e+001  1.500000e+001
      vertex -4.142569e+001  2.436236e+001  1.500000e+001
    endloop
  endfacet
  facet normal  1.950893e-001  9.807855e-001  0.000000e+000
    outer loop
      vertex -4.142569e+001  2.436236e+001  1.000000e+001
      vertex -4.142569e+001  2.436236e+001  1.500000e+001
      vertex -4.086119e+001  2.425007e+001  1.000000e+001
    endloop
  endfacet
  facet normal  1.950893e-001  9.807855e-001  -0.000000e+000
    outer loop
      vertex -4.086119e+001  2.425007e+001  1.000000e+001
      vertex -4.142569e+001  2.436236e+001  1.500000e+001
      vertex -4.086119e+001  2.425007e+001  1.500000e+001
    endloop
  endfacet
  facet normal  3.214425e-001  9.469291e-001  0.000000e+000
    outer loop
      vertex -4.086119e+001  2.425007e+001  1.000000e+001
      vertex -4.086119e+001  2.425007e+001  1.500000e+001
      vertex -4.031619e+001  2.406507e+001  1.000000e+001
    endloop
  endfacet
  facet normal  3.214425e-001  9.469291e-001  -0.000000e+000
    outer loop
      vertex -4.031619e+001  2.406507e+001  1.000000e+001
      vertex -4.086119e+001  2.425007e+001  1.500000e+001
      vertex -4.031619e+001  2.406507e+001  1.500000e+001
    endloop
  endfacet
  facet normal  4.422862e-001  8.968740e-001  0.000000e+000
    outer loop
      vertex -4.031619e+001  2.406507e+001  1.000000e+001
      vertex -4.031619e+001  2.406507e+001  1.500000e+001
      vertex -3.980000e+001  2.381051e+001  1.000000e+001
    endloop
  endfacet
  facet normal  4.422862e-001  8.968740e-001  -0.000000e+000
    outer loop
      vertex -3.980000e+001  2.381051e+001  1.000000e+001
      vertex -4.031619e+001  2.406507e+001  1.500000e+001
      vertex -3.980000e+001  2.381051e+001  1.500000e+001
    endloop
  endfacet
  facet normal  5.555710e-001  8.314691e-001  0.000000e+000
    outer loop
      vertex -3.980000e+001  2.381051e+001  1.000000e+001
      vertex -3.980000e+001  2.381051e+001  1.500000e+001
      vertex -3.932145e+001  2.349076e+001  1.000000e+001
    endloop
  endfacet
  facet normal  5.555710e-001  8.314691e-001  -0.000000e+000
    outer loop
      vertex -3.932145e+001  2.349076e+001  1.000000e+001
      vertex -3.980000e+001  2.381051e+001  1.500000e+001
      vertex -3.932145e+001  2.349076e+001  1.500000e+001
    endloop
  endfacet
  facet normal  6.593465e-001  7.518392e-001  0.000000e+000
    outer loop
      vertex -3.932145e+001  2.349076e+001  1.000000e+001
      vertex -3.932145e+001  2.349076e+001  1.500000e+001
      vertex -3.888873e+001  2.311127e+001  1.000000e+001
    endloop
  endfacet
  facet normal  6.593465e-001  7.518392e-001  -0.000000e+000
    outer loop
      vertex -3.888873e+001  2.311127e+001  1.000000e+001
      vertex -3.932145e+001  2.349076e+001  1.500000e+001
      vertex -3.888873e+001  2.311127e+001  1.500000e+001
    endloop
  endfacet
  facet normal  7.518410e-001  6.593443e-001  0.000000e+000
    outer loop
      vertex -3.888873e+001  2.311127e+001  1.000000e+001
      vertex -3.888873e+001  2.311127e+001  1.500000e+001
      vertex -3.850925e+001  2.267855e+001  1.000000e+001
    endloop
  endfacet
  facet normal  7.518410e-001  6.593443e-001  -0.000000e+000
    outer loop
      vertex -3.850925e+001  2.267855e+001  1.000000e+001
      vertex -3.888873e+001  2.311127e+001  1.500000e+001
      vertex -3.850925e+001  2.267855e+001  1.500000e+001
    endloop
  endfacet
  facet normal  8.314676e-001  5.555733e-001  0.000000e+000
    outer loop
      vertex -3.850925e+001  2.267855e+001  1.000000e+001
      vertex -3.850925e+001  2.267855e+001  1.500000e+001
      vertex -3.818949e+001  2.220000e+001  1.000000e+001
    endloop
  endfacet
  facet normal  8.314676e-001  5.555733e-001  -0.000000e+000
    outer loop
      vertex -3.818949e+001  2.220000e+001  1.000000e+001
      vertex -3.850925e+001  2.267855e+001  1.500000e+001
      vertex -3.818949e+001  2.220000e+001  1.500000e+001
    endloop
  endfacet
  facet normal  8.968726e-001  4.422889e-001  0.000000e+000
    outer loop
      vertex -3.818949e+001  2.220000e+001  1.000000e+001
      vertex -3.818949e+001  2.220000e+001  1.500000e+001
      vertex -3.793493e+001  2.168381e+001  1.000000e+001
    endloop
  endfacet
  facet normal  8.968726e-001  4.422889e-001  -0.000000e+000
    outer loop
      vertex -3.793493e+001  2.168381e+001  1.000000e+001
      vertex -3.818949e+001  2.220000e+001  1.500000e+001
      vertex -3.793493e+001  2.168381e+001  1.500000e+001
    endloop
  endfacet
  facet normal  9.469314e-001  3.214355e-001  0.000000e+000
    outer loop
      vertex -3.793493e+001  2.168381e+001  1.000000e+001
      vertex -3.793493e+001  2.168381e+001  1.500000e+001
      vertex -3.774993e+001  2.113880e+001  1.000000e+001
    endloop
  endfacet
  facet normal  9.469314e-001  3.214355e-001  -0.000000e+000
    outer loop
      vertex -3.774993e+001  2.113880e+001  1.000000e+001
      vertex -3.793493e+001  2.168381e+001  1.500000e+001
      vertex -3.774993e+001  2.113880e+001  1.500000e+001
    endloop
  endfacet
  facet normal  9.807846e-001  1.950938e-001  0.000000e+000
    outer loop
      vertex -3.774993e+001  2.113880e+001  1.000000e+001
      vertex -3.774993e+001  2.113880e+001  1.500000e+001
      vertex -3.763764e+001  2.057432e+001  1.000000e+001
    endloop
  endfacet
  facet normal  9.807846e-001  1.950938e-001  -0.000000e+000
    outer loop
      vertex -3.763764e+001  2.057432e+001  1.000000e+001
      vertex -3.774993e+001  2.113880e+001  1.500000e+001
      vertex -3.763764e+001  2.057432e+001  1.500000e+001
    endloop
  endfacet
  facet normal  9.978588e-001  6.540446e-002  0.000000e+000
    outer loop
      vertex -3.763764e+001  2.057432e+001  1.000000e+001
      vertex -3.763764e+001  2.057432e+001  1.500000e+001
      vertex -3.760000e+001  2.000000e+001  1.000000e+001
    endloop
  endfacet
  facet normal  9.978588e-001  6.540446e-002  -0.000000e+000
    outer loop
      vertex -3.760000e+001  2.000000e+001  1.000000e+001
      vertex -3.763764e+001  2.057432e+001  1.500000e+001
      vertex -3.760000e+001  2.000000e+001  1.500000e+001
    endloop
  endfacet
  facet normal  9.978588e-001 -6.540446e-002  0.000000e+000
    outer loop
      vertex -3.760000e+001  2.000000e+001  1.000000e+001
      vertex -3.760000e+001  2.000000e+001  1.500000e+001
      vertex -3.763764e+001  1.942568e+001  1.000000e+001
    endloop
  endfacet
  facet normal  9.978588e-001 -6.540446e-002  0.000000e+000
    outer loop
      vertex -3.763764e+001  1.942568e+001  1.000000e+001
      vertex -3.760000e+001  2.000000e+001  1.500000e+001
      vertex -3.763764e+001  1.942568e+001  1.500000e+001
    endloop
  endfacet
  facet normal  9.807846e-001 -1.950938e-001  0.000000e+000
    outer loop
      vertex -3.763764e+001  1.942568e+001  1.000000e+001
      vertex -3.763764e+001  1.942568e+001  1.500000e+001
      vertex -3.774993e+001  1.886120e+001  1.000000e+001
    endloop
  endfacet
  facet normal  9.807846e-001 -1.950938e-001  0.000000e+000
    outer loop
      vertex -3.774993e+001  1.886120e+001  1.000000e+001
      vertex -3.763764e+001  1.942568e+001  1.500000e+001
      vertex -3.774993e+001  1.886120e+001  1.500000e+001
    endloop
  endfacet
  facet normal  9.469314e-001 -3.214355e-001  0.000000e+000
    outer loop
      vertex -3.774993e+001  1.886120e+001  1.000000e+001
      vertex -3.774993e+001  1.886120e+001  1.500000e+001
      vertex -3.793493e+001  1.831619e+001  1.000000e+001
    endloop
  endfacet
  facet normal  9.469314e-001 -3.214355e-001  0.000000e+000
    outer loop
      vertex -3.793493e+001  1.831619e+001  1.000000e+001
      vertex -3.774993e+001  1.886120e+001  1.500000e+001
      vertex -3.793493e+001  1.831619e+001  1.500000e+001
    endloop
  endfacet
  facet normal  8.968726e-001 -4.422889e-001  0.000000e+000
    outer loop
      vertex -3.793493e+001  1.831619e+001  1.000000e+001
      vertex -3.793493e+001  1.831619e+001  1.500000e+001
      vertex -3.818949e+001  1.780000e+001  1.000000e+001
    endloop
  endfacet
  facet normal  8.968726e-001 -4.422889e-001  0.000000e+000
    outer loop
      vertex -3.818949e+001  1.780000e+001  1.000000e+001
      vertex -3.793493e+001  1.831619e+001  1.500000e+001
      vertex -3.818949e+001  1.780000e+001  1.500000e+001
    endloop
  endfacet
  facet normal  8.314676e-001 -5.555733e-001  0.000000e+000
    outer loop
      vertex -3.818949e+001  1.780000e+001  1.000000e+001
      vertex -3.818949e+001  1.780000e+001  1.500000e+001
      vertex -3.850925e+001  1.732145e+001  1.000000e+001
    endloop
  endfacet
  facet normal  8.314676e-001 -5.555733e-001  0.000000e+000
    outer loop
      vertex -3.850925e+001  1.732145e+001  1.000000e+001
      vertex -3.818949e+001  1.780000e+001  1.500000e+001
      vertex -3.850925e+001  1.732145e+001  1.500000e+001
    endloop
  endfacet
  facet normal  7.518410e-001 -6.593443e-001  0.000000e+000
    outer loop
      vertex -3.850925e+001  1.732145e+001  1.000000e+001
      vertex -3.850925e+001  1.732145e+001  1.500000e+001
      vertex -3.888873e+001  1.688873e+001  1.000000e+001
    endloop
  endfacet
  facet normal  7.518410e-001 -6.593443e-001  0.000000e+000
    outer loop
      vertex -3.888873e+001  1.688873e+001  1.000000e+001
      vertex -3.850925e+001  1.732145e+001  1.500000e+001
      vertex -3.888873e+001  1.688873e+001  1.500000e+001
    endloop
  endfacet
  facet normal  6.593465e-001 -7.518392e-001  0.000000e+000
    outer loop
      vertex -3.888873e+001  1.688873e+001  1.000000e+001
      vertex -3.888873e+001  1.688873e+001  1.500000e+001
      vertex -3.932145e+001  1.650924e+001  1.000000e+001
    endloop
  endfacet
  facet normal  6.593465e-001 -7.518392e-001  0.000000e+000
    outer loop
      vertex -3.932145e+001  1.650924e+001  1.000000e+001
      vertex -3.888873e+001  1.688873e+001  1.500000e+001
      vertex -3.932145e+001  1.650924e+001  1.500000e+001
    endloop
  endfacet
  facet normal  5.555710e-001 -8.314691e-001  0.000000e+000
    outer loop
      vertex -3.932145e+001  1.650924e+001  1.000000e+001
      vertex -3.932145e+001  1.650924e+001  1.500000e+001
      vertex -3.980000e+001  1.618949e+001  1.000000e+001
    endloop
  endfacet
  facet normal  5.555710e-001 -8.314691e-001  0.000000e+000
    outer loop
      vertex -3.980000e+001  1.618949e+001  1.000000e+001
      vertex -3.932145e+001  1.650924e+001  1.500000e+001
      vertex -3.980000e+001  1.618949e+001  1.500000e+001
    endloop
  endfacet
  facet normal  4.422876e-001 -8.968733e-001  0.000000e+000
    outer loop
      vertex -3.980000e+001  1.618949e+001  1.000000e+001
      vertex -3.980000e+001  1.618949e+001  1.500000e+001
      vertex -4.031619e+001  1.593493e+001  1.000000e+001
    endloop
  endfacet
  facet normal  4.422876e-001 -8.968733e-001  0.000000e+000
    outer loop
      vertex -4.031619e+001  1.593493e+001  1.000000e+001
      vertex -3.980000e+001  1.618949e+001  1.500000e+001
      vertex -4.031619e+001  1.593493e+001  1.500000e+001
    endloop
  endfacet
  facet normal  3.214395e-001 -9.469301e-001  0.000000e+000
    outer loop
      vertex -4.031619e+001  1.593493e+001  1.000000e+001
      vertex -4.031619e+001  1.593493e+001  1.500000e+001
      vertex -4.086119e+001  1.574993e+001  1.000000e+001
    endloop
  endfacet
  facet normal  3.214395e-001 -9.469301e-001  0.000000e+000
    outer loop
      vertex -4.086119e+001  1.574993e+001  1.000000e+001
      vertex -4.031619e+001  1.593493e+001  1.500000e+001
      vertex -4.086119e+001  1.574993e+001  1.500000e+001
    endloop
  endfacet
  facet normal  1.950893e-001 -9.807855e-001  0.000000e+000
    outer loop
      vertex -4.086119e+001  1.574993e+001  1.000000e+001
      vertex -4.086119e+001  1.574993e+001  1.500000e+001
      vertex -4.142569e+001  1.563764e+001  1.000000e+001
    endloop
  endfacet
  facet normal  1.950893e-001 -9.807855e-001  0.000000e+000
    outer loop
      vertex -4.142569e+001  1.563764e+001  1.000000e+001
      vertex -4.086119e+001  1.574993e+001  1.500000e+001
      vertex -4.142569e+001  1.563764e+001  1.500000e+001
    endloop
  endfacet
  facet normal  6.540303e-002 -9.978589e-001  0.000000e+000
    outer loop
      vertex -4.142569e+001  1.563764e+001  1.000000e+001
      vertex -4.142569e+001  1.563764e+001  1.500000e+001
      vertex -4.200000e+001  1.560000e+001  1.000000e+001
    endloop
  endfacet
  facet normal  6.540303e-002 -9.978589e-001  0.000000e+000
    outer loop
      vertex -4.200000e+001  1.560000e+001  1.000000e+001
      vertex -4.142569e+001  1.563764e+001  1.500000e+001
      vertex -4.200000e+001  1.560000e+001  1.500000e+001
    endloop
  endfacet
  facet normal -9.863612e-001 -1.645953e-001  -0.000000e+000
    outer loop
      vertex -3.910991e+001  2.023948e+001  1.000000e+001
      vertex -3.918874e+001  2.071191e+001  1.500000e+001
      vertex -3.918874e+001  2.071191e+001  1.000000e+001
    endloop
  endfacet
  facet normal -9.458175e-001 -3.246985e-001  0.000000e+000
    outer loop
      vertex -3.918874e+001  2.071191e+001  1.000000e+001
      vertex -3.918874e+001  2.071191e+001  1.500000e+001
      vertex -3.934426e+001  2.116492e+001  1.500000e+001
    endloop
  endfacet
  facet normal -9.458175e-001 -3.246985e-001  -0.000000e+000
    outer loop
      vertex -3.918874e+001  2.071191e+001  1.000000e+001
      vertex -3.934426e+001  2.116492e+001  1.500000e+001
      vertex -3.934426e+001  2.116492e+001  1.000000e+001
    endloop
  endfacet
  facet normal -8.794745e-001 -4.759461e-001  0.000000e+000
    outer loop
      vertex -3.934426e+001  2.116492e+001  1.000000e+001
      vertex -3.934426e+001  2.116492e+001  1.500000e+001
      vertex -3.957222e+001  2.158615e+001  1.500000e+001
    endloop
  endfacet
  facet normal -8.794745e-001 -4.759461e-001  -0.000000e+000
    outer loop
      vertex -3.934426e+001  2.116492e+001  1.000000e+001
      vertex -3.957222e+001  2.158615e+001  1.500000e+001
      vertex -3.957222e+001  2.158615e+001  1.000000e+001
    endloop
  endfacet
  facet normal -7.891391e-001 -6.142147e-001  0.000000e+000
    outer loop
      vertex -3.957222e+001  2.158615e+001  1.000000e+001
      vertex -3.957222e+001  2.158615e+001  1.500000e+001
      vertex -3.986640e+001  2.196412e+001  1.500000e+001
    endloop
  endfacet
  facet normal -7.891391e-001 -6.142147e-001  -0.000000e+000
    outer loop
      vertex -3.957222e+001  2.158615e+001  1.000000e+001
      vertex -3.986640e+001  2.196412e+001  1.500000e+001
      vertex -3.986640e+001  2.196412e+001  1.000000e+001
    endloop
  endfacet
  facet normal -6.772808e-001 -7.357246e-001  0.000000e+000
    outer loop
      vertex -3.986640e+001  2.196412e+001  1.000000e+001
      vertex -3.986640e+001  2.196412e+001  1.500000e+001
      vertex -4.021878e+001  2.228851e+001  1.500000e+001
    endloop
  endfacet
  facet normal -6.772808e-001 -7.357246e-001  -0.000000e+000
    outer loop
      vertex -3.986640e+001  2.196412e+001  1.000000e+001
      vertex -4.021878e+001  2.228851e+001  1.500000e+001
      vertex -4.021878e+001  2.228851e+001  1.000000e+001
    endloop
  endfacet
  facet normal -5.469513e-001 -8.371645e-001  0.000000e+000
    outer loop
      vertex -4.021878e+001  2.228851e+001  1.000000e+001
      vertex -4.021878e+001  2.228851e+001  1.500000e+001
      vertex -4.061975e+001  2.255047e+001  1.500000e+001
    endloop
  endfacet
  facet normal -5.469513e-001 -8.371645e-001  -0.000000e+000
    outer loop
      vertex -4.021878e+001  2.228851e+001  1.000000e+001
      vertex -4.061975e+001  2.255047e+001  1.500000e+001
      vertex -4.061975e+001  2.255047e+001  1.000000e+001
    endloop
  endfacet
  facet normal -4.016935e-001 -9.157741e-001  0.000000e+000
    outer loop
      vertex -4.061975e+001  2.255047e+001  1.000000e+001
      vertex -4.061975e+001  2.255047e+001  1.500000e+001
      vertex -4.105837e+001  2.274287e+001  1.500000e+001
    endloop
  endfacet
  facet normal -4.016935e-001 -9.157741e-001  -0.000000e+000
    outer loop
      vertex -4.061975e+001  2.255047e+001  1.000000e+001
      vertex -4.105837e+001  2.274287e+001  1.500000e+001
      vertex -4.105837e+001  2.274287e+001  1.000000e+001
    endloop
  endfacet
  facet normal -2.454842e-001 -9.694006e-001  0.000000e+000
    outer loop
      vertex -4.105837e+001  2.274287e+001  1.000000e+001
      vertex -4.105837e+001  2.274287e+001  1.500000e+001
      vertex -4.152267e+001  2.286045e+001  1.500000e+001
    endloop
  endfacet
  facet normal -2.454842e-001 -9.694006e-001  -0.000000e+000
    outer loop
      vertex -4.105837e+001  2.274287e+001  1.000000e+001
      vertex -4.152267e+001  2.286045e+001  1.500000e+001
      vertex -4.152267e+001  2.286045e+001  1.000000e+001
    endloop
  endfacet
  facet normal -8.258012e-002 -9.965844e-001  0.000000e+000
    outer loop
      vertex -4.152267e+001  2.286045e+001  1.000000e+001
      vertex -4.152267e+001  2.286045e+001  1.500000e+001
      vertex -4.200000e+001  2.290000e+001  1.500000e+001
    endloop
  endfacet
  facet normal -8.258012e-002 -9.965844e-001  -0.000000e+000
    outer loop
      vertex -4.152267e+001  2.286045e+001  1.000000e+001
      vertex -4.200000e+001  2.290000e+001  1.500000e+001
      vertex -4.200000e+001  2.290000e+001  1.000000e+001
    endloop
  endfacet
  facet normal -9.863612e-001 -1.645953e-001  0.000000e+000
    outer loop
      vertex -3.918874e+001  2.071191e+001  1.500000e+001
      vertex -3.910991e+001  2.023948e+001  1.000000e+001
      vertex -3.910991e+001  2.023948e+001  1.500000e+001
    endloop
  endfacet
  facet normal -9.999999e-001  0.000000e+000  -0.000000e+000
    outer loop
      vertex -3.910991e+001  2.023948e+001  1.500000e+001
      vertex -3.910991e+001  2.023948e+001  1.000000e+001
      vertex -3.910991e+001  1.976052e+001  1.000000e+001
    endloop
  endfacet
  facet normal -9.999999e-001  0.000000e+000  0.000000e+000
    outer loop
      vertex -3.910991e+001  2.023948e+001  1.500000e+001
      vertex -3.910991e+001  1.976052e+001  1.000000e+001
      vertex -3.910991e+001  1.976052e+001  1.500000e+001
    endloop
  endfacet
  facet normal -9.863612e-001  1.645953e-001  0.000000e+000
    outer loop
      vertex -3.910991e+001  1.976052e+001  1.500000e+001
      vertex -3.910991e+001  1.976052e+001  1.000000e+001
      vertex -3.918874e+001  1.928809e+001  1.000000e+001
    endloop
  endfacet
  facet normal -9.863612e-001  1.645953e-001  0.000000e+000
    outer loop
      vertex -3.910991e+001  1.976052e+001  1.500000e+001
      vertex -3.918874e+001  1.928809e+001  1.000000e+001
      vertex -3.918874e+001  1.928809e+001  1.500000e+001
    endloop
  endfacet
  facet normal -9.458175e-001  3.246985e-001  0.000000e+000
    outer loop
      vertex -3.918874e+001  1.928809e+001  1.500000e+001
      vertex -3.918874e+001  1.928809e+001  1.000000e+001
      vertex -3.934426e+001  1.883508e+001  1.000000e+001
    endloop
  endfacet
  facet normal -9.458175e-001  3.246985e-001  0.000000e+000
    outer loop
      vertex -3.918874e+001  1.928809e+001  1.500000e+001
      vertex -3.934426e+001  1.883508e+001  1.000000e+001
      vertex -3.934426e+001  1.883508e+001  1.500000e+001
    endloop
  endfacet
  facet normal -8.794745e-001  4.759461e-001  0.000000e+000
    outer loop
      vertex -3.934426e+001  1.883508e+001  1.500000e+001
      vertex -3.934426e+001  1.883508e+001  1.000000e+001
      vertex -3.957222e+001  1.841385e+001  1.000000e+001
    endloop
  endfacet
  facet normal -8.794745e-001  4.759461e-001  0.000000e+000
    outer loop
      vertex -3.934426e+001  1.883508e+001  1.500000e+001
      vertex -3.957222e+001  1.841385e+001  1.000000e+001
      vertex -3.957222e+001  1.841385e+001  1.500000e+001
    endloop
  endfacet
  facet normal -7.891391e-001  6.142147e-001  0.000000e+000
    outer loop
      vertex -3.957222e+001  1.841385e+001  1.500000e+001
      vertex -3.957222e+001  1.841385e+001  1.000000e+001
      vertex -3.986640e+001  1.803588e+001  1.000000e+001
    endloop
  endfacet
  facet normal -7.891391e-001  6.142147e-001  0.000000e+000
    outer loop
      vertex -3.957222e+001  1.841385e+001  1.500000e+001
      vertex -3.986640e+001  1.803588e+001  1.000000e+001
      vertex -3.986640e+001  1.803588e+001  1.500000e+001
    endloop
  endfacet
  facet normal -6.772808e-001  7.357246e-001  0.000000e+000
    outer loop
      vertex -3.986640e+001  1.803588e+001  1.500000e+001
      vertex -3.986640e+001  1.803588e+001  1.000000e+001
      vertex -4.021878e+001  1.771149e+001  1.000000e+001
    endloop
  endfacet
  facet normal -6.772808e-001  7.357246e-001  0.000000e+000
    outer loop
      vertex -3.986640e+001  1.803588e+001  1.500000e+001
      vertex -4.021878e+001  1.771149e+001  1.000000e+001
      vertex -4.021878e+001  1.771149e+001  1.500000e+001
    endloop
  endfacet
  facet normal -5.469513e-001  8.371645e-001  0.000000e+000
    outer loop
      vertex -4.021878e+001  1.771149e+001  1.500000e+001
      vertex -4.021878e+001  1.771149e+001  1.000000e+001
      vertex -4.061975e+001  1.744953e+001  1.000000e+001
    endloop
  endfacet
  facet normal -5.469513e-001  8.371645e-001  0.000000e+000
    outer loop
      vertex -4.021878e+001  1.771149e+001  1.500000e+001
      vertex -4.061975e+001  1.744953e+001  1.000000e+001
      vertex -4.061975e+001  1.744953e+001  1.500000e+001
    endloop
  endfacet
  facet normal -4.016935e-001  9.157741e-001  0.000000e+000
    outer loop
      vertex -4.061975e+001  1.744953e+001  1.500000e+001
      vertex -4.061975e+001  1.744953e+001  1.000000e+001
      vertex -4.105837e+001  1.725713e+001  1.000000e+001
    endloop
  endfacet
  facet normal -4.016935e-001  9.157741e-001  0.000000e+000
    outer loop
      vertex -4.061975e+001  1.744953e+001  1.500000e+001
      vertex -4.105837e+001  1.725713e+001  1.000000e+001
      vertex -4.105837e+001  1.725713e+001  1.500000e+001
    endloop
  endfacet
  facet normal -2.454842e-001  9.694006e-001  0.000000e+000
    outer loop
      vertex -4.105837e+001  1.725713e+001  1.500000e+001
      vertex -4.105837e+001  1.725713e+001  1.000000e+001
      vertex -4.152267e+001  1.713955e+001  1.000000e+001
    endloop
  endfacet
  facet normal -2.454842e-001  9.694006e-001  0.000000e+000
    outer loop
      vertex -4.105837e+001  1.725713e+001  1.500000e+001
      vertex -4.152267e+001  1.713955e+001  1.000000e+001
      vertex -4.152267e+001  1.713955e+001  1.500000e+001
    endloop
  endfacet
  facet normal -8.258012e-002  9.965844e-001  0.000000e+000
    outer loop
      vertex -4.152267e+001  1.713955e+001  1.500000e+001
      vertex -4.152267e+001  1.713955e+001  1.000000e+001
      vertex -4.200000e+001  1.710000e+001  1.000000e+001
    endloop
  endfacet
  facet normal -8.258012e-002  9.965844e-001  0.000000e+000
    outer loop
      vertex -4.152267e+001  1.713955e+001  1.500000e+001
      vertex -4.200000e+001  1.710000e+001  1.000000e+001
      vertex -4.200000e+001  1.710000e+001  1.500000e+001
    endloop
  endfacet
  facet normal  9.863612e-001  1.645953e-001  0.000000e+000
    outer loop
      vertex -4.489009e+001  1.976052e+001  1.000000e+001
      vertex -4.481126e+001  1.928809e+001  1.500000e+001
      vertex -4.481126e+001  1.928809e+001  1.000000e+001
    endloop
  endfacet
  facet normal  9.458175e-001  3.246985e-001  -0.000000e+000
    outer loop
      vertex -4.481126e+001  1.928809e+001  1.000000e+001
      vertex -4.481126e+001  1.928809e+001  1.500000e+001
      vertex -4.465574e+001  1.883508e+001  1.500000e+001
    endloop
  endfacet
  facet normal  9.458175e-001  3.246985e-001  0.000000e+000
    outer loop
      vertex -4.481126e+001  1.928809e+001  1.000000e+001
      vertex -4.465574e+001  1.883508e+001  1.500000e+001
      vertex -4.465574e+001  1.883508e+001  1.000000e+001
    endloop
  endfacet
  facet normal  8.794745e-001  4.759461e-001  -0.000000e+000
    outer loop
      vertex -4.465574e+001  1.883508e+001  1.000000e+001
      vertex -4.465574e+001  1.883508e+001  1.500000e+001
      vertex -4.442778e+001  1.841385e+001  1.500000e+001
    endloop
  endfacet
  facet normal  8.794745e-001  4.759461e-001  0.000000e+000
    outer loop
      vertex -4.465574e+001  1.883508e+001  1.000000e+001
      vertex -4.442778e+001  1.841385e+001  1.500000e+001
      vertex -4.442778e+001  1.841385e+001  1.000000e+001
    endloop
  endfacet
  facet normal  7.891391e-001  6.142147e-001  -0.000000e+000
    outer loop
      vertex -4.442778e+001  1.841385e+001  1.000000e+001
      vertex -4.442778e+001  1.841385e+001  1.500000e+001
      vertex -4.413360e+001  1.803588e+001  1.500000e+001
    endloop
  endfacet
  facet normal  7.891391e-001  6.142147e-001  0.000000e+000
    outer loop
      vertex -4.442778e+001  1.841385e+001  1.000000e+001
      vertex -4.413360e+001  1.803588e+001  1.500000e+001
      vertex -4.413360e+001  1.803588e+001  1.000000e+001
    endloop
  endfacet
  facet normal  6.772808e-001  7.357246e-001  -0.000000e+000
    outer loop
      vertex -4.413360e+001  1.803588e+001  1.000000e+001
      vertex -4.413360e+001  1.803588e+001  1.500000e+001
      vertex -4.378122e+001  1.771149e+001  1.500000e+001
    endloop
  endfacet
  facet normal  6.772808e-001  7.357246e-001  0.000000e+000
    outer loop
      vertex -4.413360e+001  1.803588e+001  1.000000e+001
      vertex -4.378122e+001  1.771149e+001  1.500000e+001
      vertex -4.378122e+001  1.771149e+001  1.000000e+001
    endloop
  endfacet
  facet normal  5.469513e-001  8.371645e-001  -0.000000e+000
    outer loop
      vertex -4.378122e+001  1.771149e+001  1.000000e+001
      vertex -4.378122e+001  1.771149e+001  1.500000e+001
      vertex -4.338025e+001  1.744953e+001  1.500000e+001
    endloop
  endfacet
  facet normal  5.469513e-001  8.371645e-001  0.000000e+000
    outer loop
      vertex -4.378122e+001  1.771149e+001  1.000000e+001
      vertex -4.338025e+001  1.744953e+001  1.500000e+001
      vertex -4.338025e+001  1.744953e+001  1.000000e+001
    endloop
  endfacet
  facet normal  4.016935e-001  9.157741e-001  -0.000000e+000
    outer loop
      vertex -4.338025e+001  1.744953e+001  1.000000e+001
      vertex -4.338025e+001  1.744953e+001  1.500000e+001
      vertex -4.294163e+001  1.725713e+001  1.500000e+001
    endloop
  endfacet
  facet normal  4.016935e-001  9.157741e-001  0.000000e+000
    outer loop
      vertex -4.338025e+001  1.744953e+001  1.000000e+001
      vertex -4.294163e+001  1.725713e+001  1.500000e+001
      vertex -4.294163e+001  1.725713e+001  1.000000e+001
    endloop
  endfacet
  facet normal  2.454842e-001  9.694006e-001  -0.000000e+000
    outer loop
      vertex -4.294163e+001  1.725713e+001  1.000000e+001
      vertex -4.294163e+001  1.725713e+001  1.500000e+001
      vertex -4.247733e+001  1.713955e+001  1.500000e+001
    endloop
  endfacet
  facet normal  2.454842e-001  9.694006e-001  0.000000e+000
    outer loop
      vertex -4.294163e+001  1.725713e+001  1.000000e+001
      vertex -4.247733e+001  1.713955e+001  1.500000e+001
      vertex -4.247733e+001  1.713955e+001  1.000000e+001
    endloop
  endfacet
  facet normal  8.258012e-002  9.965844e-001  -0.000000e+000
    outer loop
      vertex -4.247733e+001  1.713955e+001  1.000000e+001
      vertex -4.247733e+001  1.713955e+001  1.500000e+001
      vertex -4.200000e+001  1.710000e+001  1.500000e+001
    endloop
  endfacet
  facet normal  8.258012e-002  9.965844e-001  0.000000e+000
    outer loop
      vertex -4.247733e+001  1.713955e+001  1.000000e+001
      vertex -4.200000e+001  1.710000e+001  1.500000e+001
      vertex -4.200000e+001  1.710000e+001  1.000000e+001
    endloop
  endfacet
  facet normal  9.863612e-001  1.645953e-001  -0.000000e+000
    outer loop
      vertex -4.481126e+001  1.928809e+001  1.500000e+001
      vertex -4.489009e+001  1.976052e+001  1.000000e+001
      vertex -4.489009e+001  1.976052e+001  1.500000e+001
    endloop
  endfacet
  facet normal  9.999999e-001  0.000000e+000  0.000000e+000
    outer loop
      vertex -4.489009e+001  1.976052e+001  1.500000e+001
      vertex -4.489009e+001  1.976052e+001  1.000000e+001
      vertex -4.489009e+001  2.023948e+001  1.000000e+001
    endloop
  endfacet
  facet normal  9.999999e-001  0.000000e+000  -0.000000e+000
    outer loop
      vertex -4.489009e+001  1.976052e+001  1.500000e+001
      vertex -4.489009e+001  2.023948e+001  1.000000e+001
      vertex -4.489009e+001  2.023948e+001  1.500000e+001
    endloop
  endfacet
  facet normal  9.863612e-001 -1.645953e-001  0.000000e+000
    outer loop
      vertex -4.489009e+001  2.023948e+001  1.500000e+001
      vertex -4.489009e+001  2.023948e+001  1.000000e+001
      vertex -4.481126e+001  2.071191e+001  1.000000e+001
    endloop
  endfacet
  facet normal  9.863612e-001 -1.645953e-001  0.000000e+000
    outer loop
      vertex -4.489009e+001  2.023948e+001  1.500000e+001
      vertex -4.481126e+001  2.071191e+001  1.000000e+001
      vertex -4.481126e+001  2.071191e+001  1.500000e+001
    endloop
  endfacet
  facet normal  9.458175e-001 -3.246985e-001  0.000000e+000
    outer loop
      vertex -4.481126e+001  2.071191e+001  1.500000e+001
      vertex -4.481126e+001  2.071191e+001  1.000000e+001
      vertex -4.465574e+001  2.116492e+001  1.000000e+001
    endloop
  endfacet
  facet normal  9.458175e-001 -3.246985e-001  0.000000e+000
    outer loop
      vertex -4.481126e+001  2.071191e+001  1.500000e+001
      vertex -4.465574e+001  2.116492e+001  1.000000e+001
      vertex -4.465574e+001  2.116492e+001  1.500000e+001
    endloop
  endfacet
  facet normal  8.794745e-001 -4.759461e-001  0.000000e+000
    outer loop
      vertex -4.465574e+001  2.116492e+001  1.500000e+001
      vertex -4.465574e+001  2.116492e+001  1.000000e+001
      vertex -4.442778e+001  2.158615e+001  1.000000e+001
    endloop
  endfacet
  facet normal  8.794745e-001 -4.759461e-001  0.000000e+000
    outer loop
      vertex -4.465574e+001  2.116492e+001  1.500000e+001
      vertex -4.442778e+001  2.158615e+001  1.000000e+001
      vertex -4.442778e+001  2.158615e+001  1.500000e+001
    endloop
  endfacet
  facet normal  7.891391e-001 -6.142147e-001  0.000000e+000
    outer loop
      vertex -4.442778e+001  2.158615e+001  1.500000e+001
      vertex -4.442778e+001  2.158615e+001  1.000000e+001
      vertex -4.413360e+001  2.196412e+001  1.000000e+001
    endloop
  endfacet
  facet normal  7.891391e-001 -6.142147e-001  0.000000e+000
    outer loop
      vertex -4.442778e+001  2.158615e+001  1.500000e+001
      vertex -4.413360e+001  2.196412e+001  1.000000e+001
      vertex -4.413360e+001  2.196412e+001  1.500000e+001
    endloop
  endfacet
  facet normal  6.772808e-001 -7.357246e-001  0.000000e+000
    outer loop
      vertex -4.413360e+001  2.196412e+001  1.500000e+001
      vertex -4.413360e+001  2.196412e+001  1.000000e+001
      vertex -4.378122e+001  2.228851e+001  1.000000e+001
    endloop
  endfacet
  facet normal  6.772808e-001 -7.357246e-001  0.000000e+000
    outer loop
      vertex -4.413360e+001  2.196412e+001  1.500000e+001
      vertex -4.378122e+001  2.228851e+001  1.000000e+001
      vertex -4.378122e+001  2.228851e+001  1.500000e+001
    endloop
  endfacet
  facet normal  5.469513e-001 -8.371645e-001  0.000000e+000
    outer loop
      vertex -4.378122e+001  2.228851e+001  1.500000e+001
      vertex -4.378122e+001  2.228851e+001  1.000000e+001
      vertex -4.338025e+001  2.255047e+001  1.000000e+001
    endloop
  endfacet
  facet normal  5.469513e-001 -8.371645e-001  0.000000e+000
    outer loop
      vertex -4.378122e+001  2.228851e+001  1.500000e+001
      vertex -4.338025e+001  2.255047e+001  1.000000e+001
      vertex -4.338025e+001  2.255047e+001  1.500000e+001
    endloop
  endfacet
  facet normal  4.016935e-001 -9.157741e-001  0.000000e+000
    outer loop
      vertex -4.338025e+001  2.255047e+001  1.500000e+001
      vertex -4.338025e+001  2.255047e+001  1.000000e+001
      vertex -4.294163e+001  2.274287e+001  1.000000e+001
    endloop
  endfacet
  facet normal  4.016935e-001 -9.157741e-001  0.000000e+000
    outer loop
      vertex -4.338025e+001  2.255047e+001  1.500000e+001
      vertex -4.294163e+001  2.274287e+001  1.000000e+001
      vertex -4.294163e+001  2.274287e+001  1.500000e+001
    endloop
  endfacet
  facet normal  2.454842e-001 -9.694006e-001  0.000000e+000
    outer loop
      vertex -4.294163e+001  2.274287e+001  1.500000e+001
      vertex -4.294163e+001  2.274287e+001  1.000000e+001
      vertex -4.247733e+001  2.286045e+001  1.000000e+001
    endloop
  endfacet
  facet normal  2.454842e-001 -9.694006e-001  0.000000e+000
    outer loop
      vertex -4.294163e+001  2.274287e+001  1.500000e+001
      vertex -4.247733e+001  2.286045e+001  1.000000e+001
      vertex -4.247733e+001  2.286045e+001  1.500000e+001
    endloop
  endfacet
  facet normal  8.258012e-002 -9.965844e-001  0.000000e+000
    outer loop
      vertex -4.247733e+001  2.286045e+001  1.500000e+001
      vertex -4.247733e+001  2.286045e+001  1.000000e+001
      vertex -4.200000e+001  2.290000e+001  1.000000e+001
    endloop
  endfacet
  facet normal  8.258012e-002 -9.965844e-001  0.000000e+000
    outer loop
      vertex -4.247733e+001  2.286045e+001  1.500000e+001
      vertex -4.200000e+001  2.290000e+001  1.000000e+001
      vertex -4.200000e+001  2.290000e+001  1.500000e+001
    endloop
  endfacet
  facet normal -9.961950e-001 -8.715240e-002  -0.000000e+000
    outer loop
      vertex  3.264000e+001 -4.500000e+001 -1.000000e+001
      vertex  3.260202e+001 -4.456588e+001 -5.000000e+000
      vertex  3.260202e+001 -4.456588e+001 -1.000000e+001
    endloop
  endfacet
  facet normal -9.659249e-001 -2.588224e-001  0.000000e+000
    outer loop
      vertex  3.260202e+001 -4.456588e+001 -1.000000e+001
      vertex  3.260202e+001 -4.456588e+001 -5.000000e+000
      vertex  3.248923e+001 -4.414495e+001 -5.000000e+000
    endloop
  endfacet
  facet normal -9.659249e-001 -2.588224e-001  -0.000000e+000
    outer loop
      vertex  3.260202e+001 -4.456588e+001 -1.000000e+001
      vertex  3.248923e+001 -4.414495e+001 -5.000000e+000
      vertex  3.248923e+001 -4.414495e+001 -1.000000e+001
    endloop
  endfacet
  facet normal -9.063101e-001 -4.226132e-001  0.000000e+000
    outer loop
      vertex  3.248923e+001 -4.414495e+001 -1.000000e+001
      vertex  3.248923e+001 -4.414495e+001 -5.000000e+000
      vertex  3.230507e+001 -4.375000e+001 -5.000000e+000
    endloop
  endfacet
  facet normal -9.063101e-001 -4.226132e-001  -0.000000e+000
    outer loop
      vertex  3.248923e+001 -4.414495e+001 -1.000000e+001
      vertex  3.230507e+001 -4.375000e+001 -5.000000e+000
      vertex  3.230507e+001 -4.375000e+001 -1.000000e+001
    endloop
  endfacet
  facet normal -8.191493e-001 -5.735804e-001  0.000000e+000
    outer loop
      vertex  3.230507e+001 -4.375000e+001 -1.000000e+001
      vertex  3.230507e+001 -4.375000e+001 -5.000000e+000
      vertex  3.205511e+001 -4.339303e+001 -5.000000e+000
    endloop
  endfacet
  facet normal -8.191493e-001 -5.735804e-001  -0.000000e+000
    outer loop
      vertex  3.230507e+001 -4.375000e+001 -1.000000e+001
      vertex  3.205511e+001 -4.339303e+001 -5.000000e+000
      vertex  3.205511e+001 -4.339303e+001 -1.000000e+001
    endloop
  endfacet
  facet normal -7.071090e-001 -7.071046e-001  0.000000e+000
    outer loop
      vertex  3.205511e+001 -4.339303e+001 -1.000000e+001
      vertex  3.205511e+001 -4.339303e+001 -5.000000e+000
      vertex  3.174697e+001 -4.308489e+001 -5.000000e+000
    endloop
  endfacet
  facet normal -7.071090e-001 -7.071046e-001  -0.000000e+000
    outer loop
      vertex  3.205511e+001 -4.339303e+001 -1.000000e+001
      vertex  3.174697e+001 -4.308489e+001 -5.000000e+000
      vertex  3.174697e+001 -4.308489e+001 -1.000000e+001
    endloop
  endfacet
  facet normal -5.735725e-001 -8.191548e-001  0.000000e+000
    outer loop
      vertex  3.174697e+001 -4.308489e+001 -1.000000e+001
      vertex  3.174697e+001 -4.308489e+001 -5.000000e+000
      vertex  3.139000e+001 -4.283494e+001 -5.000000e+000
    endloop
  endfacet
  facet normal -5.735725e-001 -8.191548e-001  -0.000000e+000
    outer loop
      vertex  3.174697e+001 -4.308489e+001 -1.000000e+001
      vertex  3.139000e+001 -4.283494e+001 -5.000000e+000
      vertex  3.139000e+001 -4.283494e+001 -1.000000e+001
    endloop
  endfacet
  facet normal -4.226221e-001 -9.063060e-001  0.000000e+000
    outer loop
      vertex  3.139000e+001 -4.283494e+001 -1.000000e+001
      vertex  3.139000e+001 -4.283494e+001 -5.000000e+000
      vertex  3.099505e+001 -4.265077e+001 -5.000000e+000
    endloop
  endfacet
  facet normal -4.226221e-001 -9.063060e-001  -0.000000e+000
    outer loop
      vertex  3.139000e+001 -4.283494e+001 -1.000000e+001
      vertex  3.099505e+001 -4.265077e+001 -5.000000e+000
      vertex  3.099505e+001 -4.265077e+001 -1.000000e+001
    endloop
  endfacet
  facet normal -2.588213e-001 -9.659252e-001  0.000000e+000
    outer loop
      vertex  3.099505e+001 -4.265077e+001 -1.000000e+001
      vertex  3.099505e+001 -4.265077e+001 -5.000000e+000
      vertex  3.057412e+001 -4.253798e+001 -5.000000e+000
    endloop
  endfacet
  facet normal -2.588213e-001 -9.659252e-001  -0.000000e+000
    outer loop
      vertex  3.099505e+001 -4.265077e+001 -1.000000e+001
      vertex  3.057412e+001 -4.253798e+001 -5.000000e+000
      vertex  3.057412e+001 -4.253798e+001 -1.000000e+001
    endloop
  endfacet
  facet normal -8.715240e-002 -9.961950e-001  0.000000e+000
    outer loop
      vertex  3.057412e+001 -4.253798e+001 -1.000000e+001
      vertex  3.057412e+001 -4.253798e+001 -5.000000e+000
      vertex  3.014000e+001 -4.250000e+001 -5.000000e+000
    endloop
  endfacet
  facet normal -8.715240e-002 -9.961950e-001  -0.000000e+000
    outer loop
      vertex  3.057412e+001 -4.253798e+001 -1.000000e+001
      vertex  3.014000e+001 -4.250000e+001 -5.000000e+000
      vertex  3.014000e+001 -4.250000e+001 -1.000000e+001
    endloop
  endfacet
  facet normal -9.961950e-001 -8.715240e-002  0.000000e+000
    outer loop
      vertex  3.260202e+001 -4.456588e+001 -5.000000e+000
      vertex  3.264000e+001 -4.500000e+001 -1.000000e+001
      vertex  3.264000e+001 -4.500000e+001 -5.000000e+000
    endloop
  endfacet
  facet normal -9.961950e-001  8.715240e-002  0.000000e+000
    outer loop
      vertex  3.264000e+001 -4.500000e+001 -5.000000e+000
      vertex  3.264000e+001 -4.500000e+001 -1.000000e+001
      vertex  3.260202e+001 -4.543412e+001 -1.000000e+001
    endloop
  endfacet
  facet normal -9.961950e-001  8.715240e-002  0.000000e+000
    outer loop
      vertex  3.264000e+001 -4.500000e+001 -5.000000e+000
      vertex  3.260202e+001 -4.543412e+001 -1.000000e+001
      vertex  3.260202e+001 -4.543412e+001 -5.000000e+000
    endloop
  endfacet
  facet normal -9.659249e-001  2.588224e-001  0.000000e+000
    outer loop
      vertex  3.260202e+001 -4.543412e+001 -5.000000e+000
      vertex  3.260202e+001 -4.543412e+001 -1.000000e+001
      vertex  3.248923e+001 -4.585505e+001 -1.000000e+001
    endloop
  endfacet
  facet normal -9.659249e-001  2.588224e-001  0.000000e+000
    outer loop
      vertex  3.260202e+001 -4.543412e+001 -5.000000e+000
      vertex  3.248923e+001 -4.585505e+001 -1.000000e+001
      vertex  3.248923e+001 -4.585505e+001 -5.000000e+000
    endloop
  endfacet
  facet normal -9.063101e-001  4.226132e-001  0.000000e+000
    outer loop
      vertex  3.248923e+001 -4.585505e+001 -5.000000e+000
      vertex  3.248923e+001 -4.585505e+001 -1.000000e+001
      vertex  3.230507e+001 -4.625000e+001 -1.000000e+001
    endloop
  endfacet
  facet normal -9.063101e-001  4.226132e-001  0.000000e+000
    outer loop
      vertex  3.248923e+001 -4.585505e+001 -5.000000e+000
      vertex  3.230507e+001 -4.625000e+001 -1.000000e+001
      vertex  3.230507e+001 -4.625000e+001 -5.000000e+000
    endloop
  endfacet
  facet normal -8.191493e-001  5.735804e-001  0.000000e+000
    outer loop
      vertex  3.230507e+001 -4.625000e+001 -5.000000e+000
      vertex  3.230507e+001 -4.625000e+001 -1.000000e+001
      vertex  3.205511e+001 -4.660697e+001 -1.000000e+001
    endloop
  endfacet
  facet normal -8.191493e-001  5.735804e-001  0.000000e+000
    outer loop
      vertex  3.230507e+001 -4.625000e+001 -5.000000e+000
      vertex  3.205511e+001 -4.660697e+001 -1.000000e+001
      vertex  3.205511e+001 -4.660697e+001 -5.000000e+000
    endloop
  endfacet
  facet normal -7.071090e-001  7.071046e-001  0.000000e+000
    outer loop
      vertex  3.205511e+001 -4.660697e+001 -5.000000e+000
      vertex  3.205511e+001 -4.660697e+001 -1.000000e+001
      vertex  3.174697e+001 -4.691511e+001 -1.000000e+001
    endloop
  endfacet
  facet normal -7.071090e-001  7.071046e-001  0.000000e+000
    outer loop
      vertex  3.205511e+001 -4.660697e+001 -5.000000e+000
      vertex  3.174697e+001 -4.691511e+001 -1.000000e+001
      vertex  3.174697e+001 -4.691511e+001 -5.000000e+000
    endloop
  endfacet
  facet normal -5.735725e-001  8.191548e-001  0.000000e+000
    outer loop
      vertex  3.174697e+001 -4.691511e+001 -5.000000e+000
      vertex  3.174697e+001 -4.691511e+001 -1.000000e+001
      vertex  3.139000e+001 -4.716506e+001 -1.000000e+001
    endloop
  endfacet
  facet normal -5.735725e-001  8.191548e-001  0.000000e+000
    outer loop
      vertex  3.174697e+001 -4.691511e+001 -5.000000e+000
      vertex  3.139000e+001 -4.716506e+001 -1.000000e+001
      vertex  3.139000e+001 -4.716506e+001 -5.000000e+000
    endloop
  endfacet
  facet normal -4.226221e-001  9.063060e-001  0.000000e+000
    outer loop
      vertex  3.139000e+001 -4.716506e+001 -5.000000e+000
      vertex  3.139000e+001 -4.716506e+001 -1.000000e+001
      vertex  3.099505e+001 -4.734923e+001 -1.000000e+001
    endloop
  endfacet
  facet normal -4.226221e-001  9.063060e-001  0.000000e+000
    outer loop
      vertex  3.139000e+001 -4.716506e+001 -5.000000e+000
      vertex  3.099505e+001 -4.734923e+001 -1.000000e+001
      vertex  3.099505e+001 -4.734923e+001 -5.000000e+000
    endloop
  endfacet
  facet normal -2.588213e-001  9.659252e-001  0.000000e+000
    outer loop
      vertex  3.099505e+001 -4.734923e+001 -5.000000e+000
      vertex  3.099505e+001 -4.734923e+001 -1.000000e+001
      vertex  3.057412e+001 -4.746202e+001 -1.000000e+001
    endloop
  endfacet
  facet normal -2.588213e-001  9.659252e-001  0.000000e+000
    outer loop
      vertex  3.099505e+001 -4.734923e+001 -5.000000e+000
      vertex  3.057412e+001 -4.746202e+001 -1.000000e+001
      vertex  3.057412e+001 -4.746202e+001 -5.000000e+000
    endloop
  endfacet
  facet normal -8.715240e-002  9.961950e-001  0.000000e+000
    outer loop
      vertex  3.057412e+001 -4.746202e+001 -5.000000e+000
      vertex  3.057412e+001 -4.746202e+001 -1.000000e+001
      vertex  3.014000e+001 -4.750000e+001 -1.000000e+001
    endloop
  endfacet
  facet normal -8.715240e-002  9.961950e-001  0.000000e+000
    outer loop
      vertex  3.057412e+001 -4.746202e+001 -5.000000e+000
      vertex  3.014000e+001 -4.750000e+001 -1.000000e+001
      vertex  3.014000e+001 -4.750000e+001 -5.000000e+000
    endloop
  endfacet
  facet normal  9.961947e-001  8.715675e-002  0.000000e+000
    outer loop
      vertex  2.764000e+001 -4.500000e+001 -1.000000e+001
      vertex  2.767798e+001 -4.543412e+001 -5.000000e+000
      vertex  2.767798e+001 -4.543412e+001 -1.000000e+001
    endloop
  endfacet
  facet normal  9.659259e-001  2.588183e-001  -0.000000e+000
    outer loop
      vertex  2.767798e+001 -4.543412e+001 -1.000000e+001
      vertex  2.767798e+001 -4.543412e+001 -5.000000e+000
      vertex  2.779077e+001 -4.585505e+001 -5.000000e+000
    endloop
  endfacet
  facet normal  9.659259e-001  2.588183e-001  0.000000e+000
    outer loop
      vertex  2.767798e+001 -4.543412e+001 -1.000000e+001
      vertex  2.779077e+001 -4.585505e+001 -5.000000e+000
      vertex  2.779077e+001 -4.585505e+001 -1.000000e+001
    endloop
  endfacet
  facet normal  9.063067e-001  4.226204e-001  -0.000000e+000
    outer loop
      vertex  2.779077e+001 -4.585505e+001 -1.000000e+001
      vertex  2.779077e+001 -4.585505e+001 -5.000000e+000
      vertex  2.797494e+001 -4.625000e+001 -5.000000e+000
    endloop
  endfacet
  facet normal  9.063067e-001  4.226204e-001  0.000000e+000
    outer loop
      vertex  2.779077e+001 -4.585505e+001 -1.000000e+001
      vertex  2.797494e+001 -4.625000e+001 -5.000000e+000
      vertex  2.797494e+001 -4.625000e+001 -1.000000e+001
    endloop
  endfacet
  facet normal  8.191513e-001  5.735775e-001  -0.000000e+000
    outer loop
      vertex  2.797494e+001 -4.625000e+001 -1.000000e+001
      vertex  2.797494e+001 -4.625000e+001 -5.000000e+000
      vertex  2.822489e+001 -4.660697e+001 -5.000000e+000
    endloop
  endfacet
  facet normal  8.191513e-001  5.735775e-001  0.000000e+000
    outer loop
      vertex  2.797494e+001 -4.625000e+001 -1.000000e+001
      vertex  2.822489e+001 -4.660697e+001 -5.000000e+000
      vertex  2.822489e+001 -4.660697e+001 -1.000000e+001
    endloop
  endfacet
  facet normal  7.071090e-001  7.071046e-001  -0.000000e+000
    outer loop
      vertex  2.822489e+001 -4.660697e+001 -1.000000e+001
      vertex  2.822489e+001 -4.660697e+001 -5.000000e+000
      vertex  2.853303e+001 -4.691511e+001 -5.000000e+000
    endloop
  endfacet
  facet normal  7.071090e-001  7.071046e-001  0.000000e+000
    outer loop
      vertex  2.822489e+001 -4.660697e+001 -1.000000e+001
      vertex  2.853303e+001 -4.691511e+001 -5.000000e+000
      vertex  2.853303e+001 -4.691511e+001 -1.000000e+001
    endloop
  endfacet
  facet normal  5.735746e-001  8.191534e-001  -0.000000e+000
    outer loop
      vertex  2.853303e+001 -4.691511e+001 -1.000000e+001
      vertex  2.853303e+001 -4.691511e+001 -5.000000e+000
      vertex  2.889000e+001 -4.716506e+001 -5.000000e+000
    endloop
  endfacet
  facet normal  5.735746e-001  8.191534e-001  0.000000e+000
    outer loop
      vertex  2.853303e+001 -4.691511e+001 -1.000000e+001
      vertex  2.889000e+001 -4.716506e+001 -5.000000e+000
      vertex  2.889000e+001 -4.716506e+001 -1.000000e+001
    endloop
  endfacet
  facet normal  4.226204e-001  9.063067e-001  -0.000000e+000
    outer loop
      vertex  2.889000e+001 -4.716506e+001 -1.000000e+001
      vertex  2.889000e+001 -4.716506e+001 -5.000000e+000
      vertex  2.928495e+001 -4.734923e+001 -5.000000e+000
    endloop
  endfacet
  facet normal  4.226204e-001  9.063067e-001  0.000000e+000
    outer loop
      vertex  2.889000e+001 -4.716506e+001 -1.000000e+001
      vertex  2.928495e+001 -4.734923e+001 -5.000000e+000
      vertex  2.928495e+001 -4.734923e+001 -1.000000e+001
    endloop
  endfacet
  facet normal  2.588224e-001  9.659249e-001  -0.000000e+000
    outer loop
      vertex  2.928495e+001 -4.734923e+001 -1.000000e+001
      vertex  2.928495e+001 -4.734923e+001 -5.000000e+000
      vertex  2.970588e+001 -4.746202e+001 -5.000000e+000
    endloop
  endfacet
  facet normal  2.588224e-001  9.659249e-001  0.000000e+000
    outer loop
      vertex  2.928495e+001 -4.734923e+001 -1.000000e+001
      vertex  2.970588e+001 -4.746202e+001 -5.000000e+000
      vertex  2.970588e+001 -4.746202e+001 -1.000000e+001
    endloop
  endfacet
  facet normal  8.715240e-002  9.961950e-001  -0.000000e+000
    outer loop
      vertex  2.970588e+001 -4.746202e+001 -1.000000e+001
      vertex  2.970588e+001 -4.746202e+001 -5.000000e+000
      vertex  3.014000e+001 -4.750000e+001 -5.000000e+000
    endloop
  endfacet
  facet normal  8.715240e-002  9.961950e-001  0.000000e+000
    outer loop
      vertex  2.970588e+001 -4.746202e+001 -1.000000e+001
      vertex  3.014000e+001 -4.750000e+001 -5.000000e+000
      vertex  3.014000e+001 -4.750000e+001 -1.000000e+001
    endloop
  endfacet
  facet normal  9.961947e-001  8.715675e-002  -0.000000e+000
    outer loop
      vertex  2.767798e+001 -4.543412e+001 -5.000000e+000
      vertex  2.764000e+001 -4.500000e+001 -1.000000e+001
      vertex  2.764000e+001 -4.500000e+001 -5.000000e+000
    endloop
  endfacet
  facet normal  9.961947e-001 -8.715675e-002  0.000000e+000
    outer loop
      vertex  2.764000e+001 -4.500000e+001 -5.000000e+000
      vertex  2.764000e+001 -4.500000e+001 -1.000000e+001
      vertex  2.767798e+001 -4.456588e+001 -1.000000e+001
    endloop
  endfacet
  facet normal  9.961947e-001 -8.715675e-002  0.000000e+000
    outer loop
      vertex  2.764000e+001 -4.500000e+001 -5.000000e+000
      vertex  2.767798e+001 -4.456588e+001 -1.000000e+001
      vertex  2.767798e+001 -4.456588e+001 -5.000000e+000
    endloop
  endfacet
  facet normal  9.659259e-001 -2.588183e-001  0.000000e+000
    outer loop
      vertex  2.767798e+001 -4.456588e+001 -5.000000e+000
      vertex  2.767798e+001 -4.456588e+001 -1.000000e+001
      vertex  2.779077e+001 -4.414495e+001 -1.000000e+001
    endloop
  endfacet
  facet normal  9.659259e-001 -2.588183e-001  0.000000e+000
    outer loop
      vertex  2.767798e+001 -4.456588e+001 -5.000000e+000
      vertex  2.779077e+001 -4.414495e+001 -1.000000e+001
      vertex  2.779077e+001 -4.414495e+001 -5.000000e+000
    endloop
  endfacet
  facet normal  9.063067e-001 -4.226204e-001  0.000000e+000
    outer loop
      vertex  2.779077e+001 -4.414495e+001 -5.000000e+000
      vertex  2.779077e+001 -4.414495e+001 -1.000000e+001
      vertex  2.797494e+001 -4.375000e+001 -1.000000e+001
    endloop
  endfacet
  facet normal  9.063067e-001 -4.226204e-001  0.000000e+000
    outer loop
      vertex  2.779077e+001 -4.414495e+001 -5.000000e+000
      vertex  2.797494e+001 -4.375000e+001 -1.000000e+001
      vertex  2.797494e+001 -4.375000e+001 -5.000000e+000
    endloop
  endfacet
  facet normal  8.191513e-001 -5.735775e-001  0.000000e+000
    outer loop
      vertex  2.797494e+001 -4.375000e+001 -5.000000e+000
      vertex  2.797494e+001 -4.375000e+001 -1.000000e+001
      vertex  2.822489e+001 -4.339303e+001 -1.000000e+001
    endloop
  endfacet
  facet normal  8.191513e-001 -5.735775e-001  0.000000e+000
    outer loop
      vertex  2.797494e+001 -4.375000e+001 -5.000000e+000
      vertex  2.822489e+001 -4.339303e+001 -1.000000e+001
      vertex  2.822489e+001 -4.339303e+001 -5.000000e+000
    endloop
  endfacet
  facet normal  7.071090e-001 -7.071046e-001  0.000000e+000
    outer loop
      vertex  2.822489e+001 -4.339303e+001 -5.000000e+000
      vertex  2.822489e+001 -4.339303e+001 -1.000000e+001
      vertex  2.853303e+001 -4.308489e+001 -1.000000e+001
    endloop
  endfacet
  facet normal  7.071090e-001 -7.071046e-001  0.000000e+000
    outer loop
      vertex  2.822489e+001 -4.339303e+001 -5.000000e+000
      vertex  2.853303e+001 -4.308489e+001 -1.000000e+001
      vertex  2.853303e+001 -4.308489e+001 -5.000000e+000
    endloop
  endfacet
  facet normal  5.735746e-001 -8.191534e-001  0.000000e+000
    outer loop
      vertex  2.853303e+001 -4.308489e+001 -5.000000e+000
      vertex  2.853303e+001 -4.308489e+001 -1.000000e+001
      vertex  2.889000e+001 -4.283494e+001 -1.000000e+001
    endloop
  endfacet
  facet normal  5.735746e-001 -8.191534e-001  0.000000e+000
    outer loop
      vertex  2.853303e+001 -4.308489e+001 -5.000000e+000
      vertex  2.889000e+001 -4.283494e+001 -1.000000e+001
      vertex  2.889000e+001 -4.283494e+001 -5.000000e+000
    endloop
  endfacet
  facet normal  4.226204e-001 -9.063067e-001  0.000000e+000
    outer loop
      vertex  2.889000e+001 -4.283494e+001 -5.000000e+000
      vertex  2.889000e+001 -4.283494e+001 -1.000000e+001
      vertex  2.928495e+001 -4.265077e+001 -1.000000e+001
    endloop
  endfacet
  facet normal  4.226204e-001 -9.063067e-001  0.000000e+000
    outer loop
      vertex  2.889000e+001 -4.283494e+001 -5.000000e+000
      vertex  2.928495e+001 -4.265077e+001 -1.000000e+001
      vertex  2.928495e+001 -4.265077e+001 -5.000000e+000
    endloop
  endfacet
  facet normal  2.588224e-001 -9.659249e-001  0.000000e+000
    outer loop
      vertex  2.928495e+001 -4.265077e+001 -5.000000e+000
      vertex  2.928495e+001 -4.265077e+001 -1.000000e+001
      vertex  2.970588e+001 -4.253798e+001 -1.000000e+001
    endloop
  endfacet
  facet normal  2.588224e-001 -9.659249e-001  0.000000e+000
    outer loop
      vertex  2.928495e+001 -4.265077e+001 -5.000000e+000
      vertex  2.970588e+001 -4.253798e+001 -1.000000e+001
      vertex  2.970588e+001 -4.253798e+001 -5.000000e+000
    endloop
  endfacet
  facet normal  8.715240e-002 -9.961950e-001  0.000000e+000
    outer loop
      vertex  2.970588e+001 -4.253798e+001 -5.000000e+000
      vertex  2.970588e+001 -4.253798e+001 -1.000000e+001
      vertex  3.014000e+001 -4.250000e+001 -1.000000e+001
    endloop
  endfacet
  facet normal  8.715240e-002 -9.961950e-001  0.000000e+000
    outer loop
      vertex  2.970588e+001 -4.253798e+001 -5.000000e+000
      vertex  3.014000e+001 -4.250000e+001 -1.000000e+001
      vertex  3.014000e+001 -4.250000e+001 -5.000000e+000
    endloop
  endfacet
  facet normal -9.961950e-001 -8.715240e-002  -0.000000e+000
    outer loop
      vertex -5.050000e+001 -3.000000e+001 -1.000000e+001
      vertex -5.053798e+001 -2.956588e+001 -5.000000e+000
      vertex -5.053798e+001 -2.956588e+001 -1.000000e+001
    endloop
  endfacet
  facet normal -9.659252e-001 -2.588213e-001  0.000000e+000
    outer loop
      vertex -5.053798e+001 -2.956588e+001 -1.000000e+001
      vertex -5.053798e+001 -2.956588e+001 -5.000000e+000
      vertex -5.065077e+001 -2.914495e+001 -5.000000e+000
    endloop
  endfacet
  facet normal -9.659252e-001 -2.588213e-001  -0.000000e+000
    outer loop
      vertex -5.053798e+001 -2.956588e+001 -1.000000e+001
      vertex -5.065077e+001 -2.914495e+001 -5.000000e+000
      vertex -5.065077e+001 -2.914495e+001 -1.000000e+001
    endloop
  endfacet
  facet normal -9.063060e-001 -4.226221e-001  0.000000e+000
    outer loop
      vertex -5.065077e+001 -2.914495e+001 -1.000000e+001
      vertex -5.065077e+001 -2.914495e+001 -5.000000e+000
      vertex -5.083494e+001 -2.875000e+001 -5.000000e+000
    endloop
  endfacet
  facet normal -9.063060e-001 -4.226221e-001  -0.000000e+000
    outer loop
      vertex -5.065077e+001 -2.914495e+001 -1.000000e+001
      vertex -5.083494e+001 -2.875000e+001 -5.000000e+000
      vertex -5.083494e+001 -2.875000e+001 -1.000000e+001
    endloop
  endfacet
  facet normal -8.191548e-001 -5.735725e-001  0.000000e+000
    outer loop
      vertex -5.083494e+001 -2.875000e+001 -1.000000e+001
      vertex -5.083494e+001 -2.875000e+001 -5.000000e+000
      vertex -5.108489e+001 -2.839303e+001 -5.000000e+000
    endloop
  endfacet
  facet normal -8.191548e-001 -5.735725e-001  -0.000000e+000
    outer loop
      vertex -5.083494e+001 -2.875000e+001 -1.000000e+001
      vertex -5.108489e+001 -2.839303e+001 -5.000000e+000
      vertex -5.108489e+001 -2.839303e+001 -1.000000e+001
    endloop
  endfacet
  facet normal -7.071046e-001 -7.071090e-001  0.000000e+000
    outer loop
      vertex -5.108489e+001 -2.839303e+001 -1.000000e+001
      vertex -5.108489e+001 -2.839303e+001 -5.000000e+000
      vertex -5.139303e+001 -2.808489e+001 -5.000000e+000
    endloop
  endfacet
  facet normal -7.071046e-001 -7.071090e-001  -0.000000e+000
    outer loop
      vertex -5.108489e+001 -2.839303e+001 -1.000000e+001
      vertex -5.139303e+001 -2.808489e+001 -5.000000e+000
      vertex -5.139303e+001 -2.808489e+001 -1.000000e+001
    endloop
  endfacet
  facet normal -5.735775e-001 -8.191513e-001  0.000000e+000
    outer loop
      vertex -5.139303e+001 -2.808489e+001 -1.000000e+001
      vertex -5.139303e+001 -2.808489e+001 -5.000000e+000
      vertex -5.175000e+001 -2.783494e+001 -5.000000e+000
    endloop
  endfacet
  facet normal -5.735775e-001 -8.191513e-001  -0.000000e+000
    outer loop
      vertex -5.139303e+001 -2.808489e+001 -1.000000e+001
      vertex -5.175000e+001 -2.783494e+001 -5.000000e+000
      vertex -5.175000e+001 -2.783494e+001 -1.000000e+001
    endloop
  endfacet
  facet normal -4.226168e-001 -9.063084e-001  0.000000e+000
    outer loop
      vertex -5.175000e+001 -2.783494e+001 -1.000000e+001
      vertex -5.175000e+001 -2.783494e+001 -5.000000e+000
      vertex -5.214495e+001 -2.765077e+001 -5.000000e+000
    endloop
  endfacet
  facet normal -4.226168e-001 -9.063084e-001  -0.000000e+000
    outer loop
      vertex -5.175000e+001 -2.783494e+001 -1.000000e+001
      vertex -5.214495e+001 -2.765077e+001 -5.000000e+000
      vertex -5.214495e+001 -2.765077e+001 -1.000000e+001
    endloop
  endfacet
  facet normal -2.588183e-001 -9.659259e-001  0.000000e+000
    outer loop
      vertex -5.214495e+001 -2.765077e+001 -1.000000e+001
      vertex -5.214495e+001 -2.765077e+001 -5.000000e+000
      vertex -5.256588e+001 -2.753798e+001 -5.000000e+000
    endloop
  endfacet
  facet normal -2.588183e-001 -9.659259e-001  -0.000000e+000
    outer loop
      vertex -5.214495e+001 -2.765077e+001 -1.000000e+001
      vertex -5.256588e+001 -2.753798e+001 -5.000000e+000
      vertex -5.256588e+001 -2.753798e+001 -1.000000e+001
    endloop
  endfacet
  facet normal -8.715675e-002 -9.961947e-001  0.000000e+000
    outer loop
      vertex -5.256588e+001 -2.753798e+001 -1.000000e+001
      vertex -5.256588e+001 -2.753798e+001 -5.000000e+000
      vertex -5.300000e+001 -2.750000e+001 -5.000000e+000
    endloop
  endfacet
  facet normal -8.715675e-002 -9.961947e-001  -0.000000e+000
    outer loop
      vertex -5.256588e+001 -2.753798e+001 -1.000000e+001
      vertex -5.300000e+001 -2.750000e+001 -5.000000e+000
      vertex -5.300000e+001 -2.750000e+001 -1.000000e+001
    endloop
  endfacet
  facet normal -9.961950e-001 -8.715240e-002  0.000000e+000
    outer loop
      vertex -5.053798e+001 -2.956588e+001 -5.000000e+000
      vertex -5.050000e+001 -3.000000e+001 -1.000000e+001
      vertex -5.050000e+001 -3.000000e+001 -5.000000e+000
    endloop
  endfacet
  facet normal -9.961950e-001  8.715240e-002  0.000000e+000
    outer loop
      vertex -5.050000e+001 -3.000000e+001 -5.000000e+000
      vertex -5.050000e+001 -3.000000e+001 -1.000000e+001
      vertex -5.053798e+001 -3.043412e+001 -1.000000e+001
    endloop
  endfacet
  facet normal -9.961950e-001  8.715240e-002  0.000000e+000
    outer loop
      vertex -5.050000e+001 -3.000000e+001 -5.000000e+000
      vertex -5.053798e+001 -3.043412e+001 -1.000000e+001
      vertex -5.053798e+001 -3.043412e+001 -5.000000e+000
    endloop
  endfacet
  facet normal -9.659252e-001  2.588213e-001  0.000000e+000
    outer loop
      vertex -5.053798e+001 -3.043412e+001 -5.000000e+000
      vertex -5.053798e+001 -3.043412e+001 -1.000000e+001
      vertex -5.065077e+001 -3.085505e+001 -1.000000e+001
    endloop
  endfacet
  facet normal -9.659252e-001  2.588213e-001  0.000000e+000
    outer loop
      vertex -5.053798e+001 -3.043412e+001 -5.000000e+000
      vertex -5.065077e+001 -3.085505e+001 -1.000000e+001
      vertex -5.065077e+001 -3.085505e+001 -5.000000e+000
    endloop
  endfacet
  facet normal -9.063060e-001  4.226221e-001  0.000000e+000
    outer loop
      vertex -5.065077e+001 -3.085505e+001 -5.000000e+000
      vertex -5.065077e+001 -3.085505e+001 -1.000000e+001
      vertex -5.083494e+001 -3.125000e+001 -1.000000e+001
    endloop
  endfacet
  facet normal -9.063060e-001  4.226221e-001  0.000000e+000
    outer loop
      vertex -5.065077e+001 -3.085505e+001 -5.000000e+000
      vertex -5.083494e+001 -3.125000e+001 -1.000000e+001
      vertex -5.083494e+001 -3.125000e+001 -5.000000e+000
    endloop
  endfacet
  facet normal -8.191548e-001  5.735725e-001  0.000000e+000
    outer loop
      vertex -5.083494e+001 -3.125000e+001 -5.000000e+000
      vertex -5.083494e+001 -3.125000e+001 -1.000000e+001
      vertex -5.108489e+001 -3.160697e+001 -1.000000e+001
    endloop
  endfacet
  facet normal -8.191548e-001  5.735725e-001  0.000000e+000
    outer loop
      vertex -5.083494e+001 -3.125000e+001 -5.000000e+000
      vertex -5.108489e+001 -3.160697e+001 -1.000000e+001
      vertex -5.108489e+001 -3.160697e+001 -5.000000e+000
    endloop
  endfacet
  facet normal -7.071046e-001  7.071090e-001  0.000000e+000
    outer loop
      vertex -5.108489e+001 -3.160697e+001 -5.000000e+000
      vertex -5.108489e+001 -3.160697e+001 -1.000000e+001
      vertex -5.139303e+001 -3.191511e+001 -1.000000e+001
    endloop
  endfacet
  facet normal -7.071046e-001  7.071090e-001  0.000000e+000
    outer loop
      vertex -5.108489e+001 -3.160697e+001 -5.000000e+000
      vertex -5.139303e+001 -3.191511e+001 -1.000000e+001
      vertex -5.139303e+001 -3.191511e+001 -5.000000e+000
    endloop
  endfacet
  facet normal -5.735746e-001  8.191534e-001  0.000000e+000
    outer loop
      vertex -5.139303e+001 -3.191511e+001 -5.000000e+000
      vertex -5.139303e+001 -3.191511e+001 -1.000000e+001
      vertex -5.175000e+001 -3.216506e+001 -1.000000e+001
    endloop
  endfacet
  facet normal -5.735746e-001  8.191534e-001  0.000000e+000
    outer loop
      vertex -5.139303e+001 -3.191511e+001 -5.000000e+000
      vertex -5.175000e+001 -3.216506e+001 -1.000000e+001
      vertex -5.175000e+001 -3.216506e+001 -5.000000e+000
    endloop
  endfacet
  facet normal -4.226204e-001  9.063067e-001  0.000000e+000
    outer loop
      vertex -5.175000e+001 -3.216506e+001 -5.000000e+000
      vertex -5.175000e+001 -3.216506e+001 -1.000000e+001
      vertex -5.214495e+001 -3.234923e+001 -1.000000e+001
    endloop
  endfacet
  facet normal -4.226204e-001  9.063067e-001  0.000000e+000
    outer loop
      vertex -5.175000e+001 -3.216506e+001 -5.000000e+000
      vertex -5.214495e+001 -3.234923e+001 -1.000000e+001
      vertex -5.214495e+001 -3.234923e+001 -5.000000e+000
    endloop
  endfacet
  facet normal -2.588224e-001  9.659249e-001  0.000000e+000
    outer loop
      vertex -5.214495e+001 -3.234923e+001 -5.000000e+000
      vertex -5.214495e+001 -3.234923e+001 -1.000000e+001
      vertex -5.256588e+001 -3.246202e+001 -1.000000e+001
    endloop
  endfacet
  facet normal -2.588224e-001  9.659249e-001  0.000000e+000
    outer loop
      vertex -5.214495e+001 -3.234923e+001 -5.000000e+000
      vertex -5.256588e+001 -3.246202e+001 -1.000000e+001
      vertex -5.256588e+001 -3.246202e+001 -5.000000e+000
    endloop
  endfacet
  facet normal -8.715240e-002  9.961950e-001  0.000000e+000
    outer loop
      vertex -5.256588e+001 -3.246202e+001 -5.000000e+000
      vertex -5.256588e+001 -3.246202e+001 -1.000000e+001
      vertex -5.300000e+001 -3.250000e+001 -1.000000e+001
    endloop
  endfacet
  facet normal -8.715240e-002  9.961950e-001  0.000000e+000
    outer loop
      vertex -5.256588e+001 -3.246202e+001 -5.000000e+000
      vertex -5.300000e+001 -3.250000e+001 -1.000000e+001
      vertex -5.300000e+001 -3.250000e+001 -5.000000e+000
    endloop
  endfacet
  facet normal  9.961950e-001  8.715240e-002  0.000000e+000
    outer loop
      vertex -5.550000e+001 -3.000000e+001 -1.000000e+001
      vertex -5.546202e+001 -3.043412e+001 -5.000000e+000
      vertex -5.546202e+001 -3.043412e+001 -1.000000e+001
    endloop
  endfacet
  facet normal  9.659252e-001  2.588213e-001  -0.000000e+000
    outer loop
      vertex -5.546202e+001 -3.043412e+001 -1.000000e+001
      vertex -5.546202e+001 -3.043412e+001 -5.000000e+000
      vertex -5.534923e+001 -3.085505e+001 -5.000000e+000
    endloop
  endfacet
  facet normal  9.659252e-001  2.588213e-001  0.000000e+000
    outer loop
      vertex -5.546202e+001 -3.043412e+001 -1.000000e+001
      vertex -5.534923e+001 -3.085505e+001 -5.000000e+000
      vertex -5.534923e+001 -3.085505e+001 -1.000000e+001
    endloop
  endfacet
  facet normal  9.063060e-001  4.226221e-001  -0.000000e+000
    outer loop
      vertex -5.534923e+001 -3.085505e+001 -1.000000e+001
      vertex -5.534923e+001 -3.085505e+001 -5.000000e+000
      vertex -5.516506e+001 -3.125000e+001 -5.000000e+000
    endloop
  endfacet
  facet normal  9.063060e-001  4.226221e-001  0.000000e+000
    outer loop
      vertex -5.534923e+001 -3.085505e+001 -1.000000e+001
      vertex -5.516506e+001 -3.125000e+001 -5.000000e+000
      vertex -5.516506e+001 -3.125000e+001 -1.000000e+001
    endloop
  endfacet
  facet normal  8.191548e-001  5.735725e-001  -0.000000e+000
    outer loop
      vertex -5.516506e+001 -3.125000e+001 -1.000000e+001
      vertex -5.516506e+001 -3.125000e+001 -5.000000e+000
      vertex -5.491511e+001 -3.160697e+001 -5.000000e+000
    endloop
  endfacet
  facet normal  8.191548e-001  5.735725e-001  0.000000e+000
    outer loop
      vertex -5.516506e+001 -3.125000e+001 -1.000000e+001
      vertex -5.491511e+001 -3.160697e+001 -5.000000e+000
      vertex -5.491511e+001 -3.160697e+001 -1.000000e+001
    endloop
  endfacet
  facet normal  7.071046e-001  7.071090e-001  -0.000000e+000
    outer loop
      vertex -5.491511e+001 -3.160697e+001 -1.000000e+001
      vertex -5.491511e+001 -3.160697e+001 -5.000000e+000
      vertex -5.460697e+001 -3.191511e+001 -5.000000e+000
    endloop
  endfacet
  facet normal  7.071046e-001  7.071090e-001  0.000000e+000
    outer loop
      vertex -5.491511e+001 -3.160697e+001 -1.000000e+001
      vertex -5.460697e+001 -3.191511e+001 -5.000000e+000
      vertex -5.460697e+001 -3.191511e+001 -1.000000e+001
    endloop
  endfacet
  facet normal  5.735746e-001  8.191534e-001  -0.000000e+000
    outer loop
      vertex -5.460697e+001 -3.191511e+001 -1.000000e+001
      vertex -5.460697e+001 -3.191511e+001 -5.000000e+000
      vertex -5.425000e+001 -3.216506e+001 -5.000000e+000
    endloop
  endfacet
  facet normal  5.735746e-001  8.191534e-001  0.000000e+000
    outer loop
      vertex -5.460697e+001 -3.191511e+001 -1.000000e+001
      vertex -5.425000e+001 -3.216506e+001 -5.000000e+000
      vertex -5.425000e+001 -3.216506e+001 -1.000000e+001
    endloop
  endfacet
  facet normal  4.226204e-001  9.063067e-001  -0.000000e+000
    outer loop
      vertex -5.425000e+001 -3.216506e+001 -1.000000e+001
      vertex -5.425000e+001 -3.216506e+001 -5.000000e+000
      vertex -5.385505e+001 -3.234923e+001 -5.000000e+000
    endloop
  endfacet
  facet normal  4.226204e-001  9.063067e-001  0.000000e+000
    outer loop
      vertex -5.425000e+001 -3.216506e+001 -1.000000e+001
      vertex -5.385505e+001 -3.234923e+001 -5.000000e+000
      vertex -5.385505e+001 -3.234923e+001 -1.000000e+001
    endloop
  endfacet
  facet normal  2.588224e-001  9.659249e-001  -0.000000e+000
    outer loop
      vertex -5.385505e+001 -3.234923e+001 -1.000000e+001
      vertex -5.385505e+001 -3.234923e+001 -5.000000e+000
      vertex -5.343412e+001 -3.246202e+001 -5.000000e+000
    endloop
  endfacet
  facet normal  2.588224e-001  9.659249e-001  0.000000e+000
    outer loop
      vertex -5.385505e+001 -3.234923e+001 -1.000000e+001
      vertex -5.343412e+001 -3.246202e+001 -5.000000e+000
      vertex -5.343412e+001 -3.246202e+001 -1.000000e+001
    endloop
  endfacet
  facet normal  8.715240e-002  9.961950e-001  -0.000000e+000
    outer loop
      vertex -5.343412e+001 -3.246202e+001 -1.000000e+001
      vertex -5.343412e+001 -3.246202e+001 -5.000000e+000
      vertex -5.300000e+001 -3.250000e+001 -5.000000e+000
    endloop
  endfacet
  facet normal  8.715240e-002  9.961950e-001  0.000000e+000
    outer loop
      vertex -5.343412e+001 -3.246202e+001 -1.000000e+001
      vertex -5.300000e+001 -3.250000e+001 -5.000000e+000
      vertex -5.300000e+001 -3.250000e+001 -1.000000e+001
    endloop
  endfacet
  facet normal  9.961950e-001  8.715240e-002  -0.000000e+000
    outer loop
      vertex -5.546202e+001 -3.043412e+001 -5.000000e+000
      vertex -5.550000e+001 -3.000000e+001 -1.000000e+001
      vertex -5.550000e+001 -3.000000e+001 -5.000000e+000
    endloop
  endfacet
  facet normal  9.961950e-001 -8.715240e-002  0.000000e+000
    outer loop
      vertex -5.550000e+001 -3.000000e+001 -5.000000e+000
      vertex -5.550000e+001 -3.000000e+001 -1.000000e+001
      vertex -5.546202e+001 -2.956588e+001 -1.000000e+001
    endloop
  endfacet
  facet normal  9.961950e-001 -8.715240e-002  0.000000e+000
    outer loop
      vertex -5.550000e+001 -3.000000e+001 -5.000000e+000
      vertex -5.546202e+001 -2.956588e+001 -1.000000e+001
      vertex -5.546202e+001 -2.956588e+001 -5.000000e+000
    endloop
  endfacet
  facet normal  9.659252e-001 -2.588213e-001  0.000000e+000
    outer loop
      vertex -5.546202e+001 -2.956588e+001 -5.000000e+000
      vertex -5.546202e+001 -2.956588e+001 -1.000000e+001
      vertex -5.534923e+001 -2.914495e+001 -1.000000e+001
    endloop
  endfacet
  facet normal  9.659252e-001 -2.588213e-001  0.000000e+000
    outer loop
      vertex -5.546202e+001 -2.956588e+001 -5.000000e+000
      vertex -5.534923e+001 -2.914495e+001 -1.000000e+001
      vertex -5.534923e+001 -2.914495e+001 -5.000000e+000
    endloop
  endfacet
  facet normal  9.063060e-001 -4.226221e-001  0.000000e+000
    outer loop
      vertex -5.534923e+001 -2.914495e+001 -5.000000e+000
      vertex -5.534923e+001 -2.914495e+001 -1.000000e+001
      vertex -5.516506e+001 -2.875000e+001 -1.000000e+001
    endloop
  endfacet
  facet normal  9.063060e-001 -4.226221e-001  0.000000e+000
    outer loop
      vertex -5.534923e+001 -2.914495e+001 -5.000000e+000
      vertex -5.516506e+001 -2.875000e+001 -1.000000e+001
      vertex -5.516506e+001 -2.875000e+001 -5.000000e+000
    endloop
  endfacet
  facet normal  8.191548e-001 -5.735725e-001  0.000000e+000
    outer loop
      vertex -5.516506e+001 -2.875000e+001 -5.000000e+000
      vertex -5.516506e+001 -2.875000e+001 -1.000000e+001
      vertex -5.491511e+001 -2.839303e+001 -1.000000e+001
    endloop
  endfacet
  facet normal  8.191548e-001 -5.735725e-001  0.000000e+000
    outer loop
      vertex -5.516506e+001 -2.875000e+001 -5.000000e+000
      vertex -5.491511e+001 -2.839303e+001 -1.000000e+001
      vertex -5.491511e+001 -2.839303e+001 -5.000000e+000
    endloop
  endfacet
  facet normal  7.071046e-001 -7.071090e-001  0.000000e+000
    outer loop
      vertex -5.491511e+001 -2.839303e+001 -5.000000e+000
      vertex -5.491511e+001 -2.839303e+001 -1.000000e+001
      vertex -5.460697e+001 -2.808489e+001 -1.000000e+001
    endloop
  endfacet
  facet normal  7.071046e-001 -7.071090e-001  0.000000e+000
    outer loop
      vertex -5.491511e+001 -2.839303e+001 -5.000000e+000
      vertex -5.460697e+001 -2.808489e+001 -1.000000e+001
      vertex -5.460697e+001 -2.808489e+001 -5.000000e+000
    endloop
  endfacet
  facet normal  5.735775e-001 -8.191513e-001  0.000000e+000
    outer loop
      vertex -5.460697e+001 -2.808489e+001 -5.000000e+000
      vertex -5.460697e+001 -2.808489e+001 -1.000000e+001
      vertex -5.425000e+001 -2.783494e+001 -1.000000e+001
    endloop
  endfacet
  facet normal  5.735775e-001 -8.191513e-001  0.000000e+000
    outer loop
      vertex -5.460697e+001 -2.808489e+001 -5.000000e+000
      vertex -5.425000e+001 -2.783494e+001 -1.000000e+001
      vertex -5.425000e+001 -2.783494e+001 -5.000000e+000
    endloop
  endfacet
  facet normal  4.226168e-001 -9.063084e-001  0.000000e+000
    outer loop
      vertex -5.425000e+001 -2.783494e+001 -5.000000e+000
      vertex -5.425000e+001 -2.783494e+001 -1.000000e+001
      vertex -5.385505e+001 -2.765077e+001 -1.000000e+001
    endloop
  endfacet
  facet normal  4.226168e-001 -9.063084e-001  0.000000e+000
    outer loop
      vertex -5.425000e+001 -2.783494e+001 -5.000000e+000
      vertex -5.385505e+001 -2.765077e+001 -1.000000e+001
      vertex -5.385505e+001 -2.765077e+001 -5.000000e+000
    endloop
  endfacet
  facet normal  2.588183e-001 -9.659259e-001  0.000000e+000
    outer loop
      vertex -5.385505e+001 -2.765077e+001 -5.000000e+000
      vertex -5.385505e+001 -2.765077e+001 -1.000000e+001
      vertex -5.343412e+001 -2.753798e+001 -1.000000e+001
    endloop
  endfacet
  facet normal  2.588183e-001 -9.659259e-001  0.000000e+000
    outer loop
      vertex -5.385505e+001 -2.765077e+001 -5.000000e+000
      vertex -5.343412e+001 -2.753798e+001 -1.000000e+001
      vertex -5.343412e+001 -2.753798e+001 -5.000000e+000
    endloop
  endfacet
  facet normal  8.715675e-002 -9.961947e-001  0.000000e+000
    outer loop
      vertex -5.343412e+001 -2.753798e+001 -5.000000e+000
      vertex -5.343412e+001 -2.753798e+001 -1.000000e+001
      vertex -5.300000e+001 -2.750000e+001 -1.000000e+001
    endloop
  endfacet
  facet normal  8.715675e-002 -9.961947e-001  0.000000e+000
    outer loop
      vertex -5.343412e+001 -2.753798e+001 -5.000000e+000
      vertex -5.300000e+001 -2.750000e+001 -1.000000e+001
      vertex -5.300000e+001 -2.750000e+001 -5.000000e+000
    endloop
  endfacet
  facet normal  9.961947e-001  8.715675e-002  0.000000e+000
    outer loop
      vertex  2.764000e+001  4.500000e+001 -1.000000e+001
      vertex  2.767798e+001  4.456588e+001 -5.000000e+000
      vertex  2.767798e+001  4.456588e+001 -1.000000e+001
    endloop
  endfacet
  facet normal  9.659259e-001  2.588183e-001  -0.000000e+000
    outer loop
      vertex  2.767798e+001  4.456588e+001 -1.000000e+001
      vertex  2.767798e+001  4.456588e+001 -5.000000e+000
      vertex  2.779077e+001  4.414495e+001 -5.000000e+000
    endloop
  endfacet
  facet normal  9.659259e-001  2.588183e-001  0.000000e+000
    outer loop
      vertex  2.767798e+001  4.456588e+001 -1.000000e+001
      vertex  2.779077e+001  4.414495e+001 -5.000000e+000
      vertex  2.779077e+001  4.414495e+001 -1.000000e+001
    endloop
  endfacet
  facet normal  9.063067e-001  4.226204e-001  -0.000000e+000
    outer loop
      vertex  2.779077e+001  4.414495e+001 -1.000000e+001
      vertex  2.779077e+001  4.414495e+001 -5.000000e+000
      vertex  2.797494e+001  4.375000e+001 -5.000000e+000
    endloop
  endfacet
  facet normal  9.063067e-001  4.226204e-001  0.000000e+000
    outer loop
      vertex  2.779077e+001  4.414495e+001 -1.000000e+001
      vertex  2.797494e+001  4.375000e+001 -5.000000e+000
      vertex  2.797494e+001  4.375000e+001 -1.000000e+001
    endloop
  endfacet
  facet normal  8.191513e-001  5.735775e-001  -0.000000e+000
    outer loop
      vertex  2.797494e+001  4.375000e+001 -1.000000e+001
      vertex  2.797494e+001  4.375000e+001 -5.000000e+000
      vertex  2.822489e+001  4.339303e+001 -5.000000e+000
    endloop
  endfacet
  facet normal  8.191513e-001  5.735775e-001  0.000000e+000
    outer loop
      vertex  2.797494e+001  4.375000e+001 -1.000000e+001
      vertex  2.822489e+001  4.339303e+001 -5.000000e+000
      vertex  2.822489e+001  4.339303e+001 -1.000000e+001
    endloop
  endfacet
  facet normal  7.071090e-001  7.071046e-001  -0.000000e+000
    outer loop
      vertex  2.822489e+001  4.339303e+001 -1.000000e+001
      vertex  2.822489e+001  4.339303e+001 -5.000000e+000
      vertex  2.853303e+001  4.308489e+001 -5.000000e+000
    endloop
  endfacet
  facet normal  7.071090e-001  7.071046e-001  0.000000e+000
    outer loop
      vertex  2.822489e+001  4.339303e+001 -1.000000e+001
      vertex  2.853303e+001  4.308489e+001 -5.000000e+000
      vertex  2.853303e+001  4.308489e+001 -1.000000e+001
    endloop
  endfacet
  facet normal  5.735746e-001  8.191534e-001  -0.000000e+000
    outer loop
      vertex  2.853303e+001  4.308489e+001 -1.000000e+001
      vertex  2.853303e+001  4.308489e+001 -5.000000e+000
      vertex  2.889000e+001  4.283494e+001 -5.000000e+000
    endloop
  endfacet
  facet normal  5.735746e-001  8.191534e-001  0.000000e+000
    outer loop
      vertex  2.853303e+001  4.308489e+001 -1.000000e+001
      vertex  2.889000e+001  4.283494e+001 -5.000000e+000
      vertex  2.889000e+001  4.283494e+001 -1.000000e+001
    endloop
  endfacet
  facet normal  4.226204e-001  9.063067e-001  -0.000000e+000
    outer loop
      vertex  2.889000e+001  4.283494e+001 -1.000000e+001
      vertex  2.889000e+001  4.283494e+001 -5.000000e+000
      vertex  2.928495e+001  4.265077e+001 -5.000000e+000
    endloop
  endfacet
  facet normal  4.226204e-001  9.063067e-001  0.000000e+000
    outer loop
      vertex  2.889000e+001  4.283494e+001 -1.000000e+001
      vertex  2.928495e+001  4.265077e+001 -5.000000e+000
      vertex  2.928495e+001  4.265077e+001 -1.000000e+001
    endloop
  endfacet
  facet normal  2.588224e-001  9.659249e-001  -0.000000e+000
    outer loop
      vertex  2.928495e+001  4.265077e+001 -1.000000e+001
      vertex  2.928495e+001  4.265077e+001 -5.000000e+000
      vertex  2.970588e+001  4.253798e+001 -5.000000e+000
    endloop
  endfacet
  facet normal  2.588224e-001  9.659249e-001  0.000000e+000
    outer loop
      vertex  2.928495e+001  4.265077e+001 -1.000000e+001
      vertex  2.970588e+001  4.253798e+001 -5.000000e+000
      vertex  2.970588e+001  4.253798e+001 -1.000000e+001
    endloop
  endfacet
  facet normal  8.715240e-002  9.961950e-001  -0.000000e+000
    outer loop
      vertex  2.970588e+001  4.253798e+001 -1.000000e+001
      vertex  2.970588e+001  4.253798e+001 -5.000000e+000
      vertex  3.014000e+001  4.250000e+001 -5.000000e+000
    endloop
  endfacet
  facet normal  8.715240e-002  9.961950e-001  0.000000e+000
    outer loop
      vertex  2.970588e+001  4.253798e+001 -1.000000e+001
      vertex  3.014000e+001  4.250000e+001 -5.000000e+000
      vertex  3.014000e+001  4.250000e+001 -1.000000e+001
    endloop
  endfacet
  facet normal  9.961947e-001  8.715675e-002  -0.000000e+000
    outer loop
      vertex  2.767798e+001  4.456588e+001 -5.000000e+000
      vertex  2.764000e+001  4.500000e+001 -1.000000e+001
      vertex  2.764000e+001  4.500000e+001 -5.000000e+000
    endloop
  endfacet
  facet normal  9.961947e-001 -8.715675e-002  0.000000e+000
    outer loop
      vertex  2.764000e+001  4.500000e+001 -5.000000e+000
      vertex  2.764000e+001  4.500000e+001 -1.000000e+001
      vertex  2.767798e+001  4.543412e+001 -1.000000e+001
    endloop
  endfacet
  facet normal  9.961947e-001 -8.715675e-002  0.000000e+000
    outer loop
      vertex  2.764000e+001  4.500000e+001 -5.000000e+000
      vertex  2.767798e+001  4.543412e+001 -1.000000e+001
      vertex  2.767798e+001  4.543412e+001 -5.000000e+000
    endloop
  endfacet
  facet normal  9.659259e-001 -2.588183e-001  0.000000e+000
    outer loop
      vertex  2.767798e+001  4.543412e+001 -5.000000e+000
      vertex  2.767798e+001  4.543412e+001 -1.000000e+001
      vertex  2.779077e+001  4.585505e+001 -1.000000e+001
    endloop
  endfacet
  facet normal  9.659259e-001 -2.588183e-001  0.000000e+000
    outer loop
      vertex  2.767798e+001  4.543412e+001 -5.000000e+000
      vertex  2.779077e+001  4.585505e+001 -1.000000e+001
      vertex  2.779077e+001  4.585505e+001 -5.000000e+000
    endloop
  endfacet
  facet normal  9.063067e-001 -4.226204e-001  0.000000e+000
    outer loop
      vertex  2.779077e+001  4.585505e+001 -5.000000e+000
      vertex  2.779077e+001  4.585505e+001 -1.000000e+001
      vertex  2.797494e+001  4.625000e+001 -1.000000e+001
    endloop
  endfacet
  facet normal  9.063067e-001 -4.226204e-001  0.000000e+000
    outer loop
      vertex  2.779077e+001  4.585505e+001 -5.000000e+000
      vertex  2.797494e+001  4.625000e+001 -1.000000e+001
      vertex  2.797494e+001  4.625000e+001 -5.000000e+000
    endloop
  endfacet
  facet normal  8.191513e-001 -5.735775e-001  0.000000e+000
    outer loop
      vertex  2.797494e+001  4.625000e+001 -5.000000e+000
      vertex  2.797494e+001  4.625000e+001 -1.000000e+001
      vertex  2.822489e+001  4.660697e+001 -1.000000e+001
    endloop
  endfacet
  facet normal  8.191513e-001 -5.735775e-001  0.000000e+000
    outer loop
      vertex  2.797494e+001  4.625000e+001 -5.000000e+000
      vertex  2.822489e+001  4.660697e+001 -1.000000e+001
      vertex  2.822489e+001  4.660697e+001 -5.000000e+000
    endloop
  endfacet
  facet normal  7.071090e-001 -7.071046e-001  0.000000e+000
    outer loop
      vertex  2.822489e+001  4.660697e+001 -5.000000e+000
      vertex  2.822489e+001  4.660697e+001 -1.000000e+001
      vertex  2.853303e+001  4.691511e+001 -1.000000e+001
    endloop
  endfacet
  facet normal  7.071090e-001 -7.071046e-001  0.000000e+000
    outer loop
      vertex  2.822489e+001  4.660697e+001 -5.000000e+000
      vertex  2.853303e+001  4.691511e+001 -1.000000e+001
      vertex  2.853303e+001  4.691511e+001 -5.000000e+000
    endloop
  endfacet
  facet normal  5.735746e-001 -8.191534e-001  0.000000e+000
    outer loop
      vertex  2.853303e+001  4.691511e+001 -5.000000e+000
      vertex  2.853303e+001  4.691511e+001 -1.000000e+001
      vertex  2.889000e+001  4.716506e+001 -1.000000e+001
    endloop
  endfacet
  facet normal  5.735746e-001 -8.191534e-001  0.000000e+000
    outer loop
      vertex  2.853303e+001  4.691511e+001 -5.000000e+000
      vertex  2.889000e+001  4.716506e+001 -1.000000e+001
      vertex  2.889000e+001  4.716506e+001 -5.000000e+000
    endloop
  endfacet
  facet normal  4.226204e-001 -9.063067e-001  0.000000e+000
    outer loop
      vertex  2.889000e+001  4.716506e+001 -5.000000e+000
      vertex  2.889000e+001  4.716506e+001 -1.000000e+001
      vertex  2.928495e+001  4.734923e+001 -1.000000e+001
    endloop
  endfacet
  facet normal  4.226204e-001 -9.063067e-001  0.000000e+000
    outer loop
      vertex  2.889000e+001  4.716506e+001 -5.000000e+000
      vertex  2.928495e+001  4.734923e+001 -1.000000e+001
      vertex  2.928495e+001  4.734923e+001 -5.000000e+000
    endloop
  endfacet
  facet normal  2.588224e-001 -9.659249e-001  0.000000e+000
    outer loop
      vertex  2.928495e+001  4.734923e+001 -5.000000e+000
      vertex  2.928495e+001  4.734923e+001 -1.000000e+001
      vertex  2.970588e+001  4.746202e+001 -1.000000e+001
    endloop
  endfacet
  facet normal  2.588224e-001 -9.659249e-001  0.000000e+000
    outer loop
      vertex  2.928495e+001  4.734923e+001 -5.000000e+000
      vertex  2.970588e+001  4.746202e+001 -1.000000e+001
      vertex  2.970588e+001  4.746202e+001 -5.000000e+000
    endloop
  endfacet
  facet normal  8.715240e-002 -9.961950e-001  0.000000e+000
    outer loop
      vertex  2.970588e+001  4.746202e+001 -5.000000e+000
      vertex  2.970588e+001  4.746202e+001 -1.000000e+001
      vertex  3.014000e+001  4.750000e+001 -1.000000e+001
    endloop
  endfacet
  facet normal  8.715240e-002 -9.961950e-001  0.000000e+000
    outer loop
      vertex  2.970588e+001  4.746202e+001 -5.000000e+000
      vertex  3.014000e+001  4.750000e+001 -1.000000e+001
      vertex  3.014000e+001  4.750000e+001 -5.000000e+000
    endloop
  endfacet
  facet normal -9.961950e-001 -8.715240e-002  -0.000000e+000
    outer loop
      vertex  3.264000e+001  4.500000e+001 -1.000000e+001
      vertex  3.260202e+001  4.543412e+001 -5.000000e+000
      vertex  3.260202e+001  4.543412e+001 -1.000000e+001
    endloop
  endfacet
  facet normal -9.659249e-001 -2.588224e-001  0.000000e+000
    outer loop
      vertex  3.260202e+001  4.543412e+001 -1.000000e+001
      vertex  3.260202e+001  4.543412e+001 -5.000000e+000
      vertex  3.248923e+001  4.585505e+001 -5.000000e+000
    endloop
  endfacet
  facet normal -9.659249e-001 -2.588224e-001  -0.000000e+000
    outer loop
      vertex  3.260202e+001  4.543412e+001 -1.000000e+001
      vertex  3.248923e+001  4.585505e+001 -5.000000e+000
      vertex  3.248923e+001  4.585505e+001 -1.000000e+001
    endloop
  endfacet
  facet normal -9.063101e-001 -4.226132e-001  0.000000e+000
    outer loop
      vertex  3.248923e+001  4.585505e+001 -1.000000e+001
      vertex  3.248923e+001  4.585505e+001 -5.000000e+000
      vertex  3.230507e+001  4.625000e+001 -5.000000e+000
    endloop
  endfacet
  facet normal -9.063101e-001 -4.226132e-001  -0.000000e+000
    outer loop
      vertex  3.248923e+001  4.585505e+001 -1.000000e+001
      vertex  3.230507e+001  4.625000e+001 -5.000000e+000
      vertex  3.230507e+001  4.625000e+001 -1.000000e+001
    endloop
  endfacet
  facet normal -8.191493e-001 -5.735804e-001  0.000000e+000
    outer loop
      vertex  3.230507e+001  4.625000e+001 -1.000000e+001
      vertex  3.230507e+001  4.625000e+001 -5.000000e+000
      vertex  3.205511e+001  4.660697e+001 -5.000000e+000
    endloop
  endfacet
  facet normal -8.191493e-001 -5.735804e-001  -0.000000e+000
    outer loop
      vertex  3.230507e+001  4.625000e+001 -1.000000e+001
      vertex  3.205511e+001  4.660697e+001 -5.000000e+000
      vertex  3.205511e+001  4.660697e+001 -1.000000e+001
    endloop
  endfacet
  facet normal -7.071090e-001 -7.071046e-001  0.000000e+000
    outer loop
      vertex  3.205511e+001  4.660697e+001 -1.000000e+001
      vertex  3.205511e+001  4.660697e+001 -5.000000e+000
      vertex  3.174697e+001  4.691511e+001 -5.000000e+000
    endloop
  endfacet
  facet normal -7.071090e-001 -7.071046e-001  -0.000000e+000
    outer loop
      vertex  3.205511e+001  4.660697e+001 -1.000000e+001
      vertex  3.174697e+001  4.691511e+001 -5.000000e+000
      vertex  3.174697e+001  4.691511e+001 -1.000000e+001
    endloop
  endfacet
  facet normal -5.735725e-001 -8.191548e-001  0.000000e+000
    outer loop
      vertex  3.174697e+001  4.691511e+001 -1.000000e+001
      vertex  3.174697e+001  4.691511e+001 -5.000000e+000
      vertex  3.139000e+001  4.716506e+001 -5.000000e+000
    endloop
  endfacet
  facet normal -5.735725e-001 -8.191548e-001  -0.000000e+000
    outer loop
      vertex  3.174697e+001  4.691511e+001 -1.000000e+001
      vertex  3.139000e+001  4.716506e+001 -5.000000e+000
      vertex  3.139000e+001  4.716506e+001 -1.000000e+001
    endloop
  endfacet
  facet normal -4.226221e-001 -9.063060e-001  0.000000e+000
    outer loop
      vertex  3.139000e+001  4.716506e+001 -1.000000e+001
      vertex  3.139000e+001  4.716506e+001 -5.000000e+000
      vertex  3.099505e+001  4.734923e+001 -5.000000e+000
    endloop
  endfacet
  facet normal -4.226221e-001 -9.063060e-001  -0.000000e+000
    outer loop
      vertex  3.139000e+001  4.716506e+001 -1.000000e+001
      vertex  3.099505e+001  4.734923e+001 -5.000000e+000
      vertex  3.099505e+001  4.734923e+001 -1.000000e+001
    endloop
  endfacet
  facet normal -2.588213e-001 -9.659252e-001  0.000000e+000
    outer loop
      vertex  3.099505e+001  4.734923e+001 -1.000000e+001
      vertex  3.099505e+001  4.734923e+001 -5.000000e+000
      vertex  3.057412e+001  4.746202e+001 -5.000000e+000
    endloop
  endfacet
  facet normal -2.588213e-001 -9.659252e-001  -0.000000e+000
    outer loop
      vertex  3.099505e+001  4.734923e+001 -1.000000e+001
      vertex  3.057412e+001  4.746202e+001 -5.000000e+000
      vertex  3.057412e+001  4.746202e+001 -1.000000e+001
    endloop
  endfacet
  facet normal -8.715240e-002 -9.961950e-001  0.000000e+000
    outer loop
      vertex  3.057412e+001  4.746202e+001 -1.000000e+001
      vertex  3.057412e+001  4.746202e+001 -5.000000e+000
      vertex  3.014000e+001  4.750000e+001 -5.000000e+000
    endloop
  endfacet
  facet normal -8.715240e-002 -9.961950e-001  -0.000000e+000
    outer loop
      vertex  3.057412e+001  4.746202e+001 -1.000000e+001
      vertex  3.014000e+001  4.750000e+001 -5.000000e+000
      vertex  3.014000e+001  4.750000e+001 -1.000000e+001
    endloop
  endfacet
  facet normal -9.961950e-001 -8.715240e-002  0.000000e+000
    outer loop
      vertex  3.260202e+001  4.543412e+001 -5.000000e+000
      vertex  3.264000e+001  4.500000e+001 -1.000000e+001
      vertex  3.264000e+001  4.500000e+001 -5.000000e+000
    endloop
  endfacet
  facet normal -9.961950e-001  8.715240e-002  0.000000e+000
    outer loop
      vertex  3.264000e+001  4.500000e+001 -5.000000e+000
      vertex  3.264000e+001  4.500000e+001 -1.000000e+001
      vertex  3.260202e+001  4.456588e+001 -1.000000e+001
    endloop
  endfacet
  facet normal -9.961950e-001  8.715240e-002  0.000000e+000
    outer loop
      vertex  3.264000e+001  4.500000e+001 -5.000000e+000
      vertex  3.260202e+001  4.456588e+001 -1.000000e+001
      vertex  3.260202e+001  4.456588e+001 -5.000000e+000
    endloop
  endfacet
  facet normal -9.659249e-001  2.588224e-001  0.000000e+000
    outer loop
      vertex  3.260202e+001  4.456588e+001 -5.000000e+000
      vertex  3.260202e+001  4.456588e+001 -1.000000e+001
      vertex  3.248923e+001  4.414495e+001 -1.000000e+001
    endloop
  endfacet
  facet normal -9.659249e-001  2.588224e-001  0.000000e+000
    outer loop
      vertex  3.260202e+001  4.456588e+001 -5.000000e+000
      vertex  3.248923e+001  4.414495e+001 -1.000000e+001
      vertex  3.248923e+001  4.414495e+001 -5.000000e+000
    endloop
  endfacet
  facet normal -9.063101e-001  4.226132e-001  0.000000e+000
    outer loop
      vertex  3.248923e+001  4.414495e+001 -5.000000e+000
      vertex  3.248923e+001  4.414495e+001 -1.000000e+001
      vertex  3.230507e+001  4.375000e+001 -1.000000e+001
    endloop
  endfacet
  facet normal -9.063101e-001  4.226132e-001  0.000000e+000
    outer loop
      vertex  3.248923e+001  4.414495e+001 -5.000000e+000
      vertex  3.230507e+001  4.375000e+001 -1.000000e+001
      vertex  3.230507e+001  4.375000e+001 -5.000000e+000
    endloop
  endfacet
  facet normal -8.191493e-001  5.735804e-001  0.000000e+000
    outer loop
      vertex  3.230507e+001  4.375000e+001 -5.000000e+000
      vertex  3.230507e+001  4.375000e+001 -1.000000e+001
      vertex  3.205511e+001  4.339303e+001 -1.000000e+001
    endloop
  endfacet
  facet normal -8.191493e-001  5.735804e-001  0.000000e+000
    outer loop
      vertex  3.230507e+001  4.375000e+001 -5.000000e+000
      vertex  3.205511e+001  4.339303e+001 -1.000000e+001
      vertex  3.205511e+001  4.339303e+001 -5.000000e+000
    endloop
  endfacet
  facet normal -7.071090e-001  7.071046e-001  0.000000e+000
    outer loop
      vertex  3.205511e+001  4.339303e+001 -5.000000e+000
      vertex  3.205511e+001  4.339303e+001 -1.000000e+001
      vertex  3.174697e+001  4.308489e+001 -1.000000e+001
    endloop
  endfacet
  facet normal -7.071090e-001  7.071046e-001  0.000000e+000
    outer loop
      vertex  3.205511e+001  4.339303e+001 -5.000000e+000
      vertex  3.174697e+001  4.308489e+001 -1.000000e+001
      vertex  3.174697e+001  4.308489e+001 -5.000000e+000
    endloop
  endfacet
  facet normal -5.735725e-001  8.191548e-001  0.000000e+000
    outer loop
      vertex  3.174697e+001  4.308489e+001 -5.000000e+000
      vertex  3.174697e+001  4.308489e+001 -1.000000e+001
      vertex  3.139000e+001  4.283494e+001 -1.000000e+001
    endloop
  endfacet
  facet normal -5.735725e-001  8.191548e-001  0.000000e+000
    outer loop
      vertex  3.174697e+001  4.308489e+001 -5.000000e+000
      vertex  3.139000e+001  4.283494e+001 -1.000000e+001
      vertex  3.139000e+001  4.283494e+001 -5.000000e+000
    endloop
  endfacet
  facet normal -4.226221e-001  9.063060e-001  0.000000e+000
    outer loop
      vertex  3.139000e+001  4.283494e+001 -5.000000e+000
      vertex  3.139000e+001  4.283494e+001 -1.000000e+001
      vertex  3.099505e+001  4.265077e+001 -1.000000e+001
    endloop
  endfacet
  facet normal -4.226221e-001  9.063060e-001  0.000000e+000
    outer loop
      vertex  3.139000e+001  4.283494e+001 -5.000000e+000
      vertex  3.099505e+001  4.265077e+001 -1.000000e+001
      vertex  3.099505e+001  4.265077e+001 -5.000000e+000
    endloop
  endfacet
  facet normal -2.588213e-001  9.659252e-001  0.000000e+000
    outer loop
      vertex  3.099505e+001  4.265077e+001 -5.000000e+000
      vertex  3.099505e+001  4.265077e+001 -1.000000e+001
      vertex  3.057412e+001  4.253798e+001 -1.000000e+001
    endloop
  endfacet
  facet normal -2.588213e-001  9.659252e-001  0.000000e+000
    outer loop
      vertex  3.099505e+001  4.265077e+001 -5.000000e+000
      vertex  3.057412e+001  4.253798e+001 -1.000000e+001
      vertex  3.057412e+001  4.253798e+001 -5.000000e+000
    endloop
  endfacet
  facet normal -8.715240e-002  9.961950e-001  0.000000e+000
    outer loop
      vertex  3.057412e+001  4.253798e+001 -5.000000e+000
      vertex  3.057412e+001  4.253798e+001 -1.000000e+001
      vertex  3.014000e+001  4.250000e+001 -1.000000e+001
    endloop
  endfacet
  facet normal -8.715240e-002  9.961950e-001  0.000000e+000
    outer loop
      vertex  3.057412e+001  4.253798e+001 -5.000000e+000
      vertex  3.014000e+001  4.250000e+001 -1.000000e+001
      vertex  3.014000e+001  4.250000e+001 -5.000000e+000
    endloop
  endfacet
  facet normal  9.961950e-001  8.715240e-002  0.000000e+000
    outer loop
      vertex -5.550000e+001  3.000000e+001 -1.000000e+001
      vertex -5.546202e+001  2.956588e+001 -5.000000e+000
      vertex -5.546202e+001  2.956588e+001 -1.000000e+001
    endloop
  endfacet
  facet normal  9.659252e-001  2.588213e-001  -0.000000e+000
    outer loop
      vertex -5.546202e+001  2.956588e+001 -1.000000e+001
      vertex -5.546202e+001  2.956588e+001 -5.000000e+000
      vertex -5.534923e+001  2.914495e+001 -5.000000e+000
    endloop
  endfacet
  facet normal  9.659252e-001  2.588213e-001  0.000000e+000
    outer loop
      vertex -5.546202e+001  2.956588e+001 -1.000000e+001
      vertex -5.534923e+001  2.914495e+001 -5.000000e+000
      vertex -5.534923e+001  2.914495e+001 -1.000000e+001
    endloop
  endfacet
  facet normal  9.063060e-001  4.226221e-001  -0.000000e+000
    outer loop
      vertex -5.534923e+001  2.914495e+001 -1.000000e+001
      vertex -5.534923e+001  2.914495e+001 -5.000000e+000
      vertex -5.516506e+001  2.875000e+001 -5.000000e+000
    endloop
  endfacet
  facet normal  9.063060e-001  4.226221e-001  0.000000e+000
    outer loop
      vertex -5.534923e+001  2.914495e+001 -1.000000e+001
      vertex -5.516506e+001  2.875000e+001 -5.000000e+000
      vertex -5.516506e+001  2.875000e+001 -1.000000e+001
    endloop
  endfacet
  facet normal  8.191548e-001  5.735725e-001  -0.000000e+000
    outer loop
      vertex -5.516506e+001  2.875000e+001 -1.000000e+001
      vertex -5.516506e+001  2.875000e+001 -5.000000e+000
      vertex -5.491511e+001  2.839303e+001 -5.000000e+000
    endloop
  endfacet
  facet normal  8.191548e-001  5.735725e-001  0.000000e+000
    outer loop
      vertex -5.516506e+001  2.875000e+001 -1.000000e+001
      vertex -5.491511e+001  2.839303e+001 -5.000000e+000
      vertex -5.491511e+001  2.839303e+001 -1.000000e+001
    endloop
  endfacet
  facet normal  7.071046e-001  7.071090e-001  -0.000000e+000
    outer loop
      vertex -5.491511e+001  2.839303e+001 -1.000000e+001
      vertex -5.491511e+001  2.839303e+001 -5.000000e+000
      vertex -5.460697e+001  2.808489e+001 -5.000000e+000
    endloop
  endfacet
  facet normal  7.071046e-001  7.071090e-001  0.000000e+000
    outer loop
      vertex -5.491511e+001  2.839303e+001 -1.000000e+001
      vertex -5.460697e+001  2.808489e+001 -5.000000e+000
      vertex -5.460697e+001  2.808489e+001 -1.000000e+001
    endloop
  endfacet
  facet normal  5.735775e-001  8.191513e-001  -0.000000e+000
    outer loop
      vertex -5.460697e+001  2.808489e+001 -1.000000e+001
      vertex -5.460697e+001  2.808489e+001 -5.000000e+000
      vertex -5.425000e+001  2.783494e+001 -5.000000e+000
    endloop
  endfacet
  facet normal  5.735775e-001  8.191513e-001  0.000000e+000
    outer loop
      vertex -5.460697e+001  2.808489e+001 -1.000000e+001
      vertex -5.425000e+001  2.783494e+001 -5.000000e+000
      vertex -5.425000e+001  2.783494e+001 -1.000000e+001
    endloop
  endfacet
  facet normal  4.226168e-001  9.063084e-001  -0.000000e+000
    outer loop
      vertex -5.425000e+001  2.783494e+001 -1.000000e+001
      vertex -5.425000e+001  2.783494e+001 -5.000000e+000
      vertex -5.385505e+001  2.765077e+001 -5.000000e+000
    endloop
  endfacet
  facet normal  4.226168e-001  9.063084e-001  0.000000e+000
    outer loop
      vertex -5.425000e+001  2.783494e+001 -1.000000e+001
      vertex -5.385505e+001  2.765077e+001 -5.000000e+000
      vertex -5.385505e+001  2.765077e+001 -1.000000e+001
    endloop
  endfacet
  facet normal  2.588183e-001  9.659259e-001  -0.000000e+000
    outer loop
      vertex -5.385505e+001  2.765077e+001 -1.000000e+001
      vertex -5.385505e+001  2.765077e+001 -5.000000e+000
      vertex -5.343412e+001  2.753798e+001 -5.000000e+000
    endloop
  endfacet
  facet normal  2.588183e-001  9.659259e-001  0.000000e+000
    outer loop
      vertex -5.385505e+001  2.765077e+001 -1.000000e+001
      vertex -5.343412e+001  2.753798e+001 -5.000000e+000
      vertex -5.343412e+001  2.753798e+001 -1.000000e+001
    endloop
  endfacet
  facet normal  8.715675e-002  9.961947e-001  -0.000000e+000
    outer loop
      vertex -5.343412e+001  2.753798e+001 -1.000000e+001
      vertex -5.343412e+001  2.753798e+001 -5.000000e+000
      vertex -5.300000e+001  2.750000e+001 -5.000000e+000
    endloop
  endfacet
  facet normal  8.715675e-002  9.961947e-001  0.000000e+000
    outer loop
      vertex -5.343412e+001  2.753798e+001 -1.000000e+001
      vertex -5.300000e+001  2.750000e+001 -5.000000e+000
      vertex -5.300000e+001  2.750000e+001 -1.000000e+001
    endloop
  endfacet
  facet normal  9.961950e-001  8.715240e-002  -0.000000e+000
    outer loop
      vertex -5.546202e+001  2.956588e+001 -5.000000e+000
      vertex -5.550000e+001  3.000000e+001 -1.000000e+001
      vertex -5.550000e+001  3.000000e+001 -5.000000e+000
    endloop
  endfacet
  facet normal  9.961950e-001 -8.715240e-002  0.000000e+000
    outer loop
      vertex -5.550000e+001  3.000000e+001 -5.000000e+000
      vertex -5.550000e+001  3.000000e+001 -1.000000e+001
      vertex -5.546202e+001  3.043412e+001 -1.000000e+001
    endloop
  endfacet
  facet normal  9.961950e-001 -8.715240e-002  0.000000e+000
    outer loop
      vertex -5.550000e+001  3.000000e+001 -5.000000e+000
      vertex -5.546202e+001  3.043412e+001 -1.000000e+001
      vertex -5.546202e+001  3.043412e+001 -5.000000e+000
    endloop
  endfacet
  facet normal  9.659252e-001 -2.588213e-001  0.000000e+000
    outer loop
      vertex -5.546202e+001  3.043412e+001 -5.000000e+000
      vertex -5.546202e+001  3.043412e+001 -1.000000e+001
      vertex -5.534923e+001  3.085505e+001 -1.000000e+001
    endloop
  endfacet
  facet normal  9.659252e-001 -2.588213e-001  0.000000e+000
    outer loop
      vertex -5.546202e+001  3.043412e+001 -5.000000e+000
      vertex -5.534923e+001  3.085505e+001 -1.000000e+001
      vertex -5.534923e+001  3.085505e+001 -5.000000e+000
    endloop
  endfacet
  facet normal  9.063060e-001 -4.226221e-001  0.000000e+000
    outer loop
      vertex -5.534923e+001  3.085505e+001 -5.000000e+000
      vertex -5.534923e+001  3.085505e+001 -1.000000e+001
      vertex -5.516506e+001  3.125000e+001 -1.000000e+001
    endloop
  endfacet
  facet normal  9.063060e-001 -4.226221e-001  0.000000e+000
    outer loop
      vertex -5.534923e+001  3.085505e+001 -5.000000e+000
      vertex -5.516506e+001  3.125000e+001 -1.000000e+001
      vertex -5.516506e+001  3.125000e+001 -5.000000e+000
    endloop
  endfacet
  facet normal  8.191548e-001 -5.735725e-001  0.000000e+000
    outer loop
      vertex -5.516506e+001  3.125000e+001 -5.000000e+000
      vertex -5.516506e+001  3.125000e+001 -1.000000e+001
      vertex -5.491511e+001  3.160697e+001 -1.000000e+001
    endloop
  endfacet
  facet normal  8.191548e-001 -5.735725e-001  0.000000e+000
    outer loop
      vertex -5.516506e+001  3.125000e+001 -5.000000e+000
      vertex -5.491511e+001  3.160697e+001 -1.000000e+001
      vertex -5.491511e+001  3.160697e+001 -5.000000e+000
    endloop
  endfacet
  facet normal  7.071046e-001 -7.071090e-001  0.000000e+000
    outer loop
      vertex -5.491511e+001  3.160697e+001 -5.000000e+000
      vertex -5.491511e+001  3.160697e+001 -1.000000e+001
      vertex -5.460697e+001  3.191511e+001 -1.000000e+001
    endloop
  endfacet
  facet normal  7.071046e-001 -7.071090e-001  0.000000e+000
    outer loop
      vertex -5.491511e+001  3.160697e+001 -5.000000e+000
      vertex -5.460697e+001  3.191511e+001 -1.000000e+001
      vertex -5.460697e+001  3.191511e+001 -5.000000e+000
    endloop
  endfacet
  facet normal  5.735746e-001 -8.191534e-001  0.000000e+000
    outer loop
      vertex -5.460697e+001  3.191511e+001 -5.000000e+000
      vertex -5.460697e+001  3.191511e+001 -1.000000e+001
      vertex -5.425000e+001  3.216506e+001 -1.000000e+001
    endloop
  endfacet
  facet normal  5.735746e-001 -8.191534e-001  0.000000e+000
    outer loop
      vertex -5.460697e+001  3.191511e+001 -5.000000e+000
      vertex -5.425000e+001  3.216506e+001 -1.000000e+001
      vertex -5.425000e+001  3.216506e+001 -5.000000e+000
    endloop
  endfacet
  facet normal  4.226204e-001 -9.063067e-001  0.000000e+000
    outer loop
      vertex -5.425000e+001  3.216506e+001 -5.000000e+000
      vertex -5.425000e+001  3.216506e+001 -1.000000e+001
      vertex -5.385505e+001  3.234923e+001 -1.000000e+001
    endloop
  endfacet
  facet normal  4.226204e-001 -9.063067e-001  0.000000e+000
    outer loop
      vertex -5.425000e+001  3.216506e+001 -5.000000e+000
      vertex -5.385505e+001  3.234923e+001 -1.000000e+001
      vertex -5.385505e+001  3.234923e+001 -5.000000e+000
    endloop
  endfacet
  facet normal  2.588224e-001 -9.659249e-001  0.000000e+000
    outer loop
      vertex -5.385505e+001  3.234923e+001 -5.000000e+000
      vertex -5.385505e+001  3.234923e+001 -1.000000e+001
      vertex -5.343412e+001  3.246202e+001 -1.000000e+001
    endloop
  endfacet
  facet normal  2.588224e-001 -9.659249e-001  0.000000e+000
    outer loop
      vertex -5.385505e+001  3.234923e+001 -5.000000e+000
      vertex -5.343412e+001  3.246202e+001 -1.000000e+001
      vertex -5.343412e+001  3.246202e+001 -5.000000e+000
    endloop
  endfacet
  facet normal  8.715240e-002 -9.961950e-001  0.000000e+000
    outer loop
      vertex -5.343412e+001  3.246202e+001 -5.000000e+000
      vertex -5.343412e+001  3.246202e+001 -1.000000e+001
      vertex -5.300000e+001  3.250000e+001 -1.000000e+001
    endloop
  endfacet
  facet normal  8.715240e-002 -9.961950e-001  0.000000e+000
    outer loop
      vertex -5.343412e+001  3.246202e+001 -5.000000e+000
      vertex -5.300000e+001  3.250000e+001 -1.000000e+001
      vertex -5.300000e+001  3.250000e+001 -5.000000e+000
    endloop
  endfacet
  facet normal -9.961950e-001 -8.715240e-002  -0.000000e+000
    outer loop
      vertex -5.050000e+001  3.000000e+001 -1.000000e+001
      vertex -5.053798e+001  3.043412e+001 -5.000000e+000
      vertex -5.053798e+001  3.043412e+001 -1.000000e+001
    endloop
  endfacet
  facet normal -9.659252e-001 -2.588213e-001  0.000000e+000
    outer loop
      vertex -5.053798e+001  3.043412e+001 -1.000000e+001
      vertex -5.053798e+001  3.043412e+001 -5.000000e+000
      vertex -5.065077e+001  3.085505e+001 -5.000000e+000
    endloop
  endfacet
  facet normal -9.659252e-001 -2.588213e-001  -0.000000e+000
    outer loop
      vertex -5.053798e+001  3.043412e+001 -1.000000e+001
      vertex -5.065077e+001  3.085505e+001 -5.000000e+000
      vertex -5.065077e+001  3.085505e+001 -1.000000e+001
    endloop
  endfacet
  facet normal -9.063060e-001 -4.226221e-001  0.000000e+000
    outer loop
      vertex -5.065077e+001  3.085505e+001 -1.000000e+001
      vertex -5.065077e+001  3.085505e+001 -5.000000e+000
      vertex -5.083494e+001  3.125000e+001 -5.000000e+000
    endloop
  endfacet
  facet normal -9.063060e-001 -4.226221e-001  -0.000000e+000
    outer loop
      vertex -5.065077e+001  3.085505e+001 -1.000000e+001
      vertex -5.083494e+001  3.125000e+001 -5.000000e+000
      vertex -5.083494e+001  3.125000e+001 -1.000000e+001
    endloop
  endfacet
  facet normal -8.191548e-001 -5.735725e-001  0.000000e+000
    outer loop
      vertex -5.083494e+001  3.125000e+001 -1.000000e+001
      vertex -5.083494e+001  3.125000e+001 -5.000000e+000
      vertex -5.108489e+001  3.160697e+001 -5.000000e+000
    endloop
  endfacet
  facet normal -8.191548e-001 -5.735725e-001  -0.000000e+000
    outer loop
      vertex -5.083494e+001  3.125000e+001 -1.000000e+001
      vertex -5.108489e+001  3.160697e+001 -5.000000e+000
      vertex -5.108489e+001  3.160697e+001 -1.000000e+001
    endloop
  endfacet
  facet normal -7.071046e-001 -7.071090e-001  0.000000e+000
    outer loop
      vertex -5.108489e+001  3.160697e+001 -1.000000e+001
      vertex -5.108489e+001  3.160697e+001 -5.000000e+000
      vertex -5.139303e+001  3.191511e+001 -5.000000e+000
    endloop
  endfacet
  facet normal -7.071046e-001 -7.071090e-001  -0.000000e+000
    outer loop
      vertex -5.108489e+001  3.160697e+001 -1.000000e+001
      vertex -5.139303e+001  3.191511e+001 -5.000000e+000
      vertex -5.139303e+001  3.191511e+001 -1.000000e+001
    endloop
  endfacet
  facet normal -5.735746e-001 -8.191534e-001  0.000000e+000
    outer loop
      vertex -5.139303e+001  3.191511e+001 -1.000000e+001
      vertex -5.139303e+001  3.191511e+001 -5.000000e+000
      vertex -5.175000e+001  3.216506e+001 -5.000000e+000
    endloop
  endfacet
  facet normal -5.735746e-001 -8.191534e-001  -0.000000e+000
    outer loop
      vertex -5.139303e+001  3.191511e+001 -1.000000e+001
      vertex -5.175000e+001  3.216506e+001 -5.000000e+000
      vertex -5.175000e+001  3.216506e+001 -1.000000e+001
    endloop
  endfacet
  facet normal -4.226204e-001 -9.063067e-001  0.000000e+000
    outer loop
      vertex -5.175000e+001  3.216506e+001 -1.000000e+001
      vertex -5.175000e+001  3.216506e+001 -5.000000e+000
      vertex -5.214495e+001  3.234923e+001 -5.000000e+000
    endloop
  endfacet
  facet normal -4.226204e-001 -9.063067e-001  -0.000000e+000
    outer loop
      vertex -5.175000e+001  3.216506e+001 -1.000000e+001
      vertex -5.214495e+001  3.234923e+001 -5.000000e+000
      vertex -5.214495e+001  3.234923e+001 -1.000000e+001
    endloop
  endfacet
  facet normal -2.588224e-001 -9.659249e-001  0.000000e+000
    outer loop
      vertex -5.214495e+001  3.234923e+001 -1.000000e+001
      vertex -5.214495e+001  3.234923e+001 -5.000000e+000
      vertex -5.256588e+001  3.246202e+001 -5.000000e+000
    endloop
  endfacet
  facet normal -2.588224e-001 -9.659249e-001  -0.000000e+000
    outer loop
      vertex -5.214495e+001  3.234923e+001 -1.000000e+001
      vertex -5.256588e+001  3.246202e+001 -5.000000e+000
      vertex -5.256588e+001  3.246202e+001 -1.000000e+001
    endloop
  endfacet
  facet normal -8.715240e-002 -9.961950e-001  0.000000e+000
    outer loop
      vertex -5.256588e+001  3.246202e+001 -1.000000e+001
      vertex -5.256588e+001  3.246202e+001 -5.000000e+000
      vertex -5.300000e+001  3.250000e+001 -5.000000e+000
    endloop
  endfacet
  facet normal -8.715240e-002 -9.961950e-001  -0.000000e+000
    outer loop
      vertex -5.256588e+001  3.246202e+001 -1.000000e+001
      vertex -5.300000e+001  3.250000e+001 -5.000000e+000
      vertex -5.300000e+001  3.250000e+001 -1.000000e+001
    endloop
  endfacet
  facet normal -9.961950e-001 -8.715240e-002  0.000000e+000
    outer loop
      vertex -5.053798e+001  3.043412e+001 -5.000000e+000
      vertex -5.050000e+001  3.000000e+001 -1.000000e+001
      vertex -5.050000e+001  3.000000e+001 -5.000000e+000
    endloop
  endfacet
  facet normal -9.961950e-001  8.715240e-002  0.000000e+000
    outer loop
      vertex -5.050000e+001  3.000000e+001 -5.000000e+000
      vertex -5.050000e+001  3.000000e+001 -1.000000e+001
      vertex -5.053798e+001  2.956588e+001 -1.000000e+001
    endloop
  endfacet
  facet normal -9.961950e-001  8.715240e-002  0.000000e+000
    outer loop
      vertex -5.050000e+001  3.000000e+001 -5.000000e+000
      vertex -5.053798e+001  2.956588e+001 -1.000000e+001
      vertex -5.053798e+001  2.956588e+001 -5.000000e+000
    endloop
  endfacet
  facet normal -9.659252e-001  2.588213e-001  0.000000e+000
    outer loop
      vertex -5.053798e+001  2.956588e+001 -5.000000e+000
      vertex -5.053798e+001  2.956588e+001 -1.000000e+001
      vertex -5.065077e+001  2.914495e+001 -1.000000e+001
    endloop
  endfacet
  facet normal -9.659252e-001  2.588213e-001  0.000000e+000
    outer loop
      vertex -5.053798e+001  2.956588e+001 -5.000000e+000
      vertex -5.065077e+001  2.914495e+001 -1.000000e+001
      vertex -5.065077e+001  2.914495e+001 -5.000000e+000
    endloop
  endfacet
  facet normal -9.063060e-001  4.226221e-001  0.000000e+000
    outer loop
      vertex -5.065077e+001  2.914495e+001 -5.000000e+000
      vertex -5.065077e+001  2.914495e+001 -1.000000e+001
      vertex -5.083494e+001  2.875000e+001 -1.000000e+001
    endloop
  endfacet
  facet normal -9.063060e-001  4.226221e-001  0.000000e+000
    outer loop
      vertex -5.065077e+001  2.914495e+001 -5.000000e+000
      vertex -5.083494e+001  2.875000e+001 -1.000000e+001
      vertex -5.083494e+001  2.875000e+001 -5.000000e+000
    endloop
  endfacet
  facet normal -8.191548e-001  5.735725e-001  0.000000e+000
    outer loop
      vertex -5.083494e+001  2.875000e+001 -5.000000e+000
      vertex -5.083494e+001  2.875000e+001 -1.000000e+001
      vertex -5.108489e+001  2.839303e+001 -1.000000e+001
    endloop
  endfacet
  facet normal -8.191548e-001  5.735725e-001  0.000000e+000
    outer loop
      vertex -5.083494e+001  2.875000e+001 -5.000000e+000
      vertex -5.108489e+001  2.839303e+001 -1.000000e+001
      vertex -5.108489e+001  2.839303e+001 -5.000000e+000
    endloop
  endfacet
  facet normal -7.071046e-001  7.071090e-001  0.000000e+000
    outer loop
      vertex -5.108489e+001  2.839303e+001 -5.000000e+000
      vertex -5.108489e+001  2.839303e+001 -1.000000e+001
      vertex -5.139303e+001  2.808489e+001 -1.000000e+001
    endloop
  endfacet
  facet normal -7.071046e-001  7.071090e-001  0.000000e+000
    outer loop
      vertex -5.108489e+001  2.839303e+001 -5.000000e+000
      vertex -5.139303e+001  2.808489e+001 -1.000000e+001
      vertex -5.139303e+001  2.808489e+001 -5.000000e+000
    endloop
  endfacet
  facet normal -5.735775e-001  8.191513e-001  0.000000e+000
    outer loop
      vertex -5.139303e+001  2.808489e+001 -5.000000e+000
      vertex -5.139303e+001  2.808489e+001 -1.000000e+001
      vertex -5.175000e+001  2.783494e+001 -1.000000e+001
    endloop
  endfacet
  facet normal -5.735775e-001  8.191513e-001  0.000000e+000
    outer loop
      vertex -5.139303e+001  2.808489e+001 -5.000000e+000
      vertex -5.175000e+001  2.783494e+001 -1.000000e+001
      vertex -5.175000e+001  2.783494e+001 -5.000000e+000
    endloop
  endfacet
  facet normal -4.226168e-001  9.063084e-001  0.000000e+000
    outer loop
      vertex -5.175000e+001  2.783494e+001 -5.000000e+000
      vertex -5.175000e+001  2.783494e+001 -1.000000e+001
      vertex -5.214495e+001  2.765077e+001 -1.000000e+001
    endloop
  endfacet
  facet normal -4.226168e-001  9.063084e-001  0.000000e+000
    outer loop
      vertex -5.175000e+001  2.783494e+001 -5.000000e+000
      vertex -5.214495e+001  2.765077e+001 -1.000000e+001
      vertex -5.214495e+001  2.765077e+001 -5.000000e+000
    endloop
  endfacet
  facet normal -2.588183e-001  9.659259e-001  0.000000e+000
    outer loop
      vertex -5.214495e+001  2.765077e+001 -5.000000e+000
      vertex -5.214495e+001  2.765077e+001 -1.000000e+001
      vertex -5.256588e+001  2.753798e+001 -1.000000e+001
    endloop
  endfacet
  facet normal -2.588183e-001  9.659259e-001  0.000000e+000
    outer loop
      vertex -5.214495e+001  2.765077e+001 -5.000000e+000
      vertex -5.256588e+001  2.753798e+001 -1.000000e+001
      vertex -5.256588e+001  2.753798e+001 -5.000000e+000
    endloop
  endfacet
  facet normal -8.715675e-002  9.961947e-001  0.000000e+000
    outer loop
      vertex -5.256588e+001  2.753798e+001 -5.000000e+000
      vertex -5.256588e+001  2.753798e+001 -1.000000e+001
      vertex -5.300000e+001  2.750000e+001 -1.000000e+001
    endloop
  endfacet
  facet normal -8.715675e-002  9.961947e-001  0.000000e+000
    outer loop
      vertex -5.256588e+001  2.753798e+001 -5.000000e+000
      vertex -5.300000e+001  2.750000e+001 -1.000000e+001
      vertex -5.300000e+001  2.750000e+001 -5.000000e+000
    endloop
  endfacet
  facet normal  0.000000e+000  0.000000e+000  1.000000e+000
    outer loop
      vertex  2.557222e+001 -2.641385e+001  1.500000e+001
      vertex  2.586640e+001 -2.603588e+001  1.500000e+001
      vertex  2.580000e+001 -2.418949e+001  1.500000e+001
    endloop
  endfacet
  facet normal  0.000000e+000  0.000000e+000  9.999999e-001
    outer loop
      vertex  2.488873e+001 -3.111127e+001  1.500000e+001
      vertex  2.363764e+001 -2.857432e+001  1.500000e+001
      vertex  2.374993e+001 -2.913880e+001  1.500000e+001
    endloop
  endfacet
  facet normal  0.000000e+000  0.000000e+000  1.000000e+000
    outer loop
      vertex  2.488873e+001 -3.111127e+001  1.500000e+001
      vertex  2.374993e+001 -2.913880e+001  1.500000e+001
      vertex  2.393493e+001 -2.968381e+001  1.500000e+001
    endloop
  endfacet
  facet normal  0.000000e+000  0.000000e+000  1.000000e+000
    outer loop
      vertex  2.488873e+001 -3.111127e+001  1.500000e+001
      vertex  2.393493e+001 -2.968381e+001  1.500000e+001
      vertex  2.418949e+001 -3.020000e+001  1.500000e+001
    endloop
  endfacet
  facet normal  0.000000e+000  0.000000e+000  1.000000e+000
    outer loop
      vertex  2.488873e+001 -3.111127e+001  1.500000e+001
      vertex  2.418949e+001 -3.020000e+001  1.500000e+001
      vertex  2.450924e+001 -3.067855e+001  1.500000e+001
    endloop
  endfacet
  facet normal  0.000000e+000  -0.000000e+000  1.000000e+000
    outer loop
      vertex  2.510991e+001 -2.776052e+001  1.500000e+001
      vertex  2.518874e+001 -2.728809e+001  1.500000e+001
      vertex  2.532145e+001 -2.450924e+001  1.500000e+001
    endloop
  endfacet
  facet normal  0.000000e+000  0.000000e+000  1.000000e+000
    outer loop
      vertex  2.510991e+001 -2.776052e+001  1.500000e+001
      vertex  2.532145e+001 -2.450924e+001  1.500000e+001
      vertex  2.488873e+001 -2.488873e+001  1.500000e+001
    endloop
  endfacet
  facet normal  0.000000e+000  0.000000e+000  1.000000e+000
    outer loop
      vertex  2.510991e+001 -2.776052e+001  1.500000e+001
      vertex  2.488873e+001 -2.488873e+001  1.500000e+001
      vertex  2.450924e+001 -2.532145e+001  1.500000e+001
    endloop
  endfacet
  facet normal  0.000000e+000  0.000000e+000  1.000000e+000
    outer loop
      vertex  2.510991e+001 -2.776052e+001  1.500000e+001
      vertex  2.450924e+001 -2.532145e+001  1.500000e+001
      vertex  2.418949e+001 -2.580000e+001  1.500000e+001
    endloop
  endfacet
  facet normal  0.000000e+000  0.000000e+000  1.000000e+000
    outer loop
      vertex  2.510991e+001 -2.776052e+001  1.500000e+001
      vertex  2.418949e+001 -2.580000e+001  1.500000e+001
      vertex  2.393493e+001 -2.631619e+001  1.500000e+001
    endloop
  endfacet
  facet normal  0.000000e+000  0.000000e+000  1.000000e+000
    outer loop
      vertex  2.510991e+001 -2.776052e+001  1.500000e+001
      vertex  2.393493e+001 -2.631619e+001  1.500000e+001
      vertex  2.374993e+001 -2.686120e+001  1.500000e+001
    endloop
  endfacet
  facet normal  0.000000e+000  0.000000e+000  1.000000e+000
    outer loop
      vertex  2.510991e+001 -2.776052e+001  1.500000e+001
      vertex  2.374993e+001 -2.686120e+001  1.500000e+001
      vertex  2.363764e+001 -2.742568e+001  1.500000e+001
    endloop
  endfacet
  facet normal  0.000000e+000  0.000000e+000  1.000000e+000
    outer loop
      vertex  3.240000e+001 -2.800000e+001  1.500000e+001
      vertex  3.236236e+001 -2.742568e+001  1.500000e+001
      vertex  3.225007e+001 -2.686120e+001  1.500000e+001
    endloop
  endfacet
  facet normal  0.000000e+000  0.000000e+000  1.000000e+000
    outer loop
      vertex  3.240000e+001 -2.800000e+001  1.500000e+001
      vertex  3.225007e+001 -2.686120e+001  1.500000e+001
      vertex  3.206507e+001 -2.631619e+001  1.500000e+001
    endloop
  endfacet
  facet normal  0.000000e+000  0.000000e+000  1.000000e+000
    outer loop
      vertex  3.240000e+001 -2.800000e+001  1.500000e+001
      vertex  3.206507e+001 -2.631619e+001  1.500000e+001
      vertex  3.181051e+001 -2.580000e+001  1.500000e+001
    endloop
  endfacet
  facet normal  0.000000e+000  0.000000e+000  1.000000e+000
    outer loop
      vertex  3.240000e+001 -2.800000e+001  1.500000e+001
      vertex  3.181051e+001 -2.580000e+001  1.500000e+001
      vertex  3.149076e+001 -2.532145e+001  1.500000e+001
    endloop
  endfacet
  facet normal  0.000000e+000  0.000000e+000  1.000000e+000
    outer loop
      vertex  3.240000e+001 -2.800000e+001  1.500000e+001
      vertex  3.149076e+001 -2.532145e+001  1.500000e+001
      vertex  3.111127e+001 -2.488873e+001  1.500000e+001
    endloop
  endfacet
  facet normal  0.000000e+000  0.000000e+000  1.000000e+000
    outer loop
      vertex  3.240000e+001 -2.800000e+001  1.500000e+001
      vertex  3.111127e+001 -2.488873e+001  1.500000e+001
      vertex  3.089009e+001 -2.776052e+001  1.500000e+001
    endloop
  endfacet
  facet normal  0.000000e+000  0.000000e+000  1.000000e+000
    outer loop
      vertex  3.240000e+001 -2.800000e+001  1.500000e+001
      vertex  3.089009e+001 -2.776052e+001  1.500000e+001
      vertex  3.089009e+001 -2.823948e+001  1.500000e+001
    endloop
  endfacet
  facet normal  -0.000000e+000  0.000000e+000  1.000000e+000
    outer loop
      vertex  3.240000e+001 -2.800000e+001  1.500000e+001
      vertex  3.089009e+001 -2.823948e+001  1.500000e+001
      vertex  3.111127e+001 -3.111127e+001  1.500000e+001
    endloop
  endfacet
  facet normal  0.000000e+000  0.000000e+000  9.999999e-001
    outer loop
      vertex  3.240000e+001 -2.800000e+001  1.500000e+001
      vertex  3.111127e+001 -3.111127e+001  1.500000e+001
      vertex  3.149076e+001 -3.067855e+001  1.500000e+001
    endloop
  endfacet
  facet normal  0.000000e+000  0.000000e+000  1.000000e+000
    outer loop
      vertex  3.240000e+001 -2.800000e+001  1.500000e+001
      vertex  3.149076e+001 -3.067855e+001  1.500000e+001
      vertex  3.181051e+001 -3.020000e+001  1.500000e+001
    endloop
  endfacet
  facet normal  0.000000e+000  0.000000e+000  1.000000e+000
    outer loop
      vertex  3.240000e+001 -2.800000e+001  1.500000e+001
      vertex  3.181051e+001 -3.020000e+001  1.500000e+001
      vertex  3.206507e+001 -2.968381e+001  1.500000e+001
    endloop
  endfacet
  facet normal  0.000000e+000  0.000000e+000  1.000000e+000
    outer loop
      vertex  3.240000e+001 -2.800000e+001  1.500000e+001
      vertex  3.206507e+001 -2.968381e+001  1.500000e+001
      vertex  3.225007e+001 -2.913880e+001  1.500000e+001
    endloop
  endfacet
  facet normal  0.000000e+000  0.000000e+000  1.000000e+000
    outer loop
      vertex  3.240000e+001 -2.800000e+001  1.500000e+001
      vertex  3.225007e+001 -2.913880e+001  1.500000e+001
      vertex  3.236236e+001 -2.857432e+001  1.500000e+001
    endloop
  endfacet
  facet normal  0.000000e+000  0.000000e+000  1.000000e+000
    outer loop
      vertex  2.510991e+001 -2.776052e+001  1.500000e+001
      vertex  2.363764e+001 -2.742568e+001  1.500000e+001
      vertex  2.510991e+001 -2.823948e+001  1.500000e+001
    endloop
  endfacet
  facet normal  0.000000e+000  0.000000e+000  1.000000e+000
    outer loop
      vertex  2.510991e+001 -2.823948e+001  1.500000e+001
      vertex  2.363764e+001 -2.742568e+001  1.500000e+001
      vertex  2.360000e+001 -2.800000e+001  1.500000e+001
    endloop
  endfacet
  facet normal  0.000000e+000  0.000000e+000  1.000000e+000
    outer loop
      vertex  2.510991e+001 -2.823948e+001  1.500000e+001
      vertex  2.360000e+001 -2.800000e+001  1.500000e+001
      vertex  2.488873e+001 -3.111127e+001  1.500000e+001
    endloop
  endfacet
  facet normal  0.000000e+000  0.000000e+000  1.000000e+000
    outer loop
      vertex  2.488873e+001 -3.111127e+001  1.500000e+001
      vertex  2.360000e+001 -2.800000e+001  1.500000e+001
      vertex  2.363764e+001 -2.857432e+001  1.500000e+001
    endloop
  endfacet
  facet normal  0.000000e+000  0.000000e+000  9.999999e-001
    outer loop
      vertex  2.510991e+001 -2.823948e+001  1.500000e+001
      vertex  2.488873e+001 -3.111127e+001  1.500000e+001
      vertex  2.518874e+001 -2.871191e+001  1.500000e+001
    endloop
  endfacet
  facet normal  0.000000e+000  0.000000e+000  1.000000e+000
    outer loop
      vertex  2.518874e+001 -2.871191e+001  1.500000e+001
      vertex  2.488873e+001 -3.111127e+001  1.500000e+001
      vertex  2.532145e+001 -3.149076e+001  1.500000e+001
    endloop
  endfacet
  facet normal  0.000000e+000  -0.000000e+000  1.000000e+000
    outer loop
      vertex  2.518874e+001 -2.871191e+001  1.500000e+001
      vertex  2.532145e+001 -3.149076e+001  1.500000e+001
      vertex  2.534426e+001 -2.916492e+001  1.500000e+001
    endloop
  endfacet
  facet normal  0.000000e+000  0.000000e+000  1.000000e+000
    outer loop
      vertex  2.534426e+001 -2.916492e+001  1.500000e+001
      vertex  2.532145e+001 -3.149076e+001  1.500000e+001
      vertex  2.557222e+001 -2.958615e+001  1.500000e+001
    endloop
  endfacet
  facet normal  0.000000e+000  0.000000e+000  1.000000e+000
    outer loop
      vertex  2.557222e+001 -2.958615e+001  1.500000e+001
      vertex  2.532145e+001 -3.149076e+001  1.500000e+001
      vertex  2.580000e+001 -3.181051e+001  1.500000e+001
    endloop
  endfacet
  facet normal  0.000000e+000  -0.000000e+000  1.000000e+000
    outer loop
      vertex  2.557222e+001 -2.958615e+001  1.500000e+001
      vertex  2.580000e+001 -3.181051e+001  1.500000e+001
      vertex  2.586640e+001 -2.996412e+001  1.500000e+001
    endloop
  endfacet
  facet normal  0.000000e+000  0.000000e+000  9.999999e-001
    outer loop
      vertex  2.586640e+001 -2.996412e+001  1.500000e+001
      vertex  2.580000e+001 -3.181051e+001  1.500000e+001
      vertex  2.621878e+001 -3.028851e+001  1.500000e+001
    endloop
  endfacet
  facet normal  0.000000e+000  0.000000e+000  1.000000e+000
    outer loop
      vertex  2.621878e+001 -3.028851e+001  1.500000e+001
      vertex  2.580000e+001 -3.181051e+001  1.500000e+001
      vertex  2.631619e+001 -3.206507e+001  1.500000e+001
    endloop
  endfacet
  facet normal  0.000000e+000  -0.000000e+000  1.000000e+000
    outer loop
      vertex  2.621878e+001 -3.028851e+001  1.500000e+001
      vertex  2.631619e+001 -3.206507e+001  1.500000e+001
      vertex  2.661975e+001 -3.055047e+001  1.500000e+001
    endloop
  endfacet
  facet normal  0.000000e+000  0.000000e+000  1.000000e+000
    outer loop
      vertex  2.661975e+001 -3.055047e+001  1.500000e+001
      vertex  2.631619e+001 -3.206507e+001  1.500000e+001
      vertex  2.686120e+001 -3.225007e+001  1.500000e+001
    endloop
  endfacet
  facet normal  0.000000e+000  -0.000000e+000  1.000000e+000
    outer loop
      vertex  2.661975e+001 -3.055047e+001  1.500000e+001
      vertex  2.686120e+001 -3.225007e+001  1.500000e+001
      vertex  2.705837e+001 -3.074287e+001  1.500000e+001
    endloop
  endfacet
  facet normal  0.000000e+000  0.000000e+000  1.000000e+000
    outer loop
      vertex  2.705837e+001 -3.074287e+001  1.500000e+001
      vertex  2.686120e+001 -3.225007e+001  1.500000e+001
      vertex  2.752268e+001 -3.086045e+001  1.500000e+001
    endloop
  endfacet
  facet normal  0.000000e+000  0.000000e+000  9.999999e-001
    outer loop
      vertex  2.752268e+001 -3.086045e+001  1.500000e+001
      vertex  2.686120e+001 -3.225007e+001  1.500000e+001
      vertex  2.742568e+001 -3.236236e+001  1.500000e+001
    endloop
  endfacet
  facet normal  0.000000e+000  0.000000e+000  1.000000e+000
    outer loop
      vertex  2.752268e+001 -3.086045e+001  1.500000e+001
      vertex  2.742568e+001 -3.236236e+001  1.500000e+001
      vertex  2.800000e+001 -3.090000e+001  1.500000e+001
    endloop
  endfacet
  facet normal  0.000000e+000  0.000000e+000  1.000000e+000
    outer loop
      vertex  2.800000e+001 -3.090000e+001  1.500000e+001
      vertex  2.742568e+001 -3.236236e+001  1.500000e+001
      vertex  2.800000e+001 -3.240000e+001  1.500000e+001
    endloop
  endfacet
  facet normal  0.000000e+000  0.000000e+000  1.000000e+000
    outer loop
      vertex  2.800000e+001 -3.090000e+001  1.500000e+001
      vertex  2.800000e+001 -3.240000e+001  1.500000e+001
      vertex  2.847732e+001 -3.086045e+001  1.500000e+001
    endloop
  endfacet
  facet normal  0.000000e+000  0.000000e+000  1.000000e+000
    outer loop
      vertex  2.847732e+001 -3.086045e+001  1.500000e+001
      vertex  2.800000e+001 -3.240000e+001  1.500000e+001
      vertex  2.857432e+001 -3.236236e+001  1.500000e+001
    endloop
  endfacet
  facet normal  0.000000e+000  -0.000000e+000  1.000000e+000
    outer loop
      vertex  2.847732e+001 -3.086045e+001  1.500000e+001
      vertex  2.857432e+001 -3.236236e+001  1.500000e+001
      vertex  2.894163e+001 -3.074287e+001  1.500000e+001
    endloop
  endfacet
  facet normal  0.000000e+000  0.000000e+000  1.000000e+000
    outer loop
      vertex  2.894163e+001 -3.074287e+001  1.500000e+001
      vertex  2.857432e+001 -3.236236e+001  1.500000e+001
      vertex  2.913880e+001 -3.225007e+001  1.500000e+001
    endloop
  endfacet
  facet normal  0.000000e+000  -0.000000e+000  1.000000e+000
    outer loop
      vertex  2.894163e+001 -3.074287e+001  1.500000e+001
      vertex  2.913880e+001 -3.225007e+001  1.500000e+001
      vertex  2.938025e+001 -3.055047e+001  1.500000e+001
    endloop
  endfacet
  facet normal  0.000000e+000  0.000000e+000  1.000000e+000
    outer loop
      vertex  2.938025e+001 -3.055047e+001  1.500000e+001
      vertex  2.913880e+001 -3.225007e+001  1.500000e+001
      vertex  2.968381e+001 -3.206507e+001  1.500000e+001
    endloop
  endfacet
  facet normal  0.000000e+000  -0.000000e+000  1.000000e+000
    outer loop
      vertex  2.938025e+001 -3.055047e+001  1.500000e+001
      vertex  2.968381e+001 -3.206507e+001  1.500000e+001
      vertex  2.978122e+001 -3.028851e+001  1.500000e+001
    endloop
  endfacet
  facet normal  0.000000e+000  0.000000e+000  1.000000e+000
    outer loop
      vertex  2.978122e+001 -3.028851e+001  1.500000e+001
      vertex  2.968381e+001 -3.206507e+001  1.500000e+001
      vertex  3.013360e+001 -2.996412e+001  1.500000e+001
    endloop
  endfacet
  facet normal  0.000000e+000  0.000000e+000  1.000000e+000
    outer loop
      vertex  3.013360e+001 -2.996412e+001  1.500000e+001
      vertex  2.968381e+001 -3.206507e+001  1.500000e+001
      vertex  3.020000e+001 -3.181051e+001  1.500000e+001
    endloop
  endfacet
  facet normal  0.000000e+000  -0.000000e+000  1.000000e+000
    outer loop
      vertex  3.013360e+001 -2.996412e+001  1.500000e+001
      vertex  3.020000e+001 -3.181051e+001  1.500000e+001
      vertex  3.042778e+001 -2.958615e+001  1.500000e+001
    endloop
  endfacet
  facet normal  0.000000e+000  0.000000e+000  1.000000e+000
    outer loop
      vertex  3.042778e+001 -2.958615e+001  1.500000e+001
      vertex  3.020000e+001 -3.181051e+001  1.500000e+001
      vertex  3.067855e+001 -3.149076e+001  1.500000e+001
    endloop
  endfacet
  facet normal  0.000000e+000  0.000000e+000  1.000000e+000
    outer loop
      vertex  3.042778e+001 -2.958615e+001  1.500000e+001
      vertex  3.067855e+001 -3.149076e+001  1.500000e+001
      vertex  3.065574e+001 -2.916492e+001  1.500000e+001
    endloop
  endfacet
  facet normal  0.000000e+000  -0.000000e+000  1.000000e+000
    outer loop
      vertex  3.065574e+001 -2.916492e+001  1.500000e+001
      vertex  3.067855e+001 -3.149076e+001  1.500000e+001
      vertex  3.081126e+001 -2.871191e+001  1.500000e+001
    endloop
  endfacet
  facet normal  0.000000e+000  0.000000e+000  1.000000e+000
    outer loop
      vertex  3.081126e+001 -2.871191e+001  1.500000e+001
      vertex  3.067855e+001 -3.149076e+001  1.500000e+001
      vertex  3.111127e+001 -3.111127e+001  1.500000e+001
    endloop
  endfacet
  facet normal  0.000000e+000  0.000000e+000  9.999999e-001
    outer loop
      vertex  3.081126e+001 -2.871191e+001  1.500000e+001
      vertex  3.111127e+001 -3.111127e+001  1.500000e+001
      vertex  3.089009e+001 -2.823948e+001  1.500000e+001
    endloop
  endfacet
  facet normal  0.000000e+000  0.000000e+000  1.000000e+000
    outer loop
      vertex  2.557222e+001 -2.641385e+001  1.500000e+001
      vertex  2.580000e+001 -2.418949e+001  1.500000e+001
      vertex  2.534426e+001 -2.683508e+001  1.500000e+001
    endloop
  endfacet
  facet normal  0.000000e+000  -0.000000e+000  1.000000e+000
    outer loop
      vertex  2.534426e+001 -2.683508e+001  1.500000e+001
      vertex  2.580000e+001 -2.418949e+001  1.500000e+001
      vertex  2.532145e+001 -2.450924e+001  1.500000e+001
    endloop
  endfacet
  facet normal  0.000000e+000  0.000000e+000  1.000000e+000
    outer loop
      vertex  2.534426e+001 -2.683508e+001  1.500000e+001
      vertex  2.532145e+001 -2.450924e+001  1.500000e+001
      vertex  2.518874e+001 -2.728809e+001  1.500000e+001
    endloop
  endfacet
  facet normal  0.000000e+000  -0.000000e+000  1.000000e+000
    outer loop
      vertex  2.580000e+001 -2.418949e+001  1.500000e+001
      vertex  2.586640e+001 -2.603588e+001  1.500000e+001
      vertex  2.631619e+001 -2.393493e+001  1.500000e+001
    endloop
  endfacet
  facet normal  0.000000e+000  0.000000e+000  1.000000e+000
    outer loop
      vertex  2.631619e+001 -2.393493e+001  1.500000e+001
      vertex  2.586640e+001 -2.603588e+001  1.500000e+001
      vertex  2.621878e+001 -2.571149e+001  1.500000e+001
    endloop
  endfacet
  facet normal  0.000000e+000  0.000000e+000  1.000000e+000
    outer loop
      vertex  2.631619e+001 -2.393493e+001  1.500000e+001
      vertex  2.621878e+001 -2.571149e+001  1.500000e+001
      vertex  2.686120e+001 -2.374993e+001  1.500000e+001
    endloop
  endfacet
  facet normal  0.000000e+000  0.000000e+000  9.999999e-001
    outer loop
      vertex  2.686120e+001 -2.374993e+001  1.500000e+001
      vertex  2.621878e+001 -2.571149e+001  1.500000e+001
      vertex  2.661975e+001 -2.544953e+001  1.500000e+001
    endloop
  endfacet
  facet normal  0.000000e+000  0.000000e+000  1.000000e+000
    outer loop
      vertex  2.686120e+001 -2.374993e+001  1.500000e+001
      vertex  2.661975e+001 -2.544953e+001  1.500000e+001
      vertex  2.705837e+001 -2.525713e+001  1.500000e+001
    endloop
  endfacet
  facet normal  0.000000e+000  -0.000000e+000  1.000000e+000
    outer loop
      vertex  2.686120e+001 -2.374993e+001  1.500000e+001
      vertex  2.705837e+001 -2.525713e+001  1.500000e+001
      vertex  2.742568e+001 -2.363764e+001  1.500000e+001
    endloop
  endfacet
  facet normal  0.000000e+000  0.000000e+000  1.000000e+000
    outer loop
      vertex  2.742568e+001 -2.363764e+001  1.500000e+001
      vertex  2.705837e+001 -2.525713e+001  1.500000e+001
      vertex  2.752268e+001 -2.513955e+001  1.500000e+001
    endloop
  endfacet
  facet normal  0.000000e+000  -0.000000e+000  1.000000e+000
    outer loop
      vertex  2.742568e+001 -2.363764e+001  1.500000e+001
      vertex  2.752268e+001 -2.513955e+001  1.500000e+001
      vertex  2.800000e+001 -2.360000e+001  1.500000e+001
    endloop
  endfacet
  facet normal  0.000000e+000  0.000000e+000  1.000000e+000
    outer loop
      vertex  2.800000e+001 -2.360000e+001  1.500000e+001
      vertex  2.752268e+001 -2.513955e+001  1.500000e+001
      vertex  2.800000e+001 -2.510000e+001  1.500000e+001
    endloop
  endfacet
  facet normal  0.000000e+000  0.000000e+000  9.999999e-001
    outer loop
      vertex  2.800000e+001 -2.360000e+001  1.500000e+001
      vertex  2.800000e+001 -2.510000e+001  1.500000e+001
      vertex  2.857432e+001 -2.363764e+001  1.500000e+001
    endloop
  endfacet
  facet normal  0.000000e+000  0.000000e+000  1.000000e+000
    outer loop
      vertex  2.857432e+001 -2.363764e+001  1.500000e+001
      vertex  2.800000e+001 -2.510000e+001  1.500000e+001
      vertex  2.847732e+001 -2.513955e+001  1.500000e+001
    endloop
  endfacet
  facet normal  0.000000e+000  0.000000e+000  1.000000e+000
    outer loop
      vertex  2.857432e+001 -2.363764e+001  1.500000e+001
      vertex  2.847732e+001 -2.513955e+001  1.500000e+001
      vertex  2.913880e+001 -2.374993e+001  1.500000e+001
    endloop
  endfacet
  facet normal  0.000000e+000  0.000000e+000  1.000000e+000
    outer loop
      vertex  2.913880e+001 -2.374993e+001  1.500000e+001
      vertex  2.847732e+001 -2.513955e+001  1.500000e+001
      vertex  2.894163e+001 -2.525713e+001  1.500000e+001
    endloop
  endfacet
  facet normal  0.000000e+000  0.000000e+000  1.000000e+000
    outer loop
      vertex  2.913880e+001 -2.374993e+001  1.500000e+001
      vertex  2.894163e+001 -2.525713e+001  1.500000e+001
      vertex  2.968381e+001 -2.393493e+001  1.500000e+001
    endloop
  endfacet
  facet normal  0.000000e+000  0.000000e+000  1.000000e+000
    outer loop
      vertex  2.968381e+001 -2.393493e+001  1.500000e+001
      vertex  2.894163e+001 -2.525713e+001  1.500000e+001
      vertex  2.938025e+001 -2.544953e+001  1.500000e+001
    endloop
  endfacet
  facet normal  -0.000000e+000  0.000000e+000  1.000000e+000
    outer loop
      vertex  2.968381e+001 -2.393493e+001  1.500000e+001
      vertex  2.938025e+001 -2.544953e+001  1.500000e+001
      vertex  2.978122e+001 -2.571149e+001  1.500000e+001
    endloop
  endfacet
  facet normal  0.000000e+000  -0.000000e+000  1.000000e+000
    outer loop
      vertex  2.968381e+001 -2.393493e+001  1.500000e+001
      vertex  2.978122e+001 -2.571149e+001  1.500000e+001
      vertex  3.020000e+001 -2.418949e+001  1.500000e+001
    endloop
  endfacet
  facet normal  0.000000e+000  0.000000e+000  9.999999e-001
    outer loop
      vertex  3.020000e+001 -2.418949e+001  1.500000e+001
      vertex  2.978122e+001 -2.571149e+001  1.500000e+001
      vertex  3.013360e+001 -2.603588e+001  1.500000e+001
    endloop
  endfacet
  facet normal  0.000000e+000  0.000000e+000  9.999999e-001
    outer loop
      vertex  3.020000e+001 -2.418949e+001  1.500000e+001
      vertex  3.013360e+001 -2.603588e+001  1.500000e+001
      vertex  3.067855e+001 -2.450924e+001  1.500000e+001
    endloop
  endfacet
  facet normal  0.000000e+000  0.000000e+000  1.000000e+000
    outer loop
      vertex  3.067855e+001 -2.450924e+001  1.500000e+001
      vertex  3.013360e+001 -2.603588e+001  1.500000e+001
      vertex  3.042778e+001 -2.641385e+001  1.500000e+001
    endloop
  endfacet
  facet normal  -0.000000e+000  0.000000e+000  1.000000e+000
    outer loop
      vertex  3.067855e+001 -2.450924e+001  1.500000e+001
      vertex  3.042778e+001 -2.641385e+001  1.500000e+001
      vertex  3.065574e+001 -2.683508e+001  1.500000e+001
    endloop
  endfacet
  facet normal  0.000000e+000  0.000000e+000  1.000000e+000
    outer loop
      vertex  3.067855e+001 -2.450924e+001  1.500000e+001
      vertex  3.065574e+001 -2.683508e+001  1.500000e+001
      vertex  3.111127e+001 -2.488873e+001  1.500000e+001
    endloop
  endfacet
  facet normal  0.000000e+000  0.000000e+000  1.000000e+000
    outer loop
      vertex  3.111127e+001 -2.488873e+001  1.500000e+001
      vertex  3.065574e+001 -2.683508e+001  1.500000e+001
      vertex  3.081126e+001 -2.728809e+001  1.500000e+001
    endloop
  endfacet
  facet normal  -0.000000e+000  0.000000e+000  9.999999e-001
    outer loop
      vertex  3.111127e+001 -2.488873e+001  1.500000e+001
      vertex  3.081126e+001 -2.728809e+001  1.500000e+001
      vertex  3.089009e+001 -2.776052e+001  1.500000e+001
    endloop
  endfacet
  facet normal  0.000000e+000  0.000000e+000  9.999999e-001
    outer loop
      vertex -4.442778e+001 -1.841385e+001  1.500000e+001
      vertex -4.413360e+001 -1.803588e+001  1.500000e+001
      vertex -4.420000e+001 -1.618949e+001  1.500000e+001
    endloop
  endfacet
  facet normal  0.000000e+000  0.000000e+000  1.000000e+000
    outer loop
      vertex -4.511127e+001 -2.311127e+001  1.500000e+001
      vertex -4.636236e+001 -2.057432e+001  1.500000e+001
      vertex -4.625007e+001 -2.113880e+001  1.500000e+001
    endloop
  endfacet
  facet normal  0.000000e+000  0.000000e+000  1.000000e+000
    outer loop
      vertex -4.511127e+001 -2.311127e+001  1.500000e+001
      vertex -4.625007e+001 -2.113880e+001  1.500000e+001
      vertex -4.606507e+001 -2.168381e+001  1.500000e+001
    endloop
  endfacet
  facet normal  0.000000e+000  0.000000e+000  1.000000e+000
    outer loop
      vertex -4.511127e+001 -2.311127e+001  1.500000e+001
      vertex -4.606507e+001 -2.168381e+001  1.500000e+001
      vertex -4.581051e+001 -2.220000e+001  1.500000e+001
    endloop
  endfacet
  facet normal  0.000000e+000  0.000000e+000  9.999999e-001
    outer loop
      vertex -4.511127e+001 -2.311127e+001  1.500000e+001
      vertex -4.581051e+001 -2.220000e+001  1.500000e+001
      vertex -4.549075e+001 -2.267855e+001  1.500000e+001
    endloop
  endfacet
  facet normal  0.000000e+000  -0.000000e+000  1.000000e+000
    outer loop
      vertex -4.489009e+001 -1.976052e+001  1.500000e+001
      vertex -4.481126e+001 -1.928809e+001  1.500000e+001
      vertex -4.467855e+001 -1.650924e+001  1.500000e+001
    endloop
  endfacet
  facet normal  0.000000e+000  0.000000e+000  1.000000e+000
    outer loop
      vertex -4.489009e+001 -1.976052e+001  1.500000e+001
      vertex -4.467855e+001 -1.650924e+001  1.500000e+001
      vertex -4.511127e+001 -1.688873e+001  1.500000e+001
    endloop
  endfacet
  facet normal  0.000000e+000  0.000000e+000  1.000000e+000
    outer loop
      vertex -4.489009e+001 -1.976052e+001  1.500000e+001
      vertex -4.511127e+001 -1.688873e+001  1.500000e+001
      vertex -4.549075e+001 -1.732145e+001  1.500000e+001
    endloop
  endfacet
  facet normal  0.000000e+000  0.000000e+000  1.000000e+000
    outer loop
      vertex -4.489009e+001 -1.976052e+001  1.500000e+001
      vertex -4.549075e+001 -1.732145e+001  1.500000e+001
      vertex -4.581051e+001 -1.780000e+001  1.500000e+001
    endloop
  endfacet
  facet normal  0.000000e+000  0.000000e+000  9.999999e-001
    outer loop
      vertex -4.489009e+001 -1.976052e+001  1.500000e+001
      vertex -4.581051e+001 -1.780000e+001  1.500000e+001
      vertex -4.606507e+001 -1.831619e+001  1.500000e+001
    endloop
  endfacet
  facet normal  0.000000e+000  0.000000e+000  1.000000e+000
    outer loop
      vertex -4.489009e+001 -1.976052e+001  1.500000e+001
      vertex -4.606507e+001 -1.831619e+001  1.500000e+001
      vertex -4.625007e+001 -1.886120e+001  1.500000e+001
    endloop
  endfacet
  facet normal  0.000000e+000  0.000000e+000  1.000000e+000
    outer loop
      vertex -4.489009e+001 -1.976052e+001  1.500000e+001
      vertex -4.625007e+001 -1.886120e+001  1.500000e+001
      vertex -4.636236e+001 -1.942568e+001  1.500000e+001
    endloop
  endfacet
  facet normal  0.000000e+000  0.000000e+000  1.000000e+000
    outer loop
      vertex -3.760000e+001 -2.000000e+001  1.500000e+001
      vertex -3.763764e+001 -1.942568e+001  1.500000e+001
      vertex -3.774993e+001 -1.886120e+001  1.500000e+001
    endloop
  endfacet
  facet normal  0.000000e+000  0.000000e+000  1.000000e+000
    outer loop
      vertex -3.760000e+001 -2.000000e+001  1.500000e+001
      vertex -3.774993e+001 -1.886120e+001  1.500000e+001
      vertex -3.793493e+001 -1.831619e+001  1.500000e+001
    endloop
  endfacet
  facet normal  0.000000e+000  0.000000e+000  1.000000e+000
    outer loop
      vertex -3.760000e+001 -2.000000e+001  1.500000e+001
      vertex -3.793493e+001 -1.831619e+001  1.500000e+001
      vertex -3.818949e+001 -1.780000e+001  1.500000e+001
    endloop
  endfacet
  facet normal  0.000000e+000  0.000000e+000  1.000000e+000
    outer loop
      vertex -3.760000e+001 -2.000000e+001  1.500000e+001
      vertex -3.818949e+001 -1.780000e+001  1.500000e+001
      vertex -3.850925e+001 -1.732145e+001  1.500000e+001
    endloop
  endfacet
  facet normal  0.000000e+000  0.000000e+000  1.000000e+000
    outer loop
      vertex -3.760000e+001 -2.000000e+001  1.500000e+001
      vertex -3.850925e+001 -1.732145e+001  1.500000e+001
      vertex -3.888873e+001 -1.688873e+001  1.500000e+001
    endloop
  endfacet
  facet normal  0.000000e+000  0.000000e+000  1.000000e+000
    outer loop
      vertex -3.760000e+001 -2.000000e+001  1.500000e+001
      vertex -3.888873e+001 -1.688873e+001  1.500000e+001
      vertex -3.910991e+001 -1.976052e+001  1.500000e+001
    endloop
  endfacet
  facet normal  0.000000e+000  0.000000e+000  1.000000e+000
    outer loop
      vertex -3.760000e+001 -2.000000e+001  1.500000e+001
      vertex -3.910991e+001 -1.976052e+001  1.500000e+001
      vertex -3.910991e+001 -2.023948e+001  1.500000e+001
    endloop
  endfacet
  facet normal  -0.000000e+000  0.000000e+000  1.000000e+000
    outer loop
      vertex -3.760000e+001 -2.000000e+001  1.500000e+001
      vertex -3.910991e+001 -2.023948e+001  1.500000e+001
      vertex -3.888873e+001 -2.311127e+001  1.500000e+001
    endloop
  endfacet
  facet normal  0.000000e+000  0.000000e+000  9.999999e-001
    outer loop
      vertex -3.760000e+001 -2.000000e+001  1.500000e+001
      vertex -3.888873e+001 -2.311127e+001  1.500000e+001
      vertex -3.850925e+001 -2.267855e+001  1.500000e+001
    endloop
  endfacet
  facet normal  0.000000e+000  0.000000e+000  9.999999e-001
    outer loop
      vertex -3.760000e+001 -2.000000e+001  1.500000e+001
      vertex -3.850925e+001 -2.267855e+001  1.500000e+001
      vertex -3.818949e+001 -2.220000e+001  1.500000e+001
    endloop
  endfacet
  facet normal  0.000000e+000  0.000000e+000  1.000000e+000
    outer loop
      vertex -3.760000e+001 -2.000000e+001  1.500000e+001
      vertex -3.818949e+001 -2.220000e+001  1.500000e+001
      vertex -3.793493e+001 -2.168381e+001  1.500000e+001
    endloop
  endfacet
  facet normal  0.000000e+000  0.000000e+000  1.000000e+000
    outer loop
      vertex -3.760000e+001 -2.000000e+001  1.500000e+001
      vertex -3.793493e+001 -2.168381e+001  1.500000e+001
      vertex -3.774993e+001 -2.113880e+001  1.500000e+001
    endloop
  endfacet
  facet normal  0.000000e+000  0.000000e+000  1.000000e+000
    outer loop
      vertex -3.760000e+001 -2.000000e+001  1.500000e+001
      vertex -3.774993e+001 -2.113880e+001  1.500000e+001
      vertex -3.763764e+001 -2.057432e+001  1.500000e+001
    endloop
  endfacet
  facet normal  0.000000e+000  0.000000e+000  1.000000e+000
    outer loop
      vertex -4.489009e+001 -1.976052e+001  1.500000e+001
      vertex -4.636236e+001 -1.942568e+001  1.500000e+001
      vertex -4.489009e+001 -2.023948e+001  1.500000e+001
    endloop
  endfacet
  facet normal  0.000000e+000  0.000000e+000  1.000000e+000
    outer loop
      vertex -4.489009e+001 -2.023948e+001  1.500000e+001
      vertex -4.636236e+001 -1.942568e+001  1.500000e+001
      vertex -4.640000e+001 -2.000000e+001  1.500000e+001
    endloop
  endfacet
  facet normal  0.000000e+000  0.000000e+000  1.000000e+000
    outer loop
      vertex -4.489009e+001 -2.023948e+001  1.500000e+001
      vertex -4.640000e+001 -2.000000e+001  1.500000e+001
      vertex -4.511127e+001 -2.311127e+001  1.500000e+001
    endloop
  endfacet
  facet normal  0.000000e+000  0.000000e+000  1.000000e+000
    outer loop
      vertex -4.511127e+001 -2.311127e+001  1.500000e+001
      vertex -4.640000e+001 -2.000000e+001  1.500000e+001
      vertex -4.636236e+001 -2.057432e+001  1.500000e+001
    endloop
  endfacet
  facet normal  0.000000e+000  0.000000e+000  1.000000e+000
    outer loop
      vertex -4.489009e+001 -2.023948e+001  1.500000e+001
      vertex -4.511127e+001 -2.311127e+001  1.500000e+001
      vertex -4.481126e+001 -2.071191e+001  1.500000e+001
    endloop
  endfacet
  facet normal  0.000000e+000  0.000000e+000  1.000000e+000
    outer loop
      vertex -4.481126e+001 -2.071191e+001  1.500000e+001
      vertex -4.511127e+001 -2.311127e+001  1.500000e+001
      vertex -4.467855e+001 -2.349076e+001  1.500000e+001
    endloop
  endfacet
  facet normal  0.000000e+000  -0.000000e+000  1.000000e+000
    outer loop
      vertex -4.481126e+001 -2.071191e+001  1.500000e+001
      vertex -4.467855e+001 -2.349076e+001  1.500000e+001
      vertex -4.465574e+001 -2.116492e+001  1.500000e+001
    endloop
  endfacet
  facet normal  0.000000e+000  0.000000e+000  1.000000e+000
    outer loop
      vertex -4.465574e+001 -2.116492e+001  1.500000e+001
      vertex -4.467855e+001 -2.349076e+001  1.500000e+001
      vertex -4.442778e+001 -2.158615e+001  1.500000e+001
    endloop
  endfacet
  facet normal  0.000000e+000  0.000000e+000  1.000000e+000
    outer loop
      vertex -4.442778e+001 -2.158615e+001  1.500000e+001
      vertex -4.467855e+001 -2.349076e+001  1.500000e+001
      vertex -4.420000e+001 -2.381051e+001  1.500000e+001
    endloop
  endfacet
  facet normal  0.000000e+000  -0.000000e+000  1.000000e+000
    outer loop
      vertex -4.442778e+001 -2.158615e+001  1.500000e+001
      vertex -4.420000e+001 -2.381051e+001  1.500000e+001
      vertex -4.413360e+001 -2.196412e+001  1.500000e+001
    endloop
  endfacet
  facet normal  0.000000e+000  0.000000e+000  9.999999e-001
    outer loop
      vertex -4.413360e+001 -2.196412e+001  1.500000e+001
      vertex -4.420000e+001 -2.381051e+001  1.500000e+001
      vertex -4.378122e+001 -2.228851e+001  1.500000e+001
    endloop
  endfacet
  facet normal  0.000000e+000  0.000000e+000  1.000000e+000
    outer loop
      vertex -4.378122e+001 -2.228851e+001  1.500000e+001
      vertex -4.420000e+001 -2.381051e+001  1.500000e+001
      vertex -4.368381e+001 -2.406507e+001  1.500000e+001
    endloop
  endfacet
  facet normal  0.000000e+000  -0.000000e+000  1.000000e+000
    outer loop
      vertex -4.378122e+001 -2.228851e+001  1.500000e+001
      vertex -4.368381e+001 -2.406507e+001  1.500000e+001
      vertex -4.338025e+001 -2.255047e+001  1.500000e+001
    endloop
  endfacet
  facet normal  0.000000e+000  0.000000e+000  1.000000e+000
    outer loop
      vertex -4.338025e+001 -2.255047e+001  1.500000e+001
      vertex -4.368381e+001 -2.406507e+001  1.500000e+001
      vertex -4.313881e+001 -2.425007e+001  1.500000e+001
    endloop
  endfacet
  facet normal  0.000000e+000  -0.000000e+000  1.000000e+000
    outer loop
      vertex -4.338025e+001 -2.255047e+001  1.500000e+001
      vertex -4.313881e+001 -2.425007e+001  1.500000e+001
      vertex -4.294163e+001 -2.274287e+001  1.500000e+001
    endloop
  endfacet
  facet normal  0.000000e+000  0.000000e+000  1.000000e+000
    outer loop
      vertex -4.294163e+001 -2.274287e+001  1.500000e+001
      vertex -4.313881e+001 -2.425007e+001  1.500000e+001
      vertex -4.247733e+001 -2.286045e+001  1.500000e+001
    endloop
  endfacet
  facet normal  0.000000e+000  0.000000e+000  1.000000e+000
    outer loop
      vertex -4.247733e+001 -2.286045e+001  1.500000e+001
      vertex -4.313881e+001 -2.425007e+001  1.500000e+001
      vertex -4.257431e+001 -2.436236e+001  1.500000e+001
    endloop
  endfacet
  facet normal  0.000000e+000  0.000000e+000  1.000000e+000
    outer loop
      vertex -4.247733e+001 -2.286045e+001  1.500000e+001
      vertex -4.257431e+001 -2.436236e+001  1.500000e+001
      vertex -4.200000e+001 -2.290000e+001  1.500000e+001
    endloop
  endfacet
  facet normal  0.000000e+000  0.000000e+000  1.000000e+000
    outer loop
      vertex -4.200000e+001 -2.290000e+001  1.500000e+001
      vertex -4.257431e+001 -2.436236e+001  1.500000e+001
      vertex -4.200000e+001 -2.440000e+001  1.500000e+001
    endloop
  endfacet
  facet normal  0.000000e+000  0.000000e+000  1.000000e+000
    outer loop
      vertex -4.200000e+001 -2.290000e+001  1.500000e+001
      vertex -4.200000e+001 -2.440000e+001  1.500000e+001
      vertex -4.152267e+001 -2.286045e+001  1.500000e+001
    endloop
  endfacet
  facet normal  0.000000e+000  0.000000e+000  1.000000e+000
    outer loop
      vertex -4.152267e+001 -2.286045e+001  1.500000e+001
      vertex -4.200000e+001 -2.440000e+001  1.500000e+001
      vertex -4.142569e+001 -2.436236e+001  1.500000e+001
    endloop
  endfacet
  facet normal  0.000000e+000  -0.000000e+000  1.000000e+000
    outer loop
      vertex -4.152267e+001 -2.286045e+001  1.500000e+001
      vertex -4.142569e+001 -2.436236e+001  1.500000e+001
      vertex -4.105837e+001 -2.274287e+001  1.500000e+001
    endloop
  endfacet
  facet normal  0.000000e+000  0.000000e+000  1.000000e+000
    outer loop
      vertex -4.105837e+001 -2.274287e+001  1.500000e+001
      vertex -4.142569e+001 -2.436236e+001  1.500000e+001
      vertex -4.086119e+001 -2.425007e+001  1.500000e+001
    endloop
  endfacet
  facet normal  0.000000e+000  -0.000000e+000  1.000000e+000
    outer loop
      vertex -4.105837e+001 -2.274287e+001  1.500000e+001
      vertex -4.086119e+001 -2.425007e+001  1.500000e+001
      vertex -4.061975e+001 -2.255047e+001  1.500000e+001
    endloop
  endfacet
  facet normal  0.000000e+000  0.000000e+000  1.000000e+000
    outer loop
      vertex -4.061975e+001 -2.255047e+001  1.500000e+001
      vertex -4.086119e+001 -2.425007e+001  1.500000e+001
      vertex -4.031619e+001 -2.406507e+001  1.500000e+001
    endloop
  endfacet
  facet normal  0.000000e+000  -0.000000e+000  1.000000e+000
    outer loop
      vertex -4.061975e+001 -2.255047e+001  1.500000e+001
      vertex -4.031619e+001 -2.406507e+001  1.500000e+001
      vertex -4.021878e+001 -2.228851e+001  1.500000e+001
    endloop
  endfacet
  facet normal  0.000000e+000  0.000000e+000  1.000000e+000
    outer loop
      vertex -4.021878e+001 -2.228851e+001  1.500000e+001
      vertex -4.031619e+001 -2.406507e+001  1.500000e+001
      vertex -3.986640e+001 -2.196412e+001  1.500000e+001
    endloop
  endfacet
  facet normal  0.000000e+000  0.000000e+000  1.000000e+000
    outer loop
      vertex -3.986640e+001 -2.196412e+001  1.500000e+001
      vertex -4.031619e+001 -2.406507e+001  1.500000e+001
      vertex -3.980000e+001 -2.381051e+001  1.500000e+001
    endloop
  endfacet
  facet normal  0.000000e+000  -0.000000e+000  1.000000e+000
    outer loop
      vertex -3.986640e+001 -2.196412e+001  1.500000e+001
      vertex -3.980000e+001 -2.381051e+001  1.500000e+001
      vertex -3.957222e+001 -2.158615e+001  1.500000e+001
    endloop
  endfacet
  facet normal  0.000000e+000  0.000000e+000  1.000000e+000
    outer loop
      vertex -3.957222e+001 -2.158615e+001  1.500000e+001
      vertex -3.980000e+001 -2.381051e+001  1.500000e+001
      vertex -3.932145e+001 -2.349076e+001  1.500000e+001
    endloop
  endfacet
  facet normal  0.000000e+000  0.000000e+000  1.000000e+000
    outer loop
      vertex -3.957222e+001 -2.158615e+001  1.500000e+001
      vertex -3.932145e+001 -2.349076e+001  1.500000e+001
      vertex -3.934426e+001 -2.116492e+001  1.500000e+001
    endloop
  endfacet
  facet normal  0.000000e+000  -0.000000e+000  1.000000e+000
    outer loop
      vertex -3.934426e+001 -2.116492e+001  1.500000e+001
      vertex -3.932145e+001 -2.349076e+001  1.500000e+001
      vertex -3.918874e+001 -2.071191e+001  1.500000e+001
    endloop
  endfacet
  facet normal  0.000000e+000  0.000000e+000  1.000000e+000
    outer loop
      vertex -3.918874e+001 -2.071191e+001  1.500000e+001
      vertex -3.932145e+001 -2.349076e+001  1.500000e+001
      vertex -3.888873e+001 -2.311127e+001  1.500000e+001
    endloop
  endfacet
  facet normal  0.000000e+000  0.000000e+000  1.000000e+000
    outer loop
      vertex -3.918874e+001 -2.071191e+001  1.500000e+001
      vertex -3.888873e+001 -2.311127e+001  1.500000e+001
      vertex -3.910991e+001 -2.023948e+001  1.500000e+001
    endloop
  endfacet
  facet normal  0.000000e+000  0.000000e+000  1.000000e+000
    outer loop
      vertex -4.442778e+001 -1.841385e+001  1.500000e+001
      vertex -4.420000e+001 -1.618949e+001  1.500000e+001
      vertex -4.465574e+001 -1.883508e+001  1.500000e+001
    endloop
  endfacet
  facet normal  0.000000e+000  -0.000000e+000  1.000000e+000
    outer loop
      vertex -4.465574e+001 -1.883508e+001  1.500000e+001
      vertex -4.420000e+001 -1.618949e+001  1.500000e+001
      vertex -4.467855e+001 -1.650924e+001  1.500000e+001
    endloop
  endfacet
  facet normal  0.000000e+000  0.000000e+000  1.000000e+000
    outer loop
      vertex -4.465574e+001 -1.883508e+001  1.500000e+001
      vertex -4.467855e+001 -1.650924e+001  1.500000e+001
      vertex -4.481126e+001 -1.928809e+001  1.500000e+001
    endloop
  endfacet
  facet normal  0.000000e+000  -0.000000e+000  1.000000e+000
    outer loop
      vertex -4.420000e+001 -1.618949e+001  1.500000e+001
      vertex -4.413360e+001 -1.803588e+001  1.500000e+001
      vertex -4.368381e+001 -1.593493e+001  1.500000e+001
    endloop
  endfacet
  facet normal  0.000000e+000  0.000000e+000  1.000000e+000
    outer loop
      vertex -4.368381e+001 -1.593493e+001  1.500000e+001
      vertex -4.413360e+001 -1.803588e+001  1.500000e+001
      vertex -4.378122e+001 -1.771149e+001  1.500000e+001
    endloop
  endfacet
  facet normal  0.000000e+000  0.000000e+000  1.000000e+000
    outer loop
      vertex -4.368381e+001 -1.593493e+001  1.500000e+001
      vertex -4.378122e+001 -1.771149e+001  1.500000e+001
      vertex -4.313881e+001 -1.574993e+001  1.500000e+001
    endloop
  endfacet
  facet normal  0.000000e+000  0.000000e+000  9.999999e-001
    outer loop
      vertex -4.313881e+001 -1.574993e+001  1.500000e+001
      vertex -4.378122e+001 -1.771149e+001  1.500000e+001
      vertex -4.338025e+001 -1.744953e+001  1.500000e+001
    endloop
  endfacet
  facet normal  0.000000e+000  0.000000e+000  1.000000e+000
    outer loop
      vertex -4.313881e+001 -1.574993e+001  1.500000e+001
      vertex -4.338025e+001 -1.744953e+001  1.500000e+001
      vertex -4.294163e+001 -1.725713e+001  1.500000e+001
    endloop
  endfacet
  facet normal  0.000000e+000  -0.000000e+000  1.000000e+000
    outer loop
      vertex -4.313881e+001 -1.574993e+001  1.500000e+001
      vertex -4.294163e+001 -1.725713e+001  1.500000e+001
      vertex -4.257431e+001 -1.563764e+001  1.500000e+001
    endloop
  endfacet
  facet normal  0.000000e+000  0.000000e+000  1.000000e+000
    outer loop
      vertex -4.257431e+001 -1.563764e+001  1.500000e+001
      vertex -4.294163e+001 -1.725713e+001  1.500000e+001
      vertex -4.247733e+001 -1.713955e+001  1.500000e+001
    endloop
  endfacet
  facet normal  0.000000e+000  -0.000000e+000  1.000000e+000
    outer loop
      vertex -4.257431e+001 -1.563764e+001  1.500000e+001
      vertex -4.247733e+001 -1.713955e+001  1.500000e+001
      vertex -4.200000e+001 -1.560000e+001  1.500000e+001
    endloop
  endfacet
  facet normal  0.000000e+000  0.000000e+000  1.000000e+000
    outer loop
      vertex -4.200000e+001 -1.560000e+001  1.500000e+001
      vertex -4.247733e+001 -1.713955e+001  1.500000e+001
      vertex -4.200000e+001 -1.710000e+001  1.500000e+001
    endloop
  endfacet
  facet normal  0.000000e+000  0.000000e+000  1.000000e+000
    outer loop
      vertex -4.200000e+001 -1.560000e+001  1.500000e+001
      vertex -4.200000e+001 -1.710000e+001  1.500000e+001
      vertex -4.142569e+001 -1.563764e+001  1.500000e+001
    endloop
  endfacet
  facet normal  0.000000e+000  0.000000e+000  9.999999e-001
    outer loop
      vertex -4.142569e+001 -1.563764e+001  1.500000e+001
      vertex -4.200000e+001 -1.710000e+001  1.500000e+001
      vertex -4.152267e+001 -1.713955e+001  1.500000e+001
    endloop
  endfacet
  facet normal  0.000000e+000  0.000000e+000  1.000000e+000
    outer loop
      vertex -4.142569e+001 -1.563764e+001  1.500000e+001
      vertex -4.152267e+001 -1.713955e+001  1.500000e+001
      vertex -4.086119e+001 -1.574993e+001  1.500000e+001
    endloop
  endfacet
  facet normal  0.000000e+000  0.000000e+000  1.000000e+000
    outer loop
      vertex -4.086119e+001 -1.574993e+001  1.500000e+001
      vertex -4.152267e+001 -1.713955e+001  1.500000e+001
      vertex -4.105837e+001 -1.725713e+001  1.500000e+001
    endloop
  endfacet
  facet normal  0.000000e+000  0.000000e+000  1.000000e+000
    outer loop
      vertex -4.086119e+001 -1.574993e+001  1.500000e+001
      vertex -4.105837e+001 -1.725713e+001  1.500000e+001
      vertex -4.031619e+001 -1.593493e+001  1.500000e+001
    endloop
  endfacet
  facet normal  0.000000e+000  0.000000e+000  1.000000e+000
    outer loop
      vertex -4.031619e+001 -1.593493e+001  1.500000e+001
      vertex -4.105837e+001 -1.725713e+001  1.500000e+001
      vertex -4.061975e+001 -1.744953e+001  1.500000e+001
    endloop
  endfacet
  facet normal  -0.000000e+000  0.000000e+000  1.000000e+000
    outer loop
      vertex -4.031619e+001 -1.593493e+001  1.500000e+001
      vertex -4.061975e+001 -1.744953e+001  1.500000e+001
      vertex -4.021878e+001 -1.771149e+001  1.500000e+001
    endloop
  endfacet
  facet normal  0.000000e+000  -0.000000e+000  1.000000e+000
    outer loop
      vertex -4.031619e+001 -1.593493e+001  1.500000e+001
      vertex -4.021878e+001 -1.771149e+001  1.500000e+001
      vertex -3.980000e+001 -1.618949e+001  1.500000e+001
    endloop
  endfacet
  facet normal  0.000000e+000  0.000000e+000  9.999999e-001
    outer loop
      vertex -3.980000e+001 -1.618949e+001  1.500000e+001
      vertex -4.021878e+001 -1.771149e+001  1.500000e+001
      vertex -3.986640e+001 -1.803588e+001  1.500000e+001
    endloop
  endfacet
  facet normal  0.000000e+000  0.000000e+000  1.000000e+000
    outer loop
      vertex -3.980000e+001 -1.618949e+001  1.500000e+001
      vertex -3.986640e+001 -1.803588e+001  1.500000e+001
      vertex -3.932145e+001 -1.650924e+001  1.500000e+001
    endloop
  endfacet
  facet normal  0.000000e+000  0.000000e+000  9.999999e-001
    outer loop
      vertex -3.932145e+001 -1.650924e+001  1.500000e+001
      vertex -3.986640e+001 -1.803588e+001  1.500000e+001
      vertex -3.957222e+001 -1.841385e+001  1.500000e+001
    endloop
  endfacet
  facet normal  -0.000000e+000  0.000000e+000  1.000000e+000
    outer loop
      vertex -3.932145e+001 -1.650924e+001  1.500000e+001
      vertex -3.957222e+001 -1.841385e+001  1.500000e+001
      vertex -3.934426e+001 -1.883508e+001  1.500000e+001
    endloop
  endfacet
  facet normal  0.000000e+000  0.000000e+000  1.000000e+000
    outer loop
      vertex -3.932145e+001 -1.650924e+001  1.500000e+001
      vertex -3.934426e+001 -1.883508e+001  1.500000e+001
      vertex -3.888873e+001 -1.688873e+001  1.500000e+001
    endloop
  endfacet
  facet normal  0.000000e+000  0.000000e+000  1.000000e+000
    outer loop
      vertex -3.888873e+001 -1.688873e+001  1.500000e+001
      vertex -3.934426e+001 -1.883508e+001  1.500000e+001
      vertex -3.918874e+001 -1.928809e+001  1.500000e+001
    endloop
  endfacet
  facet normal  -0.000000e+000  0.000000e+000  1.000000e+000
    outer loop
      vertex -3.888873e+001 -1.688873e+001  1.500000e+001
      vertex -3.918874e+001 -1.928809e+001  1.500000e+001
      vertex -3.910991e+001 -1.976052e+001  1.500000e+001
    endloop
  endfacet
  facet normal  0.000000e+000  0.000000e+000  1.000000e+000
    outer loop
      vertex  2.557222e+001  2.958615e+001  1.500000e+001
      vertex  2.586640e+001  2.996412e+001  1.500000e+001
      vertex  2.580000e+001  3.181051e+001  1.500000e+001
    endloop
  endfacet
  facet normal  0.000000e+000  0.000000e+000  9.999999e-001
    outer loop
      vertex  2.488873e+001  2.488873e+001  1.500000e+001
      vertex  2.363764e+001  2.742568e+001  1.500000e+001
      vertex  2.374993e+001  2.686120e+001  1.500000e+001
    endloop
  endfacet
  facet normal  0.000000e+000  0.000000e+000  1.000000e+000
    outer loop
      vertex  2.488873e+001  2.488873e+001  1.500000e+001
      vertex  2.374993e+001  2.686120e+001  1.500000e+001
      vertex  2.393493e+001  2.631619e+001  1.500000e+001
    endloop
  endfacet
  facet normal  0.000000e+000  0.000000e+000  1.000000e+000
    outer loop
      vertex  2.488873e+001  2.488873e+001  1.500000e+001
      vertex  2.393493e+001  2.631619e+001  1.500000e+001
      vertex  2.418949e+001  2.580000e+001  1.500000e+001
    endloop
  endfacet
  facet normal  0.000000e+000  0.000000e+000  1.000000e+000
    outer loop
      vertex  2.488873e+001  2.488873e+001  1.500000e+001
      vertex  2.418949e+001  2.580000e+001  1.500000e+001
      vertex  2.450924e+001  2.532145e+001  1.500000e+001
    endloop
  endfacet
  facet normal  0.000000e+000  -0.000000e+000  1.000000e+000
    outer loop
      vertex  2.510991e+001  2.823948e+001  1.500000e+001
      vertex  2.518874e+001  2.871191e+001  1.500000e+001
      vertex  2.532145e+001  3.149076e+001  1.500000e+001
    endloop
  endfacet
  facet normal  0.000000e+000  0.000000e+000  1.000000e+000
    outer loop
      vertex  2.510991e+001  2.823948e+001  1.500000e+001
      vertex  2.532145e+001  3.149076e+001  1.500000e+001
      vertex  2.488873e+001  3.111127e+001  1.500000e+001
    endloop
  endfacet
  facet normal  0.000000e+000  0.000000e+000  1.000000e+000
    outer loop
      vertex  2.510991e+001  2.823948e+001  1.500000e+001
      vertex  2.488873e+001  3.111127e+001  1.500000e+001
      vertex  2.450924e+001  3.067855e+001  1.500000e+001
    endloop
  endfacet
  facet normal  0.000000e+000  0.000000e+000  1.000000e+000
    outer loop
      vertex  2.510991e+001  2.823948e+001  1.500000e+001
      vertex  2.450924e+001  3.067855e+001  1.500000e+001
      vertex  2.418949e+001  3.020000e+001  1.500000e+001
    endloop
  endfacet
  facet normal  0.000000e+000  0.000000e+000  1.000000e+000
    outer loop
      vertex  2.510991e+001  2.823948e+001  1.500000e+001
      vertex  2.418949e+001  3.020000e+001  1.500000e+001
      vertex  2.393493e+001  2.968381e+001  1.500000e+001
    endloop
  endfacet
  facet normal  0.000000e+000  0.000000e+000  1.000000e+000
    outer loop
      vertex  2.510991e+001  2.823948e+001  1.500000e+001
      vertex  2.393493e+001  2.968381e+001  1.500000e+001
      vertex  2.374993e+001  2.913880e+001  1.500000e+001
    endloop
  endfacet
  facet normal  0.000000e+000  0.000000e+000  1.000000e+000
    outer loop
      vertex  2.510991e+001  2.823948e+001  1.500000e+001
      vertex  2.374993e+001  2.913880e+001  1.500000e+001
      vertex  2.363764e+001  2.857432e+001  1.500000e+001
    endloop
  endfacet
  facet normal  0.000000e+000  0.000000e+000  1.000000e+000
    outer loop
      vertex  3.240000e+001  2.800000e+001  1.500000e+001
      vertex  3.236236e+001  2.857432e+001  1.500000e+001
      vertex  3.225007e+001  2.913880e+001  1.500000e+001
    endloop
  endfacet
  facet normal  0.000000e+000  0.000000e+000  1.000000e+000
    outer loop
      vertex  3.240000e+001  2.800000e+001  1.500000e+001
      vertex  3.225007e+001  2.913880e+001  1.500000e+001
      vertex  3.206507e+001  2.968381e+001  1.500000e+001
    endloop
  endfacet
  facet normal  0.000000e+000  0.000000e+000  1.000000e+000
    outer loop
      vertex  3.240000e+001  2.800000e+001  1.500000e+001
      vertex  3.206507e+001  2.968381e+001  1.500000e+001
      vertex  3.181051e+001  3.020000e+001  1.500000e+001
    endloop
  endfacet
  facet normal  0.000000e+000  0.000000e+000  1.000000e+000
    outer loop
      vertex  3.240000e+001  2.800000e+001  1.500000e+001
      vertex  3.181051e+001  3.020000e+001  1.500000e+001
      vertex  3.149076e+001  3.067855e+001  1.500000e+001
    endloop
  endfacet
  facet normal  0.000000e+000  0.000000e+000  1.000000e+000
    outer loop
      vertex  3.240000e+001  2.800000e+001  1.500000e+001
      vertex  3.149076e+001  3.067855e+001  1.500000e+001
      vertex  3.111127e+001  3.111127e+001  1.500000e+001
    endloop
  endfacet
  facet normal  0.000000e+000  0.000000e+000  1.000000e+000
    outer loop
      vertex  3.240000e+001  2.800000e+001  1.500000e+001
      vertex  3.111127e+001  3.111127e+001  1.500000e+001
      vertex  3.089009e+001  2.823948e+001  1.500000e+001
    endloop
  endfacet
  facet normal  0.000000e+000  0.000000e+000  1.000000e+000
    outer loop
      vertex  3.240000e+001  2.800000e+001  1.500000e+001
      vertex  3.089009e+001  2.823948e+001  1.500000e+001
      vertex  3.089009e+001  2.776052e+001  1.500000e+001
    endloop
  endfacet
  facet normal  -0.000000e+000  0.000000e+000  1.000000e+000
    outer loop
      vertex  3.240000e+001  2.800000e+001  1.500000e+001
      vertex  3.089009e+001  2.776052e+001  1.500000e+001
      vertex  3.111127e+001  2.488873e+001  1.500000e+001
    endloop
  endfacet
  facet normal  0.000000e+000  0.000000e+000  9.999999e-001
    outer loop
      vertex  3.240000e+001  2.800000e+001  1.500000e+001
      vertex  3.111127e+001  2.488873e+001  1.500000e+001
      vertex  3.149076e+001  2.532145e+001  1.500000e+001
    endloop
  endfacet
  facet normal  0.000000e+000  0.000000e+000  1.000000e+000
    outer loop
      vertex  3.240000e+001  2.800000e+001  1.500000e+001
      vertex  3.149076e+001  2.532145e+001  1.500000e+001
      vertex  3.181051e+001  2.580000e+001  1.500000e+001
    endloop
  endfacet
  facet normal  0.000000e+000  0.000000e+000  1.000000e+000
    outer loop
      vertex  3.240000e+001  2.800000e+001  1.500000e+001
      vertex  3.181051e+001  2.580000e+001  1.500000e+001
      vertex  3.206507e+001  2.631619e+001  1.500000e+001
    endloop
  endfacet
  facet normal  0.000000e+000  0.000000e+000  1.000000e+000
    outer loop
      vertex  3.240000e+001  2.800000e+001  1.500000e+001
      vertex  3.206507e+001  2.631619e+001  1.500000e+001
      vertex  3.225007e+001  2.686120e+001  1.500000e+001
    endloop
  endfacet
  facet normal  0.000000e+000  0.000000e+000  1.000000e+000
    outer loop
      vertex  3.240000e+001  2.800000e+001  1.500000e+001
      vertex  3.225007e+001  2.686120e+001  1.500000e+001
      vertex  3.236236e+001  2.742568e+001  1.500000e+001
    endloop
  endfacet
  facet normal  0.000000e+000  0.000000e+000  1.000000e+000
    outer loop
      vertex  2.510991e+001  2.823948e+001  1.500000e+001
      vertex  2.363764e+001  2.857432e+001  1.500000e+001
      vertex  2.510991e+001  2.776052e+001  1.500000e+001
    endloop
  endfacet
  facet normal  0.000000e+000  0.000000e+000  1.000000e+000
    outer loop
      vertex  2.510991e+001  2.776052e+001  1.500000e+001
      vertex  2.363764e+001  2.857432e+001  1.500000e+001
      vertex  2.360000e+001  2.800000e+001  1.500000e+001
    endloop
  endfacet
  facet normal  0.000000e+000  0.000000e+000  1.000000e+000
    outer loop
      vertex  2.510991e+001  2.776052e+001  1.500000e+001
      vertex  2.360000e+001  2.800000e+001  1.500000e+001
      vertex  2.488873e+001  2.488873e+001  1.500000e+001
    endloop
  endfacet
  facet normal  0.000000e+000  0.000000e+000  1.000000e+000
    outer loop
      vertex  2.488873e+001  2.488873e+001  1.500000e+001
      vertex  2.360000e+001  2.800000e+001  1.500000e+001
      vertex  2.363764e+001  2.742568e+001  1.500000e+001
    endloop
  endfacet
  facet normal  0.000000e+000  0.000000e+000  9.999999e-001
    outer loop
      vertex  2.510991e+001  2.776052e+001  1.500000e+001
      vertex  2.488873e+001  2.488873e+001  1.500000e+001
      vertex  2.518874e+001  2.728809e+001  1.500000e+001
    endloop
  endfacet
  facet normal  0.000000e+000  0.000000e+000  1.000000e+000
    outer loop
      vertex  2.518874e+001  2.728809e+001  1.500000e+001
      vertex  2.488873e+001  2.488873e+001  1.500000e+001
      vertex  2.532145e+001  2.450924e+001  1.500000e+001
    endloop
  endfacet
  facet normal  0.000000e+000  -0.000000e+000  1.000000e+000
    outer loop
      vertex  2.518874e+001  2.728809e+001  1.500000e+001
      vertex  2.532145e+001  2.450924e+001  1.500000e+001
      vertex  2.534426e+001  2.683508e+001  1.500000e+001
    endloop
  endfacet
  facet normal  0.000000e+000  0.000000e+000  1.000000e+000
    outer loop
      vertex  2.534426e+001  2.683508e+001  1.500000e+001
      vertex  2.532145e+001  2.450924e+001  1.500000e+001
      vertex  2.557222e+001  2.641385e+001  1.500000e+001
    endloop
  endfacet
  facet normal  0.000000e+000  0.000000e+000  1.000000e+000
    outer loop
      vertex  2.557222e+001  2.641385e+001  1.500000e+001
      vertex  2.532145e+001  2.450924e+001  1.500000e+001
      vertex  2.580000e+001  2.418949e+001  1.500000e+001
    endloop
  endfacet
  facet normal  0.000000e+000  -0.000000e+000  1.000000e+000
    outer loop
      vertex  2.557222e+001  2.641385e+001  1.500000e+001
      vertex  2.580000e+001  2.418949e+001  1.500000e+001
      vertex  2.586640e+001  2.603588e+001  1.500000e+001
    endloop
  endfacet
  facet normal  0.000000e+000  0.000000e+000  9.999999e-001
    outer loop
      vertex  2.586640e+001  2.603588e+001  1.500000e+001
      vertex  2.580000e+001  2.418949e+001  1.500000e+001
      vertex  2.621878e+001  2.571149e+001  1.500000e+001
    endloop
  endfacet
  facet normal  0.000000e+000  0.000000e+000  1.000000e+000
    outer loop
      vertex  2.621878e+001  2.571149e+001  1.500000e+001
      vertex  2.580000e+001  2.418949e+001  1.500000e+001
      vertex  2.631619e+001  2.393493e+001  1.500000e+001
    endloop
  endfacet
  facet normal  0.000000e+000  -0.000000e+000  1.000000e+000
    outer loop
      vertex  2.621878e+001  2.571149e+001  1.500000e+001
      vertex  2.631619e+001  2.393493e+001  1.500000e+001
      vertex  2.661975e+001  2.544953e+001  1.500000e+001
    endloop
  endfacet
  facet normal  0.000000e+000  0.000000e+000  9.999999e-001
    outer loop
      vertex  2.661975e+001  2.544953e+001  1.500000e+001
      vertex  2.631619e+001  2.393493e+001  1.500000e+001
      vertex  2.686120e+001  2.374993e+001  1.500000e+001
    endloop
  endfacet
  facet normal  0.000000e+000  -0.000000e+000  1.000000e+000
    outer loop
      vertex  2.661975e+001  2.544953e+001  1.500000e+001
      vertex  2.686120e+001  2.374993e+001  1.500000e+001
      vertex  2.705837e+001  2.525713e+001  1.500000e+001
    endloop
  endfacet
  facet normal  0.000000e+000  0.000000e+000  1.000000e+000
    outer loop
      vertex  2.705837e+001  2.525713e+001  1.500000e+001
      vertex  2.686120e+001  2.374993e+001  1.500000e+001
      vertex  2.752268e+001  2.513955e+001  1.500000e+001
    endloop
  endfacet
  facet normal  0.000000e+000  0.000000e+000  1.000000e+000
    outer loop
      vertex  2.752268e+001  2.513955e+001  1.500000e+001
      vertex  2.686120e+001  2.374993e+001  1.500000e+001
      vertex  2.742568e+001  2.363764e+001  1.500000e+001
    endloop
  endfacet
  facet normal  0.000000e+000  0.000000e+000  1.000000e+000
    outer loop
      vertex  2.752268e+001  2.513955e+001  1.500000e+001
      vertex  2.742568e+001  2.363764e+001  1.500000e+001
      vertex  2.800000e+001  2.510000e+001  1.500000e+001
    endloop
  endfacet
  facet normal  0.000000e+000  0.000000e+000  9.999999e-001
    outer loop
      vertex  2.800000e+001  2.510000e+001  1.500000e+001
      vertex  2.742568e+001  2.363764e+001  1.500000e+001
      vertex  2.800000e+001  2.360000e+001  1.500000e+001
    endloop
  endfacet
  facet normal  0.000000e+000  0.000000e+000  1.000000e+000
    outer loop
      vertex  2.800000e+001  2.510000e+001  1.500000e+001
      vertex  2.800000e+001  2.360000e+001  1.500000e+001
      vertex  2.847732e+001  2.513955e+001  1.500000e+001
    endloop
  endfacet
  facet normal  0.000000e+000  0.000000e+000  1.000000e+000
    outer loop
      vertex  2.847732e+001  2.513955e+001  1.500000e+001
      vertex  2.800000e+001  2.360000e+001  1.500000e+001
      vertex  2.857432e+001  2.363764e+001  1.500000e+001
    endloop
  endfacet
  facet normal  0.000000e+000  -0.000000e+000  1.000000e+000
    outer loop
      vertex  2.847732e+001  2.513955e+001  1.500000e+001
      vertex  2.857432e+001  2.363764e+001  1.500000e+001
      vertex  2.894163e+001  2.525713e+001  1.500000e+001
    endloop
  endfacet
  facet normal  0.000000e+000  0.000000e+000  1.000000e+000
    outer loop
      vertex  2.894163e+001  2.525713e+001  1.500000e+001
      vertex  2.857432e+001  2.363764e+001  1.500000e+001
      vertex  2.913880e+001  2.374993e+001  1.500000e+001
    endloop
  endfacet
  facet normal  0.000000e+000  -0.000000e+000  1.000000e+000
    outer loop
      vertex  2.894163e+001  2.525713e+001  1.500000e+001
      vertex  2.913880e+001  2.374993e+001  1.500000e+001
      vertex  2.938025e+001  2.544953e+001  1.500000e+001
    endloop
  endfacet
  facet normal  0.000000e+000  0.000000e+000  9.999999e-001
    outer loop
      vertex  2.938025e+001  2.544953e+001  1.500000e+001
      vertex  2.913880e+001  2.374993e+001  1.500000e+001
      vertex  2.968381e+001  2.393493e+001  1.500000e+001
    endloop
  endfacet
  facet normal  0.000000e+000  -0.000000e+000  1.000000e+000
    outer loop
      vertex  2.938025e+001  2.544953e+001  1.500000e+001
      vertex  2.968381e+001  2.393493e+001  1.500000e+001
      vertex  2.978122e+001  2.571149e+001  1.500000e+001
    endloop
  endfacet
  facet normal  0.000000e+000  0.000000e+000  1.000000e+000
    outer loop
      vertex  2.978122e+001  2.571149e+001  1.500000e+001
      vertex  2.968381e+001  2.393493e+001  1.500000e+001
      vertex  3.013360e+001  2.603588e+001  1.500000e+001
    endloop
  endfacet
  facet normal  0.000000e+000  0.000000e+000  1.000000e+000
    outer loop
      vertex  3.013360e+001  2.603588e+001  1.500000e+001
      vertex  2.968381e+001  2.393493e+001  1.500000e+001
      vertex  3.020000e+001  2.418949e+001  1.500000e+001
    endloop
  endfacet
  facet normal  0.000000e+000  -0.000000e+000  1.000000e+000
    outer loop
      vertex  3.013360e+001  2.603588e+001  1.500000e+001
      vertex  3.020000e+001  2.418949e+001  1.500000e+001
      vertex  3.042778e+001  2.641385e+001  1.500000e+001
    endloop
  endfacet
  facet normal  0.000000e+000  0.000000e+000  1.000000e+000
    outer loop
      vertex  3.042778e+001  2.641385e+001  1.500000e+001
      vertex  3.020000e+001  2.418949e+001  1.500000e+001
      vertex  3.067855e+001  2.450924e+001  1.500000e+001
    endloop
  endfacet
  facet normal  0.000000e+000  0.000000e+000  1.000000e+000
    outer loop
      vertex  3.042778e+001  2.641385e+001  1.500000e+001
      vertex  3.067855e+001  2.450924e+001  1.500000e+001
      vertex  3.065574e+001  2.683508e+001  1.500000e+001
    endloop
  endfacet
  facet normal  0.000000e+000  -0.000000e+000  1.000000e+000
    outer loop
      vertex  3.065574e+001  2.683508e+001  1.500000e+001
      vertex  3.067855e+001  2.450924e+001  1.500000e+001
      vertex  3.081126e+001  2.728809e+001  1.500000e+001
    endloop
  endfacet
  facet normal  0.000000e+000  0.000000e+000  1.000000e+000
    outer loop
      vertex  3.081126e+001  2.728809e+001  1.500000e+001
      vertex  3.067855e+001  2.450924e+001  1.500000e+001
      vertex  3.111127e+001  2.488873e+001  1.500000e+001
    endloop
  endfacet
  facet normal  0.000000e+000  0.000000e+000  9.999999e-001
    outer loop
      vertex  3.081126e+001  2.728809e+001  1.500000e+001
      vertex  3.111127e+001  2.488873e+001  1.500000e+001
      vertex  3.089009e+001  2.776052e+001  1.500000e+001
    endloop
  endfacet
  facet normal  0.000000e+000  0.000000e+000  1.000000e+000
    outer loop
      vertex  2.557222e+001  2.958615e+001  1.500000e+001
      vertex  2.580000e+001  3.181051e+001  1.500000e+001
      vertex  2.534426e+001  2.916492e+001  1.500000e+001
    endloop
  endfacet
  facet normal  0.000000e+000  -0.000000e+000  1.000000e+000
    outer loop
      vertex  2.534426e+001  2.916492e+001  1.500000e+001
      vertex  2.580000e+001  3.181051e+001  1.500000e+001
      vertex  2.532145e+001  3.149076e+001  1.500000e+001
    endloop
  endfacet
  facet normal  0.000000e+000  0.000000e+000  1.000000e+000
    outer loop
      vertex  2.534426e+001  2.916492e+001  1.500000e+001
      vertex  2.532145e+001  3.149076e+001  1.500000e+001
      vertex  2.518874e+001  2.871191e+001  1.500000e+001
    endloop
  endfacet
  facet normal  0.000000e+000  -0.000000e+000  1.000000e+000
    outer loop
      vertex  2.580000e+001  3.181051e+001  1.500000e+001
      vertex  2.586640e+001  2.996412e+001  1.500000e+001
      vertex  2.631619e+001  3.206507e+001  1.500000e+001
    endloop
  endfacet
  facet normal  0.000000e+000  0.000000e+000  1.000000e+000
    outer loop
      vertex  2.631619e+001  3.206507e+001  1.500000e+001
      vertex  2.586640e+001  2.996412e+001  1.500000e+001
      vertex  2.621878e+001  3.028851e+001  1.500000e+001
    endloop
  endfacet
  facet normal  0.000000e+000  0.000000e+000  1.000000e+000
    outer loop
      vertex  2.631619e+001  3.206507e+001  1.500000e+001
      vertex  2.621878e+001  3.028851e+001  1.500000e+001
      vertex  2.686120e+001  3.225007e+001  1.500000e+001
    endloop
  endfacet
  facet normal  0.000000e+000  0.000000e+000  1.000000e+000
    outer loop
      vertex  2.686120e+001  3.225007e+001  1.500000e+001
      vertex  2.621878e+001  3.028851e+001  1.500000e+001
      vertex  2.661975e+001  3.055047e+001  1.500000e+001
    endloop
  endfacet
  facet normal  0.000000e+000  0.000000e+000  1.000000e+000
    outer loop
      vertex  2.686120e+001  3.225007e+001  1.500000e+001
      vertex  2.661975e+001  3.055047e+001  1.500000e+001
      vertex  2.705837e+001  3.074287e+001  1.500000e+001
    endloop
  endfacet
  facet normal  0.000000e+000  -0.000000e+000  1.000000e+000
    outer loop
      vertex  2.686120e+001  3.225007e+001  1.500000e+001
      vertex  2.705837e+001  3.074287e+001  1.500000e+001
      vertex  2.742568e+001  3.236236e+001  1.500000e+001
    endloop
  endfacet
  facet normal  0.000000e+000  0.000000e+000  1.000000e+000
    outer loop
      vertex  2.742568e+001  3.236236e+001  1.500000e+001
      vertex  2.705837e+001  3.074287e+001  1.500000e+001
      vertex  2.752268e+001  3.086045e+001  1.500000e+001
    endloop
  endfacet
  facet normal  0.000000e+000  -0.000000e+000  1.000000e+000
    outer loop
      vertex  2.742568e+001  3.236236e+001  1.500000e+001
      vertex  2.752268e+001  3.086045e+001  1.500000e+001
      vertex  2.800000e+001  3.240000e+001  1.500000e+001
    endloop
  endfacet
  facet normal  0.000000e+000  0.000000e+000  1.000000e+000
    outer loop
      vertex  2.800000e+001  3.240000e+001  1.500000e+001
      vertex  2.752268e+001  3.086045e+001  1.500000e+001
      vertex  2.800000e+001  3.090000e+001  1.500000e+001
    endloop
  endfacet
  facet normal  0.000000e+000  0.000000e+000  1.000000e+000
    outer loop
      vertex  2.800000e+001  3.240000e+001  1.500000e+001
      vertex  2.800000e+001  3.090000e+001  1.500000e+001
      vertex  2.857432e+001  3.236236e+001  1.500000e+001
    endloop
  endfacet
  facet normal  0.000000e+000  0.000000e+000  1.000000e+000
    outer loop
      vertex  2.857432e+001  3.236236e+001  1.500000e+001
      vertex  2.800000e+001  3.090000e+001  1.500000e+001
      vertex  2.847732e+001  3.086045e+001  1.500000e+001
    endloop
  endfacet
  facet normal  0.000000e+000  0.000000e+000  9.999999e-001
    outer loop
      vertex  2.857432e+001  3.236236e+001  1.500000e+001
      vertex  2.847732e+001  3.086045e+001  1.500000e+001
      vertex  2.913880e+001  3.225007e+001  1.500000e+001
    endloop
  endfacet
  facet normal  0.000000e+000  0.000000e+000  1.000000e+000
    outer loop
      vertex  2.913880e+001  3.225007e+001  1.500000e+001
      vertex  2.847732e+001  3.086045e+001  1.500000e+001
      vertex  2.894163e+001  3.074287e+001  1.500000e+001
    endloop
  endfacet
  facet normal  0.000000e+000  0.000000e+000  9.999999e-001
    outer loop
      vertex  2.913880e+001  3.225007e+001  1.500000e+001
      vertex  2.894163e+001  3.074287e+001  1.500000e+001
      vertex  2.968381e+001  3.206507e+001  1.500000e+001
    endloop
  endfacet
  facet normal  0.000000e+000  0.000000e+000  1.000000e+000
    outer loop
      vertex  2.968381e+001  3.206507e+001  1.500000e+001
      vertex  2.894163e+001  3.074287e+001  1.500000e+001
      vertex  2.938025e+001  3.055047e+001  1.500000e+001
    endloop
  endfacet
  facet normal  -0.000000e+000  0.000000e+000  1.000000e+000
    outer loop
      vertex  2.968381e+001  3.206507e+001  1.500000e+001
      vertex  2.938025e+001  3.055047e+001  1.500000e+001
      vertex  2.978122e+001  3.028851e+001  1.500000e+001
    endloop
  endfacet
  facet normal  0.000000e+000  -0.000000e+000  1.000000e+000
    outer loop
      vertex  2.968381e+001  3.206507e+001  1.500000e+001
      vertex  2.978122e+001  3.028851e+001  1.500000e+001
      vertex  3.020000e+001  3.181051e+001  1.500000e+001
    endloop
  endfacet
  facet normal  0.000000e+000  0.000000e+000  9.999999e-001
    outer loop
      vertex  3.020000e+001  3.181051e+001  1.500000e+001
      vertex  2.978122e+001  3.028851e+001  1.500000e+001
      vertex  3.013360e+001  2.996412e+001  1.500000e+001
    endloop
  endfacet
  facet normal  0.000000e+000  0.000000e+000  9.999999e-001
    outer loop
      vertex  3.020000e+001  3.181051e+001  1.500000e+001
      vertex  3.013360e+001  2.996412e+001  1.500000e+001
      vertex  3.067855e+001  3.149076e+001  1.500000e+001
    endloop
  endfacet
  facet normal  0.000000e+000  0.000000e+000  1.000000e+000
    outer loop
      vertex  3.067855e+001  3.149076e+001  1.500000e+001
      vertex  3.013360e+001  2.996412e+001  1.500000e+001
      vertex  3.042778e+001  2.958615e+001  1.500000e+001
    endloop
  endfacet
  facet normal  -0.000000e+000  0.000000e+000  1.000000e+000
    outer loop
      vertex  3.067855e+001  3.149076e+001  1.500000e+001
      vertex  3.042778e+001  2.958615e+001  1.500000e+001
      vertex  3.065574e+001  2.916492e+001  1.500000e+001
    endloop
  endfacet
  facet normal  0.000000e+000  0.000000e+000  1.000000e+000
    outer loop
      vertex  3.067855e+001  3.149076e+001  1.500000e+001
      vertex  3.065574e+001  2.916492e+001  1.500000e+001
      vertex  3.111127e+001  3.111127e+001  1.500000e+001
    endloop
  endfacet
  facet normal  0.000000e+000  0.000000e+000  1.000000e+000
    outer loop
      vertex  3.111127e+001  3.111127e+001  1.500000e+001
      vertex  3.065574e+001  2.916492e+001  1.500000e+001
      vertex  3.081126e+001  2.871191e+001  1.500000e+001
    endloop
  endfacet
  facet normal  -0.000000e+000  0.000000e+000  9.999999e-001
    outer loop
      vertex  3.111127e+001  3.111127e+001  1.500000e+001
      vertex  3.081126e+001  2.871191e+001  1.500000e+001
      vertex  3.089009e+001  2.823948e+001  1.500000e+001
    endloop
  endfacet
  facet normal  0.000000e+000  0.000000e+000  9.999999e-001
    outer loop
      vertex -4.442778e+001  2.158615e+001  1.500000e+001
      vertex -4.413360e+001  2.196412e+001  1.500000e+001
      vertex -4.420000e+001  2.381051e+001  1.500000e+001
    endloop
  endfacet
  facet normal  0.000000e+000  0.000000e+000  1.000000e+000
    outer loop
      vertex -4.511127e+001  1.688873e+001  1.500000e+001
      vertex -4.636236e+001  1.942568e+001  1.500000e+001
      vertex -4.625007e+001  1.886120e+001  1.500000e+001
    endloop
  endfacet
  facet normal  0.000000e+000  0.000000e+000  1.000000e+000
    outer loop
      vertex -4.511127e+001  1.688873e+001  1.500000e+001
      vertex -4.625007e+001  1.886120e+001  1.500000e+001
      vertex -4.606507e+001  1.831619e+001  1.500000e+001
    endloop
  endfacet
  facet normal  0.000000e+000  0.000000e+000  1.000000e+000
    outer loop
      vertex -4.511127e+001  1.688873e+001  1.500000e+001
      vertex -4.606507e+001  1.831619e+001  1.500000e+001
      vertex -4.581051e+001  1.780000e+001  1.500000e+001
    endloop
  endfacet
  facet normal  0.000000e+000  0.000000e+000  9.999999e-001
    outer loop
      vertex -4.511127e+001  1.688873e+001  1.500000e+001
      vertex -4.581051e+001  1.780000e+001  1.500000e+001
      vertex -4.549075e+001  1.732145e+001  1.500000e+001
    endloop
  endfacet
  facet normal  0.000000e+000  -0.000000e+000  1.000000e+000
    outer loop
      vertex -4.489009e+001  2.023948e+001  1.500000e+001
      vertex -4.481126e+001  2.071191e+001  1.500000e+001
      vertex -4.467855e+001  2.349076e+001  1.500000e+001
    endloop
  endfacet
  facet normal  0.000000e+000  0.000000e+000  1.000000e+000
    outer loop
      vertex -4.489009e+001  2.023948e+001  1.500000e+001
      vertex -4.467855e+001  2.349076e+001  1.500000e+001
      vertex -4.511127e+001  2.311127e+001  1.500000e+001
    endloop
  endfacet
  facet normal  0.000000e+000  0.000000e+000  1.000000e+000
    outer loop
      vertex -4.489009e+001  2.023948e+001  1.500000e+001
      vertex -4.511127e+001  2.311127e+001  1.500000e+001
      vertex -4.549075e+001  2.267855e+001  1.500000e+001
    endloop
  endfacet
  facet normal  0.000000e+000  0.000000e+000  1.000000e+000
    outer loop
      vertex -4.489009e+001  2.023948e+001  1.500000e+001
      vertex -4.549075e+001  2.267855e+001  1.500000e+001
      vertex -4.581051e+001  2.220000e+001  1.500000e+001
    endloop
  endfacet
  facet normal  0.000000e+000  0.000000e+000  9.999999e-001
    outer loop
      vertex -4.489009e+001  2.023948e+001  1.500000e+001
      vertex -4.581051e+001  2.220000e+001  1.500000e+001
      vertex -4.606507e+001  2.168381e+001  1.500000e+001
    endloop
  endfacet
  facet normal  0.000000e+000  0.000000e+000  1.000000e+000
    outer loop
      vertex -4.489009e+001  2.023948e+001  1.500000e+001
      vertex -4.606507e+001  2.168381e+001  1.500000e+001
      vertex -4.625007e+001  2.113880e+001  1.500000e+001
    endloop
  endfacet
  facet normal  0.000000e+000  0.000000e+000  1.000000e+000
    outer loop
      vertex -4.489009e+001  2.023948e+001  1.500000e+001
      vertex -4.625007e+001  2.113880e+001  1.500000e+001
      vertex -4.636236e+001  2.057432e+001  1.500000e+001
    endloop
  endfacet
  facet normal  0.000000e+000  0.000000e+000  1.000000e+000
    outer loop
      vertex -3.760000e+001  2.000000e+001  1.500000e+001
      vertex -3.763764e+001  2.057432e+001  1.500000e+001
      vertex -3.774993e+001  2.113880e+001  1.500000e+001
    endloop
  endfacet
  facet normal  0.000000e+000  0.000000e+000  1.000000e+000
    outer loop
      vertex -3.760000e+001  2.000000e+001  1.500000e+001
      vertex -3.774993e+001  2.113880e+001  1.500000e+001
      vertex -3.793493e+001  2.168381e+001  1.500000e+001
    endloop
  endfacet
  facet normal  0.000000e+000  0.000000e+000  1.000000e+000
    outer loop
      vertex -3.760000e+001  2.000000e+001  1.500000e+001
      vertex -3.793493e+001  2.168381e+001  1.500000e+001
      vertex -3.818949e+001  2.220000e+001  1.500000e+001
    endloop
  endfacet
  facet normal  0.000000e+000  0.000000e+000  1.000000e+000
    outer loop
      vertex -3.760000e+001  2.000000e+001  1.500000e+001
      vertex -3.818949e+001  2.220000e+001  1.500000e+001
      vertex -3.850925e+001  2.267855e+001  1.500000e+001
    endloop
  endfacet
  facet normal  0.000000e+000  0.000000e+000  1.000000e+000
    outer loop
      vertex -3.760000e+001  2.000000e+001  1.500000e+001
      vertex -3.850925e+001  2.267855e+001  1.500000e+001
      vertex -3.888873e+001  2.311127e+001  1.500000e+001
    endloop
  endfacet
  facet normal  0.000000e+000  0.000000e+000  1.000000e+000
    outer loop
      vertex -3.760000e+001  2.000000e+001  1.500000e+001
      vertex -3.888873e+001  2.311127e+001  1.500000e+001
      vertex -3.910991e+001  2.023948e+001  1.500000e+001
    endloop
  endfacet
  facet normal  0.000000e+000  0.000000e+000  1.000000e+000
    outer loop
      vertex -3.760000e+001  2.000000e+001  1.500000e+001
      vertex -3.910991e+001  2.023948e+001  1.500000e+001
      vertex -3.910991e+001  1.976052e+001  1.500000e+001
    endloop
  endfacet
  facet normal  -0.000000e+000  0.000000e+000  1.000000e+000
    outer loop
      vertex -3.760000e+001  2.000000e+001  1.500000e+001
      vertex -3.910991e+001  1.976052e+001  1.500000e+001
      vertex -3.888873e+001  1.688873e+001  1.500000e+001
    endloop
  endfacet
  facet normal  0.000000e+000  0.000000e+000  9.999999e-001
    outer loop
      vertex -3.760000e+001  2.000000e+001  1.500000e+001
      vertex -3.888873e+001  1.688873e+001  1.500000e+001
      vertex -3.850925e+001  1.732145e+001  1.500000e+001
    endloop
  endfacet
  facet normal  0.000000e+000  0.000000e+000  9.999999e-001
    outer loop
      vertex -3.760000e+001  2.000000e+001  1.500000e+001
      vertex -3.850925e+001  1.732145e+001  1.500000e+001
      vertex -3.818949e+001  1.780000e+001  1.500000e+001
    endloop
  endfacet
  facet normal  0.000000e+000  0.000000e+000  1.000000e+000
    outer loop
      vertex -3.760000e+001  2.000000e+001  1.500000e+001
      vertex -3.818949e+001  1.780000e+001  1.500000e+001
      vertex -3.793493e+001  1.831619e+001  1.500000e+001
    endloop
  endfacet
  facet normal  0.000000e+000  0.000000e+000  1.000000e+000
    outer loop
      vertex -3.760000e+001  2.000000e+001  1.500000e+001
      vertex -3.793493e+001  1.831619e+001  1.500000e+001
      vertex -3.774993e+001  1.886120e+001  1.500000e+001
    endloop
  endfacet
  facet normal  0.000000e+000  0.000000e+000  1.000000e+000
    outer loop
      vertex -3.760000e+001  2.000000e+001  1.500000e+001
      vertex -3.774993e+001  1.886120e+001  1.500000e+001
      vertex -3.763764e+001  1.942568e+001  1.500000e+001
    endloop
  endfacet
  facet normal  0.000000e+000  0.000000e+000  1.000000e+000
    outer loop
      vertex -4.489009e+001  2.023948e+001  1.500000e+001
      vertex -4.636236e+001  2.057432e+001  1.500000e+001
      vertex -4.489009e+001  1.976052e+001  1.500000e+001
    endloop
  endfacet
  facet normal  0.000000e+000  0.000000e+000  1.000000e+000
    outer loop
      vertex -4.489009e+001  1.976052e+001  1.500000e+001
      vertex -4.636236e+001  2.057432e+001  1.500000e+001
      vertex -4.640000e+001  2.000000e+001  1.500000e+001
    endloop
  endfacet
  facet normal  0.000000e+000  0.000000e+000  1.000000e+000
    outer loop
      vertex -4.489009e+001  1.976052e+001  1.500000e+001
      vertex -4.640000e+001  2.000000e+001  1.500000e+001
      vertex -4.511127e+001  1.688873e+001  1.500000e+001
    endloop
  endfacet
  facet normal  0.000000e+000  0.000000e+000  1.000000e+000
    outer loop
      vertex -4.511127e+001  1.688873e+001  1.500000e+001
      vertex -4.640000e+001  2.000000e+001  1.500000e+001
      vertex -4.636236e+001  1.942568e+001  1.500000e+001
    endloop
  endfacet
  facet normal  0.000000e+000  0.000000e+000  1.000000e+000
    outer loop
      vertex -4.489009e+001  1.976052e+001  1.500000e+001
      vertex -4.511127e+001  1.688873e+001  1.500000e+001
      vertex -4.481126e+001  1.928809e+001  1.500000e+001
    endloop
  endfacet
  facet normal  0.000000e+000  0.000000e+000  1.000000e+000
    outer loop
      vertex -4.481126e+001  1.928809e+001  1.500000e+001
      vertex -4.511127e+001  1.688873e+001  1.500000e+001
      vertex -4.467855e+001  1.650924e+001  1.500000e+001
    endloop
  endfacet
  facet normal  0.000000e+000  -0.000000e+000  1.000000e+000
    outer loop
      vertex -4.481126e+001  1.928809e+001  1.500000e+001
      vertex -4.467855e+001  1.650924e+001  1.500000e+001
      vertex -4.465574e+001  1.883508e+001  1.500000e+001
    endloop
  endfacet
  facet normal  0.000000e+000  0.000000e+000  1.000000e+000
    outer loop
      vertex -4.465574e+001  1.883508e+001  1.500000e+001
      vertex -4.467855e+001  1.650924e+001  1.500000e+001
      vertex -4.442778e+001  1.841385e+001  1.500000e+001
    endloop
  endfacet
  facet normal  0.000000e+000  0.000000e+000  1.000000e+000
    outer loop
      vertex -4.442778e+001  1.841385e+001  1.500000e+001
      vertex -4.467855e+001  1.650924e+001  1.500000e+001
      vertex -4.420000e+001  1.618949e+001  1.500000e+001
    endloop
  endfacet
  facet normal  0.000000e+000  -0.000000e+000  1.000000e+000
    outer loop
      vertex -4.442778e+001  1.841385e+001  1.500000e+001
      vertex -4.420000e+001  1.618949e+001  1.500000e+001
      vertex -4.413360e+001  1.803588e+001  1.500000e+001
    endloop
  endfacet
  facet normal  0.000000e+000  0.000000e+000  9.999999e-001
    outer loop
      vertex -4.413360e+001  1.803588e+001  1.500000e+001
      vertex -4.420000e+001  1.618949e+001  1.500000e+001
      vertex -4.378122e+001  1.771149e+001  1.500000e+001
    endloop
  endfacet
  facet normal  0.000000e+000  0.000000e+000  1.000000e+000
    outer loop
      vertex -4.378122e+001  1.771149e+001  1.500000e+001
      vertex -4.420000e+001  1.618949e+001  1.500000e+001
      vertex -4.368381e+001  1.593493e+001  1.500000e+001
    endloop
  endfacet
  facet normal  0.000000e+000  -0.000000e+000  1.000000e+000
    outer loop
      vertex -4.378122e+001  1.771149e+001  1.500000e+001
      vertex -4.368381e+001  1.593493e+001  1.500000e+001
      vertex -4.338025e+001  1.744953e+001  1.500000e+001
    endloop
  endfacet
  facet normal  0.000000e+000  0.000000e+000  9.999999e-001
    outer loop
      vertex -4.338025e+001  1.744953e+001  1.500000e+001
      vertex -4.368381e+001  1.593493e+001  1.500000e+001
      vertex -4.313881e+001  1.574993e+001  1.500000e+001
    endloop
  endfacet
  facet normal  0.000000e+000  -0.000000e+000  1.000000e+000
    outer loop
      vertex -4.338025e+001  1.744953e+001  1.500000e+001
      vertex -4.313881e+001  1.574993e+001  1.500000e+001
      vertex -4.294163e+001  1.725713e+001  1.500000e+001
    endloop
  endfacet
  facet normal  0.000000e+000  0.000000e+000  1.000000e+000
    outer loop
      vertex -4.294163e+001  1.725713e+001  1.500000e+001
      vertex -4.313881e+001  1.574993e+001  1.500000e+001
      vertex -4.247733e+001  1.713955e+001  1.500000e+001
    endloop
  endfacet
  facet normal  0.000000e+000  0.000000e+000  1.000000e+000
    outer loop
      vertex -4.247733e+001  1.713955e+001  1.500000e+001
      vertex -4.313881e+001  1.574993e+001  1.500000e+001
      vertex -4.257431e+001  1.563764e+001  1.500000e+001
    endloop
  endfacet
  facet normal  0.000000e+000  0.000000e+000  9.999999e-001
    outer loop
      vertex -4.247733e+001  1.713955e+001  1.500000e+001
      vertex -4.257431e+001  1.563764e+001  1.500000e+001
      vertex -4.200000e+001  1.710000e+001  1.500000e+001
    endloop
  endfacet
  facet normal  0.000000e+000  0.000000e+000  1.000000e+000
    outer loop
      vertex -4.200000e+001  1.710000e+001  1.500000e+001
      vertex -4.257431e+001  1.563764e+001  1.500000e+001
      vertex -4.200000e+001  1.560000e+001  1.500000e+001
    endloop
  endfacet
  facet normal  0.000000e+000  0.000000e+000  1.000000e+000
    outer loop
      vertex -4.200000e+001  1.710000e+001  1.500000e+001
      vertex -4.200000e+001  1.560000e+001  1.500000e+001
      vertex -4.152267e+001  1.713955e+001  1.500000e+001
    endloop
  endfacet
  facet normal  0.000000e+000  0.000000e+000  1.000000e+000
    outer loop
      vertex -4.152267e+001  1.713955e+001  1.500000e+001
      vertex -4.200000e+001  1.560000e+001  1.500000e+001
      vertex -4.142569e+001  1.563764e+001  1.500000e+001
    endloop
  endfacet
  facet normal  0.000000e+000  -0.000000e+000  1.000000e+000
    outer loop
      vertex -4.152267e+001  1.713955e+001  1.500000e+001
      vertex -4.142569e+001  1.563764e+001  1.500000e+001
      vertex -4.105837e+001  1.725713e+001  1.500000e+001
    endloop
  endfacet
  facet normal  0.000000e+000  0.000000e+000  1.000000e+000
    outer loop
      vertex -4.105837e+001  1.725713e+001  1.500000e+001
      vertex -4.142569e+001  1.563764e+001  1.500000e+001
      vertex -4.086119e+001  1.574993e+001  1.500000e+001
    endloop
  endfacet
  facet normal  0.000000e+000  -0.000000e+000  1.000000e+000
    outer loop
      vertex -4.105837e+001  1.725713e+001  1.500000e+001
      vertex -4.086119e+001  1.574993e+001  1.500000e+001
      vertex -4.061975e+001  1.744953e+001  1.500000e+001
    endloop
  endfacet
  facet normal  0.000000e+000  0.000000e+000  9.999999e-001
    outer loop
      vertex -4.061975e+001  1.744953e+001  1.500000e+001
      vertex -4.086119e+001  1.574993e+001  1.500000e+001
      vertex -4.031619e+001  1.593493e+001  1.500000e+001
    endloop
  endfacet
  facet normal  0.000000e+000  -0.000000e+000  1.000000e+000
    outer loop
      vertex -4.061975e+001  1.744953e+001  1.500000e+001
      vertex -4.031619e+001  1.593493e+001  1.500000e+001
      vertex -4.021878e+001  1.771149e+001  1.500000e+001
    endloop
  endfacet
  facet normal  0.000000e+000  0.000000e+000  1.000000e+000
    outer loop
      vertex -4.021878e+001  1.771149e+001  1.500000e+001
      vertex -4.031619e+001  1.593493e+001  1.500000e+001
      vertex -3.986640e+001  1.803588e+001  1.500000e+001
    endloop
  endfacet
  facet normal  0.000000e+000  0.000000e+000  1.000000e+000
    outer loop
      vertex -3.986640e+001  1.803588e+001  1.500000e+001
      vertex -4.031619e+001  1.593493e+001  1.500000e+001
      vertex -3.980000e+001  1.618949e+001  1.500000e+001
    endloop
  endfacet
  facet normal  0.000000e+000  -0.000000e+000  1.000000e+000
    outer loop
      vertex -3.986640e+001  1.803588e+001  1.500000e+001
      vertex -3.980000e+001  1.618949e+001  1.500000e+001
      vertex -3.957222e+001  1.841385e+001  1.500000e+001
    endloop
  endfacet
  facet normal  0.000000e+000  0.000000e+000  1.000000e+000
    outer loop
      vertex -3.957222e+001  1.841385e+001  1.500000e+001
      vertex -3.980000e+001  1.618949e+001  1.500000e+001
      vertex -3.932145e+001  1.650924e+001  1.500000e+001
    endloop
  endfacet
  facet normal  0.000000e+000  0.000000e+000  1.000000e+000
    outer loop
      vertex -3.957222e+001  1.841385e+001  1.500000e+001
      vertex -3.932145e+001  1.650924e+001  1.500000e+001
      vertex -3.934426e+001  1.883508e+001  1.500000e+001
    endloop
  endfacet
  facet normal  0.000000e+000  -0.000000e+000  1.000000e+000
    outer loop
      vertex -3.934426e+001  1.883508e+001  1.500000e+001
      vertex -3.932145e+001  1.650924e+001  1.500000e+001
      vertex -3.918874e+001  1.928809e+001  1.500000e+001
    endloop
  endfacet
  facet normal  0.000000e+000  0.000000e+000  1.000000e+000
    outer loop
      vertex -3.918874e+001  1.928809e+001  1.500000e+001
      vertex -3.932145e+001  1.650924e+001  1.500000e+001
      vertex -3.888873e+001  1.688873e+001  1.500000e+001
    endloop
  endfacet
  facet normal  0.000000e+000  0.000000e+000  1.000000e+000
    outer loop
      vertex -3.918874e+001  1.928809e+001  1.500000e+001
      vertex -3.888873e+001  1.688873e+001  1.500000e+001
      vertex -3.910991e+001  1.976052e+001  1.500000e+001
    endloop
  endfacet
  facet normal  0.000000e+000  0.000000e+000  1.000000e+000
    outer loop
      vertex -4.442778e+001  2.158615e+001  1.500000e+001
      vertex -4.420000e+001  2.381051e+001  1.500000e+001
      vertex -4.465574e+001  2.116492e+001  1.500000e+001
    endloop
  endfacet
  facet normal  0.000000e+000  -0.000000e+000  1.000000e+000
    outer loop
      vertex -4.465574e+001  2.116492e+001  1.500000e+001
      vertex -4.420000e+001  2.381051e+001  1.500000e+001
      vertex -4.467855e+001  2.349076e+001  1.500000e+001
    endloop
  endfacet
  facet normal  0.000000e+000  0.000000e+000  1.000000e+000
    outer loop
      vertex -4.465574e+001  2.116492e+001  1.500000e+001
      vertex -4.467855e+001  2.349076e+001  1.500000e+001
      vertex -4.481126e+001  2.071191e+001  1.500000e+001
    endloop
  endfacet
  facet normal  0.000000e+000  -0.000000e+000  1.000000e+000
    outer loop
      vertex -4.420000e+001  2.381051e+001  1.500000e+001
      vertex -4.413360e+001  2.196412e+001  1.500000e+001
      vertex -4.368381e+001  2.406507e+001  1.500000e+001
    endloop
  endfacet
  facet normal  0.000000e+000  0.000000e+000  1.000000e+000
    outer loop
      vertex -4.368381e+001  2.406507e+001  1.500000e+001
      vertex -4.413360e+001  2.196412e+001  1.500000e+001
      vertex -4.378122e+001  2.228851e+001  1.500000e+001
    endloop
  endfacet
  facet normal  0.000000e+000  0.000000e+000  1.000000e+000
    outer loop
      vertex -4.368381e+001  2.406507e+001  1.500000e+001
      vertex -4.378122e+001  2.228851e+001  1.500000e+001
      vertex -4.313881e+001  2.425007e+001  1.500000e+001
    endloop
  endfacet
  facet normal  0.000000e+000  0.000000e+000  1.000000e+000
    outer loop
      vertex -4.313881e+001  2.425007e+001  1.500000e+001
      vertex -4.378122e+001  2.228851e+001  1.500000e+001
      vertex -4.338025e+001  2.255047e+001  1.500000e+001
    endloop
  endfacet
  facet normal  0.000000e+000  0.000000e+000  1.000000e+000
    outer loop
      vertex -4.313881e+001  2.425007e+001  1.500000e+001
      vertex -4.338025e+001  2.255047e+001  1.500000e+001
      vertex -4.294163e+001  2.274287e+001  1.500000e+001
    endloop
  endfacet
  facet normal  0.000000e+000  -0.000000e+000  1.000000e+000
    outer loop
      vertex -4.313881e+001  2.425007e+001  1.500000e+001
      vertex -4.294163e+001  2.274287e+001  1.500000e+001
      vertex -4.257431e+001  2.436236e+001  1.500000e+001
    endloop
  endfacet
  facet normal  0.000000e+000  0.000000e+000  1.000000e+000
    outer loop
      vertex -4.257431e+001  2.436236e+001  1.500000e+001
      vertex -4.294163e+001  2.274287e+001  1.500000e+001
      vertex -4.247733e+001  2.286045e+001  1.500000e+001
    endloop
  endfacet
  facet normal  0.000000e+000  -0.000000e+000  1.000000e+000
    outer loop
      vertex -4.257431e+001  2.436236e+001  1.500000e+001
      vertex -4.247733e+001  2.286045e+001  1.500000e+001
      vertex -4.200000e+001  2.440000e+001  1.500000e+001
    endloop
  endfacet
  facet normal  0.000000e+000  0.000000e+000  1.000000e+000
    outer loop
      vertex -4.200000e+001  2.440000e+001  1.500000e+001
      vertex -4.247733e+001  2.286045e+001  1.500000e+001
      vertex -4.200000e+001  2.290000e+001  1.500000e+001
    endloop
  endfacet
  facet normal  0.000000e+000  0.000000e+000  1.000000e+000
    outer loop
      vertex -4.200000e+001  2.440000e+001  1.500000e+001
      vertex -4.200000e+001  2.290000e+001  1.500000e+001
      vertex -4.142569e+001  2.436236e+001  1.500000e+001
    endloop
  endfacet
  facet normal  0.000000e+000  0.000000e+000  1.000000e+000
    outer loop
      vertex -4.142569e+001  2.436236e+001  1.500000e+001
      vertex -4.200000e+001  2.290000e+001  1.500000e+001
      vertex -4.152267e+001  2.286045e+001  1.500000e+001
    endloop
  endfacet
  facet normal  0.000000e+000  0.000000e+000  1.000000e+000
    outer loop
      vertex -4.142569e+001  2.436236e+001  1.500000e+001
      vertex -4.152267e+001  2.286045e+001  1.500000e+001
      vertex -4.086119e+001  2.425007e+001  1.500000e+001
    endloop
  endfacet
  facet normal  0.000000e+000  0.000000e+000  1.000000e+000
    outer loop
      vertex -4.086119e+001  2.425007e+001  1.500000e+001
      vertex -4.152267e+001  2.286045e+001  1.500000e+001
      vertex -4.105837e+001  2.274287e+001  1.500000e+001
    endloop
  endfacet
  facet normal  0.000000e+000  0.000000e+000  1.000000e+000
    outer loop
      vertex -4.086119e+001  2.425007e+001  1.500000e+001
      vertex -4.105837e+001  2.274287e+001  1.500000e+001
      vertex -4.031619e+001  2.406507e+001  1.500000e+001
    endloop
  endfacet
  facet normal  0.000000e+000  0.000000e+000  1.000000e+000
    outer loop
      vertex -4.031619e+001  2.406507e+001  1.500000e+001
      vertex -4.105837e+001  2.274287e+001  1.500000e+001
      vertex -4.061975e+001  2.255047e+001  1.500000e+001
    endloop
  endfacet
  facet normal  -0.000000e+000  0.000000e+000  1.000000e+000
    outer loop
      vertex -4.031619e+001  2.406507e+001  1.500000e+001
      vertex -4.061975e+001  2.255047e+001  1.500000e+001
      vertex -4.021878e+001  2.228851e+001  1.500000e+001
    endloop
  endfacet
  facet normal  0.000000e+000  -0.000000e+000  1.000000e+000
    outer loop
      vertex -4.031619e+001  2.406507e+001  1.500000e+001
      vertex -4.021878e+001  2.228851e+001  1.500000e+001
      vertex -3.980000e+001  2.381051e+001  1.500000e+001
    endloop
  endfacet
  facet normal  0.000000e+000  0.000000e+000  9.999999e-001
    outer loop
      vertex -3.980000e+001  2.381051e+001  1.500000e+001
      vertex -4.021878e+001  2.228851e+001  1.500000e+001
      vertex -3.986640e+001  2.196412e+001  1.500000e+001
    endloop
  endfacet
  facet normal  0.000000e+000  0.000000e+000  1.000000e+000
    outer loop
      vertex -3.980000e+001  2.381051e+001  1.500000e+001
      vertex -3.986640e+001  2.196412e+001  1.500000e+001
      vertex -3.932145e+001  2.349076e+001  1.500000e+001
    endloop
  endfacet
  facet normal  0.000000e+000  0.000000e+000  9.999999e-001
    outer loop
      vertex -3.932145e+001  2.349076e+001  1.500000e+001
      vertex -3.986640e+001  2.196412e+001  1.500000e+001
      vertex -3.957222e+001  2.158615e+001  1.500000e+001
    endloop
  endfacet
  facet normal  -0.000000e+000  0.000000e+000  1.000000e+000
    outer loop
      vertex -3.932145e+001  2.349076e+001  1.500000e+001
      vertex -3.957222e+001  2.158615e+001  1.500000e+001
      vertex -3.934426e+001  2.116492e+001  1.500000e+001
    endloop
  endfacet
  facet normal  0.000000e+000  0.000000e+000  1.000000e+000
    outer loop
      vertex -3.932145e+001  2.349076e+001  1.500000e+001
      vertex -3.934426e+001  2.116492e+001  1.500000e+001
      vertex -3.888873e+001  2.311127e+001  1.500000e+001
    endloop
  endfacet
  facet normal  0.000000e+000  0.000000e+000  1.000000e+000
    outer loop
      vertex -3.888873e+001  2.311127e+001  1.500000e+001
      vertex -3.934426e+001  2.116492e+001  1.500000e+001
      vertex -3.918874e+001  2.071191e+001  1.500000e+001
    endloop
  endfacet
  facet normal  -0.000000e+000  0.000000e+000  1.000000e+000
    outer loop
      vertex -3.888873e+001  2.311127e+001  1.500000e+001
      vertex -3.918874e+001  2.071191e+001  1.500000e+001
      vertex -3.910991e+001  2.023948e+001  1.500000e+001
    endloop
  endfacet
endsolid CATIA STL
