solid CATIA STL
  facet normal  1.000000e+000  0.000000e+000  0.000000e+000
    outer loop
      vertex -1.650000e+001 -1.414500e+001 -5.000000e+000
      vertex -1.650000e+001  1.414500e+001 -5.000000e+000
      vertex -1.650000e+001 -1.414500e+001  0.000000e+000
    endloop
  endfacet
  facet normal  1.000000e+000  -0.000000e+000  0.000000e+000
    outer loop
      vertex -1.650000e+001 -1.414500e+001  0.000000e+000
      vertex -1.650000e+001  1.414500e+001 -5.000000e+000
      vertex -1.650000e+001  1.414500e+001  0.000000e+000
    endloop
  endfacet
  facet normal  0.000000e+000  1.000000e+000  0.000000e+000
    outer loop
      vertex  1.350000e+001 -1.714500e+001 -5.000000e+000
      vertex -1.350000e+001 -1.714500e+001 -5.000000e+000
      vertex  1.350000e+001 -1.714500e+001  0.000000e+000
    endloop
  endfacet
  facet normal  0.000000e+000  1.000000e+000  0.000000e+000
    outer loop
      vertex  1.350000e+001 -1.714500e+001  0.000000e+000
      vertex -1.350000e+001 -1.714500e+001 -5.000000e+000
      vertex -1.350000e+001 -1.714500e+001  0.000000e+000
    endloop
  endfacet
  facet normal  0.000000e+000  0.000000e+000  1.000000e+000
    outer loop
      vertex -1.350000e+001  1.714500e+001  0.000000e+000
      vertex -9.500000e+000  1.914500e+001  0.000000e+000
      vertex -1.396930e+001  1.710806e+001  0.000000e+000
    endloop
  endfacet
  facet normal  0.000000e+000  0.000000e+000  1.000000e+000
    outer loop
      vertex -1.350000e+001  1.714500e+001  0.000000e+000
      vertex  1.350000e+001  1.714500e+001  0.000000e+000
      vertex -9.500000e+000  1.914500e+001  0.000000e+000
    endloop
  endfacet
  facet normal  0.000000e+000  0.000000e+000  1.000000e+000
    outer loop
      vertex -1.350000e+001 -1.714500e+001  0.000000e+000
      vertex -1.396930e+001 -1.710806e+001  0.000000e+000
      vertex -9.500000e+000 -1.914500e+001  0.000000e+000
    endloop
  endfacet
  facet normal  0.000000e+000  -0.000000e+000  1.000000e+000
    outer loop
      vertex -1.617302e+001 -1.550697e+001  0.000000e+000
      vertex -1.596930e+001 -1.910806e+001  0.000000e+000
      vertex -1.592705e+001 -1.590836e+001  0.000000e+000
    endloop
  endfacet
  facet normal  0.000000e+000  0.000000e+000  9.999999e-001
    outer loop
      vertex -9.500000e+000 -1.914500e+001  0.000000e+000
      vertex -1.396930e+001 -1.710806e+001  0.000000e+000
      vertex -1.442705e+001 -1.699817e+001  0.000000e+000
    endloop
  endfacet
  facet normal  0.000000e+000  -0.000000e+000  1.000000e+000
    outer loop
      vertex  1.635317e+001 -1.507205e+001  0.000000e+000
      vertex  1.642705e+001 -1.899817e+001  0.000000e+000
      vertex  1.646306e+001 -1.461430e+001  0.000000e+000
    endloop
  endfacet
  facet normal  0.000000e+000  0.000000e+000  9.999999e-001
    outer loop
      vertex -1.617302e+001  1.550697e+001  0.000000e+000
      vertex -1.592705e+001  1.590836e+001  0.000000e+000
      vertex -1.596930e+001  1.910806e+001  0.000000e+000
    endloop
  endfacet
  facet normal  0.000000e+000  0.000000e+000  9.999999e-001
    outer loop
      vertex -9.500000e+000  1.914500e+001  0.000000e+000
      vertex -1.442705e+001  1.699817e+001  0.000000e+000
      vertex -1.396930e+001  1.710806e+001  0.000000e+000
    endloop
  endfacet
  facet normal  0.000000e+000  0.000000e+000  9.999999e-001
    outer loop
      vertex  1.635317e+001  1.507205e+001  0.000000e+000
      vertex  1.646306e+001  1.461430e+001  0.000000e+000
      vertex  1.642705e+001  1.899817e+001  0.000000e+000
    endloop
  endfacet
  facet normal  0.000000e+000  0.000000e+000  1.000000e+000
    outer loop
      vertex -8.500000e+000  2.314500e+001  0.000000e+000
      vertex -8.550504e-001  2.365077e+001  0.000000e+000
      vertex -1.250000e+000  2.383494e+001  0.000000e+000
    endloop
  endfacet
  facet normal  0.000000e+000  0.000000e+000  1.000000e+000
    outer loop
      vertex -8.500000e+000  2.314500e+001  0.000000e+000
      vertex -1.250000e+000  2.383494e+001  0.000000e+000
      vertex -1.606969e+000  2.408489e+001  0.000000e+000
    endloop
  endfacet
  facet normal  0.000000e+000  0.000000e+000  1.000000e+000
    outer loop
      vertex -8.500000e+000  2.314500e+001  0.000000e+000
      vertex -1.606969e+000  2.408489e+001  0.000000e+000
      vertex -1.915111e+000  2.439303e+001  0.000000e+000
    endloop
  endfacet
  facet normal  0.000000e+000  0.000000e+000  1.000000e+000
    outer loop
      vertex -8.500000e+000  2.314500e+001  0.000000e+000
      vertex -1.915111e+000  2.439303e+001  0.000000e+000
      vertex -2.165064e+000  2.475000e+001  0.000000e+000
    endloop
  endfacet
  facet normal  0.000000e+000  0.000000e+000  1.000000e+000
    outer loop
      vertex -8.500000e+000  2.314500e+001  0.000000e+000
      vertex -2.165064e+000  2.475000e+001  0.000000e+000
      vertex -2.349231e+000  2.514495e+001  0.000000e+000
    endloop
  endfacet
  facet normal  0.000000e+000  0.000000e+000  1.000000e+000
    outer loop
      vertex -8.500000e+000  2.314500e+001  0.000000e+000
      vertex -2.349231e+000  2.514495e+001  0.000000e+000
      vertex -2.462019e+000  2.556588e+001  0.000000e+000
    endloop
  endfacet
  facet normal  0.000000e+000  0.000000e+000  1.000000e+000
    outer loop
      vertex -8.500000e+000  2.314500e+001  0.000000e+000
      vertex -2.462019e+000  2.556588e+001  0.000000e+000
      vertex -2.500000e+000  2.600000e+001  0.000000e+000
    endloop
  endfacet
  facet normal  0.000000e+000  -0.000000e+000  1.000000e+000
    outer loop
      vertex -8.500000e+000 -2.314500e+001  0.000000e+000
      vertex -2.500000e+000 -2.600000e+001  0.000000e+000
      vertex -2.462019e+000 -2.556588e+001  0.000000e+000
    endloop
  endfacet
  facet normal  0.000000e+000  -0.000000e+000  1.000000e+000
    outer loop
      vertex -8.500000e+000 -2.314500e+001  0.000000e+000
      vertex -2.462019e+000 -2.556588e+001  0.000000e+000
      vertex -2.349231e+000 -2.514495e+001  0.000000e+000
    endloop
  endfacet
  facet normal  0.000000e+000  -0.000000e+000  1.000000e+000
    outer loop
      vertex -8.500000e+000 -2.314500e+001  0.000000e+000
      vertex -2.349231e+000 -2.514495e+001  0.000000e+000
      vertex -2.165064e+000 -2.475000e+001  0.000000e+000
    endloop
  endfacet
  facet normal  0.000000e+000  -0.000000e+000  1.000000e+000
    outer loop
      vertex -8.500000e+000 -2.314500e+001  0.000000e+000
      vertex -2.165064e+000 -2.475000e+001  0.000000e+000
      vertex -1.915111e+000 -2.439303e+001  0.000000e+000
    endloop
  endfacet
  facet normal  0.000000e+000  -0.000000e+000  1.000000e+000
    outer loop
      vertex -8.500000e+000 -2.314500e+001  0.000000e+000
      vertex -1.915111e+000 -2.439303e+001  0.000000e+000
      vertex -1.606969e+000 -2.408489e+001  0.000000e+000
    endloop
  endfacet
  facet normal  0.000000e+000  -0.000000e+000  1.000000e+000
    outer loop
      vertex -8.500000e+000 -2.314500e+001  0.000000e+000
      vertex -1.606969e+000 -2.408489e+001  0.000000e+000
      vertex -1.250000e+000 -2.383494e+001  0.000000e+000
    endloop
  endfacet
  facet normal  0.000000e+000  -0.000000e+000  1.000000e+000
    outer loop
      vertex -8.500000e+000 -2.314500e+001  0.000000e+000
      vertex -1.250000e+000 -2.383494e+001  0.000000e+000
      vertex -8.550504e-001 -2.365077e+001  0.000000e+000
    endloop
  endfacet
  facet normal  -0.000000e+000  0.000000e+000  1.000000e+000
    outer loop
      vertex  1.350000e+001 -1.714500e+001  0.000000e+000
      vertex -1.350000e+001 -1.714500e+001  0.000000e+000
      vertex -9.500000e+000 -1.914500e+001  0.000000e+000
    endloop
  endfacet
  facet normal  -0.000000e+000  0.000000e+000  1.000000e+000
    outer loop
      vertex  1.350000e+001 -1.714500e+001  0.000000e+000
      vertex -9.500000e+000 -1.914500e+001  0.000000e+000
      vertex -9.304910e+000 -1.916422e+001  0.000000e+000
    endloop
  endfacet
  facet normal  -0.000000e+000  0.000000e+000  1.000000e+000
    outer loop
      vertex  1.350000e+001 -1.714500e+001  0.000000e+000
      vertex -9.304910e+000 -1.916422e+001  0.000000e+000
      vertex -9.117316e+000 -1.922112e+001  0.000000e+000
    endloop
  endfacet
  facet normal  -0.000000e+000  0.000000e+000  1.000000e+000
    outer loop
      vertex  1.350000e+001 -1.714500e+001  0.000000e+000
      vertex -9.117316e+000 -1.922112e+001  0.000000e+000
      vertex -8.944429e+000 -1.931353e+001  0.000000e+000
    endloop
  endfacet
  facet normal  -0.000000e+000  0.000000e+000  1.000000e+000
    outer loop
      vertex  1.350000e+001 -1.714500e+001  0.000000e+000
      vertex -8.944429e+000 -1.931353e+001  0.000000e+000
      vertex -8.792893e+000 -1.943789e+001  0.000000e+000
    endloop
  endfacet
  facet normal  -0.000000e+000  0.000000e+000  1.000000e+000
    outer loop
      vertex  1.350000e+001 -1.714500e+001  0.000000e+000
      vertex -8.792893e+000 -1.943789e+001  0.000000e+000
      vertex -8.668530e+000 -1.958943e+001  0.000000e+000
    endloop
  endfacet
  facet normal  -0.000000e+000  0.000000e+000  1.000000e+000
    outer loop
      vertex  1.350000e+001 -1.714500e+001  0.000000e+000
      vertex -8.668530e+000 -1.958943e+001  0.000000e+000
      vertex -8.576120e+000 -1.976232e+001  0.000000e+000
    endloop
  endfacet
  facet normal  -0.000000e+000  0.000000e+000  1.000000e+000
    outer loop
      vertex  1.350000e+001 -1.714500e+001  0.000000e+000
      vertex -8.576120e+000 -1.976232e+001  0.000000e+000
      vertex -8.519215e+000 -1.994991e+001  0.000000e+000
    endloop
  endfacet
  facet normal  -0.000000e+000  0.000000e+000  1.000000e+000
    outer loop
      vertex  1.350000e+001 -1.714500e+001  0.000000e+000
      vertex -8.519215e+000 -1.994991e+001  0.000000e+000
      vertex -8.500000e+000 -2.014500e+001  0.000000e+000
    endloop
  endfacet
  facet normal  -0.000000e+000  0.000000e+000  1.000000e+000
    outer loop
      vertex  1.350000e+001 -1.714500e+001  0.000000e+000
      vertex -8.500000e+000 -2.014500e+001  0.000000e+000
      vertex -8.500000e+000 -2.314500e+001  0.000000e+000
    endloop
  endfacet
  facet normal  -0.000000e+000  0.000000e+000  9.999999e-001
    outer loop
      vertex  1.350000e+001 -1.714500e+001  0.000000e+000
      vertex -8.500000e+000 -2.314500e+001  0.000000e+000
      vertex -8.550504e-001 -2.365077e+001  0.000000e+000
    endloop
  endfacet
  facet normal  0.000000e+000  0.000000e+000  1.000000e+000
    outer loop
      vertex  1.350000e+001 -1.714500e+001  0.000000e+000
      vertex -8.550504e-001 -2.365077e+001  0.000000e+000
      vertex -4.341204e-001 -2.353798e+001  0.000000e+000
    endloop
  endfacet
  facet normal  0.000000e+000  0.000000e+000  1.000000e+000
    outer loop
      vertex  1.350000e+001 -1.714500e+001  0.000000e+000
      vertex -4.341204e-001 -2.353798e+001  0.000000e+000
      vertex  0.000000e+000 -2.350000e+001  0.000000e+000
    endloop
  endfacet
  facet normal  0.000000e+000  0.000000e+000  1.000000e+000
    outer loop
      vertex  1.350000e+001 -1.714500e+001  0.000000e+000
      vertex  0.000000e+000 -2.350000e+001  0.000000e+000
      vertex  9.117316e+000 -1.922112e+001  0.000000e+000
    endloop
  endfacet
  facet normal  0.000000e+000  0.000000e+000  1.000000e+000
    outer loop
      vertex  1.350000e+001 -1.714500e+001  0.000000e+000
      vertex  9.117316e+000 -1.922112e+001  0.000000e+000
      vertex  9.304910e+000 -1.916422e+001  0.000000e+000
    endloop
  endfacet
  facet normal  0.000000e+000  0.000000e+000  1.000000e+000
    outer loop
      vertex  1.350000e+001 -1.714500e+001  0.000000e+000
      vertex  9.304910e+000 -1.916422e+001  0.000000e+000
      vertex  9.500000e+000 -1.914500e+001  0.000000e+000
    endloop
  endfacet
  facet normal  0.000000e+000  0.000000e+000  1.000000e+000
    outer loop
      vertex  1.350000e+001  1.714500e+001  0.000000e+000
      vertex  1.550000e+001  1.914500e+001  0.000000e+000
      vertex  9.500000e+000  1.914500e+001  0.000000e+000
    endloop
  endfacet
  facet normal  0.000000e+000  0.000000e+000  1.000000e+000
    outer loop
      vertex  1.350000e+001  1.714500e+001  0.000000e+000
      vertex  9.500000e+000  1.914500e+001  0.000000e+000
      vertex  9.304910e+000  1.916422e+001  0.000000e+000
    endloop
  endfacet
  facet normal  0.000000e+000  0.000000e+000  1.000000e+000
    outer loop
      vertex  1.350000e+001  1.714500e+001  0.000000e+000
      vertex  9.304910e+000  1.916422e+001  0.000000e+000
      vertex  9.117316e+000  1.922112e+001  0.000000e+000
    endloop
  endfacet
  facet normal  0.000000e+000  0.000000e+000  1.000000e+000
    outer loop
      vertex  1.350000e+001  1.714500e+001  0.000000e+000
      vertex  9.117316e+000  1.922112e+001  0.000000e+000
      vertex -3.061617e-016  2.350000e+001  0.000000e+000
    endloop
  endfacet
  facet normal  0.000000e+000  0.000000e+000  1.000000e+000
    outer loop
      vertex  1.350000e+001  1.714500e+001  0.000000e+000
      vertex -3.061617e-016  2.350000e+001  0.000000e+000
      vertex -4.341204e-001  2.353798e+001  0.000000e+000
    endloop
  endfacet
  facet normal  0.000000e+000  0.000000e+000  1.000000e+000
    outer loop
      vertex  1.350000e+001  1.714500e+001  0.000000e+000
      vertex -4.341204e-001  2.353798e+001  0.000000e+000
      vertex -8.550504e-001  2.365077e+001  0.000000e+000
    endloop
  endfacet
  facet normal  0.000000e+000  0.000000e+000  9.999999e-001
    outer loop
      vertex  1.350000e+001  1.714500e+001  0.000000e+000
      vertex -8.550504e-001  2.365077e+001  0.000000e+000
      vertex -8.500000e+000  2.314500e+001  0.000000e+000
    endloop
  endfacet
  facet normal  0.000000e+000  0.000000e+000  1.000000e+000
    outer loop
      vertex  1.350000e+001  1.714500e+001  0.000000e+000
      vertex -8.500000e+000  2.314500e+001  0.000000e+000
      vertex -8.500000e+000  2.014500e+001  0.000000e+000
    endloop
  endfacet
  facet normal  0.000000e+000  0.000000e+000  1.000000e+000
    outer loop
      vertex  1.350000e+001  1.714500e+001  0.000000e+000
      vertex -8.500000e+000  2.014500e+001  0.000000e+000
      vertex -8.519215e+000  1.994991e+001  0.000000e+000
    endloop
  endfacet
  facet normal  0.000000e+000  0.000000e+000  1.000000e+000
    outer loop
      vertex  1.350000e+001  1.714500e+001  0.000000e+000
      vertex -8.519215e+000  1.994991e+001  0.000000e+000
      vertex -8.576120e+000  1.976232e+001  0.000000e+000
    endloop
  endfacet
  facet normal  0.000000e+000  0.000000e+000  1.000000e+000
    outer loop
      vertex  1.350000e+001  1.714500e+001  0.000000e+000
      vertex -8.576120e+000  1.976232e+001  0.000000e+000
      vertex -8.668530e+000  1.958943e+001  0.000000e+000
    endloop
  endfacet
  facet normal  0.000000e+000  0.000000e+000  1.000000e+000
    outer loop
      vertex  1.350000e+001  1.714500e+001  0.000000e+000
      vertex -8.668530e+000  1.958943e+001  0.000000e+000
      vertex -8.792893e+000  1.943789e+001  0.000000e+000
    endloop
  endfacet
  facet normal  0.000000e+000  0.000000e+000  1.000000e+000
    outer loop
      vertex  1.350000e+001  1.714500e+001  0.000000e+000
      vertex -8.792893e+000  1.943789e+001  0.000000e+000
      vertex -8.944429e+000  1.931353e+001  0.000000e+000
    endloop
  endfacet
  facet normal  0.000000e+000  0.000000e+000  1.000000e+000
    outer loop
      vertex  1.350000e+001  1.714500e+001  0.000000e+000
      vertex -8.944429e+000  1.931353e+001  0.000000e+000
      vertex -9.117316e+000  1.922112e+001  0.000000e+000
    endloop
  endfacet
  facet normal  0.000000e+000  0.000000e+000  1.000000e+000
    outer loop
      vertex  1.350000e+001  1.714500e+001  0.000000e+000
      vertex -9.117316e+000  1.922112e+001  0.000000e+000
      vertex -9.304910e+000  1.916422e+001  0.000000e+000
    endloop
  endfacet
  facet normal  0.000000e+000  0.000000e+000  1.000000e+000
    outer loop
      vertex  1.350000e+001  1.714500e+001  0.000000e+000
      vertex -9.304910e+000  1.916422e+001  0.000000e+000
      vertex -9.500000e+000  1.914500e+001  0.000000e+000
    endloop
  endfacet
  facet normal  -0.000000e+000  0.000000e+000  1.000000e+000
    outer loop
      vertex -2.500000e+000  3.050000e+001  0.000000e+000
      vertex -2.890181e+000  3.046157e+001  0.000000e+000
      vertex -2.500000e+000  2.600000e+001  0.000000e+000
    endloop
  endfacet
  facet normal  0.000000e+000  0.000000e+000  1.000000e+000
    outer loop
      vertex -2.500000e+000  3.050000e+001  0.000000e+000
      vertex -2.500000e+000  2.600000e+001  0.000000e+000
      vertex -2.462019e+000  2.643412e+001  0.000000e+000
    endloop
  endfacet
  facet normal  0.000000e+000  -0.000000e+000  1.000000e+000
    outer loop
      vertex -2.500000e+000  3.050000e+001  0.000000e+000
      vertex -2.462019e+000  2.643412e+001  0.000000e+000
      vertex -2.349231e+000  2.685505e+001  0.000000e+000
    endloop
  endfacet
  facet normal  0.000000e+000  -0.000000e+000  1.000000e+000
    outer loop
      vertex -2.500000e+000  3.050000e+001  0.000000e+000
      vertex -2.349231e+000  2.685505e+001  0.000000e+000
      vertex -2.165064e+000  2.725000e+001  0.000000e+000
    endloop
  endfacet
  facet normal  0.000000e+000  -0.000000e+000  1.000000e+000
    outer loop
      vertex -2.500000e+000  3.050000e+001  0.000000e+000
      vertex -2.165064e+000  2.725000e+001  0.000000e+000
      vertex -1.915111e+000  2.760697e+001  0.000000e+000
    endloop
  endfacet
  facet normal  0.000000e+000  -0.000000e+000  1.000000e+000
    outer loop
      vertex -2.500000e+000  3.050000e+001  0.000000e+000
      vertex -1.915111e+000  2.760697e+001  0.000000e+000
      vertex -1.606969e+000  2.791511e+001  0.000000e+000
    endloop
  endfacet
  facet normal  0.000000e+000  -0.000000e+000  1.000000e+000
    outer loop
      vertex -2.500000e+000  3.050000e+001  0.000000e+000
      vertex -1.606969e+000  2.791511e+001  0.000000e+000
      vertex -1.250000e+000  2.816506e+001  0.000000e+000
    endloop
  endfacet
  facet normal  0.000000e+000  -0.000000e+000  1.000000e+000
    outer loop
      vertex -2.500000e+000  3.050000e+001  0.000000e+000
      vertex -1.250000e+000  2.816506e+001  0.000000e+000
      vertex  2.500000e+000  3.050000e+001  0.000000e+000
    endloop
  endfacet
  facet normal  0.000000e+000  0.000000e+000  1.000000e+000
    outer loop
      vertex  2.500000e+000 -3.050000e+001  0.000000e+000
      vertex  2.890181e+000 -3.046157e+001  0.000000e+000
      vertex  2.500000e+000 -2.600000e+001  0.000000e+000
    endloop
  endfacet
  facet normal  0.000000e+000  0.000000e+000  1.000000e+000
    outer loop
      vertex  2.500000e+000 -3.050000e+001  0.000000e+000
      vertex  2.500000e+000 -2.600000e+001  0.000000e+000
      vertex  2.462019e+000 -2.643412e+001  0.000000e+000
    endloop
  endfacet
  facet normal  0.000000e+000  0.000000e+000  1.000000e+000
    outer loop
      vertex  2.500000e+000 -3.050000e+001  0.000000e+000
      vertex  2.462019e+000 -2.643412e+001  0.000000e+000
      vertex  2.349231e+000 -2.685505e+001  0.000000e+000
    endloop
  endfacet
  facet normal  0.000000e+000  0.000000e+000  1.000000e+000
    outer loop
      vertex  2.500000e+000 -3.050000e+001  0.000000e+000
      vertex  2.349231e+000 -2.685505e+001  0.000000e+000
      vertex  2.165064e+000 -2.725000e+001  0.000000e+000
    endloop
  endfacet
  facet normal  0.000000e+000  0.000000e+000  1.000000e+000
    outer loop
      vertex  2.500000e+000 -3.050000e+001  0.000000e+000
      vertex  2.165064e+000 -2.725000e+001  0.000000e+000
      vertex  1.915111e+000 -2.760697e+001  0.000000e+000
    endloop
  endfacet
  facet normal  0.000000e+000  0.000000e+000  1.000000e+000
    outer loop
      vertex  2.500000e+000 -3.050000e+001  0.000000e+000
      vertex  1.915111e+000 -2.760697e+001  0.000000e+000
      vertex  1.606969e+000 -2.791511e+001  0.000000e+000
    endloop
  endfacet
  facet normal  0.000000e+000  0.000000e+000  1.000000e+000
    outer loop
      vertex  2.500000e+000 -3.050000e+001  0.000000e+000
      vertex  1.606969e+000 -2.791511e+001  0.000000e+000
      vertex  1.250000e+000 -2.816506e+001  0.000000e+000
    endloop
  endfacet
  facet normal  0.000000e+000  0.000000e+000  1.000000e+000
    outer loop
      vertex  2.500000e+000 -3.050000e+001  0.000000e+000
      vertex  1.250000e+000 -2.816506e+001  0.000000e+000
      vertex  8.550504e-001 -2.834923e+001  0.000000e+000
    endloop
  endfacet
  facet normal  0.000000e+000  0.000000e+000  1.000000e+000
    outer loop
      vertex  2.500000e+000 -3.050000e+001  0.000000e+000
      vertex  8.550504e-001 -2.834923e+001  0.000000e+000
      vertex  4.341204e-001 -2.846202e+001  0.000000e+000
    endloop
  endfacet
  facet normal  0.000000e+000  0.000000e+000  1.000000e+000
    outer loop
      vertex  2.500000e+000 -3.050000e+001  0.000000e+000
      vertex  4.341204e-001 -2.846202e+001  0.000000e+000
      vertex -3.061617e-016 -2.850000e+001  0.000000e+000
    endloop
  endfacet
  facet normal  0.000000e+000  0.000000e+000  1.000000e+000
    outer loop
      vertex  2.500000e+000 -3.050000e+001  0.000000e+000
      vertex -3.061617e-016 -2.850000e+001  0.000000e+000
      vertex -4.341204e-001 -2.846202e+001  0.000000e+000
    endloop
  endfacet
  facet normal  0.000000e+000  0.000000e+000  1.000000e+000
    outer loop
      vertex  2.500000e+000 -3.050000e+001  0.000000e+000
      vertex -4.341204e-001 -2.846202e+001  0.000000e+000
      vertex -8.550504e-001 -2.834923e+001  0.000000e+000
    endloop
  endfacet
  facet normal  0.000000e+000  0.000000e+000  1.000000e+000
    outer loop
      vertex  2.500000e+000 -3.050000e+001  0.000000e+000
      vertex -8.550504e-001 -2.834923e+001  0.000000e+000
      vertex -1.250000e+000 -2.816506e+001  0.000000e+000
    endloop
  endfacet
  facet normal  0.000000e+000  0.000000e+000  1.000000e+000
    outer loop
      vertex  2.500000e+001 -2.414500e+001  0.000000e+000
      vertex  2.500000e+001  2.414500e+001  0.000000e+000
      vertex  2.350000e+001  2.114500e+001  0.000000e+000
    endloop
  endfacet
  facet normal  0.000000e+000  0.000000e+000  1.000000e+000
    outer loop
      vertex  2.500000e+001 -2.414500e+001  0.000000e+000
      vertex  2.350000e+001  2.114500e+001  0.000000e+000
      vertex  2.350000e+001 -2.114500e+001  0.000000e+000
    endloop
  endfacet
  facet normal  0.000000e+000  0.000000e+000  1.000000e+000
    outer loop
      vertex  2.500000e+001 -2.414500e+001  0.000000e+000
      vertex  2.350000e+001 -2.114500e+001  0.000000e+000
      vertex  2.346306e+001 -2.161430e+001  0.000000e+000
    endloop
  endfacet
  facet normal  0.000000e+000  0.000000e+000  1.000000e+000
    outer loop
      vertex  2.500000e+001 -2.414500e+001  0.000000e+000
      vertex  2.346306e+001 -2.161430e+001  0.000000e+000
      vertex  2.335317e+001 -2.207205e+001  0.000000e+000
    endloop
  endfacet
  facet normal  0.000000e+000  0.000000e+000  1.000000e+000
    outer loop
      vertex  2.500000e+001 -2.414500e+001  0.000000e+000
      vertex  2.335317e+001 -2.207205e+001  0.000000e+000
      vertex  2.317302e+001 -2.250697e+001  0.000000e+000
    endloop
  endfacet
  facet normal  0.000000e+000  0.000000e+000  1.000000e+000
    outer loop
      vertex  2.500000e+001 -2.414500e+001  0.000000e+000
      vertex  2.317302e+001 -2.250697e+001  0.000000e+000
      vertex  2.292705e+001 -2.290836e+001  0.000000e+000
    endloop
  endfacet
  facet normal  0.000000e+000  0.000000e+000  1.000000e+000
    outer loop
      vertex  2.500000e+001 -2.414500e+001  0.000000e+000
      vertex  2.292705e+001 -2.290836e+001  0.000000e+000
      vertex  2.262132e+001 -2.326632e+001  0.000000e+000
    endloop
  endfacet
  facet normal  0.000000e+000  0.000000e+000  1.000000e+000
    outer loop
      vertex  2.500000e+001 -2.414500e+001  0.000000e+000
      vertex  2.262132e+001 -2.326632e+001  0.000000e+000
      vertex  2.226336e+001 -2.357205e+001  0.000000e+000
    endloop
  endfacet
  facet normal  0.000000e+000  0.000000e+000  1.000000e+000
    outer loop
      vertex  2.500000e+001 -2.414500e+001  0.000000e+000
      vertex  2.226336e+001 -2.357205e+001  0.000000e+000
      vertex  2.186197e+001 -2.381802e+001  0.000000e+000
    endloop
  endfacet
  facet normal  0.000000e+000  0.000000e+000  1.000000e+000
    outer loop
      vertex  2.500000e+001 -2.414500e+001  0.000000e+000
      vertex  2.186197e+001 -2.381802e+001  0.000000e+000
      vertex  2.142705e+001 -2.399817e+001  0.000000e+000
    endloop
  endfacet
  facet normal  0.000000e+000  0.000000e+000  1.000000e+000
    outer loop
      vertex  2.500000e+001 -2.414500e+001  0.000000e+000
      vertex  2.142705e+001 -2.399817e+001  0.000000e+000
      vertex  2.096930e+001 -2.410806e+001  0.000000e+000
    endloop
  endfacet
  facet normal  0.000000e+000  0.000000e+000  1.000000e+000
    outer loop
      vertex  2.500000e+001 -2.414500e+001  0.000000e+000
      vertex  2.096930e+001 -2.410806e+001  0.000000e+000
      vertex  2.050000e+001 -2.414500e+001  0.000000e+000
    endloop
  endfacet
  facet normal  -0.000000e+000  0.000000e+000  1.000000e+000
    outer loop
      vertex  2.500000e+001 -2.414500e+001  0.000000e+000
      vertex  2.050000e+001 -2.414500e+001  0.000000e+000
      vertex  2.496157e+001 -2.453518e+001  0.000000e+000
    endloop
  endfacet
  facet normal  0.000000e+000  0.000000e+000  1.000000e+000
    outer loop
      vertex -2.500000e+000 -2.600000e+001  0.000000e+000
      vertex -8.500000e+000 -2.314500e+001  0.000000e+000
      vertex -8.519215e+000 -2.334009e+001  0.000000e+000
    endloop
  endfacet
  facet normal  0.000000e+000  0.000000e+000  1.000000e+000
    outer loop
      vertex -2.500000e+000 -2.600000e+001  0.000000e+000
      vertex -8.519215e+000 -2.334009e+001  0.000000e+000
      vertex -8.576120e+000 -2.352768e+001  0.000000e+000
    endloop
  endfacet
  facet normal  0.000000e+000  0.000000e+000  1.000000e+000
    outer loop
      vertex -2.500000e+000 -2.600000e+001  0.000000e+000
      vertex -8.576120e+000 -2.352768e+001  0.000000e+000
      vertex -8.668530e+000 -2.370057e+001  0.000000e+000
    endloop
  endfacet
  facet normal  0.000000e+000  0.000000e+000  1.000000e+000
    outer loop
      vertex -2.500000e+000 -2.600000e+001  0.000000e+000
      vertex -8.668530e+000 -2.370057e+001  0.000000e+000
      vertex -8.792893e+000 -2.385211e+001  0.000000e+000
    endloop
  endfacet
  facet normal  0.000000e+000  0.000000e+000  1.000000e+000
    outer loop
      vertex -2.500000e+000 -2.600000e+001  0.000000e+000
      vertex -8.792893e+000 -2.385211e+001  0.000000e+000
      vertex -8.944429e+000 -2.397647e+001  0.000000e+000
    endloop
  endfacet
  facet normal  0.000000e+000  0.000000e+000  1.000000e+000
    outer loop
      vertex -2.500000e+000 -2.600000e+001  0.000000e+000
      vertex -8.944429e+000 -2.397647e+001  0.000000e+000
      vertex -9.117316e+000 -2.406888e+001  0.000000e+000
    endloop
  endfacet
  facet normal  0.000000e+000  0.000000e+000  1.000000e+000
    outer loop
      vertex -2.500000e+000 -2.600000e+001  0.000000e+000
      vertex -9.117316e+000 -2.406888e+001  0.000000e+000
      vertex -9.304910e+000 -2.412579e+001  0.000000e+000
    endloop
  endfacet
  facet normal  0.000000e+000  0.000000e+000  9.999999e-001
    outer loop
      vertex -2.500000e+000 -2.600000e+001  0.000000e+000
      vertex -9.304910e+000 -2.412579e+001  0.000000e+000
      vertex -9.500000e+000 -2.414500e+001  0.000000e+000
    endloop
  endfacet
  facet normal  0.000000e+000  0.000000e+000  1.000000e+000
    outer loop
      vertex -2.500000e+000 -2.600000e+001  0.000000e+000
      vertex -9.500000e+000 -2.414500e+001  0.000000e+000
      vertex -2.050000e+001 -2.414500e+001  0.000000e+000
    endloop
  endfacet
  facet normal  0.000000e+000  0.000000e+000  1.000000e+000
    outer loop
      vertex -2.500000e+000 -2.600000e+001  0.000000e+000
      vertex -2.050000e+001 -2.414500e+001  0.000000e+000
      vertex -2.096930e+001 -2.410806e+001  0.000000e+000
    endloop
  endfacet
  facet normal  0.000000e+000  0.000000e+000  1.000000e+000
    outer loop
      vertex -2.500000e+000 -2.600000e+001  0.000000e+000
      vertex -2.096930e+001 -2.410806e+001  0.000000e+000
      vertex -2.500000e+001 -2.414500e+001  0.000000e+000
    endloop
  endfacet
  facet normal  0.000000e+000  0.000000e+000  1.000000e+000
    outer loop
      vertex -2.500000e+000 -2.600000e+001  0.000000e+000
      vertex -2.500000e+001 -2.414500e+001  0.000000e+000
      vertex -2.496157e+001 -2.453518e+001  0.000000e+000
    endloop
  endfacet
  facet normal  0.000000e+000  0.000000e+000  1.000000e+000
    outer loop
      vertex -2.500000e+000 -2.600000e+001  0.000000e+000
      vertex -2.496157e+001 -2.453518e+001  0.000000e+000
      vertex -2.484776e+001 -2.491037e+001  0.000000e+000
    endloop
  endfacet
  facet normal  0.000000e+000  0.000000e+000  1.000000e+000
    outer loop
      vertex -2.500000e+000 -2.600000e+001  0.000000e+000
      vertex -2.484776e+001 -2.491037e+001  0.000000e+000
      vertex -2.376537e+001 -2.599276e+001  0.000000e+000
    endloop
  endfacet
  facet normal  0.000000e+000  0.000000e+000  1.000000e+000
    outer loop
      vertex -2.500000e+000 -2.600000e+001  0.000000e+000
      vertex -2.376537e+001 -2.599276e+001  0.000000e+000
      vertex -2.339018e+001 -2.610657e+001  0.000000e+000
    endloop
  endfacet
  facet normal  -0.000000e+000  0.000000e+000  9.999999e-001
    outer loop
      vertex -2.500000e+000 -2.600000e+001  0.000000e+000
      vertex -2.339018e+001 -2.610657e+001  0.000000e+000
      vertex -2.300000e+001 -2.614500e+001  0.000000e+000
    endloop
  endfacet
  facet normal  0.000000e+000  0.000000e+000  1.000000e+000
    outer loop
      vertex -2.500000e+000 -2.600000e+001  0.000000e+000
      vertex -2.300000e+001 -2.614500e+001  0.000000e+000
      vertex -6.500000e+000 -2.614500e+001  0.000000e+000
    endloop
  endfacet
  facet normal  -0.000000e+000  0.000000e+000  1.000000e+000
    outer loop
      vertex -2.500000e+000 -2.600000e+001  0.000000e+000
      vertex -6.500000e+000 -2.614500e+001  0.000000e+000
      vertex -6.109819e+000 -2.618343e+001  0.000000e+000
    endloop
  endfacet
  facet normal  -0.000000e+000  0.000000e+000  1.000000e+000
    outer loop
      vertex -2.500000e+000 -2.600000e+001  0.000000e+000
      vertex -6.109819e+000 -2.618343e+001  0.000000e+000
      vertex -5.734633e+000 -2.629724e+001  0.000000e+000
    endloop
  endfacet
  facet normal  -0.000000e+000  0.000000e+000  1.000000e+000
    outer loop
      vertex -2.500000e+000 -2.600000e+001  0.000000e+000
      vertex -5.734633e+000 -2.629724e+001  0.000000e+000
      vertex -5.388860e+000 -2.648206e+001  0.000000e+000
    endloop
  endfacet
  facet normal  -0.000000e+000  0.000000e+000  9.999999e-001
    outer loop
      vertex -2.500000e+000 -2.600000e+001  0.000000e+000
      vertex -5.388860e+000 -2.648206e+001  0.000000e+000
      vertex -5.085786e+000 -2.673079e+001  0.000000e+000
    endloop
  endfacet
  facet normal  -0.000000e+000  0.000000e+000  1.000000e+000
    outer loop
      vertex -2.500000e+000 -2.600000e+001  0.000000e+000
      vertex -5.085786e+000 -2.673079e+001  0.000000e+000
      vertex -4.837061e+000 -2.703386e+001  0.000000e+000
    endloop
  endfacet
  facet normal  -0.000000e+000  0.000000e+000  9.999999e-001
    outer loop
      vertex -2.500000e+000 -2.600000e+001  0.000000e+000
      vertex -4.837061e+000 -2.703386e+001  0.000000e+000
      vertex -4.652241e+000 -2.737963e+001  0.000000e+000
    endloop
  endfacet
  facet normal  -0.000000e+000  0.000000e+000  1.000000e+000
    outer loop
      vertex -2.500000e+000 -2.600000e+001  0.000000e+000
      vertex -4.652241e+000 -2.737963e+001  0.000000e+000
      vertex -4.538429e+000 -2.775482e+001  0.000000e+000
    endloop
  endfacet
  facet normal  -0.000000e+000  0.000000e+000  1.000000e+000
    outer loop
      vertex -2.500000e+000 -2.600000e+001  0.000000e+000
      vertex -4.538429e+000 -2.775482e+001  0.000000e+000
      vertex -4.500000e+000 -2.814500e+001  0.000000e+000
    endloop
  endfacet
  facet normal  -0.000000e+000  0.000000e+000  1.000000e+000
    outer loop
      vertex -2.500000e+000 -2.600000e+001  0.000000e+000
      vertex -4.500000e+000 -2.814500e+001  0.000000e+000
      vertex -4.500000e+000 -2.850000e+001  0.000000e+000
    endloop
  endfacet
  facet normal  -0.000000e+000  0.000000e+000  1.000000e+000
    outer loop
      vertex -2.500000e+000 -2.600000e+001  0.000000e+000
      vertex -4.500000e+000 -2.850000e+001  0.000000e+000
      vertex -4.461571e+000 -2.889018e+001  0.000000e+000
    endloop
  endfacet
  facet normal  -0.000000e+000  0.000000e+000  1.000000e+000
    outer loop
      vertex -2.500000e+000 -2.600000e+001  0.000000e+000
      vertex -4.461571e+000 -2.889018e+001  0.000000e+000
      vertex -4.347759e+000 -2.926537e+001  0.000000e+000
    endloop
  endfacet
  facet normal  -0.000000e+000  0.000000e+000  1.000000e+000
    outer loop
      vertex -2.500000e+000 -2.600000e+001  0.000000e+000
      vertex -4.347759e+000 -2.926537e+001  0.000000e+000
      vertex -4.162939e+000 -2.961114e+001  0.000000e+000
    endloop
  endfacet
  facet normal  -0.000000e+000  0.000000e+000  1.000000e+000
    outer loop
      vertex -2.500000e+000 -2.600000e+001  0.000000e+000
      vertex -4.162939e+000 -2.961114e+001  0.000000e+000
      vertex -3.914214e+000 -2.991421e+001  0.000000e+000
    endloop
  endfacet
  facet normal  -0.000000e+000  0.000000e+000  1.000000e+000
    outer loop
      vertex -2.500000e+000 -2.600000e+001  0.000000e+000
      vertex -3.914214e+000 -2.991421e+001  0.000000e+000
      vertex -3.611140e+000 -3.016294e+001  0.000000e+000
    endloop
  endfacet
  facet normal  -0.000000e+000  0.000000e+000  9.999999e-001
    outer loop
      vertex -2.500000e+000 -2.600000e+001  0.000000e+000
      vertex -3.611140e+000 -3.016294e+001  0.000000e+000
      vertex -3.265367e+000 -3.034776e+001  0.000000e+000
    endloop
  endfacet
  facet normal  -0.000000e+000  0.000000e+000  9.999999e-001
    outer loop
      vertex -2.500000e+000 -2.600000e+001  0.000000e+000
      vertex -3.265367e+000 -3.034776e+001  0.000000e+000
      vertex -2.890181e+000 -3.046157e+001  0.000000e+000
    endloop
  endfacet
  facet normal  -0.000000e+000  0.000000e+000  1.000000e+000
    outer loop
      vertex -2.500000e+000 -2.600000e+001  0.000000e+000
      vertex -2.890181e+000 -3.046157e+001  0.000000e+000
      vertex -2.500000e+000 -3.050000e+001  0.000000e+000
    endloop
  endfacet
  facet normal  0.000000e+000  0.000000e+000  1.000000e+000
    outer loop
      vertex -2.500000e+001 -2.414500e+001  0.000000e+000
      vertex -2.096930e+001 -2.410806e+001  0.000000e+000
      vertex -2.142705e+001 -2.399817e+001  0.000000e+000
    endloop
  endfacet
  facet normal  0.000000e+000  0.000000e+000  1.000000e+000
    outer loop
      vertex -2.500000e+001 -2.414500e+001  0.000000e+000
      vertex -2.142705e+001 -2.399817e+001  0.000000e+000
      vertex -2.186197e+001 -2.381802e+001  0.000000e+000
    endloop
  endfacet
  facet normal  0.000000e+000  0.000000e+000  1.000000e+000
    outer loop
      vertex -2.500000e+001 -2.414500e+001  0.000000e+000
      vertex -2.186197e+001 -2.381802e+001  0.000000e+000
      vertex -2.226336e+001 -2.357205e+001  0.000000e+000
    endloop
  endfacet
  facet normal  0.000000e+000  0.000000e+000  1.000000e+000
    outer loop
      vertex -2.500000e+001 -2.414500e+001  0.000000e+000
      vertex -2.226336e+001 -2.357205e+001  0.000000e+000
      vertex -2.262132e+001 -2.326632e+001  0.000000e+000
    endloop
  endfacet
  facet normal  0.000000e+000  0.000000e+000  1.000000e+000
    outer loop
      vertex -2.500000e+001 -2.414500e+001  0.000000e+000
      vertex -2.262132e+001 -2.326632e+001  0.000000e+000
      vertex -2.292705e+001 -2.290836e+001  0.000000e+000
    endloop
  endfacet
  facet normal  0.000000e+000  0.000000e+000  1.000000e+000
    outer loop
      vertex -2.500000e+001 -2.414500e+001  0.000000e+000
      vertex -2.292705e+001 -2.290836e+001  0.000000e+000
      vertex -2.317302e+001 -2.250697e+001  0.000000e+000
    endloop
  endfacet
  facet normal  0.000000e+000  0.000000e+000  1.000000e+000
    outer loop
      vertex -2.500000e+001 -2.414500e+001  0.000000e+000
      vertex -2.317302e+001 -2.250697e+001  0.000000e+000
      vertex -2.335317e+001 -2.207205e+001  0.000000e+000
    endloop
  endfacet
  facet normal  0.000000e+000  0.000000e+000  1.000000e+000
    outer loop
      vertex -2.500000e+001 -2.414500e+001  0.000000e+000
      vertex -2.335317e+001 -2.207205e+001  0.000000e+000
      vertex -2.346306e+001 -2.161430e+001  0.000000e+000
    endloop
  endfacet
  facet normal  0.000000e+000  0.000000e+000  1.000000e+000
    outer loop
      vertex -2.500000e+001 -2.414500e+001  0.000000e+000
      vertex -2.346306e+001 -2.161430e+001  0.000000e+000
      vertex -2.350000e+001 -2.114500e+001  0.000000e+000
    endloop
  endfacet
  facet normal  0.000000e+000  -0.000000e+000  1.000000e+000
    outer loop
      vertex -2.500000e+001 -2.414500e+001  0.000000e+000
      vertex -2.350000e+001 -2.114500e+001  0.000000e+000
      vertex -2.350000e+001  2.114500e+001  0.000000e+000
    endloop
  endfacet
  facet normal  0.000000e+000  0.000000e+000  1.000000e+000
    outer loop
      vertex -2.500000e+001 -2.414500e+001  0.000000e+000
      vertex -2.350000e+001  2.114500e+001  0.000000e+000
      vertex -2.500000e+001  2.414500e+001  0.000000e+000
    endloop
  endfacet
  facet normal  0.000000e+000  0.000000e+000  1.000000e+000
    outer loop
      vertex  2.376537e+001  2.599276e+001  0.000000e+000
      vertex  9.500000e+000  2.414500e+001  0.000000e+000
      vertex  2.050000e+001  2.414500e+001  0.000000e+000
    endloop
  endfacet
  facet normal  -0.000000e+000  0.000000e+000  1.000000e+000
    outer loop
      vertex  2.376537e+001  2.599276e+001  0.000000e+000
      vertex  2.050000e+001  2.414500e+001  0.000000e+000
      vertex  2.096930e+001  2.410806e+001  0.000000e+000
    endloop
  endfacet
  facet normal  -0.000000e+000  0.000000e+000  1.000000e+000
    outer loop
      vertex  2.376537e+001  2.599276e+001  0.000000e+000
      vertex  2.096930e+001  2.410806e+001  0.000000e+000
      vertex  2.142705e+001  2.399817e+001  0.000000e+000
    endloop
  endfacet
  facet normal  -0.000000e+000  0.000000e+000  9.999999e-001
    outer loop
      vertex  2.376537e+001  2.599276e+001  0.000000e+000
      vertex  2.142705e+001  2.399817e+001  0.000000e+000
      vertex  2.186197e+001  2.381802e+001  0.000000e+000
    endloop
  endfacet
  facet normal  -0.000000e+000  0.000000e+000  1.000000e+000
    outer loop
      vertex  2.376537e+001  2.599276e+001  0.000000e+000
      vertex  2.186197e+001  2.381802e+001  0.000000e+000
      vertex  2.226336e+001  2.357205e+001  0.000000e+000
    endloop
  endfacet
  facet normal  -0.000000e+000  0.000000e+000  9.999999e-001
    outer loop
      vertex  2.376537e+001  2.599276e+001  0.000000e+000
      vertex  2.226336e+001  2.357205e+001  0.000000e+000
      vertex  2.262132e+001  2.326632e+001  0.000000e+000
    endloop
  endfacet
  facet normal  -0.000000e+000  0.000000e+000  1.000000e+000
    outer loop
      vertex  2.376537e+001  2.599276e+001  0.000000e+000
      vertex  2.262132e+001  2.326632e+001  0.000000e+000
      vertex  2.292705e+001  2.290836e+001  0.000000e+000
    endloop
  endfacet
  facet normal  -0.000000e+000  0.000000e+000  1.000000e+000
    outer loop
      vertex  2.376537e+001  2.599276e+001  0.000000e+000
      vertex  2.292705e+001  2.290836e+001  0.000000e+000
      vertex  2.317302e+001  2.250697e+001  0.000000e+000
    endloop
  endfacet
  facet normal  -0.000000e+000  0.000000e+000  1.000000e+000
    outer loop
      vertex  2.376537e+001  2.599276e+001  0.000000e+000
      vertex  2.317302e+001  2.250697e+001  0.000000e+000
      vertex  2.335317e+001  2.207205e+001  0.000000e+000
    endloop
  endfacet
  facet normal  -0.000000e+000  0.000000e+000  1.000000e+000
    outer loop
      vertex  2.376537e+001  2.599276e+001  0.000000e+000
      vertex  2.335317e+001  2.207205e+001  0.000000e+000
      vertex  2.346306e+001  2.161430e+001  0.000000e+000
    endloop
  endfacet
  facet normal  -0.000000e+000  0.000000e+000  9.999999e-001
    outer loop
      vertex  2.376537e+001  2.599276e+001  0.000000e+000
      vertex  2.346306e+001  2.161430e+001  0.000000e+000
      vertex  2.350000e+001  2.114500e+001  0.000000e+000
    endloop
  endfacet
  facet normal  0.000000e+000  -0.000000e+000  9.999999e-001
    outer loop
      vertex -2.376537e+001  2.599276e+001  0.000000e+000
      vertex -2.350000e+001  2.114500e+001  0.000000e+000
      vertex -2.346306e+001  2.161430e+001  0.000000e+000
    endloop
  endfacet
  facet normal  0.000000e+000  -0.000000e+000  1.000000e+000
    outer loop
      vertex -2.376537e+001  2.599276e+001  0.000000e+000
      vertex -2.346306e+001  2.161430e+001  0.000000e+000
      vertex -2.335317e+001  2.207205e+001  0.000000e+000
    endloop
  endfacet
  facet normal  0.000000e+000  -0.000000e+000  1.000000e+000
    outer loop
      vertex -2.376537e+001  2.599276e+001  0.000000e+000
      vertex -2.335317e+001  2.207205e+001  0.000000e+000
      vertex -2.317302e+001  2.250697e+001  0.000000e+000
    endloop
  endfacet
  facet normal  0.000000e+000  -0.000000e+000  1.000000e+000
    outer loop
      vertex -2.376537e+001  2.599276e+001  0.000000e+000
      vertex -2.317302e+001  2.250697e+001  0.000000e+000
      vertex -2.292705e+001  2.290836e+001  0.000000e+000
    endloop
  endfacet
  facet normal  0.000000e+000  -0.000000e+000  1.000000e+000
    outer loop
      vertex -2.376537e+001  2.599276e+001  0.000000e+000
      vertex -2.292705e+001  2.290836e+001  0.000000e+000
      vertex -2.262132e+001  2.326632e+001  0.000000e+000
    endloop
  endfacet
  facet normal  0.000000e+000  -0.000000e+000  9.999999e-001
    outer loop
      vertex -2.376537e+001  2.599276e+001  0.000000e+000
      vertex -2.262132e+001  2.326632e+001  0.000000e+000
      vertex -2.226336e+001  2.357205e+001  0.000000e+000
    endloop
  endfacet
  facet normal  0.000000e+000  -0.000000e+000  1.000000e+000
    outer loop
      vertex -2.376537e+001  2.599276e+001  0.000000e+000
      vertex -2.226336e+001  2.357205e+001  0.000000e+000
      vertex -2.186197e+001  2.381802e+001  0.000000e+000
    endloop
  endfacet
  facet normal  0.000000e+000  -0.000000e+000  9.999999e-001
    outer loop
      vertex -2.376537e+001  2.599276e+001  0.000000e+000
      vertex -2.186197e+001  2.381802e+001  0.000000e+000
      vertex -2.142705e+001  2.399817e+001  0.000000e+000
    endloop
  endfacet
  facet normal  0.000000e+000  -0.000000e+000  1.000000e+000
    outer loop
      vertex -2.376537e+001  2.599276e+001  0.000000e+000
      vertex -2.142705e+001  2.399817e+001  0.000000e+000
      vertex -2.096930e+001  2.410806e+001  0.000000e+000
    endloop
  endfacet
  facet normal  0.000000e+000  -0.000000e+000  1.000000e+000
    outer loop
      vertex -2.376537e+001  2.599276e+001  0.000000e+000
      vertex -2.096930e+001  2.410806e+001  0.000000e+000
      vertex -2.500000e+000  2.600000e+001  0.000000e+000
    endloop
  endfacet
  facet normal  0.000000e+000  0.000000e+000  1.000000e+000
    outer loop
      vertex -2.376537e+001  2.599276e+001  0.000000e+000
      vertex -2.500000e+000  2.600000e+001  0.000000e+000
      vertex -2.339018e+001  2.610657e+001  0.000000e+000
    endloop
  endfacet
  facet normal  0.000000e+000  -0.000000e+000  1.000000e+000
    outer loop
      vertex  2.376537e+001 -2.599276e+001  0.000000e+000
      vertex  2.411114e+001 -2.580794e+001  0.000000e+000
      vertex  2.441421e+001 -2.555921e+001  0.000000e+000
    endloop
  endfacet
  facet normal  0.000000e+000  -0.000000e+000  1.000000e+000
    outer loop
      vertex  2.376537e+001 -2.599276e+001  0.000000e+000
      vertex  2.441421e+001 -2.555921e+001  0.000000e+000
      vertex  2.466294e+001 -2.525614e+001  0.000000e+000
    endloop
  endfacet
  facet normal  0.000000e+000  -0.000000e+000  9.999999e-001
    outer loop
      vertex  2.376537e+001 -2.599276e+001  0.000000e+000
      vertex  2.466294e+001 -2.525614e+001  0.000000e+000
      vertex  2.484776e+001 -2.491037e+001  0.000000e+000
    endloop
  endfacet
  facet normal  0.000000e+000  0.000000e+000  1.000000e+000
    outer loop
      vertex  2.350000e+001  2.114500e+001  0.000000e+000
      vertex  2.500000e+001  2.414500e+001  0.000000e+000
      vertex  2.496157e+001  2.453518e+001  0.000000e+000
    endloop
  endfacet
  facet normal  0.000000e+000  0.000000e+000  1.000000e+000
    outer loop
      vertex  2.350000e+001  2.114500e+001  0.000000e+000
      vertex  2.496157e+001  2.453518e+001  0.000000e+000
      vertex  2.484776e+001  2.491037e+001  0.000000e+000
    endloop
  endfacet
  facet normal  0.000000e+000  0.000000e+000  1.000000e+000
    outer loop
      vertex  2.350000e+001  2.114500e+001  0.000000e+000
      vertex  2.484776e+001  2.491037e+001  0.000000e+000
      vertex  2.466294e+001  2.525614e+001  0.000000e+000
    endloop
  endfacet
  facet normal  0.000000e+000  0.000000e+000  1.000000e+000
    outer loop
      vertex  2.350000e+001  2.114500e+001  0.000000e+000
      vertex  2.466294e+001  2.525614e+001  0.000000e+000
      vertex  2.441421e+001  2.555921e+001  0.000000e+000
    endloop
  endfacet
  facet normal  0.000000e+000  0.000000e+000  1.000000e+000
    outer loop
      vertex  2.350000e+001  2.114500e+001  0.000000e+000
      vertex  2.441421e+001  2.555921e+001  0.000000e+000
      vertex  2.411114e+001  2.580794e+001  0.000000e+000
    endloop
  endfacet
  facet normal  0.000000e+000  0.000000e+000  1.000000e+000
    outer loop
      vertex  2.350000e+001  2.114500e+001  0.000000e+000
      vertex  2.411114e+001  2.580794e+001  0.000000e+000
      vertex  2.376537e+001  2.599276e+001  0.000000e+000
    endloop
  endfacet
  facet normal  0.000000e+000  -0.000000e+000  1.000000e+000
    outer loop
      vertex  1.686197e+001 -1.881802e+001  0.000000e+000
      vertex  1.726336e+001 -1.857205e+001  0.000000e+000
      vertex  1.762132e+001 -1.826632e+001  0.000000e+000
    endloop
  endfacet
  facet normal  0.000000e+000  -0.000000e+000  1.000000e+000
    outer loop
      vertex  1.686197e+001 -1.881802e+001  0.000000e+000
      vertex  1.762132e+001 -1.826632e+001  0.000000e+000
      vertex  1.792705e+001 -1.790836e+001  0.000000e+000
    endloop
  endfacet
  facet normal  0.000000e+000  -0.000000e+000  1.000000e+000
    outer loop
      vertex  1.686197e+001 -1.881802e+001  0.000000e+000
      vertex  1.792705e+001 -1.790836e+001  0.000000e+000
      vertex  1.817302e+001 -1.750697e+001  0.000000e+000
    endloop
  endfacet
  facet normal  0.000000e+000  -0.000000e+000  1.000000e+000
    outer loop
      vertex  1.686197e+001 -1.881802e+001  0.000000e+000
      vertex  1.817302e+001 -1.750697e+001  0.000000e+000
      vertex  1.835317e+001 -1.707205e+001  0.000000e+000
    endloop
  endfacet
  facet normal  0.000000e+000  -0.000000e+000  1.000000e+000
    outer loop
      vertex  1.686197e+001 -1.881802e+001  0.000000e+000
      vertex  1.835317e+001 -1.707205e+001  0.000000e+000
      vertex  1.846306e+001 -1.661430e+001  0.000000e+000
    endloop
  endfacet
  facet normal  0.000000e+000  -0.000000e+000  1.000000e+000
    outer loop
      vertex  1.686197e+001 -1.881802e+001  0.000000e+000
      vertex  1.846306e+001 -1.661430e+001  0.000000e+000
      vertex  1.850000e+001 -1.614500e+001  0.000000e+000
    endloop
  endfacet
  facet normal  0.000000e+000  0.000000e+000  1.000000e+000
    outer loop
      vertex  1.686197e+001 -1.881802e+001  0.000000e+000
      vertex  1.850000e+001 -1.614500e+001  0.000000e+000
      vertex  1.650000e+001 -1.414500e+001  0.000000e+000
    endloop
  endfacet
  facet normal  0.000000e+000  0.000000e+000  1.000000e+000
    outer loop
      vertex  1.686197e+001 -1.881802e+001  0.000000e+000
      vertex  1.650000e+001 -1.414500e+001  0.000000e+000
      vertex  1.646306e+001 -1.461430e+001  0.000000e+000
    endloop
  endfacet
  facet normal  0.000000e+000  0.000000e+000  1.000000e+000
    outer loop
      vertex  1.686197e+001 -1.881802e+001  0.000000e+000
      vertex  1.646306e+001 -1.461430e+001  0.000000e+000
      vertex  1.642705e+001 -1.899817e+001  0.000000e+000
    endloop
  endfacet
  facet normal  -0.000000e+000  0.000000e+000  9.999999e-001
    outer loop
      vertex  1.650000e+001  1.414500e+001  0.000000e+000
      vertex  1.650000e+001 -1.414500e+001  0.000000e+000
      vertex  1.850000e+001 -1.614500e+001  0.000000e+000
    endloop
  endfacet
  facet normal  0.000000e+000  -0.000000e+000  1.000000e+000
    outer loop
      vertex  1.650000e+001  1.414500e+001  0.000000e+000
      vertex  1.850000e+001 -1.614500e+001  0.000000e+000
      vertex  1.850000e+001  1.614500e+001  0.000000e+000
    endloop
  endfacet
  facet normal  0.000000e+000  0.000000e+000  1.000000e+000
    outer loop
      vertex  1.650000e+001  1.414500e+001  0.000000e+000
      vertex  1.850000e+001  1.614500e+001  0.000000e+000
      vertex  1.846306e+001  1.661430e+001  0.000000e+000
    endloop
  endfacet
  facet normal  0.000000e+000  0.000000e+000  1.000000e+000
    outer loop
      vertex  1.650000e+001  1.414500e+001  0.000000e+000
      vertex  1.846306e+001  1.661430e+001  0.000000e+000
      vertex  1.835317e+001  1.707205e+001  0.000000e+000
    endloop
  endfacet
  facet normal  0.000000e+000  0.000000e+000  1.000000e+000
    outer loop
      vertex  1.650000e+001  1.414500e+001  0.000000e+000
      vertex  1.835317e+001  1.707205e+001  0.000000e+000
      vertex  1.817302e+001  1.750697e+001  0.000000e+000
    endloop
  endfacet
  facet normal  0.000000e+000  0.000000e+000  1.000000e+000
    outer loop
      vertex  1.650000e+001  1.414500e+001  0.000000e+000
      vertex  1.817302e+001  1.750697e+001  0.000000e+000
      vertex  1.792705e+001  1.790836e+001  0.000000e+000
    endloop
  endfacet
  facet normal  0.000000e+000  0.000000e+000  1.000000e+000
    outer loop
      vertex  1.650000e+001  1.414500e+001  0.000000e+000
      vertex  1.792705e+001  1.790836e+001  0.000000e+000
      vertex  1.762132e+001  1.826632e+001  0.000000e+000
    endloop
  endfacet
  facet normal  0.000000e+000  0.000000e+000  1.000000e+000
    outer loop
      vertex  1.650000e+001  1.414500e+001  0.000000e+000
      vertex  1.762132e+001  1.826632e+001  0.000000e+000
      vertex  1.726336e+001  1.857205e+001  0.000000e+000
    endloop
  endfacet
  facet normal  0.000000e+000  0.000000e+000  1.000000e+000
    outer loop
      vertex  1.650000e+001  1.414500e+001  0.000000e+000
      vertex  1.726336e+001  1.857205e+001  0.000000e+000
      vertex  1.686197e+001  1.881802e+001  0.000000e+000
    endloop
  endfacet
  facet normal  0.000000e+000  0.000000e+000  1.000000e+000
    outer loop
      vertex  1.650000e+001  1.414500e+001  0.000000e+000
      vertex  1.686197e+001  1.881802e+001  0.000000e+000
      vertex  1.642705e+001  1.899817e+001  0.000000e+000
    endloop
  endfacet
  facet normal  0.000000e+000  0.000000e+000  1.000000e+000
    outer loop
      vertex  1.650000e+001  1.414500e+001  0.000000e+000
      vertex  1.642705e+001  1.899817e+001  0.000000e+000
      vertex  1.646306e+001  1.461430e+001  0.000000e+000
    endloop
  endfacet
  facet normal  0.000000e+000  0.000000e+000  1.000000e+000
    outer loop
      vertex -1.686197e+001 -1.881802e+001  0.000000e+000
      vertex -1.642705e+001 -1.899817e+001  0.000000e+000
      vertex -1.646306e+001 -1.461430e+001  0.000000e+000
    endloop
  endfacet
  facet normal  0.000000e+000  0.000000e+000  1.000000e+000
    outer loop
      vertex -1.686197e+001 -1.881802e+001  0.000000e+000
      vertex -1.646306e+001 -1.461430e+001  0.000000e+000
      vertex -1.650000e+001 -1.414500e+001  0.000000e+000
    endloop
  endfacet
  facet normal  0.000000e+000  0.000000e+000  1.000000e+000
    outer loop
      vertex -1.686197e+001 -1.881802e+001  0.000000e+000
      vertex -1.650000e+001 -1.414500e+001  0.000000e+000
      vertex -1.850000e+001 -1.614500e+001  0.000000e+000
    endloop
  endfacet
  facet normal  0.000000e+000  0.000000e+000  1.000000e+000
    outer loop
      vertex -1.686197e+001 -1.881802e+001  0.000000e+000
      vertex -1.850000e+001 -1.614500e+001  0.000000e+000
      vertex -1.846306e+001 -1.661430e+001  0.000000e+000
    endloop
  endfacet
  facet normal  0.000000e+000  0.000000e+000  1.000000e+000
    outer loop
      vertex -1.686197e+001 -1.881802e+001  0.000000e+000
      vertex -1.846306e+001 -1.661430e+001  0.000000e+000
      vertex -1.835317e+001 -1.707205e+001  0.000000e+000
    endloop
  endfacet
  facet normal  0.000000e+000  0.000000e+000  1.000000e+000
    outer loop
      vertex -1.686197e+001 -1.881802e+001  0.000000e+000
      vertex -1.835317e+001 -1.707205e+001  0.000000e+000
      vertex -1.817302e+001 -1.750697e+001  0.000000e+000
    endloop
  endfacet
  facet normal  0.000000e+000  0.000000e+000  1.000000e+000
    outer loop
      vertex -1.686197e+001 -1.881802e+001  0.000000e+000
      vertex -1.817302e+001 -1.750697e+001  0.000000e+000
      vertex -1.792705e+001 -1.790836e+001  0.000000e+000
    endloop
  endfacet
  facet normal  0.000000e+000  0.000000e+000  1.000000e+000
    outer loop
      vertex -1.686197e+001 -1.881802e+001  0.000000e+000
      vertex -1.792705e+001 -1.790836e+001  0.000000e+000
      vertex -1.762132e+001 -1.826632e+001  0.000000e+000
    endloop
  endfacet
  facet normal  0.000000e+000  0.000000e+000  1.000000e+000
    outer loop
      vertex -1.686197e+001 -1.881802e+001  0.000000e+000
      vertex -1.762132e+001 -1.826632e+001  0.000000e+000
      vertex -1.726336e+001 -1.857205e+001  0.000000e+000
    endloop
  endfacet
  facet normal  0.000000e+000  -0.000000e+000  1.000000e+000
    outer loop
      vertex -1.650000e+001  1.414500e+001  0.000000e+000
      vertex -1.646306e+001  1.461430e+001  0.000000e+000
      vertex -1.642705e+001  1.899817e+001  0.000000e+000
    endloop
  endfacet
  facet normal  0.000000e+000  0.000000e+000  1.000000e+000
    outer loop
      vertex -1.650000e+001  1.414500e+001  0.000000e+000
      vertex -1.642705e+001  1.899817e+001  0.000000e+000
      vertex -1.686197e+001  1.881802e+001  0.000000e+000
    endloop
  endfacet
  facet normal  0.000000e+000  0.000000e+000  1.000000e+000
    outer loop
      vertex -1.650000e+001  1.414500e+001  0.000000e+000
      vertex -1.686197e+001  1.881802e+001  0.000000e+000
      vertex -1.726336e+001  1.857205e+001  0.000000e+000
    endloop
  endfacet
  facet normal  0.000000e+000  0.000000e+000  9.999999e-001
    outer loop
      vertex -1.650000e+001  1.414500e+001  0.000000e+000
      vertex -1.726336e+001  1.857205e+001  0.000000e+000
      vertex -1.762132e+001  1.826632e+001  0.000000e+000
    endloop
  endfacet
  facet normal  0.000000e+000  0.000000e+000  1.000000e+000
    outer loop
      vertex -1.650000e+001  1.414500e+001  0.000000e+000
      vertex -1.762132e+001  1.826632e+001  0.000000e+000
      vertex -1.792705e+001  1.790836e+001  0.000000e+000
    endloop
  endfacet
  facet normal  0.000000e+000  0.000000e+000  1.000000e+000
    outer loop
      vertex -1.650000e+001  1.414500e+001  0.000000e+000
      vertex -1.792705e+001  1.790836e+001  0.000000e+000
      vertex -1.817302e+001  1.750697e+001  0.000000e+000
    endloop
  endfacet
  facet normal  0.000000e+000  0.000000e+000  1.000000e+000
    outer loop
      vertex -1.650000e+001  1.414500e+001  0.000000e+000
      vertex -1.817302e+001  1.750697e+001  0.000000e+000
      vertex -1.835317e+001  1.707205e+001  0.000000e+000
    endloop
  endfacet
  facet normal  0.000000e+000  0.000000e+000  1.000000e+000
    outer loop
      vertex -1.650000e+001  1.414500e+001  0.000000e+000
      vertex -1.835317e+001  1.707205e+001  0.000000e+000
      vertex -1.846306e+001  1.661430e+001  0.000000e+000
    endloop
  endfacet
  facet normal  0.000000e+000  0.000000e+000  1.000000e+000
    outer loop
      vertex -1.650000e+001  1.414500e+001  0.000000e+000
      vertex -1.846306e+001  1.661430e+001  0.000000e+000
      vertex -1.850000e+001  1.614500e+001  0.000000e+000
    endloop
  endfacet
  facet normal  0.000000e+000  0.000000e+000  1.000000e+000
    outer loop
      vertex -1.650000e+001  1.414500e+001  0.000000e+000
      vertex -1.850000e+001  1.614500e+001  0.000000e+000
      vertex -1.850000e+001 -1.614500e+001  0.000000e+000
    endloop
  endfacet
  facet normal  0.000000e+000  0.000000e+000  9.999999e-001
    outer loop
      vertex -1.650000e+001  1.414500e+001  0.000000e+000
      vertex -1.850000e+001 -1.614500e+001  0.000000e+000
      vertex -1.650000e+001 -1.414500e+001  0.000000e+000
    endloop
  endfacet
  facet normal  0.000000e+000  0.000000e+000  9.999999e-001
    outer loop
      vertex -2.376537e+001 -2.599276e+001  0.000000e+000
      vertex -2.484776e+001 -2.491037e+001  0.000000e+000
      vertex -2.466294e+001 -2.525614e+001  0.000000e+000
    endloop
  endfacet
  facet normal  0.000000e+000  0.000000e+000  1.000000e+000
    outer loop
      vertex -2.376537e+001 -2.599276e+001  0.000000e+000
      vertex -2.466294e+001 -2.525614e+001  0.000000e+000
      vertex -2.441421e+001 -2.555921e+001  0.000000e+000
    endloop
  endfacet
  facet normal  0.000000e+000  0.000000e+000  1.000000e+000
    outer loop
      vertex -2.376537e+001 -2.599276e+001  0.000000e+000
      vertex -2.441421e+001 -2.555921e+001  0.000000e+000
      vertex -2.411114e+001 -2.580794e+001  0.000000e+000
    endloop
  endfacet
  facet normal  0.000000e+000  0.000000e+000  1.000000e+000
    outer loop
      vertex -2.350000e+001  2.114500e+001  0.000000e+000
      vertex -2.376537e+001  2.599276e+001  0.000000e+000
      vertex -2.411114e+001  2.580794e+001  0.000000e+000
    endloop
  endfacet
  facet normal  0.000000e+000  0.000000e+000  1.000000e+000
    outer loop
      vertex -2.350000e+001  2.114500e+001  0.000000e+000
      vertex -2.411114e+001  2.580794e+001  0.000000e+000
      vertex -2.441421e+001  2.555921e+001  0.000000e+000
    endloop
  endfacet
  facet normal  0.000000e+000  0.000000e+000  1.000000e+000
    outer loop
      vertex -2.350000e+001  2.114500e+001  0.000000e+000
      vertex -2.441421e+001  2.555921e+001  0.000000e+000
      vertex -2.466294e+001  2.525614e+001  0.000000e+000
    endloop
  endfacet
  facet normal  0.000000e+000  0.000000e+000  1.000000e+000
    outer loop
      vertex -2.350000e+001  2.114500e+001  0.000000e+000
      vertex -2.466294e+001  2.525614e+001  0.000000e+000
      vertex -2.484776e+001  2.491037e+001  0.000000e+000
    endloop
  endfacet
  facet normal  0.000000e+000  0.000000e+000  1.000000e+000
    outer loop
      vertex -2.350000e+001  2.114500e+001  0.000000e+000
      vertex -2.484776e+001  2.491037e+001  0.000000e+000
      vertex -2.496157e+001  2.453518e+001  0.000000e+000
    endloop
  endfacet
  facet normal  0.000000e+000  0.000000e+000  1.000000e+000
    outer loop
      vertex -2.350000e+001  2.114500e+001  0.000000e+000
      vertex -2.496157e+001  2.453518e+001  0.000000e+000
      vertex -2.500000e+001  2.414500e+001  0.000000e+000
    endloop
  endfacet
  facet normal  0.000000e+000  0.000000e+000  1.000000e+000
    outer loop
      vertex -2.500000e+000 -3.050000e+001  0.000000e+000
      vertex  2.500000e+000 -3.050000e+001  0.000000e+000
      vertex -1.250000e+000 -2.816506e+001  0.000000e+000
    endloop
  endfacet
  facet normal  0.000000e+000  0.000000e+000  1.000000e+000
    outer loop
      vertex -2.500000e+000 -3.050000e+001  0.000000e+000
      vertex -1.250000e+000 -2.816506e+001  0.000000e+000
      vertex -1.606969e+000 -2.791511e+001  0.000000e+000
    endloop
  endfacet
  facet normal  0.000000e+000  0.000000e+000  1.000000e+000
    outer loop
      vertex -2.500000e+000 -3.050000e+001  0.000000e+000
      vertex -1.606969e+000 -2.791511e+001  0.000000e+000
      vertex -1.915111e+000 -2.760697e+001  0.000000e+000
    endloop
  endfacet
  facet normal  0.000000e+000  0.000000e+000  1.000000e+000
    outer loop
      vertex -2.500000e+000 -3.050000e+001  0.000000e+000
      vertex -1.915111e+000 -2.760697e+001  0.000000e+000
      vertex -2.165064e+000 -2.725000e+001  0.000000e+000
    endloop
  endfacet
  facet normal  0.000000e+000  0.000000e+000  1.000000e+000
    outer loop
      vertex -2.500000e+000 -3.050000e+001  0.000000e+000
      vertex -2.165064e+000 -2.725000e+001  0.000000e+000
      vertex -2.349231e+000 -2.685505e+001  0.000000e+000
    endloop
  endfacet
  facet normal  0.000000e+000  0.000000e+000  1.000000e+000
    outer loop
      vertex -2.500000e+000 -3.050000e+001  0.000000e+000
      vertex -2.349231e+000 -2.685505e+001  0.000000e+000
      vertex -2.462019e+000 -2.643412e+001  0.000000e+000
    endloop
  endfacet
  facet normal  0.000000e+000  0.000000e+000  1.000000e+000
    outer loop
      vertex -2.500000e+000 -3.050000e+001  0.000000e+000
      vertex -2.462019e+000 -2.643412e+001  0.000000e+000
      vertex -2.500000e+000 -2.600000e+001  0.000000e+000
    endloop
  endfacet
  facet normal  0.000000e+000  0.000000e+000  1.000000e+000
    outer loop
      vertex  4.538429e+000 -2.775482e+001  0.000000e+000
      vertex  3.611140e+000 -3.016294e+001  0.000000e+000
      vertex  3.914214e+000 -2.991421e+001  0.000000e+000
    endloop
  endfacet
  facet normal  0.000000e+000  0.000000e+000  1.000000e+000
    outer loop
      vertex  4.538429e+000 -2.775482e+001  0.000000e+000
      vertex  3.914214e+000 -2.991421e+001  0.000000e+000
      vertex  4.162939e+000 -2.961114e+001  0.000000e+000
    endloop
  endfacet
  facet normal  0.000000e+000  0.000000e+000  1.000000e+000
    outer loop
      vertex  4.538429e+000 -2.775482e+001  0.000000e+000
      vertex  4.162939e+000 -2.961114e+001  0.000000e+000
      vertex  4.347759e+000 -2.926537e+001  0.000000e+000
    endloop
  endfacet
  facet normal  0.000000e+000  0.000000e+000  1.000000e+000
    outer loop
      vertex  4.538429e+000 -2.775482e+001  0.000000e+000
      vertex  4.347759e+000 -2.926537e+001  0.000000e+000
      vertex  4.500000e+000 -2.814500e+001  0.000000e+000
    endloop
  endfacet
  facet normal  0.000000e+000  0.000000e+000  1.000000e+000
    outer loop
      vertex  4.652241e+000 -2.737963e+001  0.000000e+000
      vertex  4.837061e+000 -2.703386e+001  0.000000e+000
      vertex  2.890181e+000 -3.046157e+001  0.000000e+000
    endloop
  endfacet
  facet normal  0.000000e+000  0.000000e+000  1.000000e+000
    outer loop
      vertex  4.652241e+000 -2.737963e+001  0.000000e+000
      vertex  2.890181e+000 -3.046157e+001  0.000000e+000
      vertex  3.265367e+000 -3.034776e+001  0.000000e+000
    endloop
  endfacet
  facet normal  0.000000e+000  0.000000e+000  1.000000e+000
    outer loop
      vertex  4.652241e+000 -2.737963e+001  0.000000e+000
      vertex  3.265367e+000 -3.034776e+001  0.000000e+000
      vertex  3.611140e+000 -3.016294e+001  0.000000e+000
    endloop
  endfacet
  facet normal  0.000000e+000  0.000000e+000  1.000000e+000
    outer loop
      vertex  4.652241e+000 -2.737963e+001  0.000000e+000
      vertex  3.611140e+000 -3.016294e+001  0.000000e+000
      vertex  4.538429e+000 -2.775482e+001  0.000000e+000
    endloop
  endfacet
  facet normal  0.000000e+000  -0.000000e+000  1.000000e+000
    outer loop
      vertex  2.500000e+000 -2.600000e+001  0.000000e+000
      vertex  2.890181e+000 -3.046157e+001  0.000000e+000
      vertex  4.837061e+000 -2.703386e+001  0.000000e+000
    endloop
  endfacet
  facet normal  0.000000e+000  -0.000000e+000  1.000000e+000
    outer loop
      vertex  2.500000e+000 -2.600000e+001  0.000000e+000
      vertex  4.837061e+000 -2.703386e+001  0.000000e+000
      vertex  5.085786e+000 -2.673079e+001  0.000000e+000
    endloop
  endfacet
  facet normal  0.000000e+000  -0.000000e+000  1.000000e+000
    outer loop
      vertex  2.500000e+000 -2.600000e+001  0.000000e+000
      vertex  5.085786e+000 -2.673079e+001  0.000000e+000
      vertex  5.388860e+000 -2.648206e+001  0.000000e+000
    endloop
  endfacet
  facet normal  0.000000e+000  -0.000000e+000  1.000000e+000
    outer loop
      vertex  2.500000e+000 -2.600000e+001  0.000000e+000
      vertex  5.388860e+000 -2.648206e+001  0.000000e+000
      vertex  5.734633e+000 -2.629724e+001  0.000000e+000
    endloop
  endfacet
  facet normal  0.000000e+000  -0.000000e+000  1.000000e+000
    outer loop
      vertex  2.500000e+000 -2.600000e+001  0.000000e+000
      vertex  5.734633e+000 -2.629724e+001  0.000000e+000
      vertex  6.109819e+000 -2.618343e+001  0.000000e+000
    endloop
  endfacet
  facet normal  0.000000e+000  -0.000000e+000  1.000000e+000
    outer loop
      vertex  2.500000e+000 -2.600000e+001  0.000000e+000
      vertex  6.109819e+000 -2.618343e+001  0.000000e+000
      vertex  6.500000e+000 -2.614500e+001  0.000000e+000
    endloop
  endfacet
  facet normal  0.000000e+000  -0.000000e+000  1.000000e+000
    outer loop
      vertex  2.500000e+000 -2.600000e+001  0.000000e+000
      vertex  6.500000e+000 -2.614500e+001  0.000000e+000
      vertex  2.300000e+001 -2.614500e+001  0.000000e+000
    endloop
  endfacet
  facet normal  0.000000e+000  -0.000000e+000  1.000000e+000
    outer loop
      vertex  2.500000e+000 -2.600000e+001  0.000000e+000
      vertex  2.300000e+001 -2.614500e+001  0.000000e+000
      vertex  2.339018e+001 -2.610657e+001  0.000000e+000
    endloop
  endfacet
  facet normal  0.000000e+000  -0.000000e+000  1.000000e+000
    outer loop
      vertex  2.500000e+000 -2.600000e+001  0.000000e+000
      vertex  2.339018e+001 -2.610657e+001  0.000000e+000
      vertex  2.376537e+001 -2.599276e+001  0.000000e+000
    endloop
  endfacet
  facet normal  0.000000e+000  0.000000e+000  9.999999e-001
    outer loop
      vertex  2.500000e+000 -2.600000e+001  0.000000e+000
      vertex  9.500000e+000 -2.414500e+001  0.000000e+000
      vertex  9.304910e+000 -2.412579e+001  0.000000e+000
    endloop
  endfacet
  facet normal  0.000000e+000  0.000000e+000  1.000000e+000
    outer loop
      vertex  2.500000e+000 -2.600000e+001  0.000000e+000
      vertex  9.304910e+000 -2.412579e+001  0.000000e+000
      vertex  9.117316e+000 -2.406888e+001  0.000000e+000
    endloop
  endfacet
  facet normal  0.000000e+000  0.000000e+000  1.000000e+000
    outer loop
      vertex  2.500000e+000 -2.600000e+001  0.000000e+000
      vertex  9.117316e+000 -2.406888e+001  0.000000e+000
      vertex  8.944429e+000 -2.397647e+001  0.000000e+000
    endloop
  endfacet
  facet normal  0.000000e+000  0.000000e+000  1.000000e+000
    outer loop
      vertex  2.500000e+000 -2.600000e+001  0.000000e+000
      vertex  8.944429e+000 -2.397647e+001  0.000000e+000
      vertex  8.792893e+000 -2.385211e+001  0.000000e+000
    endloop
  endfacet
  facet normal  0.000000e+000  0.000000e+000  1.000000e+000
    outer loop
      vertex  2.500000e+000 -2.600000e+001  0.000000e+000
      vertex  8.792893e+000 -2.385211e+001  0.000000e+000
      vertex  8.668530e+000 -2.370057e+001  0.000000e+000
    endloop
  endfacet
  facet normal  0.000000e+000  0.000000e+000  1.000000e+000
    outer loop
      vertex  2.500000e+000 -2.600000e+001  0.000000e+000
      vertex  8.668530e+000 -2.370057e+001  0.000000e+000
      vertex  8.576120e+000 -2.352768e+001  0.000000e+000
    endloop
  endfacet
  facet normal  0.000000e+000  0.000000e+000  1.000000e+000
    outer loop
      vertex  2.500000e+000 -2.600000e+001  0.000000e+000
      vertex  8.576120e+000 -2.352768e+001  0.000000e+000
      vertex  8.519215e+000 -2.334009e+001  0.000000e+000
    endloop
  endfacet
  facet normal  0.000000e+000  0.000000e+000  1.000000e+000
    outer loop
      vertex  2.500000e+000 -2.600000e+001  0.000000e+000
      vertex  8.519215e+000 -2.334009e+001  0.000000e+000
      vertex  8.500000e+000 -2.314500e+001  0.000000e+000
    endloop
  endfacet
  facet normal  0.000000e+000  -0.000000e+000  1.000000e+000
    outer loop
      vertex  2.500000e+000 -2.600000e+001  0.000000e+000
      vertex  8.500000e+000 -2.314500e+001  0.000000e+000
      vertex  8.500000e+000 -2.014500e+001  0.000000e+000
    endloop
  endfacet
  facet normal  0.000000e+000  -0.000000e+000  1.000000e+000
    outer loop
      vertex  2.500000e+000 -2.600000e+001  0.000000e+000
      vertex  8.500000e+000 -2.014500e+001  0.000000e+000
      vertex  8.519215e+000 -1.994991e+001  0.000000e+000
    endloop
  endfacet
  facet normal  0.000000e+000  -0.000000e+000  1.000000e+000
    outer loop
      vertex  2.500000e+000 -2.600000e+001  0.000000e+000
      vertex  8.519215e+000 -1.994991e+001  0.000000e+000
      vertex  8.576120e+000 -1.976232e+001  0.000000e+000
    endloop
  endfacet
  facet normal  0.000000e+000  -0.000000e+000  1.000000e+000
    outer loop
      vertex  2.500000e+000 -2.600000e+001  0.000000e+000
      vertex  8.576120e+000 -1.976232e+001  0.000000e+000
      vertex  8.668530e+000 -1.958943e+001  0.000000e+000
    endloop
  endfacet
  facet normal  -0.000000e+000  0.000000e+000  9.999999e-001
    outer loop
      vertex  8.792893e+000 -1.943789e+001  0.000000e+000
      vertex  1.915111e+000 -2.439303e+001  0.000000e+000
      vertex  2.165064e+000 -2.475000e+001  0.000000e+000
    endloop
  endfacet
  facet normal  -0.000000e+000  0.000000e+000  1.000000e+000
    outer loop
      vertex  8.792893e+000 -1.943789e+001  0.000000e+000
      vertex  2.165064e+000 -2.475000e+001  0.000000e+000
      vertex  2.349231e+000 -2.514495e+001  0.000000e+000
    endloop
  endfacet
  facet normal  -0.000000e+000  0.000000e+000  9.999999e-001
    outer loop
      vertex  8.792893e+000 -1.943789e+001  0.000000e+000
      vertex  2.349231e+000 -2.514495e+001  0.000000e+000
      vertex  2.462019e+000 -2.556588e+001  0.000000e+000
    endloop
  endfacet
  facet normal  -0.000000e+000  0.000000e+000  1.000000e+000
    outer loop
      vertex  8.792893e+000 -1.943789e+001  0.000000e+000
      vertex  2.462019e+000 -2.556588e+001  0.000000e+000
      vertex  2.500000e+000 -2.600000e+001  0.000000e+000
    endloop
  endfacet
  facet normal  0.000000e+000  0.000000e+000  1.000000e+000
    outer loop
      vertex  8.792893e+000 -1.943789e+001  0.000000e+000
      vertex  2.500000e+000 -2.600000e+001  0.000000e+000
      vertex  8.668530e+000 -1.958943e+001  0.000000e+000
    endloop
  endfacet
  facet normal  0.000000e+000  0.000000e+000  1.000000e+000
    outer loop
      vertex  8.944429e+000 -1.931353e+001  0.000000e+000
      vertex  9.117316e+000 -1.922112e+001  0.000000e+000
      vertex  0.000000e+000 -2.350000e+001  0.000000e+000
    endloop
  endfacet
  facet normal  -0.000000e+000  0.000000e+000  1.000000e+000
    outer loop
      vertex  8.944429e+000 -1.931353e+001  0.000000e+000
      vertex  0.000000e+000 -2.350000e+001  0.000000e+000
      vertex  4.341204e-001 -2.353798e+001  0.000000e+000
    endloop
  endfacet
  facet normal  -0.000000e+000  0.000000e+000  1.000000e+000
    outer loop
      vertex  8.944429e+000 -1.931353e+001  0.000000e+000
      vertex  4.341204e-001 -2.353798e+001  0.000000e+000
      vertex  8.550504e-001 -2.365077e+001  0.000000e+000
    endloop
  endfacet
  facet normal  -0.000000e+000  0.000000e+000  1.000000e+000
    outer loop
      vertex  8.944429e+000 -1.931353e+001  0.000000e+000
      vertex  8.550504e-001 -2.365077e+001  0.000000e+000
      vertex  1.250000e+000 -2.383494e+001  0.000000e+000
    endloop
  endfacet
  facet normal  -0.000000e+000  0.000000e+000  1.000000e+000
    outer loop
      vertex  8.944429e+000 -1.931353e+001  0.000000e+000
      vertex  1.250000e+000 -2.383494e+001  0.000000e+000
      vertex  1.606969e+000 -2.408489e+001  0.000000e+000
    endloop
  endfacet
  facet normal  -0.000000e+000  0.000000e+000  1.000000e+000
    outer loop
      vertex  8.944429e+000 -1.931353e+001  0.000000e+000
      vertex  1.606969e+000 -2.408489e+001  0.000000e+000
      vertex  1.915111e+000 -2.439303e+001  0.000000e+000
    endloop
  endfacet
  facet normal  0.000000e+000  0.000000e+000  1.000000e+000
    outer loop
      vertex  8.944429e+000 -1.931353e+001  0.000000e+000
      vertex  1.915111e+000 -2.439303e+001  0.000000e+000
      vertex  8.792893e+000 -1.943789e+001  0.000000e+000
    endloop
  endfacet
  facet normal  0.000000e+000  0.000000e+000  1.000000e+000
    outer loop
      vertex -1.550000e+001 -1.914500e+001  0.000000e+000
      vertex -9.500000e+000 -1.914500e+001  0.000000e+000
      vertex -1.442705e+001 -1.699817e+001  0.000000e+000
    endloop
  endfacet
  facet normal  0.000000e+000  0.000000e+000  1.000000e+000
    outer loop
      vertex -1.550000e+001 -1.914500e+001  0.000000e+000
      vertex -1.442705e+001 -1.699817e+001  0.000000e+000
      vertex -1.486197e+001 -1.681802e+001  0.000000e+000
    endloop
  endfacet
  facet normal  0.000000e+000  0.000000e+000  1.000000e+000
    outer loop
      vertex -1.550000e+001 -1.914500e+001  0.000000e+000
      vertex -1.486197e+001 -1.681802e+001  0.000000e+000
      vertex -1.526336e+001 -1.657205e+001  0.000000e+000
    endloop
  endfacet
  facet normal  0.000000e+000  0.000000e+000  1.000000e+000
    outer loop
      vertex -1.550000e+001 -1.914500e+001  0.000000e+000
      vertex -1.526336e+001 -1.657205e+001  0.000000e+000
      vertex -1.562132e+001 -1.626632e+001  0.000000e+000
    endloop
  endfacet
  facet normal  0.000000e+000  0.000000e+000  1.000000e+000
    outer loop
      vertex -1.550000e+001 -1.914500e+001  0.000000e+000
      vertex -1.562132e+001 -1.626632e+001  0.000000e+000
      vertex -1.592705e+001 -1.590836e+001  0.000000e+000
    endloop
  endfacet
  facet normal  0.000000e+000  0.000000e+000  1.000000e+000
    outer loop
      vertex -1.550000e+001 -1.914500e+001  0.000000e+000
      vertex -1.592705e+001 -1.590836e+001  0.000000e+000
      vertex -1.596930e+001 -1.910806e+001  0.000000e+000
    endloop
  endfacet
  facet normal  0.000000e+000  0.000000e+000  9.999999e-001
    outer loop
      vertex  1.550000e+001 -1.914500e+001  0.000000e+000
      vertex  1.596930e+001 -1.910806e+001  0.000000e+000
      vertex  1.592705e+001 -1.590836e+001  0.000000e+000
    endloop
  endfacet
  facet normal  0.000000e+000  0.000000e+000  1.000000e+000
    outer loop
      vertex  1.550000e+001 -1.914500e+001  0.000000e+000
      vertex  1.592705e+001 -1.590836e+001  0.000000e+000
      vertex  1.562132e+001 -1.626632e+001  0.000000e+000
    endloop
  endfacet
  facet normal  0.000000e+000  0.000000e+000  1.000000e+000
    outer loop
      vertex  1.550000e+001 -1.914500e+001  0.000000e+000
      vertex  1.562132e+001 -1.626632e+001  0.000000e+000
      vertex  1.526336e+001 -1.657205e+001  0.000000e+000
    endloop
  endfacet
  facet normal  0.000000e+000  0.000000e+000  1.000000e+000
    outer loop
      vertex  1.550000e+001 -1.914500e+001  0.000000e+000
      vertex  1.526336e+001 -1.657205e+001  0.000000e+000
      vertex  1.486197e+001 -1.681802e+001  0.000000e+000
    endloop
  endfacet
  facet normal  0.000000e+000  0.000000e+000  1.000000e+000
    outer loop
      vertex  1.550000e+001 -1.914500e+001  0.000000e+000
      vertex  1.486197e+001 -1.681802e+001  0.000000e+000
      vertex  1.442705e+001 -1.699817e+001  0.000000e+000
    endloop
  endfacet
  facet normal  0.000000e+000  0.000000e+000  1.000000e+000
    outer loop
      vertex  1.550000e+001 -1.914500e+001  0.000000e+000
      vertex  1.442705e+001 -1.699817e+001  0.000000e+000
      vertex  1.396930e+001 -1.710806e+001  0.000000e+000
    endloop
  endfacet
  facet normal  0.000000e+000  0.000000e+000  1.000000e+000
    outer loop
      vertex  1.550000e+001 -1.914500e+001  0.000000e+000
      vertex  1.396930e+001 -1.710806e+001  0.000000e+000
      vertex  1.350000e+001 -1.714500e+001  0.000000e+000
    endloop
  endfacet
  facet normal  0.000000e+000  0.000000e+000  1.000000e+000
    outer loop
      vertex  1.550000e+001 -1.914500e+001  0.000000e+000
      vertex  1.350000e+001 -1.714500e+001  0.000000e+000
      vertex  9.500000e+000 -1.914500e+001  0.000000e+000
    endloop
  endfacet
  facet normal  0.000000e+000  0.000000e+000  1.000000e+000
    outer loop
      vertex -2.500000e+000  2.600000e+001  0.000000e+000
      vertex -2.096930e+001  2.410806e+001  0.000000e+000
      vertex -2.050000e+001  2.414500e+001  0.000000e+000
    endloop
  endfacet
  facet normal  0.000000e+000  0.000000e+000  1.000000e+000
    outer loop
      vertex -2.500000e+000  2.600000e+001  0.000000e+000
      vertex -2.050000e+001  2.414500e+001  0.000000e+000
      vertex -9.500000e+000  2.414500e+001  0.000000e+000
    endloop
  endfacet
  facet normal  -0.000000e+000  0.000000e+000  9.999999e-001
    outer loop
      vertex -2.500000e+000  2.600000e+001  0.000000e+000
      vertex -9.500000e+000  2.414500e+001  0.000000e+000
      vertex -9.304910e+000  2.412579e+001  0.000000e+000
    endloop
  endfacet
  facet normal  -0.000000e+000  0.000000e+000  1.000000e+000
    outer loop
      vertex -2.500000e+000  2.600000e+001  0.000000e+000
      vertex -9.304910e+000  2.412579e+001  0.000000e+000
      vertex -9.117316e+000  2.406888e+001  0.000000e+000
    endloop
  endfacet
  facet normal  -0.000000e+000  0.000000e+000  1.000000e+000
    outer loop
      vertex -2.500000e+000  2.600000e+001  0.000000e+000
      vertex -9.117316e+000  2.406888e+001  0.000000e+000
      vertex -8.944429e+000  2.397647e+001  0.000000e+000
    endloop
  endfacet
  facet normal  -0.000000e+000  0.000000e+000  1.000000e+000
    outer loop
      vertex -2.500000e+000  2.600000e+001  0.000000e+000
      vertex -8.944429e+000  2.397647e+001  0.000000e+000
      vertex -8.792893e+000  2.385211e+001  0.000000e+000
    endloop
  endfacet
  facet normal  -0.000000e+000  0.000000e+000  1.000000e+000
    outer loop
      vertex -2.500000e+000  2.600000e+001  0.000000e+000
      vertex -8.792893e+000  2.385211e+001  0.000000e+000
      vertex -8.668530e+000  2.370057e+001  0.000000e+000
    endloop
  endfacet
  facet normal  -0.000000e+000  0.000000e+000  1.000000e+000
    outer loop
      vertex -2.500000e+000  2.600000e+001  0.000000e+000
      vertex -8.668530e+000  2.370057e+001  0.000000e+000
      vertex -8.576120e+000  2.352768e+001  0.000000e+000
    endloop
  endfacet
  facet normal  -0.000000e+000  0.000000e+000  1.000000e+000
    outer loop
      vertex -2.500000e+000  2.600000e+001  0.000000e+000
      vertex -8.576120e+000  2.352768e+001  0.000000e+000
      vertex -8.519215e+000  2.334009e+001  0.000000e+000
    endloop
  endfacet
  facet normal  -0.000000e+000  0.000000e+000  1.000000e+000
    outer loop
      vertex -2.500000e+000  2.600000e+001  0.000000e+000
      vertex -8.519215e+000  2.334009e+001  0.000000e+000
      vertex -8.500000e+000  2.314500e+001  0.000000e+000
    endloop
  endfacet
  facet normal  0.000000e+000  0.000000e+000  1.000000e+000
    outer loop
      vertex  8.792893e+000  1.943789e+001  0.000000e+000
      vertex  8.668530e+000  1.958943e+001  0.000000e+000
      vertex  2.500000e+000  2.600000e+001  0.000000e+000
    endloop
  endfacet
  facet normal  0.000000e+000  0.000000e+000  1.000000e+000
    outer loop
      vertex  8.792893e+000  1.943789e+001  0.000000e+000
      vertex  2.500000e+000  2.600000e+001  0.000000e+000
      vertex  2.462019e+000  2.556588e+001  0.000000e+000
    endloop
  endfacet
  facet normal  0.000000e+000  0.000000e+000  9.999999e-001
    outer loop
      vertex  8.792893e+000  1.943789e+001  0.000000e+000
      vertex  2.462019e+000  2.556588e+001  0.000000e+000
      vertex  2.349231e+000  2.514495e+001  0.000000e+000
    endloop
  endfacet
  facet normal  0.000000e+000  0.000000e+000  1.000000e+000
    outer loop
      vertex  8.792893e+000  1.943789e+001  0.000000e+000
      vertex  2.349231e+000  2.514495e+001  0.000000e+000
      vertex  2.165064e+000  2.475000e+001  0.000000e+000
    endloop
  endfacet
  facet normal  0.000000e+000  0.000000e+000  9.999999e-001
    outer loop
      vertex  8.792893e+000  1.943789e+001  0.000000e+000
      vertex  2.165064e+000  2.475000e+001  0.000000e+000
      vertex  1.915111e+000  2.439303e+001  0.000000e+000
    endloop
  endfacet
  facet normal  0.000000e+000  0.000000e+000  1.000000e+000
    outer loop
      vertex  8.944429e+000  1.931353e+001  0.000000e+000
      vertex  8.792893e+000  1.943789e+001  0.000000e+000
      vertex  1.915111e+000  2.439303e+001  0.000000e+000
    endloop
  endfacet
  facet normal  0.000000e+000  0.000000e+000  1.000000e+000
    outer loop
      vertex  8.944429e+000  1.931353e+001  0.000000e+000
      vertex  1.915111e+000  2.439303e+001  0.000000e+000
      vertex  1.606969e+000  2.408489e+001  0.000000e+000
    endloop
  endfacet
  facet normal  0.000000e+000  0.000000e+000  1.000000e+000
    outer loop
      vertex  8.944429e+000  1.931353e+001  0.000000e+000
      vertex  1.606969e+000  2.408489e+001  0.000000e+000
      vertex  1.250000e+000  2.383494e+001  0.000000e+000
    endloop
  endfacet
  facet normal  0.000000e+000  0.000000e+000  9.999999e-001
    outer loop
      vertex  8.944429e+000  1.931353e+001  0.000000e+000
      vertex  1.250000e+000  2.383494e+001  0.000000e+000
      vertex  8.550504e-001  2.365077e+001  0.000000e+000
    endloop
  endfacet
  facet normal  0.000000e+000  0.000000e+000  1.000000e+000
    outer loop
      vertex  8.944429e+000  1.931353e+001  0.000000e+000
      vertex  8.550504e-001  2.365077e+001  0.000000e+000
      vertex  4.341204e-001  2.353798e+001  0.000000e+000
    endloop
  endfacet
  facet normal  0.000000e+000  0.000000e+000  1.000000e+000
    outer loop
      vertex  8.944429e+000  1.931353e+001  0.000000e+000
      vertex  4.341204e-001  2.353798e+001  0.000000e+000
      vertex -3.061617e-016  2.350000e+001  0.000000e+000
    endloop
  endfacet
  facet normal  0.000000e+000  0.000000e+000  1.000000e+000
    outer loop
      vertex  8.944429e+000  1.931353e+001  0.000000e+000
      vertex -3.061617e-016  2.350000e+001  0.000000e+000
      vertex  9.117316e+000  1.922112e+001  0.000000e+000
    endloop
  endfacet
  facet normal  -0.000000e+000  0.000000e+000  9.999999e-001
    outer loop
      vertex -1.550000e+001  1.914500e+001  0.000000e+000
      vertex -1.596930e+001  1.910806e+001  0.000000e+000
      vertex -1.592705e+001  1.590836e+001  0.000000e+000
    endloop
  endfacet
  facet normal  0.000000e+000  0.000000e+000  1.000000e+000
    outer loop
      vertex -1.550000e+001  1.914500e+001  0.000000e+000
      vertex -1.592705e+001  1.590836e+001  0.000000e+000
      vertex -1.562132e+001  1.626632e+001  0.000000e+000
    endloop
  endfacet
  facet normal  0.000000e+000  0.000000e+000  1.000000e+000
    outer loop
      vertex -1.550000e+001  1.914500e+001  0.000000e+000
      vertex -1.562132e+001  1.626632e+001  0.000000e+000
      vertex -1.526336e+001  1.657205e+001  0.000000e+000
    endloop
  endfacet
  facet normal  0.000000e+000  -0.000000e+000  1.000000e+000
    outer loop
      vertex -1.550000e+001  1.914500e+001  0.000000e+000
      vertex -1.526336e+001  1.657205e+001  0.000000e+000
      vertex -1.486197e+001  1.681802e+001  0.000000e+000
    endloop
  endfacet
  facet normal  0.000000e+000  -0.000000e+000  1.000000e+000
    outer loop
      vertex -1.550000e+001  1.914500e+001  0.000000e+000
      vertex -1.486197e+001  1.681802e+001  0.000000e+000
      vertex -1.442705e+001  1.699817e+001  0.000000e+000
    endloop
  endfacet
  facet normal  0.000000e+000  -0.000000e+000  1.000000e+000
    outer loop
      vertex -1.550000e+001  1.914500e+001  0.000000e+000
      vertex -1.442705e+001  1.699817e+001  0.000000e+000
      vertex -9.500000e+000  1.914500e+001  0.000000e+000
    endloop
  endfacet
  facet normal  -0.000000e+000  0.000000e+000  1.000000e+000
    outer loop
      vertex  1.550000e+001  1.914500e+001  0.000000e+000
      vertex  1.350000e+001  1.714500e+001  0.000000e+000
      vertex  1.396930e+001  1.710806e+001  0.000000e+000
    endloop
  endfacet
  facet normal  -0.000000e+000  0.000000e+000  1.000000e+000
    outer loop
      vertex  1.550000e+001  1.914500e+001  0.000000e+000
      vertex  1.396930e+001  1.710806e+001  0.000000e+000
      vertex  1.442705e+001  1.699817e+001  0.000000e+000
    endloop
  endfacet
  facet normal  -0.000000e+000  0.000000e+000  1.000000e+000
    outer loop
      vertex  1.550000e+001  1.914500e+001  0.000000e+000
      vertex  1.442705e+001  1.699817e+001  0.000000e+000
      vertex  1.486197e+001  1.681802e+001  0.000000e+000
    endloop
  endfacet
  facet normal  -0.000000e+000  0.000000e+000  1.000000e+000
    outer loop
      vertex  1.550000e+001  1.914500e+001  0.000000e+000
      vertex  1.486197e+001  1.681802e+001  0.000000e+000
      vertex  1.526336e+001  1.657205e+001  0.000000e+000
    endloop
  endfacet
  facet normal  -0.000000e+000  0.000000e+000  1.000000e+000
    outer loop
      vertex  1.550000e+001  1.914500e+001  0.000000e+000
      vertex  1.526336e+001  1.657205e+001  0.000000e+000
      vertex  1.562132e+001  1.626632e+001  0.000000e+000
    endloop
  endfacet
  facet normal  -0.000000e+000  -0.000000e+000  1.000000e+000
    outer loop
      vertex  1.550000e+001  1.914500e+001  0.000000e+000
      vertex  1.562132e+001  1.626632e+001  0.000000e+000
      vertex  1.592705e+001  1.590836e+001  0.000000e+000
    endloop
  endfacet
  facet normal  0.000000e+000  -0.000000e+000  1.000000e+000
    outer loop
      vertex  1.550000e+001  1.914500e+001  0.000000e+000
      vertex  1.592705e+001  1.590836e+001  0.000000e+000
      vertex  1.596930e+001  1.910806e+001  0.000000e+000
    endloop
  endfacet
  facet normal  0.000000e+000  0.000000e+000  9.999999e-001
    outer loop
      vertex  2.500000e+000  2.600000e+001  0.000000e+000
      vertex  8.668530e+000  1.958943e+001  0.000000e+000
      vertex  8.576120e+000  1.976232e+001  0.000000e+000
    endloop
  endfacet
  facet normal  0.000000e+000  0.000000e+000  1.000000e+000
    outer loop
      vertex  2.500000e+000  2.600000e+001  0.000000e+000
      vertex  8.576120e+000  1.976232e+001  0.000000e+000
      vertex  8.519215e+000  1.994991e+001  0.000000e+000
    endloop
  endfacet
  facet normal  0.000000e+000  0.000000e+000  1.000000e+000
    outer loop
      vertex  2.500000e+000  2.600000e+001  0.000000e+000
      vertex  8.519215e+000  1.994991e+001  0.000000e+000
      vertex  8.500000e+000  2.014500e+001  0.000000e+000
    endloop
  endfacet
  facet normal  0.000000e+000  -0.000000e+000  1.000000e+000
    outer loop
      vertex  2.500000e+000  2.600000e+001  0.000000e+000
      vertex  8.500000e+000  2.014500e+001  0.000000e+000
      vertex  8.500000e+000  2.314500e+001  0.000000e+000
    endloop
  endfacet
  facet normal  0.000000e+000  -0.000000e+000  1.000000e+000
    outer loop
      vertex  2.500000e+000  2.600000e+001  0.000000e+000
      vertex  8.500000e+000  2.314500e+001  0.000000e+000
      vertex  8.519215e+000  2.334009e+001  0.000000e+000
    endloop
  endfacet
  facet normal  0.000000e+000  -0.000000e+000  1.000000e+000
    outer loop
      vertex  2.500000e+000  2.600000e+001  0.000000e+000
      vertex  8.519215e+000  2.334009e+001  0.000000e+000
      vertex  8.576120e+000  2.352768e+001  0.000000e+000
    endloop
  endfacet
  facet normal  0.000000e+000  -0.000000e+000  1.000000e+000
    outer loop
      vertex  2.500000e+000  2.600000e+001  0.000000e+000
      vertex  8.576120e+000  2.352768e+001  0.000000e+000
      vertex  8.668530e+000  2.370057e+001  0.000000e+000
    endloop
  endfacet
  facet normal  0.000000e+000  -0.000000e+000  1.000000e+000
    outer loop
      vertex  2.500000e+000  2.600000e+001  0.000000e+000
      vertex  8.668530e+000  2.370057e+001  0.000000e+000
      vertex  8.792893e+000  2.385211e+001  0.000000e+000
    endloop
  endfacet
  facet normal  0.000000e+000  -0.000000e+000  1.000000e+000
    outer loop
      vertex  2.500000e+000  2.600000e+001  0.000000e+000
      vertex  8.792893e+000  2.385211e+001  0.000000e+000
      vertex  8.944429e+000  2.397647e+001  0.000000e+000
    endloop
  endfacet
  facet normal  0.000000e+000  -0.000000e+000  1.000000e+000
    outer loop
      vertex  2.500000e+000  2.600000e+001  0.000000e+000
      vertex  8.944429e+000  2.397647e+001  0.000000e+000
      vertex  9.117316e+000  2.406888e+001  0.000000e+000
    endloop
  endfacet
  facet normal  0.000000e+000  -0.000000e+000  1.000000e+000
    outer loop
      vertex  2.500000e+000  2.600000e+001  0.000000e+000
      vertex  9.117316e+000  2.406888e+001  0.000000e+000
      vertex  9.304910e+000  2.412579e+001  0.000000e+000
    endloop
  endfacet
  facet normal  0.000000e+000  -0.000000e+000  9.999999e-001
    outer loop
      vertex  2.500000e+000  2.600000e+001  0.000000e+000
      vertex  9.304910e+000  2.412579e+001  0.000000e+000
      vertex  9.500000e+000  2.414500e+001  0.000000e+000
    endloop
  endfacet
  facet normal  0.000000e+000  0.000000e+000  9.999999e-001
    outer loop
      vertex -2.500000e+000  2.600000e+001  0.000000e+000
      vertex -2.890181e+000  3.046157e+001  0.000000e+000
      vertex -3.265367e+000  3.034776e+001  0.000000e+000
    endloop
  endfacet
  facet normal  0.000000e+000  0.000000e+000  9.999999e-001
    outer loop
      vertex -2.500000e+000  2.600000e+001  0.000000e+000
      vertex -3.265367e+000  3.034776e+001  0.000000e+000
      vertex -3.611140e+000  3.016294e+001  0.000000e+000
    endloop
  endfacet
  facet normal  0.000000e+000  0.000000e+000  1.000000e+000
    outer loop
      vertex -2.500000e+000  2.600000e+001  0.000000e+000
      vertex -3.611140e+000  3.016294e+001  0.000000e+000
      vertex -3.914214e+000  2.991421e+001  0.000000e+000
    endloop
  endfacet
  facet normal  0.000000e+000  0.000000e+000  1.000000e+000
    outer loop
      vertex -2.500000e+000  2.600000e+001  0.000000e+000
      vertex -3.914214e+000  2.991421e+001  0.000000e+000
      vertex -4.162939e+000  2.961114e+001  0.000000e+000
    endloop
  endfacet
  facet normal  0.000000e+000  0.000000e+000  1.000000e+000
    outer loop
      vertex -2.500000e+000  2.600000e+001  0.000000e+000
      vertex -4.162939e+000  2.961114e+001  0.000000e+000
      vertex -4.347759e+000  2.926537e+001  0.000000e+000
    endloop
  endfacet
  facet normal  0.000000e+000  0.000000e+000  1.000000e+000
    outer loop
      vertex -2.500000e+000  2.600000e+001  0.000000e+000
      vertex -4.347759e+000  2.926537e+001  0.000000e+000
      vertex -4.461571e+000  2.889018e+001  0.000000e+000
    endloop
  endfacet
  facet normal  0.000000e+000  0.000000e+000  1.000000e+000
    outer loop
      vertex -2.500000e+000  2.600000e+001  0.000000e+000
      vertex -4.461571e+000  2.889018e+001  0.000000e+000
      vertex -4.500000e+000  2.850000e+001  0.000000e+000
    endloop
  endfacet
  facet normal  0.000000e+000  0.000000e+000  1.000000e+000
    outer loop
      vertex -2.500000e+000  2.600000e+001  0.000000e+000
      vertex -4.500000e+000  2.850000e+001  0.000000e+000
      vertex -4.500000e+000  2.814500e+001  0.000000e+000
    endloop
  endfacet
  facet normal  0.000000e+000  0.000000e+000  1.000000e+000
    outer loop
      vertex -2.500000e+000  2.600000e+001  0.000000e+000
      vertex -4.500000e+000  2.814500e+001  0.000000e+000
      vertex -4.538429e+000  2.775482e+001  0.000000e+000
    endloop
  endfacet
  facet normal  0.000000e+000  0.000000e+000  1.000000e+000
    outer loop
      vertex -2.500000e+000  2.600000e+001  0.000000e+000
      vertex -4.538429e+000  2.775482e+001  0.000000e+000
      vertex -4.652241e+000  2.737963e+001  0.000000e+000
    endloop
  endfacet
  facet normal  0.000000e+000  0.000000e+000  1.000000e+000
    outer loop
      vertex -2.500000e+000  2.600000e+001  0.000000e+000
      vertex -4.652241e+000  2.737963e+001  0.000000e+000
      vertex -4.837061e+000  2.703386e+001  0.000000e+000
    endloop
  endfacet
  facet normal  0.000000e+000  0.000000e+000  1.000000e+000
    outer loop
      vertex -2.500000e+000  2.600000e+001  0.000000e+000
      vertex -4.837061e+000  2.703386e+001  0.000000e+000
      vertex -5.085786e+000  2.673079e+001  0.000000e+000
    endloop
  endfacet
  facet normal  0.000000e+000  0.000000e+000  1.000000e+000
    outer loop
      vertex -2.500000e+000  2.600000e+001  0.000000e+000
      vertex -5.085786e+000  2.673079e+001  0.000000e+000
      vertex -5.388860e+000  2.648206e+001  0.000000e+000
    endloop
  endfacet
  facet normal  0.000000e+000  0.000000e+000  1.000000e+000
    outer loop
      vertex -2.500000e+000  2.600000e+001  0.000000e+000
      vertex -5.388860e+000  2.648206e+001  0.000000e+000
      vertex -5.734633e+000  2.629724e+001  0.000000e+000
    endloop
  endfacet
  facet normal  0.000000e+000  0.000000e+000  1.000000e+000
    outer loop
      vertex -2.500000e+000  2.600000e+001  0.000000e+000
      vertex -5.734633e+000  2.629724e+001  0.000000e+000
      vertex -6.109819e+000  2.618343e+001  0.000000e+000
    endloop
  endfacet
  facet normal  0.000000e+000  0.000000e+000  1.000000e+000
    outer loop
      vertex -2.500000e+000  2.600000e+001  0.000000e+000
      vertex -6.109819e+000  2.618343e+001  0.000000e+000
      vertex -6.500000e+000  2.614500e+001  0.000000e+000
    endloop
  endfacet
  facet normal  0.000000e+000  0.000000e+000  1.000000e+000
    outer loop
      vertex -2.500000e+000  2.600000e+001  0.000000e+000
      vertex -6.500000e+000  2.614500e+001  0.000000e+000
      vertex -2.300000e+001  2.614500e+001  0.000000e+000
    endloop
  endfacet
  facet normal  0.000000e+000  0.000000e+000  1.000000e+000
    outer loop
      vertex -2.500000e+000  2.600000e+001  0.000000e+000
      vertex -2.300000e+001  2.614500e+001  0.000000e+000
      vertex -2.339018e+001  2.610657e+001  0.000000e+000
    endloop
  endfacet
  facet normal  0.000000e+000  0.000000e+000  1.000000e+000
    outer loop
      vertex  2.500000e+000  3.050000e+001  0.000000e+000
      vertex -1.250000e+000  2.816506e+001  0.000000e+000
      vertex -8.550504e-001  2.834923e+001  0.000000e+000
    endloop
  endfacet
  facet normal  0.000000e+000  0.000000e+000  1.000000e+000
    outer loop
      vertex  2.500000e+000  3.050000e+001  0.000000e+000
      vertex -8.550504e-001  2.834923e+001  0.000000e+000
      vertex -4.341204e-001  2.846202e+001  0.000000e+000
    endloop
  endfacet
  facet normal  0.000000e+000  0.000000e+000  9.999999e-001
    outer loop
      vertex  2.500000e+000  3.050000e+001  0.000000e+000
      vertex -4.341204e-001  2.846202e+001  0.000000e+000
      vertex  1.577722e-030  2.850000e+001  0.000000e+000
    endloop
  endfacet
  facet normal  -0.000000e+000  0.000000e+000  1.000000e+000
    outer loop
      vertex  2.500000e+000  3.050000e+001  0.000000e+000
      vertex  1.577722e-030  2.850000e+001  0.000000e+000
      vertex  4.341204e-001  2.846202e+001  0.000000e+000
    endloop
  endfacet
  facet normal  -0.000000e+000  0.000000e+000  1.000000e+000
    outer loop
      vertex  2.500000e+000  3.050000e+001  0.000000e+000
      vertex  4.341204e-001  2.846202e+001  0.000000e+000
      vertex  8.550504e-001  2.834923e+001  0.000000e+000
    endloop
  endfacet
  facet normal  -0.000000e+000  0.000000e+000  1.000000e+000
    outer loop
      vertex  2.500000e+000  3.050000e+001  0.000000e+000
      vertex  8.550504e-001  2.834923e+001  0.000000e+000
      vertex  1.250000e+000  2.816506e+001  0.000000e+000
    endloop
  endfacet
  facet normal  -0.000000e+000  0.000000e+000  1.000000e+000
    outer loop
      vertex  2.500000e+000  3.050000e+001  0.000000e+000
      vertex  1.250000e+000  2.816506e+001  0.000000e+000
      vertex  1.606969e+000  2.791511e+001  0.000000e+000
    endloop
  endfacet
  facet normal  -0.000000e+000  0.000000e+000  1.000000e+000
    outer loop
      vertex  2.500000e+000  3.050000e+001  0.000000e+000
      vertex  1.606969e+000  2.791511e+001  0.000000e+000
      vertex  1.915111e+000  2.760697e+001  0.000000e+000
    endloop
  endfacet
  facet normal  -0.000000e+000  0.000000e+000  1.000000e+000
    outer loop
      vertex  2.500000e+000  3.050000e+001  0.000000e+000
      vertex  1.915111e+000  2.760697e+001  0.000000e+000
      vertex  2.165064e+000  2.725000e+001  0.000000e+000
    endloop
  endfacet
  facet normal  -0.000000e+000  0.000000e+000  1.000000e+000
    outer loop
      vertex  2.500000e+000  3.050000e+001  0.000000e+000
      vertex  2.165064e+000  2.725000e+001  0.000000e+000
      vertex  2.349231e+000  2.685505e+001  0.000000e+000
    endloop
  endfacet
  facet normal  -0.000000e+000  0.000000e+000  1.000000e+000
    outer loop
      vertex  2.500000e+000  3.050000e+001  0.000000e+000
      vertex  2.349231e+000  2.685505e+001  0.000000e+000
      vertex  2.462019e+000  2.643412e+001  0.000000e+000
    endloop
  endfacet
  facet normal  -0.000000e+000  0.000000e+000  1.000000e+000
    outer loop
      vertex  2.500000e+000  3.050000e+001  0.000000e+000
      vertex  2.462019e+000  2.643412e+001  0.000000e+000
      vertex  2.500000e+000  2.600000e+001  0.000000e+000
    endloop
  endfacet
  facet normal  0.000000e+000  0.000000e+000  1.000000e+000
    outer loop
      vertex  4.538429e+000  2.775482e+001  0.000000e+000
      vertex  4.500000e+000  2.814500e+001  0.000000e+000
      vertex  4.347759e+000  2.926537e+001  0.000000e+000
    endloop
  endfacet
  facet normal  0.000000e+000  0.000000e+000  1.000000e+000
    outer loop
      vertex  4.538429e+000  2.775482e+001  0.000000e+000
      vertex  4.347759e+000  2.926537e+001  0.000000e+000
      vertex  4.162939e+000  2.961114e+001  0.000000e+000
    endloop
  endfacet
  facet normal  0.000000e+000  0.000000e+000  1.000000e+000
    outer loop
      vertex  4.538429e+000  2.775482e+001  0.000000e+000
      vertex  4.162939e+000  2.961114e+001  0.000000e+000
      vertex  3.914214e+000  2.991421e+001  0.000000e+000
    endloop
  endfacet
  facet normal  0.000000e+000  0.000000e+000  1.000000e+000
    outer loop
      vertex  4.538429e+000  2.775482e+001  0.000000e+000
      vertex  3.914214e+000  2.991421e+001  0.000000e+000
      vertex  3.611140e+000  3.016294e+001  0.000000e+000
    endloop
  endfacet
  facet normal  0.000000e+000  0.000000e+000  9.999999e-001
    outer loop
      vertex  4.652241e+000  2.737963e+001  0.000000e+000
      vertex  4.538429e+000  2.775482e+001  0.000000e+000
      vertex  3.611140e+000  3.016294e+001  0.000000e+000
    endloop
  endfacet
  facet normal  0.000000e+000  0.000000e+000  1.000000e+000
    outer loop
      vertex  4.652241e+000  2.737963e+001  0.000000e+000
      vertex  3.611140e+000  3.016294e+001  0.000000e+000
      vertex  3.265367e+000  3.034776e+001  0.000000e+000
    endloop
  endfacet
  facet normal  0.000000e+000  0.000000e+000  1.000000e+000
    outer loop
      vertex  4.652241e+000  2.737963e+001  0.000000e+000
      vertex  3.265367e+000  3.034776e+001  0.000000e+000
      vertex  2.890181e+000  3.046157e+001  0.000000e+000
    endloop
  endfacet
  facet normal  0.000000e+000  0.000000e+000  1.000000e+000
    outer loop
      vertex  4.652241e+000  2.737963e+001  0.000000e+000
      vertex  2.890181e+000  3.046157e+001  0.000000e+000
      vertex  4.837061e+000  2.703386e+001  0.000000e+000
    endloop
  endfacet
  facet normal  0.000000e+000  0.000000e+000  1.000000e+000
    outer loop
      vertex  2.500000e+000  2.600000e+001  0.000000e+000
      vertex  6.500000e+000  2.614500e+001  0.000000e+000
      vertex  6.109819e+000  2.618343e+001  0.000000e+000
    endloop
  endfacet
  facet normal  0.000000e+000  0.000000e+000  1.000000e+000
    outer loop
      vertex  2.500000e+000  2.600000e+001  0.000000e+000
      vertex  6.109819e+000  2.618343e+001  0.000000e+000
      vertex  5.734633e+000  2.629724e+001  0.000000e+000
    endloop
  endfacet
  facet normal  0.000000e+000  0.000000e+000  1.000000e+000
    outer loop
      vertex  2.500000e+000  2.600000e+001  0.000000e+000
      vertex  5.734633e+000  2.629724e+001  0.000000e+000
      vertex  5.388860e+000  2.648206e+001  0.000000e+000
    endloop
  endfacet
  facet normal  0.000000e+000  0.000000e+000  9.999999e-001
    outer loop
      vertex  2.500000e+000  2.600000e+001  0.000000e+000
      vertex  5.388860e+000  2.648206e+001  0.000000e+000
      vertex  5.085786e+000  2.673079e+001  0.000000e+000
    endloop
  endfacet
  facet normal  0.000000e+000  0.000000e+000  1.000000e+000
    outer loop
      vertex  2.500000e+000  2.600000e+001  0.000000e+000
      vertex  5.085786e+000  2.673079e+001  0.000000e+000
      vertex  4.837061e+000  2.703386e+001  0.000000e+000
    endloop
  endfacet
  facet normal  0.000000e+000  0.000000e+000  1.000000e+000
    outer loop
      vertex  2.500000e+000  2.600000e+001  0.000000e+000
      vertex  4.837061e+000  2.703386e+001  0.000000e+000
      vertex  2.890181e+000  3.046157e+001  0.000000e+000
    endloop
  endfacet
  facet normal  0.000000e+000  0.000000e+000  1.000000e+000
    outer loop
      vertex  2.500000e+000  2.600000e+001  0.000000e+000
      vertex  2.890181e+000  3.046157e+001  0.000000e+000
      vertex  2.500000e+000  3.050000e+001  0.000000e+000
    endloop
  endfacet
  facet normal  -0.000000e+000  0.000000e+000  1.000000e+000
    outer loop
      vertex  2.050000e+001 -2.414500e+001  0.000000e+000
      vertex  9.500000e+000 -2.414500e+001  0.000000e+000
      vertex  2.496157e+001 -2.453518e+001  0.000000e+000
    endloop
  endfacet
  facet normal  0.000000e+000  0.000000e+000  1.000000e+000
    outer loop
      vertex  2.496157e+001 -2.453518e+001  0.000000e+000
      vertex  9.500000e+000 -2.414500e+001  0.000000e+000
      vertex  2.500000e+000 -2.600000e+001  0.000000e+000
    endloop
  endfacet
  facet normal  0.000000e+000  0.000000e+000  1.000000e+000
    outer loop
      vertex  2.496157e+001 -2.453518e+001  0.000000e+000
      vertex  2.500000e+000 -2.600000e+001  0.000000e+000
      vertex  2.484776e+001 -2.491037e+001  0.000000e+000
    endloop
  endfacet
  facet normal  0.000000e+000  0.000000e+000  1.000000e+000
    outer loop
      vertex  2.484776e+001 -2.491037e+001  0.000000e+000
      vertex  2.500000e+000 -2.600000e+001  0.000000e+000
      vertex  2.376537e+001 -2.599276e+001  0.000000e+000
    endloop
  endfacet
  facet normal  -0.000000e+000  0.000000e+000  1.000000e+000
    outer loop
      vertex  2.300000e+001  2.614500e+001  0.000000e+000
      vertex  6.500000e+000  2.614500e+001  0.000000e+000
      vertex  2.339018e+001  2.610657e+001  0.000000e+000
    endloop
  endfacet
  facet normal  0.000000e+000  0.000000e+000  1.000000e+000
    outer loop
      vertex  2.339018e+001  2.610657e+001  0.000000e+000
      vertex  6.500000e+000  2.614500e+001  0.000000e+000
      vertex  2.500000e+000  2.600000e+001  0.000000e+000
    endloop
  endfacet
  facet normal  -0.000000e+000  0.000000e+000  1.000000e+000
    outer loop
      vertex  2.339018e+001  2.610657e+001  0.000000e+000
      vertex  2.500000e+000  2.600000e+001  0.000000e+000
      vertex  2.376537e+001  2.599276e+001  0.000000e+000
    endloop
  endfacet
  facet normal  0.000000e+000  0.000000e+000  1.000000e+000
    outer loop
      vertex  2.376537e+001  2.599276e+001  0.000000e+000
      vertex  2.500000e+000  2.600000e+001  0.000000e+000
      vertex  9.500000e+000  2.414500e+001  0.000000e+000
    endloop
  endfacet
  facet normal  0.000000e+000  0.000000e+000  1.000000e+000
    outer loop
      vertex  4.461571e+000 -2.889018e+001  0.000000e+000
      vertex  4.500000e+000 -2.850000e+001  0.000000e+000
      vertex  4.347759e+000 -2.926537e+001  0.000000e+000
    endloop
  endfacet
  facet normal  0.000000e+000  0.000000e+000  1.000000e+000
    outer loop
      vertex  4.347759e+000 -2.926537e+001  0.000000e+000
      vertex  4.500000e+000 -2.850000e+001  0.000000e+000
      vertex  4.500000e+000 -2.814500e+001  0.000000e+000
    endloop
  endfacet
  facet normal  0.000000e+000  -0.000000e+000  1.000000e+000
    outer loop
      vertex -1.646306e+001 -1.461430e+001  0.000000e+000
      vertex -1.642705e+001 -1.899817e+001  0.000000e+000
      vertex -1.635317e+001 -1.507205e+001  0.000000e+000
    endloop
  endfacet
  facet normal  0.000000e+000  0.000000e+000  1.000000e+000
    outer loop
      vertex -1.635317e+001 -1.507205e+001  0.000000e+000
      vertex -1.642705e+001 -1.899817e+001  0.000000e+000
      vertex -1.596930e+001 -1.910806e+001  0.000000e+000
    endloop
  endfacet
  facet normal  0.000000e+000  0.000000e+000  1.000000e+000
    outer loop
      vertex -1.635317e+001 -1.507205e+001  0.000000e+000
      vertex -1.596930e+001 -1.910806e+001  0.000000e+000
      vertex -1.617302e+001 -1.550697e+001  0.000000e+000
    endloop
  endfacet
  facet normal  0.000000e+000  -0.000000e+000  1.000000e+000
    outer loop
      vertex  1.592705e+001 -1.590836e+001  0.000000e+000
      vertex  1.596930e+001 -1.910806e+001  0.000000e+000
      vertex  1.617302e+001 -1.550697e+001  0.000000e+000
    endloop
  endfacet
  facet normal  0.000000e+000  0.000000e+000  9.999999e-001
    outer loop
      vertex  1.617302e+001 -1.550697e+001  0.000000e+000
      vertex  1.596930e+001 -1.910806e+001  0.000000e+000
      vertex  1.642705e+001 -1.899817e+001  0.000000e+000
    endloop
  endfacet
  facet normal  0.000000e+000  0.000000e+000  1.000000e+000
    outer loop
      vertex  1.617302e+001 -1.550697e+001  0.000000e+000
      vertex  1.642705e+001 -1.899817e+001  0.000000e+000
      vertex  1.635317e+001 -1.507205e+001  0.000000e+000
    endloop
  endfacet
  facet normal  0.000000e+000  0.000000e+000  1.000000e+000
    outer loop
      vertex -1.642705e+001  1.899817e+001  0.000000e+000
      vertex -1.646306e+001  1.461430e+001  0.000000e+000
      vertex -1.596930e+001  1.910806e+001  0.000000e+000
    endloop
  endfacet
  facet normal  0.000000e+000  0.000000e+000  1.000000e+000
    outer loop
      vertex -1.596930e+001  1.910806e+001  0.000000e+000
      vertex -1.646306e+001  1.461430e+001  0.000000e+000
      vertex -1.635317e+001  1.507205e+001  0.000000e+000
    endloop
  endfacet
  facet normal  0.000000e+000  0.000000e+000  1.000000e+000
    outer loop
      vertex -1.596930e+001  1.910806e+001  0.000000e+000
      vertex -1.635317e+001  1.507205e+001  0.000000e+000
      vertex -1.617302e+001  1.550697e+001  0.000000e+000
    endloop
  endfacet
  facet normal  0.000000e+000  0.000000e+000  9.999999e-001
    outer loop
      vertex  1.596930e+001  1.910806e+001  0.000000e+000
      vertex  1.592705e+001  1.590836e+001  0.000000e+000
      vertex  1.642705e+001  1.899817e+001  0.000000e+000
    endloop
  endfacet
  facet normal  0.000000e+000  0.000000e+000  1.000000e+000
    outer loop
      vertex  1.642705e+001  1.899817e+001  0.000000e+000
      vertex  1.592705e+001  1.590836e+001  0.000000e+000
      vertex  1.617302e+001  1.550697e+001  0.000000e+000
    endloop
  endfacet
  facet normal  -0.000000e+000  0.000000e+000  1.000000e+000
    outer loop
      vertex  1.642705e+001  1.899817e+001  0.000000e+000
      vertex  1.617302e+001  1.550697e+001  0.000000e+000
      vertex  1.635317e+001  1.507205e+001  0.000000e+000
    endloop
  endfacet
  facet normal  0.000000e+000  0.000000e+000  1.000000e+000
    outer loop
      vertex  4.500000e+000  2.814500e+001  0.000000e+000
      vertex  4.500000e+000  2.850000e+001  0.000000e+000
      vertex  4.347759e+000  2.926537e+001  0.000000e+000
    endloop
  endfacet
  facet normal  0.000000e+000  0.000000e+000  1.000000e+000
    outer loop
      vertex  4.347759e+000  2.926537e+001  0.000000e+000
      vertex  4.500000e+000  2.850000e+001  0.000000e+000
      vertex  4.461571e+000  2.889018e+001  0.000000e+000
    endloop
  endfacet
  facet normal  0.000000e+000  0.000000e+000 -1.000000e+000
    outer loop
      vertex  6.500000e+000 -2.614500e+001 -5.000000e+000
      vertex  2.339018e+001 -2.610657e+001 -5.000000e+000
      vertex  2.300000e+001 -2.614500e+001 -5.000000e+000
    endloop
  endfacet
  facet normal  -0.000000e+000  0.000000e+000 -1.000000e+000
    outer loop
      vertex -2.500000e+000  3.050000e+001 -5.000000e+000
      vertex  2.500000e+000  3.050000e+001 -5.000000e+000
      vertex -1.250000e+000  2.816506e+001 -5.000000e+000
    endloop
  endfacet
  facet normal  -0.000000e+000  0.000000e+000 -1.000000e+000
    outer loop
      vertex -2.500000e+000  3.050000e+001 -5.000000e+000
      vertex -1.250000e+000  2.816506e+001 -5.000000e+000
      vertex -1.606969e+000  2.791511e+001 -5.000000e+000
    endloop
  endfacet
  facet normal  -0.000000e+000  0.000000e+000 -1.000000e+000
    outer loop
      vertex -2.500000e+000  3.050000e+001 -5.000000e+000
      vertex -1.606969e+000  2.791511e+001 -5.000000e+000
      vertex -1.915111e+000  2.760697e+001 -5.000000e+000
    endloop
  endfacet
  facet normal  -0.000000e+000  0.000000e+000 -1.000000e+000
    outer loop
      vertex -2.500000e+000  3.050000e+001 -5.000000e+000
      vertex -1.915111e+000  2.760697e+001 -5.000000e+000
      vertex -2.165064e+000  2.725000e+001 -5.000000e+000
    endloop
  endfacet
  facet normal  -0.000000e+000  0.000000e+000 -1.000000e+000
    outer loop
      vertex -2.500000e+000  3.050000e+001 -5.000000e+000
      vertex -2.165064e+000  2.725000e+001 -5.000000e+000
      vertex -2.349231e+000  2.685505e+001 -5.000000e+000
    endloop
  endfacet
  facet normal  -0.000000e+000  0.000000e+000 -1.000000e+000
    outer loop
      vertex -2.500000e+000  3.050000e+001 -5.000000e+000
      vertex -2.349231e+000  2.685505e+001 -5.000000e+000
      vertex -2.462019e+000  2.643412e+001 -5.000000e+000
    endloop
  endfacet
  facet normal  -0.000000e+000  0.000000e+000 -1.000000e+000
    outer loop
      vertex -2.500000e+000  3.050000e+001 -5.000000e+000
      vertex -2.462019e+000  2.643412e+001 -5.000000e+000
      vertex -2.500000e+000  2.600000e+001 -5.000000e+000
    endloop
  endfacet
  facet normal  0.000000e+000  0.000000e+000 -1.000000e+000
    outer loop
      vertex -2.500000e+000  3.050000e+001 -5.000000e+000
      vertex -2.500000e+000  2.600000e+001 -5.000000e+000
      vertex -2.890181e+000  3.046157e+001 -5.000000e+000
    endloop
  endfacet
  facet normal  0.000000e+000  0.000000e+000 -1.000000e+000
    outer loop
      vertex  2.500000e+000 -3.050000e+001 -5.000000e+000
      vertex -1.250000e+000 -2.816506e+001 -5.000000e+000
      vertex -8.550504e-001 -2.834923e+001 -5.000000e+000
    endloop
  endfacet
  facet normal  0.000000e+000  0.000000e+000 -1.000000e+000
    outer loop
      vertex  2.500000e+000 -3.050000e+001 -5.000000e+000
      vertex -8.550504e-001 -2.834923e+001 -5.000000e+000
      vertex -4.341204e-001 -2.846202e+001 -5.000000e+000
    endloop
  endfacet
  facet normal  0.000000e+000  0.000000e+000 -9.999999e-001
    outer loop
      vertex  2.500000e+000 -3.050000e+001 -5.000000e+000
      vertex -4.341204e-001 -2.846202e+001 -5.000000e+000
      vertex -3.061617e-016 -2.850000e+001 -5.000000e+000
    endloop
  endfacet
  facet normal  0.000000e+000  0.000000e+000 -1.000000e+000
    outer loop
      vertex  2.500000e+000 -3.050000e+001 -5.000000e+000
      vertex -3.061617e-016 -2.850000e+001 -5.000000e+000
      vertex  4.341204e-001 -2.846202e+001 -5.000000e+000
    endloop
  endfacet
  facet normal  0.000000e+000  0.000000e+000 -1.000000e+000
    outer loop
      vertex  2.500000e+000 -3.050000e+001 -5.000000e+000
      vertex  4.341204e-001 -2.846202e+001 -5.000000e+000
      vertex  8.550504e-001 -2.834923e+001 -5.000000e+000
    endloop
  endfacet
  facet normal  0.000000e+000  0.000000e+000 -1.000000e+000
    outer loop
      vertex  2.500000e+000 -3.050000e+001 -5.000000e+000
      vertex  8.550504e-001 -2.834923e+001 -5.000000e+000
      vertex  1.250000e+000 -2.816506e+001 -5.000000e+000
    endloop
  endfacet
  facet normal  0.000000e+000  0.000000e+000 -1.000000e+000
    outer loop
      vertex  2.500000e+000 -3.050000e+001 -5.000000e+000
      vertex  1.250000e+000 -2.816506e+001 -5.000000e+000
      vertex  1.606969e+000 -2.791511e+001 -5.000000e+000
    endloop
  endfacet
  facet normal  0.000000e+000  0.000000e+000 -1.000000e+000
    outer loop
      vertex  2.500000e+000 -3.050000e+001 -5.000000e+000
      vertex  1.606969e+000 -2.791511e+001 -5.000000e+000
      vertex  1.915111e+000 -2.760697e+001 -5.000000e+000
    endloop
  endfacet
  facet normal  0.000000e+000  0.000000e+000 -1.000000e+000
    outer loop
      vertex  2.500000e+000 -3.050000e+001 -5.000000e+000
      vertex  1.915111e+000 -2.760697e+001 -5.000000e+000
      vertex  2.165064e+000 -2.725000e+001 -5.000000e+000
    endloop
  endfacet
  facet normal  0.000000e+000  0.000000e+000 -1.000000e+000
    outer loop
      vertex  2.500000e+000 -3.050000e+001 -5.000000e+000
      vertex  2.165064e+000 -2.725000e+001 -5.000000e+000
      vertex  2.349231e+000 -2.685505e+001 -5.000000e+000
    endloop
  endfacet
  facet normal  0.000000e+000  0.000000e+000 -1.000000e+000
    outer loop
      vertex  2.500000e+000 -3.050000e+001 -5.000000e+000
      vertex  2.349231e+000 -2.685505e+001 -5.000000e+000
      vertex  2.462019e+000 -2.643412e+001 -5.000000e+000
    endloop
  endfacet
  facet normal  0.000000e+000  0.000000e+000 -1.000000e+000
    outer loop
      vertex  2.500000e+000 -3.050000e+001 -5.000000e+000
      vertex  2.462019e+000 -2.643412e+001 -5.000000e+000
      vertex  2.500000e+000 -2.600000e+001 -5.000000e+000
    endloop
  endfacet
  facet normal  0.000000e+000  0.000000e+000 -1.000000e+000
    outer loop
      vertex  2.500000e+000 -3.050000e+001 -5.000000e+000
      vertex  2.500000e+000 -2.600000e+001 -5.000000e+000
      vertex  2.890181e+000 -3.046157e+001 -5.000000e+000
    endloop
  endfacet
  facet normal  0.000000e+000  -0.000000e+000 -1.000000e+000
    outer loop
      vertex  2.500000e+000 -2.600000e+001 -5.000000e+000
      vertex  1.350000e+001 -1.714500e+001 -5.000000e+000
      vertex  2.500000e+001 -2.414500e+001 -5.000000e+000
    endloop
  endfacet
  facet normal  0.000000e+000  0.000000e+000 -1.000000e+000
    outer loop
      vertex  2.500000e+000 -2.600000e+001 -5.000000e+000
      vertex  2.500000e+001 -2.414500e+001 -5.000000e+000
      vertex  2.496157e+001 -2.453518e+001 -5.000000e+000
    endloop
  endfacet
  facet normal  0.000000e+000  0.000000e+000 -1.000000e+000
    outer loop
      vertex  2.500000e+000 -2.600000e+001 -5.000000e+000
      vertex  2.496157e+001 -2.453518e+001 -5.000000e+000
      vertex  2.484776e+001 -2.491037e+001 -5.000000e+000
    endloop
  endfacet
  facet normal  0.000000e+000  0.000000e+000 -1.000000e+000
    outer loop
      vertex  2.500000e+000 -2.600000e+001 -5.000000e+000
      vertex  2.484776e+001 -2.491037e+001 -5.000000e+000
      vertex  2.376537e+001 -2.599276e+001 -5.000000e+000
    endloop
  endfacet
  facet normal  0.000000e+000  0.000000e+000 -1.000000e+000
    outer loop
      vertex  2.500000e+000 -2.600000e+001 -5.000000e+000
      vertex  2.376537e+001 -2.599276e+001 -5.000000e+000
      vertex  2.339018e+001 -2.610657e+001 -5.000000e+000
    endloop
  endfacet
  facet normal  -0.000000e+000  0.000000e+000 -1.000000e+000
    outer loop
      vertex  2.500000e+000 -2.600000e+001 -5.000000e+000
      vertex  2.339018e+001 -2.610657e+001 -5.000000e+000
      vertex  6.500000e+000 -2.614500e+001 -5.000000e+000
    endloop
  endfacet
  facet normal  -0.000000e+000  0.000000e+000 -1.000000e+000
    outer loop
      vertex  2.500000e+000 -2.600000e+001 -5.000000e+000
      vertex  6.500000e+000 -2.614500e+001 -5.000000e+000
      vertex  6.109819e+000 -2.618343e+001 -5.000000e+000
    endloop
  endfacet
  facet normal  -0.000000e+000  0.000000e+000 -1.000000e+000
    outer loop
      vertex  2.500000e+000 -2.600000e+001 -5.000000e+000
      vertex  6.109819e+000 -2.618343e+001 -5.000000e+000
      vertex  5.734633e+000 -2.629724e+001 -5.000000e+000
    endloop
  endfacet
  facet normal  -0.000000e+000  0.000000e+000 -1.000000e+000
    outer loop
      vertex  2.500000e+000 -2.600000e+001 -5.000000e+000
      vertex  5.734633e+000 -2.629724e+001 -5.000000e+000
      vertex  5.388860e+000 -2.648206e+001 -5.000000e+000
    endloop
  endfacet
  facet normal  -0.000000e+000  0.000000e+000 -9.999999e-001
    outer loop
      vertex  2.500000e+000 -2.600000e+001 -5.000000e+000
      vertex  5.388860e+000 -2.648206e+001 -5.000000e+000
      vertex  5.085786e+000 -2.673079e+001 -5.000000e+000
    endloop
  endfacet
  facet normal  -0.000000e+000  0.000000e+000 -1.000000e+000
    outer loop
      vertex  2.500000e+000 -2.600000e+001 -5.000000e+000
      vertex  5.085786e+000 -2.673079e+001 -5.000000e+000
      vertex  4.837061e+000 -2.703386e+001 -5.000000e+000
    endloop
  endfacet
  facet normal  -0.000000e+000  0.000000e+000 -1.000000e+000
    outer loop
      vertex  2.500000e+000 -2.600000e+001 -5.000000e+000
      vertex  4.837061e+000 -2.703386e+001 -5.000000e+000
      vertex  2.890181e+000 -3.046157e+001 -5.000000e+000
    endloop
  endfacet
  facet normal  0.000000e+000  0.000000e+000 -1.000000e+000
    outer loop
      vertex  2.500000e+001 -2.414500e+001 -5.000000e+000
      vertex  1.350000e+001 -1.714500e+001 -5.000000e+000
      vertex  1.396930e+001 -1.710806e+001 -5.000000e+000
    endloop
  endfacet
  facet normal  0.000000e+000  0.000000e+000 -1.000000e+000
    outer loop
      vertex  2.500000e+001 -2.414500e+001 -5.000000e+000
      vertex  1.396930e+001 -1.710806e+001 -5.000000e+000
      vertex  1.442705e+001 -1.699817e+001 -5.000000e+000
    endloop
  endfacet
  facet normal  0.000000e+000  0.000000e+000 -1.000000e+000
    outer loop
      vertex  2.500000e+001 -2.414500e+001 -5.000000e+000
      vertex  1.442705e+001 -1.699817e+001 -5.000000e+000
      vertex  1.486197e+001 -1.681802e+001 -5.000000e+000
    endloop
  endfacet
  facet normal  0.000000e+000  0.000000e+000 -1.000000e+000
    outer loop
      vertex  2.500000e+001 -2.414500e+001 -5.000000e+000
      vertex  1.486197e+001 -1.681802e+001 -5.000000e+000
      vertex  1.526336e+001 -1.657205e+001 -5.000000e+000
    endloop
  endfacet
  facet normal  0.000000e+000  0.000000e+000 -9.999999e-001
    outer loop
      vertex  2.500000e+001 -2.414500e+001 -5.000000e+000
      vertex  1.526336e+001 -1.657205e+001 -5.000000e+000
      vertex  1.562132e+001 -1.626632e+001 -5.000000e+000
    endloop
  endfacet
  facet normal  0.000000e+000  0.000000e+000 -1.000000e+000
    outer loop
      vertex  2.500000e+001 -2.414500e+001 -5.000000e+000
      vertex  1.562132e+001 -1.626632e+001 -5.000000e+000
      vertex  1.592705e+001 -1.590836e+001 -5.000000e+000
    endloop
  endfacet
  facet normal  0.000000e+000  0.000000e+000 -1.000000e+000
    outer loop
      vertex  2.500000e+001 -2.414500e+001 -5.000000e+000
      vertex  1.592705e+001 -1.590836e+001 -5.000000e+000
      vertex  1.617302e+001 -1.550697e+001 -5.000000e+000
    endloop
  endfacet
  facet normal  0.000000e+000  0.000000e+000 -1.000000e+000
    outer loop
      vertex  2.500000e+001 -2.414500e+001 -5.000000e+000
      vertex  1.617302e+001 -1.550697e+001 -5.000000e+000
      vertex  1.635317e+001 -1.507205e+001 -5.000000e+000
    endloop
  endfacet
  facet normal  0.000000e+000  0.000000e+000 -1.000000e+000
    outer loop
      vertex  2.500000e+001 -2.414500e+001 -5.000000e+000
      vertex  1.635317e+001 -1.507205e+001 -5.000000e+000
      vertex  1.646306e+001 -1.461430e+001 -5.000000e+000
    endloop
  endfacet
  facet normal  0.000000e+000  0.000000e+000 -1.000000e+000
    outer loop
      vertex  2.500000e+001 -2.414500e+001 -5.000000e+000
      vertex  1.646306e+001 -1.461430e+001 -5.000000e+000
      vertex  1.650000e+001 -1.414500e+001 -5.000000e+000
    endloop
  endfacet
  facet normal  0.000000e+000  0.000000e+000 -1.000000e+000
    outer loop
      vertex  2.500000e+001 -2.414500e+001 -5.000000e+000
      vertex  1.650000e+001 -1.414500e+001 -5.000000e+000
      vertex  1.650000e+001  1.414500e+001 -5.000000e+000
    endloop
  endfacet
  facet normal  0.000000e+000  0.000000e+000 -1.000000e+000
    outer loop
      vertex  2.500000e+001 -2.414500e+001 -5.000000e+000
      vertex  1.650000e+001  1.414500e+001 -5.000000e+000
      vertex  2.500000e+001  2.414500e+001 -5.000000e+000
    endloop
  endfacet
  facet normal  0.000000e+000  0.000000e+000 -1.000000e+000
    outer loop
      vertex -2.500000e+000 -2.600000e+001 -5.000000e+000
      vertex -2.500000e+000 -3.050000e+001 -5.000000e+000
      vertex -2.890181e+000 -3.046157e+001 -5.000000e+000
    endloop
  endfacet
  facet normal  0.000000e+000  0.000000e+000 -9.999999e-001
    outer loop
      vertex -2.500000e+000 -2.600000e+001 -5.000000e+000
      vertex -2.890181e+000 -3.046157e+001 -5.000000e+000
      vertex -3.265367e+000 -3.034776e+001 -5.000000e+000
    endloop
  endfacet
  facet normal  0.000000e+000  0.000000e+000 -9.999999e-001
    outer loop
      vertex -2.500000e+000 -2.600000e+001 -5.000000e+000
      vertex -3.265367e+000 -3.034776e+001 -5.000000e+000
      vertex -3.611140e+000 -3.016294e+001 -5.000000e+000
    endloop
  endfacet
  facet normal  0.000000e+000  0.000000e+000 -1.000000e+000
    outer loop
      vertex -2.500000e+000 -2.600000e+001 -5.000000e+000
      vertex -3.611140e+000 -3.016294e+001 -5.000000e+000
      vertex -3.914214e+000 -2.991421e+001 -5.000000e+000
    endloop
  endfacet
  facet normal  0.000000e+000  0.000000e+000 -1.000000e+000
    outer loop
      vertex -2.500000e+000 -2.600000e+001 -5.000000e+000
      vertex -3.914214e+000 -2.991421e+001 -5.000000e+000
      vertex -4.162939e+000 -2.961114e+001 -5.000000e+000
    endloop
  endfacet
  facet normal  0.000000e+000  0.000000e+000 -1.000000e+000
    outer loop
      vertex -2.500000e+000 -2.600000e+001 -5.000000e+000
      vertex -4.162939e+000 -2.961114e+001 -5.000000e+000
      vertex -4.347759e+000 -2.926537e+001 -5.000000e+000
    endloop
  endfacet
  facet normal  0.000000e+000  0.000000e+000 -1.000000e+000
    outer loop
      vertex -2.500000e+000 -2.600000e+001 -5.000000e+000
      vertex -4.347759e+000 -2.926537e+001 -5.000000e+000
      vertex -4.461571e+000 -2.889018e+001 -5.000000e+000
    endloop
  endfacet
  facet normal  0.000000e+000  0.000000e+000 -1.000000e+000
    outer loop
      vertex -2.500000e+000 -2.600000e+001 -5.000000e+000
      vertex -4.461571e+000 -2.889018e+001 -5.000000e+000
      vertex -4.500000e+000 -2.850000e+001 -5.000000e+000
    endloop
  endfacet
  facet normal  0.000000e+000  0.000000e+000 -1.000000e+000
    outer loop
      vertex -2.500000e+000 -2.600000e+001 -5.000000e+000
      vertex -4.500000e+000 -2.850000e+001 -5.000000e+000
      vertex -4.500000e+000 -2.814500e+001 -5.000000e+000
    endloop
  endfacet
  facet normal  0.000000e+000  0.000000e+000 -1.000000e+000
    outer loop
      vertex -2.500000e+000 -2.600000e+001 -5.000000e+000
      vertex -4.500000e+000 -2.814500e+001 -5.000000e+000
      vertex -4.538429e+000 -2.775482e+001 -5.000000e+000
    endloop
  endfacet
  facet normal  0.000000e+000  0.000000e+000 -1.000000e+000
    outer loop
      vertex -2.500000e+000 -2.600000e+001 -5.000000e+000
      vertex -4.538429e+000 -2.775482e+001 -5.000000e+000
      vertex -4.652241e+000 -2.737963e+001 -5.000000e+000
    endloop
  endfacet
  facet normal  0.000000e+000  0.000000e+000 -1.000000e+000
    outer loop
      vertex -2.500000e+000 -2.600000e+001 -5.000000e+000
      vertex -4.652241e+000 -2.737963e+001 -5.000000e+000
      vertex -4.837061e+000 -2.703386e+001 -5.000000e+000
    endloop
  endfacet
  facet normal  0.000000e+000  0.000000e+000 -1.000000e+000
    outer loop
      vertex -2.500000e+000 -2.600000e+001 -5.000000e+000
      vertex -4.837061e+000 -2.703386e+001 -5.000000e+000
      vertex -5.085786e+000 -2.673079e+001 -5.000000e+000
    endloop
  endfacet
  facet normal  0.000000e+000  0.000000e+000 -1.000000e+000
    outer loop
      vertex -2.500000e+000 -2.600000e+001 -5.000000e+000
      vertex -5.085786e+000 -2.673079e+001 -5.000000e+000
      vertex -5.388860e+000 -2.648206e+001 -5.000000e+000
    endloop
  endfacet
  facet normal  0.000000e+000  0.000000e+000 -1.000000e+000
    outer loop
      vertex -2.500000e+000 -2.600000e+001 -5.000000e+000
      vertex -5.388860e+000 -2.648206e+001 -5.000000e+000
      vertex -5.734633e+000 -2.629724e+001 -5.000000e+000
    endloop
  endfacet
  facet normal  0.000000e+000  0.000000e+000 -1.000000e+000
    outer loop
      vertex -2.500000e+000 -2.600000e+001 -5.000000e+000
      vertex -5.734633e+000 -2.629724e+001 -5.000000e+000
      vertex -6.109819e+000 -2.618343e+001 -5.000000e+000
    endloop
  endfacet
  facet normal  0.000000e+000  0.000000e+000 -1.000000e+000
    outer loop
      vertex -2.500000e+000 -2.600000e+001 -5.000000e+000
      vertex -6.109819e+000 -2.618343e+001 -5.000000e+000
      vertex -6.500000e+000 -2.614500e+001 -5.000000e+000
    endloop
  endfacet
  facet normal  0.000000e+000  0.000000e+000 -1.000000e+000
    outer loop
      vertex -2.500000e+000 -2.600000e+001 -5.000000e+000
      vertex -6.500000e+000 -2.614500e+001 -5.000000e+000
      vertex -2.300000e+001 -2.614500e+001 -5.000000e+000
    endloop
  endfacet
  facet normal  0.000000e+000  0.000000e+000 -1.000000e+000
    outer loop
      vertex -2.500000e+000 -2.600000e+001 -5.000000e+000
      vertex -2.300000e+001 -2.614500e+001 -5.000000e+000
      vertex -2.339018e+001 -2.610657e+001 -5.000000e+000
    endloop
  endfacet
  facet normal  0.000000e+000  0.000000e+000 -1.000000e+000
    outer loop
      vertex -2.500000e+000 -2.600000e+001 -5.000000e+000
      vertex -2.339018e+001 -2.610657e+001 -5.000000e+000
      vertex -2.376537e+001 -2.599276e+001 -5.000000e+000
    endloop
  endfacet
  facet normal  0.000000e+000  0.000000e+000 -1.000000e+000
    outer loop
      vertex -2.500000e+000 -2.600000e+001 -5.000000e+000
      vertex -2.376537e+001 -2.599276e+001 -5.000000e+000
      vertex -2.484776e+001 -2.491037e+001 -5.000000e+000
    endloop
  endfacet
  facet normal  0.000000e+000  0.000000e+000 -1.000000e+000
    outer loop
      vertex -2.500000e+000 -2.600000e+001 -5.000000e+000
      vertex -2.484776e+001 -2.491037e+001 -5.000000e+000
      vertex -2.496157e+001 -2.453518e+001 -5.000000e+000
    endloop
  endfacet
  facet normal  0.000000e+000  0.000000e+000 -1.000000e+000
    outer loop
      vertex -2.500000e+000 -2.600000e+001 -5.000000e+000
      vertex -2.496157e+001 -2.453518e+001 -5.000000e+000
      vertex -2.500000e+001 -2.414500e+001 -5.000000e+000
    endloop
  endfacet
  facet normal  0.000000e+000  0.000000e+000 -1.000000e+000
    outer loop
      vertex -2.500000e+000 -2.600000e+001 -5.000000e+000
      vertex -2.500000e+001 -2.414500e+001 -5.000000e+000
      vertex -1.526336e+001 -1.657205e+001 -5.000000e+000
    endloop
  endfacet
  facet normal  0.000000e+000  0.000000e+000 -1.000000e+000
    outer loop
      vertex -2.500000e+000 -2.600000e+001 -5.000000e+000
      vertex -1.526336e+001 -1.657205e+001 -5.000000e+000
      vertex -1.486197e+001 -1.681802e+001 -5.000000e+000
    endloop
  endfacet
  facet normal  0.000000e+000  0.000000e+000 -1.000000e+000
    outer loop
      vertex -2.500000e+000 -2.600000e+001 -5.000000e+000
      vertex -1.486197e+001 -1.681802e+001 -5.000000e+000
      vertex -1.442705e+001 -1.699817e+001 -5.000000e+000
    endloop
  endfacet
  facet normal  0.000000e+000  0.000000e+000 -9.999999e-001
    outer loop
      vertex -2.500000e+000 -2.600000e+001 -5.000000e+000
      vertex -1.442705e+001 -1.699817e+001 -5.000000e+000
      vertex -1.396930e+001 -1.710806e+001 -5.000000e+000
    endloop
  endfacet
  facet normal  0.000000e+000  0.000000e+000 -9.999999e-001
    outer loop
      vertex -2.500000e+000 -2.600000e+001 -5.000000e+000
      vertex -1.396930e+001 -1.710806e+001 -5.000000e+000
      vertex -1.350000e+001 -1.714500e+001 -5.000000e+000
    endloop
  endfacet
  facet normal  0.000000e+000  0.000000e+000 -1.000000e+000
    outer loop
      vertex -2.500000e+001 -2.414500e+001 -5.000000e+000
      vertex -2.500000e+001  2.414500e+001 -5.000000e+000
      vertex -1.650000e+001  1.414500e+001 -5.000000e+000
    endloop
  endfacet
  facet normal  0.000000e+000  -0.000000e+000 -1.000000e+000
    outer loop
      vertex -2.500000e+001 -2.414500e+001 -5.000000e+000
      vertex -1.650000e+001  1.414500e+001 -5.000000e+000
      vertex -1.650000e+001 -1.414500e+001 -5.000000e+000
    endloop
  endfacet
  facet normal  0.000000e+000  -0.000000e+000 -1.000000e+000
    outer loop
      vertex -2.500000e+001 -2.414500e+001 -5.000000e+000
      vertex -1.650000e+001 -1.414500e+001 -5.000000e+000
      vertex -1.646306e+001 -1.461430e+001 -5.000000e+000
    endloop
  endfacet
  facet normal  0.000000e+000  -0.000000e+000 -1.000000e+000
    outer loop
      vertex -2.500000e+001 -2.414500e+001 -5.000000e+000
      vertex -1.646306e+001 -1.461430e+001 -5.000000e+000
      vertex -1.635317e+001 -1.507205e+001 -5.000000e+000
    endloop
  endfacet
  facet normal  0.000000e+000  -0.000000e+000 -1.000000e+000
    outer loop
      vertex -2.500000e+001 -2.414500e+001 -5.000000e+000
      vertex -1.635317e+001 -1.507205e+001 -5.000000e+000
      vertex -1.617302e+001 -1.550697e+001 -5.000000e+000
    endloop
  endfacet
  facet normal  0.000000e+000  -0.000000e+000 -1.000000e+000
    outer loop
      vertex -2.500000e+001 -2.414500e+001 -5.000000e+000
      vertex -1.617302e+001 -1.550697e+001 -5.000000e+000
      vertex -1.592705e+001 -1.590836e+001 -5.000000e+000
    endloop
  endfacet
  facet normal  0.000000e+000  -0.000000e+000 -9.999999e-001
    outer loop
      vertex -2.500000e+001 -2.414500e+001 -5.000000e+000
      vertex -1.592705e+001 -1.590836e+001 -5.000000e+000
      vertex -1.562132e+001 -1.626632e+001 -5.000000e+000
    endloop
  endfacet
  facet normal  0.000000e+000  -0.000000e+000 -9.999999e-001
    outer loop
      vertex -2.500000e+001 -2.414500e+001 -5.000000e+000
      vertex -1.562132e+001 -1.626632e+001 -5.000000e+000
      vertex -1.526336e+001 -1.657205e+001 -5.000000e+000
    endloop
  endfacet
  facet normal  0.000000e+000  0.000000e+000 -1.000000e+000
    outer loop
      vertex  2.376537e+001  2.599276e+001 -5.000000e+000
      vertex  1.650000e+001  1.414500e+001 -5.000000e+000
      vertex  1.646306e+001  1.461430e+001 -5.000000e+000
    endloop
  endfacet
  facet normal  0.000000e+000  0.000000e+000 -1.000000e+000
    outer loop
      vertex  2.376537e+001  2.599276e+001 -5.000000e+000
      vertex  1.646306e+001  1.461430e+001 -5.000000e+000
      vertex  1.635317e+001  1.507205e+001 -5.000000e+000
    endloop
  endfacet
  facet normal  0.000000e+000  0.000000e+000 -1.000000e+000
    outer loop
      vertex  2.376537e+001  2.599276e+001 -5.000000e+000
      vertex  1.635317e+001  1.507205e+001 -5.000000e+000
      vertex  1.617302e+001  1.550697e+001 -5.000000e+000
    endloop
  endfacet
  facet normal  0.000000e+000  0.000000e+000 -1.000000e+000
    outer loop
      vertex  2.376537e+001  2.599276e+001 -5.000000e+000
      vertex  1.617302e+001  1.550697e+001 -5.000000e+000
      vertex  1.592705e+001  1.590836e+001 -5.000000e+000
    endloop
  endfacet
  facet normal  0.000000e+000  0.000000e+000 -1.000000e+000
    outer loop
      vertex  2.376537e+001  2.599276e+001 -5.000000e+000
      vertex  1.592705e+001  1.590836e+001 -5.000000e+000
      vertex  1.562132e+001  1.626632e+001 -5.000000e+000
    endloop
  endfacet
  facet normal  0.000000e+000  0.000000e+000 -1.000000e+000
    outer loop
      vertex  2.376537e+001  2.599276e+001 -5.000000e+000
      vertex  1.562132e+001  1.626632e+001 -5.000000e+000
      vertex  1.526336e+001  1.657205e+001 -5.000000e+000
    endloop
  endfacet
  facet normal  0.000000e+000  0.000000e+000 -1.000000e+000
    outer loop
      vertex  2.376537e+001  2.599276e+001 -5.000000e+000
      vertex  1.526336e+001  1.657205e+001 -5.000000e+000
      vertex  1.486197e+001  1.681802e+001 -5.000000e+000
    endloop
  endfacet
  facet normal  0.000000e+000  0.000000e+000 -1.000000e+000
    outer loop
      vertex  2.376537e+001  2.599276e+001 -5.000000e+000
      vertex  1.486197e+001  1.681802e+001 -5.000000e+000
      vertex  1.442705e+001  1.699817e+001 -5.000000e+000
    endloop
  endfacet
  facet normal  0.000000e+000  0.000000e+000 -1.000000e+000
    outer loop
      vertex  2.376537e+001  2.599276e+001 -5.000000e+000
      vertex  1.442705e+001  1.699817e+001 -5.000000e+000
      vertex  1.396930e+001  1.710806e+001 -5.000000e+000
    endloop
  endfacet
  facet normal  0.000000e+000  0.000000e+000 -1.000000e+000
    outer loop
      vertex  2.376537e+001  2.599276e+001 -5.000000e+000
      vertex  1.396930e+001  1.710806e+001 -5.000000e+000
      vertex  1.350000e+001  1.714500e+001 -5.000000e+000
    endloop
  endfacet
  facet normal  0.000000e+000  -0.000000e+000 -1.000000e+000
    outer loop
      vertex -2.376537e+001  2.599276e+001 -5.000000e+000
      vertex -2.339018e+001  2.610657e+001 -5.000000e+000
      vertex -2.500000e+000  2.600000e+001 -5.000000e+000
    endloop
  endfacet
  facet normal  0.000000e+000  0.000000e+000 -9.999999e-001
    outer loop
      vertex -2.376537e+001  2.599276e+001 -5.000000e+000
      vertex -2.500000e+000  2.600000e+001 -5.000000e+000
      vertex -1.526336e+001  1.657205e+001 -5.000000e+000
    endloop
  endfacet
  facet normal  -0.000000e+000  0.000000e+000 -1.000000e+000
    outer loop
      vertex -2.376537e+001  2.599276e+001 -5.000000e+000
      vertex -1.526336e+001  1.657205e+001 -5.000000e+000
      vertex -1.562132e+001  1.626632e+001 -5.000000e+000
    endloop
  endfacet
  facet normal  -0.000000e+000  0.000000e+000 -1.000000e+000
    outer loop
      vertex -2.376537e+001  2.599276e+001 -5.000000e+000
      vertex -1.562132e+001  1.626632e+001 -5.000000e+000
      vertex -1.592705e+001  1.590836e+001 -5.000000e+000
    endloop
  endfacet
  facet normal  -0.000000e+000  0.000000e+000 -1.000000e+000
    outer loop
      vertex -2.376537e+001  2.599276e+001 -5.000000e+000
      vertex -1.592705e+001  1.590836e+001 -5.000000e+000
      vertex -1.617302e+001  1.550697e+001 -5.000000e+000
    endloop
  endfacet
  facet normal  -0.000000e+000  0.000000e+000 -1.000000e+000
    outer loop
      vertex -2.376537e+001  2.599276e+001 -5.000000e+000
      vertex -1.617302e+001  1.550697e+001 -5.000000e+000
      vertex -1.635317e+001  1.507205e+001 -5.000000e+000
    endloop
  endfacet
  facet normal  -0.000000e+000  0.000000e+000 -1.000000e+000
    outer loop
      vertex -2.376537e+001  2.599276e+001 -5.000000e+000
      vertex -1.635317e+001  1.507205e+001 -5.000000e+000
      vertex -1.646306e+001  1.461430e+001 -5.000000e+000
    endloop
  endfacet
  facet normal  -0.000000e+000  0.000000e+000 -1.000000e+000
    outer loop
      vertex -2.376537e+001  2.599276e+001 -5.000000e+000
      vertex -1.646306e+001  1.461430e+001 -5.000000e+000
      vertex -1.650000e+001  1.414500e+001 -5.000000e+000
    endloop
  endfacet
  facet normal  0.000000e+000  0.000000e+000 -9.999999e-001
    outer loop
      vertex  2.376537e+001 -2.599276e+001 -5.000000e+000
      vertex  2.484776e+001 -2.491037e+001 -5.000000e+000
      vertex  2.466294e+001 -2.525614e+001 -5.000000e+000
    endloop
  endfacet
  facet normal  0.000000e+000  0.000000e+000 -1.000000e+000
    outer loop
      vertex  2.376537e+001 -2.599276e+001 -5.000000e+000
      vertex  2.466294e+001 -2.525614e+001 -5.000000e+000
      vertex  2.441421e+001 -2.555921e+001 -5.000000e+000
    endloop
  endfacet
  facet normal  0.000000e+000  0.000000e+000 -1.000000e+000
    outer loop
      vertex  2.376537e+001 -2.599276e+001 -5.000000e+000
      vertex  2.441421e+001 -2.555921e+001 -5.000000e+000
      vertex  2.411114e+001 -2.580794e+001 -5.000000e+000
    endloop
  endfacet
  facet normal  0.000000e+000  -0.000000e+000 -9.999999e-001
    outer loop
      vertex  1.650000e+001  1.414500e+001 -5.000000e+000
      vertex  2.376537e+001  2.599276e+001 -5.000000e+000
      vertex  2.411114e+001  2.580794e+001 -5.000000e+000
    endloop
  endfacet
  facet normal  0.000000e+000  -0.000000e+000 -1.000000e+000
    outer loop
      vertex  1.650000e+001  1.414500e+001 -5.000000e+000
      vertex  2.411114e+001  2.580794e+001 -5.000000e+000
      vertex  2.441421e+001  2.555921e+001 -5.000000e+000
    endloop
  endfacet
  facet normal  0.000000e+000  -0.000000e+000 -9.999999e-001
    outer loop
      vertex  1.650000e+001  1.414500e+001 -5.000000e+000
      vertex  2.441421e+001  2.555921e+001 -5.000000e+000
      vertex  2.466294e+001  2.525614e+001 -5.000000e+000
    endloop
  endfacet
  facet normal  0.000000e+000  -0.000000e+000 -1.000000e+000
    outer loop
      vertex  1.650000e+001  1.414500e+001 -5.000000e+000
      vertex  2.466294e+001  2.525614e+001 -5.000000e+000
      vertex  2.484776e+001  2.491037e+001 -5.000000e+000
    endloop
  endfacet
  facet normal  0.000000e+000  -0.000000e+000 -1.000000e+000
    outer loop
      vertex  1.650000e+001  1.414500e+001 -5.000000e+000
      vertex  2.484776e+001  2.491037e+001 -5.000000e+000
      vertex  2.496157e+001  2.453518e+001 -5.000000e+000
    endloop
  endfacet
  facet normal  0.000000e+000  -0.000000e+000 -9.999999e-001
    outer loop
      vertex  1.650000e+001  1.414500e+001 -5.000000e+000
      vertex  2.496157e+001  2.453518e+001 -5.000000e+000
      vertex  2.500000e+001  2.414500e+001 -5.000000e+000
    endloop
  endfacet
  facet normal  0.000000e+000  0.000000e+000 -1.000000e+000
    outer loop
      vertex -2.376537e+001 -2.599276e+001 -5.000000e+000
      vertex -2.411114e+001 -2.580794e+001 -5.000000e+000
      vertex -2.441421e+001 -2.555921e+001 -5.000000e+000
    endloop
  endfacet
  facet normal  0.000000e+000  0.000000e+000 -1.000000e+000
    outer loop
      vertex -2.376537e+001 -2.599276e+001 -5.000000e+000
      vertex -2.441421e+001 -2.555921e+001 -5.000000e+000
      vertex -2.466294e+001 -2.525614e+001 -5.000000e+000
    endloop
  endfacet
  facet normal  0.000000e+000  0.000000e+000 -9.999999e-001
    outer loop
      vertex -2.376537e+001 -2.599276e+001 -5.000000e+000
      vertex -2.466294e+001 -2.525614e+001 -5.000000e+000
      vertex -2.484776e+001 -2.491037e+001 -5.000000e+000
    endloop
  endfacet
  facet normal  0.000000e+000  0.000000e+000 -9.999999e-001
    outer loop
      vertex -1.650000e+001  1.414500e+001 -5.000000e+000
      vertex -2.500000e+001  2.414500e+001 -5.000000e+000
      vertex -2.496157e+001  2.453518e+001 -5.000000e+000
    endloop
  endfacet
  facet normal  0.000000e+000  0.000000e+000 -1.000000e+000
    outer loop
      vertex -1.650000e+001  1.414500e+001 -5.000000e+000
      vertex -2.496157e+001  2.453518e+001 -5.000000e+000
      vertex -2.484776e+001  2.491037e+001 -5.000000e+000
    endloop
  endfacet
  facet normal  0.000000e+000  0.000000e+000 -1.000000e+000
    outer loop
      vertex -1.650000e+001  1.414500e+001 -5.000000e+000
      vertex -2.484776e+001  2.491037e+001 -5.000000e+000
      vertex -2.466294e+001  2.525614e+001 -5.000000e+000
    endloop
  endfacet
  facet normal  0.000000e+000  0.000000e+000 -1.000000e+000
    outer loop
      vertex -1.650000e+001  1.414500e+001 -5.000000e+000
      vertex -2.466294e+001  2.525614e+001 -5.000000e+000
      vertex -2.441421e+001  2.555921e+001 -5.000000e+000
    endloop
  endfacet
  facet normal  0.000000e+000  0.000000e+000 -1.000000e+000
    outer loop
      vertex -1.650000e+001  1.414500e+001 -5.000000e+000
      vertex -2.441421e+001  2.555921e+001 -5.000000e+000
      vertex -2.411114e+001  2.580794e+001 -5.000000e+000
    endloop
  endfacet
  facet normal  0.000000e+000  0.000000e+000 -9.999999e-001
    outer loop
      vertex -1.650000e+001  1.414500e+001 -5.000000e+000
      vertex -2.411114e+001  2.580794e+001 -5.000000e+000
      vertex -2.376537e+001  2.599276e+001 -5.000000e+000
    endloop
  endfacet
  facet normal  0.000000e+000  0.000000e+000 -1.000000e+000
    outer loop
      vertex -2.500000e+000 -3.050000e+001 -5.000000e+000
      vertex -2.500000e+000 -2.600000e+001 -5.000000e+000
      vertex -2.462019e+000 -2.643412e+001 -5.000000e+000
    endloop
  endfacet
  facet normal  0.000000e+000  -0.000000e+000 -1.000000e+000
    outer loop
      vertex -2.500000e+000 -3.050000e+001 -5.000000e+000
      vertex -2.462019e+000 -2.643412e+001 -5.000000e+000
      vertex -2.349231e+000 -2.685505e+001 -5.000000e+000
    endloop
  endfacet
  facet normal  0.000000e+000  -0.000000e+000 -1.000000e+000
    outer loop
      vertex -2.500000e+000 -3.050000e+001 -5.000000e+000
      vertex -2.349231e+000 -2.685505e+001 -5.000000e+000
      vertex -2.165064e+000 -2.725000e+001 -5.000000e+000
    endloop
  endfacet
  facet normal  0.000000e+000  -0.000000e+000 -1.000000e+000
    outer loop
      vertex -2.500000e+000 -3.050000e+001 -5.000000e+000
      vertex -2.165064e+000 -2.725000e+001 -5.000000e+000
      vertex -1.915111e+000 -2.760697e+001 -5.000000e+000
    endloop
  endfacet
  facet normal  0.000000e+000  -0.000000e+000 -1.000000e+000
    outer loop
      vertex -2.500000e+000 -3.050000e+001 -5.000000e+000
      vertex -1.915111e+000 -2.760697e+001 -5.000000e+000
      vertex -1.606969e+000 -2.791511e+001 -5.000000e+000
    endloop
  endfacet
  facet normal  0.000000e+000  -0.000000e+000 -1.000000e+000
    outer loop
      vertex -2.500000e+000 -3.050000e+001 -5.000000e+000
      vertex -1.606969e+000 -2.791511e+001 -5.000000e+000
      vertex -1.250000e+000 -2.816506e+001 -5.000000e+000
    endloop
  endfacet
  facet normal  0.000000e+000  -0.000000e+000 -1.000000e+000
    outer loop
      vertex -2.500000e+000 -3.050000e+001 -5.000000e+000
      vertex -1.250000e+000 -2.816506e+001 -5.000000e+000
      vertex  2.500000e+000 -3.050000e+001 -5.000000e+000
    endloop
  endfacet
  facet normal  -0.000000e+000  0.000000e+000 -1.000000e+000
    outer loop
      vertex  4.538429e+000 -2.775482e+001 -5.000000e+000
      vertex  4.500000e+000 -2.814500e+001 -5.000000e+000
      vertex  4.347759e+000 -2.926537e+001 -5.000000e+000
    endloop
  endfacet
  facet normal  -0.000000e+000  0.000000e+000 -1.000000e+000
    outer loop
      vertex  4.538429e+000 -2.775482e+001 -5.000000e+000
      vertex  4.347759e+000 -2.926537e+001 -5.000000e+000
      vertex  4.162939e+000 -2.961114e+001 -5.000000e+000
    endloop
  endfacet
  facet normal  -0.000000e+000  0.000000e+000 -1.000000e+000
    outer loop
      vertex  4.538429e+000 -2.775482e+001 -5.000000e+000
      vertex  4.162939e+000 -2.961114e+001 -5.000000e+000
      vertex  3.914214e+000 -2.991421e+001 -5.000000e+000
    endloop
  endfacet
  facet normal  -0.000000e+000  0.000000e+000 -1.000000e+000
    outer loop
      vertex  4.538429e+000 -2.775482e+001 -5.000000e+000
      vertex  3.914214e+000 -2.991421e+001 -5.000000e+000
      vertex  3.611140e+000 -3.016294e+001 -5.000000e+000
    endloop
  endfacet
  facet normal  -0.000000e+000  0.000000e+000 -9.999999e-001
    outer loop
      vertex  4.652241e+000 -2.737963e+001 -5.000000e+000
      vertex  4.538429e+000 -2.775482e+001 -5.000000e+000
      vertex  3.611140e+000 -3.016294e+001 -5.000000e+000
    endloop
  endfacet
  facet normal  -0.000000e+000  0.000000e+000 -1.000000e+000
    outer loop
      vertex  4.652241e+000 -2.737963e+001 -5.000000e+000
      vertex  3.611140e+000 -3.016294e+001 -5.000000e+000
      vertex  3.265367e+000 -3.034776e+001 -5.000000e+000
    endloop
  endfacet
  facet normal  -0.000000e+000  0.000000e+000 -1.000000e+000
    outer loop
      vertex  4.652241e+000 -2.737963e+001 -5.000000e+000
      vertex  3.265367e+000 -3.034776e+001 -5.000000e+000
      vertex  2.890181e+000 -3.046157e+001 -5.000000e+000
    endloop
  endfacet
  facet normal  0.000000e+000  0.000000e+000 -1.000000e+000
    outer loop
      vertex  4.652241e+000 -2.737963e+001 -5.000000e+000
      vertex  2.890181e+000 -3.046157e+001 -5.000000e+000
      vertex  4.837061e+000 -2.703386e+001 -5.000000e+000
    endloop
  endfacet
  facet normal  0.000000e+000  0.000000e+000 -1.000000e+000
    outer loop
      vertex  1.350000e+001 -1.714500e+001 -5.000000e+000
      vertex  2.500000e+000 -2.600000e+001 -5.000000e+000
      vertex  2.462019e+000 -2.556588e+001 -5.000000e+000
    endloop
  endfacet
  facet normal  0.000000e+000  0.000000e+000 -1.000000e+000
    outer loop
      vertex  1.350000e+001 -1.714500e+001 -5.000000e+000
      vertex  2.462019e+000 -2.556588e+001 -5.000000e+000
      vertex  2.349231e+000 -2.514495e+001 -5.000000e+000
    endloop
  endfacet
  facet normal  0.000000e+000  0.000000e+000 -9.999999e-001
    outer loop
      vertex  1.350000e+001 -1.714500e+001 -5.000000e+000
      vertex  2.349231e+000 -2.514495e+001 -5.000000e+000
      vertex  2.165064e+000 -2.475000e+001 -5.000000e+000
    endloop
  endfacet
  facet normal  0.000000e+000  0.000000e+000 -1.000000e+000
    outer loop
      vertex  1.350000e+001 -1.714500e+001 -5.000000e+000
      vertex  2.165064e+000 -2.475000e+001 -5.000000e+000
      vertex  1.915111e+000 -2.439303e+001 -5.000000e+000
    endloop
  endfacet
  facet normal  0.000000e+000  0.000000e+000 -1.000000e+000
    outer loop
      vertex  1.350000e+001 -1.714500e+001 -5.000000e+000
      vertex  1.915111e+000 -2.439303e+001 -5.000000e+000
      vertex  1.606969e+000 -2.408489e+001 -5.000000e+000
    endloop
  endfacet
  facet normal  0.000000e+000  0.000000e+000 -1.000000e+000
    outer loop
      vertex  1.350000e+001 -1.714500e+001 -5.000000e+000
      vertex  1.606969e+000 -2.408489e+001 -5.000000e+000
      vertex  1.250000e+000 -2.383494e+001 -5.000000e+000
    endloop
  endfacet
  facet normal  0.000000e+000  0.000000e+000 -1.000000e+000
    outer loop
      vertex  1.350000e+001 -1.714500e+001 -5.000000e+000
      vertex  1.250000e+000 -2.383494e+001 -5.000000e+000
      vertex  8.550504e-001 -2.365077e+001 -5.000000e+000
    endloop
  endfacet
  facet normal  0.000000e+000  0.000000e+000 -1.000000e+000
    outer loop
      vertex  1.350000e+001 -1.714500e+001 -5.000000e+000
      vertex  8.550504e-001 -2.365077e+001 -5.000000e+000
      vertex  4.341204e-001 -2.353798e+001 -5.000000e+000
    endloop
  endfacet
  facet normal  0.000000e+000  0.000000e+000 -1.000000e+000
    outer loop
      vertex  1.350000e+001 -1.714500e+001 -5.000000e+000
      vertex  4.341204e-001 -2.353798e+001 -5.000000e+000
      vertex  0.000000e+000 -2.350000e+001 -5.000000e+000
    endloop
  endfacet
  facet normal  -0.000000e+000  0.000000e+000 -1.000000e+000
    outer loop
      vertex  1.350000e+001 -1.714500e+001 -5.000000e+000
      vertex  0.000000e+000 -2.350000e+001 -5.000000e+000
      vertex -4.341204e-001 -2.353798e+001 -5.000000e+000
    endloop
  endfacet
  facet normal  -0.000000e+000  0.000000e+000 -1.000000e+000
    outer loop
      vertex  1.350000e+001 -1.714500e+001 -5.000000e+000
      vertex -4.341204e-001 -2.353798e+001 -5.000000e+000
      vertex -8.550504e-001 -2.365077e+001 -5.000000e+000
    endloop
  endfacet
  facet normal  -0.000000e+000  0.000000e+000 -1.000000e+000
    outer loop
      vertex -1.350000e+001 -1.714500e+001 -5.000000e+000
      vertex  1.350000e+001 -1.714500e+001 -5.000000e+000
      vertex -8.550504e-001 -2.365077e+001 -5.000000e+000
    endloop
  endfacet
  facet normal  -0.000000e+000  0.000000e+000 -1.000000e+000
    outer loop
      vertex -1.350000e+001 -1.714500e+001 -5.000000e+000
      vertex -8.550504e-001 -2.365077e+001 -5.000000e+000
      vertex -1.250000e+000 -2.383494e+001 -5.000000e+000
    endloop
  endfacet
  facet normal  -0.000000e+000  0.000000e+000 -1.000000e+000
    outer loop
      vertex -1.350000e+001 -1.714500e+001 -5.000000e+000
      vertex -1.250000e+000 -2.383494e+001 -5.000000e+000
      vertex -1.606969e+000 -2.408489e+001 -5.000000e+000
    endloop
  endfacet
  facet normal  -0.000000e+000  0.000000e+000 -1.000000e+000
    outer loop
      vertex -1.350000e+001 -1.714500e+001 -5.000000e+000
      vertex -1.606969e+000 -2.408489e+001 -5.000000e+000
      vertex -1.915111e+000 -2.439303e+001 -5.000000e+000
    endloop
  endfacet
  facet normal  -0.000000e+000  0.000000e+000 -1.000000e+000
    outer loop
      vertex -1.350000e+001 -1.714500e+001 -5.000000e+000
      vertex -1.915111e+000 -2.439303e+001 -5.000000e+000
      vertex -2.165064e+000 -2.475000e+001 -5.000000e+000
    endloop
  endfacet
  facet normal  -0.000000e+000  0.000000e+000 -9.999999e-001
    outer loop
      vertex -1.350000e+001 -1.714500e+001 -5.000000e+000
      vertex -2.165064e+000 -2.475000e+001 -5.000000e+000
      vertex -2.349231e+000 -2.514495e+001 -5.000000e+000
    endloop
  endfacet
  facet normal  -0.000000e+000  0.000000e+000 -1.000000e+000
    outer loop
      vertex -1.350000e+001 -1.714500e+001 -5.000000e+000
      vertex -2.349231e+000 -2.514495e+001 -5.000000e+000
      vertex -2.462019e+000 -2.556588e+001 -5.000000e+000
    endloop
  endfacet
  facet normal  -0.000000e+000  0.000000e+000 -1.000000e+000
    outer loop
      vertex -1.350000e+001 -1.714500e+001 -5.000000e+000
      vertex -2.462019e+000 -2.556588e+001 -5.000000e+000
      vertex -2.500000e+000 -2.600000e+001 -5.000000e+000
    endloop
  endfacet
  facet normal  0.000000e+000  0.000000e+000 -1.000000e+000
    outer loop
      vertex  1.350000e+001  1.714500e+001 -5.000000e+000
      vertex -8.550504e-001  2.365077e+001 -5.000000e+000
      vertex -4.341204e-001  2.353798e+001 -5.000000e+000
    endloop
  endfacet
  facet normal  0.000000e+000  0.000000e+000 -1.000000e+000
    outer loop
      vertex  1.350000e+001  1.714500e+001 -5.000000e+000
      vertex -4.341204e-001  2.353798e+001 -5.000000e+000
      vertex -3.061617e-016  2.350000e+001 -5.000000e+000
    endloop
  endfacet
  facet normal  0.000000e+000  0.000000e+000 -1.000000e+000
    outer loop
      vertex  1.350000e+001  1.714500e+001 -5.000000e+000
      vertex -3.061617e-016  2.350000e+001 -5.000000e+000
      vertex  4.341204e-001  2.353798e+001 -5.000000e+000
    endloop
  endfacet
  facet normal  0.000000e+000  0.000000e+000 -1.000000e+000
    outer loop
      vertex  1.350000e+001  1.714500e+001 -5.000000e+000
      vertex  4.341204e-001  2.353798e+001 -5.000000e+000
      vertex  8.550504e-001  2.365077e+001 -5.000000e+000
    endloop
  endfacet
  facet normal  0.000000e+000  0.000000e+000 -1.000000e+000
    outer loop
      vertex  1.350000e+001  1.714500e+001 -5.000000e+000
      vertex  8.550504e-001  2.365077e+001 -5.000000e+000
      vertex  1.250000e+000  2.383494e+001 -5.000000e+000
    endloop
  endfacet
  facet normal  0.000000e+000  0.000000e+000 -1.000000e+000
    outer loop
      vertex  1.350000e+001  1.714500e+001 -5.000000e+000
      vertex  1.250000e+000  2.383494e+001 -5.000000e+000
      vertex  1.606969e+000  2.408489e+001 -5.000000e+000
    endloop
  endfacet
  facet normal  0.000000e+000  0.000000e+000 -1.000000e+000
    outer loop
      vertex  1.350000e+001  1.714500e+001 -5.000000e+000
      vertex  1.606969e+000  2.408489e+001 -5.000000e+000
      vertex  1.915111e+000  2.439303e+001 -5.000000e+000
    endloop
  endfacet
  facet normal  0.000000e+000  0.000000e+000 -1.000000e+000
    outer loop
      vertex  1.350000e+001  1.714500e+001 -5.000000e+000
      vertex  1.915111e+000  2.439303e+001 -5.000000e+000
      vertex  2.165064e+000  2.475000e+001 -5.000000e+000
    endloop
  endfacet
  facet normal  0.000000e+000  0.000000e+000 -9.999999e-001
    outer loop
      vertex  1.350000e+001  1.714500e+001 -5.000000e+000
      vertex  2.165064e+000  2.475000e+001 -5.000000e+000
      vertex  2.349231e+000  2.514495e+001 -5.000000e+000
    endloop
  endfacet
  facet normal  0.000000e+000  0.000000e+000 -1.000000e+000
    outer loop
      vertex  1.350000e+001  1.714500e+001 -5.000000e+000
      vertex  2.349231e+000  2.514495e+001 -5.000000e+000
      vertex  2.462019e+000  2.556588e+001 -5.000000e+000
    endloop
  endfacet
  facet normal  0.000000e+000  0.000000e+000 -1.000000e+000
    outer loop
      vertex  1.350000e+001  1.714500e+001 -5.000000e+000
      vertex  2.462019e+000  2.556588e+001 -5.000000e+000
      vertex  2.500000e+000  2.600000e+001 -5.000000e+000
    endloop
  endfacet
  facet normal  0.000000e+000  -0.000000e+000 -1.000000e+000
    outer loop
      vertex -1.350000e+001  1.714500e+001 -5.000000e+000
      vertex -2.500000e+000  2.600000e+001 -5.000000e+000
      vertex -2.462019e+000  2.556588e+001 -5.000000e+000
    endloop
  endfacet
  facet normal  0.000000e+000  -0.000000e+000 -1.000000e+000
    outer loop
      vertex -1.350000e+001  1.714500e+001 -5.000000e+000
      vertex -2.462019e+000  2.556588e+001 -5.000000e+000
      vertex -2.349231e+000  2.514495e+001 -5.000000e+000
    endloop
  endfacet
  facet normal  0.000000e+000  -0.000000e+000 -9.999999e-001
    outer loop
      vertex -1.350000e+001  1.714500e+001 -5.000000e+000
      vertex -2.349231e+000  2.514495e+001 -5.000000e+000
      vertex -2.165064e+000  2.475000e+001 -5.000000e+000
    endloop
  endfacet
  facet normal  0.000000e+000  -0.000000e+000 -1.000000e+000
    outer loop
      vertex -1.350000e+001  1.714500e+001 -5.000000e+000
      vertex -2.165064e+000  2.475000e+001 -5.000000e+000
      vertex -1.915111e+000  2.439303e+001 -5.000000e+000
    endloop
  endfacet
  facet normal  0.000000e+000  -0.000000e+000 -1.000000e+000
    outer loop
      vertex -1.350000e+001  1.714500e+001 -5.000000e+000
      vertex -1.915111e+000  2.439303e+001 -5.000000e+000
      vertex -1.606969e+000  2.408489e+001 -5.000000e+000
    endloop
  endfacet
  facet normal  0.000000e+000  -0.000000e+000 -1.000000e+000
    outer loop
      vertex -1.350000e+001  1.714500e+001 -5.000000e+000
      vertex -1.606969e+000  2.408489e+001 -5.000000e+000
      vertex -1.250000e+000  2.383494e+001 -5.000000e+000
    endloop
  endfacet
  facet normal  0.000000e+000  -0.000000e+000 -1.000000e+000
    outer loop
      vertex -1.350000e+001  1.714500e+001 -5.000000e+000
      vertex -1.250000e+000  2.383494e+001 -5.000000e+000
      vertex -8.550504e-001  2.365077e+001 -5.000000e+000
    endloop
  endfacet
  facet normal  0.000000e+000  -0.000000e+000 -1.000000e+000
    outer loop
      vertex -1.350000e+001  1.714500e+001 -5.000000e+000
      vertex -8.550504e-001  2.365077e+001 -5.000000e+000
      vertex  1.350000e+001  1.714500e+001 -5.000000e+000
    endloop
  endfacet
  facet normal  -0.000000e+000  0.000000e+000 -9.999999e-001
    outer loop
      vertex -2.500000e+000  2.600000e+001 -5.000000e+000
      vertex -1.350000e+001  1.714500e+001 -5.000000e+000
      vertex -1.396930e+001  1.710806e+001 -5.000000e+000
    endloop
  endfacet
  facet normal  -0.000000e+000  0.000000e+000 -9.999999e-001
    outer loop
      vertex -2.500000e+000  2.600000e+001 -5.000000e+000
      vertex -1.396930e+001  1.710806e+001 -5.000000e+000
      vertex -1.442705e+001  1.699817e+001 -5.000000e+000
    endloop
  endfacet
  facet normal  -0.000000e+000  0.000000e+000 -1.000000e+000
    outer loop
      vertex -2.500000e+000  2.600000e+001 -5.000000e+000
      vertex -1.442705e+001  1.699817e+001 -5.000000e+000
      vertex -1.486197e+001  1.681802e+001 -5.000000e+000
    endloop
  endfacet
  facet normal  -0.000000e+000  0.000000e+000 -1.000000e+000
    outer loop
      vertex -2.500000e+000  2.600000e+001 -5.000000e+000
      vertex -1.486197e+001  1.681802e+001 -5.000000e+000
      vertex -1.526336e+001  1.657205e+001 -5.000000e+000
    endloop
  endfacet
  facet normal  0.000000e+000  0.000000e+000 -9.999999e-001
    outer loop
      vertex -2.500000e+000  2.600000e+001 -5.000000e+000
      vertex -2.339018e+001  2.610657e+001 -5.000000e+000
      vertex -2.300000e+001  2.614500e+001 -5.000000e+000
    endloop
  endfacet
  facet normal  0.000000e+000  0.000000e+000 -1.000000e+000
    outer loop
      vertex -2.500000e+000  2.600000e+001 -5.000000e+000
      vertex -2.300000e+001  2.614500e+001 -5.000000e+000
      vertex -6.500000e+000  2.614500e+001 -5.000000e+000
    endloop
  endfacet
  facet normal  0.000000e+000  0.000000e+000 -1.000000e+000
    outer loop
      vertex -2.500000e+000  2.600000e+001 -5.000000e+000
      vertex -6.500000e+000  2.614500e+001 -5.000000e+000
      vertex -6.109819e+000  2.618343e+001 -5.000000e+000
    endloop
  endfacet
  facet normal  0.000000e+000  0.000000e+000 -1.000000e+000
    outer loop
      vertex -2.500000e+000  2.600000e+001 -5.000000e+000
      vertex -6.109819e+000  2.618343e+001 -5.000000e+000
      vertex -5.734633e+000  2.629724e+001 -5.000000e+000
    endloop
  endfacet
  facet normal  0.000000e+000  0.000000e+000 -1.000000e+000
    outer loop
      vertex -2.500000e+000  2.600000e+001 -5.000000e+000
      vertex -5.734633e+000  2.629724e+001 -5.000000e+000
      vertex -5.388860e+000  2.648206e+001 -5.000000e+000
    endloop
  endfacet
  facet normal  0.000000e+000  0.000000e+000 -9.999999e-001
    outer loop
      vertex -2.500000e+000  2.600000e+001 -5.000000e+000
      vertex -5.388860e+000  2.648206e+001 -5.000000e+000
      vertex -5.085786e+000  2.673079e+001 -5.000000e+000
    endloop
  endfacet
  facet normal  0.000000e+000  0.000000e+000 -1.000000e+000
    outer loop
      vertex -2.500000e+000  2.600000e+001 -5.000000e+000
      vertex -5.085786e+000  2.673079e+001 -5.000000e+000
      vertex -4.837061e+000  2.703386e+001 -5.000000e+000
    endloop
  endfacet
  facet normal  0.000000e+000  0.000000e+000 -9.999999e-001
    outer loop
      vertex -2.500000e+000  2.600000e+001 -5.000000e+000
      vertex -4.837061e+000  2.703386e+001 -5.000000e+000
      vertex -4.652241e+000  2.737963e+001 -5.000000e+000
    endloop
  endfacet
  facet normal  0.000000e+000  0.000000e+000 -1.000000e+000
    outer loop
      vertex -2.500000e+000  2.600000e+001 -5.000000e+000
      vertex -4.652241e+000  2.737963e+001 -5.000000e+000
      vertex -4.538429e+000  2.775482e+001 -5.000000e+000
    endloop
  endfacet
  facet normal  0.000000e+000  0.000000e+000 -1.000000e+000
    outer loop
      vertex -2.500000e+000  2.600000e+001 -5.000000e+000
      vertex -4.538429e+000  2.775482e+001 -5.000000e+000
      vertex -4.500000e+000  2.814500e+001 -5.000000e+000
    endloop
  endfacet
  facet normal  0.000000e+000  0.000000e+000 -1.000000e+000
    outer loop
      vertex -2.500000e+000  2.600000e+001 -5.000000e+000
      vertex -4.500000e+000  2.814500e+001 -5.000000e+000
      vertex -4.500000e+000  2.850000e+001 -5.000000e+000
    endloop
  endfacet
  facet normal  0.000000e+000  0.000000e+000 -1.000000e+000
    outer loop
      vertex -2.500000e+000  2.600000e+001 -5.000000e+000
      vertex -4.500000e+000  2.850000e+001 -5.000000e+000
      vertex -4.461571e+000  2.889018e+001 -5.000000e+000
    endloop
  endfacet
  facet normal  0.000000e+000  0.000000e+000 -1.000000e+000
    outer loop
      vertex -2.500000e+000  2.600000e+001 -5.000000e+000
      vertex -4.461571e+000  2.889018e+001 -5.000000e+000
      vertex -4.347759e+000  2.926537e+001 -5.000000e+000
    endloop
  endfacet
  facet normal  0.000000e+000  0.000000e+000 -1.000000e+000
    outer loop
      vertex -2.500000e+000  2.600000e+001 -5.000000e+000
      vertex -4.347759e+000  2.926537e+001 -5.000000e+000
      vertex -4.162939e+000  2.961114e+001 -5.000000e+000
    endloop
  endfacet
  facet normal  0.000000e+000  0.000000e+000 -1.000000e+000
    outer loop
      vertex -2.500000e+000  2.600000e+001 -5.000000e+000
      vertex -4.162939e+000  2.961114e+001 -5.000000e+000
      vertex -3.914214e+000  2.991421e+001 -5.000000e+000
    endloop
  endfacet
  facet normal  0.000000e+000  0.000000e+000 -1.000000e+000
    outer loop
      vertex -2.500000e+000  2.600000e+001 -5.000000e+000
      vertex -3.914214e+000  2.991421e+001 -5.000000e+000
      vertex -3.611140e+000  3.016294e+001 -5.000000e+000
    endloop
  endfacet
  facet normal  0.000000e+000  0.000000e+000 -9.999999e-001
    outer loop
      vertex -2.500000e+000  2.600000e+001 -5.000000e+000
      vertex -3.611140e+000  3.016294e+001 -5.000000e+000
      vertex -3.265367e+000  3.034776e+001 -5.000000e+000
    endloop
  endfacet
  facet normal  0.000000e+000  0.000000e+000 -9.999999e-001
    outer loop
      vertex -2.500000e+000  2.600000e+001 -5.000000e+000
      vertex -3.265367e+000  3.034776e+001 -5.000000e+000
      vertex -2.890181e+000  3.046157e+001 -5.000000e+000
    endloop
  endfacet
  facet normal  0.000000e+000  0.000000e+000 -1.000000e+000
    outer loop
      vertex  2.500000e+000  3.050000e+001 -5.000000e+000
      vertex  2.500000e+000  2.600000e+001 -5.000000e+000
      vertex  2.462019e+000  2.643412e+001 -5.000000e+000
    endloop
  endfacet
  facet normal  0.000000e+000  0.000000e+000 -1.000000e+000
    outer loop
      vertex  2.500000e+000  3.050000e+001 -5.000000e+000
      vertex  2.462019e+000  2.643412e+001 -5.000000e+000
      vertex  2.349231e+000  2.685505e+001 -5.000000e+000
    endloop
  endfacet
  facet normal  0.000000e+000  0.000000e+000 -1.000000e+000
    outer loop
      vertex  2.500000e+000  3.050000e+001 -5.000000e+000
      vertex  2.349231e+000  2.685505e+001 -5.000000e+000
      vertex  2.165064e+000  2.725000e+001 -5.000000e+000
    endloop
  endfacet
  facet normal  0.000000e+000  0.000000e+000 -1.000000e+000
    outer loop
      vertex  2.500000e+000  3.050000e+001 -5.000000e+000
      vertex  2.165064e+000  2.725000e+001 -5.000000e+000
      vertex  1.915111e+000  2.760697e+001 -5.000000e+000
    endloop
  endfacet
  facet normal  0.000000e+000  0.000000e+000 -1.000000e+000
    outer loop
      vertex  2.500000e+000  3.050000e+001 -5.000000e+000
      vertex  1.915111e+000  2.760697e+001 -5.000000e+000
      vertex  1.606969e+000  2.791511e+001 -5.000000e+000
    endloop
  endfacet
  facet normal  0.000000e+000  0.000000e+000 -1.000000e+000
    outer loop
      vertex  2.500000e+000  3.050000e+001 -5.000000e+000
      vertex  1.606969e+000  2.791511e+001 -5.000000e+000
      vertex  1.250000e+000  2.816506e+001 -5.000000e+000
    endloop
  endfacet
  facet normal  0.000000e+000  0.000000e+000 -1.000000e+000
    outer loop
      vertex  2.500000e+000  3.050000e+001 -5.000000e+000
      vertex  1.250000e+000  2.816506e+001 -5.000000e+000
      vertex  8.550504e-001  2.834923e+001 -5.000000e+000
    endloop
  endfacet
  facet normal  0.000000e+000  0.000000e+000 -1.000000e+000
    outer loop
      vertex  2.500000e+000  3.050000e+001 -5.000000e+000
      vertex  8.550504e-001  2.834923e+001 -5.000000e+000
      vertex  4.341204e-001  2.846202e+001 -5.000000e+000
    endloop
  endfacet
  facet normal  0.000000e+000  0.000000e+000 -1.000000e+000
    outer loop
      vertex  2.500000e+000  3.050000e+001 -5.000000e+000
      vertex  4.341204e-001  2.846202e+001 -5.000000e+000
      vertex  1.577722e-030  2.850000e+001 -5.000000e+000
    endloop
  endfacet
  facet normal  -0.000000e+000  0.000000e+000 -1.000000e+000
    outer loop
      vertex  2.500000e+000  3.050000e+001 -5.000000e+000
      vertex  1.577722e-030  2.850000e+001 -5.000000e+000
      vertex -4.341204e-001  2.846202e+001 -5.000000e+000
    endloop
  endfacet
  facet normal  -0.000000e+000  0.000000e+000 -1.000000e+000
    outer loop
      vertex  2.500000e+000  3.050000e+001 -5.000000e+000
      vertex -4.341204e-001  2.846202e+001 -5.000000e+000
      vertex -8.550504e-001  2.834923e+001 -5.000000e+000
    endloop
  endfacet
  facet normal  -0.000000e+000  0.000000e+000 -1.000000e+000
    outer loop
      vertex  2.500000e+000  3.050000e+001 -5.000000e+000
      vertex -8.550504e-001  2.834923e+001 -5.000000e+000
      vertex -1.250000e+000  2.816506e+001 -5.000000e+000
    endloop
  endfacet
  facet normal  0.000000e+000  0.000000e+000 -1.000000e+000
    outer loop
      vertex  4.538429e+000  2.775482e+001 -5.000000e+000
      vertex  3.611140e+000  3.016294e+001 -5.000000e+000
      vertex  3.914214e+000  2.991421e+001 -5.000000e+000
    endloop
  endfacet
  facet normal  0.000000e+000  0.000000e+000 -1.000000e+000
    outer loop
      vertex  4.538429e+000  2.775482e+001 -5.000000e+000
      vertex  3.914214e+000  2.991421e+001 -5.000000e+000
      vertex  4.162939e+000  2.961114e+001 -5.000000e+000
    endloop
  endfacet
  facet normal  0.000000e+000  0.000000e+000 -1.000000e+000
    outer loop
      vertex  4.538429e+000  2.775482e+001 -5.000000e+000
      vertex  4.162939e+000  2.961114e+001 -5.000000e+000
      vertex  4.347759e+000  2.926537e+001 -5.000000e+000
    endloop
  endfacet
  facet normal  0.000000e+000  0.000000e+000 -1.000000e+000
    outer loop
      vertex  4.538429e+000  2.775482e+001 -5.000000e+000
      vertex  4.347759e+000  2.926537e+001 -5.000000e+000
      vertex  4.500000e+000  2.814500e+001 -5.000000e+000
    endloop
  endfacet
  facet normal  0.000000e+000  0.000000e+000 -1.000000e+000
    outer loop
      vertex  4.652241e+000  2.737963e+001 -5.000000e+000
      vertex  4.837061e+000  2.703386e+001 -5.000000e+000
      vertex  2.890181e+000  3.046157e+001 -5.000000e+000
    endloop
  endfacet
  facet normal  0.000000e+000  0.000000e+000 -1.000000e+000
    outer loop
      vertex  4.652241e+000  2.737963e+001 -5.000000e+000
      vertex  2.890181e+000  3.046157e+001 -5.000000e+000
      vertex  3.265367e+000  3.034776e+001 -5.000000e+000
    endloop
  endfacet
  facet normal  0.000000e+000  0.000000e+000 -1.000000e+000
    outer loop
      vertex  4.652241e+000  2.737963e+001 -5.000000e+000
      vertex  3.265367e+000  3.034776e+001 -5.000000e+000
      vertex  3.611140e+000  3.016294e+001 -5.000000e+000
    endloop
  endfacet
  facet normal  0.000000e+000  0.000000e+000 -1.000000e+000
    outer loop
      vertex  4.652241e+000  2.737963e+001 -5.000000e+000
      vertex  3.611140e+000  3.016294e+001 -5.000000e+000
      vertex  4.538429e+000  2.775482e+001 -5.000000e+000
    endloop
  endfacet
  facet normal  0.000000e+000  0.000000e+000 -1.000000e+000
    outer loop
      vertex  2.500000e+000  2.600000e+001 -5.000000e+000
      vertex  2.500000e+000  3.050000e+001 -5.000000e+000
      vertex  2.890181e+000  3.046157e+001 -5.000000e+000
    endloop
  endfacet
  facet normal  0.000000e+000  -0.000000e+000 -1.000000e+000
    outer loop
      vertex  2.500000e+000  2.600000e+001 -5.000000e+000
      vertex  2.890181e+000  3.046157e+001 -5.000000e+000
      vertex  4.837061e+000  2.703386e+001 -5.000000e+000
    endloop
  endfacet
  facet normal  0.000000e+000  -0.000000e+000 -1.000000e+000
    outer loop
      vertex  2.500000e+000  2.600000e+001 -5.000000e+000
      vertex  4.837061e+000  2.703386e+001 -5.000000e+000
      vertex  5.085786e+000  2.673079e+001 -5.000000e+000
    endloop
  endfacet
  facet normal  0.000000e+000  -0.000000e+000 -1.000000e+000
    outer loop
      vertex  2.500000e+000  2.600000e+001 -5.000000e+000
      vertex  5.085786e+000  2.673079e+001 -5.000000e+000
      vertex  5.388860e+000  2.648206e+001 -5.000000e+000
    endloop
  endfacet
  facet normal  0.000000e+000  -0.000000e+000 -1.000000e+000
    outer loop
      vertex  2.500000e+000  2.600000e+001 -5.000000e+000
      vertex  5.388860e+000  2.648206e+001 -5.000000e+000
      vertex  5.734633e+000  2.629724e+001 -5.000000e+000
    endloop
  endfacet
  facet normal  0.000000e+000  -0.000000e+000 -1.000000e+000
    outer loop
      vertex  2.500000e+000  2.600000e+001 -5.000000e+000
      vertex  5.734633e+000  2.629724e+001 -5.000000e+000
      vertex  6.109819e+000  2.618343e+001 -5.000000e+000
    endloop
  endfacet
  facet normal  0.000000e+000  -0.000000e+000 -1.000000e+000
    outer loop
      vertex  2.500000e+000  2.600000e+001 -5.000000e+000
      vertex  6.109819e+000  2.618343e+001 -5.000000e+000
      vertex  6.500000e+000  2.614500e+001 -5.000000e+000
    endloop
  endfacet
  facet normal  0.000000e+000  0.000000e+000 -1.000000e+000
    outer loop
      vertex  2.300000e+001  2.614500e+001 -5.000000e+000
      vertex  2.339018e+001  2.610657e+001 -5.000000e+000
      vertex  6.500000e+000  2.614500e+001 -5.000000e+000
    endloop
  endfacet
  facet normal  0.000000e+000  -0.000000e+000 -1.000000e+000
    outer loop
      vertex  6.500000e+000  2.614500e+001 -5.000000e+000
      vertex  2.339018e+001  2.610657e+001 -5.000000e+000
      vertex  2.500000e+000  2.600000e+001 -5.000000e+000
    endloop
  endfacet
  facet normal  0.000000e+000  0.000000e+000 -1.000000e+000
    outer loop
      vertex  2.339018e+001  2.610657e+001 -5.000000e+000
      vertex  2.376537e+001  2.599276e+001 -5.000000e+000
      vertex  2.500000e+000  2.600000e+001 -5.000000e+000
    endloop
  endfacet
  facet normal  0.000000e+000  0.000000e+000 -9.999999e-001
    outer loop
      vertex  2.500000e+000  2.600000e+001 -5.000000e+000
      vertex  2.376537e+001  2.599276e+001 -5.000000e+000
      vertex  1.350000e+001  1.714500e+001 -5.000000e+000
    endloop
  endfacet
  facet normal  0.000000e+000  0.000000e+000 -1.000000e+000
    outer loop
      vertex  4.461571e+000 -2.889018e+001 -5.000000e+000
      vertex  4.347759e+000 -2.926537e+001 -5.000000e+000
      vertex  4.500000e+000 -2.850000e+001 -5.000000e+000
    endloop
  endfacet
  facet normal  -0.000000e+000  0.000000e+000 -1.000000e+000
    outer loop
      vertex  4.500000e+000 -2.850000e+001 -5.000000e+000
      vertex  4.347759e+000 -2.926537e+001 -5.000000e+000
      vertex  4.500000e+000 -2.814500e+001 -5.000000e+000
    endloop
  endfacet
  facet normal  0.000000e+000  0.000000e+000 -1.000000e+000
    outer loop
      vertex  4.500000e+000  2.814500e+001 -5.000000e+000
      vertex  4.347759e+000  2.926537e+001 -5.000000e+000
      vertex  4.500000e+000  2.850000e+001 -5.000000e+000
    endloop
  endfacet
  facet normal  0.000000e+000  0.000000e+000 -1.000000e+000
    outer loop
      vertex  4.500000e+000  2.850000e+001 -5.000000e+000
      vertex  4.347759e+000  2.926537e+001 -5.000000e+000
      vertex  4.461571e+000  2.889018e+001 -5.000000e+000
    endloop
  endfacet
  facet normal  7.604076e-001  6.494461e-001  -0.000000e+000
    outer loop
      vertex -1.562132e+001 -1.626632e+001  0.000000e+000
      vertex -1.592705e+001 -1.590836e+001 -5.000000e+000
      vertex -1.592705e+001 -1.590836e+001  0.000000e+000
    endloop
  endfacet
  facet normal  8.526400e-001  5.224988e-001  0.000000e+000
    outer loop
      vertex -1.592705e+001 -1.590836e+001  0.000000e+000
      vertex -1.592705e+001 -1.590836e+001 -5.000000e+000
      vertex -1.617302e+001 -1.550697e+001 -5.000000e+000
    endloop
  endfacet
  facet normal  8.526400e-001  5.224988e-001  -0.000000e+000
    outer loop
      vertex -1.592705e+001 -1.590836e+001  0.000000e+000
      vertex -1.617302e+001 -1.550697e+001 -5.000000e+000
      vertex -1.617302e+001 -1.550697e+001  0.000000e+000
    endloop
  endfacet
  facet normal  9.238787e-001  3.826854e-001  0.000000e+000
    outer loop
      vertex -1.617302e+001 -1.550697e+001  0.000000e+000
      vertex -1.617302e+001 -1.550697e+001 -5.000000e+000
      vertex -1.635317e+001 -1.507205e+001 -5.000000e+000
    endloop
  endfacet
  facet normal  9.238787e-001  3.826854e-001  -0.000000e+000
    outer loop
      vertex -1.617302e+001 -1.550697e+001  0.000000e+000
      vertex -1.635317e+001 -1.507205e+001 -5.000000e+000
      vertex -1.635317e+001 -1.507205e+001  0.000000e+000
    endloop
  endfacet
  facet normal  9.723707e-001  2.334421e-001  0.000000e+000
    outer loop
      vertex -1.635317e+001 -1.507205e+001  0.000000e+000
      vertex -1.635317e+001 -1.507205e+001 -5.000000e+000
      vertex -1.646306e+001 -1.461430e+001 -5.000000e+000
    endloop
  endfacet
  facet normal  9.723707e-001  2.334421e-001  -0.000000e+000
    outer loop
      vertex -1.635317e+001 -1.507205e+001  0.000000e+000
      vertex -1.646306e+001 -1.461430e+001 -5.000000e+000
      vertex -1.646306e+001 -1.461430e+001  0.000000e+000
    endloop
  endfacet
  facet normal  9.969171e-001  7.846089e-002  0.000000e+000
    outer loop
      vertex -1.646306e+001 -1.461430e+001  0.000000e+000
      vertex -1.646306e+001 -1.461430e+001 -5.000000e+000
      vertex -1.650000e+001 -1.414500e+001 -5.000000e+000
    endloop
  endfacet
  facet normal  9.969171e-001  7.846089e-002  -0.000000e+000
    outer loop
      vertex -1.646306e+001 -1.461430e+001  0.000000e+000
      vertex -1.650000e+001 -1.414500e+001 -5.000000e+000
      vertex -1.650000e+001 -1.414500e+001  0.000000e+000
    endloop
  endfacet
  facet normal  7.604076e-001  6.494461e-001  0.000000e+000
    outer loop
      vertex -1.592705e+001 -1.590836e+001 -5.000000e+000
      vertex -1.562132e+001 -1.626632e+001  0.000000e+000
      vertex -1.562132e+001 -1.626632e+001 -5.000000e+000
    endloop
  endfacet
  facet normal  6.494460e-001  7.604077e-001  -0.000000e+000
    outer loop
      vertex -1.562132e+001 -1.626632e+001 -5.000000e+000
      vertex -1.562132e+001 -1.626632e+001  0.000000e+000
      vertex -1.526336e+001 -1.657205e+001  0.000000e+000
    endloop
  endfacet
  facet normal  6.494460e-001  7.604077e-001  0.000000e+000
    outer loop
      vertex -1.562132e+001 -1.626632e+001 -5.000000e+000
      vertex -1.526336e+001 -1.657205e+001  0.000000e+000
      vertex -1.526336e+001 -1.657205e+001 -5.000000e+000
    endloop
  endfacet
  facet normal  5.225003e-001  8.526391e-001  -0.000000e+000
    outer loop
      vertex -1.526336e+001 -1.657205e+001 -5.000000e+000
      vertex -1.526336e+001 -1.657205e+001  0.000000e+000
      vertex -1.486197e+001 -1.681802e+001  0.000000e+000
    endloop
  endfacet
  facet normal  5.225003e-001  8.526391e-001  0.000000e+000
    outer loop
      vertex -1.526336e+001 -1.657205e+001 -5.000000e+000
      vertex -1.486197e+001 -1.681802e+001  0.000000e+000
      vertex -1.486197e+001 -1.681802e+001 -5.000000e+000
    endloop
  endfacet
  facet normal  3.826813e-001  9.238805e-001  -0.000000e+000
    outer loop
      vertex -1.486197e+001 -1.681802e+001 -5.000000e+000
      vertex -1.486197e+001 -1.681802e+001  0.000000e+000
      vertex -1.442705e+001 -1.699817e+001  0.000000e+000
    endloop
  endfacet
  facet normal  3.826813e-001  9.238805e-001  0.000000e+000
    outer loop
      vertex -1.486197e+001 -1.681802e+001 -5.000000e+000
      vertex -1.442705e+001 -1.699817e+001  0.000000e+000
      vertex -1.442705e+001 -1.699817e+001 -5.000000e+000
    endloop
  endfacet
  facet normal  2.334459e-001  9.723698e-001  -0.000000e+000
    outer loop
      vertex -1.442705e+001 -1.699817e+001 -5.000000e+000
      vertex -1.442705e+001 -1.699817e+001  0.000000e+000
      vertex -1.396930e+001 -1.710806e+001  0.000000e+000
    endloop
  endfacet
  facet normal  2.334459e-001  9.723698e-001  0.000000e+000
    outer loop
      vertex -1.442705e+001 -1.699817e+001 -5.000000e+000
      vertex -1.396930e+001 -1.710806e+001  0.000000e+000
      vertex -1.396930e+001 -1.710806e+001 -5.000000e+000
    endloop
  endfacet
  facet normal  7.846089e-002  9.969171e-001  -0.000000e+000
    outer loop
      vertex -1.396930e+001 -1.710806e+001 -5.000000e+000
      vertex -1.396930e+001 -1.710806e+001  0.000000e+000
      vertex -1.350000e+001 -1.714500e+001  0.000000e+000
    endloop
  endfacet
  facet normal  7.846089e-002  9.969171e-001  0.000000e+000
    outer loop
      vertex -1.396930e+001 -1.710806e+001 -5.000000e+000
      vertex -1.350000e+001 -1.714500e+001  0.000000e+000
      vertex -1.350000e+001 -1.714500e+001 -5.000000e+000
    endloop
  endfacet
  facet normal  0.000000e+000 -1.000000e+000  0.000000e+000
    outer loop
      vertex -1.350000e+001  1.714500e+001 -5.000000e+000
      vertex  1.350000e+001  1.714500e+001 -5.000000e+000
      vertex -1.350000e+001  1.714500e+001  0.000000e+000
    endloop
  endfacet
  facet normal  0.000000e+000 -1.000000e+000  0.000000e+000
    outer loop
      vertex -1.350000e+001  1.714500e+001  0.000000e+000
      vertex  1.350000e+001  1.714500e+001 -5.000000e+000
      vertex  1.350000e+001  1.714500e+001  0.000000e+000
    endloop
  endfacet
  facet normal  6.494460e-001 -7.604077e-001  0.000000e+000
    outer loop
      vertex -1.562132e+001  1.626632e+001  0.000000e+000
      vertex -1.526336e+001  1.657205e+001 -5.000000e+000
      vertex -1.526336e+001  1.657205e+001  0.000000e+000
    endloop
  endfacet
  facet normal  5.225003e-001 -8.526391e-001  0.000000e+000
    outer loop
      vertex -1.526336e+001  1.657205e+001  0.000000e+000
      vertex -1.526336e+001  1.657205e+001 -5.000000e+000
      vertex -1.486197e+001  1.681802e+001 -5.000000e+000
    endloop
  endfacet
  facet normal  5.225003e-001 -8.526391e-001  0.000000e+000
    outer loop
      vertex -1.526336e+001  1.657205e+001  0.000000e+000
      vertex -1.486197e+001  1.681802e+001 -5.000000e+000
      vertex -1.486197e+001  1.681802e+001  0.000000e+000
    endloop
  endfacet
  facet normal  3.826813e-001 -9.238805e-001  0.000000e+000
    outer loop
      vertex -1.486197e+001  1.681802e+001  0.000000e+000
      vertex -1.486197e+001  1.681802e+001 -5.000000e+000
      vertex -1.442705e+001  1.699817e+001 -5.000000e+000
    endloop
  endfacet
  facet normal  3.826813e-001 -9.238805e-001  0.000000e+000
    outer loop
      vertex -1.486197e+001  1.681802e+001  0.000000e+000
      vertex -1.442705e+001  1.699817e+001 -5.000000e+000
      vertex -1.442705e+001  1.699817e+001  0.000000e+000
    endloop
  endfacet
  facet normal  2.334459e-001 -9.723698e-001  0.000000e+000
    outer loop
      vertex -1.442705e+001  1.699817e+001  0.000000e+000
      vertex -1.442705e+001  1.699817e+001 -5.000000e+000
      vertex -1.396930e+001  1.710806e+001 -5.000000e+000
    endloop
  endfacet
  facet normal  2.334459e-001 -9.723698e-001  0.000000e+000
    outer loop
      vertex -1.442705e+001  1.699817e+001  0.000000e+000
      vertex -1.396930e+001  1.710806e+001 -5.000000e+000
      vertex -1.396930e+001  1.710806e+001  0.000000e+000
    endloop
  endfacet
  facet normal  7.846089e-002 -9.969171e-001  0.000000e+000
    outer loop
      vertex -1.396930e+001  1.710806e+001  0.000000e+000
      vertex -1.396930e+001  1.710806e+001 -5.000000e+000
      vertex -1.350000e+001  1.714500e+001 -5.000000e+000
    endloop
  endfacet
  facet normal  7.846089e-002 -9.969171e-001  0.000000e+000
    outer loop
      vertex -1.396930e+001  1.710806e+001  0.000000e+000
      vertex -1.350000e+001  1.714500e+001 -5.000000e+000
      vertex -1.350000e+001  1.714500e+001  0.000000e+000
    endloop
  endfacet
  facet normal  6.494460e-001 -7.604077e-001  0.000000e+000
    outer loop
      vertex -1.526336e+001  1.657205e+001 -5.000000e+000
      vertex -1.562132e+001  1.626632e+001  0.000000e+000
      vertex -1.562132e+001  1.626632e+001 -5.000000e+000
    endloop
  endfacet
  facet normal  7.604076e-001 -6.494461e-001  0.000000e+000
    outer loop
      vertex -1.562132e+001  1.626632e+001 -5.000000e+000
      vertex -1.562132e+001  1.626632e+001  0.000000e+000
      vertex -1.592705e+001  1.590836e+001  0.000000e+000
    endloop
  endfacet
  facet normal  7.604076e-001 -6.494461e-001  0.000000e+000
    outer loop
      vertex -1.562132e+001  1.626632e+001 -5.000000e+000
      vertex -1.592705e+001  1.590836e+001  0.000000e+000
      vertex -1.592705e+001  1.590836e+001 -5.000000e+000
    endloop
  endfacet
  facet normal  8.526400e-001 -5.224988e-001  0.000000e+000
    outer loop
      vertex -1.592705e+001  1.590836e+001 -5.000000e+000
      vertex -1.592705e+001  1.590836e+001  0.000000e+000
      vertex -1.617302e+001  1.550697e+001  0.000000e+000
    endloop
  endfacet
  facet normal  8.526400e-001 -5.224988e-001  0.000000e+000
    outer loop
      vertex -1.592705e+001  1.590836e+001 -5.000000e+000
      vertex -1.617302e+001  1.550697e+001  0.000000e+000
      vertex -1.617302e+001  1.550697e+001 -5.000000e+000
    endloop
  endfacet
  facet normal  9.238787e-001 -3.826854e-001  0.000000e+000
    outer loop
      vertex -1.617302e+001  1.550697e+001 -5.000000e+000
      vertex -1.617302e+001  1.550697e+001  0.000000e+000
      vertex -1.635317e+001  1.507205e+001  0.000000e+000
    endloop
  endfacet
  facet normal  9.238787e-001 -3.826854e-001  0.000000e+000
    outer loop
      vertex -1.617302e+001  1.550697e+001 -5.000000e+000
      vertex -1.635317e+001  1.507205e+001  0.000000e+000
      vertex -1.635317e+001  1.507205e+001 -5.000000e+000
    endloop
  endfacet
  facet normal  9.723707e-001 -2.334421e-001  0.000000e+000
    outer loop
      vertex -1.635317e+001  1.507205e+001 -5.000000e+000
      vertex -1.635317e+001  1.507205e+001  0.000000e+000
      vertex -1.646306e+001  1.461430e+001  0.000000e+000
    endloop
  endfacet
  facet normal  9.723707e-001 -2.334421e-001  0.000000e+000
    outer loop
      vertex -1.635317e+001  1.507205e+001 -5.000000e+000
      vertex -1.646306e+001  1.461430e+001  0.000000e+000
      vertex -1.646306e+001  1.461430e+001 -5.000000e+000
    endloop
  endfacet
  facet normal  9.969171e-001 -7.846089e-002  0.000000e+000
    outer loop
      vertex -1.646306e+001  1.461430e+001 -5.000000e+000
      vertex -1.646306e+001  1.461430e+001  0.000000e+000
      vertex -1.650000e+001  1.414500e+001  0.000000e+000
    endloop
  endfacet
  facet normal  9.969171e-001 -7.846089e-002  0.000000e+000
    outer loop
      vertex -1.646306e+001  1.461430e+001 -5.000000e+000
      vertex -1.650000e+001  1.414500e+001  0.000000e+000
      vertex -1.650000e+001  1.414500e+001 -5.000000e+000
    endloop
  endfacet
  facet normal -1.000000e+000  0.000000e+000  0.000000e+000
    outer loop
      vertex  1.650000e+001  1.414500e+001 -5.000000e+000
      vertex  1.650000e+001 -1.414500e+001 -5.000000e+000
      vertex  1.650000e+001  1.414500e+001  0.000000e+000
    endloop
  endfacet
  facet normal -1.000000e+000  -0.000000e+000  0.000000e+000
    outer loop
      vertex  1.650000e+001  1.414500e+001  0.000000e+000
      vertex  1.650000e+001 -1.414500e+001 -5.000000e+000
      vertex  1.650000e+001 -1.414500e+001  0.000000e+000
    endloop
  endfacet
  facet normal -6.494460e-001  7.604077e-001  0.000000e+000
    outer loop
      vertex  1.562132e+001 -1.626632e+001  0.000000e+000
      vertex  1.526336e+001 -1.657205e+001 -5.000000e+000
      vertex  1.526336e+001 -1.657205e+001  0.000000e+000
    endloop
  endfacet
  facet normal -5.225003e-001  8.526391e-001  0.000000e+000
    outer loop
      vertex  1.526336e+001 -1.657205e+001  0.000000e+000
      vertex  1.526336e+001 -1.657205e+001 -5.000000e+000
      vertex  1.486197e+001 -1.681802e+001 -5.000000e+000
    endloop
  endfacet
  facet normal -5.225003e-001  8.526391e-001  0.000000e+000
    outer loop
      vertex  1.526336e+001 -1.657205e+001  0.000000e+000
      vertex  1.486197e+001 -1.681802e+001 -5.000000e+000
      vertex  1.486197e+001 -1.681802e+001  0.000000e+000
    endloop
  endfacet
  facet normal -3.826813e-001  9.238805e-001  0.000000e+000
    outer loop
      vertex  1.486197e+001 -1.681802e+001  0.000000e+000
      vertex  1.486197e+001 -1.681802e+001 -5.000000e+000
      vertex  1.442705e+001 -1.699817e+001 -5.000000e+000
    endloop
  endfacet
  facet normal -3.826813e-001  9.238805e-001  0.000000e+000
    outer loop
      vertex  1.486197e+001 -1.681802e+001  0.000000e+000
      vertex  1.442705e+001 -1.699817e+001 -5.000000e+000
      vertex  1.442705e+001 -1.699817e+001  0.000000e+000
    endloop
  endfacet
  facet normal -2.334459e-001  9.723698e-001  0.000000e+000
    outer loop
      vertex  1.442705e+001 -1.699817e+001  0.000000e+000
      vertex  1.442705e+001 -1.699817e+001 -5.000000e+000
      vertex  1.396930e+001 -1.710806e+001 -5.000000e+000
    endloop
  endfacet
  facet normal -2.334459e-001  9.723698e-001  0.000000e+000
    outer loop
      vertex  1.442705e+001 -1.699817e+001  0.000000e+000
      vertex  1.396930e+001 -1.710806e+001 -5.000000e+000
      vertex  1.396930e+001 -1.710806e+001  0.000000e+000
    endloop
  endfacet
  facet normal -7.846089e-002  9.969171e-001  0.000000e+000
    outer loop
      vertex  1.396930e+001 -1.710806e+001  0.000000e+000
      vertex  1.396930e+001 -1.710806e+001 -5.000000e+000
      vertex  1.350000e+001 -1.714500e+001 -5.000000e+000
    endloop
  endfacet
  facet normal -7.846089e-002  9.969171e-001  0.000000e+000
    outer loop
      vertex  1.396930e+001 -1.710806e+001  0.000000e+000
      vertex  1.350000e+001 -1.714500e+001 -5.000000e+000
      vertex  1.350000e+001 -1.714500e+001  0.000000e+000
    endloop
  endfacet
  facet normal -6.494460e-001  7.604077e-001  0.000000e+000
    outer loop
      vertex  1.526336e+001 -1.657205e+001 -5.000000e+000
      vertex  1.562132e+001 -1.626632e+001  0.000000e+000
      vertex  1.562132e+001 -1.626632e+001 -5.000000e+000
    endloop
  endfacet
  facet normal -7.604076e-001  6.494461e-001  0.000000e+000
    outer loop
      vertex  1.562132e+001 -1.626632e+001 -5.000000e+000
      vertex  1.562132e+001 -1.626632e+001  0.000000e+000
      vertex  1.592705e+001 -1.590836e+001  0.000000e+000
    endloop
  endfacet
  facet normal -7.604076e-001  6.494461e-001  0.000000e+000
    outer loop
      vertex  1.562132e+001 -1.626632e+001 -5.000000e+000
      vertex  1.592705e+001 -1.590836e+001  0.000000e+000
      vertex  1.592705e+001 -1.590836e+001 -5.000000e+000
    endloop
  endfacet
  facet normal -8.526400e-001  5.224988e-001  0.000000e+000
    outer loop
      vertex  1.592705e+001 -1.590836e+001 -5.000000e+000
      vertex  1.592705e+001 -1.590836e+001  0.000000e+000
      vertex  1.617302e+001 -1.550697e+001  0.000000e+000
    endloop
  endfacet
  facet normal -8.526400e-001  5.224988e-001  0.000000e+000
    outer loop
      vertex  1.592705e+001 -1.590836e+001 -5.000000e+000
      vertex  1.617302e+001 -1.550697e+001  0.000000e+000
      vertex  1.617302e+001 -1.550697e+001 -5.000000e+000
    endloop
  endfacet
  facet normal -9.238787e-001  3.826854e-001  0.000000e+000
    outer loop
      vertex  1.617302e+001 -1.550697e+001 -5.000000e+000
      vertex  1.617302e+001 -1.550697e+001  0.000000e+000
      vertex  1.635317e+001 -1.507205e+001  0.000000e+000
    endloop
  endfacet
  facet normal -9.238787e-001  3.826854e-001  0.000000e+000
    outer loop
      vertex  1.617302e+001 -1.550697e+001 -5.000000e+000
      vertex  1.635317e+001 -1.507205e+001  0.000000e+000
      vertex  1.635317e+001 -1.507205e+001 -5.000000e+000
    endloop
  endfacet
  facet normal -9.723707e-001  2.334421e-001  0.000000e+000
    outer loop
      vertex  1.635317e+001 -1.507205e+001 -5.000000e+000
      vertex  1.635317e+001 -1.507205e+001  0.000000e+000
      vertex  1.646306e+001 -1.461430e+001  0.000000e+000
    endloop
  endfacet
  facet normal -9.723707e-001  2.334421e-001  0.000000e+000
    outer loop
      vertex  1.635317e+001 -1.507205e+001 -5.000000e+000
      vertex  1.646306e+001 -1.461430e+001  0.000000e+000
      vertex  1.646306e+001 -1.461430e+001 -5.000000e+000
    endloop
  endfacet
  facet normal -9.969171e-001  7.846089e-002  0.000000e+000
    outer loop
      vertex  1.646306e+001 -1.461430e+001 -5.000000e+000
      vertex  1.646306e+001 -1.461430e+001  0.000000e+000
      vertex  1.650000e+001 -1.414500e+001  0.000000e+000
    endloop
  endfacet
  facet normal -9.969171e-001  7.846089e-002  0.000000e+000
    outer loop
      vertex  1.646306e+001 -1.461430e+001 -5.000000e+000
      vertex  1.650000e+001 -1.414500e+001  0.000000e+000
      vertex  1.650000e+001 -1.414500e+001 -5.000000e+000
    endloop
  endfacet
  facet normal -7.604076e-001 -6.494461e-001  0.000000e+000
    outer loop
      vertex  1.562132e+001  1.626632e+001  0.000000e+000
      vertex  1.592705e+001  1.590836e+001 -5.000000e+000
      vertex  1.592705e+001  1.590836e+001  0.000000e+000
    endloop
  endfacet
  facet normal -8.526400e-001 -5.224988e-001  -0.000000e+000
    outer loop
      vertex  1.592705e+001  1.590836e+001  0.000000e+000
      vertex  1.592705e+001  1.590836e+001 -5.000000e+000
      vertex  1.617302e+001  1.550697e+001 -5.000000e+000
    endloop
  endfacet
  facet normal -8.526400e-001 -5.224988e-001  0.000000e+000
    outer loop
      vertex  1.592705e+001  1.590836e+001  0.000000e+000
      vertex  1.617302e+001  1.550697e+001 -5.000000e+000
      vertex  1.617302e+001  1.550697e+001  0.000000e+000
    endloop
  endfacet
  facet normal -9.238787e-001 -3.826854e-001  -0.000000e+000
    outer loop
      vertex  1.617302e+001  1.550697e+001  0.000000e+000
      vertex  1.617302e+001  1.550697e+001 -5.000000e+000
      vertex  1.635317e+001  1.507205e+001 -5.000000e+000
    endloop
  endfacet
  facet normal -9.238787e-001 -3.826854e-001  0.000000e+000
    outer loop
      vertex  1.617302e+001  1.550697e+001  0.000000e+000
      vertex  1.635317e+001  1.507205e+001 -5.000000e+000
      vertex  1.635317e+001  1.507205e+001  0.000000e+000
    endloop
  endfacet
  facet normal -9.723707e-001 -2.334421e-001  -0.000000e+000
    outer loop
      vertex  1.635317e+001  1.507205e+001  0.000000e+000
      vertex  1.635317e+001  1.507205e+001 -5.000000e+000
      vertex  1.646306e+001  1.461430e+001 -5.000000e+000
    endloop
  endfacet
  facet normal -9.723707e-001 -2.334421e-001  0.000000e+000
    outer loop
      vertex  1.635317e+001  1.507205e+001  0.000000e+000
      vertex  1.646306e+001  1.461430e+001 -5.000000e+000
      vertex  1.646306e+001  1.461430e+001  0.000000e+000
    endloop
  endfacet
  facet normal -9.969171e-001 -7.846089e-002  -0.000000e+000
    outer loop
      vertex  1.646306e+001  1.461430e+001  0.000000e+000
      vertex  1.646306e+001  1.461430e+001 -5.000000e+000
      vertex  1.650000e+001  1.414500e+001 -5.000000e+000
    endloop
  endfacet
  facet normal -9.969171e-001 -7.846089e-002  0.000000e+000
    outer loop
      vertex  1.646306e+001  1.461430e+001  0.000000e+000
      vertex  1.650000e+001  1.414500e+001 -5.000000e+000
      vertex  1.650000e+001  1.414500e+001  0.000000e+000
    endloop
  endfacet
  facet normal -7.604076e-001 -6.494461e-001  -0.000000e+000
    outer loop
      vertex  1.592705e+001  1.590836e+001 -5.000000e+000
      vertex  1.562132e+001  1.626632e+001  0.000000e+000
      vertex  1.562132e+001  1.626632e+001 -5.000000e+000
    endloop
  endfacet
  facet normal -6.494460e-001 -7.604077e-001  0.000000e+000
    outer loop
      vertex  1.562132e+001  1.626632e+001 -5.000000e+000
      vertex  1.562132e+001  1.626632e+001  0.000000e+000
      vertex  1.526336e+001  1.657205e+001  0.000000e+000
    endloop
  endfacet
  facet normal -6.494460e-001 -7.604077e-001  -0.000000e+000
    outer loop
      vertex  1.562132e+001  1.626632e+001 -5.000000e+000
      vertex  1.526336e+001  1.657205e+001  0.000000e+000
      vertex  1.526336e+001  1.657205e+001 -5.000000e+000
    endloop
  endfacet
  facet normal -5.225003e-001 -8.526391e-001  0.000000e+000
    outer loop
      vertex  1.526336e+001  1.657205e+001 -5.000000e+000
      vertex  1.526336e+001  1.657205e+001  0.000000e+000
      vertex  1.486197e+001  1.681802e+001  0.000000e+000
    endloop
  endfacet
  facet normal -5.225003e-001 -8.526391e-001  -0.000000e+000
    outer loop
      vertex  1.526336e+001  1.657205e+001 -5.000000e+000
      vertex  1.486197e+001  1.681802e+001  0.000000e+000
      vertex  1.486197e+001  1.681802e+001 -5.000000e+000
    endloop
  endfacet
  facet normal -3.826813e-001 -9.238805e-001  0.000000e+000
    outer loop
      vertex  1.486197e+001  1.681802e+001 -5.000000e+000
      vertex  1.486197e+001  1.681802e+001  0.000000e+000
      vertex  1.442705e+001  1.699817e+001  0.000000e+000
    endloop
  endfacet
  facet normal -3.826813e-001 -9.238805e-001  -0.000000e+000
    outer loop
      vertex  1.486197e+001  1.681802e+001 -5.000000e+000
      vertex  1.442705e+001  1.699817e+001  0.000000e+000
      vertex  1.442705e+001  1.699817e+001 -5.000000e+000
    endloop
  endfacet
  facet normal -2.334459e-001 -9.723698e-001  0.000000e+000
    outer loop
      vertex  1.442705e+001  1.699817e+001 -5.000000e+000
      vertex  1.442705e+001  1.699817e+001  0.000000e+000
      vertex  1.396930e+001  1.710806e+001  0.000000e+000
    endloop
  endfacet
  facet normal -2.334459e-001 -9.723698e-001  -0.000000e+000
    outer loop
      vertex  1.442705e+001  1.699817e+001 -5.000000e+000
      vertex  1.396930e+001  1.710806e+001  0.000000e+000
      vertex  1.396930e+001  1.710806e+001 -5.000000e+000
    endloop
  endfacet
  facet normal -7.846089e-002 -9.969171e-001  0.000000e+000
    outer loop
      vertex  1.396930e+001  1.710806e+001 -5.000000e+000
      vertex  1.396930e+001  1.710806e+001  0.000000e+000
      vertex  1.350000e+001  1.714500e+001  0.000000e+000
    endloop
  endfacet
  facet normal -7.846089e-002 -9.969171e-001  -0.000000e+000
    outer loop
      vertex  1.396930e+001  1.710806e+001 -5.000000e+000
      vertex  1.350000e+001  1.714500e+001  0.000000e+000
      vertex  1.350000e+001  1.714500e+001 -5.000000e+000
    endloop
  endfacet
  facet normal  0.000000e+000  9.999999e-001  0.000000e+000
    outer loop
      vertex -2.300000e+001  2.614500e+001 -5.000000e+000
      vertex -2.300000e+001  2.614500e+001  0.000000e+000
      vertex -6.500000e+000  2.614500e+001 -5.000000e+000
    endloop
  endfacet
  facet normal  0.000000e+000  9.999999e-001  -0.000000e+000
    outer loop
      vertex -6.500000e+000  2.614500e+001 -5.000000e+000
      vertex -2.300000e+001  2.614500e+001  0.000000e+000
      vertex -6.500000e+000  2.614500e+001  0.000000e+000
    endloop
  endfacet
  facet normal -1.000000e+000  0.000000e+000  0.000000e+000
    outer loop
      vertex -4.500000e+000  2.814500e+001 -5.000000e+000
      vertex -4.500000e+000  2.814500e+001  0.000000e+000
      vertex -4.500000e+000  2.850000e+001 -5.000000e+000
    endloop
  endfacet
  facet normal -1.000000e+000  0.000000e+000  0.000000e+000
    outer loop
      vertex -4.500000e+000  2.850000e+001 -5.000000e+000
      vertex -4.500000e+000  2.814500e+001  0.000000e+000
      vertex -4.500000e+000  2.850000e+001  0.000000e+000
    endloop
  endfacet
  facet normal -6.343933e-001  7.730105e-001  0.000000e+000
    outer loop
      vertex -5.085786e+000  2.673079e+001  0.000000e+000
      vertex -5.388860e+000  2.648206e+001 -5.000000e+000
      vertex -5.388860e+000  2.648206e+001  0.000000e+000
    endloop
  endfacet
  facet normal -4.713978e-001  8.819207e-001  0.000000e+000
    outer loop
      vertex -5.388860e+000  2.648206e+001  0.000000e+000
      vertex -5.388860e+000  2.648206e+001 -5.000000e+000
      vertex -5.734633e+000  2.629724e+001 -5.000000e+000
    endloop
  endfacet
  facet normal -4.713978e-001  8.819207e-001  0.000000e+000
    outer loop
      vertex -5.388860e+000  2.648206e+001  0.000000e+000
      vertex -5.734633e+000  2.629724e+001 -5.000000e+000
      vertex -5.734633e+000  2.629724e+001  0.000000e+000
    endloop
  endfacet
  facet normal -2.902845e-001  9.569404e-001  0.000000e+000
    outer loop
      vertex -5.734633e+000  2.629724e+001  0.000000e+000
      vertex -5.734633e+000  2.629724e+001 -5.000000e+000
      vertex -6.109819e+000  2.618343e+001 -5.000000e+000
    endloop
  endfacet
  facet normal -2.902845e-001  9.569404e-001  0.000000e+000
    outer loop
      vertex -5.734633e+000  2.629724e+001  0.000000e+000
      vertex -6.109819e+000  2.618343e+001 -5.000000e+000
      vertex -6.109819e+000  2.618343e+001  0.000000e+000
    endloop
  endfacet
  facet normal -9.801670e-002  9.951848e-001  0.000000e+000
    outer loop
      vertex -6.109819e+000  2.618343e+001  0.000000e+000
      vertex -6.109819e+000  2.618343e+001 -5.000000e+000
      vertex -6.500000e+000  2.614500e+001 -5.000000e+000
    endloop
  endfacet
  facet normal -9.801670e-002  9.951848e-001  0.000000e+000
    outer loop
      vertex -6.109819e+000  2.618343e+001  0.000000e+000
      vertex -6.500000e+000  2.614500e+001 -5.000000e+000
      vertex -6.500000e+000  2.614500e+001  0.000000e+000
    endloop
  endfacet
  facet normal -6.343933e-001  7.730105e-001  0.000000e+000
    outer loop
      vertex -5.388860e+000  2.648206e+001 -5.000000e+000
      vertex -5.085786e+000  2.673079e+001  0.000000e+000
      vertex -5.085786e+000  2.673079e+001 -5.000000e+000
    endloop
  endfacet
  facet normal -7.730095e-001  6.343943e-001  0.000000e+000
    outer loop
      vertex -5.085786e+000  2.673079e+001 -5.000000e+000
      vertex -5.085786e+000  2.673079e+001  0.000000e+000
      vertex -4.837061e+000  2.703386e+001  0.000000e+000
    endloop
  endfacet
  facet normal -7.730095e-001  6.343943e-001  0.000000e+000
    outer loop
      vertex -5.085786e+000  2.673079e+001 -5.000000e+000
      vertex -4.837061e+000  2.703386e+001  0.000000e+000
      vertex -4.837061e+000  2.703386e+001 -5.000000e+000
    endloop
  endfacet
  facet normal -8.819210e-001  4.713973e-001  0.000000e+000
    outer loop
      vertex -4.837061e+000  2.703386e+001 -5.000000e+000
      vertex -4.837061e+000  2.703386e+001  0.000000e+000
      vertex -4.652241e+000  2.737963e+001  0.000000e+000
    endloop
  endfacet
  facet normal -8.819210e-001  4.713973e-001  0.000000e+000
    outer loop
      vertex -4.837061e+000  2.703386e+001 -5.000000e+000
      vertex -4.652241e+000  2.737963e+001  0.000000e+000
      vertex -4.652241e+000  2.737963e+001 -5.000000e+000
    endloop
  endfacet
  facet normal -9.569405e-001  2.902842e-001  0.000000e+000
    outer loop
      vertex -4.652241e+000  2.737963e+001 -5.000000e+000
      vertex -4.652241e+000  2.737963e+001  0.000000e+000
      vertex -4.538429e+000  2.775482e+001  0.000000e+000
    endloop
  endfacet
  facet normal -9.569405e-001  2.902842e-001  0.000000e+000
    outer loop
      vertex -4.652241e+000  2.737963e+001 -5.000000e+000
      vertex -4.538429e+000  2.775482e+001  0.000000e+000
      vertex -4.538429e+000  2.775482e+001 -5.000000e+000
    endloop
  endfacet
  facet normal -9.951848e-001  9.801670e-002  0.000000e+000
    outer loop
      vertex -4.538429e+000  2.775482e+001 -5.000000e+000
      vertex -4.538429e+000  2.775482e+001  0.000000e+000
      vertex -4.500000e+000  2.814500e+001  0.000000e+000
    endloop
  endfacet
  facet normal -9.951848e-001  9.801670e-002  0.000000e+000
    outer loop
      vertex -4.538429e+000  2.775482e+001 -5.000000e+000
      vertex -4.500000e+000  2.814500e+001  0.000000e+000
      vertex -4.500000e+000  2.814500e+001 -5.000000e+000
    endloop
  endfacet
  facet normal  0.000000e+000 -9.999999e-001  0.000000e+000
    outer loop
      vertex  6.500000e+000 -2.614500e+001 -5.000000e+000
      vertex  2.300000e+001 -2.614500e+001 -5.000000e+000
      vertex  6.500000e+000 -2.614500e+001  0.000000e+000
    endloop
  endfacet
  facet normal  0.000000e+000 -9.999999e-001  0.000000e+000
    outer loop
      vertex  6.500000e+000 -2.614500e+001  0.000000e+000
      vertex  2.300000e+001 -2.614500e+001 -5.000000e+000
      vertex  2.300000e+001 -2.614500e+001  0.000000e+000
    endloop
  endfacet
  facet normal  1.000000e+000  0.000000e+000  0.000000e+000
    outer loop
      vertex  4.500000e+000 -2.814500e+001 -5.000000e+000
      vertex  4.500000e+000 -2.814500e+001  0.000000e+000
      vertex  4.500000e+000 -2.850000e+001 -5.000000e+000
    endloop
  endfacet
  facet normal  1.000000e+000  0.000000e+000  0.000000e+000
    outer loop
      vertex  4.500000e+000 -2.850000e+001 -5.000000e+000
      vertex  4.500000e+000 -2.814500e+001  0.000000e+000
      vertex  4.500000e+000 -2.850000e+001  0.000000e+000
    endloop
  endfacet
  facet normal  6.343933e-001 -7.730105e-001  0.000000e+000
    outer loop
      vertex  5.085786e+000 -2.673079e+001  0.000000e+000
      vertex  5.388860e+000 -2.648206e+001 -5.000000e+000
      vertex  5.388860e+000 -2.648206e+001  0.000000e+000
    endloop
  endfacet
  facet normal  4.713978e-001 -8.819207e-001  0.000000e+000
    outer loop
      vertex  5.388860e+000 -2.648206e+001  0.000000e+000
      vertex  5.388860e+000 -2.648206e+001 -5.000000e+000
      vertex  5.734633e+000 -2.629724e+001 -5.000000e+000
    endloop
  endfacet
  facet normal  4.713978e-001 -8.819207e-001  0.000000e+000
    outer loop
      vertex  5.388860e+000 -2.648206e+001  0.000000e+000
      vertex  5.734633e+000 -2.629724e+001 -5.000000e+000
      vertex  5.734633e+000 -2.629724e+001  0.000000e+000
    endloop
  endfacet
  facet normal  2.902845e-001 -9.569404e-001  0.000000e+000
    outer loop
      vertex  5.734633e+000 -2.629724e+001  0.000000e+000
      vertex  5.734633e+000 -2.629724e+001 -5.000000e+000
      vertex  6.109819e+000 -2.618343e+001 -5.000000e+000
    endloop
  endfacet
  facet normal  2.902845e-001 -9.569404e-001  0.000000e+000
    outer loop
      vertex  5.734633e+000 -2.629724e+001  0.000000e+000
      vertex  6.109819e+000 -2.618343e+001 -5.000000e+000
      vertex  6.109819e+000 -2.618343e+001  0.000000e+000
    endloop
  endfacet
  facet normal  9.801670e-002 -9.951848e-001  0.000000e+000
    outer loop
      vertex  6.109819e+000 -2.618343e+001  0.000000e+000
      vertex  6.109819e+000 -2.618343e+001 -5.000000e+000
      vertex  6.500000e+000 -2.614500e+001 -5.000000e+000
    endloop
  endfacet
  facet normal  9.801670e-002 -9.951848e-001  0.000000e+000
    outer loop
      vertex  6.109819e+000 -2.618343e+001  0.000000e+000
      vertex  6.500000e+000 -2.614500e+001 -5.000000e+000
      vertex  6.500000e+000 -2.614500e+001  0.000000e+000
    endloop
  endfacet
  facet normal  6.343933e-001 -7.730105e-001  0.000000e+000
    outer loop
      vertex  5.388860e+000 -2.648206e+001 -5.000000e+000
      vertex  5.085786e+000 -2.673079e+001  0.000000e+000
      vertex  5.085786e+000 -2.673079e+001 -5.000000e+000
    endloop
  endfacet
  facet normal  7.730095e-001 -6.343943e-001  0.000000e+000
    outer loop
      vertex  5.085786e+000 -2.673079e+001 -5.000000e+000
      vertex  5.085786e+000 -2.673079e+001  0.000000e+000
      vertex  4.837061e+000 -2.703386e+001  0.000000e+000
    endloop
  endfacet
  facet normal  7.730095e-001 -6.343943e-001  0.000000e+000
    outer loop
      vertex  5.085786e+000 -2.673079e+001 -5.000000e+000
      vertex  4.837061e+000 -2.703386e+001  0.000000e+000
      vertex  4.837061e+000 -2.703386e+001 -5.000000e+000
    endloop
  endfacet
  facet normal  8.819210e-001 -4.713973e-001  0.000000e+000
    outer loop
      vertex  4.837061e+000 -2.703386e+001 -5.000000e+000
      vertex  4.837061e+000 -2.703386e+001  0.000000e+000
      vertex  4.652241e+000 -2.737963e+001  0.000000e+000
    endloop
  endfacet
  facet normal  8.819210e-001 -4.713973e-001  0.000000e+000
    outer loop
      vertex  4.837061e+000 -2.703386e+001 -5.000000e+000
      vertex  4.652241e+000 -2.737963e+001  0.000000e+000
      vertex  4.652241e+000 -2.737963e+001 -5.000000e+000
    endloop
  endfacet
  facet normal  9.569405e-001 -2.902842e-001  0.000000e+000
    outer loop
      vertex  4.652241e+000 -2.737963e+001 -5.000000e+000
      vertex  4.652241e+000 -2.737963e+001  0.000000e+000
      vertex  4.538429e+000 -2.775482e+001  0.000000e+000
    endloop
  endfacet
  facet normal  9.569405e-001 -2.902842e-001  0.000000e+000
    outer loop
      vertex  4.652241e+000 -2.737963e+001 -5.000000e+000
      vertex  4.538429e+000 -2.775482e+001  0.000000e+000
      vertex  4.538429e+000 -2.775482e+001 -5.000000e+000
    endloop
  endfacet
  facet normal  9.951848e-001 -9.801670e-002  0.000000e+000
    outer loop
      vertex  4.538429e+000 -2.775482e+001 -5.000000e+000
      vertex  4.538429e+000 -2.775482e+001  0.000000e+000
      vertex  4.500000e+000 -2.814500e+001  0.000000e+000
    endloop
  endfacet
  facet normal  9.951848e-001 -9.801670e-002  0.000000e+000
    outer loop
      vertex  4.538429e+000 -2.775482e+001 -5.000000e+000
      vertex  4.500000e+000 -2.814500e+001  0.000000e+000
      vertex  4.500000e+000 -2.814500e+001 -5.000000e+000
    endloop
  endfacet
  facet normal  1.000000e+000  0.000000e+000  0.000000e+000
    outer loop
      vertex  2.500000e+001  2.414500e+001 -5.000000e+000
      vertex  2.500000e+001  2.414500e+001  0.000000e+000
      vertex  2.500000e+001 -2.414500e+001 -5.000000e+000
    endloop
  endfacet
  facet normal  1.000000e+000  0.000000e+000  0.000000e+000
    outer loop
      vertex  2.500000e+001 -2.414500e+001 -5.000000e+000
      vertex  2.500000e+001  2.414500e+001  0.000000e+000
      vertex  2.500000e+001 -2.414500e+001  0.000000e+000
    endloop
  endfacet
  facet normal  9.801670e-002 -9.951848e-001  0.000000e+000
    outer loop
      vertex  2.300000e+001 -2.614500e+001  0.000000e+000
      vertex  2.300000e+001 -2.614500e+001 -5.000000e+000
      vertex  2.339018e+001 -2.610657e+001  0.000000e+000
    endloop
  endfacet
  facet normal  9.801670e-002 -9.951848e-001  0.000000e+000
    outer loop
      vertex  2.339018e+001 -2.610657e+001  0.000000e+000
      vertex  2.300000e+001 -2.614500e+001 -5.000000e+000
      vertex  2.339018e+001 -2.610657e+001 -5.000000e+000
    endloop
  endfacet
  facet normal  2.902842e-001 -9.569405e-001  0.000000e+000
    outer loop
      vertex  2.339018e+001 -2.610657e+001  0.000000e+000
      vertex  2.339018e+001 -2.610657e+001 -5.000000e+000
      vertex  2.376537e+001 -2.599276e+001  0.000000e+000
    endloop
  endfacet
  facet normal  2.902842e-001 -9.569405e-001  0.000000e+000
    outer loop
      vertex  2.376537e+001 -2.599276e+001  0.000000e+000
      vertex  2.339018e+001 -2.610657e+001 -5.000000e+000
      vertex  2.376537e+001 -2.599276e+001 -5.000000e+000
    endloop
  endfacet
  facet normal  4.713973e-001 -8.819210e-001  0.000000e+000
    outer loop
      vertex  2.376537e+001 -2.599276e+001  0.000000e+000
      vertex  2.376537e+001 -2.599276e+001 -5.000000e+000
      vertex  2.411114e+001 -2.580794e+001  0.000000e+000
    endloop
  endfacet
  facet normal  4.713973e-001 -8.819210e-001  0.000000e+000
    outer loop
      vertex  2.411114e+001 -2.580794e+001  0.000000e+000
      vertex  2.376537e+001 -2.599276e+001 -5.000000e+000
      vertex  2.411114e+001 -2.580794e+001 -5.000000e+000
    endloop
  endfacet
  facet normal  6.343951e-001 -7.730090e-001  0.000000e+000
    outer loop
      vertex  2.411114e+001 -2.580794e+001  0.000000e+000
      vertex  2.411114e+001 -2.580794e+001 -5.000000e+000
      vertex  2.441421e+001 -2.555921e+001  0.000000e+000
    endloop
  endfacet
  facet normal  6.343951e-001 -7.730090e-001  0.000000e+000
    outer loop
      vertex  2.441421e+001 -2.555921e+001  0.000000e+000
      vertex  2.411114e+001 -2.580794e+001 -5.000000e+000
      vertex  2.441421e+001 -2.555921e+001 -5.000000e+000
    endloop
  endfacet
  facet normal  7.730110e-001 -6.343927e-001  0.000000e+000
    outer loop
      vertex  2.441421e+001 -2.555921e+001  0.000000e+000
      vertex  2.441421e+001 -2.555921e+001 -5.000000e+000
      vertex  2.466294e+001 -2.525614e+001  0.000000e+000
    endloop
  endfacet
  facet normal  7.730110e-001 -6.343927e-001  0.000000e+000
    outer loop
      vertex  2.466294e+001 -2.525614e+001  0.000000e+000
      vertex  2.441421e+001 -2.555921e+001 -5.000000e+000
      vertex  2.466294e+001 -2.525614e+001 -5.000000e+000
    endloop
  endfacet
  facet normal  8.819210e-001 -4.713973e-001  0.000000e+000
    outer loop
      vertex  2.466294e+001 -2.525614e+001  0.000000e+000
      vertex  2.466294e+001 -2.525614e+001 -5.000000e+000
      vertex  2.484776e+001 -2.491037e+001  0.000000e+000
    endloop
  endfacet
  facet normal  8.819210e-001 -4.713973e-001  0.000000e+000
    outer loop
      vertex  2.484776e+001 -2.491037e+001  0.000000e+000
      vertex  2.466294e+001 -2.525614e+001 -5.000000e+000
      vertex  2.484776e+001 -2.491037e+001 -5.000000e+000
    endloop
  endfacet
  facet normal  9.569401e-001 -2.902855e-001  0.000000e+000
    outer loop
      vertex  2.484776e+001 -2.491037e+001  0.000000e+000
      vertex  2.484776e+001 -2.491037e+001 -5.000000e+000
      vertex  2.496157e+001 -2.453518e+001  0.000000e+000
    endloop
  endfacet
  facet normal  9.569401e-001 -2.902855e-001  0.000000e+000
    outer loop
      vertex  2.496157e+001 -2.453518e+001  0.000000e+000
      vertex  2.484776e+001 -2.491037e+001 -5.000000e+000
      vertex  2.496157e+001 -2.453518e+001 -5.000000e+000
    endloop
  endfacet
  facet normal  9.951848e-001 -9.801670e-002  0.000000e+000
    outer loop
      vertex  2.496157e+001 -2.453518e+001  0.000000e+000
      vertex  2.496157e+001 -2.453518e+001 -5.000000e+000
      vertex  2.500000e+001 -2.414500e+001  0.000000e+000
    endloop
  endfacet
  facet normal  9.951848e-001 -9.801670e-002  0.000000e+000
    outer loop
      vertex  2.500000e+001 -2.414500e+001  0.000000e+000
      vertex  2.496157e+001 -2.453518e+001 -5.000000e+000
      vertex  2.500000e+001 -2.414500e+001 -5.000000e+000
    endloop
  endfacet
  facet normal  0.000000e+000 -1.000000e+000  0.000000e+000
    outer loop
      vertex -2.500000e+000 -3.050000e+001  0.000000e+000
      vertex -2.500000e+000 -3.050000e+001 -5.000000e+000
      vertex  2.500000e+000 -3.050000e+001  0.000000e+000
    endloop
  endfacet
  facet normal  0.000000e+000 -1.000000e+000  -0.000000e+000
    outer loop
      vertex  2.500000e+000 -3.050000e+001  0.000000e+000
      vertex -2.500000e+000 -3.050000e+001 -5.000000e+000
      vertex  2.500000e+000 -3.050000e+001 -5.000000e+000
    endloop
  endfacet
  facet normal  9.801670e-002 -9.951848e-001  0.000000e+000
    outer loop
      vertex  2.500000e+000 -3.050000e+001  0.000000e+000
      vertex  2.500000e+000 -3.050000e+001 -5.000000e+000
      vertex  2.890181e+000 -3.046157e+001  0.000000e+000
    endloop
  endfacet
  facet normal  9.801670e-002 -9.951848e-001  0.000000e+000
    outer loop
      vertex  2.890181e+000 -3.046157e+001  0.000000e+000
      vertex  2.500000e+000 -3.050000e+001 -5.000000e+000
      vertex  2.890181e+000 -3.046157e+001 -5.000000e+000
    endloop
  endfacet
  facet normal  2.902847e-001 -9.569404e-001  0.000000e+000
    outer loop
      vertex  2.890181e+000 -3.046157e+001  0.000000e+000
      vertex  2.890181e+000 -3.046157e+001 -5.000000e+000
      vertex  3.265367e+000 -3.034776e+001  0.000000e+000
    endloop
  endfacet
  facet normal  2.902847e-001 -9.569404e-001  0.000000e+000
    outer loop
      vertex  3.265367e+000 -3.034776e+001  0.000000e+000
      vertex  2.890181e+000 -3.046157e+001 -5.000000e+000
      vertex  3.265367e+000 -3.034776e+001 -5.000000e+000
    endloop
  endfacet
  facet normal  4.713973e-001 -8.819210e-001  0.000000e+000
    outer loop
      vertex  3.265367e+000 -3.034776e+001  0.000000e+000
      vertex  3.265367e+000 -3.034776e+001 -5.000000e+000
      vertex  3.611140e+000 -3.016294e+001  0.000000e+000
    endloop
  endfacet
  facet normal  4.713973e-001 -8.819210e-001  0.000000e+000
    outer loop
      vertex  3.611140e+000 -3.016294e+001  0.000000e+000
      vertex  3.265367e+000 -3.034776e+001 -5.000000e+000
      vertex  3.611140e+000 -3.016294e+001 -5.000000e+000
    endloop
  endfacet
  facet normal  6.343936e-001 -7.730103e-001  0.000000e+000
    outer loop
      vertex  3.611140e+000 -3.016294e+001  0.000000e+000
      vertex  3.611140e+000 -3.016294e+001 -5.000000e+000
      vertex  3.914214e+000 -2.991421e+001  0.000000e+000
    endloop
  endfacet
  facet normal  6.343936e-001 -7.730103e-001  0.000000e+000
    outer loop
      vertex  3.914214e+000 -2.991421e+001  0.000000e+000
      vertex  3.611140e+000 -3.016294e+001 -5.000000e+000
      vertex  3.914214e+000 -2.991421e+001 -5.000000e+000
    endloop
  endfacet
  facet normal  7.730095e-001 -6.343943e-001  0.000000e+000
    outer loop
      vertex  3.914214e+000 -2.991421e+001  0.000000e+000
      vertex  3.914214e+000 -2.991421e+001 -5.000000e+000
      vertex  4.162939e+000 -2.961114e+001  0.000000e+000
    endloop
  endfacet
  facet normal  7.730095e-001 -6.343943e-001  0.000000e+000
    outer loop
      vertex  4.162939e+000 -2.961114e+001  0.000000e+000
      vertex  3.914214e+000 -2.991421e+001 -5.000000e+000
      vertex  4.162939e+000 -2.961114e+001 -5.000000e+000
    endloop
  endfacet
  facet normal  8.819210e-001 -4.713973e-001  0.000000e+000
    outer loop
      vertex  4.162939e+000 -2.961114e+001  0.000000e+000
      vertex  4.162939e+000 -2.961114e+001 -5.000000e+000
      vertex  4.347759e+000 -2.926537e+001  0.000000e+000
    endloop
  endfacet
  facet normal  8.819210e-001 -4.713973e-001  0.000000e+000
    outer loop
      vertex  4.347759e+000 -2.926537e+001  0.000000e+000
      vertex  4.162939e+000 -2.961114e+001 -5.000000e+000
      vertex  4.347759e+000 -2.926537e+001 -5.000000e+000
    endloop
  endfacet
  facet normal  9.569405e-001 -2.902842e-001  0.000000e+000
    outer loop
      vertex  4.347759e+000 -2.926537e+001  0.000000e+000
      vertex  4.347759e+000 -2.926537e+001 -5.000000e+000
      vertex  4.461571e+000 -2.889018e+001  0.000000e+000
    endloop
  endfacet
  facet normal  9.569405e-001 -2.902842e-001  0.000000e+000
    outer loop
      vertex  4.461571e+000 -2.889018e+001  0.000000e+000
      vertex  4.347759e+000 -2.926537e+001 -5.000000e+000
      vertex  4.461571e+000 -2.889018e+001 -5.000000e+000
    endloop
  endfacet
  facet normal  9.951848e-001 -9.801670e-002  0.000000e+000
    outer loop
      vertex  4.461571e+000 -2.889018e+001  0.000000e+000
      vertex  4.461571e+000 -2.889018e+001 -5.000000e+000
      vertex  4.500000e+000 -2.850000e+001  0.000000e+000
    endloop
  endfacet
  facet normal  9.951848e-001 -9.801670e-002  0.000000e+000
    outer loop
      vertex  4.500000e+000 -2.850000e+001  0.000000e+000
      vertex  4.461571e+000 -2.889018e+001 -5.000000e+000
      vertex  4.500000e+000 -2.850000e+001 -5.000000e+000
    endloop
  endfacet
  facet normal -1.000000e+000  0.000000e+000  0.000000e+000
    outer loop
      vertex -4.500000e+000 -2.850000e+001 -5.000000e+000
      vertex -4.500000e+000 -2.850000e+001  0.000000e+000
      vertex -4.500000e+000 -2.814500e+001 -5.000000e+000
    endloop
  endfacet
  facet normal -1.000000e+000  0.000000e+000  0.000000e+000
    outer loop
      vertex -4.500000e+000 -2.814500e+001 -5.000000e+000
      vertex -4.500000e+000 -2.850000e+001  0.000000e+000
      vertex -4.500000e+000 -2.814500e+001  0.000000e+000
    endloop
  endfacet
  facet normal -9.951848e-001 -9.801670e-002  0.000000e+000
    outer loop
      vertex -4.500000e+000 -2.850000e+001  0.000000e+000
      vertex -4.500000e+000 -2.850000e+001 -5.000000e+000
      vertex -4.461571e+000 -2.889018e+001  0.000000e+000
    endloop
  endfacet
  facet normal -9.951848e-001 -9.801670e-002  -0.000000e+000
    outer loop
      vertex -4.461571e+000 -2.889018e+001  0.000000e+000
      vertex -4.500000e+000 -2.850000e+001 -5.000000e+000
      vertex -4.461571e+000 -2.889018e+001 -5.000000e+000
    endloop
  endfacet
  facet normal -9.569405e-001 -2.902842e-001  0.000000e+000
    outer loop
      vertex -4.461571e+000 -2.889018e+001  0.000000e+000
      vertex -4.461571e+000 -2.889018e+001 -5.000000e+000
      vertex -4.347759e+000 -2.926537e+001  0.000000e+000
    endloop
  endfacet
  facet normal -9.569405e-001 -2.902842e-001  -0.000000e+000
    outer loop
      vertex -4.347759e+000 -2.926537e+001  0.000000e+000
      vertex -4.461571e+000 -2.889018e+001 -5.000000e+000
      vertex -4.347759e+000 -2.926537e+001 -5.000000e+000
    endloop
  endfacet
  facet normal -8.819210e-001 -4.713973e-001  0.000000e+000
    outer loop
      vertex -4.347759e+000 -2.926537e+001  0.000000e+000
      vertex -4.347759e+000 -2.926537e+001 -5.000000e+000
      vertex -4.162939e+000 -2.961114e+001  0.000000e+000
    endloop
  endfacet
  facet normal -8.819210e-001 -4.713973e-001  -0.000000e+000
    outer loop
      vertex -4.162939e+000 -2.961114e+001  0.000000e+000
      vertex -4.347759e+000 -2.926537e+001 -5.000000e+000
      vertex -4.162939e+000 -2.961114e+001 -5.000000e+000
    endloop
  endfacet
  facet normal -7.730095e-001 -6.343943e-001  0.000000e+000
    outer loop
      vertex -4.162939e+000 -2.961114e+001  0.000000e+000
      vertex -4.162939e+000 -2.961114e+001 -5.000000e+000
      vertex -3.914214e+000 -2.991421e+001  0.000000e+000
    endloop
  endfacet
  facet normal -7.730095e-001 -6.343943e-001  -0.000000e+000
    outer loop
      vertex -3.914214e+000 -2.991421e+001  0.000000e+000
      vertex -4.162939e+000 -2.961114e+001 -5.000000e+000
      vertex -3.914214e+000 -2.991421e+001 -5.000000e+000
    endloop
  endfacet
  facet normal -6.343936e-001 -7.730103e-001  0.000000e+000
    outer loop
      vertex -3.914214e+000 -2.991421e+001  0.000000e+000
      vertex -3.914214e+000 -2.991421e+001 -5.000000e+000
      vertex -3.611140e+000 -3.016294e+001  0.000000e+000
    endloop
  endfacet
  facet normal -6.343936e-001 -7.730103e-001  -0.000000e+000
    outer loop
      vertex -3.611140e+000 -3.016294e+001  0.000000e+000
      vertex -3.914214e+000 -2.991421e+001 -5.000000e+000
      vertex -3.611140e+000 -3.016294e+001 -5.000000e+000
    endloop
  endfacet
  facet normal -4.713973e-001 -8.819210e-001  0.000000e+000
    outer loop
      vertex -3.611140e+000 -3.016294e+001  0.000000e+000
      vertex -3.611140e+000 -3.016294e+001 -5.000000e+000
      vertex -3.265367e+000 -3.034776e+001  0.000000e+000
    endloop
  endfacet
  facet normal -4.713973e-001 -8.819210e-001  -0.000000e+000
    outer loop
      vertex -3.265367e+000 -3.034776e+001  0.000000e+000
      vertex -3.611140e+000 -3.016294e+001 -5.000000e+000
      vertex -3.265367e+000 -3.034776e+001 -5.000000e+000
    endloop
  endfacet
  facet normal -2.902847e-001 -9.569404e-001  0.000000e+000
    outer loop
      vertex -3.265367e+000 -3.034776e+001  0.000000e+000
      vertex -3.265367e+000 -3.034776e+001 -5.000000e+000
      vertex -2.890181e+000 -3.046157e+001  0.000000e+000
    endloop
  endfacet
  facet normal -2.902847e-001 -9.569404e-001  -0.000000e+000
    outer loop
      vertex -2.890181e+000 -3.046157e+001  0.000000e+000
      vertex -3.265367e+000 -3.034776e+001 -5.000000e+000
      vertex -2.890181e+000 -3.046157e+001 -5.000000e+000
    endloop
  endfacet
  facet normal -9.801670e-002 -9.951848e-001  0.000000e+000
    outer loop
      vertex -2.890181e+000 -3.046157e+001  0.000000e+000
      vertex -2.890181e+000 -3.046157e+001 -5.000000e+000
      vertex -2.500000e+000 -3.050000e+001  0.000000e+000
    endloop
  endfacet
  facet normal -9.801670e-002 -9.951848e-001  -0.000000e+000
    outer loop
      vertex -2.500000e+000 -3.050000e+001  0.000000e+000
      vertex -2.890181e+000 -3.046157e+001 -5.000000e+000
      vertex -2.500000e+000 -3.050000e+001 -5.000000e+000
    endloop
  endfacet
  facet normal  0.000000e+000 -9.999999e-001  0.000000e+000
    outer loop
      vertex -2.300000e+001 -2.614500e+001 -5.000000e+000
      vertex -6.500000e+000 -2.614500e+001 -5.000000e+000
      vertex -2.300000e+001 -2.614500e+001  0.000000e+000
    endloop
  endfacet
  facet normal  0.000000e+000 -9.999999e-001  0.000000e+000
    outer loop
      vertex -2.300000e+001 -2.614500e+001  0.000000e+000
      vertex -6.500000e+000 -2.614500e+001 -5.000000e+000
      vertex -6.500000e+000 -2.614500e+001  0.000000e+000
    endloop
  endfacet
  facet normal -7.730095e-001 -6.343943e-001  0.000000e+000
    outer loop
      vertex -5.085786e+000 -2.673079e+001  0.000000e+000
      vertex -4.837061e+000 -2.703386e+001 -5.000000e+000
      vertex -4.837061e+000 -2.703386e+001  0.000000e+000
    endloop
  endfacet
  facet normal -8.819210e-001 -4.713973e-001  -0.000000e+000
    outer loop
      vertex -4.837061e+000 -2.703386e+001  0.000000e+000
      vertex -4.837061e+000 -2.703386e+001 -5.000000e+000
      vertex -4.652241e+000 -2.737963e+001 -5.000000e+000
    endloop
  endfacet
  facet normal -8.819210e-001 -4.713973e-001  0.000000e+000
    outer loop
      vertex -4.837061e+000 -2.703386e+001  0.000000e+000
      vertex -4.652241e+000 -2.737963e+001 -5.000000e+000
      vertex -4.652241e+000 -2.737963e+001  0.000000e+000
    endloop
  endfacet
  facet normal -9.569405e-001 -2.902842e-001  -0.000000e+000
    outer loop
      vertex -4.652241e+000 -2.737963e+001  0.000000e+000
      vertex -4.652241e+000 -2.737963e+001 -5.000000e+000
      vertex -4.538429e+000 -2.775482e+001 -5.000000e+000
    endloop
  endfacet
  facet normal -9.569405e-001 -2.902842e-001  0.000000e+000
    outer loop
      vertex -4.652241e+000 -2.737963e+001  0.000000e+000
      vertex -4.538429e+000 -2.775482e+001 -5.000000e+000
      vertex -4.538429e+000 -2.775482e+001  0.000000e+000
    endloop
  endfacet
  facet normal -9.951848e-001 -9.801670e-002  -0.000000e+000
    outer loop
      vertex -4.538429e+000 -2.775482e+001  0.000000e+000
      vertex -4.538429e+000 -2.775482e+001 -5.000000e+000
      vertex -4.500000e+000 -2.814500e+001 -5.000000e+000
    endloop
  endfacet
  facet normal -9.951848e-001 -9.801670e-002  0.000000e+000
    outer loop
      vertex -4.538429e+000 -2.775482e+001  0.000000e+000
      vertex -4.500000e+000 -2.814500e+001 -5.000000e+000
      vertex -4.500000e+000 -2.814500e+001  0.000000e+000
    endloop
  endfacet
  facet normal -7.730095e-001 -6.343943e-001  -0.000000e+000
    outer loop
      vertex -4.837061e+000 -2.703386e+001 -5.000000e+000
      vertex -5.085786e+000 -2.673079e+001  0.000000e+000
      vertex -5.085786e+000 -2.673079e+001 -5.000000e+000
    endloop
  endfacet
  facet normal -6.343933e-001 -7.730105e-001  0.000000e+000
    outer loop
      vertex -5.085786e+000 -2.673079e+001 -5.000000e+000
      vertex -5.085786e+000 -2.673079e+001  0.000000e+000
      vertex -5.388860e+000 -2.648206e+001  0.000000e+000
    endloop
  endfacet
  facet normal -6.343933e-001 -7.730105e-001  -0.000000e+000
    outer loop
      vertex -5.085786e+000 -2.673079e+001 -5.000000e+000
      vertex -5.388860e+000 -2.648206e+001  0.000000e+000
      vertex -5.388860e+000 -2.648206e+001 -5.000000e+000
    endloop
  endfacet
  facet normal -4.713978e-001 -8.819207e-001  0.000000e+000
    outer loop
      vertex -5.388860e+000 -2.648206e+001 -5.000000e+000
      vertex -5.388860e+000 -2.648206e+001  0.000000e+000
      vertex -5.734633e+000 -2.629724e+001  0.000000e+000
    endloop
  endfacet
  facet normal -4.713978e-001 -8.819207e-001  -0.000000e+000
    outer loop
      vertex -5.388860e+000 -2.648206e+001 -5.000000e+000
      vertex -5.734633e+000 -2.629724e+001  0.000000e+000
      vertex -5.734633e+000 -2.629724e+001 -5.000000e+000
    endloop
  endfacet
  facet normal -2.902845e-001 -9.569404e-001  0.000000e+000
    outer loop
      vertex -5.734633e+000 -2.629724e+001 -5.000000e+000
      vertex -5.734633e+000 -2.629724e+001  0.000000e+000
      vertex -6.109819e+000 -2.618343e+001  0.000000e+000
    endloop
  endfacet
  facet normal -2.902845e-001 -9.569404e-001  -0.000000e+000
    outer loop
      vertex -5.734633e+000 -2.629724e+001 -5.000000e+000
      vertex -6.109819e+000 -2.618343e+001  0.000000e+000
      vertex -6.109819e+000 -2.618343e+001 -5.000000e+000
    endloop
  endfacet
  facet normal -9.801670e-002 -9.951848e-001  0.000000e+000
    outer loop
      vertex -6.109819e+000 -2.618343e+001 -5.000000e+000
      vertex -6.109819e+000 -2.618343e+001  0.000000e+000
      vertex -6.500000e+000 -2.614500e+001  0.000000e+000
    endloop
  endfacet
  facet normal -9.801670e-002 -9.951848e-001  -0.000000e+000
    outer loop
      vertex -6.109819e+000 -2.618343e+001 -5.000000e+000
      vertex -6.500000e+000 -2.614500e+001  0.000000e+000
      vertex -6.500000e+000 -2.614500e+001 -5.000000e+000
    endloop
  endfacet
  facet normal -1.000000e+000  0.000000e+000  0.000000e+000
    outer loop
      vertex -2.500000e+001 -2.414500e+001 -5.000000e+000
      vertex -2.500000e+001 -2.414500e+001  0.000000e+000
      vertex -2.500000e+001  2.414500e+001 -5.000000e+000
    endloop
  endfacet
  facet normal -1.000000e+000  0.000000e+000  0.000000e+000
    outer loop
      vertex -2.500000e+001  2.414500e+001 -5.000000e+000
      vertex -2.500000e+001 -2.414500e+001  0.000000e+000
      vertex -2.500000e+001  2.414500e+001  0.000000e+000
    endloop
  endfacet
  facet normal -9.951848e-001 -9.801670e-002  0.000000e+000
    outer loop
      vertex -2.500000e+001 -2.414500e+001  0.000000e+000
      vertex -2.500000e+001 -2.414500e+001 -5.000000e+000
      vertex -2.496157e+001 -2.453518e+001  0.000000e+000
    endloop
  endfacet
  facet normal -9.951848e-001 -9.801670e-002  -0.000000e+000
    outer loop
      vertex -2.496157e+001 -2.453518e+001  0.000000e+000
      vertex -2.500000e+001 -2.414500e+001 -5.000000e+000
      vertex -2.496157e+001 -2.453518e+001 -5.000000e+000
    endloop
  endfacet
  facet normal -9.569401e-001 -2.902855e-001  0.000000e+000
    outer loop
      vertex -2.496157e+001 -2.453518e+001  0.000000e+000
      vertex -2.496157e+001 -2.453518e+001 -5.000000e+000
      vertex -2.484776e+001 -2.491037e+001  0.000000e+000
    endloop
  endfacet
  facet normal -9.569401e-001 -2.902855e-001  -0.000000e+000
    outer loop
      vertex -2.484776e+001 -2.491037e+001  0.000000e+000
      vertex -2.496157e+001 -2.453518e+001 -5.000000e+000
      vertex -2.484776e+001 -2.491037e+001 -5.000000e+000
    endloop
  endfacet
  facet normal -8.819210e-001 -4.713973e-001  0.000000e+000
    outer loop
      vertex -2.484776e+001 -2.491037e+001  0.000000e+000
      vertex -2.484776e+001 -2.491037e+001 -5.000000e+000
      vertex -2.466294e+001 -2.525614e+001  0.000000e+000
    endloop
  endfacet
  facet normal -8.819210e-001 -4.713973e-001  -0.000000e+000
    outer loop
      vertex -2.466294e+001 -2.525614e+001  0.000000e+000
      vertex -2.484776e+001 -2.491037e+001 -5.000000e+000
      vertex -2.466294e+001 -2.525614e+001 -5.000000e+000
    endloop
  endfacet
  facet normal -7.730110e-001 -6.343927e-001  0.000000e+000
    outer loop
      vertex -2.466294e+001 -2.525614e+001  0.000000e+000
      vertex -2.466294e+001 -2.525614e+001 -5.000000e+000
      vertex -2.441421e+001 -2.555921e+001  0.000000e+000
    endloop
  endfacet
  facet normal -7.730110e-001 -6.343927e-001  -0.000000e+000
    outer loop
      vertex -2.441421e+001 -2.555921e+001  0.000000e+000
      vertex -2.466294e+001 -2.525614e+001 -5.000000e+000
      vertex -2.441421e+001 -2.555921e+001 -5.000000e+000
    endloop
  endfacet
  facet normal -6.343951e-001 -7.730090e-001  0.000000e+000
    outer loop
      vertex -2.441421e+001 -2.555921e+001  0.000000e+000
      vertex -2.441421e+001 -2.555921e+001 -5.000000e+000
      vertex -2.411114e+001 -2.580794e+001  0.000000e+000
    endloop
  endfacet
  facet normal -6.343951e-001 -7.730090e-001  -0.000000e+000
    outer loop
      vertex -2.411114e+001 -2.580794e+001  0.000000e+000
      vertex -2.441421e+001 -2.555921e+001 -5.000000e+000
      vertex -2.411114e+001 -2.580794e+001 -5.000000e+000
    endloop
  endfacet
  facet normal -4.713973e-001 -8.819210e-001  0.000000e+000
    outer loop
      vertex -2.411114e+001 -2.580794e+001  0.000000e+000
      vertex -2.411114e+001 -2.580794e+001 -5.000000e+000
      vertex -2.376537e+001 -2.599276e+001  0.000000e+000
    endloop
  endfacet
  facet normal -4.713973e-001 -8.819210e-001  -0.000000e+000
    outer loop
      vertex -2.376537e+001 -2.599276e+001  0.000000e+000
      vertex -2.411114e+001 -2.580794e+001 -5.000000e+000
      vertex -2.376537e+001 -2.599276e+001 -5.000000e+000
    endloop
  endfacet
  facet normal -2.902842e-001 -9.569405e-001  0.000000e+000
    outer loop
      vertex -2.376537e+001 -2.599276e+001  0.000000e+000
      vertex -2.376537e+001 -2.599276e+001 -5.000000e+000
      vertex -2.339018e+001 -2.610657e+001  0.000000e+000
    endloop
  endfacet
  facet normal -2.902842e-001 -9.569405e-001  -0.000000e+000
    outer loop
      vertex -2.339018e+001 -2.610657e+001  0.000000e+000
      vertex -2.376537e+001 -2.599276e+001 -5.000000e+000
      vertex -2.339018e+001 -2.610657e+001 -5.000000e+000
    endloop
  endfacet
  facet normal -9.801670e-002 -9.951848e-001  0.000000e+000
    outer loop
      vertex -2.339018e+001 -2.610657e+001  0.000000e+000
      vertex -2.339018e+001 -2.610657e+001 -5.000000e+000
      vertex -2.300000e+001 -2.614500e+001  0.000000e+000
    endloop
  endfacet
  facet normal -9.801670e-002 -9.951848e-001  -0.000000e+000
    outer loop
      vertex -2.300000e+001 -2.614500e+001  0.000000e+000
      vertex -2.339018e+001 -2.610657e+001 -5.000000e+000
      vertex -2.300000e+001 -2.614500e+001 -5.000000e+000
    endloop
  endfacet
  facet normal  1.000000e+000  0.000000e+000  0.000000e+000
    outer loop
      vertex  4.500000e+000  2.850000e+001 -5.000000e+000
      vertex  4.500000e+000  2.850000e+001  0.000000e+000
      vertex  4.500000e+000  2.814500e+001 -5.000000e+000
    endloop
  endfacet
  facet normal  1.000000e+000  0.000000e+000  0.000000e+000
    outer loop
      vertex  4.500000e+000  2.814500e+001 -5.000000e+000
      vertex  4.500000e+000  2.850000e+001  0.000000e+000
      vertex  4.500000e+000  2.814500e+001  0.000000e+000
    endloop
  endfacet
  facet normal  0.000000e+000  9.999999e-001  0.000000e+000
    outer loop
      vertex  6.500000e+000  2.614500e+001 -5.000000e+000
      vertex  6.500000e+000  2.614500e+001  0.000000e+000
      vertex  2.300000e+001  2.614500e+001 -5.000000e+000
    endloop
  endfacet
  facet normal  0.000000e+000  9.999999e-001  -0.000000e+000
    outer loop
      vertex  2.300000e+001  2.614500e+001 -5.000000e+000
      vertex  6.500000e+000  2.614500e+001  0.000000e+000
      vertex  2.300000e+001  2.614500e+001  0.000000e+000
    endloop
  endfacet
  facet normal  7.730095e-001  6.343943e-001  -0.000000e+000
    outer loop
      vertex  5.085786e+000  2.673079e+001  0.000000e+000
      vertex  4.837061e+000  2.703386e+001 -5.000000e+000
      vertex  4.837061e+000  2.703386e+001  0.000000e+000
    endloop
  endfacet
  facet normal  8.819210e-001  4.713973e-001  0.000000e+000
    outer loop
      vertex  4.837061e+000  2.703386e+001  0.000000e+000
      vertex  4.837061e+000  2.703386e+001 -5.000000e+000
      vertex  4.652241e+000  2.737963e+001 -5.000000e+000
    endloop
  endfacet
  facet normal  8.819210e-001  4.713973e-001  -0.000000e+000
    outer loop
      vertex  4.837061e+000  2.703386e+001  0.000000e+000
      vertex  4.652241e+000  2.737963e+001 -5.000000e+000
      vertex  4.652241e+000  2.737963e+001  0.000000e+000
    endloop
  endfacet
  facet normal  9.569405e-001  2.902842e-001  0.000000e+000
    outer loop
      vertex  4.652241e+000  2.737963e+001  0.000000e+000
      vertex  4.652241e+000  2.737963e+001 -5.000000e+000
      vertex  4.538429e+000  2.775482e+001 -5.000000e+000
    endloop
  endfacet
  facet normal  9.569405e-001  2.902842e-001  -0.000000e+000
    outer loop
      vertex  4.652241e+000  2.737963e+001  0.000000e+000
      vertex  4.538429e+000  2.775482e+001 -5.000000e+000
      vertex  4.538429e+000  2.775482e+001  0.000000e+000
    endloop
  endfacet
  facet normal  9.951848e-001  9.801670e-002  0.000000e+000
    outer loop
      vertex  4.538429e+000  2.775482e+001  0.000000e+000
      vertex  4.538429e+000  2.775482e+001 -5.000000e+000
      vertex  4.500000e+000  2.814500e+001 -5.000000e+000
    endloop
  endfacet
  facet normal  9.951848e-001  9.801670e-002  -0.000000e+000
    outer loop
      vertex  4.538429e+000  2.775482e+001  0.000000e+000
      vertex  4.500000e+000  2.814500e+001 -5.000000e+000
      vertex  4.500000e+000  2.814500e+001  0.000000e+000
    endloop
  endfacet
  facet normal  7.730095e-001  6.343943e-001  0.000000e+000
    outer loop
      vertex  4.837061e+000  2.703386e+001 -5.000000e+000
      vertex  5.085786e+000  2.673079e+001  0.000000e+000
      vertex  5.085786e+000  2.673079e+001 -5.000000e+000
    endloop
  endfacet
  facet normal  6.343933e-001  7.730105e-001  -0.000000e+000
    outer loop
      vertex  5.085786e+000  2.673079e+001 -5.000000e+000
      vertex  5.085786e+000  2.673079e+001  0.000000e+000
      vertex  5.388860e+000  2.648206e+001  0.000000e+000
    endloop
  endfacet
  facet normal  6.343933e-001  7.730105e-001  0.000000e+000
    outer loop
      vertex  5.085786e+000  2.673079e+001 -5.000000e+000
      vertex  5.388860e+000  2.648206e+001  0.000000e+000
      vertex  5.388860e+000  2.648206e+001 -5.000000e+000
    endloop
  endfacet
  facet normal  4.713978e-001  8.819207e-001  -0.000000e+000
    outer loop
      vertex  5.388860e+000  2.648206e+001 -5.000000e+000
      vertex  5.388860e+000  2.648206e+001  0.000000e+000
      vertex  5.734633e+000  2.629724e+001  0.000000e+000
    endloop
  endfacet
  facet normal  4.713978e-001  8.819207e-001  0.000000e+000
    outer loop
      vertex  5.388860e+000  2.648206e+001 -5.000000e+000
      vertex  5.734633e+000  2.629724e+001  0.000000e+000
      vertex  5.734633e+000  2.629724e+001 -5.000000e+000
    endloop
  endfacet
  facet normal  2.902845e-001  9.569404e-001  -0.000000e+000
    outer loop
      vertex  5.734633e+000  2.629724e+001 -5.000000e+000
      vertex  5.734633e+000  2.629724e+001  0.000000e+000
      vertex  6.109819e+000  2.618343e+001  0.000000e+000
    endloop
  endfacet
  facet normal  2.902845e-001  9.569404e-001  0.000000e+000
    outer loop
      vertex  5.734633e+000  2.629724e+001 -5.000000e+000
      vertex  6.109819e+000  2.618343e+001  0.000000e+000
      vertex  6.109819e+000  2.618343e+001 -5.000000e+000
    endloop
  endfacet
  facet normal  9.801670e-002  9.951848e-001  -0.000000e+000
    outer loop
      vertex  6.109819e+000  2.618343e+001 -5.000000e+000
      vertex  6.109819e+000  2.618343e+001  0.000000e+000
      vertex  6.500000e+000  2.614500e+001  0.000000e+000
    endloop
  endfacet
  facet normal  9.801670e-002  9.951848e-001  0.000000e+000
    outer loop
      vertex  6.109819e+000  2.618343e+001 -5.000000e+000
      vertex  6.500000e+000  2.614500e+001  0.000000e+000
      vertex  6.500000e+000  2.614500e+001 -5.000000e+000
    endloop
  endfacet
  facet normal -9.801670e-002  9.951848e-001  0.000000e+000
    outer loop
      vertex -2.300000e+001  2.614500e+001  0.000000e+000
      vertex -2.300000e+001  2.614500e+001 -5.000000e+000
      vertex -2.339018e+001  2.610657e+001  0.000000e+000
    endloop
  endfacet
  facet normal -9.801670e-002  9.951848e-001  0.000000e+000
    outer loop
      vertex -2.339018e+001  2.610657e+001  0.000000e+000
      vertex -2.300000e+001  2.614500e+001 -5.000000e+000
      vertex -2.339018e+001  2.610657e+001 -5.000000e+000
    endloop
  endfacet
  facet normal -2.902842e-001  9.569405e-001  0.000000e+000
    outer loop
      vertex -2.339018e+001  2.610657e+001  0.000000e+000
      vertex -2.339018e+001  2.610657e+001 -5.000000e+000
      vertex -2.376537e+001  2.599276e+001  0.000000e+000
    endloop
  endfacet
  facet normal -2.902842e-001  9.569405e-001  0.000000e+000
    outer loop
      vertex -2.376537e+001  2.599276e+001  0.000000e+000
      vertex -2.339018e+001  2.610657e+001 -5.000000e+000
      vertex -2.376537e+001  2.599276e+001 -5.000000e+000
    endloop
  endfacet
  facet normal -4.713973e-001  8.819210e-001  0.000000e+000
    outer loop
      vertex -2.376537e+001  2.599276e+001  0.000000e+000
      vertex -2.376537e+001  2.599276e+001 -5.000000e+000
      vertex -2.411114e+001  2.580794e+001  0.000000e+000
    endloop
  endfacet
  facet normal -4.713973e-001  8.819210e-001  0.000000e+000
    outer loop
      vertex -2.411114e+001  2.580794e+001  0.000000e+000
      vertex -2.376537e+001  2.599276e+001 -5.000000e+000
      vertex -2.411114e+001  2.580794e+001 -5.000000e+000
    endloop
  endfacet
  facet normal -6.343951e-001  7.730090e-001  0.000000e+000
    outer loop
      vertex -2.411114e+001  2.580794e+001  0.000000e+000
      vertex -2.411114e+001  2.580794e+001 -5.000000e+000
      vertex -2.441421e+001  2.555921e+001  0.000000e+000
    endloop
  endfacet
  facet normal -6.343951e-001  7.730090e-001  0.000000e+000
    outer loop
      vertex -2.441421e+001  2.555921e+001  0.000000e+000
      vertex -2.411114e+001  2.580794e+001 -5.000000e+000
      vertex -2.441421e+001  2.555921e+001 -5.000000e+000
    endloop
  endfacet
  facet normal -7.730110e-001  6.343927e-001  0.000000e+000
    outer loop
      vertex -2.441421e+001  2.555921e+001  0.000000e+000
      vertex -2.441421e+001  2.555921e+001 -5.000000e+000
      vertex -2.466294e+001  2.525614e+001  0.000000e+000
    endloop
  endfacet
  facet normal -7.730110e-001  6.343927e-001  0.000000e+000
    outer loop
      vertex -2.466294e+001  2.525614e+001  0.000000e+000
      vertex -2.441421e+001  2.555921e+001 -5.000000e+000
      vertex -2.466294e+001  2.525614e+001 -5.000000e+000
    endloop
  endfacet
  facet normal -8.819210e-001  4.713973e-001  0.000000e+000
    outer loop
      vertex -2.466294e+001  2.525614e+001  0.000000e+000
      vertex -2.466294e+001  2.525614e+001 -5.000000e+000
      vertex -2.484776e+001  2.491037e+001  0.000000e+000
    endloop
  endfacet
  facet normal -8.819210e-001  4.713973e-001  0.000000e+000
    outer loop
      vertex -2.484776e+001  2.491037e+001  0.000000e+000
      vertex -2.466294e+001  2.525614e+001 -5.000000e+000
      vertex -2.484776e+001  2.491037e+001 -5.000000e+000
    endloop
  endfacet
  facet normal -9.569401e-001  2.902855e-001  0.000000e+000
    outer loop
      vertex -2.484776e+001  2.491037e+001  0.000000e+000
      vertex -2.484776e+001  2.491037e+001 -5.000000e+000
      vertex -2.496157e+001  2.453518e+001  0.000000e+000
    endloop
  endfacet
  facet normal -9.569401e-001  2.902855e-001  0.000000e+000
    outer loop
      vertex -2.496157e+001  2.453518e+001  0.000000e+000
      vertex -2.484776e+001  2.491037e+001 -5.000000e+000
      vertex -2.496157e+001  2.453518e+001 -5.000000e+000
    endloop
  endfacet
  facet normal -9.951848e-001  9.801670e-002  0.000000e+000
    outer loop
      vertex -2.496157e+001  2.453518e+001  0.000000e+000
      vertex -2.496157e+001  2.453518e+001 -5.000000e+000
      vertex -2.500000e+001  2.414500e+001  0.000000e+000
    endloop
  endfacet
  facet normal -9.951848e-001  9.801670e-002  0.000000e+000
    outer loop
      vertex -2.500000e+001  2.414500e+001  0.000000e+000
      vertex -2.496157e+001  2.453518e+001 -5.000000e+000
      vertex -2.500000e+001  2.414500e+001 -5.000000e+000
    endloop
  endfacet
  facet normal  0.000000e+000  1.000000e+000  0.000000e+000
    outer loop
      vertex -2.500000e+000  3.050000e+001  0.000000e+000
      vertex  2.500000e+000  3.050000e+001  0.000000e+000
      vertex -2.500000e+000  3.050000e+001 -5.000000e+000
    endloop
  endfacet
  facet normal  0.000000e+000  1.000000e+000  0.000000e+000
    outer loop
      vertex -2.500000e+000  3.050000e+001 -5.000000e+000
      vertex  2.500000e+000  3.050000e+001  0.000000e+000
      vertex  2.500000e+000  3.050000e+001 -5.000000e+000
    endloop
  endfacet
  facet normal -9.801670e-002  9.951848e-001  0.000000e+000
    outer loop
      vertex -2.500000e+000  3.050000e+001  0.000000e+000
      vertex -2.500000e+000  3.050000e+001 -5.000000e+000
      vertex -2.890181e+000  3.046157e+001  0.000000e+000
    endloop
  endfacet
  facet normal -9.801670e-002  9.951848e-001  0.000000e+000
    outer loop
      vertex -2.890181e+000  3.046157e+001  0.000000e+000
      vertex -2.500000e+000  3.050000e+001 -5.000000e+000
      vertex -2.890181e+000  3.046157e+001 -5.000000e+000
    endloop
  endfacet
  facet normal -2.902847e-001  9.569404e-001  0.000000e+000
    outer loop
      vertex -2.890181e+000  3.046157e+001  0.000000e+000
      vertex -2.890181e+000  3.046157e+001 -5.000000e+000
      vertex -3.265367e+000  3.034776e+001  0.000000e+000
    endloop
  endfacet
  facet normal -2.902847e-001  9.569404e-001  0.000000e+000
    outer loop
      vertex -3.265367e+000  3.034776e+001  0.000000e+000
      vertex -2.890181e+000  3.046157e+001 -5.000000e+000
      vertex -3.265367e+000  3.034776e+001 -5.000000e+000
    endloop
  endfacet
  facet normal -4.713973e-001  8.819210e-001  0.000000e+000
    outer loop
      vertex -3.265367e+000  3.034776e+001  0.000000e+000
      vertex -3.265367e+000  3.034776e+001 -5.000000e+000
      vertex -3.611140e+000  3.016294e+001  0.000000e+000
    endloop
  endfacet
  facet normal -4.713973e-001  8.819210e-001  0.000000e+000
    outer loop
      vertex -3.611140e+000  3.016294e+001  0.000000e+000
      vertex -3.265367e+000  3.034776e+001 -5.000000e+000
      vertex -3.611140e+000  3.016294e+001 -5.000000e+000
    endloop
  endfacet
  facet normal -6.343936e-001  7.730103e-001  0.000000e+000
    outer loop
      vertex -3.611140e+000  3.016294e+001  0.000000e+000
      vertex -3.611140e+000  3.016294e+001 -5.000000e+000
      vertex -3.914214e+000  2.991421e+001  0.000000e+000
    endloop
  endfacet
  facet normal -6.343936e-001  7.730103e-001  0.000000e+000
    outer loop
      vertex -3.914214e+000  2.991421e+001  0.000000e+000
      vertex -3.611140e+000  3.016294e+001 -5.000000e+000
      vertex -3.914214e+000  2.991421e+001 -5.000000e+000
    endloop
  endfacet
  facet normal -7.730095e-001  6.343943e-001  0.000000e+000
    outer loop
      vertex -3.914214e+000  2.991421e+001  0.000000e+000
      vertex -3.914214e+000  2.991421e+001 -5.000000e+000
      vertex -4.162939e+000  2.961114e+001  0.000000e+000
    endloop
  endfacet
  facet normal -7.730095e-001  6.343943e-001  0.000000e+000
    outer loop
      vertex -4.162939e+000  2.961114e+001  0.000000e+000
      vertex -3.914214e+000  2.991421e+001 -5.000000e+000
      vertex -4.162939e+000  2.961114e+001 -5.000000e+000
    endloop
  endfacet
  facet normal -8.819210e-001  4.713973e-001  0.000000e+000
    outer loop
      vertex -4.162939e+000  2.961114e+001  0.000000e+000
      vertex -4.162939e+000  2.961114e+001 -5.000000e+000
      vertex -4.347759e+000  2.926537e+001  0.000000e+000
    endloop
  endfacet
  facet normal -8.819210e-001  4.713973e-001  0.000000e+000
    outer loop
      vertex -4.347759e+000  2.926537e+001  0.000000e+000
      vertex -4.162939e+000  2.961114e+001 -5.000000e+000
      vertex -4.347759e+000  2.926537e+001 -5.000000e+000
    endloop
  endfacet
  facet normal -9.569405e-001  2.902842e-001  0.000000e+000
    outer loop
      vertex -4.347759e+000  2.926537e+001  0.000000e+000
      vertex -4.347759e+000  2.926537e+001 -5.000000e+000
      vertex -4.461571e+000  2.889018e+001  0.000000e+000
    endloop
  endfacet
  facet normal -9.569405e-001  2.902842e-001  0.000000e+000
    outer loop
      vertex -4.461571e+000  2.889018e+001  0.000000e+000
      vertex -4.347759e+000  2.926537e+001 -5.000000e+000
      vertex -4.461571e+000  2.889018e+001 -5.000000e+000
    endloop
  endfacet
  facet normal -9.951848e-001  9.801670e-002  0.000000e+000
    outer loop
      vertex -4.461571e+000  2.889018e+001  0.000000e+000
      vertex -4.461571e+000  2.889018e+001 -5.000000e+000
      vertex -4.500000e+000  2.850000e+001  0.000000e+000
    endloop
  endfacet
  facet normal -9.951848e-001  9.801670e-002  0.000000e+000
    outer loop
      vertex -4.500000e+000  2.850000e+001  0.000000e+000
      vertex -4.461571e+000  2.889018e+001 -5.000000e+000
      vertex -4.500000e+000  2.850000e+001 -5.000000e+000
    endloop
  endfacet
  facet normal  9.951848e-001  9.801670e-002  -0.000000e+000
    outer loop
      vertex  4.500000e+000  2.850000e+001  0.000000e+000
      vertex  4.500000e+000  2.850000e+001 -5.000000e+000
      vertex  4.461571e+000  2.889018e+001  0.000000e+000
    endloop
  endfacet
  facet normal  9.951848e-001  9.801670e-002  0.000000e+000
    outer loop
      vertex  4.461571e+000  2.889018e+001  0.000000e+000
      vertex  4.500000e+000  2.850000e+001 -5.000000e+000
      vertex  4.461571e+000  2.889018e+001 -5.000000e+000
    endloop
  endfacet
  facet normal  9.569405e-001  2.902842e-001  -0.000000e+000
    outer loop
      vertex  4.461571e+000  2.889018e+001  0.000000e+000
      vertex  4.461571e+000  2.889018e+001 -5.000000e+000
      vertex  4.347759e+000  2.926537e+001  0.000000e+000
    endloop
  endfacet
  facet normal  9.569405e-001  2.902842e-001  0.000000e+000
    outer loop
      vertex  4.347759e+000  2.926537e+001  0.000000e+000
      vertex  4.461571e+000  2.889018e+001 -5.000000e+000
      vertex  4.347759e+000  2.926537e+001 -5.000000e+000
    endloop
  endfacet
  facet normal  8.819210e-001  4.713973e-001  -0.000000e+000
    outer loop
      vertex  4.347759e+000  2.926537e+001  0.000000e+000
      vertex  4.347759e+000  2.926537e+001 -5.000000e+000
      vertex  4.162939e+000  2.961114e+001  0.000000e+000
    endloop
  endfacet
  facet normal  8.819210e-001  4.713973e-001  0.000000e+000
    outer loop
      vertex  4.162939e+000  2.961114e+001  0.000000e+000
      vertex  4.347759e+000  2.926537e+001 -5.000000e+000
      vertex  4.162939e+000  2.961114e+001 -5.000000e+000
    endloop
  endfacet
  facet normal  7.730095e-001  6.343943e-001  -0.000000e+000
    outer loop
      vertex  4.162939e+000  2.961114e+001  0.000000e+000
      vertex  4.162939e+000  2.961114e+001 -5.000000e+000
      vertex  3.914214e+000  2.991421e+001  0.000000e+000
    endloop
  endfacet
  facet normal  7.730095e-001  6.343943e-001  0.000000e+000
    outer loop
      vertex  3.914214e+000  2.991421e+001  0.000000e+000
      vertex  4.162939e+000  2.961114e+001 -5.000000e+000
      vertex  3.914214e+000  2.991421e+001 -5.000000e+000
    endloop
  endfacet
  facet normal  6.343936e-001  7.730103e-001  -0.000000e+000
    outer loop
      vertex  3.914214e+000  2.991421e+001  0.000000e+000
      vertex  3.914214e+000  2.991421e+001 -5.000000e+000
      vertex  3.611140e+000  3.016294e+001  0.000000e+000
    endloop
  endfacet
  facet normal  6.343936e-001  7.730103e-001  0.000000e+000
    outer loop
      vertex  3.611140e+000  3.016294e+001  0.000000e+000
      vertex  3.914214e+000  2.991421e+001 -5.000000e+000
      vertex  3.611140e+000  3.016294e+001 -5.000000e+000
    endloop
  endfacet
  facet normal  4.713973e-001  8.819210e-001  -0.000000e+000
    outer loop
      vertex  3.611140e+000  3.016294e+001  0.000000e+000
      vertex  3.611140e+000  3.016294e+001 -5.000000e+000
      vertex  3.265367e+000  3.034776e+001  0.000000e+000
    endloop
  endfacet
  facet normal  4.713973e-001  8.819210e-001  0.000000e+000
    outer loop
      vertex  3.265367e+000  3.034776e+001  0.000000e+000
      vertex  3.611140e+000  3.016294e+001 -5.000000e+000
      vertex  3.265367e+000  3.034776e+001 -5.000000e+000
    endloop
  endfacet
  facet normal  2.902847e-001  9.569404e-001  -0.000000e+000
    outer loop
      vertex  3.265367e+000  3.034776e+001  0.000000e+000
      vertex  3.265367e+000  3.034776e+001 -5.000000e+000
      vertex  2.890181e+000  3.046157e+001  0.000000e+000
    endloop
  endfacet
  facet normal  2.902847e-001  9.569404e-001  0.000000e+000
    outer loop
      vertex  2.890181e+000  3.046157e+001  0.000000e+000
      vertex  3.265367e+000  3.034776e+001 -5.000000e+000
      vertex  2.890181e+000  3.046157e+001 -5.000000e+000
    endloop
  endfacet
  facet normal  9.801670e-002  9.951848e-001  -0.000000e+000
    outer loop
      vertex  2.890181e+000  3.046157e+001  0.000000e+000
      vertex  2.890181e+000  3.046157e+001 -5.000000e+000
      vertex  2.500000e+000  3.050000e+001  0.000000e+000
    endloop
  endfacet
  facet normal  9.801670e-002  9.951848e-001  0.000000e+000
    outer loop
      vertex  2.500000e+000  3.050000e+001  0.000000e+000
      vertex  2.890181e+000  3.046157e+001 -5.000000e+000
      vertex  2.500000e+000  3.050000e+001 -5.000000e+000
    endloop
  endfacet
  facet normal  9.951848e-001  9.801670e-002  -0.000000e+000
    outer loop
      vertex  2.500000e+001  2.414500e+001  0.000000e+000
      vertex  2.500000e+001  2.414500e+001 -5.000000e+000
      vertex  2.496157e+001  2.453518e+001  0.000000e+000
    endloop
  endfacet
  facet normal  9.951848e-001  9.801670e-002  0.000000e+000
    outer loop
      vertex  2.496157e+001  2.453518e+001  0.000000e+000
      vertex  2.500000e+001  2.414500e+001 -5.000000e+000
      vertex  2.496157e+001  2.453518e+001 -5.000000e+000
    endloop
  endfacet
  facet normal  9.569401e-001  2.902855e-001  -0.000000e+000
    outer loop
      vertex  2.496157e+001  2.453518e+001  0.000000e+000
      vertex  2.496157e+001  2.453518e+001 -5.000000e+000
      vertex  2.484776e+001  2.491037e+001  0.000000e+000
    endloop
  endfacet
  facet normal  9.569401e-001  2.902855e-001  0.000000e+000
    outer loop
      vertex  2.484776e+001  2.491037e+001  0.000000e+000
      vertex  2.496157e+001  2.453518e+001 -5.000000e+000
      vertex  2.484776e+001  2.491037e+001 -5.000000e+000
    endloop
  endfacet
  facet normal  8.819210e-001  4.713973e-001  -0.000000e+000
    outer loop
      vertex  2.484776e+001  2.491037e+001  0.000000e+000
      vertex  2.484776e+001  2.491037e+001 -5.000000e+000
      vertex  2.466294e+001  2.525614e+001  0.000000e+000
    endloop
  endfacet
  facet normal  8.819210e-001  4.713973e-001  0.000000e+000
    outer loop
      vertex  2.466294e+001  2.525614e+001  0.000000e+000
      vertex  2.484776e+001  2.491037e+001 -5.000000e+000
      vertex  2.466294e+001  2.525614e+001 -5.000000e+000
    endloop
  endfacet
  facet normal  7.730110e-001  6.343927e-001  -0.000000e+000
    outer loop
      vertex  2.466294e+001  2.525614e+001  0.000000e+000
      vertex  2.466294e+001  2.525614e+001 -5.000000e+000
      vertex  2.441421e+001  2.555921e+001  0.000000e+000
    endloop
  endfacet
  facet normal  7.730110e-001  6.343927e-001  0.000000e+000
    outer loop
      vertex  2.441421e+001  2.555921e+001  0.000000e+000
      vertex  2.466294e+001  2.525614e+001 -5.000000e+000
      vertex  2.441421e+001  2.555921e+001 -5.000000e+000
    endloop
  endfacet
  facet normal  6.343951e-001  7.730090e-001  -0.000000e+000
    outer loop
      vertex  2.441421e+001  2.555921e+001  0.000000e+000
      vertex  2.441421e+001  2.555921e+001 -5.000000e+000
      vertex  2.411114e+001  2.580794e+001  0.000000e+000
    endloop
  endfacet
  facet normal  6.343951e-001  7.730090e-001  0.000000e+000
    outer loop
      vertex  2.411114e+001  2.580794e+001  0.000000e+000
      vertex  2.441421e+001  2.555921e+001 -5.000000e+000
      vertex  2.411114e+001  2.580794e+001 -5.000000e+000
    endloop
  endfacet
  facet normal  4.713973e-001  8.819210e-001  -0.000000e+000
    outer loop
      vertex  2.411114e+001  2.580794e+001  0.000000e+000
      vertex  2.411114e+001  2.580794e+001 -5.000000e+000
      vertex  2.376537e+001  2.599276e+001  0.000000e+000
    endloop
  endfacet
  facet normal  4.713973e-001  8.819210e-001  0.000000e+000
    outer loop
      vertex  2.376537e+001  2.599276e+001  0.000000e+000
      vertex  2.411114e+001  2.580794e+001 -5.000000e+000
      vertex  2.376537e+001  2.599276e+001 -5.000000e+000
    endloop
  endfacet
  facet normal  2.902842e-001  9.569405e-001  -0.000000e+000
    outer loop
      vertex  2.376537e+001  2.599276e+001  0.000000e+000
      vertex  2.376537e+001  2.599276e+001 -5.000000e+000
      vertex  2.339018e+001  2.610657e+001  0.000000e+000
    endloop
  endfacet
  facet normal  2.902842e-001  9.569405e-001  0.000000e+000
    outer loop
      vertex  2.339018e+001  2.610657e+001  0.000000e+000
      vertex  2.376537e+001  2.599276e+001 -5.000000e+000
      vertex  2.339018e+001  2.610657e+001 -5.000000e+000
    endloop
  endfacet
  facet normal  9.801670e-002  9.951848e-001  -0.000000e+000
    outer loop
      vertex  2.339018e+001  2.610657e+001  0.000000e+000
      vertex  2.339018e+001  2.610657e+001 -5.000000e+000
      vertex  2.300000e+001  2.614500e+001  0.000000e+000
    endloop
  endfacet
  facet normal  9.801670e-002  9.951848e-001  0.000000e+000
    outer loop
      vertex  2.300000e+001  2.614500e+001  0.000000e+000
      vertex  2.339018e+001  2.610657e+001 -5.000000e+000
      vertex  2.300000e+001  2.614500e+001 -5.000000e+000
    endloop
  endfacet
  facet normal  0.000000e+000  0.000000e+000  1.000000e+000
    outer loop
      vertex  2.061355e+001 -2.302769e+001  2.000000e+001
      vertex  2.096930e+001 -2.410806e+001  2.000000e+001
      vertex  2.077779e+001 -2.293990e+001  2.000000e+001
    endloop
  endfacet
  facet normal  0.000000e+000  0.000000e+000  1.000000e+000
    outer loop
      vertex  2.096930e+001 -2.410806e+001  2.000000e+001
      vertex  2.092175e+001 -2.282175e+001  2.000000e+001
      vertex  2.077779e+001 -2.293990e+001  2.000000e+001
    endloop
  endfacet
  facet normal  -0.000000e+000  0.000000e+000  1.000000e+000
    outer loop
      vertex  2.096930e+001  2.410806e+001  2.000000e+001
      vertex  2.061355e+001  2.302769e+001  2.000000e+001
      vertex  2.077779e+001  2.293990e+001  2.000000e+001
    endloop
  endfacet
  facet normal  -0.000000e+000  0.000000e+000  1.000000e+000
    outer loop
      vertex  2.096930e+001  2.410806e+001  2.000000e+001
      vertex  2.077779e+001  2.293990e+001  2.000000e+001
      vertex  2.092175e+001  2.282175e+001  2.000000e+001
    endloop
  endfacet
  facet normal  0.000000e+000  -0.000000e+000  1.000000e+000
    outer loop
      vertex  2.142705e+001 -2.399817e+001  2.000000e+001
      vertex  2.186197e+001 -2.381802e+001  2.000000e+001
      vertex  2.226336e+001 -2.357205e+001  2.000000e+001
    endloop
  endfacet
  facet normal  0.000000e+000  -0.000000e+000  1.000000e+000
    outer loop
      vertex  2.142705e+001 -2.399817e+001  2.000000e+001
      vertex  2.226336e+001 -2.357205e+001  2.000000e+001
      vertex  2.262132e+001 -2.326632e+001  2.000000e+001
    endloop
  endfacet
  facet normal  0.000000e+000  -0.000000e+000  1.000000e+000
    outer loop
      vertex  2.142705e+001 -2.399817e+001  2.000000e+001
      vertex  2.262132e+001 -2.326632e+001  2.000000e+001
      vertex  2.292705e+001 -2.290836e+001  2.000000e+001
    endloop
  endfacet
  facet normal  0.000000e+000  -0.000000e+000  1.000000e+000
    outer loop
      vertex  2.142705e+001 -2.399817e+001  2.000000e+001
      vertex  2.292705e+001 -2.290836e+001  2.000000e+001
      vertex  2.317302e+001 -2.250697e+001  2.000000e+001
    endloop
  endfacet
  facet normal  0.000000e+000  0.000000e+000  9.999999e-001
    outer loop
      vertex  2.120000e+001  2.215000e+001  2.000000e+001
      vertex  2.335317e+001  2.207205e+001  2.000000e+001
      vertex  2.317302e+001  2.250697e+001  2.000000e+001
    endloop
  endfacet
  facet normal  0.000000e+000  0.000000e+000  1.000000e+000
    outer loop
      vertex  2.120000e+001  2.215000e+001  2.000000e+001
      vertex  2.317302e+001  2.250697e+001  2.000000e+001
      vertex  2.292705e+001  2.290836e+001  2.000000e+001
    endloop
  endfacet
  facet normal  0.000000e+000  0.000000e+000  1.000000e+000
    outer loop
      vertex  2.120000e+001  2.215000e+001  2.000000e+001
      vertex  2.292705e+001  2.290836e+001  2.000000e+001
      vertex  2.262132e+001  2.326632e+001  2.000000e+001
    endloop
  endfacet
  facet normal  0.000000e+000  0.000000e+000  1.000000e+000
    outer loop
      vertex  2.120000e+001  2.215000e+001  2.000000e+001
      vertex  2.262132e+001  2.326632e+001  2.000000e+001
      vertex  2.226336e+001  2.357205e+001  2.000000e+001
    endloop
  endfacet
  facet normal  0.000000e+000  0.000000e+000  1.000000e+000
    outer loop
      vertex  2.120000e+001  2.215000e+001  2.000000e+001
      vertex  2.226336e+001  2.357205e+001  2.000000e+001
      vertex  2.186197e+001  2.381802e+001  2.000000e+001
    endloop
  endfacet
  facet normal  0.000000e+000  0.000000e+000  1.000000e+000
    outer loop
      vertex  2.120000e+001  2.215000e+001  2.000000e+001
      vertex  2.186197e+001  2.381802e+001  2.000000e+001
      vertex  2.142705e+001  2.399817e+001  2.000000e+001
    endloop
  endfacet
  facet normal  0.000000e+000  0.000000e+000  1.000000e+000
    outer loop
      vertex  2.050000e+001 -2.414500e+001  2.000000e+001
      vertex  2.096930e+001 -2.410806e+001  2.000000e+001
      vertex  2.061355e+001 -2.302769e+001  2.000000e+001
    endloop
  endfacet
  facet normal  0.000000e+000  0.000000e+000  1.000000e+000
    outer loop
      vertex  2.050000e+001 -2.414500e+001  2.000000e+001
      vertex  2.061355e+001 -2.302769e+001  2.000000e+001
      vertex  2.043534e+001 -2.308175e+001  2.000000e+001
    endloop
  endfacet
  facet normal  0.000000e+000  0.000000e+000  1.000000e+000
    outer loop
      vertex  2.050000e+001 -2.414500e+001  2.000000e+001
      vertex  2.043534e+001 -2.308175e+001  2.000000e+001
      vertex  2.025000e+001 -2.310000e+001  2.000000e+001
    endloop
  endfacet
  facet normal  0.000000e+000  0.000000e+000  1.000000e+000
    outer loop
      vertex  2.050000e+001 -2.414500e+001  2.000000e+001
      vertex  2.025000e+001 -2.310000e+001  2.000000e+001
      vertex  2.006466e+001 -2.308175e+001  2.000000e+001
    endloop
  endfacet
  facet normal  0.000000e+000  0.000000e+000  1.000000e+000
    outer loop
      vertex  2.050000e+001 -2.414500e+001  2.000000e+001
      vertex  2.006466e+001 -2.308175e+001  2.000000e+001
      vertex  1.988645e+001 -2.302769e+001  2.000000e+001
    endloop
  endfacet
  facet normal  0.000000e+000  0.000000e+000  1.000000e+000
    outer loop
      vertex  2.050000e+001 -2.414500e+001  2.000000e+001
      vertex  1.988645e+001 -2.302769e+001  2.000000e+001
      vertex  1.972221e+001 -2.293990e+001  2.000000e+001
    endloop
  endfacet
  facet normal  0.000000e+000  0.000000e+000  1.000000e+000
    outer loop
      vertex  2.050000e+001 -2.414500e+001  2.000000e+001
      vertex  1.972221e+001 -2.293990e+001  2.000000e+001
      vertex  1.957825e+001 -2.282175e+001  2.000000e+001
    endloop
  endfacet
  facet normal  0.000000e+000  0.000000e+000  1.000000e+000
    outer loop
      vertex  2.050000e+001 -2.414500e+001  2.000000e+001
      vertex  1.957825e+001 -2.282175e+001  2.000000e+001
      vertex  1.946010e+001 -2.267779e+001  2.000000e+001
    endloop
  endfacet
  facet normal  0.000000e+000  0.000000e+000  1.000000e+000
    outer loop
      vertex  9.500000e+000 -2.414500e+001  2.000000e+001
      vertex  2.050000e+001 -2.414500e+001  2.000000e+001
      vertex  1.946010e+001 -2.267779e+001  2.000000e+001
    endloop
  endfacet
  facet normal  0.000000e+000  0.000000e+000  1.000000e+000
    outer loop
      vertex  9.500000e+000 -2.414500e+001  2.000000e+001
      vertex  1.946010e+001 -2.267779e+001  2.000000e+001
      vertex  1.937231e+001 -2.251355e+001  2.000000e+001
    endloop
  endfacet
  facet normal  0.000000e+000  0.000000e+000  1.000000e+000
    outer loop
      vertex  9.500000e+000 -2.414500e+001  2.000000e+001
      vertex  1.937231e+001 -2.251355e+001  2.000000e+001
      vertex  1.931825e+001 -2.233534e+001  2.000000e+001
    endloop
  endfacet
  facet normal  0.000000e+000  0.000000e+000  1.000000e+000
    outer loop
      vertex  9.500000e+000 -2.414500e+001  2.000000e+001
      vertex  1.931825e+001 -2.233534e+001  2.000000e+001
      vertex  1.930000e+001 -2.215000e+001  2.000000e+001
    endloop
  endfacet
  facet normal  0.000000e+000  -0.000000e+000  1.000000e+000
    outer loop
      vertex  1.930000e+001 -2.215000e+001  2.000000e+001
      vertex  1.931825e+001 -2.196466e+001  2.000000e+001
      vertex  1.931825e+001  2.196466e+001  2.000000e+001
    endloop
  endfacet
  facet normal  0.000000e+000  0.000000e+000  1.000000e+000
    outer loop
      vertex  1.930000e+001 -2.215000e+001  2.000000e+001
      vertex  1.931825e+001  2.196466e+001  2.000000e+001
      vertex  1.930000e+001  2.215000e+001  2.000000e+001
    endloop
  endfacet
  facet normal  0.000000e+000  0.000000e+000  1.000000e+000
    outer loop
      vertex  1.930000e+001 -2.215000e+001  2.000000e+001
      vertex  1.930000e+001  2.215000e+001  2.000000e+001
      vertex  1.850000e+001  1.614500e+001  2.000000e+001
    endloop
  endfacet
  facet normal  0.000000e+000  0.000000e+000  1.000000e+000
    outer loop
      vertex  1.930000e+001 -2.215000e+001  2.000000e+001
      vertex  1.850000e+001  1.614500e+001  2.000000e+001
      vertex  1.850000e+001 -1.614500e+001  2.000000e+001
    endloop
  endfacet
  facet normal  0.000000e+000  0.000000e+000  1.000000e+000
    outer loop
      vertex  1.930000e+001 -2.215000e+001  2.000000e+001
      vertex  1.850000e+001 -1.614500e+001  2.000000e+001
      vertex  1.846306e+001 -1.661430e+001  2.000000e+001
    endloop
  endfacet
  facet normal  0.000000e+000  0.000000e+000  1.000000e+000
    outer loop
      vertex  1.930000e+001 -2.215000e+001  2.000000e+001
      vertex  1.846306e+001 -1.661430e+001  2.000000e+001
      vertex  1.835317e+001 -1.707205e+001  2.000000e+001
    endloop
  endfacet
  facet normal  0.000000e+000  0.000000e+000  1.000000e+000
    outer loop
      vertex  1.930000e+001 -2.215000e+001  2.000000e+001
      vertex  1.835317e+001 -1.707205e+001  2.000000e+001
      vertex  1.817302e+001 -1.750697e+001  2.000000e+001
    endloop
  endfacet
  facet normal  0.000000e+000  0.000000e+000  1.000000e+000
    outer loop
      vertex  1.930000e+001 -2.215000e+001  2.000000e+001
      vertex  1.817302e+001 -1.750697e+001  2.000000e+001
      vertex  1.792705e+001 -1.790836e+001  2.000000e+001
    endloop
  endfacet
  facet normal  0.000000e+000  0.000000e+000  1.000000e+000
    outer loop
      vertex  1.930000e+001 -2.215000e+001  2.000000e+001
      vertex  1.792705e+001 -1.790836e+001  2.000000e+001
      vertex  1.762132e+001 -1.826632e+001  2.000000e+001
    endloop
  endfacet
  facet normal  0.000000e+000  0.000000e+000  1.000000e+000
    outer loop
      vertex  1.930000e+001 -2.215000e+001  2.000000e+001
      vertex  1.762132e+001 -1.826632e+001  2.000000e+001
      vertex  1.726336e+001 -1.857205e+001  2.000000e+001
    endloop
  endfacet
  facet normal  0.000000e+000  0.000000e+000  1.000000e+000
    outer loop
      vertex  1.930000e+001 -2.215000e+001  2.000000e+001
      vertex  1.726336e+001 -1.857205e+001  2.000000e+001
      vertex  1.686197e+001 -1.881802e+001  2.000000e+001
    endloop
  endfacet
  facet normal  0.000000e+000  0.000000e+000  1.000000e+000
    outer loop
      vertex  1.930000e+001 -2.215000e+001  2.000000e+001
      vertex  1.686197e+001 -1.881802e+001  2.000000e+001
      vertex  1.642705e+001 -1.899817e+001  2.000000e+001
    endloop
  endfacet
  facet normal  0.000000e+000  0.000000e+000  1.000000e+000
    outer loop
      vertex  1.930000e+001 -2.215000e+001  2.000000e+001
      vertex  1.642705e+001 -1.899817e+001  2.000000e+001
      vertex  1.596930e+001 -1.910806e+001  2.000000e+001
    endloop
  endfacet
  facet normal  0.000000e+000  0.000000e+000  1.000000e+000
    outer loop
      vertex  1.930000e+001 -2.215000e+001  2.000000e+001
      vertex  1.596930e+001 -1.910806e+001  2.000000e+001
      vertex  1.550000e+001 -1.914500e+001  2.000000e+001
    endloop
  endfacet
  facet normal  0.000000e+000  0.000000e+000  1.000000e+000
    outer loop
      vertex  1.930000e+001 -2.215000e+001  2.000000e+001
      vertex  1.550000e+001 -1.914500e+001  2.000000e+001
      vertex  9.500000e+000 -1.914500e+001  2.000000e+001
    endloop
  endfacet
  facet normal  0.000000e+000  0.000000e+000  1.000000e+000
    outer loop
      vertex  1.930000e+001 -2.215000e+001  2.000000e+001
      vertex  9.500000e+000 -1.914500e+001  2.000000e+001
      vertex  9.304910e+000 -1.916422e+001  2.000000e+001
    endloop
  endfacet
  facet normal  0.000000e+000  0.000000e+000  1.000000e+000
    outer loop
      vertex  1.930000e+001 -2.215000e+001  2.000000e+001
      vertex  9.304910e+000 -1.916422e+001  2.000000e+001
      vertex  9.117316e+000 -1.922112e+001  2.000000e+001
    endloop
  endfacet
  facet normal  0.000000e+000  0.000000e+000  1.000000e+000
    outer loop
      vertex  1.930000e+001 -2.215000e+001  2.000000e+001
      vertex  9.117316e+000 -1.922112e+001  2.000000e+001
      vertex  8.944429e+000 -1.931353e+001  2.000000e+001
    endloop
  endfacet
  facet normal  0.000000e+000  0.000000e+000  9.999999e-001
    outer loop
      vertex  1.930000e+001 -2.215000e+001  2.000000e+001
      vertex  8.944429e+000 -1.931353e+001  2.000000e+001
      vertex  8.792893e+000 -1.943789e+001  2.000000e+001
    endloop
  endfacet
  facet normal  0.000000e+000  0.000000e+000  1.000000e+000
    outer loop
      vertex  1.930000e+001 -2.215000e+001  2.000000e+001
      vertex  8.792893e+000 -1.943789e+001  2.000000e+001
      vertex  8.668530e+000 -1.958943e+001  2.000000e+001
    endloop
  endfacet
  facet normal  0.000000e+000  0.000000e+000  1.000000e+000
    outer loop
      vertex  1.930000e+001 -2.215000e+001  2.000000e+001
      vertex  8.668530e+000 -1.958943e+001  2.000000e+001
      vertex  8.576120e+000 -1.976232e+001  2.000000e+001
    endloop
  endfacet
  facet normal  0.000000e+000  0.000000e+000  1.000000e+000
    outer loop
      vertex  1.930000e+001 -2.215000e+001  2.000000e+001
      vertex  8.576120e+000 -1.976232e+001  2.000000e+001
      vertex  8.519215e+000 -1.994991e+001  2.000000e+001
    endloop
  endfacet
  facet normal  0.000000e+000  0.000000e+000  9.999999e-001
    outer loop
      vertex  1.930000e+001 -2.215000e+001  2.000000e+001
      vertex  8.519215e+000 -1.994991e+001  2.000000e+001
      vertex  8.500000e+000 -2.014500e+001  2.000000e+001
    endloop
  endfacet
  facet normal  0.000000e+000  0.000000e+000  1.000000e+000
    outer loop
      vertex  1.930000e+001 -2.215000e+001  2.000000e+001
      vertex  8.500000e+000 -2.014500e+001  2.000000e+001
      vertex  8.500000e+000 -2.314500e+001  2.000000e+001
    endloop
  endfacet
  facet normal  -0.000000e+000  0.000000e+000  1.000000e+000
    outer loop
      vertex  1.930000e+001 -2.215000e+001  2.000000e+001
      vertex  8.500000e+000 -2.314500e+001  2.000000e+001
      vertex  8.519215e+000 -2.334009e+001  2.000000e+001
    endloop
  endfacet
  facet normal  -0.000000e+000  0.000000e+000  1.000000e+000
    outer loop
      vertex  1.930000e+001 -2.215000e+001  2.000000e+001
      vertex  8.519215e+000 -2.334009e+001  2.000000e+001
      vertex  8.576120e+000 -2.352768e+001  2.000000e+001
    endloop
  endfacet
  facet normal  -0.000000e+000  0.000000e+000  1.000000e+000
    outer loop
      vertex  1.930000e+001 -2.215000e+001  2.000000e+001
      vertex  8.576120e+000 -2.352768e+001  2.000000e+001
      vertex  8.668530e+000 -2.370057e+001  2.000000e+001
    endloop
  endfacet
  facet normal  -0.000000e+000  0.000000e+000  1.000000e+000
    outer loop
      vertex  1.930000e+001 -2.215000e+001  2.000000e+001
      vertex  8.668530e+000 -2.370057e+001  2.000000e+001
      vertex  8.792893e+000 -2.385211e+001  2.000000e+001
    endloop
  endfacet
  facet normal  -0.000000e+000  0.000000e+000  1.000000e+000
    outer loop
      vertex  1.930000e+001 -2.215000e+001  2.000000e+001
      vertex  8.792893e+000 -2.385211e+001  2.000000e+001
      vertex  8.944429e+000 -2.397647e+001  2.000000e+001
    endloop
  endfacet
  facet normal  -0.000000e+000  0.000000e+000  1.000000e+000
    outer loop
      vertex  1.930000e+001 -2.215000e+001  2.000000e+001
      vertex  8.944429e+000 -2.397647e+001  2.000000e+001
      vertex  9.117316e+000 -2.406888e+001  2.000000e+001
    endloop
  endfacet
  facet normal  -0.000000e+000  0.000000e+000  1.000000e+000
    outer loop
      vertex  1.930000e+001 -2.215000e+001  2.000000e+001
      vertex  9.117316e+000 -2.406888e+001  2.000000e+001
      vertex  9.304910e+000 -2.412579e+001  2.000000e+001
    endloop
  endfacet
  facet normal  -0.000000e+000  0.000000e+000  1.000000e+000
    outer loop
      vertex  1.930000e+001 -2.215000e+001  2.000000e+001
      vertex  9.304910e+000 -2.412579e+001  2.000000e+001
      vertex  9.500000e+000 -2.414500e+001  2.000000e+001
    endloop
  endfacet
  facet normal  0.000000e+000  0.000000e+000  1.000000e+000
    outer loop
      vertex  2.142705e+001 -2.399817e+001  2.000000e+001
      vertex  2.120000e+001 -2.215000e+001  2.000000e+001
      vertex  2.118175e+001 -2.233534e+001  2.000000e+001
    endloop
  endfacet
  facet normal  0.000000e+000  0.000000e+000  1.000000e+000
    outer loop
      vertex  2.142705e+001 -2.399817e+001  2.000000e+001
      vertex  2.118175e+001 -2.233534e+001  2.000000e+001
      vertex  2.112769e+001 -2.251355e+001  2.000000e+001
    endloop
  endfacet
  facet normal  0.000000e+000  0.000000e+000  1.000000e+000
    outer loop
      vertex  2.142705e+001 -2.399817e+001  2.000000e+001
      vertex  2.112769e+001 -2.251355e+001  2.000000e+001
      vertex  2.103990e+001 -2.267779e+001  2.000000e+001
    endloop
  endfacet
  facet normal  0.000000e+000  0.000000e+000  1.000000e+000
    outer loop
      vertex  2.142705e+001 -2.399817e+001  2.000000e+001
      vertex  2.103990e+001 -2.267779e+001  2.000000e+001
      vertex  2.092175e+001 -2.282175e+001  2.000000e+001
    endloop
  endfacet
  facet normal  0.000000e+000  0.000000e+000  9.999999e-001
    outer loop
      vertex  2.142705e+001 -2.399817e+001  2.000000e+001
      vertex  2.092175e+001 -2.282175e+001  2.000000e+001
      vertex  2.096930e+001 -2.410806e+001  2.000000e+001
    endloop
  endfacet
  facet normal  0.000000e+000  0.000000e+000  1.000000e+000
    outer loop
      vertex  1.930000e+001  2.215000e+001  2.000000e+001
      vertex  9.500000e+000  2.414500e+001  2.000000e+001
      vertex  9.304910e+000  2.412579e+001  2.000000e+001
    endloop
  endfacet
  facet normal  0.000000e+000  0.000000e+000  1.000000e+000
    outer loop
      vertex  1.930000e+001  2.215000e+001  2.000000e+001
      vertex  9.304910e+000  2.412579e+001  2.000000e+001
      vertex  9.117316e+000  2.406888e+001  2.000000e+001
    endloop
  endfacet
  facet normal  0.000000e+000  0.000000e+000  1.000000e+000
    outer loop
      vertex  1.930000e+001  2.215000e+001  2.000000e+001
      vertex  9.117316e+000  2.406888e+001  2.000000e+001
      vertex  8.944429e+000  2.397647e+001  2.000000e+001
    endloop
  endfacet
  facet normal  0.000000e+000  0.000000e+000  1.000000e+000
    outer loop
      vertex  1.930000e+001  2.215000e+001  2.000000e+001
      vertex  8.944429e+000  2.397647e+001  2.000000e+001
      vertex  8.792893e+000  2.385211e+001  2.000000e+001
    endloop
  endfacet
  facet normal  0.000000e+000  0.000000e+000  1.000000e+000
    outer loop
      vertex  1.930000e+001  2.215000e+001  2.000000e+001
      vertex  8.792893e+000  2.385211e+001  2.000000e+001
      vertex  8.668530e+000  2.370057e+001  2.000000e+001
    endloop
  endfacet
  facet normal  0.000000e+000  0.000000e+000  1.000000e+000
    outer loop
      vertex  1.930000e+001  2.215000e+001  2.000000e+001
      vertex  8.668530e+000  2.370057e+001  2.000000e+001
      vertex  8.576120e+000  2.352768e+001  2.000000e+001
    endloop
  endfacet
  facet normal  0.000000e+000  0.000000e+000  1.000000e+000
    outer loop
      vertex  1.930000e+001  2.215000e+001  2.000000e+001
      vertex  8.576120e+000  2.352768e+001  2.000000e+001
      vertex  8.519215e+000  2.334009e+001  2.000000e+001
    endloop
  endfacet
  facet normal  0.000000e+000  0.000000e+000  1.000000e+000
    outer loop
      vertex  1.930000e+001  2.215000e+001  2.000000e+001
      vertex  8.519215e+000  2.334009e+001  2.000000e+001
      vertex  8.500000e+000  2.314500e+001  2.000000e+001
    endloop
  endfacet
  facet normal  0.000000e+000  0.000000e+000  1.000000e+000
    outer loop
      vertex  1.930000e+001  2.215000e+001  2.000000e+001
      vertex  8.500000e+000  2.314500e+001  2.000000e+001
      vertex  8.500000e+000  2.014500e+001  2.000000e+001
    endloop
  endfacet
  facet normal  -0.000000e+000  0.000000e+000  9.999999e-001
    outer loop
      vertex  1.930000e+001  2.215000e+001  2.000000e+001
      vertex  8.500000e+000  2.014500e+001  2.000000e+001
      vertex  8.519215e+000  1.994991e+001  2.000000e+001
    endloop
  endfacet
  facet normal  -0.000000e+000  0.000000e+000  1.000000e+000
    outer loop
      vertex  1.930000e+001  2.215000e+001  2.000000e+001
      vertex  8.519215e+000  1.994991e+001  2.000000e+001
      vertex  8.576120e+000  1.976232e+001  2.000000e+001
    endloop
  endfacet
  facet normal  -0.000000e+000  0.000000e+000  1.000000e+000
    outer loop
      vertex  1.930000e+001  2.215000e+001  2.000000e+001
      vertex  8.576120e+000  1.976232e+001  2.000000e+001
      vertex  8.668530e+000  1.958943e+001  2.000000e+001
    endloop
  endfacet
  facet normal  -0.000000e+000  0.000000e+000  1.000000e+000
    outer loop
      vertex  1.930000e+001  2.215000e+001  2.000000e+001
      vertex  8.668530e+000  1.958943e+001  2.000000e+001
      vertex  8.792893e+000  1.943789e+001  2.000000e+001
    endloop
  endfacet
  facet normal  -0.000000e+000  0.000000e+000  9.999999e-001
    outer loop
      vertex  1.930000e+001  2.215000e+001  2.000000e+001
      vertex  8.792893e+000  1.943789e+001  2.000000e+001
      vertex  8.944429e+000  1.931353e+001  2.000000e+001
    endloop
  endfacet
  facet normal  -0.000000e+000  0.000000e+000  1.000000e+000
    outer loop
      vertex  1.930000e+001  2.215000e+001  2.000000e+001
      vertex  8.944429e+000  1.931353e+001  2.000000e+001
      vertex  9.117316e+000  1.922112e+001  2.000000e+001
    endloop
  endfacet
  facet normal  -0.000000e+000  0.000000e+000  1.000000e+000
    outer loop
      vertex  1.930000e+001  2.215000e+001  2.000000e+001
      vertex  9.117316e+000  1.922112e+001  2.000000e+001
      vertex  9.304910e+000  1.916422e+001  2.000000e+001
    endloop
  endfacet
  facet normal  -0.000000e+000  0.000000e+000  1.000000e+000
    outer loop
      vertex  1.930000e+001  2.215000e+001  2.000000e+001
      vertex  9.304910e+000  1.916422e+001  2.000000e+001
      vertex  9.500000e+000  1.914500e+001  2.000000e+001
    endloop
  endfacet
  facet normal  0.000000e+000  0.000000e+000  1.000000e+000
    outer loop
      vertex  1.930000e+001  2.215000e+001  2.000000e+001
      vertex  9.500000e+000  1.914500e+001  2.000000e+001
      vertex  1.550000e+001  1.914500e+001  2.000000e+001
    endloop
  endfacet
  facet normal  -0.000000e+000  0.000000e+000  1.000000e+000
    outer loop
      vertex  1.930000e+001  2.215000e+001  2.000000e+001
      vertex  1.550000e+001  1.914500e+001  2.000000e+001
      vertex  1.596930e+001  1.910806e+001  2.000000e+001
    endloop
  endfacet
  facet normal  -0.000000e+000  0.000000e+000  1.000000e+000
    outer loop
      vertex  1.930000e+001  2.215000e+001  2.000000e+001
      vertex  1.596930e+001  1.910806e+001  2.000000e+001
      vertex  1.642705e+001  1.899817e+001  2.000000e+001
    endloop
  endfacet
  facet normal  -0.000000e+000  0.000000e+000  1.000000e+000
    outer loop
      vertex  1.930000e+001  2.215000e+001  2.000000e+001
      vertex  1.642705e+001  1.899817e+001  2.000000e+001
      vertex  1.686197e+001  1.881802e+001  2.000000e+001
    endloop
  endfacet
  facet normal  -0.000000e+000  0.000000e+000  1.000000e+000
    outer loop
      vertex  1.930000e+001  2.215000e+001  2.000000e+001
      vertex  1.686197e+001  1.881802e+001  2.000000e+001
      vertex  1.726336e+001  1.857205e+001  2.000000e+001
    endloop
  endfacet
  facet normal  -0.000000e+000  0.000000e+000  1.000000e+000
    outer loop
      vertex  1.930000e+001  2.215000e+001  2.000000e+001
      vertex  1.726336e+001  1.857205e+001  2.000000e+001
      vertex  1.762132e+001  1.826632e+001  2.000000e+001
    endloop
  endfacet
  facet normal  -0.000000e+000  0.000000e+000  1.000000e+000
    outer loop
      vertex  1.930000e+001  2.215000e+001  2.000000e+001
      vertex  1.762132e+001  1.826632e+001  2.000000e+001
      vertex  1.792705e+001  1.790836e+001  2.000000e+001
    endloop
  endfacet
  facet normal  -0.000000e+000  0.000000e+000  1.000000e+000
    outer loop
      vertex  1.930000e+001  2.215000e+001  2.000000e+001
      vertex  1.792705e+001  1.790836e+001  2.000000e+001
      vertex  1.817302e+001  1.750697e+001  2.000000e+001
    endloop
  endfacet
  facet normal  -0.000000e+000  0.000000e+000  1.000000e+000
    outer loop
      vertex  1.930000e+001  2.215000e+001  2.000000e+001
      vertex  1.817302e+001  1.750697e+001  2.000000e+001
      vertex  1.835317e+001  1.707205e+001  2.000000e+001
    endloop
  endfacet
  facet normal  -0.000000e+000  0.000000e+000  1.000000e+000
    outer loop
      vertex  1.930000e+001  2.215000e+001  2.000000e+001
      vertex  1.835317e+001  1.707205e+001  2.000000e+001
      vertex  1.846306e+001  1.661430e+001  2.000000e+001
    endloop
  endfacet
  facet normal  -0.000000e+000  0.000000e+000  1.000000e+000
    outer loop
      vertex  1.930000e+001  2.215000e+001  2.000000e+001
      vertex  1.846306e+001  1.661430e+001  2.000000e+001
      vertex  1.850000e+001  1.614500e+001  2.000000e+001
    endloop
  endfacet
  facet normal  0.000000e+000  0.000000e+000  1.000000e+000
    outer loop
      vertex  2.050000e+001  2.414500e+001  2.000000e+001
      vertex  1.946010e+001  2.267779e+001  2.000000e+001
      vertex  1.957825e+001  2.282175e+001  2.000000e+001
    endloop
  endfacet
  facet normal  0.000000e+000  0.000000e+000  1.000000e+000
    outer loop
      vertex  2.050000e+001  2.414500e+001  2.000000e+001
      vertex  1.957825e+001  2.282175e+001  2.000000e+001
      vertex  1.972221e+001  2.293990e+001  2.000000e+001
    endloop
  endfacet
  facet normal  0.000000e+000  0.000000e+000  1.000000e+000
    outer loop
      vertex  2.050000e+001  2.414500e+001  2.000000e+001
      vertex  1.972221e+001  2.293990e+001  2.000000e+001
      vertex  1.988645e+001  2.302769e+001  2.000000e+001
    endloop
  endfacet
  facet normal  0.000000e+000  0.000000e+000  1.000000e+000
    outer loop
      vertex  2.050000e+001  2.414500e+001  2.000000e+001
      vertex  1.988645e+001  2.302769e+001  2.000000e+001
      vertex  2.006466e+001  2.308175e+001  2.000000e+001
    endloop
  endfacet
  facet normal  0.000000e+000  0.000000e+000  1.000000e+000
    outer loop
      vertex  2.050000e+001  2.414500e+001  2.000000e+001
      vertex  2.006466e+001  2.308175e+001  2.000000e+001
      vertex  2.025000e+001  2.310000e+001  2.000000e+001
    endloop
  endfacet
  facet normal  -0.000000e+000  0.000000e+000  1.000000e+000
    outer loop
      vertex  2.050000e+001  2.414500e+001  2.000000e+001
      vertex  2.025000e+001  2.310000e+001  2.000000e+001
      vertex  2.043534e+001  2.308175e+001  2.000000e+001
    endloop
  endfacet
  facet normal  -0.000000e+000  0.000000e+000  1.000000e+000
    outer loop
      vertex  2.050000e+001  2.414500e+001  2.000000e+001
      vertex  2.043534e+001  2.308175e+001  2.000000e+001
      vertex  2.061355e+001  2.302769e+001  2.000000e+001
    endloop
  endfacet
  facet normal  0.000000e+000  -0.000000e+000  1.000000e+000
    outer loop
      vertex  2.050000e+001  2.414500e+001  2.000000e+001
      vertex  2.061355e+001  2.302769e+001  2.000000e+001
      vertex  2.096930e+001  2.410806e+001  2.000000e+001
    endloop
  endfacet
  facet normal  0.000000e+000  -0.000000e+000  1.000000e+000
    outer loop
      vertex  9.500000e+000  2.414500e+001  2.000000e+001
      vertex  1.930000e+001  2.215000e+001  2.000000e+001
      vertex  1.931825e+001  2.233534e+001  2.000000e+001
    endloop
  endfacet
  facet normal  0.000000e+000  -0.000000e+000  1.000000e+000
    outer loop
      vertex  9.500000e+000  2.414500e+001  2.000000e+001
      vertex  1.931825e+001  2.233534e+001  2.000000e+001
      vertex  1.937231e+001  2.251355e+001  2.000000e+001
    endloop
  endfacet
  facet normal  0.000000e+000  -0.000000e+000  1.000000e+000
    outer loop
      vertex  9.500000e+000  2.414500e+001  2.000000e+001
      vertex  1.937231e+001  2.251355e+001  2.000000e+001
      vertex  1.946010e+001  2.267779e+001  2.000000e+001
    endloop
  endfacet
  facet normal  0.000000e+000  -0.000000e+000  1.000000e+000
    outer loop
      vertex  9.500000e+000  2.414500e+001  2.000000e+001
      vertex  1.946010e+001  2.267779e+001  2.000000e+001
      vertex  2.050000e+001  2.414500e+001  2.000000e+001
    endloop
  endfacet
  facet normal  0.000000e+000  0.000000e+000  9.999999e-001
    outer loop
      vertex  2.142705e+001  2.399817e+001  2.000000e+001
      vertex  2.096930e+001  2.410806e+001  2.000000e+001
      vertex  2.092175e+001  2.282175e+001  2.000000e+001
    endloop
  endfacet
  facet normal  -0.000000e+000  0.000000e+000  1.000000e+000
    outer loop
      vertex  2.142705e+001  2.399817e+001  2.000000e+001
      vertex  2.092175e+001  2.282175e+001  2.000000e+001
      vertex  2.103990e+001  2.267779e+001  2.000000e+001
    endloop
  endfacet
  facet normal  -0.000000e+000  0.000000e+000  1.000000e+000
    outer loop
      vertex  2.142705e+001  2.399817e+001  2.000000e+001
      vertex  2.103990e+001  2.267779e+001  2.000000e+001
      vertex  2.112769e+001  2.251355e+001  2.000000e+001
    endloop
  endfacet
  facet normal  -0.000000e+000  0.000000e+000  1.000000e+000
    outer loop
      vertex  2.142705e+001  2.399817e+001  2.000000e+001
      vertex  2.112769e+001  2.251355e+001  2.000000e+001
      vertex  2.118175e+001  2.233534e+001  2.000000e+001
    endloop
  endfacet
  facet normal  -0.000000e+000  0.000000e+000  1.000000e+000
    outer loop
      vertex  2.142705e+001  2.399817e+001  2.000000e+001
      vertex  2.118175e+001  2.233534e+001  2.000000e+001
      vertex  2.120000e+001  2.215000e+001  2.000000e+001
    endloop
  endfacet
  facet normal  0.000000e+000  0.000000e+000  1.000000e+000
    outer loop
      vertex  2.335317e+001  2.207205e+001  2.000000e+001
      vertex  2.120000e+001  2.215000e+001  2.000000e+001
      vertex  2.335317e+001 -2.207205e+001  2.000000e+001
    endloop
  endfacet
  facet normal  0.000000e+000  0.000000e+000  9.999999e-001
    outer loop
      vertex  2.335317e+001 -2.207205e+001  2.000000e+001
      vertex  2.120000e+001  2.215000e+001  2.000000e+001
      vertex  2.120000e+001 -2.215000e+001  2.000000e+001
    endloop
  endfacet
  facet normal  -0.000000e+000  0.000000e+000  9.999999e-001
    outer loop
      vertex  2.335317e+001 -2.207205e+001  2.000000e+001
      vertex  2.120000e+001 -2.215000e+001  2.000000e+001
      vertex  2.317302e+001 -2.250697e+001  2.000000e+001
    endloop
  endfacet
  facet normal  0.000000e+000  0.000000e+000  9.999999e-001
    outer loop
      vertex  2.317302e+001 -2.250697e+001  2.000000e+001
      vertex  2.120000e+001 -2.215000e+001  2.000000e+001
      vertex  2.142705e+001 -2.399817e+001  2.000000e+001
    endloop
  endfacet
  facet normal  0.000000e+000  0.000000e+000  1.000000e+000
    outer loop
      vertex  1.931825e+001  2.196466e+001  2.000000e+001
      vertex  1.931825e+001 -2.196466e+001  2.000000e+001
      vertex  1.937231e+001  2.178645e+001  2.000000e+001
    endloop
  endfacet
  facet normal  0.000000e+000  0.000000e+000  1.000000e+000
    outer loop
      vertex  1.937231e+001  2.178645e+001  2.000000e+001
      vertex  1.931825e+001 -2.196466e+001  2.000000e+001
      vertex  1.937231e+001 -2.178645e+001  2.000000e+001
    endloop
  endfacet
  facet normal  0.000000e+000  0.000000e+000  1.000000e+000
    outer loop
      vertex  1.937231e+001  2.178645e+001  2.000000e+001
      vertex  1.937231e+001 -2.178645e+001  2.000000e+001
      vertex  1.946010e+001  2.162221e+001  2.000000e+001
    endloop
  endfacet
  facet normal  0.000000e+000  0.000000e+000  1.000000e+000
    outer loop
      vertex  1.946010e+001  2.162221e+001  2.000000e+001
      vertex  1.937231e+001 -2.178645e+001  2.000000e+001
      vertex  1.946010e+001 -2.162221e+001  2.000000e+001
    endloop
  endfacet
  facet normal  0.000000e+000  0.000000e+000  1.000000e+000
    outer loop
      vertex  1.946010e+001  2.162221e+001  2.000000e+001
      vertex  1.946010e+001 -2.162221e+001  2.000000e+001
      vertex  1.957825e+001  2.147825e+001  2.000000e+001
    endloop
  endfacet
  facet normal  0.000000e+000  0.000000e+000  1.000000e+000
    outer loop
      vertex  1.957825e+001  2.147825e+001  2.000000e+001
      vertex  1.946010e+001 -2.162221e+001  2.000000e+001
      vertex  1.957825e+001 -2.147825e+001  2.000000e+001
    endloop
  endfacet
  facet normal  0.000000e+000  0.000000e+000  9.999999e-001
    outer loop
      vertex  1.957825e+001  2.147825e+001  2.000000e+001
      vertex  1.957825e+001 -2.147825e+001  2.000000e+001
      vertex  1.972221e+001  2.136010e+001  2.000000e+001
    endloop
  endfacet
  facet normal  0.000000e+000  0.000000e+000  1.000000e+000
    outer loop
      vertex  1.972221e+001  2.136010e+001  2.000000e+001
      vertex  1.957825e+001 -2.147825e+001  2.000000e+001
      vertex  1.972221e+001 -2.136010e+001  2.000000e+001
    endloop
  endfacet
  facet normal  0.000000e+000  0.000000e+000  1.000000e+000
    outer loop
      vertex  1.972221e+001  2.136010e+001  2.000000e+001
      vertex  1.972221e+001 -2.136010e+001  2.000000e+001
      vertex  1.988645e+001  2.127231e+001  2.000000e+001
    endloop
  endfacet
  facet normal  0.000000e+000  0.000000e+000  1.000000e+000
    outer loop
      vertex  1.988645e+001  2.127231e+001  2.000000e+001
      vertex  1.972221e+001 -2.136010e+001  2.000000e+001
      vertex  1.988645e+001 -2.127231e+001  2.000000e+001
    endloop
  endfacet
  facet normal  0.000000e+000  0.000000e+000  1.000000e+000
    outer loop
      vertex  1.988645e+001  2.127231e+001  2.000000e+001
      vertex  1.988645e+001 -2.127231e+001  2.000000e+001
      vertex  2.006466e+001  2.121825e+001  2.000000e+001
    endloop
  endfacet
  facet normal  0.000000e+000  0.000000e+000  1.000000e+000
    outer loop
      vertex  2.006466e+001  2.121825e+001  2.000000e+001
      vertex  1.988645e+001 -2.127231e+001  2.000000e+001
      vertex  2.006466e+001 -2.121825e+001  2.000000e+001
    endloop
  endfacet
  facet normal  0.000000e+000  0.000000e+000  1.000000e+000
    outer loop
      vertex  2.006466e+001  2.121825e+001  2.000000e+001
      vertex  2.006466e+001 -2.121825e+001  2.000000e+001
      vertex  2.025000e+001  2.120000e+001  2.000000e+001
    endloop
  endfacet
  facet normal  0.000000e+000  0.000000e+000  1.000000e+000
    outer loop
      vertex  2.025000e+001  2.120000e+001  2.000000e+001
      vertex  2.006466e+001 -2.121825e+001  2.000000e+001
      vertex  2.025000e+001 -2.120000e+001  2.000000e+001
    endloop
  endfacet
  facet normal  0.000000e+000  0.000000e+000  1.000000e+000
    outer loop
      vertex  2.025000e+001  2.120000e+001  2.000000e+001
      vertex  2.025000e+001 -2.120000e+001  2.000000e+001
      vertex  2.043534e+001  2.121825e+001  2.000000e+001
    endloop
  endfacet
  facet normal  0.000000e+000  0.000000e+000  1.000000e+000
    outer loop
      vertex  2.043534e+001  2.121825e+001  2.000000e+001
      vertex  2.025000e+001 -2.120000e+001  2.000000e+001
      vertex  2.043534e+001 -2.121825e+001  2.000000e+001
    endloop
  endfacet
  facet normal  0.000000e+000  0.000000e+000  1.000000e+000
    outer loop
      vertex  2.043534e+001  2.121825e+001  2.000000e+001
      vertex  2.043534e+001 -2.121825e+001  2.000000e+001
      vertex  2.061355e+001  2.127231e+001  2.000000e+001
    endloop
  endfacet
  facet normal  0.000000e+000  0.000000e+000  1.000000e+000
    outer loop
      vertex  2.061355e+001  2.127231e+001  2.000000e+001
      vertex  2.043534e+001 -2.121825e+001  2.000000e+001
      vertex  2.061355e+001 -2.127231e+001  2.000000e+001
    endloop
  endfacet
  facet normal  0.000000e+000  0.000000e+000  1.000000e+000
    outer loop
      vertex  2.061355e+001  2.127231e+001  2.000000e+001
      vertex  2.061355e+001 -2.127231e+001  2.000000e+001
      vertex  2.077779e+001  2.136010e+001  2.000000e+001
    endloop
  endfacet
  facet normal  0.000000e+000  0.000000e+000  1.000000e+000
    outer loop
      vertex  2.077779e+001  2.136010e+001  2.000000e+001
      vertex  2.061355e+001 -2.127231e+001  2.000000e+001
      vertex  2.077779e+001 -2.136010e+001  2.000000e+001
    endloop
  endfacet
  facet normal  0.000000e+000  0.000000e+000  1.000000e+000
    outer loop
      vertex  2.077779e+001  2.136010e+001  2.000000e+001
      vertex  2.077779e+001 -2.136010e+001  2.000000e+001
      vertex  2.092175e+001  2.147825e+001  2.000000e+001
    endloop
  endfacet
  facet normal  0.000000e+000  0.000000e+000  9.999999e-001
    outer loop
      vertex  2.092175e+001  2.147825e+001  2.000000e+001
      vertex  2.077779e+001 -2.136010e+001  2.000000e+001
      vertex  2.092175e+001 -2.147825e+001  2.000000e+001
    endloop
  endfacet
  facet normal  0.000000e+000  0.000000e+000  1.000000e+000
    outer loop
      vertex  2.092175e+001  2.147825e+001  2.000000e+001
      vertex  2.092175e+001 -2.147825e+001  2.000000e+001
      vertex  2.103990e+001  2.162221e+001  2.000000e+001
    endloop
  endfacet
  facet normal  0.000000e+000  0.000000e+000  1.000000e+000
    outer loop
      vertex  2.103990e+001  2.162221e+001  2.000000e+001
      vertex  2.092175e+001 -2.147825e+001  2.000000e+001
      vertex  2.103990e+001 -2.162221e+001  2.000000e+001
    endloop
  endfacet
  facet normal  0.000000e+000  0.000000e+000  1.000000e+000
    outer loop
      vertex  2.103990e+001  2.162221e+001  2.000000e+001
      vertex  2.103990e+001 -2.162221e+001  2.000000e+001
      vertex  2.112769e+001  2.178645e+001  2.000000e+001
    endloop
  endfacet
  facet normal  0.000000e+000  0.000000e+000  1.000000e+000
    outer loop
      vertex  2.112769e+001  2.178645e+001  2.000000e+001
      vertex  2.103990e+001 -2.162221e+001  2.000000e+001
      vertex  2.112769e+001 -2.178645e+001  2.000000e+001
    endloop
  endfacet
  facet normal  0.000000e+000  0.000000e+000  1.000000e+000
    outer loop
      vertex  2.112769e+001  2.178645e+001  2.000000e+001
      vertex  2.112769e+001 -2.178645e+001  2.000000e+001
      vertex  2.118175e+001  2.196466e+001  2.000000e+001
    endloop
  endfacet
  facet normal  0.000000e+000  0.000000e+000  1.000000e+000
    outer loop
      vertex  2.118175e+001  2.196466e+001  2.000000e+001
      vertex  2.112769e+001 -2.178645e+001  2.000000e+001
      vertex  2.118175e+001 -2.196466e+001  2.000000e+001
    endloop
  endfacet
  facet normal  0.000000e+000  0.000000e+000  1.000000e+000
    outer loop
      vertex  2.118175e+001  2.196466e+001  2.000000e+001
      vertex  2.118175e+001 -2.196466e+001  2.000000e+001
      vertex  2.120000e+001  2.215000e+001  2.000000e+001
    endloop
  endfacet
  facet normal  0.000000e+000  0.000000e+000  1.000000e+000
    outer loop
      vertex  2.120000e+001  2.215000e+001  2.000000e+001
      vertex  2.118175e+001 -2.196466e+001  2.000000e+001
      vertex  2.120000e+001 -2.215000e+001  2.000000e+001
    endloop
  endfacet
  facet normal  0.000000e+000  0.000000e+000  1.000000e+000
    outer loop
      vertex  2.335317e+001  2.207205e+001  2.000000e+001
      vertex  2.335317e+001 -2.207205e+001  2.000000e+001
      vertex  2.346306e+001  2.161430e+001  2.000000e+001
    endloop
  endfacet
  facet normal  0.000000e+000  0.000000e+000  1.000000e+000
    outer loop
      vertex  2.346306e+001  2.161430e+001  2.000000e+001
      vertex  2.335317e+001 -2.207205e+001  2.000000e+001
      vertex  2.346306e+001 -2.161430e+001  2.000000e+001
    endloop
  endfacet
  facet normal  0.000000e+000  0.000000e+000  1.000000e+000
    outer loop
      vertex  2.346306e+001  2.161430e+001  2.000000e+001
      vertex  2.346306e+001 -2.161430e+001  2.000000e+001
      vertex  2.350000e+001  2.114500e+001  2.000000e+001
    endloop
  endfacet
  facet normal  0.000000e+000  0.000000e+000  1.000000e+000
    outer loop
      vertex  2.350000e+001  2.114500e+001  2.000000e+001
      vertex  2.346306e+001 -2.161430e+001  2.000000e+001
      vertex  2.350000e+001 -2.114500e+001  2.000000e+001
    endloop
  endfacet
  facet normal  0.000000e+000  -0.000000e+000  1.000000e+000
    outer loop
      vertex -2.103990e+001 -2.267779e+001  2.000000e+001
      vertex -2.096930e+001 -2.410806e+001  2.000000e+001
      vertex -2.092175e+001 -2.282175e+001  2.000000e+001
    endloop
  endfacet
  facet normal  0.000000e+000  0.000000e+000  1.000000e+000
    outer loop
      vertex -2.103990e+001  2.267779e+001  2.000000e+001
      vertex -2.092175e+001  2.282175e+001  2.000000e+001
      vertex -2.096930e+001  2.410806e+001  2.000000e+001
    endloop
  endfacet
  facet normal  0.000000e+000  0.000000e+000  1.000000e+000
    outer loop
      vertex -2.050000e+001 -2.414500e+001  2.000000e+001
      vertex -9.500000e+000 -2.414500e+001  2.000000e+001
      vertex -2.025000e+001 -2.310000e+001  2.000000e+001
    endloop
  endfacet
  facet normal  0.000000e+000  0.000000e+000  1.000000e+000
    outer loop
      vertex -2.050000e+001 -2.414500e+001  2.000000e+001
      vertex -2.025000e+001 -2.310000e+001  2.000000e+001
      vertex -2.043534e+001 -2.308175e+001  2.000000e+001
    endloop
  endfacet
  facet normal  0.000000e+000  0.000000e+000  1.000000e+000
    outer loop
      vertex -2.050000e+001 -2.414500e+001  2.000000e+001
      vertex -2.043534e+001 -2.308175e+001  2.000000e+001
      vertex -2.061355e+001 -2.302769e+001  2.000000e+001
    endloop
  endfacet
  facet normal  0.000000e+000  0.000000e+000  1.000000e+000
    outer loop
      vertex -2.050000e+001 -2.414500e+001  2.000000e+001
      vertex -2.061355e+001 -2.302769e+001  2.000000e+001
      vertex -2.077779e+001 -2.293990e+001  2.000000e+001
    endloop
  endfacet
  facet normal  0.000000e+000  0.000000e+000  1.000000e+000
    outer loop
      vertex -2.050000e+001 -2.414500e+001  2.000000e+001
      vertex -2.077779e+001 -2.293990e+001  2.000000e+001
      vertex -2.092175e+001 -2.282175e+001  2.000000e+001
    endloop
  endfacet
  facet normal  0.000000e+000  0.000000e+000  1.000000e+000
    outer loop
      vertex -2.050000e+001 -2.414500e+001  2.000000e+001
      vertex -2.092175e+001 -2.282175e+001  2.000000e+001
      vertex -2.096930e+001 -2.410806e+001  2.000000e+001
    endloop
  endfacet
  facet normal  -0.000000e+000  0.000000e+000  1.000000e+000
    outer loop
      vertex -2.050000e+001  2.414500e+001  2.000000e+001
      vertex -2.096930e+001  2.410806e+001  2.000000e+001
      vertex -2.092175e+001  2.282175e+001  2.000000e+001
    endloop
  endfacet
  facet normal  0.000000e+000  0.000000e+000  1.000000e+000
    outer loop
      vertex -2.050000e+001  2.414500e+001  2.000000e+001
      vertex -2.092175e+001  2.282175e+001  2.000000e+001
      vertex -2.077779e+001  2.293990e+001  2.000000e+001
    endloop
  endfacet
  facet normal  0.000000e+000  0.000000e+000  1.000000e+000
    outer loop
      vertex -2.050000e+001  2.414500e+001  2.000000e+001
      vertex -2.077779e+001  2.293990e+001  2.000000e+001
      vertex -2.061355e+001  2.302769e+001  2.000000e+001
    endloop
  endfacet
  facet normal  0.000000e+000  0.000000e+000  1.000000e+000
    outer loop
      vertex -2.050000e+001  2.414500e+001  2.000000e+001
      vertex -2.061355e+001  2.302769e+001  2.000000e+001
      vertex -2.043534e+001  2.308175e+001  2.000000e+001
    endloop
  endfacet
  facet normal  0.000000e+000  -0.000000e+000  1.000000e+000
    outer loop
      vertex -2.050000e+001  2.414500e+001  2.000000e+001
      vertex -2.043534e+001  2.308175e+001  2.000000e+001
      vertex -2.025000e+001  2.310000e+001  2.000000e+001
    endloop
  endfacet
  facet normal  0.000000e+000  -0.000000e+000  1.000000e+000
    outer loop
      vertex -2.050000e+001  2.414500e+001  2.000000e+001
      vertex -2.025000e+001  2.310000e+001  2.000000e+001
      vertex -9.500000e+000  2.414500e+001  2.000000e+001
    endloop
  endfacet
  facet normal  0.000000e+000  -0.000000e+000  1.000000e+000
    outer loop
      vertex -9.500000e+000 -2.414500e+001  2.000000e+001
      vertex -9.304910e+000 -2.412579e+001  2.000000e+001
      vertex -9.117316e+000 -2.406888e+001  2.000000e+001
    endloop
  endfacet
  facet normal  0.000000e+000  -0.000000e+000  1.000000e+000
    outer loop
      vertex -9.500000e+000 -2.414500e+001  2.000000e+001
      vertex -9.117316e+000 -2.406888e+001  2.000000e+001
      vertex -8.944429e+000 -2.397647e+001  2.000000e+001
    endloop
  endfacet
  facet normal  0.000000e+000  -0.000000e+000  1.000000e+000
    outer loop
      vertex -9.500000e+000 -2.414500e+001  2.000000e+001
      vertex -8.944429e+000 -2.397647e+001  2.000000e+001
      vertex -8.792893e+000 -2.385211e+001  2.000000e+001
    endloop
  endfacet
  facet normal  0.000000e+000  -0.000000e+000  1.000000e+000
    outer loop
      vertex -9.500000e+000 -2.414500e+001  2.000000e+001
      vertex -8.792893e+000 -2.385211e+001  2.000000e+001
      vertex -8.668530e+000 -2.370057e+001  2.000000e+001
    endloop
  endfacet
  facet normal  0.000000e+000  -0.000000e+000  1.000000e+000
    outer loop
      vertex -9.500000e+000 -2.414500e+001  2.000000e+001
      vertex -8.668530e+000 -2.370057e+001  2.000000e+001
      vertex -8.576120e+000 -2.352768e+001  2.000000e+001
    endloop
  endfacet
  facet normal  0.000000e+000  -0.000000e+000  1.000000e+000
    outer loop
      vertex -9.500000e+000 -2.414500e+001  2.000000e+001
      vertex -8.576120e+000 -2.352768e+001  2.000000e+001
      vertex -8.519215e+000 -2.334009e+001  2.000000e+001
    endloop
  endfacet
  facet normal  0.000000e+000  -0.000000e+000  1.000000e+000
    outer loop
      vertex -9.500000e+000 -2.414500e+001  2.000000e+001
      vertex -8.519215e+000 -2.334009e+001  2.000000e+001
      vertex -8.500000e+000 -2.314500e+001  2.000000e+001
    endloop
  endfacet
  facet normal  0.000000e+000  -0.000000e+000  1.000000e+000
    outer loop
      vertex -9.500000e+000 -2.414500e+001  2.000000e+001
      vertex -8.500000e+000 -2.314500e+001  2.000000e+001
      vertex -8.500000e+000 -2.014500e+001  2.000000e+001
    endloop
  endfacet
  facet normal  0.000000e+000  0.000000e+000  1.000000e+000
    outer loop
      vertex -9.500000e+000 -2.414500e+001  2.000000e+001
      vertex -8.500000e+000 -2.014500e+001  2.000000e+001
      vertex -1.930000e+001 -2.215000e+001  2.000000e+001
    endloop
  endfacet
  facet normal  0.000000e+000  0.000000e+000  1.000000e+000
    outer loop
      vertex -9.500000e+000 -2.414500e+001  2.000000e+001
      vertex -1.930000e+001 -2.215000e+001  2.000000e+001
      vertex -1.931825e+001 -2.233534e+001  2.000000e+001
    endloop
  endfacet
  facet normal  0.000000e+000  0.000000e+000  1.000000e+000
    outer loop
      vertex -9.500000e+000 -2.414500e+001  2.000000e+001
      vertex -1.931825e+001 -2.233534e+001  2.000000e+001
      vertex -1.937231e+001 -2.251355e+001  2.000000e+001
    endloop
  endfacet
  facet normal  0.000000e+000  0.000000e+000  1.000000e+000
    outer loop
      vertex -9.500000e+000 -2.414500e+001  2.000000e+001
      vertex -1.937231e+001 -2.251355e+001  2.000000e+001
      vertex -1.946010e+001 -2.267779e+001  2.000000e+001
    endloop
  endfacet
  facet normal  0.000000e+000  0.000000e+000  1.000000e+000
    outer loop
      vertex -9.500000e+000 -2.414500e+001  2.000000e+001
      vertex -1.946010e+001 -2.267779e+001  2.000000e+001
      vertex -1.957825e+001 -2.282175e+001  2.000000e+001
    endloop
  endfacet
  facet normal  0.000000e+000  0.000000e+000  1.000000e+000
    outer loop
      vertex -9.500000e+000 -2.414500e+001  2.000000e+001
      vertex -1.957825e+001 -2.282175e+001  2.000000e+001
      vertex -1.972221e+001 -2.293990e+001  2.000000e+001
    endloop
  endfacet
  facet normal  0.000000e+000  0.000000e+000  1.000000e+000
    outer loop
      vertex -9.500000e+000 -2.414500e+001  2.000000e+001
      vertex -1.972221e+001 -2.293990e+001  2.000000e+001
      vertex -1.988645e+001 -2.302769e+001  2.000000e+001
    endloop
  endfacet
  facet normal  0.000000e+000  0.000000e+000  1.000000e+000
    outer loop
      vertex -9.500000e+000 -2.414500e+001  2.000000e+001
      vertex -1.988645e+001 -2.302769e+001  2.000000e+001
      vertex -2.006466e+001 -2.308175e+001  2.000000e+001
    endloop
  endfacet
  facet normal  0.000000e+000  0.000000e+000  9.999999e-001
    outer loop
      vertex -9.500000e+000 -2.414500e+001  2.000000e+001
      vertex -2.006466e+001 -2.308175e+001  2.000000e+001
      vertex -2.025000e+001 -2.310000e+001  2.000000e+001
    endloop
  endfacet
  facet normal  0.000000e+000  0.000000e+000  9.999999e-001
    outer loop
      vertex -1.930000e+001 -2.215000e+001  2.000000e+001
      vertex -8.500000e+000 -2.014500e+001  2.000000e+001
      vertex -8.519215e+000 -1.994991e+001  2.000000e+001
    endloop
  endfacet
  facet normal  0.000000e+000  0.000000e+000  1.000000e+000
    outer loop
      vertex -1.930000e+001 -2.215000e+001  2.000000e+001
      vertex -8.519215e+000 -1.994991e+001  2.000000e+001
      vertex -8.576120e+000 -1.976232e+001  2.000000e+001
    endloop
  endfacet
  facet normal  0.000000e+000  0.000000e+000  1.000000e+000
    outer loop
      vertex -1.930000e+001 -2.215000e+001  2.000000e+001
      vertex -8.576120e+000 -1.976232e+001  2.000000e+001
      vertex -8.668530e+000 -1.958943e+001  2.000000e+001
    endloop
  endfacet
  facet normal  0.000000e+000  0.000000e+000  1.000000e+000
    outer loop
      vertex -1.930000e+001 -2.215000e+001  2.000000e+001
      vertex -8.668530e+000 -1.958943e+001  2.000000e+001
      vertex -8.792893e+000 -1.943789e+001  2.000000e+001
    endloop
  endfacet
  facet normal  0.000000e+000  0.000000e+000  9.999999e-001
    outer loop
      vertex -1.930000e+001 -2.215000e+001  2.000000e+001
      vertex -8.792893e+000 -1.943789e+001  2.000000e+001
      vertex -8.944429e+000 -1.931353e+001  2.000000e+001
    endloop
  endfacet
  facet normal  0.000000e+000  0.000000e+000  1.000000e+000
    outer loop
      vertex -1.930000e+001 -2.215000e+001  2.000000e+001
      vertex -8.944429e+000 -1.931353e+001  2.000000e+001
      vertex -9.117316e+000 -1.922112e+001  2.000000e+001
    endloop
  endfacet
  facet normal  0.000000e+000  0.000000e+000  1.000000e+000
    outer loop
      vertex -1.930000e+001 -2.215000e+001  2.000000e+001
      vertex -9.117316e+000 -1.922112e+001  2.000000e+001
      vertex -9.304910e+000 -1.916422e+001  2.000000e+001
    endloop
  endfacet
  facet normal  0.000000e+000  0.000000e+000  1.000000e+000
    outer loop
      vertex -1.930000e+001 -2.215000e+001  2.000000e+001
      vertex -9.304910e+000 -1.916422e+001  2.000000e+001
      vertex -9.500000e+000 -1.914500e+001  2.000000e+001
    endloop
  endfacet
  facet normal  0.000000e+000  0.000000e+000  1.000000e+000
    outer loop
      vertex -1.930000e+001 -2.215000e+001  2.000000e+001
      vertex -9.500000e+000 -1.914500e+001  2.000000e+001
      vertex -1.550000e+001 -1.914500e+001  2.000000e+001
    endloop
  endfacet
  facet normal  0.000000e+000  0.000000e+000  1.000000e+000
    outer loop
      vertex -1.930000e+001 -2.215000e+001  2.000000e+001
      vertex -1.550000e+001 -1.914500e+001  2.000000e+001
      vertex -1.596930e+001 -1.910806e+001  2.000000e+001
    endloop
  endfacet
  facet normal  0.000000e+000  0.000000e+000  1.000000e+000
    outer loop
      vertex -1.930000e+001 -2.215000e+001  2.000000e+001
      vertex -1.596930e+001 -1.910806e+001  2.000000e+001
      vertex -1.642705e+001 -1.899817e+001  2.000000e+001
    endloop
  endfacet
  facet normal  0.000000e+000  0.000000e+000  1.000000e+000
    outer loop
      vertex -1.930000e+001 -2.215000e+001  2.000000e+001
      vertex -1.642705e+001 -1.899817e+001  2.000000e+001
      vertex -1.686197e+001 -1.881802e+001  2.000000e+001
    endloop
  endfacet
  facet normal  0.000000e+000  0.000000e+000  1.000000e+000
    outer loop
      vertex -1.930000e+001 -2.215000e+001  2.000000e+001
      vertex -1.686197e+001 -1.881802e+001  2.000000e+001
      vertex -1.726336e+001 -1.857205e+001  2.000000e+001
    endloop
  endfacet
  facet normal  0.000000e+000  0.000000e+000  1.000000e+000
    outer loop
      vertex -1.930000e+001 -2.215000e+001  2.000000e+001
      vertex -1.726336e+001 -1.857205e+001  2.000000e+001
      vertex -1.762132e+001 -1.826632e+001  2.000000e+001
    endloop
  endfacet
  facet normal  0.000000e+000  0.000000e+000  1.000000e+000
    outer loop
      vertex -1.930000e+001 -2.215000e+001  2.000000e+001
      vertex -1.762132e+001 -1.826632e+001  2.000000e+001
      vertex -1.792705e+001 -1.790836e+001  2.000000e+001
    endloop
  endfacet
  facet normal  0.000000e+000  0.000000e+000  1.000000e+000
    outer loop
      vertex -1.930000e+001 -2.215000e+001  2.000000e+001
      vertex -1.792705e+001 -1.790836e+001  2.000000e+001
      vertex -1.817302e+001 -1.750697e+001  2.000000e+001
    endloop
  endfacet
  facet normal  0.000000e+000  0.000000e+000  1.000000e+000
    outer loop
      vertex -1.930000e+001 -2.215000e+001  2.000000e+001
      vertex -1.817302e+001 -1.750697e+001  2.000000e+001
      vertex -1.835317e+001 -1.707205e+001  2.000000e+001
    endloop
  endfacet
  facet normal  0.000000e+000  0.000000e+000  1.000000e+000
    outer loop
      vertex -1.930000e+001 -2.215000e+001  2.000000e+001
      vertex -1.835317e+001 -1.707205e+001  2.000000e+001
      vertex -1.846306e+001 -1.661430e+001  2.000000e+001
    endloop
  endfacet
  facet normal  0.000000e+000  0.000000e+000  1.000000e+000
    outer loop
      vertex -1.930000e+001 -2.215000e+001  2.000000e+001
      vertex -1.846306e+001 -1.661430e+001  2.000000e+001
      vertex -1.850000e+001 -1.614500e+001  2.000000e+001
    endloop
  endfacet
  facet normal  0.000000e+000  0.000000e+000  1.000000e+000
    outer loop
      vertex -1.930000e+001 -2.215000e+001  2.000000e+001
      vertex -1.850000e+001 -1.614500e+001  2.000000e+001
      vertex -1.930000e+001  2.215000e+001  2.000000e+001
    endloop
  endfacet
  facet normal  0.000000e+000  0.000000e+000  1.000000e+000
    outer loop
      vertex -1.930000e+001 -2.215000e+001  2.000000e+001
      vertex -1.930000e+001  2.215000e+001  2.000000e+001
      vertex -1.931825e+001  2.196466e+001  2.000000e+001
    endloop
  endfacet
  facet normal  0.000000e+000  0.000000e+000  1.000000e+000
    outer loop
      vertex -1.930000e+001 -2.215000e+001  2.000000e+001
      vertex -1.931825e+001  2.196466e+001  2.000000e+001
      vertex -1.931825e+001 -2.196466e+001  2.000000e+001
    endloop
  endfacet
  facet normal  0.000000e+000  -0.000000e+000  1.000000e+000
    outer loop
      vertex -1.550000e+001  1.914500e+001  2.000000e+001
      vertex -9.500000e+000  1.914500e+001  2.000000e+001
      vertex -9.304910e+000  1.916422e+001  2.000000e+001
    endloop
  endfacet
  facet normal  0.000000e+000  -0.000000e+000  9.999999e-001
    outer loop
      vertex -1.550000e+001  1.914500e+001  2.000000e+001
      vertex -9.304910e+000  1.916422e+001  2.000000e+001
      vertex -9.117316e+000  1.922112e+001  2.000000e+001
    endloop
  endfacet
  facet normal  0.000000e+000  -0.000000e+000  1.000000e+000
    outer loop
      vertex -1.550000e+001  1.914500e+001  2.000000e+001
      vertex -9.117316e+000  1.922112e+001  2.000000e+001
      vertex -8.944429e+000  1.931353e+001  2.000000e+001
    endloop
  endfacet
  facet normal  0.000000e+000  -0.000000e+000  1.000000e+000
    outer loop
      vertex -1.550000e+001  1.914500e+001  2.000000e+001
      vertex -8.944429e+000  1.931353e+001  2.000000e+001
      vertex -8.792893e+000  1.943789e+001  2.000000e+001
    endloop
  endfacet
  facet normal  0.000000e+000  -0.000000e+000  9.999999e-001
    outer loop
      vertex -1.550000e+001  1.914500e+001  2.000000e+001
      vertex -8.792893e+000  1.943789e+001  2.000000e+001
      vertex -8.668530e+000  1.958943e+001  2.000000e+001
    endloop
  endfacet
  facet normal  0.000000e+000  -0.000000e+000  1.000000e+000
    outer loop
      vertex -1.550000e+001  1.914500e+001  2.000000e+001
      vertex -8.668530e+000  1.958943e+001  2.000000e+001
      vertex -8.576120e+000  1.976232e+001  2.000000e+001
    endloop
  endfacet
  facet normal  0.000000e+000  -0.000000e+000  1.000000e+000
    outer loop
      vertex -1.550000e+001  1.914500e+001  2.000000e+001
      vertex -8.576120e+000  1.976232e+001  2.000000e+001
      vertex -8.519215e+000  1.994991e+001  2.000000e+001
    endloop
  endfacet
  facet normal  0.000000e+000  -0.000000e+000  1.000000e+000
    outer loop
      vertex -1.550000e+001  1.914500e+001  2.000000e+001
      vertex -8.519215e+000  1.994991e+001  2.000000e+001
      vertex -8.500000e+000  2.014500e+001  2.000000e+001
    endloop
  endfacet
  facet normal  0.000000e+000  0.000000e+000  1.000000e+000
    outer loop
      vertex -1.550000e+001  1.914500e+001  2.000000e+001
      vertex -8.500000e+000  2.014500e+001  2.000000e+001
      vertex -1.596930e+001  1.910806e+001  2.000000e+001
    endloop
  endfacet
  facet normal  0.000000e+000  -0.000000e+000  1.000000e+000
    outer loop
      vertex -1.930000e+001  2.215000e+001  2.000000e+001
      vertex -1.850000e+001 -1.614500e+001  2.000000e+001
      vertex -1.850000e+001  1.614500e+001  2.000000e+001
    endloop
  endfacet
  facet normal  0.000000e+000  -0.000000e+000  1.000000e+000
    outer loop
      vertex -1.930000e+001  2.215000e+001  2.000000e+001
      vertex -1.850000e+001  1.614500e+001  2.000000e+001
      vertex -1.846306e+001  1.661430e+001  2.000000e+001
    endloop
  endfacet
  facet normal  0.000000e+000  -0.000000e+000  1.000000e+000
    outer loop
      vertex -1.930000e+001  2.215000e+001  2.000000e+001
      vertex -1.846306e+001  1.661430e+001  2.000000e+001
      vertex -1.835317e+001  1.707205e+001  2.000000e+001
    endloop
  endfacet
  facet normal  0.000000e+000  -0.000000e+000  1.000000e+000
    outer loop
      vertex -1.930000e+001  2.215000e+001  2.000000e+001
      vertex -1.835317e+001  1.707205e+001  2.000000e+001
      vertex -1.817302e+001  1.750697e+001  2.000000e+001
    endloop
  endfacet
  facet normal  0.000000e+000  -0.000000e+000  1.000000e+000
    outer loop
      vertex -1.930000e+001  2.215000e+001  2.000000e+001
      vertex -1.817302e+001  1.750697e+001  2.000000e+001
      vertex -1.792705e+001  1.790836e+001  2.000000e+001
    endloop
  endfacet
  facet normal  0.000000e+000  -0.000000e+000  1.000000e+000
    outer loop
      vertex -1.930000e+001  2.215000e+001  2.000000e+001
      vertex -1.792705e+001  1.790836e+001  2.000000e+001
      vertex -1.762132e+001  1.826632e+001  2.000000e+001
    endloop
  endfacet
  facet normal  0.000000e+000  -0.000000e+000  1.000000e+000
    outer loop
      vertex -1.930000e+001  2.215000e+001  2.000000e+001
      vertex -1.762132e+001  1.826632e+001  2.000000e+001
      vertex -1.726336e+001  1.857205e+001  2.000000e+001
    endloop
  endfacet
  facet normal  0.000000e+000  -0.000000e+000  1.000000e+000
    outer loop
      vertex -1.930000e+001  2.215000e+001  2.000000e+001
      vertex -1.726336e+001  1.857205e+001  2.000000e+001
      vertex -1.686197e+001  1.881802e+001  2.000000e+001
    endloop
  endfacet
  facet normal  0.000000e+000  -0.000000e+000  1.000000e+000
    outer loop
      vertex -1.930000e+001  2.215000e+001  2.000000e+001
      vertex -1.686197e+001  1.881802e+001  2.000000e+001
      vertex -1.642705e+001  1.899817e+001  2.000000e+001
    endloop
  endfacet
  facet normal  0.000000e+000  -0.000000e+000  1.000000e+000
    outer loop
      vertex -1.930000e+001  2.215000e+001  2.000000e+001
      vertex -1.642705e+001  1.899817e+001  2.000000e+001
      vertex -1.596930e+001  1.910806e+001  2.000000e+001
    endloop
  endfacet
  facet normal  0.000000e+000  -0.000000e+000  1.000000e+000
    outer loop
      vertex -1.930000e+001  2.215000e+001  2.000000e+001
      vertex -1.596930e+001  1.910806e+001  2.000000e+001
      vertex -8.500000e+000  2.014500e+001  2.000000e+001
    endloop
  endfacet
  facet normal  0.000000e+000  -0.000000e+000  1.000000e+000
    outer loop
      vertex -1.930000e+001  2.215000e+001  2.000000e+001
      vertex -8.500000e+000  2.014500e+001  2.000000e+001
      vertex -8.500000e+000  2.314500e+001  2.000000e+001
    endloop
  endfacet
  facet normal  0.000000e+000  0.000000e+000  1.000000e+000
    outer loop
      vertex -1.930000e+001  2.215000e+001  2.000000e+001
      vertex -8.500000e+000  2.314500e+001  2.000000e+001
      vertex -8.519215e+000  2.334009e+001  2.000000e+001
    endloop
  endfacet
  facet normal  0.000000e+000  0.000000e+000  1.000000e+000
    outer loop
      vertex -1.930000e+001  2.215000e+001  2.000000e+001
      vertex -8.519215e+000  2.334009e+001  2.000000e+001
      vertex -8.576120e+000  2.352768e+001  2.000000e+001
    endloop
  endfacet
  facet normal  0.000000e+000  0.000000e+000  1.000000e+000
    outer loop
      vertex -1.930000e+001  2.215000e+001  2.000000e+001
      vertex -8.576120e+000  2.352768e+001  2.000000e+001
      vertex -8.668530e+000  2.370057e+001  2.000000e+001
    endloop
  endfacet
  facet normal  0.000000e+000  0.000000e+000  1.000000e+000
    outer loop
      vertex -1.930000e+001  2.215000e+001  2.000000e+001
      vertex -8.668530e+000  2.370057e+001  2.000000e+001
      vertex -8.792893e+000  2.385211e+001  2.000000e+001
    endloop
  endfacet
  facet normal  0.000000e+000  0.000000e+000  1.000000e+000
    outer loop
      vertex -1.930000e+001  2.215000e+001  2.000000e+001
      vertex -8.792893e+000  2.385211e+001  2.000000e+001
      vertex -8.944429e+000  2.397647e+001  2.000000e+001
    endloop
  endfacet
  facet normal  0.000000e+000  0.000000e+000  1.000000e+000
    outer loop
      vertex -1.930000e+001  2.215000e+001  2.000000e+001
      vertex -8.944429e+000  2.397647e+001  2.000000e+001
      vertex -9.117316e+000  2.406888e+001  2.000000e+001
    endloop
  endfacet
  facet normal  0.000000e+000  0.000000e+000  1.000000e+000
    outer loop
      vertex -1.930000e+001  2.215000e+001  2.000000e+001
      vertex -9.117316e+000  2.406888e+001  2.000000e+001
      vertex -9.304910e+000  2.412579e+001  2.000000e+001
    endloop
  endfacet
  facet normal  0.000000e+000  0.000000e+000  1.000000e+000
    outer loop
      vertex -1.930000e+001  2.215000e+001  2.000000e+001
      vertex -9.304910e+000  2.412579e+001  2.000000e+001
      vertex -9.500000e+000  2.414500e+001  2.000000e+001
    endloop
  endfacet
  facet normal  0.000000e+000  -0.000000e+000  1.000000e+000
    outer loop
      vertex -2.120000e+001 -2.215000e+001  2.000000e+001
      vertex -2.118175e+001 -2.196466e+001  2.000000e+001
      vertex -2.118175e+001  2.196466e+001  2.000000e+001
    endloop
  endfacet
  facet normal  0.000000e+000  0.000000e+000  1.000000e+000
    outer loop
      vertex -2.120000e+001 -2.215000e+001  2.000000e+001
      vertex -2.118175e+001  2.196466e+001  2.000000e+001
      vertex -2.120000e+001  2.215000e+001  2.000000e+001
    endloop
  endfacet
  facet normal  0.000000e+000  0.000000e+000  1.000000e+000
    outer loop
      vertex -2.120000e+001 -2.215000e+001  2.000000e+001
      vertex -2.120000e+001  2.215000e+001  2.000000e+001
      vertex -2.317302e+001  2.250697e+001  2.000000e+001
    endloop
  endfacet
  facet normal  0.000000e+000  0.000000e+000  1.000000e+000
    outer loop
      vertex -2.120000e+001 -2.215000e+001  2.000000e+001
      vertex -2.317302e+001  2.250697e+001  2.000000e+001
      vertex -2.335317e+001  2.207205e+001  2.000000e+001
    endloop
  endfacet
  facet normal  0.000000e+000  0.000000e+000  1.000000e+000
    outer loop
      vertex -2.120000e+001 -2.215000e+001  2.000000e+001
      vertex -2.335317e+001  2.207205e+001  2.000000e+001
      vertex -2.335317e+001 -2.207205e+001  2.000000e+001
    endloop
  endfacet
  facet normal  0.000000e+000  0.000000e+000  9.999999e-001
    outer loop
      vertex -2.120000e+001 -2.215000e+001  2.000000e+001
      vertex -2.335317e+001 -2.207205e+001  2.000000e+001
      vertex -2.317302e+001 -2.250697e+001  2.000000e+001
    endloop
  endfacet
  facet normal  -0.000000e+000  0.000000e+000  1.000000e+000
    outer loop
      vertex -2.120000e+001 -2.215000e+001  2.000000e+001
      vertex -2.317302e+001 -2.250697e+001  2.000000e+001
      vertex -2.292705e+001 -2.290836e+001  2.000000e+001
    endloop
  endfacet
  facet normal  -0.000000e+000  0.000000e+000  1.000000e+000
    outer loop
      vertex -2.120000e+001 -2.215000e+001  2.000000e+001
      vertex -2.292705e+001 -2.290836e+001  2.000000e+001
      vertex -2.262132e+001 -2.326632e+001  2.000000e+001
    endloop
  endfacet
  facet normal  -0.000000e+000  0.000000e+000  1.000000e+000
    outer loop
      vertex -2.120000e+001 -2.215000e+001  2.000000e+001
      vertex -2.262132e+001 -2.326632e+001  2.000000e+001
      vertex -2.226336e+001 -2.357205e+001  2.000000e+001
    endloop
  endfacet
  facet normal  -0.000000e+000  0.000000e+000  1.000000e+000
    outer loop
      vertex -2.120000e+001 -2.215000e+001  2.000000e+001
      vertex -2.226336e+001 -2.357205e+001  2.000000e+001
      vertex -2.186197e+001 -2.381802e+001  2.000000e+001
    endloop
  endfacet
  facet normal  -0.000000e+000  0.000000e+000  1.000000e+000
    outer loop
      vertex -2.120000e+001 -2.215000e+001  2.000000e+001
      vertex -2.186197e+001 -2.381802e+001  2.000000e+001
      vertex -2.142705e+001 -2.399817e+001  2.000000e+001
    endloop
  endfacet
  facet normal  0.000000e+000  0.000000e+000  1.000000e+000
    outer loop
      vertex -2.120000e+001 -2.215000e+001  2.000000e+001
      vertex -2.142705e+001 -2.399817e+001  2.000000e+001
      vertex -2.118175e+001 -2.233534e+001  2.000000e+001
    endloop
  endfacet
  facet normal  0.000000e+000  0.000000e+000  1.000000e+000
    outer loop
      vertex -2.120000e+001  2.215000e+001  2.000000e+001
      vertex -2.118175e+001  2.233534e+001  2.000000e+001
      vertex -2.142705e+001  2.399817e+001  2.000000e+001
    endloop
  endfacet
  facet normal  0.000000e+000  0.000000e+000  1.000000e+000
    outer loop
      vertex -2.120000e+001  2.215000e+001  2.000000e+001
      vertex -2.142705e+001  2.399817e+001  2.000000e+001
      vertex -2.186197e+001  2.381802e+001  2.000000e+001
    endloop
  endfacet
  facet normal  0.000000e+000  0.000000e+000  1.000000e+000
    outer loop
      vertex -2.120000e+001  2.215000e+001  2.000000e+001
      vertex -2.186197e+001  2.381802e+001  2.000000e+001
      vertex -2.226336e+001  2.357205e+001  2.000000e+001
    endloop
  endfacet
  facet normal  0.000000e+000  0.000000e+000  1.000000e+000
    outer loop
      vertex -2.120000e+001  2.215000e+001  2.000000e+001
      vertex -2.226336e+001  2.357205e+001  2.000000e+001
      vertex -2.262132e+001  2.326632e+001  2.000000e+001
    endloop
  endfacet
  facet normal  0.000000e+000  0.000000e+000  1.000000e+000
    outer loop
      vertex -2.120000e+001  2.215000e+001  2.000000e+001
      vertex -2.262132e+001  2.326632e+001  2.000000e+001
      vertex -2.292705e+001  2.290836e+001  2.000000e+001
    endloop
  endfacet
  facet normal  0.000000e+000  0.000000e+000  1.000000e+000
    outer loop
      vertex -2.120000e+001  2.215000e+001  2.000000e+001
      vertex -2.292705e+001  2.290836e+001  2.000000e+001
      vertex -2.317302e+001  2.250697e+001  2.000000e+001
    endloop
  endfacet
  facet normal  -0.000000e+000  0.000000e+000  9.999999e-001
    outer loop
      vertex -9.500000e+000  2.414500e+001  2.000000e+001
      vertex -2.025000e+001  2.310000e+001  2.000000e+001
      vertex -2.006466e+001  2.308175e+001  2.000000e+001
    endloop
  endfacet
  facet normal  -0.000000e+000  0.000000e+000  1.000000e+000
    outer loop
      vertex -9.500000e+000  2.414500e+001  2.000000e+001
      vertex -2.006466e+001  2.308175e+001  2.000000e+001
      vertex -1.988645e+001  2.302769e+001  2.000000e+001
    endloop
  endfacet
  facet normal  -0.000000e+000  0.000000e+000  1.000000e+000
    outer loop
      vertex -9.500000e+000  2.414500e+001  2.000000e+001
      vertex -1.988645e+001  2.302769e+001  2.000000e+001
      vertex -1.972221e+001  2.293990e+001  2.000000e+001
    endloop
  endfacet
  facet normal  -0.000000e+000  0.000000e+000  1.000000e+000
    outer loop
      vertex -9.500000e+000  2.414500e+001  2.000000e+001
      vertex -1.972221e+001  2.293990e+001  2.000000e+001
      vertex -1.957825e+001  2.282175e+001  2.000000e+001
    endloop
  endfacet
  facet normal  -0.000000e+000  0.000000e+000  1.000000e+000
    outer loop
      vertex -9.500000e+000  2.414500e+001  2.000000e+001
      vertex -1.957825e+001  2.282175e+001  2.000000e+001
      vertex -1.946010e+001  2.267779e+001  2.000000e+001
    endloop
  endfacet
  facet normal  -0.000000e+000  0.000000e+000  1.000000e+000
    outer loop
      vertex -9.500000e+000  2.414500e+001  2.000000e+001
      vertex -1.946010e+001  2.267779e+001  2.000000e+001
      vertex -1.937231e+001  2.251355e+001  2.000000e+001
    endloop
  endfacet
  facet normal  -0.000000e+000  0.000000e+000  1.000000e+000
    outer loop
      vertex -9.500000e+000  2.414500e+001  2.000000e+001
      vertex -1.937231e+001  2.251355e+001  2.000000e+001
      vertex -1.931825e+001  2.233534e+001  2.000000e+001
    endloop
  endfacet
  facet normal  -0.000000e+000  0.000000e+000  1.000000e+000
    outer loop
      vertex -9.500000e+000  2.414500e+001  2.000000e+001
      vertex -1.931825e+001  2.233534e+001  2.000000e+001
      vertex -1.930000e+001  2.215000e+001  2.000000e+001
    endloop
  endfacet
  facet normal  0.000000e+000  0.000000e+000  9.999999e-001
    outer loop
      vertex -2.118175e+001 -2.233534e+001  2.000000e+001
      vertex -2.142705e+001 -2.399817e+001  2.000000e+001
      vertex -2.112769e+001 -2.251355e+001  2.000000e+001
    endloop
  endfacet
  facet normal  0.000000e+000  0.000000e+000  1.000000e+000
    outer loop
      vertex -2.112769e+001 -2.251355e+001  2.000000e+001
      vertex -2.142705e+001 -2.399817e+001  2.000000e+001
      vertex -2.096930e+001 -2.410806e+001  2.000000e+001
    endloop
  endfacet
  facet normal  0.000000e+000  0.000000e+000  1.000000e+000
    outer loop
      vertex -2.112769e+001 -2.251355e+001  2.000000e+001
      vertex -2.096930e+001 -2.410806e+001  2.000000e+001
      vertex -2.103990e+001 -2.267779e+001  2.000000e+001
    endloop
  endfacet
  facet normal  0.000000e+000  0.000000e+000  1.000000e+000
    outer loop
      vertex -2.350000e+001  2.114500e+001  2.000000e+001
      vertex -2.350000e+001 -2.114500e+001  2.000000e+001
      vertex -2.346306e+001  2.161430e+001  2.000000e+001
    endloop
  endfacet
  facet normal  0.000000e+000  0.000000e+000  1.000000e+000
    outer loop
      vertex -2.346306e+001  2.161430e+001  2.000000e+001
      vertex -2.350000e+001 -2.114500e+001  2.000000e+001
      vertex -2.346306e+001 -2.161430e+001  2.000000e+001
    endloop
  endfacet
  facet normal  0.000000e+000  0.000000e+000  1.000000e+000
    outer loop
      vertex -2.346306e+001  2.161430e+001  2.000000e+001
      vertex -2.346306e+001 -2.161430e+001  2.000000e+001
      vertex -2.335317e+001  2.207205e+001  2.000000e+001
    endloop
  endfacet
  facet normal  0.000000e+000  0.000000e+000  1.000000e+000
    outer loop
      vertex -2.335317e+001  2.207205e+001  2.000000e+001
      vertex -2.346306e+001 -2.161430e+001  2.000000e+001
      vertex -2.335317e+001 -2.207205e+001  2.000000e+001
    endloop
  endfacet
  facet normal  0.000000e+000  0.000000e+000  1.000000e+000
    outer loop
      vertex -2.118175e+001  2.196466e+001  2.000000e+001
      vertex -2.118175e+001 -2.196466e+001  2.000000e+001
      vertex -2.112769e+001  2.178645e+001  2.000000e+001
    endloop
  endfacet
  facet normal  0.000000e+000  0.000000e+000  1.000000e+000
    outer loop
      vertex -2.112769e+001  2.178645e+001  2.000000e+001
      vertex -2.118175e+001 -2.196466e+001  2.000000e+001
      vertex -2.112769e+001 -2.178645e+001  2.000000e+001
    endloop
  endfacet
  facet normal  0.000000e+000  0.000000e+000  1.000000e+000
    outer loop
      vertex -2.112769e+001  2.178645e+001  2.000000e+001
      vertex -2.112769e+001 -2.178645e+001  2.000000e+001
      vertex -2.103990e+001  2.162221e+001  2.000000e+001
    endloop
  endfacet
  facet normal  0.000000e+000  0.000000e+000  1.000000e+000
    outer loop
      vertex -2.103990e+001  2.162221e+001  2.000000e+001
      vertex -2.112769e+001 -2.178645e+001  2.000000e+001
      vertex -2.103990e+001 -2.162221e+001  2.000000e+001
    endloop
  endfacet
  facet normal  0.000000e+000  0.000000e+000  1.000000e+000
    outer loop
      vertex -2.103990e+001  2.162221e+001  2.000000e+001
      vertex -2.103990e+001 -2.162221e+001  2.000000e+001
      vertex -2.092175e+001  2.147825e+001  2.000000e+001
    endloop
  endfacet
  facet normal  0.000000e+000  0.000000e+000  1.000000e+000
    outer loop
      vertex -2.092175e+001  2.147825e+001  2.000000e+001
      vertex -2.103990e+001 -2.162221e+001  2.000000e+001
      vertex -2.092175e+001 -2.147825e+001  2.000000e+001
    endloop
  endfacet
  facet normal  0.000000e+000  0.000000e+000  9.999999e-001
    outer loop
      vertex -2.092175e+001  2.147825e+001  2.000000e+001
      vertex -2.092175e+001 -2.147825e+001  2.000000e+001
      vertex -2.077779e+001  2.136010e+001  2.000000e+001
    endloop
  endfacet
  facet normal  0.000000e+000  0.000000e+000  1.000000e+000
    outer loop
      vertex -2.077779e+001  2.136010e+001  2.000000e+001
      vertex -2.092175e+001 -2.147825e+001  2.000000e+001
      vertex -2.077779e+001 -2.136010e+001  2.000000e+001
    endloop
  endfacet
  facet normal  0.000000e+000  0.000000e+000  1.000000e+000
    outer loop
      vertex -2.077779e+001  2.136010e+001  2.000000e+001
      vertex -2.077779e+001 -2.136010e+001  2.000000e+001
      vertex -2.061355e+001  2.127231e+001  2.000000e+001
    endloop
  endfacet
  facet normal  0.000000e+000  0.000000e+000  1.000000e+000
    outer loop
      vertex -2.061355e+001  2.127231e+001  2.000000e+001
      vertex -2.077779e+001 -2.136010e+001  2.000000e+001
      vertex -2.061355e+001 -2.127231e+001  2.000000e+001
    endloop
  endfacet
  facet normal  0.000000e+000  0.000000e+000  1.000000e+000
    outer loop
      vertex -2.061355e+001  2.127231e+001  2.000000e+001
      vertex -2.061355e+001 -2.127231e+001  2.000000e+001
      vertex -2.043534e+001  2.121825e+001  2.000000e+001
    endloop
  endfacet
  facet normal  0.000000e+000  0.000000e+000  1.000000e+000
    outer loop
      vertex -2.043534e+001  2.121825e+001  2.000000e+001
      vertex -2.061355e+001 -2.127231e+001  2.000000e+001
      vertex -2.043534e+001 -2.121825e+001  2.000000e+001
    endloop
  endfacet
  facet normal  0.000000e+000  0.000000e+000  1.000000e+000
    outer loop
      vertex -2.043534e+001  2.121825e+001  2.000000e+001
      vertex -2.043534e+001 -2.121825e+001  2.000000e+001
      vertex -2.025000e+001  2.120000e+001  2.000000e+001
    endloop
  endfacet
  facet normal  0.000000e+000  0.000000e+000  1.000000e+000
    outer loop
      vertex -2.025000e+001  2.120000e+001  2.000000e+001
      vertex -2.043534e+001 -2.121825e+001  2.000000e+001
      vertex -2.025000e+001 -2.120000e+001  2.000000e+001
    endloop
  endfacet
  facet normal  0.000000e+000  0.000000e+000  1.000000e+000
    outer loop
      vertex -2.025000e+001  2.120000e+001  2.000000e+001
      vertex -2.025000e+001 -2.120000e+001  2.000000e+001
      vertex -2.006466e+001  2.121825e+001  2.000000e+001
    endloop
  endfacet
  facet normal  0.000000e+000  0.000000e+000  1.000000e+000
    outer loop
      vertex -2.006466e+001  2.121825e+001  2.000000e+001
      vertex -2.025000e+001 -2.120000e+001  2.000000e+001
      vertex -2.006466e+001 -2.121825e+001  2.000000e+001
    endloop
  endfacet
  facet normal  0.000000e+000  0.000000e+000  1.000000e+000
    outer loop
      vertex -2.006466e+001  2.121825e+001  2.000000e+001
      vertex -2.006466e+001 -2.121825e+001  2.000000e+001
      vertex -1.988645e+001  2.127231e+001  2.000000e+001
    endloop
  endfacet
  facet normal  0.000000e+000  0.000000e+000  1.000000e+000
    outer loop
      vertex -1.988645e+001  2.127231e+001  2.000000e+001
      vertex -2.006466e+001 -2.121825e+001  2.000000e+001
      vertex -1.988645e+001 -2.127231e+001  2.000000e+001
    endloop
  endfacet
  facet normal  0.000000e+000  0.000000e+000  1.000000e+000
    outer loop
      vertex -1.988645e+001  2.127231e+001  2.000000e+001
      vertex -1.988645e+001 -2.127231e+001  2.000000e+001
      vertex -1.972221e+001  2.136010e+001  2.000000e+001
    endloop
  endfacet
  facet normal  0.000000e+000  0.000000e+000  1.000000e+000
    outer loop
      vertex -1.972221e+001  2.136010e+001  2.000000e+001
      vertex -1.988645e+001 -2.127231e+001  2.000000e+001
      vertex -1.972221e+001 -2.136010e+001  2.000000e+001
    endloop
  endfacet
  facet normal  0.000000e+000  0.000000e+000  1.000000e+000
    outer loop
      vertex -1.972221e+001  2.136010e+001  2.000000e+001
      vertex -1.972221e+001 -2.136010e+001  2.000000e+001
      vertex -1.957825e+001  2.147825e+001  2.000000e+001
    endloop
  endfacet
  facet normal  0.000000e+000  0.000000e+000  9.999999e-001
    outer loop
      vertex -1.957825e+001  2.147825e+001  2.000000e+001
      vertex -1.972221e+001 -2.136010e+001  2.000000e+001
      vertex -1.957825e+001 -2.147825e+001  2.000000e+001
    endloop
  endfacet
  facet normal  0.000000e+000  0.000000e+000  1.000000e+000
    outer loop
      vertex -1.957825e+001  2.147825e+001  2.000000e+001
      vertex -1.957825e+001 -2.147825e+001  2.000000e+001
      vertex -1.946010e+001  2.162221e+001  2.000000e+001
    endloop
  endfacet
  facet normal  0.000000e+000  0.000000e+000  1.000000e+000
    outer loop
      vertex -1.946010e+001  2.162221e+001  2.000000e+001
      vertex -1.957825e+001 -2.147825e+001  2.000000e+001
      vertex -1.946010e+001 -2.162221e+001  2.000000e+001
    endloop
  endfacet
  facet normal  0.000000e+000  0.000000e+000  1.000000e+000
    outer loop
      vertex -1.946010e+001  2.162221e+001  2.000000e+001
      vertex -1.946010e+001 -2.162221e+001  2.000000e+001
      vertex -1.937231e+001  2.178645e+001  2.000000e+001
    endloop
  endfacet
  facet normal  0.000000e+000  0.000000e+000  1.000000e+000
    outer loop
      vertex -1.937231e+001  2.178645e+001  2.000000e+001
      vertex -1.946010e+001 -2.162221e+001  2.000000e+001
      vertex -1.937231e+001 -2.178645e+001  2.000000e+001
    endloop
  endfacet
  facet normal  0.000000e+000  0.000000e+000  1.000000e+000
    outer loop
      vertex -1.937231e+001  2.178645e+001  2.000000e+001
      vertex -1.937231e+001 -2.178645e+001  2.000000e+001
      vertex -1.931825e+001  2.196466e+001  2.000000e+001
    endloop
  endfacet
  facet normal  0.000000e+000  0.000000e+000  1.000000e+000
    outer loop
      vertex -1.931825e+001  2.196466e+001  2.000000e+001
      vertex -1.937231e+001 -2.178645e+001  2.000000e+001
      vertex -1.931825e+001 -2.196466e+001  2.000000e+001
    endloop
  endfacet
  facet normal  0.000000e+000  -0.000000e+000  1.000000e+000
    outer loop
      vertex -2.142705e+001  2.399817e+001  2.000000e+001
      vertex -2.118175e+001  2.233534e+001  2.000000e+001
      vertex -2.096930e+001  2.410806e+001  2.000000e+001
    endloop
  endfacet
  facet normal  0.000000e+000  0.000000e+000  1.000000e+000
    outer loop
      vertex -2.096930e+001  2.410806e+001  2.000000e+001
      vertex -2.118175e+001  2.233534e+001  2.000000e+001
      vertex -2.112769e+001  2.251355e+001  2.000000e+001
    endloop
  endfacet
  facet normal  0.000000e+000  0.000000e+000  1.000000e+000
    outer loop
      vertex -2.096930e+001  2.410806e+001  2.000000e+001
      vertex -2.112769e+001  2.251355e+001  2.000000e+001
      vertex -2.103990e+001  2.267779e+001  2.000000e+001
    endloop
  endfacet
  facet normal -9.802412e-002  9.951839e-001  0.000000e+000
    outer loop
      vertex -2.025000e+001 -2.310000e+001  1.000000e+001
      vertex -2.006466e+001 -2.308175e+001  2.000000e+001
      vertex -2.006466e+001 -2.308175e+001  1.000000e+001
    endloop
  endfacet
  facet normal -2.902800e-001  9.569418e-001  0.000000e+000
    outer loop
      vertex -2.006466e+001 -2.308175e+001  1.000000e+001
      vertex -2.006466e+001 -2.308175e+001  2.000000e+001
      vertex -1.988645e+001 -2.302769e+001  2.000000e+001
    endloop
  endfacet
  facet normal -2.902800e-001  9.569418e-001  0.000000e+000
    outer loop
      vertex -2.006466e+001 -2.308175e+001  1.000000e+001
      vertex -1.988645e+001 -2.302769e+001  2.000000e+001
      vertex -1.988645e+001 -2.302769e+001  1.000000e+001
    endloop
  endfacet
  facet normal -4.713987e-001  8.819203e-001  0.000000e+000
    outer loop
      vertex -1.988645e+001 -2.302769e+001  1.000000e+001
      vertex -1.988645e+001 -2.302769e+001  2.000000e+001
      vertex -1.972221e+001 -2.293990e+001  2.000000e+001
    endloop
  endfacet
  facet normal -4.713987e-001  8.819203e-001  0.000000e+000
    outer loop
      vertex -1.988645e+001 -2.302769e+001  1.000000e+001
      vertex -1.972221e+001 -2.293990e+001  2.000000e+001
      vertex -1.972221e+001 -2.293990e+001  1.000000e+001
    endloop
  endfacet
  facet normal -6.343961e-001  7.730082e-001  0.000000e+000
    outer loop
      vertex -1.972221e+001 -2.293990e+001  1.000000e+001
      vertex -1.972221e+001 -2.293990e+001  2.000000e+001
      vertex -1.957825e+001 -2.282175e+001  2.000000e+001
    endloop
  endfacet
  facet normal -6.343961e-001  7.730082e-001  0.000000e+000
    outer loop
      vertex -1.972221e+001 -2.293990e+001  1.000000e+001
      vertex -1.957825e+001 -2.282175e+001  2.000000e+001
      vertex -1.957825e+001 -2.282175e+001  1.000000e+001
    endloop
  endfacet
  facet normal -7.730082e-001  6.343961e-001  0.000000e+000
    outer loop
      vertex -1.957825e+001 -2.282175e+001  1.000000e+001
      vertex -1.957825e+001 -2.282175e+001  2.000000e+001
      vertex -1.946010e+001 -2.267779e+001  2.000000e+001
    endloop
  endfacet
  facet normal -7.730082e-001  6.343961e-001  0.000000e+000
    outer loop
      vertex -1.957825e+001 -2.282175e+001  1.000000e+001
      vertex -1.946010e+001 -2.267779e+001  2.000000e+001
      vertex -1.946010e+001 -2.267779e+001  1.000000e+001
    endloop
  endfacet
  facet normal -8.819203e-001  4.713987e-001  0.000000e+000
    outer loop
      vertex -1.946010e+001 -2.267779e+001  1.000000e+001
      vertex -1.946010e+001 -2.267779e+001  2.000000e+001
      vertex -1.937231e+001 -2.251355e+001  2.000000e+001
    endloop
  endfacet
  facet normal -8.819203e-001  4.713987e-001  0.000000e+000
    outer loop
      vertex -1.946010e+001 -2.267779e+001  1.000000e+001
      vertex -1.937231e+001 -2.251355e+001  2.000000e+001
      vertex -1.937231e+001 -2.251355e+001  1.000000e+001
    endloop
  endfacet
  facet normal -9.569409e-001  2.902828e-001  0.000000e+000
    outer loop
      vertex -1.937231e+001 -2.251355e+001  1.000000e+001
      vertex -1.937231e+001 -2.251355e+001  2.000000e+001
      vertex -1.931825e+001 -2.233534e+001  2.000000e+001
    endloop
  endfacet
  facet normal -9.569409e-001  2.902828e-001  0.000000e+000
    outer loop
      vertex -1.937231e+001 -2.251355e+001  1.000000e+001
      vertex -1.931825e+001 -2.233534e+001  2.000000e+001
      vertex -1.931825e+001 -2.233534e+001  1.000000e+001
    endloop
  endfacet
  facet normal -9.951842e-001  9.802313e-002  0.000000e+000
    outer loop
      vertex -1.931825e+001 -2.233534e+001  1.000000e+001
      vertex -1.931825e+001 -2.233534e+001  2.000000e+001
      vertex -1.930000e+001 -2.215000e+001  2.000000e+001
    endloop
  endfacet
  facet normal -9.951842e-001  9.802313e-002  0.000000e+000
    outer loop
      vertex -1.931825e+001 -2.233534e+001  1.000000e+001
      vertex -1.930000e+001 -2.215000e+001  2.000000e+001
      vertex -1.930000e+001 -2.215000e+001  1.000000e+001
    endloop
  endfacet
  facet normal -9.802412e-002  9.951839e-001  0.000000e+000
    outer loop
      vertex -2.006466e+001 -2.308175e+001  2.000000e+001
      vertex -2.025000e+001 -2.310000e+001  1.000000e+001
      vertex -2.025000e+001 -2.310000e+001  2.000000e+001
    endloop
  endfacet
  facet normal  9.802412e-002  9.951839e-001  0.000000e+000
    outer loop
      vertex -2.025000e+001 -2.310000e+001  2.000000e+001
      vertex -2.025000e+001 -2.310000e+001  1.000000e+001
      vertex -2.043534e+001 -2.308175e+001  1.000000e+001
    endloop
  endfacet
  facet normal  9.802412e-002  9.951839e-001  -0.000000e+000
    outer loop
      vertex -2.025000e+001 -2.310000e+001  2.000000e+001
      vertex -2.043534e+001 -2.308175e+001  1.000000e+001
      vertex -2.043534e+001 -2.308175e+001  2.000000e+001
    endloop
  endfacet
  facet normal  2.902800e-001  9.569418e-001  0.000000e+000
    outer loop
      vertex -2.043534e+001 -2.308175e+001  2.000000e+001
      vertex -2.043534e+001 -2.308175e+001  1.000000e+001
      vertex -2.061355e+001 -2.302769e+001  1.000000e+001
    endloop
  endfacet
  facet normal  2.902800e-001  9.569418e-001  -0.000000e+000
    outer loop
      vertex -2.043534e+001 -2.308175e+001  2.000000e+001
      vertex -2.061355e+001 -2.302769e+001  1.000000e+001
      vertex -2.061355e+001 -2.302769e+001  2.000000e+001
    endloop
  endfacet
  facet normal  4.713987e-001  8.819203e-001  0.000000e+000
    outer loop
      vertex -2.061355e+001 -2.302769e+001  2.000000e+001
      vertex -2.061355e+001 -2.302769e+001  1.000000e+001
      vertex -2.077779e+001 -2.293990e+001  1.000000e+001
    endloop
  endfacet
  facet normal  4.713987e-001  8.819203e-001  -0.000000e+000
    outer loop
      vertex -2.061355e+001 -2.302769e+001  2.000000e+001
      vertex -2.077779e+001 -2.293990e+001  1.000000e+001
      vertex -2.077779e+001 -2.293990e+001  2.000000e+001
    endloop
  endfacet
  facet normal  6.343961e-001  7.730082e-001  0.000000e+000
    outer loop
      vertex -2.077779e+001 -2.293990e+001  2.000000e+001
      vertex -2.077779e+001 -2.293990e+001  1.000000e+001
      vertex -2.092175e+001 -2.282175e+001  1.000000e+001
    endloop
  endfacet
  facet normal  6.343961e-001  7.730082e-001  -0.000000e+000
    outer loop
      vertex -2.077779e+001 -2.293990e+001  2.000000e+001
      vertex -2.092175e+001 -2.282175e+001  1.000000e+001
      vertex -2.092175e+001 -2.282175e+001  2.000000e+001
    endloop
  endfacet
  facet normal  7.730082e-001  6.343961e-001  0.000000e+000
    outer loop
      vertex -2.092175e+001 -2.282175e+001  2.000000e+001
      vertex -2.092175e+001 -2.282175e+001  1.000000e+001
      vertex -2.103990e+001 -2.267779e+001  1.000000e+001
    endloop
  endfacet
  facet normal  7.730082e-001  6.343961e-001  -0.000000e+000
    outer loop
      vertex -2.092175e+001 -2.282175e+001  2.000000e+001
      vertex -2.103990e+001 -2.267779e+001  1.000000e+001
      vertex -2.103990e+001 -2.267779e+001  2.000000e+001
    endloop
  endfacet
  facet normal  8.819203e-001  4.713987e-001  0.000000e+000
    outer loop
      vertex -2.103990e+001 -2.267779e+001  2.000000e+001
      vertex -2.103990e+001 -2.267779e+001  1.000000e+001
      vertex -2.112769e+001 -2.251355e+001  1.000000e+001
    endloop
  endfacet
  facet normal  8.819203e-001  4.713987e-001  -0.000000e+000
    outer loop
      vertex -2.103990e+001 -2.267779e+001  2.000000e+001
      vertex -2.112769e+001 -2.251355e+001  1.000000e+001
      vertex -2.112769e+001 -2.251355e+001  2.000000e+001
    endloop
  endfacet
  facet normal  9.569409e-001  2.902828e-001  0.000000e+000
    outer loop
      vertex -2.112769e+001 -2.251355e+001  2.000000e+001
      vertex -2.112769e+001 -2.251355e+001  1.000000e+001
      vertex -2.118175e+001 -2.233534e+001  1.000000e+001
    endloop
  endfacet
  facet normal  9.569409e-001  2.902828e-001  -0.000000e+000
    outer loop
      vertex -2.112769e+001 -2.251355e+001  2.000000e+001
      vertex -2.118175e+001 -2.233534e+001  1.000000e+001
      vertex -2.118175e+001 -2.233534e+001  2.000000e+001
    endloop
  endfacet
  facet normal  9.951842e-001  9.802313e-002  0.000000e+000
    outer loop
      vertex -2.118175e+001 -2.233534e+001  2.000000e+001
      vertex -2.118175e+001 -2.233534e+001  1.000000e+001
      vertex -2.120000e+001 -2.215000e+001  1.000000e+001
    endloop
  endfacet
  facet normal  9.951842e-001  9.802313e-002  -0.000000e+000
    outer loop
      vertex -2.118175e+001 -2.233534e+001  2.000000e+001
      vertex -2.120000e+001 -2.215000e+001  1.000000e+001
      vertex -2.120000e+001 -2.215000e+001  2.000000e+001
    endloop
  endfacet
  facet normal  9.801397e-002 -9.951850e-001  0.000000e+000
    outer loop
      vertex -2.025000e+001 -2.120000e+001  1.000000e+001
      vertex -2.043534e+001 -2.121825e+001  2.000000e+001
      vertex -2.043534e+001 -2.121825e+001  1.000000e+001
    endloop
  endfacet
  facet normal  2.902800e-001 -9.569418e-001  0.000000e+000
    outer loop
      vertex -2.043534e+001 -2.121825e+001  1.000000e+001
      vertex -2.043534e+001 -2.121825e+001  2.000000e+001
      vertex -2.061355e+001 -2.127231e+001  2.000000e+001
    endloop
  endfacet
  facet normal  2.902800e-001 -9.569418e-001  0.000000e+000
    outer loop
      vertex -2.043534e+001 -2.121825e+001  1.000000e+001
      vertex -2.061355e+001 -2.127231e+001  2.000000e+001
      vertex -2.061355e+001 -2.127231e+001  1.000000e+001
    endloop
  endfacet
  facet normal  4.713987e-001 -8.819203e-001  0.000000e+000
    outer loop
      vertex -2.061355e+001 -2.127231e+001  1.000000e+001
      vertex -2.061355e+001 -2.127231e+001  2.000000e+001
      vertex -2.077779e+001 -2.136010e+001  2.000000e+001
    endloop
  endfacet
  facet normal  4.713987e-001 -8.819203e-001  0.000000e+000
    outer loop
      vertex -2.061355e+001 -2.127231e+001  1.000000e+001
      vertex -2.077779e+001 -2.136010e+001  2.000000e+001
      vertex -2.077779e+001 -2.136010e+001  1.000000e+001
    endloop
  endfacet
  facet normal  6.343961e-001 -7.730082e-001  0.000000e+000
    outer loop
      vertex -2.077779e+001 -2.136010e+001  1.000000e+001
      vertex -2.077779e+001 -2.136010e+001  2.000000e+001
      vertex -2.092175e+001 -2.147825e+001  2.000000e+001
    endloop
  endfacet
  facet normal  6.343961e-001 -7.730082e-001  0.000000e+000
    outer loop
      vertex -2.077779e+001 -2.136010e+001  1.000000e+001
      vertex -2.092175e+001 -2.147825e+001  2.000000e+001
      vertex -2.092175e+001 -2.147825e+001  1.000000e+001
    endloop
  endfacet
  facet normal  7.730082e-001 -6.343961e-001  0.000000e+000
    outer loop
      vertex -2.092175e+001 -2.147825e+001  1.000000e+001
      vertex -2.092175e+001 -2.147825e+001  2.000000e+001
      vertex -2.103990e+001 -2.162221e+001  2.000000e+001
    endloop
  endfacet
  facet normal  7.730082e-001 -6.343961e-001  0.000000e+000
    outer loop
      vertex -2.092175e+001 -2.147825e+001  1.000000e+001
      vertex -2.103990e+001 -2.162221e+001  2.000000e+001
      vertex -2.103990e+001 -2.162221e+001  1.000000e+001
    endloop
  endfacet
  facet normal  8.819225e-001 -4.713944e-001  0.000000e+000
    outer loop
      vertex -2.103990e+001 -2.162221e+001  1.000000e+001
      vertex -2.103990e+001 -2.162221e+001  2.000000e+001
      vertex -2.112769e+001 -2.178645e+001  2.000000e+001
    endloop
  endfacet
  facet normal  8.819225e-001 -4.713944e-001  0.000000e+000
    outer loop
      vertex -2.103990e+001 -2.162221e+001  1.000000e+001
      vertex -2.112769e+001 -2.178645e+001  2.000000e+001
      vertex -2.112769e+001 -2.178645e+001  1.000000e+001
    endloop
  endfacet
  facet normal  9.569409e-001 -2.902828e-001  0.000000e+000
    outer loop
      vertex -2.112769e+001 -2.178645e+001  1.000000e+001
      vertex -2.112769e+001 -2.178645e+001  2.000000e+001
      vertex -2.118175e+001 -2.196466e+001  2.000000e+001
    endloop
  endfacet
  facet normal  9.569409e-001 -2.902828e-001  0.000000e+000
    outer loop
      vertex -2.112769e+001 -2.178645e+001  1.000000e+001
      vertex -2.118175e+001 -2.196466e+001  2.000000e+001
      vertex -2.118175e+001 -2.196466e+001  1.000000e+001
    endloop
  endfacet
  facet normal  9.951839e-001 -9.802412e-002  0.000000e+000
    outer loop
      vertex -2.118175e+001 -2.196466e+001  1.000000e+001
      vertex -2.118175e+001 -2.196466e+001  2.000000e+001
      vertex -2.120000e+001 -2.215000e+001  2.000000e+001
    endloop
  endfacet
  facet normal  9.951839e-001 -9.802412e-002  0.000000e+000
    outer loop
      vertex -2.118175e+001 -2.196466e+001  1.000000e+001
      vertex -2.120000e+001 -2.215000e+001  2.000000e+001
      vertex -2.120000e+001 -2.215000e+001  1.000000e+001
    endloop
  endfacet
  facet normal  9.801397e-002 -9.951850e-001  0.000000e+000
    outer loop
      vertex -2.043534e+001 -2.121825e+001  2.000000e+001
      vertex -2.025000e+001 -2.120000e+001  1.000000e+001
      vertex -2.025000e+001 -2.120000e+001  2.000000e+001
    endloop
  endfacet
  facet normal -9.801397e-002 -9.951850e-001  -0.000000e+000
    outer loop
      vertex -2.025000e+001 -2.120000e+001  2.000000e+001
      vertex -2.025000e+001 -2.120000e+001  1.000000e+001
      vertex -2.006466e+001 -2.121825e+001  1.000000e+001
    endloop
  endfacet
  facet normal -9.801397e-002 -9.951850e-001  0.000000e+000
    outer loop
      vertex -2.025000e+001 -2.120000e+001  2.000000e+001
      vertex -2.006466e+001 -2.121825e+001  1.000000e+001
      vertex -2.006466e+001 -2.121825e+001  2.000000e+001
    endloop
  endfacet
  facet normal -2.902800e-001 -9.569418e-001  -0.000000e+000
    outer loop
      vertex -2.006466e+001 -2.121825e+001  2.000000e+001
      vertex -2.006466e+001 -2.121825e+001  1.000000e+001
      vertex -1.988645e+001 -2.127231e+001  1.000000e+001
    endloop
  endfacet
  facet normal -2.902800e-001 -9.569418e-001  0.000000e+000
    outer loop
      vertex -2.006466e+001 -2.121825e+001  2.000000e+001
      vertex -1.988645e+001 -2.127231e+001  1.000000e+001
      vertex -1.988645e+001 -2.127231e+001  2.000000e+001
    endloop
  endfacet
  facet normal -4.713987e-001 -8.819203e-001  -0.000000e+000
    outer loop
      vertex -1.988645e+001 -2.127231e+001  2.000000e+001
      vertex -1.988645e+001 -2.127231e+001  1.000000e+001
      vertex -1.972221e+001 -2.136010e+001  1.000000e+001
    endloop
  endfacet
  facet normal -4.713987e-001 -8.819203e-001  0.000000e+000
    outer loop
      vertex -1.988645e+001 -2.127231e+001  2.000000e+001
      vertex -1.972221e+001 -2.136010e+001  1.000000e+001
      vertex -1.972221e+001 -2.136010e+001  2.000000e+001
    endloop
  endfacet
  facet normal -6.343961e-001 -7.730082e-001  -0.000000e+000
    outer loop
      vertex -1.972221e+001 -2.136010e+001  2.000000e+001
      vertex -1.972221e+001 -2.136010e+001  1.000000e+001
      vertex -1.957825e+001 -2.147825e+001  1.000000e+001
    endloop
  endfacet
  facet normal -6.343961e-001 -7.730082e-001  0.000000e+000
    outer loop
      vertex -1.972221e+001 -2.136010e+001  2.000000e+001
      vertex -1.957825e+001 -2.147825e+001  1.000000e+001
      vertex -1.957825e+001 -2.147825e+001  2.000000e+001
    endloop
  endfacet
  facet normal -7.730082e-001 -6.343961e-001  -0.000000e+000
    outer loop
      vertex -1.957825e+001 -2.147825e+001  2.000000e+001
      vertex -1.957825e+001 -2.147825e+001  1.000000e+001
      vertex -1.946010e+001 -2.162221e+001  1.000000e+001
    endloop
  endfacet
  facet normal -7.730082e-001 -6.343961e-001  0.000000e+000
    outer loop
      vertex -1.957825e+001 -2.147825e+001  2.000000e+001
      vertex -1.946010e+001 -2.162221e+001  1.000000e+001
      vertex -1.946010e+001 -2.162221e+001  2.000000e+001
    endloop
  endfacet
  facet normal -8.819225e-001 -4.713944e-001  -0.000000e+000
    outer loop
      vertex -1.946010e+001 -2.162221e+001  2.000000e+001
      vertex -1.946010e+001 -2.162221e+001  1.000000e+001
      vertex -1.937231e+001 -2.178645e+001  1.000000e+001
    endloop
  endfacet
  facet normal -8.819225e-001 -4.713944e-001  0.000000e+000
    outer loop
      vertex -1.946010e+001 -2.162221e+001  2.000000e+001
      vertex -1.937231e+001 -2.178645e+001  1.000000e+001
      vertex -1.937231e+001 -2.178645e+001  2.000000e+001
    endloop
  endfacet
  facet normal -9.569409e-001 -2.902828e-001  -0.000000e+000
    outer loop
      vertex -1.937231e+001 -2.178645e+001  2.000000e+001
      vertex -1.937231e+001 -2.178645e+001  1.000000e+001
      vertex -1.931825e+001 -2.196466e+001  1.000000e+001
    endloop
  endfacet
  facet normal -9.569409e-001 -2.902828e-001  0.000000e+000
    outer loop
      vertex -1.937231e+001 -2.178645e+001  2.000000e+001
      vertex -1.931825e+001 -2.196466e+001  1.000000e+001
      vertex -1.931825e+001 -2.196466e+001  2.000000e+001
    endloop
  endfacet
  facet normal -9.951839e-001 -9.802412e-002  -0.000000e+000
    outer loop
      vertex -1.931825e+001 -2.196466e+001  2.000000e+001
      vertex -1.931825e+001 -2.196466e+001  1.000000e+001
      vertex -1.930000e+001 -2.215000e+001  1.000000e+001
    endloop
  endfacet
  facet normal -9.951839e-001 -9.802412e-002  0.000000e+000
    outer loop
      vertex -1.931825e+001 -2.196466e+001  2.000000e+001
      vertex -1.930000e+001 -2.215000e+001  1.000000e+001
      vertex -1.930000e+001 -2.215000e+001  2.000000e+001
    endloop
  endfacet
  facet normal  9.801397e-002 -9.951850e-001  0.000000e+000
    outer loop
      vertex  2.025000e+001 -2.120000e+001  1.000000e+001
      vertex  2.006466e+001 -2.121825e+001  2.000000e+001
      vertex  2.006466e+001 -2.121825e+001  1.000000e+001
    endloop
  endfacet
  facet normal  2.902800e-001 -9.569418e-001  0.000000e+000
    outer loop
      vertex  2.006466e+001 -2.121825e+001  1.000000e+001
      vertex  2.006466e+001 -2.121825e+001  2.000000e+001
      vertex  1.988645e+001 -2.127231e+001  2.000000e+001
    endloop
  endfacet
  facet normal  2.902800e-001 -9.569418e-001  0.000000e+000
    outer loop
      vertex  2.006466e+001 -2.121825e+001  1.000000e+001
      vertex  1.988645e+001 -2.127231e+001  2.000000e+001
      vertex  1.988645e+001 -2.127231e+001  1.000000e+001
    endloop
  endfacet
  facet normal  4.713987e-001 -8.819203e-001  0.000000e+000
    outer loop
      vertex  1.988645e+001 -2.127231e+001  1.000000e+001
      vertex  1.988645e+001 -2.127231e+001  2.000000e+001
      vertex  1.972221e+001 -2.136010e+001  2.000000e+001
    endloop
  endfacet
  facet normal  4.713987e-001 -8.819203e-001  0.000000e+000
    outer loop
      vertex  1.988645e+001 -2.127231e+001  1.000000e+001
      vertex  1.972221e+001 -2.136010e+001  2.000000e+001
      vertex  1.972221e+001 -2.136010e+001  1.000000e+001
    endloop
  endfacet
  facet normal  6.343961e-001 -7.730082e-001  0.000000e+000
    outer loop
      vertex  1.972221e+001 -2.136010e+001  1.000000e+001
      vertex  1.972221e+001 -2.136010e+001  2.000000e+001
      vertex  1.957825e+001 -2.147825e+001  2.000000e+001
    endloop
  endfacet
  facet normal  6.343961e-001 -7.730082e-001  0.000000e+000
    outer loop
      vertex  1.972221e+001 -2.136010e+001  1.000000e+001
      vertex  1.957825e+001 -2.147825e+001  2.000000e+001
      vertex  1.957825e+001 -2.147825e+001  1.000000e+001
    endloop
  endfacet
  facet normal  7.730082e-001 -6.343961e-001  0.000000e+000
    outer loop
      vertex  1.957825e+001 -2.147825e+001  1.000000e+001
      vertex  1.957825e+001 -2.147825e+001  2.000000e+001
      vertex  1.946010e+001 -2.162221e+001  2.000000e+001
    endloop
  endfacet
  facet normal  7.730082e-001 -6.343961e-001  0.000000e+000
    outer loop
      vertex  1.957825e+001 -2.147825e+001  1.000000e+001
      vertex  1.946010e+001 -2.162221e+001  2.000000e+001
      vertex  1.946010e+001 -2.162221e+001  1.000000e+001
    endloop
  endfacet
  facet normal  8.819225e-001 -4.713944e-001  0.000000e+000
    outer loop
      vertex  1.946010e+001 -2.162221e+001  1.000000e+001
      vertex  1.946010e+001 -2.162221e+001  2.000000e+001
      vertex  1.937231e+001 -2.178645e+001  2.000000e+001
    endloop
  endfacet
  facet normal  8.819225e-001 -4.713944e-001  0.000000e+000
    outer loop
      vertex  1.946010e+001 -2.162221e+001  1.000000e+001
      vertex  1.937231e+001 -2.178645e+001  2.000000e+001
      vertex  1.937231e+001 -2.178645e+001  1.000000e+001
    endloop
  endfacet
  facet normal  9.569409e-001 -2.902828e-001  0.000000e+000
    outer loop
      vertex  1.937231e+001 -2.178645e+001  1.000000e+001
      vertex  1.937231e+001 -2.178645e+001  2.000000e+001
      vertex  1.931825e+001 -2.196466e+001  2.000000e+001
    endloop
  endfacet
  facet normal  9.569409e-001 -2.902828e-001  0.000000e+000
    outer loop
      vertex  1.937231e+001 -2.178645e+001  1.000000e+001
      vertex  1.931825e+001 -2.196466e+001  2.000000e+001
      vertex  1.931825e+001 -2.196466e+001  1.000000e+001
    endloop
  endfacet
  facet normal  9.951839e-001 -9.802412e-002  0.000000e+000
    outer loop
      vertex  1.931825e+001 -2.196466e+001  1.000000e+001
      vertex  1.931825e+001 -2.196466e+001  2.000000e+001
      vertex  1.930000e+001 -2.215000e+001  2.000000e+001
    endloop
  endfacet
  facet normal  9.951839e-001 -9.802412e-002  0.000000e+000
    outer loop
      vertex  1.931825e+001 -2.196466e+001  1.000000e+001
      vertex  1.930000e+001 -2.215000e+001  2.000000e+001
      vertex  1.930000e+001 -2.215000e+001  1.000000e+001
    endloop
  endfacet
  facet normal  9.801397e-002 -9.951850e-001  0.000000e+000
    outer loop
      vertex  2.006466e+001 -2.121825e+001  2.000000e+001
      vertex  2.025000e+001 -2.120000e+001  1.000000e+001
      vertex  2.025000e+001 -2.120000e+001  2.000000e+001
    endloop
  endfacet
  facet normal -9.801397e-002 -9.951850e-001  -0.000000e+000
    outer loop
      vertex  2.025000e+001 -2.120000e+001  2.000000e+001
      vertex  2.025000e+001 -2.120000e+001  1.000000e+001
      vertex  2.043534e+001 -2.121825e+001  1.000000e+001
    endloop
  endfacet
  facet normal -9.801397e-002 -9.951850e-001  0.000000e+000
    outer loop
      vertex  2.025000e+001 -2.120000e+001  2.000000e+001
      vertex  2.043534e+001 -2.121825e+001  1.000000e+001
      vertex  2.043534e+001 -2.121825e+001  2.000000e+001
    endloop
  endfacet
  facet normal -2.902800e-001 -9.569418e-001  -0.000000e+000
    outer loop
      vertex  2.043534e+001 -2.121825e+001  2.000000e+001
      vertex  2.043534e+001 -2.121825e+001  1.000000e+001
      vertex  2.061355e+001 -2.127231e+001  1.000000e+001
    endloop
  endfacet
  facet normal -2.902800e-001 -9.569418e-001  0.000000e+000
    outer loop
      vertex  2.043534e+001 -2.121825e+001  2.000000e+001
      vertex  2.061355e+001 -2.127231e+001  1.000000e+001
      vertex  2.061355e+001 -2.127231e+001  2.000000e+001
    endloop
  endfacet
  facet normal -4.713987e-001 -8.819203e-001  -0.000000e+000
    outer loop
      vertex  2.061355e+001 -2.127231e+001  2.000000e+001
      vertex  2.061355e+001 -2.127231e+001  1.000000e+001
      vertex  2.077779e+001 -2.136010e+001  1.000000e+001
    endloop
  endfacet
  facet normal -4.713987e-001 -8.819203e-001  0.000000e+000
    outer loop
      vertex  2.061355e+001 -2.127231e+001  2.000000e+001
      vertex  2.077779e+001 -2.136010e+001  1.000000e+001
      vertex  2.077779e+001 -2.136010e+001  2.000000e+001
    endloop
  endfacet
  facet normal -6.343961e-001 -7.730082e-001  -0.000000e+000
    outer loop
      vertex  2.077779e+001 -2.136010e+001  2.000000e+001
      vertex  2.077779e+001 -2.136010e+001  1.000000e+001
      vertex  2.092175e+001 -2.147825e+001  1.000000e+001
    endloop
  endfacet
  facet normal -6.343961e-001 -7.730082e-001  0.000000e+000
    outer loop
      vertex  2.077779e+001 -2.136010e+001  2.000000e+001
      vertex  2.092175e+001 -2.147825e+001  1.000000e+001
      vertex  2.092175e+001 -2.147825e+001  2.000000e+001
    endloop
  endfacet
  facet normal -7.730082e-001 -6.343961e-001  -0.000000e+000
    outer loop
      vertex  2.092175e+001 -2.147825e+001  2.000000e+001
      vertex  2.092175e+001 -2.147825e+001  1.000000e+001
      vertex  2.103990e+001 -2.162221e+001  1.000000e+001
    endloop
  endfacet
  facet normal -7.730082e-001 -6.343961e-001  0.000000e+000
    outer loop
      vertex  2.092175e+001 -2.147825e+001  2.000000e+001
      vertex  2.103990e+001 -2.162221e+001  1.000000e+001
      vertex  2.103990e+001 -2.162221e+001  2.000000e+001
    endloop
  endfacet
  facet normal -8.819225e-001 -4.713944e-001  -0.000000e+000
    outer loop
      vertex  2.103990e+001 -2.162221e+001  2.000000e+001
      vertex  2.103990e+001 -2.162221e+001  1.000000e+001
      vertex  2.112769e+001 -2.178645e+001  1.000000e+001
    endloop
  endfacet
  facet normal -8.819225e-001 -4.713944e-001  0.000000e+000
    outer loop
      vertex  2.103990e+001 -2.162221e+001  2.000000e+001
      vertex  2.112769e+001 -2.178645e+001  1.000000e+001
      vertex  2.112769e+001 -2.178645e+001  2.000000e+001
    endloop
  endfacet
  facet normal -9.569409e-001 -2.902828e-001  -0.000000e+000
    outer loop
      vertex  2.112769e+001 -2.178645e+001  2.000000e+001
      vertex  2.112769e+001 -2.178645e+001  1.000000e+001
      vertex  2.118175e+001 -2.196466e+001  1.000000e+001
    endloop
  endfacet
  facet normal -9.569409e-001 -2.902828e-001  0.000000e+000
    outer loop
      vertex  2.112769e+001 -2.178645e+001  2.000000e+001
      vertex  2.118175e+001 -2.196466e+001  1.000000e+001
      vertex  2.118175e+001 -2.196466e+001  2.000000e+001
    endloop
  endfacet
  facet normal -9.951839e-001 -9.802412e-002  -0.000000e+000
    outer loop
      vertex  2.118175e+001 -2.196466e+001  2.000000e+001
      vertex  2.118175e+001 -2.196466e+001  1.000000e+001
      vertex  2.120000e+001 -2.215000e+001  1.000000e+001
    endloop
  endfacet
  facet normal -9.951839e-001 -9.802412e-002  0.000000e+000
    outer loop
      vertex  2.118175e+001 -2.196466e+001  2.000000e+001
      vertex  2.120000e+001 -2.215000e+001  1.000000e+001
      vertex  2.120000e+001 -2.215000e+001  2.000000e+001
    endloop
  endfacet
  facet normal -9.802412e-002  9.951839e-001  0.000000e+000
    outer loop
      vertex  2.025000e+001 -2.310000e+001  1.000000e+001
      vertex  2.043534e+001 -2.308175e+001  2.000000e+001
      vertex  2.043534e+001 -2.308175e+001  1.000000e+001
    endloop
  endfacet
  facet normal -2.902800e-001  9.569418e-001  0.000000e+000
    outer loop
      vertex  2.043534e+001 -2.308175e+001  1.000000e+001
      vertex  2.043534e+001 -2.308175e+001  2.000000e+001
      vertex  2.061355e+001 -2.302769e+001  2.000000e+001
    endloop
  endfacet
  facet normal -2.902800e-001  9.569418e-001  0.000000e+000
    outer loop
      vertex  2.043534e+001 -2.308175e+001  1.000000e+001
      vertex  2.061355e+001 -2.302769e+001  2.000000e+001
      vertex  2.061355e+001 -2.302769e+001  1.000000e+001
    endloop
  endfacet
  facet normal -4.713987e-001  8.819203e-001  0.000000e+000
    outer loop
      vertex  2.061355e+001 -2.302769e+001  1.000000e+001
      vertex  2.061355e+001 -2.302769e+001  2.000000e+001
      vertex  2.077779e+001 -2.293990e+001  2.000000e+001
    endloop
  endfacet
  facet normal -4.713987e-001  8.819203e-001  0.000000e+000
    outer loop
      vertex  2.061355e+001 -2.302769e+001  1.000000e+001
      vertex  2.077779e+001 -2.293990e+001  2.000000e+001
      vertex  2.077779e+001 -2.293990e+001  1.000000e+001
    endloop
  endfacet
  facet normal -6.343961e-001  7.730082e-001  0.000000e+000
    outer loop
      vertex  2.077779e+001 -2.293990e+001  1.000000e+001
      vertex  2.077779e+001 -2.293990e+001  2.000000e+001
      vertex  2.092175e+001 -2.282175e+001  2.000000e+001
    endloop
  endfacet
  facet normal -6.343961e-001  7.730082e-001  0.000000e+000
    outer loop
      vertex  2.077779e+001 -2.293990e+001  1.000000e+001
      vertex  2.092175e+001 -2.282175e+001  2.000000e+001
      vertex  2.092175e+001 -2.282175e+001  1.000000e+001
    endloop
  endfacet
  facet normal -7.730082e-001  6.343961e-001  0.000000e+000
    outer loop
      vertex  2.092175e+001 -2.282175e+001  1.000000e+001
      vertex  2.092175e+001 -2.282175e+001  2.000000e+001
      vertex  2.103990e+001 -2.267779e+001  2.000000e+001
    endloop
  endfacet
  facet normal -7.730082e-001  6.343961e-001  0.000000e+000
    outer loop
      vertex  2.092175e+001 -2.282175e+001  1.000000e+001
      vertex  2.103990e+001 -2.267779e+001  2.000000e+001
      vertex  2.103990e+001 -2.267779e+001  1.000000e+001
    endloop
  endfacet
  facet normal -8.819203e-001  4.713987e-001  0.000000e+000
    outer loop
      vertex  2.103990e+001 -2.267779e+001  1.000000e+001
      vertex  2.103990e+001 -2.267779e+001  2.000000e+001
      vertex  2.112769e+001 -2.251355e+001  2.000000e+001
    endloop
  endfacet
  facet normal -8.819203e-001  4.713987e-001  0.000000e+000
    outer loop
      vertex  2.103990e+001 -2.267779e+001  1.000000e+001
      vertex  2.112769e+001 -2.251355e+001  2.000000e+001
      vertex  2.112769e+001 -2.251355e+001  1.000000e+001
    endloop
  endfacet
  facet normal -9.569409e-001  2.902828e-001  0.000000e+000
    outer loop
      vertex  2.112769e+001 -2.251355e+001  1.000000e+001
      vertex  2.112769e+001 -2.251355e+001  2.000000e+001
      vertex  2.118175e+001 -2.233534e+001  2.000000e+001
    endloop
  endfacet
  facet normal -9.569409e-001  2.902828e-001  0.000000e+000
    outer loop
      vertex  2.112769e+001 -2.251355e+001  1.000000e+001
      vertex  2.118175e+001 -2.233534e+001  2.000000e+001
      vertex  2.118175e+001 -2.233534e+001  1.000000e+001
    endloop
  endfacet
  facet normal -9.951842e-001  9.802313e-002  0.000000e+000
    outer loop
      vertex  2.118175e+001 -2.233534e+001  1.000000e+001
      vertex  2.118175e+001 -2.233534e+001  2.000000e+001
      vertex  2.120000e+001 -2.215000e+001  2.000000e+001
    endloop
  endfacet
  facet normal -9.951842e-001  9.802313e-002  0.000000e+000
    outer loop
      vertex  2.118175e+001 -2.233534e+001  1.000000e+001
      vertex  2.120000e+001 -2.215000e+001  2.000000e+001
      vertex  2.120000e+001 -2.215000e+001  1.000000e+001
    endloop
  endfacet
  facet normal -9.802412e-002  9.951839e-001  0.000000e+000
    outer loop
      vertex  2.043534e+001 -2.308175e+001  2.000000e+001
      vertex  2.025000e+001 -2.310000e+001  1.000000e+001
      vertex  2.025000e+001 -2.310000e+001  2.000000e+001
    endloop
  endfacet
  facet normal  9.802412e-002  9.951839e-001  0.000000e+000
    outer loop
      vertex  2.025000e+001 -2.310000e+001  2.000000e+001
      vertex  2.025000e+001 -2.310000e+001  1.000000e+001
      vertex  2.006466e+001 -2.308175e+001  1.000000e+001
    endloop
  endfacet
  facet normal  9.802412e-002  9.951839e-001  -0.000000e+000
    outer loop
      vertex  2.025000e+001 -2.310000e+001  2.000000e+001
      vertex  2.006466e+001 -2.308175e+001  1.000000e+001
      vertex  2.006466e+001 -2.308175e+001  2.000000e+001
    endloop
  endfacet
  facet normal  2.902800e-001  9.569418e-001  0.000000e+000
    outer loop
      vertex  2.006466e+001 -2.308175e+001  2.000000e+001
      vertex  2.006466e+001 -2.308175e+001  1.000000e+001
      vertex  1.988645e+001 -2.302769e+001  1.000000e+001
    endloop
  endfacet
  facet normal  2.902800e-001  9.569418e-001  -0.000000e+000
    outer loop
      vertex  2.006466e+001 -2.308175e+001  2.000000e+001
      vertex  1.988645e+001 -2.302769e+001  1.000000e+001
      vertex  1.988645e+001 -2.302769e+001  2.000000e+001
    endloop
  endfacet
  facet normal  4.713987e-001  8.819203e-001  0.000000e+000
    outer loop
      vertex  1.988645e+001 -2.302769e+001  2.000000e+001
      vertex  1.988645e+001 -2.302769e+001  1.000000e+001
      vertex  1.972221e+001 -2.293990e+001  1.000000e+001
    endloop
  endfacet
  facet normal  4.713987e-001  8.819203e-001  -0.000000e+000
    outer loop
      vertex  1.988645e+001 -2.302769e+001  2.000000e+001
      vertex  1.972221e+001 -2.293990e+001  1.000000e+001
      vertex  1.972221e+001 -2.293990e+001  2.000000e+001
    endloop
  endfacet
  facet normal  6.343961e-001  7.730082e-001  0.000000e+000
    outer loop
      vertex  1.972221e+001 -2.293990e+001  2.000000e+001
      vertex  1.972221e+001 -2.293990e+001  1.000000e+001
      vertex  1.957825e+001 -2.282175e+001  1.000000e+001
    endloop
  endfacet
  facet normal  6.343961e-001  7.730082e-001  -0.000000e+000
    outer loop
      vertex  1.972221e+001 -2.293990e+001  2.000000e+001
      vertex  1.957825e+001 -2.282175e+001  1.000000e+001
      vertex  1.957825e+001 -2.282175e+001  2.000000e+001
    endloop
  endfacet
  facet normal  7.730082e-001  6.343961e-001  0.000000e+000
    outer loop
      vertex  1.957825e+001 -2.282175e+001  2.000000e+001
      vertex  1.957825e+001 -2.282175e+001  1.000000e+001
      vertex  1.946010e+001 -2.267779e+001  1.000000e+001
    endloop
  endfacet
  facet normal  7.730082e-001  6.343961e-001  -0.000000e+000
    outer loop
      vertex  1.957825e+001 -2.282175e+001  2.000000e+001
      vertex  1.946010e+001 -2.267779e+001  1.000000e+001
      vertex  1.946010e+001 -2.267779e+001  2.000000e+001
    endloop
  endfacet
  facet normal  8.819203e-001  4.713987e-001  0.000000e+000
    outer loop
      vertex  1.946010e+001 -2.267779e+001  2.000000e+001
      vertex  1.946010e+001 -2.267779e+001  1.000000e+001
      vertex  1.937231e+001 -2.251355e+001  1.000000e+001
    endloop
  endfacet
  facet normal  8.819203e-001  4.713987e-001  -0.000000e+000
    outer loop
      vertex  1.946010e+001 -2.267779e+001  2.000000e+001
      vertex  1.937231e+001 -2.251355e+001  1.000000e+001
      vertex  1.937231e+001 -2.251355e+001  2.000000e+001
    endloop
  endfacet
  facet normal  9.569409e-001  2.902828e-001  0.000000e+000
    outer loop
      vertex  1.937231e+001 -2.251355e+001  2.000000e+001
      vertex  1.937231e+001 -2.251355e+001  1.000000e+001
      vertex  1.931825e+001 -2.233534e+001  1.000000e+001
    endloop
  endfacet
  facet normal  9.569409e-001  2.902828e-001  -0.000000e+000
    outer loop
      vertex  1.937231e+001 -2.251355e+001  2.000000e+001
      vertex  1.931825e+001 -2.233534e+001  1.000000e+001
      vertex  1.931825e+001 -2.233534e+001  2.000000e+001
    endloop
  endfacet
  facet normal  9.951842e-001  9.802313e-002  0.000000e+000
    outer loop
      vertex  1.931825e+001 -2.233534e+001  2.000000e+001
      vertex  1.931825e+001 -2.233534e+001  1.000000e+001
      vertex  1.930000e+001 -2.215000e+001  1.000000e+001
    endloop
  endfacet
  facet normal  9.951842e-001  9.802313e-002  -0.000000e+000
    outer loop
      vertex  1.931825e+001 -2.233534e+001  2.000000e+001
      vertex  1.930000e+001 -2.215000e+001  1.000000e+001
      vertex  1.930000e+001 -2.215000e+001  2.000000e+001
    endloop
  endfacet
  facet normal  9.802412e-002 -9.951839e-001  0.000000e+000
    outer loop
      vertex  2.025000e+001  2.310000e+001  1.000000e+001
      vertex  2.006466e+001  2.308175e+001  2.000000e+001
      vertex  2.006466e+001  2.308175e+001  1.000000e+001
    endloop
  endfacet
  facet normal  2.902800e-001 -9.569418e-001  0.000000e+000
    outer loop
      vertex  2.006466e+001  2.308175e+001  1.000000e+001
      vertex  2.006466e+001  2.308175e+001  2.000000e+001
      vertex  1.988645e+001  2.302769e+001  2.000000e+001
    endloop
  endfacet
  facet normal  2.902800e-001 -9.569418e-001  0.000000e+000
    outer loop
      vertex  2.006466e+001  2.308175e+001  1.000000e+001
      vertex  1.988645e+001  2.302769e+001  2.000000e+001
      vertex  1.988645e+001  2.302769e+001  1.000000e+001
    endloop
  endfacet
  facet normal  4.713987e-001 -8.819203e-001  0.000000e+000
    outer loop
      vertex  1.988645e+001  2.302769e+001  1.000000e+001
      vertex  1.988645e+001  2.302769e+001  2.000000e+001
      vertex  1.972221e+001  2.293990e+001  2.000000e+001
    endloop
  endfacet
  facet normal  4.713987e-001 -8.819203e-001  0.000000e+000
    outer loop
      vertex  1.988645e+001  2.302769e+001  1.000000e+001
      vertex  1.972221e+001  2.293990e+001  2.000000e+001
      vertex  1.972221e+001  2.293990e+001  1.000000e+001
    endloop
  endfacet
  facet normal  6.343961e-001 -7.730082e-001  0.000000e+000
    outer loop
      vertex  1.972221e+001  2.293990e+001  1.000000e+001
      vertex  1.972221e+001  2.293990e+001  2.000000e+001
      vertex  1.957825e+001  2.282175e+001  2.000000e+001
    endloop
  endfacet
  facet normal  6.343961e-001 -7.730082e-001  0.000000e+000
    outer loop
      vertex  1.972221e+001  2.293990e+001  1.000000e+001
      vertex  1.957825e+001  2.282175e+001  2.000000e+001
      vertex  1.957825e+001  2.282175e+001  1.000000e+001
    endloop
  endfacet
  facet normal  7.730082e-001 -6.343961e-001  0.000000e+000
    outer loop
      vertex  1.957825e+001  2.282175e+001  1.000000e+001
      vertex  1.957825e+001  2.282175e+001  2.000000e+001
      vertex  1.946010e+001  2.267779e+001  2.000000e+001
    endloop
  endfacet
  facet normal  7.730082e-001 -6.343961e-001  0.000000e+000
    outer loop
      vertex  1.957825e+001  2.282175e+001  1.000000e+001
      vertex  1.946010e+001  2.267779e+001  2.000000e+001
      vertex  1.946010e+001  2.267779e+001  1.000000e+001
    endloop
  endfacet
  facet normal  8.819203e-001 -4.713987e-001  0.000000e+000
    outer loop
      vertex  1.946010e+001  2.267779e+001  1.000000e+001
      vertex  1.946010e+001  2.267779e+001  2.000000e+001
      vertex  1.937231e+001  2.251355e+001  2.000000e+001
    endloop
  endfacet
  facet normal  8.819203e-001 -4.713987e-001  0.000000e+000
    outer loop
      vertex  1.946010e+001  2.267779e+001  1.000000e+001
      vertex  1.937231e+001  2.251355e+001  2.000000e+001
      vertex  1.937231e+001  2.251355e+001  1.000000e+001
    endloop
  endfacet
  facet normal  9.569409e-001 -2.902828e-001  0.000000e+000
    outer loop
      vertex  1.937231e+001  2.251355e+001  1.000000e+001
      vertex  1.937231e+001  2.251355e+001  2.000000e+001
      vertex  1.931825e+001  2.233534e+001  2.000000e+001
    endloop
  endfacet
  facet normal  9.569409e-001 -2.902828e-001  0.000000e+000
    outer loop
      vertex  1.937231e+001  2.251355e+001  1.000000e+001
      vertex  1.931825e+001  2.233534e+001  2.000000e+001
      vertex  1.931825e+001  2.233534e+001  1.000000e+001
    endloop
  endfacet
  facet normal  9.951842e-001 -9.802313e-002  0.000000e+000
    outer loop
      vertex  1.931825e+001  2.233534e+001  1.000000e+001
      vertex  1.931825e+001  2.233534e+001  2.000000e+001
      vertex  1.930000e+001  2.215000e+001  2.000000e+001
    endloop
  endfacet
  facet normal  9.951842e-001 -9.802313e-002  0.000000e+000
    outer loop
      vertex  1.931825e+001  2.233534e+001  1.000000e+001
      vertex  1.930000e+001  2.215000e+001  2.000000e+001
      vertex  1.930000e+001  2.215000e+001  1.000000e+001
    endloop
  endfacet
  facet normal  9.802412e-002 -9.951839e-001  0.000000e+000
    outer loop
      vertex  2.006466e+001  2.308175e+001  2.000000e+001
      vertex  2.025000e+001  2.310000e+001  1.000000e+001
      vertex  2.025000e+001  2.310000e+001  2.000000e+001
    endloop
  endfacet
  facet normal -9.802412e-002 -9.951839e-001  -0.000000e+000
    outer loop
      vertex  2.025000e+001  2.310000e+001  2.000000e+001
      vertex  2.025000e+001  2.310000e+001  1.000000e+001
      vertex  2.043534e+001  2.308175e+001  1.000000e+001
    endloop
  endfacet
  facet normal -9.802412e-002 -9.951839e-001  0.000000e+000
    outer loop
      vertex  2.025000e+001  2.310000e+001  2.000000e+001
      vertex  2.043534e+001  2.308175e+001  1.000000e+001
      vertex  2.043534e+001  2.308175e+001  2.000000e+001
    endloop
  endfacet
  facet normal -2.902800e-001 -9.569418e-001  -0.000000e+000
    outer loop
      vertex  2.043534e+001  2.308175e+001  2.000000e+001
      vertex  2.043534e+001  2.308175e+001  1.000000e+001
      vertex  2.061355e+001  2.302769e+001  1.000000e+001
    endloop
  endfacet
  facet normal -2.902800e-001 -9.569418e-001  0.000000e+000
    outer loop
      vertex  2.043534e+001  2.308175e+001  2.000000e+001
      vertex  2.061355e+001  2.302769e+001  1.000000e+001
      vertex  2.061355e+001  2.302769e+001  2.000000e+001
    endloop
  endfacet
  facet normal -4.713987e-001 -8.819203e-001  -0.000000e+000
    outer loop
      vertex  2.061355e+001  2.302769e+001  2.000000e+001
      vertex  2.061355e+001  2.302769e+001  1.000000e+001
      vertex  2.077779e+001  2.293990e+001  1.000000e+001
    endloop
  endfacet
  facet normal -4.713987e-001 -8.819203e-001  0.000000e+000
    outer loop
      vertex  2.061355e+001  2.302769e+001  2.000000e+001
      vertex  2.077779e+001  2.293990e+001  1.000000e+001
      vertex  2.077779e+001  2.293990e+001  2.000000e+001
    endloop
  endfacet
  facet normal -6.343961e-001 -7.730082e-001  -0.000000e+000
    outer loop
      vertex  2.077779e+001  2.293990e+001  2.000000e+001
      vertex  2.077779e+001  2.293990e+001  1.000000e+001
      vertex  2.092175e+001  2.282175e+001  1.000000e+001
    endloop
  endfacet
  facet normal -6.343961e-001 -7.730082e-001  0.000000e+000
    outer loop
      vertex  2.077779e+001  2.293990e+001  2.000000e+001
      vertex  2.092175e+001  2.282175e+001  1.000000e+001
      vertex  2.092175e+001  2.282175e+001  2.000000e+001
    endloop
  endfacet
  facet normal -7.730082e-001 -6.343961e-001  -0.000000e+000
    outer loop
      vertex  2.092175e+001  2.282175e+001  2.000000e+001
      vertex  2.092175e+001  2.282175e+001  1.000000e+001
      vertex  2.103990e+001  2.267779e+001  1.000000e+001
    endloop
  endfacet
  facet normal -7.730082e-001 -6.343961e-001  0.000000e+000
    outer loop
      vertex  2.092175e+001  2.282175e+001  2.000000e+001
      vertex  2.103990e+001  2.267779e+001  1.000000e+001
      vertex  2.103990e+001  2.267779e+001  2.000000e+001
    endloop
  endfacet
  facet normal -8.819203e-001 -4.713987e-001  -0.000000e+000
    outer loop
      vertex  2.103990e+001  2.267779e+001  2.000000e+001
      vertex  2.103990e+001  2.267779e+001  1.000000e+001
      vertex  2.112769e+001  2.251355e+001  1.000000e+001
    endloop
  endfacet
  facet normal -8.819203e-001 -4.713987e-001  0.000000e+000
    outer loop
      vertex  2.103990e+001  2.267779e+001  2.000000e+001
      vertex  2.112769e+001  2.251355e+001  1.000000e+001
      vertex  2.112769e+001  2.251355e+001  2.000000e+001
    endloop
  endfacet
  facet normal -9.569409e-001 -2.902828e-001  -0.000000e+000
    outer loop
      vertex  2.112769e+001  2.251355e+001  2.000000e+001
      vertex  2.112769e+001  2.251355e+001  1.000000e+001
      vertex  2.118175e+001  2.233534e+001  1.000000e+001
    endloop
  endfacet
  facet normal -9.569409e-001 -2.902828e-001  0.000000e+000
    outer loop
      vertex  2.112769e+001  2.251355e+001  2.000000e+001
      vertex  2.118175e+001  2.233534e+001  1.000000e+001
      vertex  2.118175e+001  2.233534e+001  2.000000e+001
    endloop
  endfacet
  facet normal -9.951842e-001 -9.802313e-002  -0.000000e+000
    outer loop
      vertex  2.118175e+001  2.233534e+001  2.000000e+001
      vertex  2.118175e+001  2.233534e+001  1.000000e+001
      vertex  2.120000e+001  2.215000e+001  1.000000e+001
    endloop
  endfacet
  facet normal -9.951842e-001 -9.802313e-002  0.000000e+000
    outer loop
      vertex  2.118175e+001  2.233534e+001  2.000000e+001
      vertex  2.120000e+001  2.215000e+001  1.000000e+001
      vertex  2.120000e+001  2.215000e+001  2.000000e+001
    endloop
  endfacet
  facet normal -9.801397e-002  9.951850e-001  0.000000e+000
    outer loop
      vertex  2.025000e+001  2.120000e+001  1.000000e+001
      vertex  2.043534e+001  2.121825e+001  2.000000e+001
      vertex  2.043534e+001  2.121825e+001  1.000000e+001
    endloop
  endfacet
  facet normal -2.902800e-001  9.569418e-001  0.000000e+000
    outer loop
      vertex  2.043534e+001  2.121825e+001  1.000000e+001
      vertex  2.043534e+001  2.121825e+001  2.000000e+001
      vertex  2.061355e+001  2.127231e+001  2.000000e+001
    endloop
  endfacet
  facet normal -2.902800e-001  9.569418e-001  0.000000e+000
    outer loop
      vertex  2.043534e+001  2.121825e+001  1.000000e+001
      vertex  2.061355e+001  2.127231e+001  2.000000e+001
      vertex  2.061355e+001  2.127231e+001  1.000000e+001
    endloop
  endfacet
  facet normal -4.713987e-001  8.819203e-001  0.000000e+000
    outer loop
      vertex  2.061355e+001  2.127231e+001  1.000000e+001
      vertex  2.061355e+001  2.127231e+001  2.000000e+001
      vertex  2.077779e+001  2.136010e+001  2.000000e+001
    endloop
  endfacet
  facet normal -4.713987e-001  8.819203e-001  0.000000e+000
    outer loop
      vertex  2.061355e+001  2.127231e+001  1.000000e+001
      vertex  2.077779e+001  2.136010e+001  2.000000e+001
      vertex  2.077779e+001  2.136010e+001  1.000000e+001
    endloop
  endfacet
  facet normal -6.343961e-001  7.730082e-001  0.000000e+000
    outer loop
      vertex  2.077779e+001  2.136010e+001  1.000000e+001
      vertex  2.077779e+001  2.136010e+001  2.000000e+001
      vertex  2.092175e+001  2.147825e+001  2.000000e+001
    endloop
  endfacet
  facet normal -6.343961e-001  7.730082e-001  0.000000e+000
    outer loop
      vertex  2.077779e+001  2.136010e+001  1.000000e+001
      vertex  2.092175e+001  2.147825e+001  2.000000e+001
      vertex  2.092175e+001  2.147825e+001  1.000000e+001
    endloop
  endfacet
  facet normal -7.730082e-001  6.343961e-001  0.000000e+000
    outer loop
      vertex  2.092175e+001  2.147825e+001  1.000000e+001
      vertex  2.092175e+001  2.147825e+001  2.000000e+001
      vertex  2.103990e+001  2.162221e+001  2.000000e+001
    endloop
  endfacet
  facet normal -7.730082e-001  6.343961e-001  0.000000e+000
    outer loop
      vertex  2.092175e+001  2.147825e+001  1.000000e+001
      vertex  2.103990e+001  2.162221e+001  2.000000e+001
      vertex  2.103990e+001  2.162221e+001  1.000000e+001
    endloop
  endfacet
  facet normal -8.819225e-001  4.713944e-001  0.000000e+000
    outer loop
      vertex  2.103990e+001  2.162221e+001  1.000000e+001
      vertex  2.103990e+001  2.162221e+001  2.000000e+001
      vertex  2.112769e+001  2.178645e+001  2.000000e+001
    endloop
  endfacet
  facet normal -8.819225e-001  4.713944e-001  0.000000e+000
    outer loop
      vertex  2.103990e+001  2.162221e+001  1.000000e+001
      vertex  2.112769e+001  2.178645e+001  2.000000e+001
      vertex  2.112769e+001  2.178645e+001  1.000000e+001
    endloop
  endfacet
  facet normal -9.569409e-001  2.902828e-001  0.000000e+000
    outer loop
      vertex  2.112769e+001  2.178645e+001  1.000000e+001
      vertex  2.112769e+001  2.178645e+001  2.000000e+001
      vertex  2.118175e+001  2.196466e+001  2.000000e+001
    endloop
  endfacet
  facet normal -9.569409e-001  2.902828e-001  0.000000e+000
    outer loop
      vertex  2.112769e+001  2.178645e+001  1.000000e+001
      vertex  2.118175e+001  2.196466e+001  2.000000e+001
      vertex  2.118175e+001  2.196466e+001  1.000000e+001
    endloop
  endfacet
  facet normal -9.951839e-001  9.802412e-002  0.000000e+000
    outer loop
      vertex  2.118175e+001  2.196466e+001  1.000000e+001
      vertex  2.118175e+001  2.196466e+001  2.000000e+001
      vertex  2.120000e+001  2.215000e+001  2.000000e+001
    endloop
  endfacet
  facet normal -9.951839e-001  9.802412e-002  0.000000e+000
    outer loop
      vertex  2.118175e+001  2.196466e+001  1.000000e+001
      vertex  2.120000e+001  2.215000e+001  2.000000e+001
      vertex  2.120000e+001  2.215000e+001  1.000000e+001
    endloop
  endfacet
  facet normal -9.801397e-002  9.951850e-001  0.000000e+000
    outer loop
      vertex  2.043534e+001  2.121825e+001  2.000000e+001
      vertex  2.025000e+001  2.120000e+001  1.000000e+001
      vertex  2.025000e+001  2.120000e+001  2.000000e+001
    endloop
  endfacet
  facet normal  9.801397e-002  9.951850e-001  0.000000e+000
    outer loop
      vertex  2.025000e+001  2.120000e+001  2.000000e+001
      vertex  2.025000e+001  2.120000e+001  1.000000e+001
      vertex  2.006466e+001  2.121825e+001  1.000000e+001
    endloop
  endfacet
  facet normal  9.801397e-002  9.951850e-001  -0.000000e+000
    outer loop
      vertex  2.025000e+001  2.120000e+001  2.000000e+001
      vertex  2.006466e+001  2.121825e+001  1.000000e+001
      vertex  2.006466e+001  2.121825e+001  2.000000e+001
    endloop
  endfacet
  facet normal  2.902800e-001  9.569418e-001  0.000000e+000
    outer loop
      vertex  2.006466e+001  2.121825e+001  2.000000e+001
      vertex  2.006466e+001  2.121825e+001  1.000000e+001
      vertex  1.988645e+001  2.127231e+001  1.000000e+001
    endloop
  endfacet
  facet normal  2.902800e-001  9.569418e-001  -0.000000e+000
    outer loop
      vertex  2.006466e+001  2.121825e+001  2.000000e+001
      vertex  1.988645e+001  2.127231e+001  1.000000e+001
      vertex  1.988645e+001  2.127231e+001  2.000000e+001
    endloop
  endfacet
  facet normal  4.713987e-001  8.819203e-001  0.000000e+000
    outer loop
      vertex  1.988645e+001  2.127231e+001  2.000000e+001
      vertex  1.988645e+001  2.127231e+001  1.000000e+001
      vertex  1.972221e+001  2.136010e+001  1.000000e+001
    endloop
  endfacet
  facet normal  4.713987e-001  8.819203e-001  -0.000000e+000
    outer loop
      vertex  1.988645e+001  2.127231e+001  2.000000e+001
      vertex  1.972221e+001  2.136010e+001  1.000000e+001
      vertex  1.972221e+001  2.136010e+001  2.000000e+001
    endloop
  endfacet
  facet normal  6.343961e-001  7.730082e-001  0.000000e+000
    outer loop
      vertex  1.972221e+001  2.136010e+001  2.000000e+001
      vertex  1.972221e+001  2.136010e+001  1.000000e+001
      vertex  1.957825e+001  2.147825e+001  1.000000e+001
    endloop
  endfacet
  facet normal  6.343961e-001  7.730082e-001  -0.000000e+000
    outer loop
      vertex  1.972221e+001  2.136010e+001  2.000000e+001
      vertex  1.957825e+001  2.147825e+001  1.000000e+001
      vertex  1.957825e+001  2.147825e+001  2.000000e+001
    endloop
  endfacet
  facet normal  7.730082e-001  6.343961e-001  0.000000e+000
    outer loop
      vertex  1.957825e+001  2.147825e+001  2.000000e+001
      vertex  1.957825e+001  2.147825e+001  1.000000e+001
      vertex  1.946010e+001  2.162221e+001  1.000000e+001
    endloop
  endfacet
  facet normal  7.730082e-001  6.343961e-001  -0.000000e+000
    outer loop
      vertex  1.957825e+001  2.147825e+001  2.000000e+001
      vertex  1.946010e+001  2.162221e+001  1.000000e+001
      vertex  1.946010e+001  2.162221e+001  2.000000e+001
    endloop
  endfacet
  facet normal  8.819225e-001  4.713944e-001  0.000000e+000
    outer loop
      vertex  1.946010e+001  2.162221e+001  2.000000e+001
      vertex  1.946010e+001  2.162221e+001  1.000000e+001
      vertex  1.937231e+001  2.178645e+001  1.000000e+001
    endloop
  endfacet
  facet normal  8.819225e-001  4.713944e-001  -0.000000e+000
    outer loop
      vertex  1.946010e+001  2.162221e+001  2.000000e+001
      vertex  1.937231e+001  2.178645e+001  1.000000e+001
      vertex  1.937231e+001  2.178645e+001  2.000000e+001
    endloop
  endfacet
  facet normal  9.569409e-001  2.902828e-001  0.000000e+000
    outer loop
      vertex  1.937231e+001  2.178645e+001  2.000000e+001
      vertex  1.937231e+001  2.178645e+001  1.000000e+001
      vertex  1.931825e+001  2.196466e+001  1.000000e+001
    endloop
  endfacet
  facet normal  9.569409e-001  2.902828e-001  -0.000000e+000
    outer loop
      vertex  1.937231e+001  2.178645e+001  2.000000e+001
      vertex  1.931825e+001  2.196466e+001  1.000000e+001
      vertex  1.931825e+001  2.196466e+001  2.000000e+001
    endloop
  endfacet
  facet normal  9.951839e-001  9.802412e-002  0.000000e+000
    outer loop
      vertex  1.931825e+001  2.196466e+001  2.000000e+001
      vertex  1.931825e+001  2.196466e+001  1.000000e+001
      vertex  1.930000e+001  2.215000e+001  1.000000e+001
    endloop
  endfacet
  facet normal  9.951839e-001  9.802412e-002  -0.000000e+000
    outer loop
      vertex  1.931825e+001  2.196466e+001  2.000000e+001
      vertex  1.930000e+001  2.215000e+001  1.000000e+001
      vertex  1.930000e+001  2.215000e+001  2.000000e+001
    endloop
  endfacet
  facet normal -9.801397e-002  9.951850e-001  0.000000e+000
    outer loop
      vertex -2.025000e+001  2.120000e+001  1.000000e+001
      vertex -2.006466e+001  2.121825e+001  2.000000e+001
      vertex -2.006466e+001  2.121825e+001  1.000000e+001
    endloop
  endfacet
  facet normal -2.902800e-001  9.569418e-001  0.000000e+000
    outer loop
      vertex -2.006466e+001  2.121825e+001  1.000000e+001
      vertex -2.006466e+001  2.121825e+001  2.000000e+001
      vertex -1.988645e+001  2.127231e+001  2.000000e+001
    endloop
  endfacet
  facet normal -2.902800e-001  9.569418e-001  0.000000e+000
    outer loop
      vertex -2.006466e+001  2.121825e+001  1.000000e+001
      vertex -1.988645e+001  2.127231e+001  2.000000e+001
      vertex -1.988645e+001  2.127231e+001  1.000000e+001
    endloop
  endfacet
  facet normal -4.713987e-001  8.819203e-001  0.000000e+000
    outer loop
      vertex -1.988645e+001  2.127231e+001  1.000000e+001
      vertex -1.988645e+001  2.127231e+001  2.000000e+001
      vertex -1.972221e+001  2.136010e+001  2.000000e+001
    endloop
  endfacet
  facet normal -4.713987e-001  8.819203e-001  0.000000e+000
    outer loop
      vertex -1.988645e+001  2.127231e+001  1.000000e+001
      vertex -1.972221e+001  2.136010e+001  2.000000e+001
      vertex -1.972221e+001  2.136010e+001  1.000000e+001
    endloop
  endfacet
  facet normal -6.343961e-001  7.730082e-001  0.000000e+000
    outer loop
      vertex -1.972221e+001  2.136010e+001  1.000000e+001
      vertex -1.972221e+001  2.136010e+001  2.000000e+001
      vertex -1.957825e+001  2.147825e+001  2.000000e+001
    endloop
  endfacet
  facet normal -6.343961e-001  7.730082e-001  0.000000e+000
    outer loop
      vertex -1.972221e+001  2.136010e+001  1.000000e+001
      vertex -1.957825e+001  2.147825e+001  2.000000e+001
      vertex -1.957825e+001  2.147825e+001  1.000000e+001
    endloop
  endfacet
  facet normal -7.730082e-001  6.343961e-001  0.000000e+000
    outer loop
      vertex -1.957825e+001  2.147825e+001  1.000000e+001
      vertex -1.957825e+001  2.147825e+001  2.000000e+001
      vertex -1.946010e+001  2.162221e+001  2.000000e+001
    endloop
  endfacet
  facet normal -7.730082e-001  6.343961e-001  0.000000e+000
    outer loop
      vertex -1.957825e+001  2.147825e+001  1.000000e+001
      vertex -1.946010e+001  2.162221e+001  2.000000e+001
      vertex -1.946010e+001  2.162221e+001  1.000000e+001
    endloop
  endfacet
  facet normal -8.819225e-001  4.713944e-001  0.000000e+000
    outer loop
      vertex -1.946010e+001  2.162221e+001  1.000000e+001
      vertex -1.946010e+001  2.162221e+001  2.000000e+001
      vertex -1.937231e+001  2.178645e+001  2.000000e+001
    endloop
  endfacet
  facet normal -8.819225e-001  4.713944e-001  0.000000e+000
    outer loop
      vertex -1.946010e+001  2.162221e+001  1.000000e+001
      vertex -1.937231e+001  2.178645e+001  2.000000e+001
      vertex -1.937231e+001  2.178645e+001  1.000000e+001
    endloop
  endfacet
  facet normal -9.569409e-001  2.902828e-001  0.000000e+000
    outer loop
      vertex -1.937231e+001  2.178645e+001  1.000000e+001
      vertex -1.937231e+001  2.178645e+001  2.000000e+001
      vertex -1.931825e+001  2.196466e+001  2.000000e+001
    endloop
  endfacet
  facet normal -9.569409e-001  2.902828e-001  0.000000e+000
    outer loop
      vertex -1.937231e+001  2.178645e+001  1.000000e+001
      vertex -1.931825e+001  2.196466e+001  2.000000e+001
      vertex -1.931825e+001  2.196466e+001  1.000000e+001
    endloop
  endfacet
  facet normal -9.951839e-001  9.802412e-002  0.000000e+000
    outer loop
      vertex -1.931825e+001  2.196466e+001  1.000000e+001
      vertex -1.931825e+001  2.196466e+001  2.000000e+001
      vertex -1.930000e+001  2.215000e+001  2.000000e+001
    endloop
  endfacet
  facet normal -9.951839e-001  9.802412e-002  0.000000e+000
    outer loop
      vertex -1.931825e+001  2.196466e+001  1.000000e+001
      vertex -1.930000e+001  2.215000e+001  2.000000e+001
      vertex -1.930000e+001  2.215000e+001  1.000000e+001
    endloop
  endfacet
  facet normal -9.801397e-002  9.951850e-001  0.000000e+000
    outer loop
      vertex -2.006466e+001  2.121825e+001  2.000000e+001
      vertex -2.025000e+001  2.120000e+001  1.000000e+001
      vertex -2.025000e+001  2.120000e+001  2.000000e+001
    endloop
  endfacet
  facet normal  9.801397e-002  9.951850e-001  0.000000e+000
    outer loop
      vertex -2.025000e+001  2.120000e+001  2.000000e+001
      vertex -2.025000e+001  2.120000e+001  1.000000e+001
      vertex -2.043534e+001  2.121825e+001  1.000000e+001
    endloop
  endfacet
  facet normal  9.801397e-002  9.951850e-001  -0.000000e+000
    outer loop
      vertex -2.025000e+001  2.120000e+001  2.000000e+001
      vertex -2.043534e+001  2.121825e+001  1.000000e+001
      vertex -2.043534e+001  2.121825e+001  2.000000e+001
    endloop
  endfacet
  facet normal  2.902800e-001  9.569418e-001  0.000000e+000
    outer loop
      vertex -2.043534e+001  2.121825e+001  2.000000e+001
      vertex -2.043534e+001  2.121825e+001  1.000000e+001
      vertex -2.061355e+001  2.127231e+001  1.000000e+001
    endloop
  endfacet
  facet normal  2.902800e-001  9.569418e-001  -0.000000e+000
    outer loop
      vertex -2.043534e+001  2.121825e+001  2.000000e+001
      vertex -2.061355e+001  2.127231e+001  1.000000e+001
      vertex -2.061355e+001  2.127231e+001  2.000000e+001
    endloop
  endfacet
  facet normal  4.713987e-001  8.819203e-001  0.000000e+000
    outer loop
      vertex -2.061355e+001  2.127231e+001  2.000000e+001
      vertex -2.061355e+001  2.127231e+001  1.000000e+001
      vertex -2.077779e+001  2.136010e+001  1.000000e+001
    endloop
  endfacet
  facet normal  4.713987e-001  8.819203e-001  -0.000000e+000
    outer loop
      vertex -2.061355e+001  2.127231e+001  2.000000e+001
      vertex -2.077779e+001  2.136010e+001  1.000000e+001
      vertex -2.077779e+001  2.136010e+001  2.000000e+001
    endloop
  endfacet
  facet normal  6.343961e-001  7.730082e-001  0.000000e+000
    outer loop
      vertex -2.077779e+001  2.136010e+001  2.000000e+001
      vertex -2.077779e+001  2.136010e+001  1.000000e+001
      vertex -2.092175e+001  2.147825e+001  1.000000e+001
    endloop
  endfacet
  facet normal  6.343961e-001  7.730082e-001  -0.000000e+000
    outer loop
      vertex -2.077779e+001  2.136010e+001  2.000000e+001
      vertex -2.092175e+001  2.147825e+001  1.000000e+001
      vertex -2.092175e+001  2.147825e+001  2.000000e+001
    endloop
  endfacet
  facet normal  7.730082e-001  6.343961e-001  0.000000e+000
    outer loop
      vertex -2.092175e+001  2.147825e+001  2.000000e+001
      vertex -2.092175e+001  2.147825e+001  1.000000e+001
      vertex -2.103990e+001  2.162221e+001  1.000000e+001
    endloop
  endfacet
  facet normal  7.730082e-001  6.343961e-001  -0.000000e+000
    outer loop
      vertex -2.092175e+001  2.147825e+001  2.000000e+001
      vertex -2.103990e+001  2.162221e+001  1.000000e+001
      vertex -2.103990e+001  2.162221e+001  2.000000e+001
    endloop
  endfacet
  facet normal  8.819225e-001  4.713944e-001  0.000000e+000
    outer loop
      vertex -2.103990e+001  2.162221e+001  2.000000e+001
      vertex -2.103990e+001  2.162221e+001  1.000000e+001
      vertex -2.112769e+001  2.178645e+001  1.000000e+001
    endloop
  endfacet
  facet normal  8.819225e-001  4.713944e-001  -0.000000e+000
    outer loop
      vertex -2.103990e+001  2.162221e+001  2.000000e+001
      vertex -2.112769e+001  2.178645e+001  1.000000e+001
      vertex -2.112769e+001  2.178645e+001  2.000000e+001
    endloop
  endfacet
  facet normal  9.569409e-001  2.902828e-001  0.000000e+000
    outer loop
      vertex -2.112769e+001  2.178645e+001  2.000000e+001
      vertex -2.112769e+001  2.178645e+001  1.000000e+001
      vertex -2.118175e+001  2.196466e+001  1.000000e+001
    endloop
  endfacet
  facet normal  9.569409e-001  2.902828e-001  -0.000000e+000
    outer loop
      vertex -2.112769e+001  2.178645e+001  2.000000e+001
      vertex -2.118175e+001  2.196466e+001  1.000000e+001
      vertex -2.118175e+001  2.196466e+001  2.000000e+001
    endloop
  endfacet
  facet normal  9.951839e-001  9.802412e-002  0.000000e+000
    outer loop
      vertex -2.118175e+001  2.196466e+001  2.000000e+001
      vertex -2.118175e+001  2.196466e+001  1.000000e+001
      vertex -2.120000e+001  2.215000e+001  1.000000e+001
    endloop
  endfacet
  facet normal  9.951839e-001  9.802412e-002  -0.000000e+000
    outer loop
      vertex -2.118175e+001  2.196466e+001  2.000000e+001
      vertex -2.120000e+001  2.215000e+001  1.000000e+001
      vertex -2.120000e+001  2.215000e+001  2.000000e+001
    endloop
  endfacet
  facet normal  9.802412e-002 -9.951839e-001  0.000000e+000
    outer loop
      vertex -2.025000e+001  2.310000e+001  1.000000e+001
      vertex -2.043534e+001  2.308175e+001  2.000000e+001
      vertex -2.043534e+001  2.308175e+001  1.000000e+001
    endloop
  endfacet
  facet normal  2.902800e-001 -9.569418e-001  0.000000e+000
    outer loop
      vertex -2.043534e+001  2.308175e+001  1.000000e+001
      vertex -2.043534e+001  2.308175e+001  2.000000e+001
      vertex -2.061355e+001  2.302769e+001  2.000000e+001
    endloop
  endfacet
  facet normal  2.902800e-001 -9.569418e-001  0.000000e+000
    outer loop
      vertex -2.043534e+001  2.308175e+001  1.000000e+001
      vertex -2.061355e+001  2.302769e+001  2.000000e+001
      vertex -2.061355e+001  2.302769e+001  1.000000e+001
    endloop
  endfacet
  facet normal  4.713987e-001 -8.819203e-001  0.000000e+000
    outer loop
      vertex -2.061355e+001  2.302769e+001  1.000000e+001
      vertex -2.061355e+001  2.302769e+001  2.000000e+001
      vertex -2.077779e+001  2.293990e+001  2.000000e+001
    endloop
  endfacet
  facet normal  4.713987e-001 -8.819203e-001  0.000000e+000
    outer loop
      vertex -2.061355e+001  2.302769e+001  1.000000e+001
      vertex -2.077779e+001  2.293990e+001  2.000000e+001
      vertex -2.077779e+001  2.293990e+001  1.000000e+001
    endloop
  endfacet
  facet normal  6.343961e-001 -7.730082e-001  0.000000e+000
    outer loop
      vertex -2.077779e+001  2.293990e+001  1.000000e+001
      vertex -2.077779e+001  2.293990e+001  2.000000e+001
      vertex -2.092175e+001  2.282175e+001  2.000000e+001
    endloop
  endfacet
  facet normal  6.343961e-001 -7.730082e-001  0.000000e+000
    outer loop
      vertex -2.077779e+001  2.293990e+001  1.000000e+001
      vertex -2.092175e+001  2.282175e+001  2.000000e+001
      vertex -2.092175e+001  2.282175e+001  1.000000e+001
    endloop
  endfacet
  facet normal  7.730082e-001 -6.343961e-001  0.000000e+000
    outer loop
      vertex -2.092175e+001  2.282175e+001  1.000000e+001
      vertex -2.092175e+001  2.282175e+001  2.000000e+001
      vertex -2.103990e+001  2.267779e+001  2.000000e+001
    endloop
  endfacet
  facet normal  7.730082e-001 -6.343961e-001  0.000000e+000
    outer loop
      vertex -2.092175e+001  2.282175e+001  1.000000e+001
      vertex -2.103990e+001  2.267779e+001  2.000000e+001
      vertex -2.103990e+001  2.267779e+001  1.000000e+001
    endloop
  endfacet
  facet normal  8.819203e-001 -4.713987e-001  0.000000e+000
    outer loop
      vertex -2.103990e+001  2.267779e+001  1.000000e+001
      vertex -2.103990e+001  2.267779e+001  2.000000e+001
      vertex -2.112769e+001  2.251355e+001  2.000000e+001
    endloop
  endfacet
  facet normal  8.819203e-001 -4.713987e-001  0.000000e+000
    outer loop
      vertex -2.103990e+001  2.267779e+001  1.000000e+001
      vertex -2.112769e+001  2.251355e+001  2.000000e+001
      vertex -2.112769e+001  2.251355e+001  1.000000e+001
    endloop
  endfacet
  facet normal  9.569409e-001 -2.902828e-001  0.000000e+000
    outer loop
      vertex -2.112769e+001  2.251355e+001  1.000000e+001
      vertex -2.112769e+001  2.251355e+001  2.000000e+001
      vertex -2.118175e+001  2.233534e+001  2.000000e+001
    endloop
  endfacet
  facet normal  9.569409e-001 -2.902828e-001  0.000000e+000
    outer loop
      vertex -2.112769e+001  2.251355e+001  1.000000e+001
      vertex -2.118175e+001  2.233534e+001  2.000000e+001
      vertex -2.118175e+001  2.233534e+001  1.000000e+001
    endloop
  endfacet
  facet normal  9.951842e-001 -9.802313e-002  0.000000e+000
    outer loop
      vertex -2.118175e+001  2.233534e+001  1.000000e+001
      vertex -2.118175e+001  2.233534e+001  2.000000e+001
      vertex -2.120000e+001  2.215000e+001  2.000000e+001
    endloop
  endfacet
  facet normal  9.951842e-001 -9.802313e-002  0.000000e+000
    outer loop
      vertex -2.118175e+001  2.233534e+001  1.000000e+001
      vertex -2.120000e+001  2.215000e+001  2.000000e+001
      vertex -2.120000e+001  2.215000e+001  1.000000e+001
    endloop
  endfacet
  facet normal  9.802412e-002 -9.951839e-001  0.000000e+000
    outer loop
      vertex -2.043534e+001  2.308175e+001  2.000000e+001
      vertex -2.025000e+001  2.310000e+001  1.000000e+001
      vertex -2.025000e+001  2.310000e+001  2.000000e+001
    endloop
  endfacet
  facet normal -9.802412e-002 -9.951839e-001  -0.000000e+000
    outer loop
      vertex -2.025000e+001  2.310000e+001  2.000000e+001
      vertex -2.025000e+001  2.310000e+001  1.000000e+001
      vertex -2.006466e+001  2.308175e+001  1.000000e+001
    endloop
  endfacet
  facet normal -9.802412e-002 -9.951839e-001  0.000000e+000
    outer loop
      vertex -2.025000e+001  2.310000e+001  2.000000e+001
      vertex -2.006466e+001  2.308175e+001  1.000000e+001
      vertex -2.006466e+001  2.308175e+001  2.000000e+001
    endloop
  endfacet
  facet normal -2.902800e-001 -9.569418e-001  -0.000000e+000
    outer loop
      vertex -2.006466e+001  2.308175e+001  2.000000e+001
      vertex -2.006466e+001  2.308175e+001  1.000000e+001
      vertex -1.988645e+001  2.302769e+001  1.000000e+001
    endloop
  endfacet
  facet normal -2.902800e-001 -9.569418e-001  0.000000e+000
    outer loop
      vertex -2.006466e+001  2.308175e+001  2.000000e+001
      vertex -1.988645e+001  2.302769e+001  1.000000e+001
      vertex -1.988645e+001  2.302769e+001  2.000000e+001
    endloop
  endfacet
  facet normal -4.713987e-001 -8.819203e-001  -0.000000e+000
    outer loop
      vertex -1.988645e+001  2.302769e+001  2.000000e+001
      vertex -1.988645e+001  2.302769e+001  1.000000e+001
      vertex -1.972221e+001  2.293990e+001  1.000000e+001
    endloop
  endfacet
  facet normal -4.713987e-001 -8.819203e-001  0.000000e+000
    outer loop
      vertex -1.988645e+001  2.302769e+001  2.000000e+001
      vertex -1.972221e+001  2.293990e+001  1.000000e+001
      vertex -1.972221e+001  2.293990e+001  2.000000e+001
    endloop
  endfacet
  facet normal -6.343961e-001 -7.730082e-001  -0.000000e+000
    outer loop
      vertex -1.972221e+001  2.293990e+001  2.000000e+001
      vertex -1.972221e+001  2.293990e+001  1.000000e+001
      vertex -1.957825e+001  2.282175e+001  1.000000e+001
    endloop
  endfacet
  facet normal -6.343961e-001 -7.730082e-001  0.000000e+000
    outer loop
      vertex -1.972221e+001  2.293990e+001  2.000000e+001
      vertex -1.957825e+001  2.282175e+001  1.000000e+001
      vertex -1.957825e+001  2.282175e+001  2.000000e+001
    endloop
  endfacet
  facet normal -7.730082e-001 -6.343961e-001  -0.000000e+000
    outer loop
      vertex -1.957825e+001  2.282175e+001  2.000000e+001
      vertex -1.957825e+001  2.282175e+001  1.000000e+001
      vertex -1.946010e+001  2.267779e+001  1.000000e+001
    endloop
  endfacet
  facet normal -7.730082e-001 -6.343961e-001  0.000000e+000
    outer loop
      vertex -1.957825e+001  2.282175e+001  2.000000e+001
      vertex -1.946010e+001  2.267779e+001  1.000000e+001
      vertex -1.946010e+001  2.267779e+001  2.000000e+001
    endloop
  endfacet
  facet normal -8.819203e-001 -4.713987e-001  -0.000000e+000
    outer loop
      vertex -1.946010e+001  2.267779e+001  2.000000e+001
      vertex -1.946010e+001  2.267779e+001  1.000000e+001
      vertex -1.937231e+001  2.251355e+001  1.000000e+001
    endloop
  endfacet
  facet normal -8.819203e-001 -4.713987e-001  0.000000e+000
    outer loop
      vertex -1.946010e+001  2.267779e+001  2.000000e+001
      vertex -1.937231e+001  2.251355e+001  1.000000e+001
      vertex -1.937231e+001  2.251355e+001  2.000000e+001
    endloop
  endfacet
  facet normal -9.569409e-001 -2.902828e-001  -0.000000e+000
    outer loop
      vertex -1.937231e+001  2.251355e+001  2.000000e+001
      vertex -1.937231e+001  2.251355e+001  1.000000e+001
      vertex -1.931825e+001  2.233534e+001  1.000000e+001
    endloop
  endfacet
  facet normal -9.569409e-001 -2.902828e-001  0.000000e+000
    outer loop
      vertex -1.937231e+001  2.251355e+001  2.000000e+001
      vertex -1.931825e+001  2.233534e+001  1.000000e+001
      vertex -1.931825e+001  2.233534e+001  2.000000e+001
    endloop
  endfacet
  facet normal -9.951842e-001 -9.802313e-002  -0.000000e+000
    outer loop
      vertex -1.931825e+001  2.233534e+001  2.000000e+001
      vertex -1.931825e+001  2.233534e+001  1.000000e+001
      vertex -1.930000e+001  2.215000e+001  1.000000e+001
    endloop
  endfacet
  facet normal -9.951842e-001 -9.802313e-002  0.000000e+000
    outer loop
      vertex -1.931825e+001  2.233534e+001  2.000000e+001
      vertex -1.930000e+001  2.215000e+001  1.000000e+001
      vertex -1.930000e+001  2.215000e+001  2.000000e+001
    endloop
  endfacet
  facet normal  0.000000e+000  0.000000e+000  1.000000e+000
    outer loop
      vertex -2.043534e+001 -2.121825e+001  1.000000e+001
      vertex -2.006466e+001 -2.121825e+001  1.000000e+001
      vertex -2.025000e+001 -2.120000e+001  1.000000e+001
    endloop
  endfacet
  facet normal  -0.000000e+000  0.000000e+000  1.000000e+000
    outer loop
      vertex -2.006466e+001 -2.121825e+001  1.000000e+001
      vertex -2.043534e+001 -2.121825e+001  1.000000e+001
      vertex -1.988645e+001 -2.127231e+001  1.000000e+001
    endloop
  endfacet
  facet normal  0.000000e+000  0.000000e+000  1.000000e+000
    outer loop
      vertex -1.988645e+001 -2.127231e+001  1.000000e+001
      vertex -2.043534e+001 -2.121825e+001  1.000000e+001
      vertex -2.061355e+001 -2.127231e+001  1.000000e+001
    endloop
  endfacet
  facet normal  -0.000000e+000  0.000000e+000  1.000000e+000
    outer loop
      vertex -1.988645e+001 -2.127231e+001  1.000000e+001
      vertex -2.061355e+001 -2.127231e+001  1.000000e+001
      vertex -1.972221e+001 -2.136010e+001  1.000000e+001
    endloop
  endfacet
  facet normal  0.000000e+000  0.000000e+000  1.000000e+000
    outer loop
      vertex -1.972221e+001 -2.136010e+001  1.000000e+001
      vertex -2.061355e+001 -2.127231e+001  1.000000e+001
      vertex -2.077779e+001 -2.136010e+001  1.000000e+001
    endloop
  endfacet
  facet normal  -0.000000e+000  0.000000e+000  1.000000e+000
    outer loop
      vertex -1.972221e+001 -2.136010e+001  1.000000e+001
      vertex -2.077779e+001 -2.136010e+001  1.000000e+001
      vertex -1.957825e+001 -2.147825e+001  1.000000e+001
    endloop
  endfacet
  facet normal  0.000000e+000  0.000000e+000  1.000000e+000
    outer loop
      vertex -1.957825e+001 -2.147825e+001  1.000000e+001
      vertex -2.077779e+001 -2.136010e+001  1.000000e+001
      vertex -2.092175e+001 -2.147825e+001  1.000000e+001
    endloop
  endfacet
  facet normal  -0.000000e+000  0.000000e+000  1.000000e+000
    outer loop
      vertex -1.957825e+001 -2.147825e+001  1.000000e+001
      vertex -2.092175e+001 -2.147825e+001  1.000000e+001
      vertex -1.946010e+001 -2.162221e+001  1.000000e+001
    endloop
  endfacet
  facet normal  0.000000e+000  0.000000e+000  1.000000e+000
    outer loop
      vertex -1.946010e+001 -2.162221e+001  1.000000e+001
      vertex -2.092175e+001 -2.147825e+001  1.000000e+001
      vertex -2.103990e+001 -2.162221e+001  1.000000e+001
    endloop
  endfacet
  facet normal  -0.000000e+000  0.000000e+000  1.000000e+000
    outer loop
      vertex -1.946010e+001 -2.162221e+001  1.000000e+001
      vertex -2.103990e+001 -2.162221e+001  1.000000e+001
      vertex -1.937231e+001 -2.178645e+001  1.000000e+001
    endloop
  endfacet
  facet normal  0.000000e+000  0.000000e+000  9.999999e-001
    outer loop
      vertex -1.937231e+001 -2.178645e+001  1.000000e+001
      vertex -2.103990e+001 -2.162221e+001  1.000000e+001
      vertex -2.112769e+001 -2.178645e+001  1.000000e+001
    endloop
  endfacet
  facet normal  -0.000000e+000  0.000000e+000  1.000000e+000
    outer loop
      vertex -1.937231e+001 -2.178645e+001  1.000000e+001
      vertex -2.112769e+001 -2.178645e+001  1.000000e+001
      vertex -1.931825e+001 -2.196466e+001  1.000000e+001
    endloop
  endfacet
  facet normal  0.000000e+000  0.000000e+000  1.000000e+000
    outer loop
      vertex -1.931825e+001 -2.196466e+001  1.000000e+001
      vertex -2.112769e+001 -2.178645e+001  1.000000e+001
      vertex -2.118175e+001 -2.196466e+001  1.000000e+001
    endloop
  endfacet
  facet normal  -0.000000e+000  0.000000e+000  1.000000e+000
    outer loop
      vertex -1.931825e+001 -2.196466e+001  1.000000e+001
      vertex -2.118175e+001 -2.196466e+001  1.000000e+001
      vertex -1.930000e+001 -2.215000e+001  1.000000e+001
    endloop
  endfacet
  facet normal  0.000000e+000  0.000000e+000  1.000000e+000
    outer loop
      vertex -1.930000e+001 -2.215000e+001  1.000000e+001
      vertex -2.118175e+001 -2.196466e+001  1.000000e+001
      vertex -2.120000e+001 -2.215000e+001  1.000000e+001
    endloop
  endfacet
  facet normal  -0.000000e+000  0.000000e+000  1.000000e+000
    outer loop
      vertex -1.930000e+001 -2.215000e+001  1.000000e+001
      vertex -2.120000e+001 -2.215000e+001  1.000000e+001
      vertex -1.931825e+001 -2.233534e+001  1.000000e+001
    endloop
  endfacet
  facet normal  0.000000e+000  0.000000e+000  1.000000e+000
    outer loop
      vertex -1.931825e+001 -2.233534e+001  1.000000e+001
      vertex -2.120000e+001 -2.215000e+001  1.000000e+001
      vertex -2.118175e+001 -2.233534e+001  1.000000e+001
    endloop
  endfacet
  facet normal  -0.000000e+000  0.000000e+000  1.000000e+000
    outer loop
      vertex -1.931825e+001 -2.233534e+001  1.000000e+001
      vertex -2.118175e+001 -2.233534e+001  1.000000e+001
      vertex -1.937231e+001 -2.251355e+001  1.000000e+001
    endloop
  endfacet
  facet normal  0.000000e+000  0.000000e+000  1.000000e+000
    outer loop
      vertex -1.937231e+001 -2.251355e+001  1.000000e+001
      vertex -2.118175e+001 -2.233534e+001  1.000000e+001
      vertex -2.112769e+001 -2.251355e+001  1.000000e+001
    endloop
  endfacet
  facet normal  -0.000000e+000  0.000000e+000  1.000000e+000
    outer loop
      vertex -1.937231e+001 -2.251355e+001  1.000000e+001
      vertex -2.112769e+001 -2.251355e+001  1.000000e+001
      vertex -1.946010e+001 -2.267779e+001  1.000000e+001
    endloop
  endfacet
  facet normal  0.000000e+000  0.000000e+000  1.000000e+000
    outer loop
      vertex -1.946010e+001 -2.267779e+001  1.000000e+001
      vertex -2.112769e+001 -2.251355e+001  1.000000e+001
      vertex -2.103990e+001 -2.267779e+001  1.000000e+001
    endloop
  endfacet
  facet normal  -0.000000e+000  0.000000e+000  1.000000e+000
    outer loop
      vertex -1.946010e+001 -2.267779e+001  1.000000e+001
      vertex -2.103990e+001 -2.267779e+001  1.000000e+001
      vertex -1.957825e+001 -2.282175e+001  1.000000e+001
    endloop
  endfacet
  facet normal  0.000000e+000  0.000000e+000  1.000000e+000
    outer loop
      vertex -1.957825e+001 -2.282175e+001  1.000000e+001
      vertex -2.103990e+001 -2.267779e+001  1.000000e+001
      vertex -2.092175e+001 -2.282175e+001  1.000000e+001
    endloop
  endfacet
  facet normal  -0.000000e+000  0.000000e+000  1.000000e+000
    outer loop
      vertex -1.957825e+001 -2.282175e+001  1.000000e+001
      vertex -2.092175e+001 -2.282175e+001  1.000000e+001
      vertex -1.972221e+001 -2.293990e+001  1.000000e+001
    endloop
  endfacet
  facet normal  0.000000e+000  0.000000e+000  1.000000e+000
    outer loop
      vertex -1.972221e+001 -2.293990e+001  1.000000e+001
      vertex -2.092175e+001 -2.282175e+001  1.000000e+001
      vertex -2.077779e+001 -2.293990e+001  1.000000e+001
    endloop
  endfacet
  facet normal  -0.000000e+000  0.000000e+000  1.000000e+000
    outer loop
      vertex -1.972221e+001 -2.293990e+001  1.000000e+001
      vertex -2.077779e+001 -2.293990e+001  1.000000e+001
      vertex -1.988645e+001 -2.302769e+001  1.000000e+001
    endloop
  endfacet
  facet normal  0.000000e+000  0.000000e+000  1.000000e+000
    outer loop
      vertex -1.988645e+001 -2.302769e+001  1.000000e+001
      vertex -2.077779e+001 -2.293990e+001  1.000000e+001
      vertex -2.061355e+001 -2.302769e+001  1.000000e+001
    endloop
  endfacet
  facet normal  -0.000000e+000  0.000000e+000  1.000000e+000
    outer loop
      vertex -1.988645e+001 -2.302769e+001  1.000000e+001
      vertex -2.061355e+001 -2.302769e+001  1.000000e+001
      vertex -2.006466e+001 -2.308175e+001  1.000000e+001
    endloop
  endfacet
  facet normal  0.000000e+000  0.000000e+000  1.000000e+000
    outer loop
      vertex -2.006466e+001 -2.308175e+001  1.000000e+001
      vertex -2.061355e+001 -2.302769e+001  1.000000e+001
      vertex -2.043534e+001 -2.308175e+001  1.000000e+001
    endloop
  endfacet
  facet normal  -0.000000e+000  0.000000e+000  1.000000e+000
    outer loop
      vertex -2.006466e+001 -2.308175e+001  1.000000e+001
      vertex -2.043534e+001 -2.308175e+001  1.000000e+001
      vertex -2.025000e+001 -2.310000e+001  1.000000e+001
    endloop
  endfacet
  facet normal  0.000000e+000  0.000000e+000  1.000000e+000
    outer loop
      vertex  2.006466e+001 -2.121825e+001  1.000000e+001
      vertex  2.043534e+001 -2.121825e+001  1.000000e+001
      vertex  2.025000e+001 -2.120000e+001  1.000000e+001
    endloop
  endfacet
  facet normal  -0.000000e+000  0.000000e+000  1.000000e+000
    outer loop
      vertex  2.043534e+001 -2.121825e+001  1.000000e+001
      vertex  2.006466e+001 -2.121825e+001  1.000000e+001
      vertex  2.061355e+001 -2.127231e+001  1.000000e+001
    endloop
  endfacet
  facet normal  0.000000e+000  0.000000e+000  1.000000e+000
    outer loop
      vertex  2.061355e+001 -2.127231e+001  1.000000e+001
      vertex  2.006466e+001 -2.121825e+001  1.000000e+001
      vertex  1.988645e+001 -2.127231e+001  1.000000e+001
    endloop
  endfacet
  facet normal  -0.000000e+000  0.000000e+000  1.000000e+000
    outer loop
      vertex  2.061355e+001 -2.127231e+001  1.000000e+001
      vertex  1.988645e+001 -2.127231e+001  1.000000e+001
      vertex  2.077779e+001 -2.136010e+001  1.000000e+001
    endloop
  endfacet
  facet normal  0.000000e+000  0.000000e+000  1.000000e+000
    outer loop
      vertex  2.077779e+001 -2.136010e+001  1.000000e+001
      vertex  1.988645e+001 -2.127231e+001  1.000000e+001
      vertex  1.972221e+001 -2.136010e+001  1.000000e+001
    endloop
  endfacet
  facet normal  -0.000000e+000  0.000000e+000  1.000000e+000
    outer loop
      vertex  2.077779e+001 -2.136010e+001  1.000000e+001
      vertex  1.972221e+001 -2.136010e+001  1.000000e+001
      vertex  2.092175e+001 -2.147825e+001  1.000000e+001
    endloop
  endfacet
  facet normal  0.000000e+000  0.000000e+000  1.000000e+000
    outer loop
      vertex  2.092175e+001 -2.147825e+001  1.000000e+001
      vertex  1.972221e+001 -2.136010e+001  1.000000e+001
      vertex  1.957825e+001 -2.147825e+001  1.000000e+001
    endloop
  endfacet
  facet normal  -0.000000e+000  0.000000e+000  1.000000e+000
    outer loop
      vertex  2.092175e+001 -2.147825e+001  1.000000e+001
      vertex  1.957825e+001 -2.147825e+001  1.000000e+001
      vertex  2.103990e+001 -2.162221e+001  1.000000e+001
    endloop
  endfacet
  facet normal  0.000000e+000  0.000000e+000  1.000000e+000
    outer loop
      vertex  2.103990e+001 -2.162221e+001  1.000000e+001
      vertex  1.957825e+001 -2.147825e+001  1.000000e+001
      vertex  1.946010e+001 -2.162221e+001  1.000000e+001
    endloop
  endfacet
  facet normal  -0.000000e+000  0.000000e+000  1.000000e+000
    outer loop
      vertex  2.103990e+001 -2.162221e+001  1.000000e+001
      vertex  1.946010e+001 -2.162221e+001  1.000000e+001
      vertex  2.112769e+001 -2.178645e+001  1.000000e+001
    endloop
  endfacet
  facet normal  0.000000e+000  0.000000e+000  9.999999e-001
    outer loop
      vertex  2.112769e+001 -2.178645e+001  1.000000e+001
      vertex  1.946010e+001 -2.162221e+001  1.000000e+001
      vertex  1.937231e+001 -2.178645e+001  1.000000e+001
    endloop
  endfacet
  facet normal  -0.000000e+000  0.000000e+000  1.000000e+000
    outer loop
      vertex  2.112769e+001 -2.178645e+001  1.000000e+001
      vertex  1.937231e+001 -2.178645e+001  1.000000e+001
      vertex  2.118175e+001 -2.196466e+001  1.000000e+001
    endloop
  endfacet
  facet normal  0.000000e+000  0.000000e+000  1.000000e+000
    outer loop
      vertex  2.118175e+001 -2.196466e+001  1.000000e+001
      vertex  1.937231e+001 -2.178645e+001  1.000000e+001
      vertex  1.931825e+001 -2.196466e+001  1.000000e+001
    endloop
  endfacet
  facet normal  -0.000000e+000  0.000000e+000  1.000000e+000
    outer loop
      vertex  2.118175e+001 -2.196466e+001  1.000000e+001
      vertex  1.931825e+001 -2.196466e+001  1.000000e+001
      vertex  2.120000e+001 -2.215000e+001  1.000000e+001
    endloop
  endfacet
  facet normal  0.000000e+000  0.000000e+000  1.000000e+000
    outer loop
      vertex  2.120000e+001 -2.215000e+001  1.000000e+001
      vertex  1.931825e+001 -2.196466e+001  1.000000e+001
      vertex  1.930000e+001 -2.215000e+001  1.000000e+001
    endloop
  endfacet
  facet normal  -0.000000e+000  0.000000e+000  1.000000e+000
    outer loop
      vertex  2.120000e+001 -2.215000e+001  1.000000e+001
      vertex  1.930000e+001 -2.215000e+001  1.000000e+001
      vertex  2.118175e+001 -2.233534e+001  1.000000e+001
    endloop
  endfacet
  facet normal  0.000000e+000  0.000000e+000  1.000000e+000
    outer loop
      vertex  2.118175e+001 -2.233534e+001  1.000000e+001
      vertex  1.930000e+001 -2.215000e+001  1.000000e+001
      vertex  1.931825e+001 -2.233534e+001  1.000000e+001
    endloop
  endfacet
  facet normal  -0.000000e+000  0.000000e+000  1.000000e+000
    outer loop
      vertex  2.118175e+001 -2.233534e+001  1.000000e+001
      vertex  1.931825e+001 -2.233534e+001  1.000000e+001
      vertex  2.112769e+001 -2.251355e+001  1.000000e+001
    endloop
  endfacet
  facet normal  0.000000e+000  0.000000e+000  1.000000e+000
    outer loop
      vertex  2.112769e+001 -2.251355e+001  1.000000e+001
      vertex  1.931825e+001 -2.233534e+001  1.000000e+001
      vertex  1.937231e+001 -2.251355e+001  1.000000e+001
    endloop
  endfacet
  facet normal  -0.000000e+000  0.000000e+000  1.000000e+000
    outer loop
      vertex  2.112769e+001 -2.251355e+001  1.000000e+001
      vertex  1.937231e+001 -2.251355e+001  1.000000e+001
      vertex  2.103990e+001 -2.267779e+001  1.000000e+001
    endloop
  endfacet
  facet normal  0.000000e+000  0.000000e+000  1.000000e+000
    outer loop
      vertex  2.103990e+001 -2.267779e+001  1.000000e+001
      vertex  1.937231e+001 -2.251355e+001  1.000000e+001
      vertex  1.946010e+001 -2.267779e+001  1.000000e+001
    endloop
  endfacet
  facet normal  -0.000000e+000  0.000000e+000  1.000000e+000
    outer loop
      vertex  2.103990e+001 -2.267779e+001  1.000000e+001
      vertex  1.946010e+001 -2.267779e+001  1.000000e+001
      vertex  2.092175e+001 -2.282175e+001  1.000000e+001
    endloop
  endfacet
  facet normal  0.000000e+000  0.000000e+000  1.000000e+000
    outer loop
      vertex  2.092175e+001 -2.282175e+001  1.000000e+001
      vertex  1.946010e+001 -2.267779e+001  1.000000e+001
      vertex  1.957825e+001 -2.282175e+001  1.000000e+001
    endloop
  endfacet
  facet normal  -0.000000e+000  0.000000e+000  1.000000e+000
    outer loop
      vertex  2.092175e+001 -2.282175e+001  1.000000e+001
      vertex  1.957825e+001 -2.282175e+001  1.000000e+001
      vertex  2.077779e+001 -2.293990e+001  1.000000e+001
    endloop
  endfacet
  facet normal  0.000000e+000  0.000000e+000  1.000000e+000
    outer loop
      vertex  2.077779e+001 -2.293990e+001  1.000000e+001
      vertex  1.957825e+001 -2.282175e+001  1.000000e+001
      vertex  1.972221e+001 -2.293990e+001  1.000000e+001
    endloop
  endfacet
  facet normal  -0.000000e+000  0.000000e+000  1.000000e+000
    outer loop
      vertex  2.077779e+001 -2.293990e+001  1.000000e+001
      vertex  1.972221e+001 -2.293990e+001  1.000000e+001
      vertex  2.061355e+001 -2.302769e+001  1.000000e+001
    endloop
  endfacet
  facet normal  0.000000e+000  0.000000e+000  1.000000e+000
    outer loop
      vertex  2.061355e+001 -2.302769e+001  1.000000e+001
      vertex  1.972221e+001 -2.293990e+001  1.000000e+001
      vertex  1.988645e+001 -2.302769e+001  1.000000e+001
    endloop
  endfacet
  facet normal  -0.000000e+000  0.000000e+000  1.000000e+000
    outer loop
      vertex  2.061355e+001 -2.302769e+001  1.000000e+001
      vertex  1.988645e+001 -2.302769e+001  1.000000e+001
      vertex  2.043534e+001 -2.308175e+001  1.000000e+001
    endloop
  endfacet
  facet normal  0.000000e+000  0.000000e+000  1.000000e+000
    outer loop
      vertex  2.043534e+001 -2.308175e+001  1.000000e+001
      vertex  1.988645e+001 -2.302769e+001  1.000000e+001
      vertex  2.006466e+001 -2.308175e+001  1.000000e+001
    endloop
  endfacet
  facet normal  -0.000000e+000  0.000000e+000  1.000000e+000
    outer loop
      vertex  2.043534e+001 -2.308175e+001  1.000000e+001
      vertex  2.006466e+001 -2.308175e+001  1.000000e+001
      vertex  2.025000e+001 -2.310000e+001  1.000000e+001
    endloop
  endfacet
  facet normal  0.000000e+000  0.000000e+000  1.000000e+000
    outer loop
      vertex  2.006466e+001  2.308175e+001  1.000000e+001
      vertex  2.043534e+001  2.308175e+001  1.000000e+001
      vertex  2.025000e+001  2.310000e+001  1.000000e+001
    endloop
  endfacet
  facet normal  -0.000000e+000  0.000000e+000  1.000000e+000
    outer loop
      vertex  2.043534e+001  2.308175e+001  1.000000e+001
      vertex  2.006466e+001  2.308175e+001  1.000000e+001
      vertex  2.061355e+001  2.302769e+001  1.000000e+001
    endloop
  endfacet
  facet normal  0.000000e+000  0.000000e+000  1.000000e+000
    outer loop
      vertex  2.061355e+001  2.302769e+001  1.000000e+001
      vertex  2.006466e+001  2.308175e+001  1.000000e+001
      vertex  1.988645e+001  2.302769e+001  1.000000e+001
    endloop
  endfacet
  facet normal  -0.000000e+000  0.000000e+000  1.000000e+000
    outer loop
      vertex  2.061355e+001  2.302769e+001  1.000000e+001
      vertex  1.988645e+001  2.302769e+001  1.000000e+001
      vertex  2.077779e+001  2.293990e+001  1.000000e+001
    endloop
  endfacet
  facet normal  0.000000e+000  0.000000e+000  1.000000e+000
    outer loop
      vertex  2.077779e+001  2.293990e+001  1.000000e+001
      vertex  1.988645e+001  2.302769e+001  1.000000e+001
      vertex  1.972221e+001  2.293990e+001  1.000000e+001
    endloop
  endfacet
  facet normal  -0.000000e+000  0.000000e+000  1.000000e+000
    outer loop
      vertex  2.077779e+001  2.293990e+001  1.000000e+001
      vertex  1.972221e+001  2.293990e+001  1.000000e+001
      vertex  2.092175e+001  2.282175e+001  1.000000e+001
    endloop
  endfacet
  facet normal  0.000000e+000  0.000000e+000  1.000000e+000
    outer loop
      vertex  2.092175e+001  2.282175e+001  1.000000e+001
      vertex  1.972221e+001  2.293990e+001  1.000000e+001
      vertex  1.957825e+001  2.282175e+001  1.000000e+001
    endloop
  endfacet
  facet normal  -0.000000e+000  0.000000e+000  1.000000e+000
    outer loop
      vertex  2.092175e+001  2.282175e+001  1.000000e+001
      vertex  1.957825e+001  2.282175e+001  1.000000e+001
      vertex  2.103990e+001  2.267779e+001  1.000000e+001
    endloop
  endfacet
  facet normal  0.000000e+000  0.000000e+000  1.000000e+000
    outer loop
      vertex  2.103990e+001  2.267779e+001  1.000000e+001
      vertex  1.957825e+001  2.282175e+001  1.000000e+001
      vertex  1.946010e+001  2.267779e+001  1.000000e+001
    endloop
  endfacet
  facet normal  -0.000000e+000  0.000000e+000  1.000000e+000
    outer loop
      vertex  2.103990e+001  2.267779e+001  1.000000e+001
      vertex  1.946010e+001  2.267779e+001  1.000000e+001
      vertex  2.112769e+001  2.251355e+001  1.000000e+001
    endloop
  endfacet
  facet normal  0.000000e+000  0.000000e+000  1.000000e+000
    outer loop
      vertex  2.112769e+001  2.251355e+001  1.000000e+001
      vertex  1.946010e+001  2.267779e+001  1.000000e+001
      vertex  1.937231e+001  2.251355e+001  1.000000e+001
    endloop
  endfacet
  facet normal  -0.000000e+000  0.000000e+000  1.000000e+000
    outer loop
      vertex  2.112769e+001  2.251355e+001  1.000000e+001
      vertex  1.937231e+001  2.251355e+001  1.000000e+001
      vertex  2.118175e+001  2.233534e+001  1.000000e+001
    endloop
  endfacet
  facet normal  0.000000e+000  0.000000e+000  1.000000e+000
    outer loop
      vertex  2.118175e+001  2.233534e+001  1.000000e+001
      vertex  1.937231e+001  2.251355e+001  1.000000e+001
      vertex  1.931825e+001  2.233534e+001  1.000000e+001
    endloop
  endfacet
  facet normal  -0.000000e+000  0.000000e+000  1.000000e+000
    outer loop
      vertex  2.118175e+001  2.233534e+001  1.000000e+001
      vertex  1.931825e+001  2.233534e+001  1.000000e+001
      vertex  2.120000e+001  2.215000e+001  1.000000e+001
    endloop
  endfacet
  facet normal  0.000000e+000  0.000000e+000  1.000000e+000
    outer loop
      vertex  2.120000e+001  2.215000e+001  1.000000e+001
      vertex  1.931825e+001  2.233534e+001  1.000000e+001
      vertex  1.930000e+001  2.215000e+001  1.000000e+001
    endloop
  endfacet
  facet normal  -0.000000e+000  0.000000e+000  1.000000e+000
    outer loop
      vertex  2.120000e+001  2.215000e+001  1.000000e+001
      vertex  1.930000e+001  2.215000e+001  1.000000e+001
      vertex  2.118175e+001  2.196466e+001  1.000000e+001
    endloop
  endfacet
  facet normal  0.000000e+000  0.000000e+000  1.000000e+000
    outer loop
      vertex  2.118175e+001  2.196466e+001  1.000000e+001
      vertex  1.930000e+001  2.215000e+001  1.000000e+001
      vertex  1.931825e+001  2.196466e+001  1.000000e+001
    endloop
  endfacet
  facet normal  -0.000000e+000  0.000000e+000  1.000000e+000
    outer loop
      vertex  2.118175e+001  2.196466e+001  1.000000e+001
      vertex  1.931825e+001  2.196466e+001  1.000000e+001
      vertex  2.112769e+001  2.178645e+001  1.000000e+001
    endloop
  endfacet
  facet normal  0.000000e+000  0.000000e+000  1.000000e+000
    outer loop
      vertex  2.112769e+001  2.178645e+001  1.000000e+001
      vertex  1.931825e+001  2.196466e+001  1.000000e+001
      vertex  1.937231e+001  2.178645e+001  1.000000e+001
    endloop
  endfacet
  facet normal  -0.000000e+000  0.000000e+000  9.999999e-001
    outer loop
      vertex  2.112769e+001  2.178645e+001  1.000000e+001
      vertex  1.937231e+001  2.178645e+001  1.000000e+001
      vertex  2.103990e+001  2.162221e+001  1.000000e+001
    endloop
  endfacet
  facet normal  0.000000e+000  0.000000e+000  1.000000e+000
    outer loop
      vertex  2.103990e+001  2.162221e+001  1.000000e+001
      vertex  1.937231e+001  2.178645e+001  1.000000e+001
      vertex  1.946010e+001  2.162221e+001  1.000000e+001
    endloop
  endfacet
  facet normal  -0.000000e+000  0.000000e+000  1.000000e+000
    outer loop
      vertex  2.103990e+001  2.162221e+001  1.000000e+001
      vertex  1.946010e+001  2.162221e+001  1.000000e+001
      vertex  2.092175e+001  2.147825e+001  1.000000e+001
    endloop
  endfacet
  facet normal  0.000000e+000  0.000000e+000  1.000000e+000
    outer loop
      vertex  2.092175e+001  2.147825e+001  1.000000e+001
      vertex  1.946010e+001  2.162221e+001  1.000000e+001
      vertex  1.957825e+001  2.147825e+001  1.000000e+001
    endloop
  endfacet
  facet normal  -0.000000e+000  0.000000e+000  1.000000e+000
    outer loop
      vertex  2.092175e+001  2.147825e+001  1.000000e+001
      vertex  1.957825e+001  2.147825e+001  1.000000e+001
      vertex  2.077779e+001  2.136010e+001  1.000000e+001
    endloop
  endfacet
  facet normal  0.000000e+000  0.000000e+000  1.000000e+000
    outer loop
      vertex  2.077779e+001  2.136010e+001  1.000000e+001
      vertex  1.957825e+001  2.147825e+001  1.000000e+001
      vertex  1.972221e+001  2.136010e+001  1.000000e+001
    endloop
  endfacet
  facet normal  -0.000000e+000  0.000000e+000  1.000000e+000
    outer loop
      vertex  2.077779e+001  2.136010e+001  1.000000e+001
      vertex  1.972221e+001  2.136010e+001  1.000000e+001
      vertex  2.061355e+001  2.127231e+001  1.000000e+001
    endloop
  endfacet
  facet normal  0.000000e+000  0.000000e+000  1.000000e+000
    outer loop
      vertex  2.061355e+001  2.127231e+001  1.000000e+001
      vertex  1.972221e+001  2.136010e+001  1.000000e+001
      vertex  1.988645e+001  2.127231e+001  1.000000e+001
    endloop
  endfacet
  facet normal  -0.000000e+000  0.000000e+000  1.000000e+000
    outer loop
      vertex  2.061355e+001  2.127231e+001  1.000000e+001
      vertex  1.988645e+001  2.127231e+001  1.000000e+001
      vertex  2.043534e+001  2.121825e+001  1.000000e+001
    endloop
  endfacet
  facet normal  0.000000e+000  0.000000e+000  1.000000e+000
    outer loop
      vertex  2.043534e+001  2.121825e+001  1.000000e+001
      vertex  1.988645e+001  2.127231e+001  1.000000e+001
      vertex  2.006466e+001  2.121825e+001  1.000000e+001
    endloop
  endfacet
  facet normal  -0.000000e+000  0.000000e+000  1.000000e+000
    outer loop
      vertex  2.043534e+001  2.121825e+001  1.000000e+001
      vertex  2.006466e+001  2.121825e+001  1.000000e+001
      vertex  2.025000e+001  2.120000e+001  1.000000e+001
    endloop
  endfacet
  facet normal  0.000000e+000  0.000000e+000  1.000000e+000
    outer loop
      vertex -2.043534e+001  2.308175e+001  1.000000e+001
      vertex -2.006466e+001  2.308175e+001  1.000000e+001
      vertex -2.025000e+001  2.310000e+001  1.000000e+001
    endloop
  endfacet
  facet normal  -0.000000e+000  0.000000e+000  1.000000e+000
    outer loop
      vertex -2.006466e+001  2.308175e+001  1.000000e+001
      vertex -2.043534e+001  2.308175e+001  1.000000e+001
      vertex -1.988645e+001  2.302769e+001  1.000000e+001
    endloop
  endfacet
  facet normal  0.000000e+000  0.000000e+000  1.000000e+000
    outer loop
      vertex -1.988645e+001  2.302769e+001  1.000000e+001
      vertex -2.043534e+001  2.308175e+001  1.000000e+001
      vertex -2.061355e+001  2.302769e+001  1.000000e+001
    endloop
  endfacet
  facet normal  -0.000000e+000  0.000000e+000  1.000000e+000
    outer loop
      vertex -1.988645e+001  2.302769e+001  1.000000e+001
      vertex -2.061355e+001  2.302769e+001  1.000000e+001
      vertex -1.972221e+001  2.293990e+001  1.000000e+001
    endloop
  endfacet
  facet normal  0.000000e+000  0.000000e+000  1.000000e+000
    outer loop
      vertex -1.972221e+001  2.293990e+001  1.000000e+001
      vertex -2.061355e+001  2.302769e+001  1.000000e+001
      vertex -2.077779e+001  2.293990e+001  1.000000e+001
    endloop
  endfacet
  facet normal  -0.000000e+000  0.000000e+000  1.000000e+000
    outer loop
      vertex -1.972221e+001  2.293990e+001  1.000000e+001
      vertex -2.077779e+001  2.293990e+001  1.000000e+001
      vertex -1.957825e+001  2.282175e+001  1.000000e+001
    endloop
  endfacet
  facet normal  0.000000e+000  0.000000e+000  1.000000e+000
    outer loop
      vertex -1.957825e+001  2.282175e+001  1.000000e+001
      vertex -2.077779e+001  2.293990e+001  1.000000e+001
      vertex -2.092175e+001  2.282175e+001  1.000000e+001
    endloop
  endfacet
  facet normal  -0.000000e+000  0.000000e+000  1.000000e+000
    outer loop
      vertex -1.957825e+001  2.282175e+001  1.000000e+001
      vertex -2.092175e+001  2.282175e+001  1.000000e+001
      vertex -1.946010e+001  2.267779e+001  1.000000e+001
    endloop
  endfacet
  facet normal  0.000000e+000  0.000000e+000  1.000000e+000
    outer loop
      vertex -1.946010e+001  2.267779e+001  1.000000e+001
      vertex -2.092175e+001  2.282175e+001  1.000000e+001
      vertex -2.103990e+001  2.267779e+001  1.000000e+001
    endloop
  endfacet
  facet normal  -0.000000e+000  0.000000e+000  1.000000e+000
    outer loop
      vertex -1.946010e+001  2.267779e+001  1.000000e+001
      vertex -2.103990e+001  2.267779e+001  1.000000e+001
      vertex -1.937231e+001  2.251355e+001  1.000000e+001
    endloop
  endfacet
  facet normal  0.000000e+000  0.000000e+000  1.000000e+000
    outer loop
      vertex -1.937231e+001  2.251355e+001  1.000000e+001
      vertex -2.103990e+001  2.267779e+001  1.000000e+001
      vertex -2.112769e+001  2.251355e+001  1.000000e+001
    endloop
  endfacet
  facet normal  -0.000000e+000  0.000000e+000  1.000000e+000
    outer loop
      vertex -1.937231e+001  2.251355e+001  1.000000e+001
      vertex -2.112769e+001  2.251355e+001  1.000000e+001
      vertex -1.931825e+001  2.233534e+001  1.000000e+001
    endloop
  endfacet
  facet normal  0.000000e+000  0.000000e+000  1.000000e+000
    outer loop
      vertex -1.931825e+001  2.233534e+001  1.000000e+001
      vertex -2.112769e+001  2.251355e+001  1.000000e+001
      vertex -2.118175e+001  2.233534e+001  1.000000e+001
    endloop
  endfacet
  facet normal  -0.000000e+000  0.000000e+000  1.000000e+000
    outer loop
      vertex -1.931825e+001  2.233534e+001  1.000000e+001
      vertex -2.118175e+001  2.233534e+001  1.000000e+001
      vertex -1.930000e+001  2.215000e+001  1.000000e+001
    endloop
  endfacet
  facet normal  0.000000e+000  0.000000e+000  1.000000e+000
    outer loop
      vertex -1.930000e+001  2.215000e+001  1.000000e+001
      vertex -2.118175e+001  2.233534e+001  1.000000e+001
      vertex -2.120000e+001  2.215000e+001  1.000000e+001
    endloop
  endfacet
  facet normal  -0.000000e+000  0.000000e+000  1.000000e+000
    outer loop
      vertex -1.930000e+001  2.215000e+001  1.000000e+001
      vertex -2.120000e+001  2.215000e+001  1.000000e+001
      vertex -1.931825e+001  2.196466e+001  1.000000e+001
    endloop
  endfacet
  facet normal  0.000000e+000  0.000000e+000  1.000000e+000
    outer loop
      vertex -1.931825e+001  2.196466e+001  1.000000e+001
      vertex -2.120000e+001  2.215000e+001  1.000000e+001
      vertex -2.118175e+001  2.196466e+001  1.000000e+001
    endloop
  endfacet
  facet normal  -0.000000e+000  0.000000e+000  1.000000e+000
    outer loop
      vertex -1.931825e+001  2.196466e+001  1.000000e+001
      vertex -2.118175e+001  2.196466e+001  1.000000e+001
      vertex -1.937231e+001  2.178645e+001  1.000000e+001
    endloop
  endfacet
  facet normal  0.000000e+000  0.000000e+000  1.000000e+000
    outer loop
      vertex -1.937231e+001  2.178645e+001  1.000000e+001
      vertex -2.118175e+001  2.196466e+001  1.000000e+001
      vertex -2.112769e+001  2.178645e+001  1.000000e+001
    endloop
  endfacet
  facet normal  -0.000000e+000  0.000000e+000  9.999999e-001
    outer loop
      vertex -1.937231e+001  2.178645e+001  1.000000e+001
      vertex -2.112769e+001  2.178645e+001  1.000000e+001
      vertex -1.946010e+001  2.162221e+001  1.000000e+001
    endloop
  endfacet
  facet normal  0.000000e+000  0.000000e+000  1.000000e+000
    outer loop
      vertex -1.946010e+001  2.162221e+001  1.000000e+001
      vertex -2.112769e+001  2.178645e+001  1.000000e+001
      vertex -2.103990e+001  2.162221e+001  1.000000e+001
    endloop
  endfacet
  facet normal  -0.000000e+000  0.000000e+000  1.000000e+000
    outer loop
      vertex -1.946010e+001  2.162221e+001  1.000000e+001
      vertex -2.103990e+001  2.162221e+001  1.000000e+001
      vertex -1.957825e+001  2.147825e+001  1.000000e+001
    endloop
  endfacet
  facet normal  0.000000e+000  0.000000e+000  1.000000e+000
    outer loop
      vertex -1.957825e+001  2.147825e+001  1.000000e+001
      vertex -2.103990e+001  2.162221e+001  1.000000e+001
      vertex -2.092175e+001  2.147825e+001  1.000000e+001
    endloop
  endfacet
  facet normal  -0.000000e+000  0.000000e+000  1.000000e+000
    outer loop
      vertex -1.957825e+001  2.147825e+001  1.000000e+001
      vertex -2.092175e+001  2.147825e+001  1.000000e+001
      vertex -1.972221e+001  2.136010e+001  1.000000e+001
    endloop
  endfacet
  facet normal  0.000000e+000  0.000000e+000  1.000000e+000
    outer loop
      vertex -1.972221e+001  2.136010e+001  1.000000e+001
      vertex -2.092175e+001  2.147825e+001  1.000000e+001
      vertex -2.077779e+001  2.136010e+001  1.000000e+001
    endloop
  endfacet
  facet normal  -0.000000e+000  0.000000e+000  1.000000e+000
    outer loop
      vertex -1.972221e+001  2.136010e+001  1.000000e+001
      vertex -2.077779e+001  2.136010e+001  1.000000e+001
      vertex -1.988645e+001  2.127231e+001  1.000000e+001
    endloop
  endfacet
  facet normal  0.000000e+000  0.000000e+000  1.000000e+000
    outer loop
      vertex -1.988645e+001  2.127231e+001  1.000000e+001
      vertex -2.077779e+001  2.136010e+001  1.000000e+001
      vertex -2.061355e+001  2.127231e+001  1.000000e+001
    endloop
  endfacet
  facet normal  -0.000000e+000  0.000000e+000  1.000000e+000
    outer loop
      vertex -1.988645e+001  2.127231e+001  1.000000e+001
      vertex -2.061355e+001  2.127231e+001  1.000000e+001
      vertex -2.006466e+001  2.121825e+001  1.000000e+001
    endloop
  endfacet
  facet normal  0.000000e+000  0.000000e+000  1.000000e+000
    outer loop
      vertex -2.006466e+001  2.121825e+001  1.000000e+001
      vertex -2.061355e+001  2.127231e+001  1.000000e+001
      vertex -2.043534e+001  2.121825e+001  1.000000e+001
    endloop
  endfacet
  facet normal  -0.000000e+000  0.000000e+000  1.000000e+000
    outer loop
      vertex -2.006466e+001  2.121825e+001  1.000000e+001
      vertex -2.043534e+001  2.121825e+001  1.000000e+001
      vertex -2.025000e+001  2.120000e+001  1.000000e+001
    endloop
  endfacet
  facet normal  1.000000e+000  0.000000e+000  0.000000e+000
    outer loop
      vertex -1.850000e+001 -1.614500e+001  2.000000e+001
      vertex -1.850000e+001 -1.614500e+001  0.000000e+000
      vertex -1.850000e+001  1.614500e+001  2.000000e+001
    endloop
  endfacet
  facet normal  1.000000e+000  0.000000e+000  0.000000e+000
    outer loop
      vertex -1.850000e+001  1.614500e+001  2.000000e+001
      vertex -1.850000e+001 -1.614500e+001  0.000000e+000
      vertex -1.850000e+001  1.614500e+001  0.000000e+000
    endloop
  endfacet
  facet normal  0.000000e+000 -1.000000e+000  0.000000e+000
    outer loop
      vertex -1.550000e+001  1.914500e+001  2.000000e+001
      vertex -1.550000e+001  1.914500e+001  0.000000e+000
      vertex -9.500000e+000  1.914500e+001  2.000000e+001
    endloop
  endfacet
  facet normal  0.000000e+000 -1.000000e+000  -0.000000e+000
    outer loop
      vertex -9.500000e+000  1.914500e+001  2.000000e+001
      vertex -1.550000e+001  1.914500e+001  0.000000e+000
      vertex -9.500000e+000  1.914500e+001  0.000000e+000
    endloop
  endfacet
  facet normal  7.604066e-001 -6.494474e-001  0.000000e+000
    outer loop
      vertex -1.762132e+001  1.826632e+001  0.000000e+000
      vertex -1.792705e+001  1.790836e+001  2.000000e+001
      vertex -1.792705e+001  1.790836e+001  0.000000e+000
    endloop
  endfacet
  facet normal  8.526410e-001 -5.224974e-001  0.000000e+000
    outer loop
      vertex -1.792705e+001  1.790836e+001  0.000000e+000
      vertex -1.792705e+001  1.790836e+001  2.000000e+001
      vertex -1.817302e+001  1.750697e+001  2.000000e+001
    endloop
  endfacet
  facet normal  8.526410e-001 -5.224974e-001  0.000000e+000
    outer loop
      vertex -1.792705e+001  1.790836e+001  0.000000e+000
      vertex -1.817302e+001  1.750697e+001  2.000000e+001
      vertex -1.817302e+001  1.750697e+001  0.000000e+000
    endloop
  endfacet
  facet normal  9.238790e-001 -3.826847e-001  0.000000e+000
    outer loop
      vertex -1.817302e+001  1.750697e+001  0.000000e+000
      vertex -1.817302e+001  1.750697e+001  2.000000e+001
      vertex -1.835317e+001  1.707205e+001  2.000000e+001
    endloop
  endfacet
  facet normal  9.238790e-001 -3.826847e-001  0.000000e+000
    outer loop
      vertex -1.817302e+001  1.750697e+001  0.000000e+000
      vertex -1.835317e+001  1.707205e+001  2.000000e+001
      vertex -1.835317e+001  1.707205e+001  0.000000e+000
    endloop
  endfacet
  facet normal  9.723706e-001 -2.334425e-001  0.000000e+000
    outer loop
      vertex -1.835317e+001  1.707205e+001  0.000000e+000
      vertex -1.835317e+001  1.707205e+001  2.000000e+001
      vertex -1.846306e+001  1.661430e+001  2.000000e+001
    endloop
  endfacet
  facet normal  9.723706e-001 -2.334425e-001  0.000000e+000
    outer loop
      vertex -1.835317e+001  1.707205e+001  0.000000e+000
      vertex -1.846306e+001  1.661430e+001  2.000000e+001
      vertex -1.846306e+001  1.661430e+001  0.000000e+000
    endloop
  endfacet
  facet normal  9.969171e-001 -7.846089e-002  0.000000e+000
    outer loop
      vertex -1.846306e+001  1.661430e+001  0.000000e+000
      vertex -1.846306e+001  1.661430e+001  2.000000e+001
      vertex -1.850000e+001  1.614500e+001  2.000000e+001
    endloop
  endfacet
  facet normal  9.969171e-001 -7.846089e-002  0.000000e+000
    outer loop
      vertex -1.846306e+001  1.661430e+001  0.000000e+000
      vertex -1.850000e+001  1.614500e+001  2.000000e+001
      vertex -1.850000e+001  1.614500e+001  0.000000e+000
    endloop
  endfacet
  facet normal  7.604066e-001 -6.494474e-001  0.000000e+000
    outer loop
      vertex -1.792705e+001  1.790836e+001  2.000000e+001
      vertex -1.762132e+001  1.826632e+001  0.000000e+000
      vertex -1.762132e+001  1.826632e+001  2.000000e+001
    endloop
  endfacet
  facet normal  6.494451e-001 -7.604086e-001  0.000000e+000
    outer loop
      vertex -1.762132e+001  1.826632e+001  2.000000e+001
      vertex -1.762132e+001  1.826632e+001  0.000000e+000
      vertex -1.726336e+001  1.857205e+001  0.000000e+000
    endloop
  endfacet
  facet normal  6.494451e-001 -7.604086e-001  0.000000e+000
    outer loop
      vertex -1.762132e+001  1.826632e+001  2.000000e+001
      vertex -1.726336e+001  1.857205e+001  0.000000e+000
      vertex -1.726336e+001  1.857205e+001  2.000000e+001
    endloop
  endfacet
  facet normal  5.225003e-001 -8.526391e-001  0.000000e+000
    outer loop
      vertex -1.726336e+001  1.857205e+001  2.000000e+001
      vertex -1.726336e+001  1.857205e+001  0.000000e+000
      vertex -1.686197e+001  1.881802e+001  0.000000e+000
    endloop
  endfacet
  facet normal  5.225003e-001 -8.526391e-001  0.000000e+000
    outer loop
      vertex -1.726336e+001  1.857205e+001  2.000000e+001
      vertex -1.686197e+001  1.881802e+001  0.000000e+000
      vertex -1.686197e+001  1.881802e+001  2.000000e+001
    endloop
  endfacet
  facet normal  3.826827e-001 -9.238799e-001  0.000000e+000
    outer loop
      vertex -1.686197e+001  1.881802e+001  2.000000e+001
      vertex -1.686197e+001  1.881802e+001  0.000000e+000
      vertex -1.642705e+001  1.899817e+001  0.000000e+000
    endloop
  endfacet
  facet normal  3.826827e-001 -9.238799e-001  0.000000e+000
    outer loop
      vertex -1.686197e+001  1.881802e+001  2.000000e+001
      vertex -1.642705e+001  1.899817e+001  0.000000e+000
      vertex -1.642705e+001  1.899817e+001  2.000000e+001
    endloop
  endfacet
  facet normal  2.334454e-001 -9.723699e-001  0.000000e+000
    outer loop
      vertex -1.642705e+001  1.899817e+001  2.000000e+001
      vertex -1.642705e+001  1.899817e+001  0.000000e+000
      vertex -1.596930e+001  1.910806e+001  0.000000e+000
    endloop
  endfacet
  facet normal  2.334454e-001 -9.723699e-001  0.000000e+000
    outer loop
      vertex -1.642705e+001  1.899817e+001  2.000000e+001
      vertex -1.596930e+001  1.910806e+001  0.000000e+000
      vertex -1.596930e+001  1.910806e+001  2.000000e+001
    endloop
  endfacet
  facet normal  7.846089e-002 -9.969171e-001  0.000000e+000
    outer loop
      vertex -1.596930e+001  1.910806e+001  2.000000e+001
      vertex -1.596930e+001  1.910806e+001  0.000000e+000
      vertex -1.550000e+001  1.914500e+001  0.000000e+000
    endloop
  endfacet
  facet normal  7.846089e-002 -9.969171e-001  0.000000e+000
    outer loop
      vertex -1.596930e+001  1.910806e+001  2.000000e+001
      vertex -1.550000e+001  1.914500e+001  0.000000e+000
      vertex -1.550000e+001  1.914500e+001  2.000000e+001
    endloop
  endfacet
  facet normal -1.000000e+000  0.000000e+000  0.000000e+000
    outer loop
      vertex  1.850000e+001  1.614500e+001  2.000000e+001
      vertex  1.850000e+001  1.614500e+001  0.000000e+000
      vertex  1.850000e+001 -1.614500e+001  2.000000e+001
    endloop
  endfacet
  facet normal -1.000000e+000  0.000000e+000  0.000000e+000
    outer loop
      vertex  1.850000e+001 -1.614500e+001  2.000000e+001
      vertex  1.850000e+001  1.614500e+001  0.000000e+000
      vertex  1.850000e+001 -1.614500e+001  0.000000e+000
    endloop
  endfacet
  facet normal  0.000000e+000 -1.000000e+000  0.000000e+000
    outer loop
      vertex  9.500000e+000  1.914500e+001  2.000000e+001
      vertex  9.500000e+000  1.914500e+001  0.000000e+000
      vertex  1.550000e+001  1.914500e+001  2.000000e+001
    endloop
  endfacet
  facet normal  0.000000e+000 -1.000000e+000  -0.000000e+000
    outer loop
      vertex  1.550000e+001  1.914500e+001  2.000000e+001
      vertex  9.500000e+000  1.914500e+001  0.000000e+000
      vertex  1.550000e+001  1.914500e+001  0.000000e+000
    endloop
  endfacet
  facet normal -6.494451e-001 -7.604086e-001  -0.000000e+000
    outer loop
      vertex  1.762132e+001  1.826632e+001  0.000000e+000
      vertex  1.726336e+001  1.857205e+001  2.000000e+001
      vertex  1.726336e+001  1.857205e+001  0.000000e+000
    endloop
  endfacet
  facet normal -5.225003e-001 -8.526391e-001  0.000000e+000
    outer loop
      vertex  1.726336e+001  1.857205e+001  0.000000e+000
      vertex  1.726336e+001  1.857205e+001  2.000000e+001
      vertex  1.686197e+001  1.881802e+001  2.000000e+001
    endloop
  endfacet
  facet normal -5.225003e-001 -8.526391e-001  -0.000000e+000
    outer loop
      vertex  1.726336e+001  1.857205e+001  0.000000e+000
      vertex  1.686197e+001  1.881802e+001  2.000000e+001
      vertex  1.686197e+001  1.881802e+001  0.000000e+000
    endloop
  endfacet
  facet normal -3.826827e-001 -9.238799e-001  0.000000e+000
    outer loop
      vertex  1.686197e+001  1.881802e+001  0.000000e+000
      vertex  1.686197e+001  1.881802e+001  2.000000e+001
      vertex  1.642705e+001  1.899817e+001  2.000000e+001
    endloop
  endfacet
  facet normal -3.826827e-001 -9.238799e-001  -0.000000e+000
    outer loop
      vertex  1.686197e+001  1.881802e+001  0.000000e+000
      vertex  1.642705e+001  1.899817e+001  2.000000e+001
      vertex  1.642705e+001  1.899817e+001  0.000000e+000
    endloop
  endfacet
  facet normal -2.334454e-001 -9.723699e-001  0.000000e+000
    outer loop
      vertex  1.642705e+001  1.899817e+001  0.000000e+000
      vertex  1.642705e+001  1.899817e+001  2.000000e+001
      vertex  1.596930e+001  1.910806e+001  2.000000e+001
    endloop
  endfacet
  facet normal -2.334454e-001 -9.723699e-001  -0.000000e+000
    outer loop
      vertex  1.642705e+001  1.899817e+001  0.000000e+000
      vertex  1.596930e+001  1.910806e+001  2.000000e+001
      vertex  1.596930e+001  1.910806e+001  0.000000e+000
    endloop
  endfacet
  facet normal -7.846089e-002 -9.969171e-001  0.000000e+000
    outer loop
      vertex  1.596930e+001  1.910806e+001  0.000000e+000
      vertex  1.596930e+001  1.910806e+001  2.000000e+001
      vertex  1.550000e+001  1.914500e+001  2.000000e+001
    endloop
  endfacet
  facet normal -7.846089e-002 -9.969171e-001  -0.000000e+000
    outer loop
      vertex  1.596930e+001  1.910806e+001  0.000000e+000
      vertex  1.550000e+001  1.914500e+001  2.000000e+001
      vertex  1.550000e+001  1.914500e+001  0.000000e+000
    endloop
  endfacet
  facet normal -6.494451e-001 -7.604086e-001  0.000000e+000
    outer loop
      vertex  1.726336e+001  1.857205e+001  2.000000e+001
      vertex  1.762132e+001  1.826632e+001  0.000000e+000
      vertex  1.762132e+001  1.826632e+001  2.000000e+001
    endloop
  endfacet
  facet normal -7.604066e-001 -6.494474e-001  -0.000000e+000
    outer loop
      vertex  1.762132e+001  1.826632e+001  2.000000e+001
      vertex  1.762132e+001  1.826632e+001  0.000000e+000
      vertex  1.792705e+001  1.790836e+001  0.000000e+000
    endloop
  endfacet
  facet normal -7.604066e-001 -6.494474e-001  0.000000e+000
    outer loop
      vertex  1.762132e+001  1.826632e+001  2.000000e+001
      vertex  1.792705e+001  1.790836e+001  0.000000e+000
      vertex  1.792705e+001  1.790836e+001  2.000000e+001
    endloop
  endfacet
  facet normal -8.526410e-001 -5.224974e-001  -0.000000e+000
    outer loop
      vertex  1.792705e+001  1.790836e+001  2.000000e+001
      vertex  1.792705e+001  1.790836e+001  0.000000e+000
      vertex  1.817302e+001  1.750697e+001  0.000000e+000
    endloop
  endfacet
  facet normal -8.526410e-001 -5.224974e-001  0.000000e+000
    outer loop
      vertex  1.792705e+001  1.790836e+001  2.000000e+001
      vertex  1.817302e+001  1.750697e+001  0.000000e+000
      vertex  1.817302e+001  1.750697e+001  2.000000e+001
    endloop
  endfacet
  facet normal -9.238790e-001 -3.826847e-001  -0.000000e+000
    outer loop
      vertex  1.817302e+001  1.750697e+001  2.000000e+001
      vertex  1.817302e+001  1.750697e+001  0.000000e+000
      vertex  1.835317e+001  1.707205e+001  0.000000e+000
    endloop
  endfacet
  facet normal -9.238790e-001 -3.826847e-001  0.000000e+000
    outer loop
      vertex  1.817302e+001  1.750697e+001  2.000000e+001
      vertex  1.835317e+001  1.707205e+001  0.000000e+000
      vertex  1.835317e+001  1.707205e+001  2.000000e+001
    endloop
  endfacet
  facet normal -9.723706e-001 -2.334425e-001  -0.000000e+000
    outer loop
      vertex  1.835317e+001  1.707205e+001  2.000000e+001
      vertex  1.835317e+001  1.707205e+001  0.000000e+000
      vertex  1.846306e+001  1.661430e+001  0.000000e+000
    endloop
  endfacet
  facet normal -9.723706e-001 -2.334425e-001  0.000000e+000
    outer loop
      vertex  1.835317e+001  1.707205e+001  2.000000e+001
      vertex  1.846306e+001  1.661430e+001  0.000000e+000
      vertex  1.846306e+001  1.661430e+001  2.000000e+001
    endloop
  endfacet
  facet normal -9.969171e-001 -7.846089e-002  -0.000000e+000
    outer loop
      vertex  1.846306e+001  1.661430e+001  2.000000e+001
      vertex  1.846306e+001  1.661430e+001  0.000000e+000
      vertex  1.850000e+001  1.614500e+001  0.000000e+000
    endloop
  endfacet
  facet normal -9.969171e-001 -7.846089e-002  0.000000e+000
    outer loop
      vertex  1.846306e+001  1.661430e+001  2.000000e+001
      vertex  1.850000e+001  1.614500e+001  0.000000e+000
      vertex  1.850000e+001  1.614500e+001  2.000000e+001
    endloop
  endfacet
  facet normal  0.000000e+000  1.000000e+000  -0.000000e+000
    outer loop
      vertex -9.500000e+000 -1.914500e+001  2.000000e+001
      vertex -9.500000e+000 -1.914500e+001  0.000000e+000
      vertex -1.550000e+001 -1.914500e+001  2.000000e+001
    endloop
  endfacet
  facet normal  0.000000e+000  1.000000e+000  0.000000e+000
    outer loop
      vertex -1.550000e+001 -1.914500e+001  2.000000e+001
      vertex -9.500000e+000 -1.914500e+001  0.000000e+000
      vertex -1.550000e+001 -1.914500e+001  0.000000e+000
    endloop
  endfacet
  facet normal  6.494451e-001  7.604086e-001  0.000000e+000
    outer loop
      vertex -1.762132e+001 -1.826632e+001  0.000000e+000
      vertex -1.726336e+001 -1.857205e+001  2.000000e+001
      vertex -1.726336e+001 -1.857205e+001  0.000000e+000
    endloop
  endfacet
  facet normal  5.225003e-001  8.526391e-001  -0.000000e+000
    outer loop
      vertex -1.726336e+001 -1.857205e+001  0.000000e+000
      vertex -1.726336e+001 -1.857205e+001  2.000000e+001
      vertex -1.686197e+001 -1.881802e+001  2.000000e+001
    endloop
  endfacet
  facet normal  5.225003e-001  8.526391e-001  0.000000e+000
    outer loop
      vertex -1.726336e+001 -1.857205e+001  0.000000e+000
      vertex -1.686197e+001 -1.881802e+001  2.000000e+001
      vertex -1.686197e+001 -1.881802e+001  0.000000e+000
    endloop
  endfacet
  facet normal  3.826827e-001  9.238799e-001  -0.000000e+000
    outer loop
      vertex -1.686197e+001 -1.881802e+001  0.000000e+000
      vertex -1.686197e+001 -1.881802e+001  2.000000e+001
      vertex -1.642705e+001 -1.899817e+001  2.000000e+001
    endloop
  endfacet
  facet normal  3.826827e-001  9.238799e-001  0.000000e+000
    outer loop
      vertex -1.686197e+001 -1.881802e+001  0.000000e+000
      vertex -1.642705e+001 -1.899817e+001  2.000000e+001
      vertex -1.642705e+001 -1.899817e+001  0.000000e+000
    endloop
  endfacet
  facet normal  2.334454e-001  9.723699e-001  -0.000000e+000
    outer loop
      vertex -1.642705e+001 -1.899817e+001  0.000000e+000
      vertex -1.642705e+001 -1.899817e+001  2.000000e+001
      vertex -1.596930e+001 -1.910806e+001  2.000000e+001
    endloop
  endfacet
  facet normal  2.334454e-001  9.723699e-001  0.000000e+000
    outer loop
      vertex -1.642705e+001 -1.899817e+001  0.000000e+000
      vertex -1.596930e+001 -1.910806e+001  2.000000e+001
      vertex -1.596930e+001 -1.910806e+001  0.000000e+000
    endloop
  endfacet
  facet normal  7.846089e-002  9.969171e-001  -0.000000e+000
    outer loop
      vertex -1.596930e+001 -1.910806e+001  0.000000e+000
      vertex -1.596930e+001 -1.910806e+001  2.000000e+001
      vertex -1.550000e+001 -1.914500e+001  2.000000e+001
    endloop
  endfacet
  facet normal  7.846089e-002  9.969171e-001  0.000000e+000
    outer loop
      vertex -1.596930e+001 -1.910806e+001  0.000000e+000
      vertex -1.550000e+001 -1.914500e+001  2.000000e+001
      vertex -1.550000e+001 -1.914500e+001  0.000000e+000
    endloop
  endfacet
  facet normal  6.494451e-001  7.604086e-001  -0.000000e+000
    outer loop
      vertex -1.726336e+001 -1.857205e+001  2.000000e+001
      vertex -1.762132e+001 -1.826632e+001  0.000000e+000
      vertex -1.762132e+001 -1.826632e+001  2.000000e+001
    endloop
  endfacet
  facet normal  7.604066e-001  6.494474e-001  0.000000e+000
    outer loop
      vertex -1.762132e+001 -1.826632e+001  2.000000e+001
      vertex -1.762132e+001 -1.826632e+001  0.000000e+000
      vertex -1.792705e+001 -1.790836e+001  0.000000e+000
    endloop
  endfacet
  facet normal  7.604066e-001  6.494474e-001  -0.000000e+000
    outer loop
      vertex -1.762132e+001 -1.826632e+001  2.000000e+001
      vertex -1.792705e+001 -1.790836e+001  0.000000e+000
      vertex -1.792705e+001 -1.790836e+001  2.000000e+001
    endloop
  endfacet
  facet normal  8.526410e-001  5.224974e-001  0.000000e+000
    outer loop
      vertex -1.792705e+001 -1.790836e+001  2.000000e+001
      vertex -1.792705e+001 -1.790836e+001  0.000000e+000
      vertex -1.817302e+001 -1.750697e+001  0.000000e+000
    endloop
  endfacet
  facet normal  8.526410e-001  5.224974e-001  -0.000000e+000
    outer loop
      vertex -1.792705e+001 -1.790836e+001  2.000000e+001
      vertex -1.817302e+001 -1.750697e+001  0.000000e+000
      vertex -1.817302e+001 -1.750697e+001  2.000000e+001
    endloop
  endfacet
  facet normal  9.238790e-001  3.826847e-001  0.000000e+000
    outer loop
      vertex -1.817302e+001 -1.750697e+001  2.000000e+001
      vertex -1.817302e+001 -1.750697e+001  0.000000e+000
      vertex -1.835317e+001 -1.707205e+001  0.000000e+000
    endloop
  endfacet
  facet normal  9.238790e-001  3.826847e-001  -0.000000e+000
    outer loop
      vertex -1.817302e+001 -1.750697e+001  2.000000e+001
      vertex -1.835317e+001 -1.707205e+001  0.000000e+000
      vertex -1.835317e+001 -1.707205e+001  2.000000e+001
    endloop
  endfacet
  facet normal  9.723706e-001  2.334425e-001  0.000000e+000
    outer loop
      vertex -1.835317e+001 -1.707205e+001  2.000000e+001
      vertex -1.835317e+001 -1.707205e+001  0.000000e+000
      vertex -1.846306e+001 -1.661430e+001  0.000000e+000
    endloop
  endfacet
  facet normal  9.723706e-001  2.334425e-001  -0.000000e+000
    outer loop
      vertex -1.835317e+001 -1.707205e+001  2.000000e+001
      vertex -1.846306e+001 -1.661430e+001  0.000000e+000
      vertex -1.846306e+001 -1.661430e+001  2.000000e+001
    endloop
  endfacet
  facet normal  9.969171e-001  7.846089e-002  0.000000e+000
    outer loop
      vertex -1.846306e+001 -1.661430e+001  2.000000e+001
      vertex -1.846306e+001 -1.661430e+001  0.000000e+000
      vertex -1.850000e+001 -1.614500e+001  0.000000e+000
    endloop
  endfacet
  facet normal  9.969171e-001  7.846089e-002  -0.000000e+000
    outer loop
      vertex -1.846306e+001 -1.661430e+001  2.000000e+001
      vertex -1.850000e+001 -1.614500e+001  0.000000e+000
      vertex -1.850000e+001 -1.614500e+001  2.000000e+001
    endloop
  endfacet
  facet normal  0.000000e+000  1.000000e+000  -0.000000e+000
    outer loop
      vertex  1.550000e+001 -1.914500e+001  2.000000e+001
      vertex  1.550000e+001 -1.914500e+001  0.000000e+000
      vertex  9.500000e+000 -1.914500e+001  2.000000e+001
    endloop
  endfacet
  facet normal  0.000000e+000  1.000000e+000  0.000000e+000
    outer loop
      vertex  9.500000e+000 -1.914500e+001  2.000000e+001
      vertex  1.550000e+001 -1.914500e+001  0.000000e+000
      vertex  9.500000e+000 -1.914500e+001  0.000000e+000
    endloop
  endfacet
  facet normal -7.604066e-001  6.494474e-001  0.000000e+000
    outer loop
      vertex  1.762132e+001 -1.826632e+001  0.000000e+000
      vertex  1.792705e+001 -1.790836e+001  2.000000e+001
      vertex  1.792705e+001 -1.790836e+001  0.000000e+000
    endloop
  endfacet
  facet normal -8.526410e-001  5.224974e-001  0.000000e+000
    outer loop
      vertex  1.792705e+001 -1.790836e+001  0.000000e+000
      vertex  1.792705e+001 -1.790836e+001  2.000000e+001
      vertex  1.817302e+001 -1.750697e+001  2.000000e+001
    endloop
  endfacet
  facet normal -8.526410e-001  5.224974e-001  0.000000e+000
    outer loop
      vertex  1.792705e+001 -1.790836e+001  0.000000e+000
      vertex  1.817302e+001 -1.750697e+001  2.000000e+001
      vertex  1.817302e+001 -1.750697e+001  0.000000e+000
    endloop
  endfacet
  facet normal -9.238790e-001  3.826847e-001  0.000000e+000
    outer loop
      vertex  1.817302e+001 -1.750697e+001  0.000000e+000
      vertex  1.817302e+001 -1.750697e+001  2.000000e+001
      vertex  1.835317e+001 -1.707205e+001  2.000000e+001
    endloop
  endfacet
  facet normal -9.238790e-001  3.826847e-001  0.000000e+000
    outer loop
      vertex  1.817302e+001 -1.750697e+001  0.000000e+000
      vertex  1.835317e+001 -1.707205e+001  2.000000e+001
      vertex  1.835317e+001 -1.707205e+001  0.000000e+000
    endloop
  endfacet
  facet normal -9.723706e-001  2.334425e-001  0.000000e+000
    outer loop
      vertex  1.835317e+001 -1.707205e+001  0.000000e+000
      vertex  1.835317e+001 -1.707205e+001  2.000000e+001
      vertex  1.846306e+001 -1.661430e+001  2.000000e+001
    endloop
  endfacet
  facet normal -9.723706e-001  2.334425e-001  0.000000e+000
    outer loop
      vertex  1.835317e+001 -1.707205e+001  0.000000e+000
      vertex  1.846306e+001 -1.661430e+001  2.000000e+001
      vertex  1.846306e+001 -1.661430e+001  0.000000e+000
    endloop
  endfacet
  facet normal -9.969171e-001  7.846089e-002  0.000000e+000
    outer loop
      vertex  1.846306e+001 -1.661430e+001  0.000000e+000
      vertex  1.846306e+001 -1.661430e+001  2.000000e+001
      vertex  1.850000e+001 -1.614500e+001  2.000000e+001
    endloop
  endfacet
  facet normal -9.969171e-001  7.846089e-002  0.000000e+000
    outer loop
      vertex  1.846306e+001 -1.661430e+001  0.000000e+000
      vertex  1.850000e+001 -1.614500e+001  2.000000e+001
      vertex  1.850000e+001 -1.614500e+001  0.000000e+000
    endloop
  endfacet
  facet normal -7.604066e-001  6.494474e-001  0.000000e+000
    outer loop
      vertex  1.792705e+001 -1.790836e+001  2.000000e+001
      vertex  1.762132e+001 -1.826632e+001  0.000000e+000
      vertex  1.762132e+001 -1.826632e+001  2.000000e+001
    endloop
  endfacet
  facet normal -6.494451e-001  7.604086e-001  0.000000e+000
    outer loop
      vertex  1.762132e+001 -1.826632e+001  2.000000e+001
      vertex  1.762132e+001 -1.826632e+001  0.000000e+000
      vertex  1.726336e+001 -1.857205e+001  0.000000e+000
    endloop
  endfacet
  facet normal -6.494451e-001  7.604086e-001  0.000000e+000
    outer loop
      vertex  1.762132e+001 -1.826632e+001  2.000000e+001
      vertex  1.726336e+001 -1.857205e+001  0.000000e+000
      vertex  1.726336e+001 -1.857205e+001  2.000000e+001
    endloop
  endfacet
  facet normal -5.225003e-001  8.526391e-001  0.000000e+000
    outer loop
      vertex  1.726336e+001 -1.857205e+001  2.000000e+001
      vertex  1.726336e+001 -1.857205e+001  0.000000e+000
      vertex  1.686197e+001 -1.881802e+001  0.000000e+000
    endloop
  endfacet
  facet normal -5.225003e-001  8.526391e-001  0.000000e+000
    outer loop
      vertex  1.726336e+001 -1.857205e+001  2.000000e+001
      vertex  1.686197e+001 -1.881802e+001  0.000000e+000
      vertex  1.686197e+001 -1.881802e+001  2.000000e+001
    endloop
  endfacet
  facet normal -3.826827e-001  9.238799e-001  0.000000e+000
    outer loop
      vertex  1.686197e+001 -1.881802e+001  2.000000e+001
      vertex  1.686197e+001 -1.881802e+001  0.000000e+000
      vertex  1.642705e+001 -1.899817e+001  0.000000e+000
    endloop
  endfacet
  facet normal -3.826827e-001  9.238799e-001  0.000000e+000
    outer loop
      vertex  1.686197e+001 -1.881802e+001  2.000000e+001
      vertex  1.642705e+001 -1.899817e+001  0.000000e+000
      vertex  1.642705e+001 -1.899817e+001  2.000000e+001
    endloop
  endfacet
  facet normal -2.334454e-001  9.723699e-001  0.000000e+000
    outer loop
      vertex  1.642705e+001 -1.899817e+001  2.000000e+001
      vertex  1.642705e+001 -1.899817e+001  0.000000e+000
      vertex  1.596930e+001 -1.910806e+001  0.000000e+000
    endloop
  endfacet
  facet normal -2.334454e-001  9.723699e-001  0.000000e+000
    outer loop
      vertex  1.642705e+001 -1.899817e+001  2.000000e+001
      vertex  1.596930e+001 -1.910806e+001  0.000000e+000
      vertex  1.596930e+001 -1.910806e+001  2.000000e+001
    endloop
  endfacet
  facet normal -7.846089e-002  9.969171e-001  0.000000e+000
    outer loop
      vertex  1.596930e+001 -1.910806e+001  2.000000e+001
      vertex  1.596930e+001 -1.910806e+001  0.000000e+000
      vertex  1.550000e+001 -1.914500e+001  0.000000e+000
    endloop
  endfacet
  facet normal -7.846089e-002  9.969171e-001  0.000000e+000
    outer loop
      vertex  1.596930e+001 -1.910806e+001  2.000000e+001
      vertex  1.550000e+001 -1.914500e+001  0.000000e+000
      vertex  1.550000e+001 -1.914500e+001  2.000000e+001
    endloop
  endfacet
  facet normal -1.000000e+000  0.000000e+000  0.000000e+000
    outer loop
      vertex  8.500000e+000 -2.014500e+001  2.000000e+001
      vertex  8.500000e+000 -2.014500e+001  0.000000e+000
      vertex  8.500000e+000 -2.314500e+001  2.000000e+001
    endloop
  endfacet
  facet normal -1.000000e+000  0.000000e+000  0.000000e+000
    outer loop
      vertex  8.500000e+000 -2.314500e+001  2.000000e+001
      vertex  8.500000e+000 -2.014500e+001  0.000000e+000
      vertex  8.500000e+000 -2.314500e+001  0.000000e+000
    endloop
  endfacet
  facet normal  0.000000e+000 -9.999999e-001  0.000000e+000
    outer loop
      vertex  2.050000e+001 -2.414500e+001  2.000000e+001
      vertex  9.500000e+000 -2.414500e+001  2.000000e+001
      vertex  2.050000e+001 -2.414500e+001  0.000000e+000
    endloop
  endfacet
  facet normal  0.000000e+000 -9.999999e-001  0.000000e+000
    outer loop
      vertex  2.050000e+001 -2.414500e+001  0.000000e+000
      vertex  9.500000e+000 -2.414500e+001  2.000000e+001
      vertex  9.500000e+000 -2.414500e+001  0.000000e+000
    endloop
  endfacet
  facet normal -9.801670e-002 -9.951848e-001  -0.000000e+000
    outer loop
      vertex  9.500000e+000 -2.414500e+001  0.000000e+000
      vertex  9.500000e+000 -2.414500e+001  2.000000e+001
      vertex  9.304910e+000 -2.412579e+001  0.000000e+000
    endloop
  endfacet
  facet normal -9.801670e-002 -9.951848e-001  0.000000e+000
    outer loop
      vertex  9.304910e+000 -2.412579e+001  0.000000e+000
      vertex  9.500000e+000 -2.414500e+001  2.000000e+001
      vertex  9.304910e+000 -2.412579e+001  2.000000e+001
    endloop
  endfacet
  facet normal -2.902842e-001 -9.569405e-001  -0.000000e+000
    outer loop
      vertex  9.304910e+000 -2.412579e+001  0.000000e+000
      vertex  9.304910e+000 -2.412579e+001  2.000000e+001
      vertex  9.117316e+000 -2.406888e+001  0.000000e+000
    endloop
  endfacet
  facet normal -2.902842e-001 -9.569405e-001  0.000000e+000
    outer loop
      vertex  9.117316e+000 -2.406888e+001  0.000000e+000
      vertex  9.304910e+000 -2.412579e+001  2.000000e+001
      vertex  9.117316e+000 -2.406888e+001  2.000000e+001
    endloop
  endfacet
  facet normal -4.714011e-001 -8.819189e-001  -0.000000e+000
    outer loop
      vertex  9.117316e+000 -2.406888e+001  0.000000e+000
      vertex  9.117316e+000 -2.406888e+001  2.000000e+001
      vertex  8.944429e+000 -2.397647e+001  0.000000e+000
    endloop
  endfacet
  facet normal -4.714011e-001 -8.819189e-001  0.000000e+000
    outer loop
      vertex  8.944429e+000 -2.397647e+001  0.000000e+000
      vertex  9.117316e+000 -2.406888e+001  2.000000e+001
      vertex  8.944429e+000 -2.397647e+001  2.000000e+001
    endloop
  endfacet
  facet normal -6.343951e-001 -7.730090e-001  -0.000000e+000
    outer loop
      vertex  8.944429e+000 -2.397647e+001  0.000000e+000
      vertex  8.944429e+000 -2.397647e+001  2.000000e+001
      vertex  8.792893e+000 -2.385211e+001  0.000000e+000
    endloop
  endfacet
  facet normal -6.343951e-001 -7.730090e-001  0.000000e+000
    outer loop
      vertex  8.792893e+000 -2.385211e+001  0.000000e+000
      vertex  8.944429e+000 -2.397647e+001  2.000000e+001
      vertex  8.792893e+000 -2.385211e+001  2.000000e+001
    endloop
  endfacet
  facet normal -7.730070e-001 -6.343974e-001  -0.000000e+000
    outer loop
      vertex  8.792893e+000 -2.385211e+001  0.000000e+000
      vertex  8.792893e+000 -2.385211e+001  2.000000e+001
      vertex  8.668530e+000 -2.370057e+001  0.000000e+000
    endloop
  endfacet
  facet normal -7.730070e-001 -6.343974e-001  0.000000e+000
    outer loop
      vertex  8.668530e+000 -2.370057e+001  0.000000e+000
      vertex  8.792893e+000 -2.385211e+001  2.000000e+001
      vertex  8.668530e+000 -2.370057e+001  2.000000e+001
    endloop
  endfacet
  facet normal -8.819220e-001 -4.713953e-001  -0.000000e+000
    outer loop
      vertex  8.668530e+000 -2.370057e+001  0.000000e+000
      vertex  8.668530e+000 -2.370057e+001  2.000000e+001
      vertex  8.576120e+000 -2.352768e+001  0.000000e+000
    endloop
  endfacet
  facet normal -8.819220e-001 -4.713953e-001  0.000000e+000
    outer loop
      vertex  8.576120e+000 -2.352768e+001  0.000000e+000
      vertex  8.668530e+000 -2.370057e+001  2.000000e+001
      vertex  8.576120e+000 -2.352768e+001  2.000000e+001
    endloop
  endfacet
  facet normal -9.569405e-001 -2.902842e-001  -0.000000e+000
    outer loop
      vertex  8.576120e+000 -2.352768e+001  0.000000e+000
      vertex  8.576120e+000 -2.352768e+001  2.000000e+001
      vertex  8.519215e+000 -2.334009e+001  0.000000e+000
    endloop
  endfacet
  facet normal -9.569405e-001 -2.902842e-001  0.000000e+000
    outer loop
      vertex  8.519215e+000 -2.334009e+001  0.000000e+000
      vertex  8.576120e+000 -2.352768e+001  2.000000e+001
      vertex  8.519215e+000 -2.334009e+001  2.000000e+001
    endloop
  endfacet
  facet normal -9.951847e-001 -9.801717e-002  -0.000000e+000
    outer loop
      vertex  8.519215e+000 -2.334009e+001  0.000000e+000
      vertex  8.519215e+000 -2.334009e+001  2.000000e+001
      vertex  8.500000e+000 -2.314500e+001  0.000000e+000
    endloop
  endfacet
  facet normal -9.951847e-001 -9.801717e-002  0.000000e+000
    outer loop
      vertex  8.500000e+000 -2.314500e+001  0.000000e+000
      vertex  8.519215e+000 -2.334009e+001  2.000000e+001
      vertex  8.500000e+000 -2.314500e+001  2.000000e+001
    endloop
  endfacet
  facet normal -9.951848e-001  9.801622e-002  0.000000e+000
    outer loop
      vertex  8.500000e+000 -2.014500e+001  0.000000e+000
      vertex  8.500000e+000 -2.014500e+001  2.000000e+001
      vertex  8.519215e+000 -1.994991e+001  0.000000e+000
    endloop
  endfacet
  facet normal -9.951848e-001  9.801622e-002  0.000000e+000
    outer loop
      vertex  8.519215e+000 -1.994991e+001  0.000000e+000
      vertex  8.500000e+000 -2.014500e+001  2.000000e+001
      vertex  8.519215e+000 -1.994991e+001  2.000000e+001
    endloop
  endfacet
  facet normal -9.569405e-001  2.902842e-001  0.000000e+000
    outer loop
      vertex  8.519215e+000 -1.994991e+001  0.000000e+000
      vertex  8.519215e+000 -1.994991e+001  2.000000e+001
      vertex  8.576120e+000 -1.976232e+001  0.000000e+000
    endloop
  endfacet
  facet normal -9.569405e-001  2.902842e-001  0.000000e+000
    outer loop
      vertex  8.576120e+000 -1.976232e+001  0.000000e+000
      vertex  8.519215e+000 -1.994991e+001  2.000000e+001
      vertex  8.576120e+000 -1.976232e+001  2.000000e+001
    endloop
  endfacet
  facet normal -8.819199e-001  4.713993e-001  0.000000e+000
    outer loop
      vertex  8.576120e+000 -1.976232e+001  0.000000e+000
      vertex  8.576120e+000 -1.976232e+001  2.000000e+001
      vertex  8.668530e+000 -1.958943e+001  0.000000e+000
    endloop
  endfacet
  facet normal -8.819199e-001  4.713993e-001  0.000000e+000
    outer loop
      vertex  8.668530e+000 -1.958943e+001  0.000000e+000
      vertex  8.576120e+000 -1.976232e+001  2.000000e+001
      vertex  8.668530e+000 -1.958943e+001  2.000000e+001
    endloop
  endfacet
  facet normal -7.730110e-001  6.343927e-001  0.000000e+000
    outer loop
      vertex  8.668530e+000 -1.958943e+001  0.000000e+000
      vertex  8.668530e+000 -1.958943e+001  2.000000e+001
      vertex  8.792893e+000 -1.943789e+001  0.000000e+000
    endloop
  endfacet
  facet normal -7.730110e-001  6.343927e-001  0.000000e+000
    outer loop
      vertex  8.792893e+000 -1.943789e+001  0.000000e+000
      vertex  8.668530e+000 -1.958943e+001  2.000000e+001
      vertex  8.792893e+000 -1.943789e+001  2.000000e+001
    endloop
  endfacet
  facet normal -6.343951e-001  7.730090e-001  0.000000e+000
    outer loop
      vertex  8.792893e+000 -1.943789e+001  0.000000e+000
      vertex  8.792893e+000 -1.943789e+001  2.000000e+001
      vertex  8.944429e+000 -1.931353e+001  0.000000e+000
    endloop
  endfacet
  facet normal -6.343951e-001  7.730090e-001  0.000000e+000
    outer loop
      vertex  8.944429e+000 -1.931353e+001  0.000000e+000
      vertex  8.792893e+000 -1.943789e+001  2.000000e+001
      vertex  8.944429e+000 -1.931353e+001  2.000000e+001
    endloop
  endfacet
  facet normal -4.713935e-001  8.819229e-001  0.000000e+000
    outer loop
      vertex  8.944429e+000 -1.931353e+001  0.000000e+000
      vertex  8.944429e+000 -1.931353e+001  2.000000e+001
      vertex  9.117316e+000 -1.922112e+001  0.000000e+000
    endloop
  endfacet
  facet normal -4.713935e-001  8.819229e-001  0.000000e+000
    outer loop
      vertex  9.117316e+000 -1.922112e+001  0.000000e+000
      vertex  8.944429e+000 -1.931353e+001  2.000000e+001
      vertex  9.117316e+000 -1.922112e+001  2.000000e+001
    endloop
  endfacet
  facet normal -2.902842e-001  9.569405e-001  0.000000e+000
    outer loop
      vertex  9.117316e+000 -1.922112e+001  0.000000e+000
      vertex  9.117316e+000 -1.922112e+001  2.000000e+001
      vertex  9.304910e+000 -1.916422e+001  0.000000e+000
    endloop
  endfacet
  facet normal -2.902842e-001  9.569405e-001  0.000000e+000
    outer loop
      vertex  9.304910e+000 -1.916422e+001  0.000000e+000
      vertex  9.117316e+000 -1.922112e+001  2.000000e+001
      vertex  9.304910e+000 -1.916422e+001  2.000000e+001
    endloop
  endfacet
  facet normal -9.801670e-002  9.951848e-001  0.000000e+000
    outer loop
      vertex  9.304910e+000 -1.916422e+001  0.000000e+000
      vertex  9.304910e+000 -1.916422e+001  2.000000e+001
      vertex  9.500000e+000 -1.914500e+001  0.000000e+000
    endloop
  endfacet
  facet normal -9.801670e-002  9.951848e-001  0.000000e+000
    outer loop
      vertex  9.500000e+000 -1.914500e+001  0.000000e+000
      vertex  9.304910e+000 -1.916422e+001  2.000000e+001
      vertex  9.500000e+000 -1.914500e+001  2.000000e+001
    endloop
  endfacet
  facet normal -1.000000e+000  0.000000e+000  0.000000e+000
    outer loop
      vertex  8.500000e+000  2.314500e+001  2.000000e+001
      vertex  8.500000e+000  2.314500e+001  0.000000e+000
      vertex  8.500000e+000  2.014500e+001  2.000000e+001
    endloop
  endfacet
  facet normal -1.000000e+000  0.000000e+000  0.000000e+000
    outer loop
      vertex  8.500000e+000  2.014500e+001  2.000000e+001
      vertex  8.500000e+000  2.314500e+001  0.000000e+000
      vertex  8.500000e+000  2.014500e+001  0.000000e+000
    endloop
  endfacet
  facet normal -9.801670e-002 -9.951848e-001  -0.000000e+000
    outer loop
      vertex  9.500000e+000  1.914500e+001  0.000000e+000
      vertex  9.500000e+000  1.914500e+001  2.000000e+001
      vertex  9.304910e+000  1.916422e+001  0.000000e+000
    endloop
  endfacet
  facet normal -9.801670e-002 -9.951848e-001  0.000000e+000
    outer loop
      vertex  9.304910e+000  1.916422e+001  0.000000e+000
      vertex  9.500000e+000  1.914500e+001  2.000000e+001
      vertex  9.304910e+000  1.916422e+001  2.000000e+001
    endloop
  endfacet
  facet normal -2.902842e-001 -9.569405e-001  -0.000000e+000
    outer loop
      vertex  9.304910e+000  1.916422e+001  0.000000e+000
      vertex  9.304910e+000  1.916422e+001  2.000000e+001
      vertex  9.117316e+000  1.922112e+001  0.000000e+000
    endloop
  endfacet
  facet normal -2.902842e-001 -9.569405e-001  0.000000e+000
    outer loop
      vertex  9.117316e+000  1.922112e+001  0.000000e+000
      vertex  9.304910e+000  1.916422e+001  2.000000e+001
      vertex  9.117316e+000  1.922112e+001  2.000000e+001
    endloop
  endfacet
  facet normal -4.713935e-001 -8.819229e-001  -0.000000e+000
    outer loop
      vertex  9.117316e+000  1.922112e+001  0.000000e+000
      vertex  9.117316e+000  1.922112e+001  2.000000e+001
      vertex  8.944429e+000  1.931353e+001  0.000000e+000
    endloop
  endfacet
  facet normal -4.713935e-001 -8.819229e-001  0.000000e+000
    outer loop
      vertex  8.944429e+000  1.931353e+001  0.000000e+000
      vertex  9.117316e+000  1.922112e+001  2.000000e+001
      vertex  8.944429e+000  1.931353e+001  2.000000e+001
    endloop
  endfacet
  facet normal -6.343951e-001 -7.730090e-001  -0.000000e+000
    outer loop
      vertex  8.944429e+000  1.931353e+001  0.000000e+000
      vertex  8.944429e+000  1.931353e+001  2.000000e+001
      vertex  8.792893e+000  1.943789e+001  0.000000e+000
    endloop
  endfacet
  facet normal -6.343951e-001 -7.730090e-001  0.000000e+000
    outer loop
      vertex  8.792893e+000  1.943789e+001  0.000000e+000
      vertex  8.944429e+000  1.931353e+001  2.000000e+001
      vertex  8.792893e+000  1.943789e+001  2.000000e+001
    endloop
  endfacet
  facet normal -7.730110e-001 -6.343927e-001  -0.000000e+000
    outer loop
      vertex  8.792893e+000  1.943789e+001  0.000000e+000
      vertex  8.792893e+000  1.943789e+001  2.000000e+001
      vertex  8.668530e+000  1.958943e+001  0.000000e+000
    endloop
  endfacet
  facet normal -7.730110e-001 -6.343927e-001  0.000000e+000
    outer loop
      vertex  8.668530e+000  1.958943e+001  0.000000e+000
      vertex  8.792893e+000  1.943789e+001  2.000000e+001
      vertex  8.668530e+000  1.958943e+001  2.000000e+001
    endloop
  endfacet
  facet normal -8.819199e-001 -4.713993e-001  -0.000000e+000
    outer loop
      vertex  8.668530e+000  1.958943e+001  0.000000e+000
      vertex  8.668530e+000  1.958943e+001  2.000000e+001
      vertex  8.576120e+000  1.976232e+001  0.000000e+000
    endloop
  endfacet
  facet normal -8.819199e-001 -4.713993e-001  0.000000e+000
    outer loop
      vertex  8.576120e+000  1.976232e+001  0.000000e+000
      vertex  8.668530e+000  1.958943e+001  2.000000e+001
      vertex  8.576120e+000  1.976232e+001  2.000000e+001
    endloop
  endfacet
  facet normal -9.569405e-001 -2.902842e-001  -0.000000e+000
    outer loop
      vertex  8.576120e+000  1.976232e+001  0.000000e+000
      vertex  8.576120e+000  1.976232e+001  2.000000e+001
      vertex  8.519215e+000  1.994991e+001  0.000000e+000
    endloop
  endfacet
  facet normal -9.569405e-001 -2.902842e-001  0.000000e+000
    outer loop
      vertex  8.519215e+000  1.994991e+001  0.000000e+000
      vertex  8.576120e+000  1.976232e+001  2.000000e+001
      vertex  8.519215e+000  1.994991e+001  2.000000e+001
    endloop
  endfacet
  facet normal -9.951848e-001 -9.801622e-002  -0.000000e+000
    outer loop
      vertex  8.519215e+000  1.994991e+001  0.000000e+000
      vertex  8.519215e+000  1.994991e+001  2.000000e+001
      vertex  8.500000e+000  2.014500e+001  0.000000e+000
    endloop
  endfacet
  facet normal -9.951848e-001 -9.801622e-002  0.000000e+000
    outer loop
      vertex  8.500000e+000  2.014500e+001  0.000000e+000
      vertex  8.519215e+000  1.994991e+001  2.000000e+001
      vertex  8.500000e+000  2.014500e+001  2.000000e+001
    endloop
  endfacet
  facet normal  0.000000e+000  9.999999e-001  0.000000e+000
    outer loop
      vertex  9.500000e+000  2.414500e+001  2.000000e+001
      vertex  2.050000e+001  2.414500e+001  2.000000e+001
      vertex  9.500000e+000  2.414500e+001  0.000000e+000
    endloop
  endfacet
  facet normal  0.000000e+000  9.999999e-001  0.000000e+000
    outer loop
      vertex  9.500000e+000  2.414500e+001  0.000000e+000
      vertex  2.050000e+001  2.414500e+001  2.000000e+001
      vertex  2.050000e+001  2.414500e+001  0.000000e+000
    endloop
  endfacet
  facet normal -9.951847e-001  9.801717e-002  0.000000e+000
    outer loop
      vertex  8.500000e+000  2.314500e+001  0.000000e+000
      vertex  8.500000e+000  2.314500e+001  2.000000e+001
      vertex  8.519215e+000  2.334009e+001  0.000000e+000
    endloop
  endfacet
  facet normal -9.951847e-001  9.801717e-002  0.000000e+000
    outer loop
      vertex  8.519215e+000  2.334009e+001  0.000000e+000
      vertex  8.500000e+000  2.314500e+001  2.000000e+001
      vertex  8.519215e+000  2.334009e+001  2.000000e+001
    endloop
  endfacet
  facet normal -9.569405e-001  2.902842e-001  0.000000e+000
    outer loop
      vertex  8.519215e+000  2.334009e+001  0.000000e+000
      vertex  8.519215e+000  2.334009e+001  2.000000e+001
      vertex  8.576120e+000  2.352768e+001  0.000000e+000
    endloop
  endfacet
  facet normal -9.569405e-001  2.902842e-001  0.000000e+000
    outer loop
      vertex  8.576120e+000  2.352768e+001  0.000000e+000
      vertex  8.519215e+000  2.334009e+001  2.000000e+001
      vertex  8.576120e+000  2.352768e+001  2.000000e+001
    endloop
  endfacet
  facet normal -8.819220e-001  4.713953e-001  0.000000e+000
    outer loop
      vertex  8.576120e+000  2.352768e+001  0.000000e+000
      vertex  8.576120e+000  2.352768e+001  2.000000e+001
      vertex  8.668530e+000  2.370057e+001  0.000000e+000
    endloop
  endfacet
  facet normal -8.819220e-001  4.713953e-001  0.000000e+000
    outer loop
      vertex  8.668530e+000  2.370057e+001  0.000000e+000
      vertex  8.576120e+000  2.352768e+001  2.000000e+001
      vertex  8.668530e+000  2.370057e+001  2.000000e+001
    endloop
  endfacet
  facet normal -7.730070e-001  6.343974e-001  0.000000e+000
    outer loop
      vertex  8.668530e+000  2.370057e+001  0.000000e+000
      vertex  8.668530e+000  2.370057e+001  2.000000e+001
      vertex  8.792893e+000  2.385211e+001  0.000000e+000
    endloop
  endfacet
  facet normal -7.730070e-001  6.343974e-001  0.000000e+000
    outer loop
      vertex  8.792893e+000  2.385211e+001  0.000000e+000
      vertex  8.668530e+000  2.370057e+001  2.000000e+001
      vertex  8.792893e+000  2.385211e+001  2.000000e+001
    endloop
  endfacet
  facet normal -6.343951e-001  7.730090e-001  0.000000e+000
    outer loop
      vertex  8.792893e+000  2.385211e+001  0.000000e+000
      vertex  8.792893e+000  2.385211e+001  2.000000e+001
      vertex  8.944429e+000  2.397647e+001  0.000000e+000
    endloop
  endfacet
  facet normal -6.343951e-001  7.730090e-001  0.000000e+000
    outer loop
      vertex  8.944429e+000  2.397647e+001  0.000000e+000
      vertex  8.792893e+000  2.385211e+001  2.000000e+001
      vertex  8.944429e+000  2.397647e+001  2.000000e+001
    endloop
  endfacet
  facet normal -4.714011e-001  8.819189e-001  0.000000e+000
    outer loop
      vertex  8.944429e+000  2.397647e+001  0.000000e+000
      vertex  8.944429e+000  2.397647e+001  2.000000e+001
      vertex  9.117316e+000  2.406888e+001  0.000000e+000
    endloop
  endfacet
  facet normal -4.714011e-001  8.819189e-001  0.000000e+000
    outer loop
      vertex  9.117316e+000  2.406888e+001  0.000000e+000
      vertex  8.944429e+000  2.397647e+001  2.000000e+001
      vertex  9.117316e+000  2.406888e+001  2.000000e+001
    endloop
  endfacet
  facet normal -2.902842e-001  9.569405e-001  0.000000e+000
    outer loop
      vertex  9.117316e+000  2.406888e+001  0.000000e+000
      vertex  9.117316e+000  2.406888e+001  2.000000e+001
      vertex  9.304910e+000  2.412579e+001  0.000000e+000
    endloop
  endfacet
  facet normal -2.902842e-001  9.569405e-001  0.000000e+000
    outer loop
      vertex  9.304910e+000  2.412579e+001  0.000000e+000
      vertex  9.117316e+000  2.406888e+001  2.000000e+001
      vertex  9.304910e+000  2.412579e+001  2.000000e+001
    endloop
  endfacet
  facet normal -9.801670e-002  9.951848e-001  0.000000e+000
    outer loop
      vertex  9.304910e+000  2.412579e+001  0.000000e+000
      vertex  9.304910e+000  2.412579e+001  2.000000e+001
      vertex  9.500000e+000  2.414500e+001  0.000000e+000
    endloop
  endfacet
  facet normal -9.801670e-002  9.951848e-001  0.000000e+000
    outer loop
      vertex  9.500000e+000  2.414500e+001  0.000000e+000
      vertex  9.304910e+000  2.412579e+001  2.000000e+001
      vertex  9.500000e+000  2.414500e+001  2.000000e+001
    endloop
  endfacet
  facet normal  1.000000e+000  -0.000000e+000  0.000000e+000
    outer loop
      vertex -8.500000e+000 -2.014500e+001  2.000000e+001
      vertex -8.500000e+000 -2.314500e+001  2.000000e+001
      vertex -8.500000e+000 -2.014500e+001  0.000000e+000
    endloop
  endfacet
  facet normal  1.000000e+000  0.000000e+000  0.000000e+000
    outer loop
      vertex -8.500000e+000 -2.014500e+001  0.000000e+000
      vertex -8.500000e+000 -2.314500e+001  2.000000e+001
      vertex -8.500000e+000 -2.314500e+001  0.000000e+000
    endloop
  endfacet
  facet normal  0.000000e+000 -9.999999e-001  0.000000e+000
    outer loop
      vertex -9.500000e+000 -2.414500e+001  2.000000e+001
      vertex -2.050000e+001 -2.414500e+001  2.000000e+001
      vertex -9.500000e+000 -2.414500e+001  0.000000e+000
    endloop
  endfacet
  facet normal  0.000000e+000 -9.999999e-001  0.000000e+000
    outer loop
      vertex -9.500000e+000 -2.414500e+001  0.000000e+000
      vertex -2.050000e+001 -2.414500e+001  2.000000e+001
      vertex -2.050000e+001 -2.414500e+001  0.000000e+000
    endloop
  endfacet
  facet normal  9.951847e-001 -9.801717e-002  0.000000e+000
    outer loop
      vertex -8.500000e+000 -2.314500e+001  0.000000e+000
      vertex -8.500000e+000 -2.314500e+001  2.000000e+001
      vertex -8.519215e+000 -2.334009e+001  0.000000e+000
    endloop
  endfacet
  facet normal  9.951847e-001 -9.801717e-002  0.000000e+000
    outer loop
      vertex -8.519215e+000 -2.334009e+001  0.000000e+000
      vertex -8.500000e+000 -2.314500e+001  2.000000e+001
      vertex -8.519215e+000 -2.334009e+001  2.000000e+001
    endloop
  endfacet
  facet normal  9.569405e-001 -2.902842e-001  0.000000e+000
    outer loop
      vertex -8.519215e+000 -2.334009e+001  0.000000e+000
      vertex -8.519215e+000 -2.334009e+001  2.000000e+001
      vertex -8.576120e+000 -2.352768e+001  0.000000e+000
    endloop
  endfacet
  facet normal  9.569405e-001 -2.902842e-001  0.000000e+000
    outer loop
      vertex -8.576120e+000 -2.352768e+001  0.000000e+000
      vertex -8.519215e+000 -2.334009e+001  2.000000e+001
      vertex -8.576120e+000 -2.352768e+001  2.000000e+001
    endloop
  endfacet
  facet normal  8.819220e-001 -4.713953e-001  0.000000e+000
    outer loop
      vertex -8.576120e+000 -2.352768e+001  0.000000e+000
      vertex -8.576120e+000 -2.352768e+001  2.000000e+001
      vertex -8.668530e+000 -2.370057e+001  0.000000e+000
    endloop
  endfacet
  facet normal  8.819220e-001 -4.713953e-001  0.000000e+000
    outer loop
      vertex -8.668530e+000 -2.370057e+001  0.000000e+000
      vertex -8.576120e+000 -2.352768e+001  2.000000e+001
      vertex -8.668530e+000 -2.370057e+001  2.000000e+001
    endloop
  endfacet
  facet normal  7.730070e-001 -6.343974e-001  0.000000e+000
    outer loop
      vertex -8.668530e+000 -2.370057e+001  0.000000e+000
      vertex -8.668530e+000 -2.370057e+001  2.000000e+001
      vertex -8.792893e+000 -2.385211e+001  0.000000e+000
    endloop
  endfacet
  facet normal  7.730070e-001 -6.343974e-001  0.000000e+000
    outer loop
      vertex -8.792893e+000 -2.385211e+001  0.000000e+000
      vertex -8.668530e+000 -2.370057e+001  2.000000e+001
      vertex -8.792893e+000 -2.385211e+001  2.000000e+001
    endloop
  endfacet
  facet normal  6.343951e-001 -7.730090e-001  0.000000e+000
    outer loop
      vertex -8.792893e+000 -2.385211e+001  0.000000e+000
      vertex -8.792893e+000 -2.385211e+001  2.000000e+001
      vertex -8.944429e+000 -2.397647e+001  0.000000e+000
    endloop
  endfacet
  facet normal  6.343951e-001 -7.730090e-001  0.000000e+000
    outer loop
      vertex -8.944429e+000 -2.397647e+001  0.000000e+000
      vertex -8.792893e+000 -2.385211e+001  2.000000e+001
      vertex -8.944429e+000 -2.397647e+001  2.000000e+001
    endloop
  endfacet
  facet normal  4.714011e-001 -8.819189e-001  0.000000e+000
    outer loop
      vertex -8.944429e+000 -2.397647e+001  0.000000e+000
      vertex -8.944429e+000 -2.397647e+001  2.000000e+001
      vertex -9.117316e+000 -2.406888e+001  0.000000e+000
    endloop
  endfacet
  facet normal  4.714011e-001 -8.819189e-001  0.000000e+000
    outer loop
      vertex -9.117316e+000 -2.406888e+001  0.000000e+000
      vertex -8.944429e+000 -2.397647e+001  2.000000e+001
      vertex -9.117316e+000 -2.406888e+001  2.000000e+001
    endloop
  endfacet
  facet normal  2.902842e-001 -9.569405e-001  0.000000e+000
    outer loop
      vertex -9.117316e+000 -2.406888e+001  0.000000e+000
      vertex -9.117316e+000 -2.406888e+001  2.000000e+001
      vertex -9.304910e+000 -2.412579e+001  0.000000e+000
    endloop
  endfacet
  facet normal  2.902842e-001 -9.569405e-001  0.000000e+000
    outer loop
      vertex -9.304910e+000 -2.412579e+001  0.000000e+000
      vertex -9.117316e+000 -2.406888e+001  2.000000e+001
      vertex -9.304910e+000 -2.412579e+001  2.000000e+001
    endloop
  endfacet
  facet normal  9.801670e-002 -9.951848e-001  0.000000e+000
    outer loop
      vertex -9.304910e+000 -2.412579e+001  0.000000e+000
      vertex -9.304910e+000 -2.412579e+001  2.000000e+001
      vertex -9.500000e+000 -2.414500e+001  0.000000e+000
    endloop
  endfacet
  facet normal  9.801670e-002 -9.951848e-001  0.000000e+000
    outer loop
      vertex -9.500000e+000 -2.414500e+001  0.000000e+000
      vertex -9.304910e+000 -2.412579e+001  2.000000e+001
      vertex -9.500000e+000 -2.414500e+001  2.000000e+001
    endloop
  endfacet
  facet normal  9.801670e-002  9.951848e-001  0.000000e+000
    outer loop
      vertex -9.500000e+000 -1.914500e+001  0.000000e+000
      vertex -9.500000e+000 -1.914500e+001  2.000000e+001
      vertex -9.304910e+000 -1.916422e+001  0.000000e+000
    endloop
  endfacet
  facet normal  9.801670e-002  9.951848e-001  -0.000000e+000
    outer loop
      vertex -9.304910e+000 -1.916422e+001  0.000000e+000
      vertex -9.500000e+000 -1.914500e+001  2.000000e+001
      vertex -9.304910e+000 -1.916422e+001  2.000000e+001
    endloop
  endfacet
  facet normal  2.902842e-001  9.569405e-001  0.000000e+000
    outer loop
      vertex -9.304910e+000 -1.916422e+001  0.000000e+000
      vertex -9.304910e+000 -1.916422e+001  2.000000e+001
      vertex -9.117316e+000 -1.922112e+001  0.000000e+000
    endloop
  endfacet
  facet normal  2.902842e-001  9.569405e-001  -0.000000e+000
    outer loop
      vertex -9.117316e+000 -1.922112e+001  0.000000e+000
      vertex -9.304910e+000 -1.916422e+001  2.000000e+001
      vertex -9.117316e+000 -1.922112e+001  2.000000e+001
    endloop
  endfacet
  facet normal  4.713935e-001  8.819229e-001  0.000000e+000
    outer loop
      vertex -9.117316e+000 -1.922112e+001  0.000000e+000
      vertex -9.117316e+000 -1.922112e+001  2.000000e+001
      vertex -8.944429e+000 -1.931353e+001  0.000000e+000
    endloop
  endfacet
  facet normal  4.713935e-001  8.819229e-001  -0.000000e+000
    outer loop
      vertex -8.944429e+000 -1.931353e+001  0.000000e+000
      vertex -9.117316e+000 -1.922112e+001  2.000000e+001
      vertex -8.944429e+000 -1.931353e+001  2.000000e+001
    endloop
  endfacet
  facet normal  6.343951e-001  7.730090e-001  0.000000e+000
    outer loop
      vertex -8.944429e+000 -1.931353e+001  0.000000e+000
      vertex -8.944429e+000 -1.931353e+001  2.000000e+001
      vertex -8.792893e+000 -1.943789e+001  0.000000e+000
    endloop
  endfacet
  facet normal  6.343951e-001  7.730090e-001  -0.000000e+000
    outer loop
      vertex -8.792893e+000 -1.943789e+001  0.000000e+000
      vertex -8.944429e+000 -1.931353e+001  2.000000e+001
      vertex -8.792893e+000 -1.943789e+001  2.000000e+001
    endloop
  endfacet
  facet normal  7.730110e-001  6.343927e-001  0.000000e+000
    outer loop
      vertex -8.792893e+000 -1.943789e+001  0.000000e+000
      vertex -8.792893e+000 -1.943789e+001  2.000000e+001
      vertex -8.668530e+000 -1.958943e+001  0.000000e+000
    endloop
  endfacet
  facet normal  7.730110e-001  6.343927e-001  -0.000000e+000
    outer loop
      vertex -8.668530e+000 -1.958943e+001  0.000000e+000
      vertex -8.792893e+000 -1.943789e+001  2.000000e+001
      vertex -8.668530e+000 -1.958943e+001  2.000000e+001
    endloop
  endfacet
  facet normal  8.819199e-001  4.713993e-001  0.000000e+000
    outer loop
      vertex -8.668530e+000 -1.958943e+001  0.000000e+000
      vertex -8.668530e+000 -1.958943e+001  2.000000e+001
      vertex -8.576120e+000 -1.976232e+001  0.000000e+000
    endloop
  endfacet
  facet normal  8.819199e-001  4.713993e-001  -0.000000e+000
    outer loop
      vertex -8.576120e+000 -1.976232e+001  0.000000e+000
      vertex -8.668530e+000 -1.958943e+001  2.000000e+001
      vertex -8.576120e+000 -1.976232e+001  2.000000e+001
    endloop
  endfacet
  facet normal  9.569405e-001  2.902842e-001  0.000000e+000
    outer loop
      vertex -8.576120e+000 -1.976232e+001  0.000000e+000
      vertex -8.576120e+000 -1.976232e+001  2.000000e+001
      vertex -8.519215e+000 -1.994991e+001  0.000000e+000
    endloop
  endfacet
  facet normal  9.569405e-001  2.902842e-001  -0.000000e+000
    outer loop
      vertex -8.519215e+000 -1.994991e+001  0.000000e+000
      vertex -8.576120e+000 -1.976232e+001  2.000000e+001
      vertex -8.519215e+000 -1.994991e+001  2.000000e+001
    endloop
  endfacet
  facet normal  9.951848e-001  9.801622e-002  0.000000e+000
    outer loop
      vertex -8.519215e+000 -1.994991e+001  0.000000e+000
      vertex -8.519215e+000 -1.994991e+001  2.000000e+001
      vertex -8.500000e+000 -2.014500e+001  0.000000e+000
    endloop
  endfacet
  facet normal  9.951848e-001  9.801622e-002  -0.000000e+000
    outer loop
      vertex -8.500000e+000 -2.014500e+001  0.000000e+000
      vertex -8.519215e+000 -1.994991e+001  2.000000e+001
      vertex -8.500000e+000 -2.014500e+001  2.000000e+001
    endloop
  endfacet
  facet normal  1.000000e+000  -0.000000e+000  0.000000e+000
    outer loop
      vertex -8.500000e+000  2.314500e+001  2.000000e+001
      vertex -8.500000e+000  2.014500e+001  2.000000e+001
      vertex -8.500000e+000  2.314500e+001  0.000000e+000
    endloop
  endfacet
  facet normal  1.000000e+000  0.000000e+000  0.000000e+000
    outer loop
      vertex -8.500000e+000  2.314500e+001  0.000000e+000
      vertex -8.500000e+000  2.014500e+001  2.000000e+001
      vertex -8.500000e+000  2.014500e+001  0.000000e+000
    endloop
  endfacet
  facet normal  9.951848e-001 -9.801622e-002  0.000000e+000
    outer loop
      vertex -8.500000e+000  2.014500e+001  0.000000e+000
      vertex -8.500000e+000  2.014500e+001  2.000000e+001
      vertex -8.519215e+000  1.994991e+001  0.000000e+000
    endloop
  endfacet
  facet normal  9.951848e-001 -9.801622e-002  0.000000e+000
    outer loop
      vertex -8.519215e+000  1.994991e+001  0.000000e+000
      vertex -8.500000e+000  2.014500e+001  2.000000e+001
      vertex -8.519215e+000  1.994991e+001  2.000000e+001
    endloop
  endfacet
  facet normal  9.569405e-001 -2.902842e-001  0.000000e+000
    outer loop
      vertex -8.519215e+000  1.994991e+001  0.000000e+000
      vertex -8.519215e+000  1.994991e+001  2.000000e+001
      vertex -8.576120e+000  1.976232e+001  0.000000e+000
    endloop
  endfacet
  facet normal  9.569405e-001 -2.902842e-001  0.000000e+000
    outer loop
      vertex -8.576120e+000  1.976232e+001  0.000000e+000
      vertex -8.519215e+000  1.994991e+001  2.000000e+001
      vertex -8.576120e+000  1.976232e+001  2.000000e+001
    endloop
  endfacet
  facet normal  8.819199e-001 -4.713993e-001  0.000000e+000
    outer loop
      vertex -8.576120e+000  1.976232e+001  0.000000e+000
      vertex -8.576120e+000  1.976232e+001  2.000000e+001
      vertex -8.668530e+000  1.958943e+001  0.000000e+000
    endloop
  endfacet
  facet normal  8.819199e-001 -4.713993e-001  0.000000e+000
    outer loop
      vertex -8.668530e+000  1.958943e+001  0.000000e+000
      vertex -8.576120e+000  1.976232e+001  2.000000e+001
      vertex -8.668530e+000  1.958943e+001  2.000000e+001
    endloop
  endfacet
  facet normal  7.730110e-001 -6.343927e-001  0.000000e+000
    outer loop
      vertex -8.668530e+000  1.958943e+001  0.000000e+000
      vertex -8.668530e+000  1.958943e+001  2.000000e+001
      vertex -8.792893e+000  1.943789e+001  0.000000e+000
    endloop
  endfacet
  facet normal  7.730110e-001 -6.343927e-001  0.000000e+000
    outer loop
      vertex -8.792893e+000  1.943789e+001  0.000000e+000
      vertex -8.668530e+000  1.958943e+001  2.000000e+001
      vertex -8.792893e+000  1.943789e+001  2.000000e+001
    endloop
  endfacet
  facet normal  6.343951e-001 -7.730090e-001  0.000000e+000
    outer loop
      vertex -8.792893e+000  1.943789e+001  0.000000e+000
      vertex -8.792893e+000  1.943789e+001  2.000000e+001
      vertex -8.944429e+000  1.931353e+001  0.000000e+000
    endloop
  endfacet
  facet normal  6.343951e-001 -7.730090e-001  0.000000e+000
    outer loop
      vertex -8.944429e+000  1.931353e+001  0.000000e+000
      vertex -8.792893e+000  1.943789e+001  2.000000e+001
      vertex -8.944429e+000  1.931353e+001  2.000000e+001
    endloop
  endfacet
  facet normal  4.713935e-001 -8.819229e-001  0.000000e+000
    outer loop
      vertex -8.944429e+000  1.931353e+001  0.000000e+000
      vertex -8.944429e+000  1.931353e+001  2.000000e+001
      vertex -9.117316e+000  1.922112e+001  0.000000e+000
    endloop
  endfacet
  facet normal  4.713935e-001 -8.819229e-001  0.000000e+000
    outer loop
      vertex -9.117316e+000  1.922112e+001  0.000000e+000
      vertex -8.944429e+000  1.931353e+001  2.000000e+001
      vertex -9.117316e+000  1.922112e+001  2.000000e+001
    endloop
  endfacet
  facet normal  2.902842e-001 -9.569405e-001  0.000000e+000
    outer loop
      vertex -9.117316e+000  1.922112e+001  0.000000e+000
      vertex -9.117316e+000  1.922112e+001  2.000000e+001
      vertex -9.304910e+000  1.916422e+001  0.000000e+000
    endloop
  endfacet
  facet normal  2.902842e-001 -9.569405e-001  0.000000e+000
    outer loop
      vertex -9.304910e+000  1.916422e+001  0.000000e+000
      vertex -9.117316e+000  1.922112e+001  2.000000e+001
      vertex -9.304910e+000  1.916422e+001  2.000000e+001
    endloop
  endfacet
  facet normal  9.801670e-002 -9.951848e-001  0.000000e+000
    outer loop
      vertex -9.304910e+000  1.916422e+001  0.000000e+000
      vertex -9.304910e+000  1.916422e+001  2.000000e+001
      vertex -9.500000e+000  1.914500e+001  0.000000e+000
    endloop
  endfacet
  facet normal  9.801670e-002 -9.951848e-001  0.000000e+000
    outer loop
      vertex -9.500000e+000  1.914500e+001  0.000000e+000
      vertex -9.304910e+000  1.916422e+001  2.000000e+001
      vertex -9.500000e+000  1.914500e+001  2.000000e+001
    endloop
  endfacet
  facet normal  0.000000e+000  9.999999e-001  0.000000e+000
    outer loop
      vertex -2.050000e+001  2.414500e+001  2.000000e+001
      vertex -9.500000e+000  2.414500e+001  2.000000e+001
      vertex -2.050000e+001  2.414500e+001  0.000000e+000
    endloop
  endfacet
  facet normal  0.000000e+000  9.999999e-001  0.000000e+000
    outer loop
      vertex -2.050000e+001  2.414500e+001  0.000000e+000
      vertex -9.500000e+000  2.414500e+001  2.000000e+001
      vertex -9.500000e+000  2.414500e+001  0.000000e+000
    endloop
  endfacet
  facet normal  9.801670e-002  9.951848e-001  0.000000e+000
    outer loop
      vertex -9.500000e+000  2.414500e+001  0.000000e+000
      vertex -9.500000e+000  2.414500e+001  2.000000e+001
      vertex -9.304910e+000  2.412579e+001  0.000000e+000
    endloop
  endfacet
  facet normal  9.801670e-002  9.951848e-001  -0.000000e+000
    outer loop
      vertex -9.304910e+000  2.412579e+001  0.000000e+000
      vertex -9.500000e+000  2.414500e+001  2.000000e+001
      vertex -9.304910e+000  2.412579e+001  2.000000e+001
    endloop
  endfacet
  facet normal  2.902842e-001  9.569405e-001  0.000000e+000
    outer loop
      vertex -9.304910e+000  2.412579e+001  0.000000e+000
      vertex -9.304910e+000  2.412579e+001  2.000000e+001
      vertex -9.117316e+000  2.406888e+001  0.000000e+000
    endloop
  endfacet
  facet normal  2.902842e-001  9.569405e-001  -0.000000e+000
    outer loop
      vertex -9.117316e+000  2.406888e+001  0.000000e+000
      vertex -9.304910e+000  2.412579e+001  2.000000e+001
      vertex -9.117316e+000  2.406888e+001  2.000000e+001
    endloop
  endfacet
  facet normal  4.714011e-001  8.819189e-001  0.000000e+000
    outer loop
      vertex -9.117316e+000  2.406888e+001  0.000000e+000
      vertex -9.117316e+000  2.406888e+001  2.000000e+001
      vertex -8.944429e+000  2.397647e+001  0.000000e+000
    endloop
  endfacet
  facet normal  4.714011e-001  8.819189e-001  -0.000000e+000
    outer loop
      vertex -8.944429e+000  2.397647e+001  0.000000e+000
      vertex -9.117316e+000  2.406888e+001  2.000000e+001
      vertex -8.944429e+000  2.397647e+001  2.000000e+001
    endloop
  endfacet
  facet normal  6.343951e-001  7.730090e-001  0.000000e+000
    outer loop
      vertex -8.944429e+000  2.397647e+001  0.000000e+000
      vertex -8.944429e+000  2.397647e+001  2.000000e+001
      vertex -8.792893e+000  2.385211e+001  0.000000e+000
    endloop
  endfacet
  facet normal  6.343951e-001  7.730090e-001  -0.000000e+000
    outer loop
      vertex -8.792893e+000  2.385211e+001  0.000000e+000
      vertex -8.944429e+000  2.397647e+001  2.000000e+001
      vertex -8.792893e+000  2.385211e+001  2.000000e+001
    endloop
  endfacet
  facet normal  7.730070e-001  6.343974e-001  0.000000e+000
    outer loop
      vertex -8.792893e+000  2.385211e+001  0.000000e+000
      vertex -8.792893e+000  2.385211e+001  2.000000e+001
      vertex -8.668530e+000  2.370057e+001  0.000000e+000
    endloop
  endfacet
  facet normal  7.730070e-001  6.343974e-001  -0.000000e+000
    outer loop
      vertex -8.668530e+000  2.370057e+001  0.000000e+000
      vertex -8.792893e+000  2.385211e+001  2.000000e+001
      vertex -8.668530e+000  2.370057e+001  2.000000e+001
    endloop
  endfacet
  facet normal  8.819220e-001  4.713953e-001  0.000000e+000
    outer loop
      vertex -8.668530e+000  2.370057e+001  0.000000e+000
      vertex -8.668530e+000  2.370057e+001  2.000000e+001
      vertex -8.576120e+000  2.352768e+001  0.000000e+000
    endloop
  endfacet
  facet normal  8.819220e-001  4.713953e-001  -0.000000e+000
    outer loop
      vertex -8.576120e+000  2.352768e+001  0.000000e+000
      vertex -8.668530e+000  2.370057e+001  2.000000e+001
      vertex -8.576120e+000  2.352768e+001  2.000000e+001
    endloop
  endfacet
  facet normal  9.569405e-001  2.902842e-001  0.000000e+000
    outer loop
      vertex -8.576120e+000  2.352768e+001  0.000000e+000
      vertex -8.576120e+000  2.352768e+001  2.000000e+001
      vertex -8.519215e+000  2.334009e+001  0.000000e+000
    endloop
  endfacet
  facet normal  9.569405e-001  2.902842e-001  -0.000000e+000
    outer loop
      vertex -8.519215e+000  2.334009e+001  0.000000e+000
      vertex -8.576120e+000  2.352768e+001  2.000000e+001
      vertex -8.519215e+000  2.334009e+001  2.000000e+001
    endloop
  endfacet
  facet normal  9.951847e-001  9.801717e-002  0.000000e+000
    outer loop
      vertex -8.519215e+000  2.334009e+001  0.000000e+000
      vertex -8.519215e+000  2.334009e+001  2.000000e+001
      vertex -8.500000e+000  2.314500e+001  0.000000e+000
    endloop
  endfacet
  facet normal  9.951847e-001  9.801717e-002  -0.000000e+000
    outer loop
      vertex -8.500000e+000  2.314500e+001  0.000000e+000
      vertex -8.519215e+000  2.334009e+001  2.000000e+001
      vertex -8.500000e+000  2.314500e+001  2.000000e+001
    endloop
  endfacet
  facet normal -9.999999e-001  -0.000000e+000  0.000000e+000
    outer loop
      vertex -2.350000e+001 -2.114500e+001  2.000000e+001
      vertex -2.350000e+001  2.114500e+001  2.000000e+001
      vertex -2.350000e+001 -2.114500e+001  0.000000e+000
    endloop
  endfacet
  facet normal -9.999999e-001  0.000000e+000  0.000000e+000
    outer loop
      vertex -2.350000e+001 -2.114500e+001  0.000000e+000
      vertex -2.350000e+001  2.114500e+001  2.000000e+001
      vertex -2.350000e+001  2.114500e+001  0.000000e+000
    endloop
  endfacet
  facet normal -7.846089e-002 -9.969171e-001  -0.000000e+000
    outer loop
      vertex -2.050000e+001 -2.414500e+001  0.000000e+000
      vertex -2.050000e+001 -2.414500e+001  2.000000e+001
      vertex -2.096930e+001 -2.410806e+001  0.000000e+000
    endloop
  endfacet
  facet normal -7.846089e-002 -9.969171e-001  0.000000e+000
    outer loop
      vertex -2.096930e+001 -2.410806e+001  0.000000e+000
      vertex -2.050000e+001 -2.414500e+001  2.000000e+001
      vertex -2.096930e+001 -2.410806e+001  2.000000e+001
    endloop
  endfacet
  facet normal -2.334454e-001 -9.723699e-001  -0.000000e+000
    outer loop
      vertex -2.096930e+001 -2.410806e+001  0.000000e+000
      vertex -2.096930e+001 -2.410806e+001  2.000000e+001
      vertex -2.142705e+001 -2.399817e+001  0.000000e+000
    endloop
  endfacet
  facet normal -2.334454e-001 -9.723699e-001  0.000000e+000
    outer loop
      vertex -2.142705e+001 -2.399817e+001  0.000000e+000
      vertex -2.096930e+001 -2.410806e+001  2.000000e+001
      vertex -2.142705e+001 -2.399817e+001  2.000000e+001
    endloop
  endfacet
  facet normal -3.826827e-001 -9.238799e-001  -0.000000e+000
    outer loop
      vertex -2.142705e+001 -2.399817e+001  0.000000e+000
      vertex -2.142705e+001 -2.399817e+001  2.000000e+001
      vertex -2.186197e+001 -2.381802e+001  0.000000e+000
    endloop
  endfacet
  facet normal -3.826827e-001 -9.238799e-001  0.000000e+000
    outer loop
      vertex -2.186197e+001 -2.381802e+001  0.000000e+000
      vertex -2.142705e+001 -2.399817e+001  2.000000e+001
      vertex -2.186197e+001 -2.381802e+001  2.000000e+001
    endloop
  endfacet
  facet normal -5.225003e-001 -8.526391e-001  -0.000000e+000
    outer loop
      vertex -2.186197e+001 -2.381802e+001  0.000000e+000
      vertex -2.186197e+001 -2.381802e+001  2.000000e+001
      vertex -2.226336e+001 -2.357205e+001  0.000000e+000
    endloop
  endfacet
  facet normal -5.225003e-001 -8.526391e-001  0.000000e+000
    outer loop
      vertex -2.226336e+001 -2.357205e+001  0.000000e+000
      vertex -2.186197e+001 -2.381802e+001  2.000000e+001
      vertex -2.226336e+001 -2.357205e+001  2.000000e+001
    endloop
  endfacet
  facet normal -6.494451e-001 -7.604086e-001  -0.000000e+000
    outer loop
      vertex -2.226336e+001 -2.357205e+001  0.000000e+000
      vertex -2.226336e+001 -2.357205e+001  2.000000e+001
      vertex -2.262132e+001 -2.326632e+001  0.000000e+000
    endloop
  endfacet
  facet normal -6.494451e-001 -7.604086e-001  0.000000e+000
    outer loop
      vertex -2.262132e+001 -2.326632e+001  0.000000e+000
      vertex -2.226336e+001 -2.357205e+001  2.000000e+001
      vertex -2.262132e+001 -2.326632e+001  2.000000e+001
    endloop
  endfacet
  facet normal -7.604066e-001 -6.494474e-001  -0.000000e+000
    outer loop
      vertex -2.262132e+001 -2.326632e+001  0.000000e+000
      vertex -2.262132e+001 -2.326632e+001  2.000000e+001
      vertex -2.292705e+001 -2.290836e+001  0.000000e+000
    endloop
  endfacet
  facet normal -7.604066e-001 -6.494474e-001  0.000000e+000
    outer loop
      vertex -2.292705e+001 -2.290836e+001  0.000000e+000
      vertex -2.262132e+001 -2.326632e+001  2.000000e+001
      vertex -2.292705e+001 -2.290836e+001  2.000000e+001
    endloop
  endfacet
  facet normal -8.526410e-001 -5.224974e-001  -0.000000e+000
    outer loop
      vertex -2.292705e+001 -2.290836e+001  0.000000e+000
      vertex -2.292705e+001 -2.290836e+001  2.000000e+001
      vertex -2.317302e+001 -2.250697e+001  0.000000e+000
    endloop
  endfacet
  facet normal -8.526410e-001 -5.224974e-001  0.000000e+000
    outer loop
      vertex -2.317302e+001 -2.250697e+001  0.000000e+000
      vertex -2.292705e+001 -2.290836e+001  2.000000e+001
      vertex -2.317302e+001 -2.250697e+001  2.000000e+001
    endloop
  endfacet
  facet normal -9.238790e-001 -3.826847e-001  -0.000000e+000
    outer loop
      vertex -2.317302e+001 -2.250697e+001  0.000000e+000
      vertex -2.317302e+001 -2.250697e+001  2.000000e+001
      vertex -2.335317e+001 -2.207205e+001  0.000000e+000
    endloop
  endfacet
  facet normal -9.238790e-001 -3.826847e-001  0.000000e+000
    outer loop
      vertex -2.335317e+001 -2.207205e+001  0.000000e+000
      vertex -2.317302e+001 -2.250697e+001  2.000000e+001
      vertex -2.335317e+001 -2.207205e+001  2.000000e+001
    endloop
  endfacet
  facet normal -9.723706e-001 -2.334425e-001  -0.000000e+000
    outer loop
      vertex -2.335317e+001 -2.207205e+001  0.000000e+000
      vertex -2.335317e+001 -2.207205e+001  2.000000e+001
      vertex -2.346306e+001 -2.161430e+001  0.000000e+000
    endloop
  endfacet
  facet normal -9.723706e-001 -2.334425e-001  0.000000e+000
    outer loop
      vertex -2.346306e+001 -2.161430e+001  0.000000e+000
      vertex -2.335317e+001 -2.207205e+001  2.000000e+001
      vertex -2.346306e+001 -2.161430e+001  2.000000e+001
    endloop
  endfacet
  facet normal -9.969171e-001 -7.846089e-002  -0.000000e+000
    outer loop
      vertex -2.346306e+001 -2.161430e+001  0.000000e+000
      vertex -2.346306e+001 -2.161430e+001  2.000000e+001
      vertex -2.350000e+001 -2.114500e+001  0.000000e+000
    endloop
  endfacet
  facet normal -9.969171e-001 -7.846089e-002  0.000000e+000
    outer loop
      vertex -2.350000e+001 -2.114500e+001  0.000000e+000
      vertex -2.346306e+001 -2.161430e+001  2.000000e+001
      vertex -2.350000e+001 -2.114500e+001  2.000000e+001
    endloop
  endfacet
  facet normal  9.999999e-001  -0.000000e+000  0.000000e+000
    outer loop
      vertex  2.350000e+001  2.114500e+001  2.000000e+001
      vertex  2.350000e+001 -2.114500e+001  2.000000e+001
      vertex  2.350000e+001  2.114500e+001  0.000000e+000
    endloop
  endfacet
  facet normal  9.999999e-001  0.000000e+000  0.000000e+000
    outer loop
      vertex  2.350000e+001  2.114500e+001  0.000000e+000
      vertex  2.350000e+001 -2.114500e+001  2.000000e+001
      vertex  2.350000e+001 -2.114500e+001  0.000000e+000
    endloop
  endfacet
  facet normal  9.969171e-001 -7.846089e-002  0.000000e+000
    outer loop
      vertex  2.350000e+001 -2.114500e+001  0.000000e+000
      vertex  2.350000e+001 -2.114500e+001  2.000000e+001
      vertex  2.346306e+001 -2.161430e+001  0.000000e+000
    endloop
  endfacet
  facet normal  9.969171e-001 -7.846089e-002  0.000000e+000
    outer loop
      vertex  2.346306e+001 -2.161430e+001  0.000000e+000
      vertex  2.350000e+001 -2.114500e+001  2.000000e+001
      vertex  2.346306e+001 -2.161430e+001  2.000000e+001
    endloop
  endfacet
  facet normal  9.723706e-001 -2.334425e-001  0.000000e+000
    outer loop
      vertex  2.346306e+001 -2.161430e+001  0.000000e+000
      vertex  2.346306e+001 -2.161430e+001  2.000000e+001
      vertex  2.335317e+001 -2.207205e+001  0.000000e+000
    endloop
  endfacet
  facet normal  9.723706e-001 -2.334425e-001  0.000000e+000
    outer loop
      vertex  2.335317e+001 -2.207205e+001  0.000000e+000
      vertex  2.346306e+001 -2.161430e+001  2.000000e+001
      vertex  2.335317e+001 -2.207205e+001  2.000000e+001
    endloop
  endfacet
  facet normal  9.238790e-001 -3.826847e-001  0.000000e+000
    outer loop
      vertex  2.335317e+001 -2.207205e+001  0.000000e+000
      vertex  2.335317e+001 -2.207205e+001  2.000000e+001
      vertex  2.317302e+001 -2.250697e+001  0.000000e+000
    endloop
  endfacet
  facet normal  9.238790e-001 -3.826847e-001  0.000000e+000
    outer loop
      vertex  2.317302e+001 -2.250697e+001  0.000000e+000
      vertex  2.335317e+001 -2.207205e+001  2.000000e+001
      vertex  2.317302e+001 -2.250697e+001  2.000000e+001
    endloop
  endfacet
  facet normal  8.526410e-001 -5.224974e-001  0.000000e+000
    outer loop
      vertex  2.317302e+001 -2.250697e+001  0.000000e+000
      vertex  2.317302e+001 -2.250697e+001  2.000000e+001
      vertex  2.292705e+001 -2.290836e+001  0.000000e+000
    endloop
  endfacet
  facet normal  8.526410e-001 -5.224974e-001  0.000000e+000
    outer loop
      vertex  2.292705e+001 -2.290836e+001  0.000000e+000
      vertex  2.317302e+001 -2.250697e+001  2.000000e+001
      vertex  2.292705e+001 -2.290836e+001  2.000000e+001
    endloop
  endfacet
  facet normal  7.604066e-001 -6.494474e-001  0.000000e+000
    outer loop
      vertex  2.292705e+001 -2.290836e+001  0.000000e+000
      vertex  2.292705e+001 -2.290836e+001  2.000000e+001
      vertex  2.262132e+001 -2.326632e+001  0.000000e+000
    endloop
  endfacet
  facet normal  7.604066e-001 -6.494474e-001  0.000000e+000
    outer loop
      vertex  2.262132e+001 -2.326632e+001  0.000000e+000
      vertex  2.292705e+001 -2.290836e+001  2.000000e+001
      vertex  2.262132e+001 -2.326632e+001  2.000000e+001
    endloop
  endfacet
  facet normal  6.494451e-001 -7.604086e-001  0.000000e+000
    outer loop
      vertex  2.262132e+001 -2.326632e+001  0.000000e+000
      vertex  2.262132e+001 -2.326632e+001  2.000000e+001
      vertex  2.226336e+001 -2.357205e+001  0.000000e+000
    endloop
  endfacet
  facet normal  6.494451e-001 -7.604086e-001  0.000000e+000
    outer loop
      vertex  2.226336e+001 -2.357205e+001  0.000000e+000
      vertex  2.262132e+001 -2.326632e+001  2.000000e+001
      vertex  2.226336e+001 -2.357205e+001  2.000000e+001
    endloop
  endfacet
  facet normal  5.225003e-001 -8.526391e-001  0.000000e+000
    outer loop
      vertex  2.226336e+001 -2.357205e+001  0.000000e+000
      vertex  2.226336e+001 -2.357205e+001  2.000000e+001
      vertex  2.186197e+001 -2.381802e+001  0.000000e+000
    endloop
  endfacet
  facet normal  5.225003e-001 -8.526391e-001  0.000000e+000
    outer loop
      vertex  2.186197e+001 -2.381802e+001  0.000000e+000
      vertex  2.226336e+001 -2.357205e+001  2.000000e+001
      vertex  2.186197e+001 -2.381802e+001  2.000000e+001
    endloop
  endfacet
  facet normal  3.826827e-001 -9.238799e-001  0.000000e+000
    outer loop
      vertex  2.186197e+001 -2.381802e+001  0.000000e+000
      vertex  2.186197e+001 -2.381802e+001  2.000000e+001
      vertex  2.142705e+001 -2.399817e+001  0.000000e+000
    endloop
  endfacet
  facet normal  3.826827e-001 -9.238799e-001  0.000000e+000
    outer loop
      vertex  2.142705e+001 -2.399817e+001  0.000000e+000
      vertex  2.186197e+001 -2.381802e+001  2.000000e+001
      vertex  2.142705e+001 -2.399817e+001  2.000000e+001
    endloop
  endfacet
  facet normal  2.334454e-001 -9.723699e-001  0.000000e+000
    outer loop
      vertex  2.142705e+001 -2.399817e+001  0.000000e+000
      vertex  2.142705e+001 -2.399817e+001  2.000000e+001
      vertex  2.096930e+001 -2.410806e+001  0.000000e+000
    endloop
  endfacet
  facet normal  2.334454e-001 -9.723699e-001  0.000000e+000
    outer loop
      vertex  2.096930e+001 -2.410806e+001  0.000000e+000
      vertex  2.142705e+001 -2.399817e+001  2.000000e+001
      vertex  2.096930e+001 -2.410806e+001  2.000000e+001
    endloop
  endfacet
  facet normal  7.846089e-002 -9.969171e-001  0.000000e+000
    outer loop
      vertex  2.096930e+001 -2.410806e+001  0.000000e+000
      vertex  2.096930e+001 -2.410806e+001  2.000000e+001
      vertex  2.050000e+001 -2.414500e+001  0.000000e+000
    endloop
  endfacet
  facet normal  7.846089e-002 -9.969171e-001  0.000000e+000
    outer loop
      vertex  2.050000e+001 -2.414500e+001  0.000000e+000
      vertex  2.096930e+001 -2.410806e+001  2.000000e+001
      vertex  2.050000e+001 -2.414500e+001  2.000000e+001
    endloop
  endfacet
  facet normal -9.969171e-001  7.846089e-002  0.000000e+000
    outer loop
      vertex -2.350000e+001  2.114500e+001  0.000000e+000
      vertex -2.350000e+001  2.114500e+001  2.000000e+001
      vertex -2.346306e+001  2.161430e+001  0.000000e+000
    endloop
  endfacet
  facet normal -9.969171e-001  7.846089e-002  0.000000e+000
    outer loop
      vertex -2.346306e+001  2.161430e+001  0.000000e+000
      vertex -2.350000e+001  2.114500e+001  2.000000e+001
      vertex -2.346306e+001  2.161430e+001  2.000000e+001
    endloop
  endfacet
  facet normal -9.723706e-001  2.334425e-001  0.000000e+000
    outer loop
      vertex -2.346306e+001  2.161430e+001  0.000000e+000
      vertex -2.346306e+001  2.161430e+001  2.000000e+001
      vertex -2.335317e+001  2.207205e+001  0.000000e+000
    endloop
  endfacet
  facet normal -9.723706e-001  2.334425e-001  0.000000e+000
    outer loop
      vertex -2.335317e+001  2.207205e+001  0.000000e+000
      vertex -2.346306e+001  2.161430e+001  2.000000e+001
      vertex -2.335317e+001  2.207205e+001  2.000000e+001
    endloop
  endfacet
  facet normal -9.238790e-001  3.826847e-001  0.000000e+000
    outer loop
      vertex -2.335317e+001  2.207205e+001  0.000000e+000
      vertex -2.335317e+001  2.207205e+001  2.000000e+001
      vertex -2.317302e+001  2.250697e+001  0.000000e+000
    endloop
  endfacet
  facet normal -9.238790e-001  3.826847e-001  0.000000e+000
    outer loop
      vertex -2.317302e+001  2.250697e+001  0.000000e+000
      vertex -2.335317e+001  2.207205e+001  2.000000e+001
      vertex -2.317302e+001  2.250697e+001  2.000000e+001
    endloop
  endfacet
  facet normal -8.526410e-001  5.224974e-001  0.000000e+000
    outer loop
      vertex -2.317302e+001  2.250697e+001  0.000000e+000
      vertex -2.317302e+001  2.250697e+001  2.000000e+001
      vertex -2.292705e+001  2.290836e+001  0.000000e+000
    endloop
  endfacet
  facet normal -8.526410e-001  5.224974e-001  0.000000e+000
    outer loop
      vertex -2.292705e+001  2.290836e+001  0.000000e+000
      vertex -2.317302e+001  2.250697e+001  2.000000e+001
      vertex -2.292705e+001  2.290836e+001  2.000000e+001
    endloop
  endfacet
  facet normal -7.604066e-001  6.494474e-001  0.000000e+000
    outer loop
      vertex -2.292705e+001  2.290836e+001  0.000000e+000
      vertex -2.292705e+001  2.290836e+001  2.000000e+001
      vertex -2.262132e+001  2.326632e+001  0.000000e+000
    endloop
  endfacet
  facet normal -7.604066e-001  6.494474e-001  0.000000e+000
    outer loop
      vertex -2.262132e+001  2.326632e+001  0.000000e+000
      vertex -2.292705e+001  2.290836e+001  2.000000e+001
      vertex -2.262132e+001  2.326632e+001  2.000000e+001
    endloop
  endfacet
  facet normal -6.494451e-001  7.604086e-001  0.000000e+000
    outer loop
      vertex -2.262132e+001  2.326632e+001  0.000000e+000
      vertex -2.262132e+001  2.326632e+001  2.000000e+001
      vertex -2.226336e+001  2.357205e+001  0.000000e+000
    endloop
  endfacet
  facet normal -6.494451e-001  7.604086e-001  0.000000e+000
    outer loop
      vertex -2.226336e+001  2.357205e+001  0.000000e+000
      vertex -2.262132e+001  2.326632e+001  2.000000e+001
      vertex -2.226336e+001  2.357205e+001  2.000000e+001
    endloop
  endfacet
  facet normal -5.225003e-001  8.526391e-001  0.000000e+000
    outer loop
      vertex -2.226336e+001  2.357205e+001  0.000000e+000
      vertex -2.226336e+001  2.357205e+001  2.000000e+001
      vertex -2.186197e+001  2.381802e+001  0.000000e+000
    endloop
  endfacet
  facet normal -5.225003e-001  8.526391e-001  0.000000e+000
    outer loop
      vertex -2.186197e+001  2.381802e+001  0.000000e+000
      vertex -2.226336e+001  2.357205e+001  2.000000e+001
      vertex -2.186197e+001  2.381802e+001  2.000000e+001
    endloop
  endfacet
  facet normal -3.826827e-001  9.238799e-001  0.000000e+000
    outer loop
      vertex -2.186197e+001  2.381802e+001  0.000000e+000
      vertex -2.186197e+001  2.381802e+001  2.000000e+001
      vertex -2.142705e+001  2.399817e+001  0.000000e+000
    endloop
  endfacet
  facet normal -3.826827e-001  9.238799e-001  0.000000e+000
    outer loop
      vertex -2.142705e+001  2.399817e+001  0.000000e+000
      vertex -2.186197e+001  2.381802e+001  2.000000e+001
      vertex -2.142705e+001  2.399817e+001  2.000000e+001
    endloop
  endfacet
  facet normal -2.334454e-001  9.723699e-001  0.000000e+000
    outer loop
      vertex -2.142705e+001  2.399817e+001  0.000000e+000
      vertex -2.142705e+001  2.399817e+001  2.000000e+001
      vertex -2.096930e+001  2.410806e+001  0.000000e+000
    endloop
  endfacet
  facet normal -2.334454e-001  9.723699e-001  0.000000e+000
    outer loop
      vertex -2.096930e+001  2.410806e+001  0.000000e+000
      vertex -2.142705e+001  2.399817e+001  2.000000e+001
      vertex -2.096930e+001  2.410806e+001  2.000000e+001
    endloop
  endfacet
  facet normal -7.846089e-002  9.969171e-001  0.000000e+000
    outer loop
      vertex -2.096930e+001  2.410806e+001  0.000000e+000
      vertex -2.096930e+001  2.410806e+001  2.000000e+001
      vertex -2.050000e+001  2.414500e+001  0.000000e+000
    endloop
  endfacet
  facet normal -7.846089e-002  9.969171e-001  0.000000e+000
    outer loop
      vertex -2.050000e+001  2.414500e+001  0.000000e+000
      vertex -2.096930e+001  2.410806e+001  2.000000e+001
      vertex -2.050000e+001  2.414500e+001  2.000000e+001
    endloop
  endfacet
  facet normal  7.846089e-002  9.969171e-001  0.000000e+000
    outer loop
      vertex  2.050000e+001  2.414500e+001  0.000000e+000
      vertex  2.050000e+001  2.414500e+001  2.000000e+001
      vertex  2.096930e+001  2.410806e+001  0.000000e+000
    endloop
  endfacet
  facet normal  7.846089e-002  9.969171e-001  -0.000000e+000
    outer loop
      vertex  2.096930e+001  2.410806e+001  0.000000e+000
      vertex  2.050000e+001  2.414500e+001  2.000000e+001
      vertex  2.096930e+001  2.410806e+001  2.000000e+001
    endloop
  endfacet
  facet normal  2.334454e-001  9.723699e-001  0.000000e+000
    outer loop
      vertex  2.096930e+001  2.410806e+001  0.000000e+000
      vertex  2.096930e+001  2.410806e+001  2.000000e+001
      vertex  2.142705e+001  2.399817e+001  0.000000e+000
    endloop
  endfacet
  facet normal  2.334454e-001  9.723699e-001  -0.000000e+000
    outer loop
      vertex  2.142705e+001  2.399817e+001  0.000000e+000
      vertex  2.096930e+001  2.410806e+001  2.000000e+001
      vertex  2.142705e+001  2.399817e+001  2.000000e+001
    endloop
  endfacet
  facet normal  3.826827e-001  9.238799e-001  0.000000e+000
    outer loop
      vertex  2.142705e+001  2.399817e+001  0.000000e+000
      vertex  2.142705e+001  2.399817e+001  2.000000e+001
      vertex  2.186197e+001  2.381802e+001  0.000000e+000
    endloop
  endfacet
  facet normal  3.826827e-001  9.238799e-001  -0.000000e+000
    outer loop
      vertex  2.186197e+001  2.381802e+001  0.000000e+000
      vertex  2.142705e+001  2.399817e+001  2.000000e+001
      vertex  2.186197e+001  2.381802e+001  2.000000e+001
    endloop
  endfacet
  facet normal  5.225003e-001  8.526391e-001  0.000000e+000
    outer loop
      vertex  2.186197e+001  2.381802e+001  0.000000e+000
      vertex  2.186197e+001  2.381802e+001  2.000000e+001
      vertex  2.226336e+001  2.357205e+001  0.000000e+000
    endloop
  endfacet
  facet normal  5.225003e-001  8.526391e-001  -0.000000e+000
    outer loop
      vertex  2.226336e+001  2.357205e+001  0.000000e+000
      vertex  2.186197e+001  2.381802e+001  2.000000e+001
      vertex  2.226336e+001  2.357205e+001  2.000000e+001
    endloop
  endfacet
  facet normal  6.494451e-001  7.604086e-001  0.000000e+000
    outer loop
      vertex  2.226336e+001  2.357205e+001  0.000000e+000
      vertex  2.226336e+001  2.357205e+001  2.000000e+001
      vertex  2.262132e+001  2.326632e+001  0.000000e+000
    endloop
  endfacet
  facet normal  6.494451e-001  7.604086e-001  -0.000000e+000
    outer loop
      vertex  2.262132e+001  2.326632e+001  0.000000e+000
      vertex  2.226336e+001  2.357205e+001  2.000000e+001
      vertex  2.262132e+001  2.326632e+001  2.000000e+001
    endloop
  endfacet
  facet normal  7.604066e-001  6.494474e-001  0.000000e+000
    outer loop
      vertex  2.262132e+001  2.326632e+001  0.000000e+000
      vertex  2.262132e+001  2.326632e+001  2.000000e+001
      vertex  2.292705e+001  2.290836e+001  0.000000e+000
    endloop
  endfacet
  facet normal  7.604066e-001  6.494474e-001  -0.000000e+000
    outer loop
      vertex  2.292705e+001  2.290836e+001  0.000000e+000
      vertex  2.262132e+001  2.326632e+001  2.000000e+001
      vertex  2.292705e+001  2.290836e+001  2.000000e+001
    endloop
  endfacet
  facet normal  8.526410e-001  5.224974e-001  0.000000e+000
    outer loop
      vertex  2.292705e+001  2.290836e+001  0.000000e+000
      vertex  2.292705e+001  2.290836e+001  2.000000e+001
      vertex  2.317302e+001  2.250697e+001  0.000000e+000
    endloop
  endfacet
  facet normal  8.526410e-001  5.224974e-001  -0.000000e+000
    outer loop
      vertex  2.317302e+001  2.250697e+001  0.000000e+000
      vertex  2.292705e+001  2.290836e+001  2.000000e+001
      vertex  2.317302e+001  2.250697e+001  2.000000e+001
    endloop
  endfacet
  facet normal  9.238790e-001  3.826847e-001  0.000000e+000
    outer loop
      vertex  2.317302e+001  2.250697e+001  0.000000e+000
      vertex  2.317302e+001  2.250697e+001  2.000000e+001
      vertex  2.335317e+001  2.207205e+001  0.000000e+000
    endloop
  endfacet
  facet normal  9.238790e-001  3.826847e-001  -0.000000e+000
    outer loop
      vertex  2.335317e+001  2.207205e+001  0.000000e+000
      vertex  2.317302e+001  2.250697e+001  2.000000e+001
      vertex  2.335317e+001  2.207205e+001  2.000000e+001
    endloop
  endfacet
  facet normal  9.723706e-001  2.334425e-001  0.000000e+000
    outer loop
      vertex  2.335317e+001  2.207205e+001  0.000000e+000
      vertex  2.335317e+001  2.207205e+001  2.000000e+001
      vertex  2.346306e+001  2.161430e+001  0.000000e+000
    endloop
  endfacet
  facet normal  9.723706e-001  2.334425e-001  -0.000000e+000
    outer loop
      vertex  2.346306e+001  2.161430e+001  0.000000e+000
      vertex  2.335317e+001  2.207205e+001  2.000000e+001
      vertex  2.346306e+001  2.161430e+001  2.000000e+001
    endloop
  endfacet
  facet normal  9.969171e-001  7.846089e-002  0.000000e+000
    outer loop
      vertex  2.346306e+001  2.161430e+001  0.000000e+000
      vertex  2.346306e+001  2.161430e+001  2.000000e+001
      vertex  2.350000e+001  2.114500e+001  0.000000e+000
    endloop
  endfacet
  facet normal  9.969171e-001  7.846089e-002  -0.000000e+000
    outer loop
      vertex  2.350000e+001  2.114500e+001  0.000000e+000
      vertex  2.346306e+001  2.161430e+001  2.000000e+001
      vertex  2.350000e+001  2.114500e+001  2.000000e+001
    endloop
  endfacet
  facet normal  9.961947e-001  8.715566e-002  0.000000e+000
    outer loop
      vertex -2.500000e+000 -2.600000e+001 -5.000000e+000
      vertex -2.462019e+000 -2.643412e+001  0.000000e+000
      vertex -2.462019e+000 -2.643412e+001 -5.000000e+000
    endloop
  endfacet
  facet normal  9.659259e-001  2.588188e-001  -0.000000e+000
    outer loop
      vertex -2.462019e+000 -2.643412e+001 -5.000000e+000
      vertex -2.462019e+000 -2.643412e+001  0.000000e+000
      vertex -2.349231e+000 -2.685505e+001  0.000000e+000
    endloop
  endfacet
  facet normal  9.659259e-001  2.588188e-001  0.000000e+000
    outer loop
      vertex -2.462019e+000 -2.643412e+001 -5.000000e+000
      vertex -2.349231e+000 -2.685505e+001  0.000000e+000
      vertex -2.349231e+000 -2.685505e+001 -5.000000e+000
    endloop
  endfacet
  facet normal  9.063078e-001  4.226186e-001  -0.000000e+000
    outer loop
      vertex -2.349231e+000 -2.685505e+001 -5.000000e+000
      vertex -2.349231e+000 -2.685505e+001  0.000000e+000
      vertex -2.165064e+000 -2.725000e+001  0.000000e+000
    endloop
  endfacet
  facet normal  9.063078e-001  4.226186e-001  0.000000e+000
    outer loop
      vertex -2.349231e+000 -2.685505e+001 -5.000000e+000
      vertex -2.165064e+000 -2.725000e+001  0.000000e+000
      vertex -2.165064e+000 -2.725000e+001 -5.000000e+000
    endloop
  endfacet
  facet normal  8.191525e-001  5.735758e-001  -0.000000e+000
    outer loop
      vertex -2.165064e+000 -2.725000e+001 -5.000000e+000
      vertex -2.165064e+000 -2.725000e+001  0.000000e+000
      vertex -1.915111e+000 -2.760697e+001  0.000000e+000
    endloop
  endfacet
  facet normal  8.191525e-001  5.735758e-001  0.000000e+000
    outer loop
      vertex -2.165064e+000 -2.725000e+001 -5.000000e+000
      vertex -1.915111e+000 -2.760697e+001  0.000000e+000
      vertex -1.915111e+000 -2.760697e+001 -5.000000e+000
    endloop
  endfacet
  facet normal  7.071064e-001  7.071072e-001  -0.000000e+000
    outer loop
      vertex -1.915111e+000 -2.760697e+001 -5.000000e+000
      vertex -1.915111e+000 -2.760697e+001  0.000000e+000
      vertex -1.606969e+000 -2.791511e+001  0.000000e+000
    endloop
  endfacet
  facet normal  7.071064e-001  7.071072e-001  0.000000e+000
    outer loop
      vertex -1.915111e+000 -2.760697e+001 -5.000000e+000
      vertex -1.606969e+000 -2.791511e+001  0.000000e+000
      vertex -1.606969e+000 -2.791511e+001 -5.000000e+000
    endloop
  endfacet
  facet normal  5.735763e-001  8.191521e-001  -0.000000e+000
    outer loop
      vertex -1.606969e+000 -2.791511e+001 -5.000000e+000
      vertex -1.606969e+000 -2.791511e+001  0.000000e+000
      vertex -1.250000e+000 -2.816506e+001  0.000000e+000
    endloop
  endfacet
  facet normal  5.735763e-001  8.191521e-001  0.000000e+000
    outer loop
      vertex -1.606969e+000 -2.791511e+001 -5.000000e+000
      vertex -1.250000e+000 -2.816506e+001  0.000000e+000
      vertex -1.250000e+000 -2.816506e+001 -5.000000e+000
    endloop
  endfacet
  facet normal  4.226179e-001  9.063080e-001  -0.000000e+000
    outer loop
      vertex -1.250000e+000 -2.816506e+001 -5.000000e+000
      vertex -1.250000e+000 -2.816506e+001  0.000000e+000
      vertex -8.550504e-001 -2.834923e+001  0.000000e+000
    endloop
  endfacet
  facet normal  4.226179e-001  9.063080e-001  0.000000e+000
    outer loop
      vertex -1.250000e+000 -2.816506e+001 -5.000000e+000
      vertex -8.550504e-001 -2.834923e+001  0.000000e+000
      vertex -8.550504e-001 -2.834923e+001 -5.000000e+000
    endloop
  endfacet
  facet normal  2.588178e-001  9.659262e-001  -0.000000e+000
    outer loop
      vertex -8.550504e-001 -2.834923e+001 -5.000000e+000
      vertex -8.550504e-001 -2.834923e+001  0.000000e+000
      vertex -4.341204e-001 -2.846202e+001  0.000000e+000
    endloop
  endfacet
  facet normal  2.588178e-001  9.659262e-001  0.000000e+000
    outer loop
      vertex -8.550504e-001 -2.834923e+001 -5.000000e+000
      vertex -4.341204e-001 -2.846202e+001  0.000000e+000
      vertex -4.341204e-001 -2.846202e+001 -5.000000e+000
    endloop
  endfacet
  facet normal  8.715669e-002  9.961947e-001  -0.000000e+000
    outer loop
      vertex -4.341204e-001 -2.846202e+001 -5.000000e+000
      vertex -4.341204e-001 -2.846202e+001  0.000000e+000
      vertex -3.061617e-016 -2.850000e+001  0.000000e+000
    endloop
  endfacet
  facet normal  8.715669e-002  9.961947e-001  0.000000e+000
    outer loop
      vertex -4.341204e-001 -2.846202e+001 -5.000000e+000
      vertex -3.061617e-016 -2.850000e+001  0.000000e+000
      vertex -3.061617e-016 -2.850000e+001 -5.000000e+000
    endloop
  endfacet
  facet normal  9.961947e-001  8.715566e-002  -0.000000e+000
    outer loop
      vertex -2.462019e+000 -2.643412e+001  0.000000e+000
      vertex -2.500000e+000 -2.600000e+001 -5.000000e+000
      vertex -2.500000e+000 -2.600000e+001  0.000000e+000
    endloop
  endfacet
  facet normal  9.961947e-001 -8.715566e-002  0.000000e+000
    outer loop
      vertex -2.500000e+000 -2.600000e+001  0.000000e+000
      vertex -2.500000e+000 -2.600000e+001 -5.000000e+000
      vertex -2.462019e+000 -2.556588e+001 -5.000000e+000
    endloop
  endfacet
  facet normal  9.961947e-001 -8.715566e-002  0.000000e+000
    outer loop
      vertex -2.500000e+000 -2.600000e+001  0.000000e+000
      vertex -2.462019e+000 -2.556588e+001 -5.000000e+000
      vertex -2.462019e+000 -2.556588e+001  0.000000e+000
    endloop
  endfacet
  facet normal  9.659259e-001 -2.588188e-001  0.000000e+000
    outer loop
      vertex -2.462019e+000 -2.556588e+001  0.000000e+000
      vertex -2.462019e+000 -2.556588e+001 -5.000000e+000
      vertex -2.349231e+000 -2.514495e+001 -5.000000e+000
    endloop
  endfacet
  facet normal  9.659259e-001 -2.588188e-001  0.000000e+000
    outer loop
      vertex -2.462019e+000 -2.556588e+001  0.000000e+000
      vertex -2.349231e+000 -2.514495e+001 -5.000000e+000
      vertex -2.349231e+000 -2.514495e+001  0.000000e+000
    endloop
  endfacet
  facet normal  9.063078e-001 -4.226186e-001  0.000000e+000
    outer loop
      vertex -2.349231e+000 -2.514495e+001  0.000000e+000
      vertex -2.349231e+000 -2.514495e+001 -5.000000e+000
      vertex -2.165064e+000 -2.475000e+001 -5.000000e+000
    endloop
  endfacet
  facet normal  9.063078e-001 -4.226186e-001  0.000000e+000
    outer loop
      vertex -2.349231e+000 -2.514495e+001  0.000000e+000
      vertex -2.165064e+000 -2.475000e+001 -5.000000e+000
      vertex -2.165064e+000 -2.475000e+001  0.000000e+000
    endloop
  endfacet
  facet normal  8.191525e-001 -5.735758e-001  0.000000e+000
    outer loop
      vertex -2.165064e+000 -2.475000e+001  0.000000e+000
      vertex -2.165064e+000 -2.475000e+001 -5.000000e+000
      vertex -1.915111e+000 -2.439303e+001 -5.000000e+000
    endloop
  endfacet
  facet normal  8.191525e-001 -5.735758e-001  0.000000e+000
    outer loop
      vertex -2.165064e+000 -2.475000e+001  0.000000e+000
      vertex -1.915111e+000 -2.439303e+001 -5.000000e+000
      vertex -1.915111e+000 -2.439303e+001  0.000000e+000
    endloop
  endfacet
  facet normal  7.071064e-001 -7.071072e-001  0.000000e+000
    outer loop
      vertex -1.915111e+000 -2.439303e+001  0.000000e+000
      vertex -1.915111e+000 -2.439303e+001 -5.000000e+000
      vertex -1.606969e+000 -2.408489e+001 -5.000000e+000
    endloop
  endfacet
  facet normal  7.071064e-001 -7.071072e-001  0.000000e+000
    outer loop
      vertex -1.915111e+000 -2.439303e+001  0.000000e+000
      vertex -1.606969e+000 -2.408489e+001 -5.000000e+000
      vertex -1.606969e+000 -2.408489e+001  0.000000e+000
    endloop
  endfacet
  facet normal  5.735763e-001 -8.191521e-001  0.000000e+000
    outer loop
      vertex -1.606969e+000 -2.408489e+001  0.000000e+000
      vertex -1.606969e+000 -2.408489e+001 -5.000000e+000
      vertex -1.250000e+000 -2.383494e+001 -5.000000e+000
    endloop
  endfacet
  facet normal  5.735763e-001 -8.191521e-001  0.000000e+000
    outer loop
      vertex -1.606969e+000 -2.408489e+001  0.000000e+000
      vertex -1.250000e+000 -2.383494e+001 -5.000000e+000
      vertex -1.250000e+000 -2.383494e+001  0.000000e+000
    endloop
  endfacet
  facet normal  4.226179e-001 -9.063080e-001  0.000000e+000
    outer loop
      vertex -1.250000e+000 -2.383494e+001  0.000000e+000
      vertex -1.250000e+000 -2.383494e+001 -5.000000e+000
      vertex -8.550504e-001 -2.365077e+001 -5.000000e+000
    endloop
  endfacet
  facet normal  4.226179e-001 -9.063080e-001  0.000000e+000
    outer loop
      vertex -1.250000e+000 -2.383494e+001  0.000000e+000
      vertex -8.550504e-001 -2.365077e+001 -5.000000e+000
      vertex -8.550504e-001 -2.365077e+001  0.000000e+000
    endloop
  endfacet
  facet normal  2.588178e-001 -9.659262e-001  0.000000e+000
    outer loop
      vertex -8.550504e-001 -2.365077e+001  0.000000e+000
      vertex -8.550504e-001 -2.365077e+001 -5.000000e+000
      vertex -4.341204e-001 -2.353798e+001 -5.000000e+000
    endloop
  endfacet
  facet normal  2.588178e-001 -9.659262e-001  0.000000e+000
    outer loop
      vertex -8.550504e-001 -2.365077e+001  0.000000e+000
      vertex -4.341204e-001 -2.353798e+001 -5.000000e+000
      vertex -4.341204e-001 -2.353798e+001  0.000000e+000
    endloop
  endfacet
  facet normal  8.715669e-002 -9.961947e-001  0.000000e+000
    outer loop
      vertex -4.341204e-001 -2.353798e+001  0.000000e+000
      vertex -4.341204e-001 -2.353798e+001 -5.000000e+000
      vertex  0.000000e+000 -2.350000e+001 -5.000000e+000
    endloop
  endfacet
  facet normal  8.715669e-002 -9.961947e-001  0.000000e+000
    outer loop
      vertex -4.341204e-001 -2.353798e+001  0.000000e+000
      vertex  0.000000e+000 -2.350000e+001 -5.000000e+000
      vertex  0.000000e+000 -2.350000e+001  0.000000e+000
    endloop
  endfacet
  facet normal -9.961947e-001 -8.715566e-002  -0.000000e+000
    outer loop
      vertex  2.500000e+000 -2.600000e+001 -5.000000e+000
      vertex  2.462019e+000 -2.556588e+001  0.000000e+000
      vertex  2.462019e+000 -2.556588e+001 -5.000000e+000
    endloop
  endfacet
  facet normal -9.659259e-001 -2.588188e-001  0.000000e+000
    outer loop
      vertex  2.462019e+000 -2.556588e+001 -5.000000e+000
      vertex  2.462019e+000 -2.556588e+001  0.000000e+000
      vertex  2.349231e+000 -2.514495e+001  0.000000e+000
    endloop
  endfacet
  facet normal -9.659259e-001 -2.588188e-001  -0.000000e+000
    outer loop
      vertex  2.462019e+000 -2.556588e+001 -5.000000e+000
      vertex  2.349231e+000 -2.514495e+001  0.000000e+000
      vertex  2.349231e+000 -2.514495e+001 -5.000000e+000
    endloop
  endfacet
  facet normal -9.063078e-001 -4.226186e-001  0.000000e+000
    outer loop
      vertex  2.349231e+000 -2.514495e+001 -5.000000e+000
      vertex  2.349231e+000 -2.514495e+001  0.000000e+000
      vertex  2.165064e+000 -2.475000e+001  0.000000e+000
    endloop
  endfacet
  facet normal -9.063078e-001 -4.226186e-001  -0.000000e+000
    outer loop
      vertex  2.349231e+000 -2.514495e+001 -5.000000e+000
      vertex  2.165064e+000 -2.475000e+001  0.000000e+000
      vertex  2.165064e+000 -2.475000e+001 -5.000000e+000
    endloop
  endfacet
  facet normal -8.191525e-001 -5.735758e-001  0.000000e+000
    outer loop
      vertex  2.165064e+000 -2.475000e+001 -5.000000e+000
      vertex  2.165064e+000 -2.475000e+001  0.000000e+000
      vertex  1.915111e+000 -2.439303e+001  0.000000e+000
    endloop
  endfacet
  facet normal -8.191525e-001 -5.735758e-001  -0.000000e+000
    outer loop
      vertex  2.165064e+000 -2.475000e+001 -5.000000e+000
      vertex  1.915111e+000 -2.439303e+001  0.000000e+000
      vertex  1.915111e+000 -2.439303e+001 -5.000000e+000
    endloop
  endfacet
  facet normal -7.071064e-001 -7.071072e-001  0.000000e+000
    outer loop
      vertex  1.915111e+000 -2.439303e+001 -5.000000e+000
      vertex  1.915111e+000 -2.439303e+001  0.000000e+000
      vertex  1.606969e+000 -2.408489e+001  0.000000e+000
    endloop
  endfacet
  facet normal -7.071064e-001 -7.071072e-001  -0.000000e+000
    outer loop
      vertex  1.915111e+000 -2.439303e+001 -5.000000e+000
      vertex  1.606969e+000 -2.408489e+001  0.000000e+000
      vertex  1.606969e+000 -2.408489e+001 -5.000000e+000
    endloop
  endfacet
  facet normal -5.735763e-001 -8.191521e-001  0.000000e+000
    outer loop
      vertex  1.606969e+000 -2.408489e+001 -5.000000e+000
      vertex  1.606969e+000 -2.408489e+001  0.000000e+000
      vertex  1.250000e+000 -2.383494e+001  0.000000e+000
    endloop
  endfacet
  facet normal -5.735763e-001 -8.191521e-001  -0.000000e+000
    outer loop
      vertex  1.606969e+000 -2.408489e+001 -5.000000e+000
      vertex  1.250000e+000 -2.383494e+001  0.000000e+000
      vertex  1.250000e+000 -2.383494e+001 -5.000000e+000
    endloop
  endfacet
  facet normal -4.226179e-001 -9.063080e-001  0.000000e+000
    outer loop
      vertex  1.250000e+000 -2.383494e+001 -5.000000e+000
      vertex  1.250000e+000 -2.383494e+001  0.000000e+000
      vertex  8.550504e-001 -2.365077e+001  0.000000e+000
    endloop
  endfacet
  facet normal -4.226179e-001 -9.063080e-001  -0.000000e+000
    outer loop
      vertex  1.250000e+000 -2.383494e+001 -5.000000e+000
      vertex  8.550504e-001 -2.365077e+001  0.000000e+000
      vertex  8.550504e-001 -2.365077e+001 -5.000000e+000
    endloop
  endfacet
  facet normal -2.588178e-001 -9.659262e-001  0.000000e+000
    outer loop
      vertex  8.550504e-001 -2.365077e+001 -5.000000e+000
      vertex  8.550504e-001 -2.365077e+001  0.000000e+000
      vertex  4.341204e-001 -2.353798e+001  0.000000e+000
    endloop
  endfacet
  facet normal -2.588178e-001 -9.659262e-001  -0.000000e+000
    outer loop
      vertex  8.550504e-001 -2.365077e+001 -5.000000e+000
      vertex  4.341204e-001 -2.353798e+001  0.000000e+000
      vertex  4.341204e-001 -2.353798e+001 -5.000000e+000
    endloop
  endfacet
  facet normal -8.715669e-002 -9.961947e-001  0.000000e+000
    outer loop
      vertex  4.341204e-001 -2.353798e+001 -5.000000e+000
      vertex  4.341204e-001 -2.353798e+001  0.000000e+000
      vertex  0.000000e+000 -2.350000e+001  0.000000e+000
    endloop
  endfacet
  facet normal -8.715669e-002 -9.961947e-001  -0.000000e+000
    outer loop
      vertex  4.341204e-001 -2.353798e+001 -5.000000e+000
      vertex  0.000000e+000 -2.350000e+001  0.000000e+000
      vertex  0.000000e+000 -2.350000e+001 -5.000000e+000
    endloop
  endfacet
  facet normal -9.961947e-001 -8.715566e-002  0.000000e+000
    outer loop
      vertex  2.462019e+000 -2.556588e+001  0.000000e+000
      vertex  2.500000e+000 -2.600000e+001 -5.000000e+000
      vertex  2.500000e+000 -2.600000e+001  0.000000e+000
    endloop
  endfacet
  facet normal -9.961947e-001  8.715566e-002  0.000000e+000
    outer loop
      vertex  2.500000e+000 -2.600000e+001  0.000000e+000
      vertex  2.500000e+000 -2.600000e+001 -5.000000e+000
      vertex  2.462019e+000 -2.643412e+001 -5.000000e+000
    endloop
  endfacet
  facet normal -9.961947e-001  8.715566e-002  0.000000e+000
    outer loop
      vertex  2.500000e+000 -2.600000e+001  0.000000e+000
      vertex  2.462019e+000 -2.643412e+001 -5.000000e+000
      vertex  2.462019e+000 -2.643412e+001  0.000000e+000
    endloop
  endfacet
  facet normal -9.659259e-001  2.588188e-001  0.000000e+000
    outer loop
      vertex  2.462019e+000 -2.643412e+001  0.000000e+000
      vertex  2.462019e+000 -2.643412e+001 -5.000000e+000
      vertex  2.349231e+000 -2.685505e+001 -5.000000e+000
    endloop
  endfacet
  facet normal -9.659259e-001  2.588188e-001  0.000000e+000
    outer loop
      vertex  2.462019e+000 -2.643412e+001  0.000000e+000
      vertex  2.349231e+000 -2.685505e+001 -5.000000e+000
      vertex  2.349231e+000 -2.685505e+001  0.000000e+000
    endloop
  endfacet
  facet normal -9.063078e-001  4.226186e-001  0.000000e+000
    outer loop
      vertex  2.349231e+000 -2.685505e+001  0.000000e+000
      vertex  2.349231e+000 -2.685505e+001 -5.000000e+000
      vertex  2.165064e+000 -2.725000e+001 -5.000000e+000
    endloop
  endfacet
  facet normal -9.063078e-001  4.226186e-001  0.000000e+000
    outer loop
      vertex  2.349231e+000 -2.685505e+001  0.000000e+000
      vertex  2.165064e+000 -2.725000e+001 -5.000000e+000
      vertex  2.165064e+000 -2.725000e+001  0.000000e+000
    endloop
  endfacet
  facet normal -8.191525e-001  5.735758e-001  0.000000e+000
    outer loop
      vertex  2.165064e+000 -2.725000e+001  0.000000e+000
      vertex  2.165064e+000 -2.725000e+001 -5.000000e+000
      vertex  1.915111e+000 -2.760697e+001 -5.000000e+000
    endloop
  endfacet
  facet normal -8.191525e-001  5.735758e-001  0.000000e+000
    outer loop
      vertex  2.165064e+000 -2.725000e+001  0.000000e+000
      vertex  1.915111e+000 -2.760697e+001 -5.000000e+000
      vertex  1.915111e+000 -2.760697e+001  0.000000e+000
    endloop
  endfacet
  facet normal -7.071064e-001  7.071072e-001  0.000000e+000
    outer loop
      vertex  1.915111e+000 -2.760697e+001  0.000000e+000
      vertex  1.915111e+000 -2.760697e+001 -5.000000e+000
      vertex  1.606969e+000 -2.791511e+001 -5.000000e+000
    endloop
  endfacet
  facet normal -7.071064e-001  7.071072e-001  0.000000e+000
    outer loop
      vertex  1.915111e+000 -2.760697e+001  0.000000e+000
      vertex  1.606969e+000 -2.791511e+001 -5.000000e+000
      vertex  1.606969e+000 -2.791511e+001  0.000000e+000
    endloop
  endfacet
  facet normal -5.735763e-001  8.191521e-001  0.000000e+000
    outer loop
      vertex  1.606969e+000 -2.791511e+001  0.000000e+000
      vertex  1.606969e+000 -2.791511e+001 -5.000000e+000
      vertex  1.250000e+000 -2.816506e+001 -5.000000e+000
    endloop
  endfacet
  facet normal -5.735763e-001  8.191521e-001  0.000000e+000
    outer loop
      vertex  1.606969e+000 -2.791511e+001  0.000000e+000
      vertex  1.250000e+000 -2.816506e+001 -5.000000e+000
      vertex  1.250000e+000 -2.816506e+001  0.000000e+000
    endloop
  endfacet
  facet normal -4.226179e-001  9.063080e-001  0.000000e+000
    outer loop
      vertex  1.250000e+000 -2.816506e+001  0.000000e+000
      vertex  1.250000e+000 -2.816506e+001 -5.000000e+000
      vertex  8.550504e-001 -2.834923e+001 -5.000000e+000
    endloop
  endfacet
  facet normal -4.226179e-001  9.063080e-001  0.000000e+000
    outer loop
      vertex  1.250000e+000 -2.816506e+001  0.000000e+000
      vertex  8.550504e-001 -2.834923e+001 -5.000000e+000
      vertex  8.550504e-001 -2.834923e+001  0.000000e+000
    endloop
  endfacet
  facet normal -2.588178e-001  9.659262e-001  0.000000e+000
    outer loop
      vertex  8.550504e-001 -2.834923e+001  0.000000e+000
      vertex  8.550504e-001 -2.834923e+001 -5.000000e+000
      vertex  4.341204e-001 -2.846202e+001 -5.000000e+000
    endloop
  endfacet
  facet normal -2.588178e-001  9.659262e-001  0.000000e+000
    outer loop
      vertex  8.550504e-001 -2.834923e+001  0.000000e+000
      vertex  4.341204e-001 -2.846202e+001 -5.000000e+000
      vertex  4.341204e-001 -2.846202e+001  0.000000e+000
    endloop
  endfacet
  facet normal -8.715669e-002  9.961947e-001  0.000000e+000
    outer loop
      vertex  4.341204e-001 -2.846202e+001  0.000000e+000
      vertex  4.341204e-001 -2.846202e+001 -5.000000e+000
      vertex -3.061617e-016 -2.850000e+001 -5.000000e+000
    endloop
  endfacet
  facet normal -8.715669e-002  9.961947e-001  0.000000e+000
    outer loop
      vertex  4.341204e-001 -2.846202e+001  0.000000e+000
      vertex -3.061617e-016 -2.850000e+001 -5.000000e+000
      vertex -3.061617e-016 -2.850000e+001  0.000000e+000
    endloop
  endfacet
  facet normal  9.961947e-001  8.715566e-002  0.000000e+000
    outer loop
      vertex -2.500000e+000  2.600000e+001 -5.000000e+000
      vertex -2.462019e+000  2.556588e+001  0.000000e+000
      vertex -2.462019e+000  2.556588e+001 -5.000000e+000
    endloop
  endfacet
  facet normal  9.659259e-001  2.588188e-001  -0.000000e+000
    outer loop
      vertex -2.462019e+000  2.556588e+001 -5.000000e+000
      vertex -2.462019e+000  2.556588e+001  0.000000e+000
      vertex -2.349231e+000  2.514495e+001  0.000000e+000
    endloop
  endfacet
  facet normal  9.659259e-001  2.588188e-001  0.000000e+000
    outer loop
      vertex -2.462019e+000  2.556588e+001 -5.000000e+000
      vertex -2.349231e+000  2.514495e+001  0.000000e+000
      vertex -2.349231e+000  2.514495e+001 -5.000000e+000
    endloop
  endfacet
  facet normal  9.063078e-001  4.226186e-001  -0.000000e+000
    outer loop
      vertex -2.349231e+000  2.514495e+001 -5.000000e+000
      vertex -2.349231e+000  2.514495e+001  0.000000e+000
      vertex -2.165064e+000  2.475000e+001  0.000000e+000
    endloop
  endfacet
  facet normal  9.063078e-001  4.226186e-001  0.000000e+000
    outer loop
      vertex -2.349231e+000  2.514495e+001 -5.000000e+000
      vertex -2.165064e+000  2.475000e+001  0.000000e+000
      vertex -2.165064e+000  2.475000e+001 -5.000000e+000
    endloop
  endfacet
  facet normal  8.191525e-001  5.735758e-001  -0.000000e+000
    outer loop
      vertex -2.165064e+000  2.475000e+001 -5.000000e+000
      vertex -2.165064e+000  2.475000e+001  0.000000e+000
      vertex -1.915111e+000  2.439303e+001  0.000000e+000
    endloop
  endfacet
  facet normal  8.191525e-001  5.735758e-001  0.000000e+000
    outer loop
      vertex -2.165064e+000  2.475000e+001 -5.000000e+000
      vertex -1.915111e+000  2.439303e+001  0.000000e+000
      vertex -1.915111e+000  2.439303e+001 -5.000000e+000
    endloop
  endfacet
  facet normal  7.071064e-001  7.071072e-001  -0.000000e+000
    outer loop
      vertex -1.915111e+000  2.439303e+001 -5.000000e+000
      vertex -1.915111e+000  2.439303e+001  0.000000e+000
      vertex -1.606969e+000  2.408489e+001  0.000000e+000
    endloop
  endfacet
  facet normal  7.071064e-001  7.071072e-001  0.000000e+000
    outer loop
      vertex -1.915111e+000  2.439303e+001 -5.000000e+000
      vertex -1.606969e+000  2.408489e+001  0.000000e+000
      vertex -1.606969e+000  2.408489e+001 -5.000000e+000
    endloop
  endfacet
  facet normal  5.735763e-001  8.191521e-001  -0.000000e+000
    outer loop
      vertex -1.606969e+000  2.408489e+001 -5.000000e+000
      vertex -1.606969e+000  2.408489e+001  0.000000e+000
      vertex -1.250000e+000  2.383494e+001  0.000000e+000
    endloop
  endfacet
  facet normal  5.735763e-001  8.191521e-001  0.000000e+000
    outer loop
      vertex -1.606969e+000  2.408489e+001 -5.000000e+000
      vertex -1.250000e+000  2.383494e+001  0.000000e+000
      vertex -1.250000e+000  2.383494e+001 -5.000000e+000
    endloop
  endfacet
  facet normal  4.226179e-001  9.063080e-001  -0.000000e+000
    outer loop
      vertex -1.250000e+000  2.383494e+001 -5.000000e+000
      vertex -1.250000e+000  2.383494e+001  0.000000e+000
      vertex -8.550504e-001  2.365077e+001  0.000000e+000
    endloop
  endfacet
  facet normal  4.226179e-001  9.063080e-001  0.000000e+000
    outer loop
      vertex -1.250000e+000  2.383494e+001 -5.000000e+000
      vertex -8.550504e-001  2.365077e+001  0.000000e+000
      vertex -8.550504e-001  2.365077e+001 -5.000000e+000
    endloop
  endfacet
  facet normal  2.588178e-001  9.659262e-001  -0.000000e+000
    outer loop
      vertex -8.550504e-001  2.365077e+001 -5.000000e+000
      vertex -8.550504e-001  2.365077e+001  0.000000e+000
      vertex -4.341204e-001  2.353798e+001  0.000000e+000
    endloop
  endfacet
  facet normal  2.588178e-001  9.659262e-001  0.000000e+000
    outer loop
      vertex -8.550504e-001  2.365077e+001 -5.000000e+000
      vertex -4.341204e-001  2.353798e+001  0.000000e+000
      vertex -4.341204e-001  2.353798e+001 -5.000000e+000
    endloop
  endfacet
  facet normal  8.715669e-002  9.961947e-001  -0.000000e+000
    outer loop
      vertex -4.341204e-001  2.353798e+001 -5.000000e+000
      vertex -4.341204e-001  2.353798e+001  0.000000e+000
      vertex -3.061617e-016  2.350000e+001  0.000000e+000
    endloop
  endfacet
  facet normal  8.715669e-002  9.961947e-001  0.000000e+000
    outer loop
      vertex -4.341204e-001  2.353798e+001 -5.000000e+000
      vertex -3.061617e-016  2.350000e+001  0.000000e+000
      vertex -3.061617e-016  2.350000e+001 -5.000000e+000
    endloop
  endfacet
  facet normal  9.961947e-001  8.715566e-002  -0.000000e+000
    outer loop
      vertex -2.462019e+000  2.556588e+001  0.000000e+000
      vertex -2.500000e+000  2.600000e+001 -5.000000e+000
      vertex -2.500000e+000  2.600000e+001  0.000000e+000
    endloop
  endfacet
  facet normal  9.961947e-001 -8.715566e-002  0.000000e+000
    outer loop
      vertex -2.500000e+000  2.600000e+001  0.000000e+000
      vertex -2.500000e+000  2.600000e+001 -5.000000e+000
      vertex -2.462019e+000  2.643412e+001 -5.000000e+000
    endloop
  endfacet
  facet normal  9.961947e-001 -8.715566e-002  0.000000e+000
    outer loop
      vertex -2.500000e+000  2.600000e+001  0.000000e+000
      vertex -2.462019e+000  2.643412e+001 -5.000000e+000
      vertex -2.462019e+000  2.643412e+001  0.000000e+000
    endloop
  endfacet
  facet normal  9.659259e-001 -2.588188e-001  0.000000e+000
    outer loop
      vertex -2.462019e+000  2.643412e+001  0.000000e+000
      vertex -2.462019e+000  2.643412e+001 -5.000000e+000
      vertex -2.349231e+000  2.685505e+001 -5.000000e+000
    endloop
  endfacet
  facet normal  9.659259e-001 -2.588188e-001  0.000000e+000
    outer loop
      vertex -2.462019e+000  2.643412e+001  0.000000e+000
      vertex -2.349231e+000  2.685505e+001 -5.000000e+000
      vertex -2.349231e+000  2.685505e+001  0.000000e+000
    endloop
  endfacet
  facet normal  9.063078e-001 -4.226186e-001  0.000000e+000
    outer loop
      vertex -2.349231e+000  2.685505e+001  0.000000e+000
      vertex -2.349231e+000  2.685505e+001 -5.000000e+000
      vertex -2.165064e+000  2.725000e+001 -5.000000e+000
    endloop
  endfacet
  facet normal  9.063078e-001 -4.226186e-001  0.000000e+000
    outer loop
      vertex -2.349231e+000  2.685505e+001  0.000000e+000
      vertex -2.165064e+000  2.725000e+001 -5.000000e+000
      vertex -2.165064e+000  2.725000e+001  0.000000e+000
    endloop
  endfacet
  facet normal  8.191525e-001 -5.735758e-001  0.000000e+000
    outer loop
      vertex -2.165064e+000  2.725000e+001  0.000000e+000
      vertex -2.165064e+000  2.725000e+001 -5.000000e+000
      vertex -1.915111e+000  2.760697e+001 -5.000000e+000
    endloop
  endfacet
  facet normal  8.191525e-001 -5.735758e-001  0.000000e+000
    outer loop
      vertex -2.165064e+000  2.725000e+001  0.000000e+000
      vertex -1.915111e+000  2.760697e+001 -5.000000e+000
      vertex -1.915111e+000  2.760697e+001  0.000000e+000
    endloop
  endfacet
  facet normal  7.071064e-001 -7.071072e-001  0.000000e+000
    outer loop
      vertex -1.915111e+000  2.760697e+001  0.000000e+000
      vertex -1.915111e+000  2.760697e+001 -5.000000e+000
      vertex -1.606969e+000  2.791511e+001 -5.000000e+000
    endloop
  endfacet
  facet normal  7.071064e-001 -7.071072e-001  0.000000e+000
    outer loop
      vertex -1.915111e+000  2.760697e+001  0.000000e+000
      vertex -1.606969e+000  2.791511e+001 -5.000000e+000
      vertex -1.606969e+000  2.791511e+001  0.000000e+000
    endloop
  endfacet
  facet normal  5.735763e-001 -8.191521e-001  0.000000e+000
    outer loop
      vertex -1.606969e+000  2.791511e+001  0.000000e+000
      vertex -1.606969e+000  2.791511e+001 -5.000000e+000
      vertex -1.250000e+000  2.816506e+001 -5.000000e+000
    endloop
  endfacet
  facet normal  5.735763e-001 -8.191521e-001  0.000000e+000
    outer loop
      vertex -1.606969e+000  2.791511e+001  0.000000e+000
      vertex -1.250000e+000  2.816506e+001 -5.000000e+000
      vertex -1.250000e+000  2.816506e+001  0.000000e+000
    endloop
  endfacet
  facet normal  4.226179e-001 -9.063080e-001  0.000000e+000
    outer loop
      vertex -1.250000e+000  2.816506e+001  0.000000e+000
      vertex -1.250000e+000  2.816506e+001 -5.000000e+000
      vertex -8.550504e-001  2.834923e+001 -5.000000e+000
    endloop
  endfacet
  facet normal  4.226179e-001 -9.063080e-001  0.000000e+000
    outer loop
      vertex -1.250000e+000  2.816506e+001  0.000000e+000
      vertex -8.550504e-001  2.834923e+001 -5.000000e+000
      vertex -8.550504e-001  2.834923e+001  0.000000e+000
    endloop
  endfacet
  facet normal  2.588178e-001 -9.659262e-001  0.000000e+000
    outer loop
      vertex -8.550504e-001  2.834923e+001  0.000000e+000
      vertex -8.550504e-001  2.834923e+001 -5.000000e+000
      vertex -4.341204e-001  2.846202e+001 -5.000000e+000
    endloop
  endfacet
  facet normal  2.588178e-001 -9.659262e-001  0.000000e+000
    outer loop
      vertex -8.550504e-001  2.834923e+001  0.000000e+000
      vertex -4.341204e-001  2.846202e+001 -5.000000e+000
      vertex -4.341204e-001  2.846202e+001  0.000000e+000
    endloop
  endfacet
  facet normal  8.715669e-002 -9.961947e-001  0.000000e+000
    outer loop
      vertex -4.341204e-001  2.846202e+001  0.000000e+000
      vertex -4.341204e-001  2.846202e+001 -5.000000e+000
      vertex  1.577722e-030  2.850000e+001 -5.000000e+000
    endloop
  endfacet
  facet normal  8.715669e-002 -9.961947e-001  0.000000e+000
    outer loop
      vertex -4.341204e-001  2.846202e+001  0.000000e+000
      vertex  1.577722e-030  2.850000e+001 -5.000000e+000
      vertex  1.577722e-030  2.850000e+001  0.000000e+000
    endloop
  endfacet
  facet normal -9.961947e-001 -8.715566e-002  -0.000000e+000
    outer loop
      vertex  2.500000e+000  2.600000e+001 -5.000000e+000
      vertex  2.462019e+000  2.643412e+001  0.000000e+000
      vertex  2.462019e+000  2.643412e+001 -5.000000e+000
    endloop
  endfacet
  facet normal -9.659259e-001 -2.588188e-001  0.000000e+000
    outer loop
      vertex  2.462019e+000  2.643412e+001 -5.000000e+000
      vertex  2.462019e+000  2.643412e+001  0.000000e+000
      vertex  2.349231e+000  2.685505e+001  0.000000e+000
    endloop
  endfacet
  facet normal -9.659259e-001 -2.588188e-001  -0.000000e+000
    outer loop
      vertex  2.462019e+000  2.643412e+001 -5.000000e+000
      vertex  2.349231e+000  2.685505e+001  0.000000e+000
      vertex  2.349231e+000  2.685505e+001 -5.000000e+000
    endloop
  endfacet
  facet normal -9.063078e-001 -4.226186e-001  0.000000e+000
    outer loop
      vertex  2.349231e+000  2.685505e+001 -5.000000e+000
      vertex  2.349231e+000  2.685505e+001  0.000000e+000
      vertex  2.165064e+000  2.725000e+001  0.000000e+000
    endloop
  endfacet
  facet normal -9.063078e-001 -4.226186e-001  -0.000000e+000
    outer loop
      vertex  2.349231e+000  2.685505e+001 -5.000000e+000
      vertex  2.165064e+000  2.725000e+001  0.000000e+000
      vertex  2.165064e+000  2.725000e+001 -5.000000e+000
    endloop
  endfacet
  facet normal -8.191525e-001 -5.735758e-001  0.000000e+000
    outer loop
      vertex  2.165064e+000  2.725000e+001 -5.000000e+000
      vertex  2.165064e+000  2.725000e+001  0.000000e+000
      vertex  1.915111e+000  2.760697e+001  0.000000e+000
    endloop
  endfacet
  facet normal -8.191525e-001 -5.735758e-001  -0.000000e+000
    outer loop
      vertex  2.165064e+000  2.725000e+001 -5.000000e+000
      vertex  1.915111e+000  2.760697e+001  0.000000e+000
      vertex  1.915111e+000  2.760697e+001 -5.000000e+000
    endloop
  endfacet
  facet normal -7.071064e-001 -7.071072e-001  0.000000e+000
    outer loop
      vertex  1.915111e+000  2.760697e+001 -5.000000e+000
      vertex  1.915111e+000  2.760697e+001  0.000000e+000
      vertex  1.606969e+000  2.791511e+001  0.000000e+000
    endloop
  endfacet
  facet normal -7.071064e-001 -7.071072e-001  -0.000000e+000
    outer loop
      vertex  1.915111e+000  2.760697e+001 -5.000000e+000
      vertex  1.606969e+000  2.791511e+001  0.000000e+000
      vertex  1.606969e+000  2.791511e+001 -5.000000e+000
    endloop
  endfacet
  facet normal -5.735763e-001 -8.191521e-001  0.000000e+000
    outer loop
      vertex  1.606969e+000  2.791511e+001 -5.000000e+000
      vertex  1.606969e+000  2.791511e+001  0.000000e+000
      vertex  1.250000e+000  2.816506e+001  0.000000e+000
    endloop
  endfacet
  facet normal -5.735763e-001 -8.191521e-001  -0.000000e+000
    outer loop
      vertex  1.606969e+000  2.791511e+001 -5.000000e+000
      vertex  1.250000e+000  2.816506e+001  0.000000e+000
      vertex  1.250000e+000  2.816506e+001 -5.000000e+000
    endloop
  endfacet
  facet normal -4.226179e-001 -9.063080e-001  0.000000e+000
    outer loop
      vertex  1.250000e+000  2.816506e+001 -5.000000e+000
      vertex  1.250000e+000  2.816506e+001  0.000000e+000
      vertex  8.550504e-001  2.834923e+001  0.000000e+000
    endloop
  endfacet
  facet normal -4.226179e-001 -9.063080e-001  -0.000000e+000
    outer loop
      vertex  1.250000e+000  2.816506e+001 -5.000000e+000
      vertex  8.550504e-001  2.834923e+001  0.000000e+000
      vertex  8.550504e-001  2.834923e+001 -5.000000e+000
    endloop
  endfacet
  facet normal -2.588178e-001 -9.659262e-001  0.000000e+000
    outer loop
      vertex  8.550504e-001  2.834923e+001 -5.000000e+000
      vertex  8.550504e-001  2.834923e+001  0.000000e+000
      vertex  4.341204e-001  2.846202e+001  0.000000e+000
    endloop
  endfacet
  facet normal -2.588178e-001 -9.659262e-001  -0.000000e+000
    outer loop
      vertex  8.550504e-001  2.834923e+001 -5.000000e+000
      vertex  4.341204e-001  2.846202e+001  0.000000e+000
      vertex  4.341204e-001  2.846202e+001 -5.000000e+000
    endloop
  endfacet
  facet normal -8.715669e-002 -9.961947e-001  0.000000e+000
    outer loop
      vertex  4.341204e-001  2.846202e+001 -5.000000e+000
      vertex  4.341204e-001  2.846202e+001  0.000000e+000
      vertex  1.577722e-030  2.850000e+001  0.000000e+000
    endloop
  endfacet
  facet normal -8.715669e-002 -9.961947e-001  -0.000000e+000
    outer loop
      vertex  4.341204e-001  2.846202e+001 -5.000000e+000
      vertex  1.577722e-030  2.850000e+001  0.000000e+000
      vertex  1.577722e-030  2.850000e+001 -5.000000e+000
    endloop
  endfacet
  facet normal -9.961947e-001 -8.715566e-002  0.000000e+000
    outer loop
      vertex  2.462019e+000  2.643412e+001  0.000000e+000
      vertex  2.500000e+000  2.600000e+001 -5.000000e+000
      vertex  2.500000e+000  2.600000e+001  0.000000e+000
    endloop
  endfacet
  facet normal -9.961947e-001  8.715566e-002  0.000000e+000
    outer loop
      vertex  2.500000e+000  2.600000e+001  0.000000e+000
      vertex  2.500000e+000  2.600000e+001 -5.000000e+000
      vertex  2.462019e+000  2.556588e+001 -5.000000e+000
    endloop
  endfacet
  facet normal -9.961947e-001  8.715566e-002  0.000000e+000
    outer loop
      vertex  2.500000e+000  2.600000e+001  0.000000e+000
      vertex  2.462019e+000  2.556588e+001 -5.000000e+000
      vertex  2.462019e+000  2.556588e+001  0.000000e+000
    endloop
  endfacet
  facet normal -9.659259e-001  2.588188e-001  0.000000e+000
    outer loop
      vertex  2.462019e+000  2.556588e+001  0.000000e+000
      vertex  2.462019e+000  2.556588e+001 -5.000000e+000
      vertex  2.349231e+000  2.514495e+001 -5.000000e+000
    endloop
  endfacet
  facet normal -9.659259e-001  2.588188e-001  0.000000e+000
    outer loop
      vertex  2.462019e+000  2.556588e+001  0.000000e+000
      vertex  2.349231e+000  2.514495e+001 -5.000000e+000
      vertex  2.349231e+000  2.514495e+001  0.000000e+000
    endloop
  endfacet
  facet normal -9.063078e-001  4.226186e-001  0.000000e+000
    outer loop
      vertex  2.349231e+000  2.514495e+001  0.000000e+000
      vertex  2.349231e+000  2.514495e+001 -5.000000e+000
      vertex  2.165064e+000  2.475000e+001 -5.000000e+000
    endloop
  endfacet
  facet normal -9.063078e-001  4.226186e-001  0.000000e+000
    outer loop
      vertex  2.349231e+000  2.514495e+001  0.000000e+000
      vertex  2.165064e+000  2.475000e+001 -5.000000e+000
      vertex  2.165064e+000  2.475000e+001  0.000000e+000
    endloop
  endfacet
  facet normal -8.191525e-001  5.735758e-001  0.000000e+000
    outer loop
      vertex  2.165064e+000  2.475000e+001  0.000000e+000
      vertex  2.165064e+000  2.475000e+001 -5.000000e+000
      vertex  1.915111e+000  2.439303e+001 -5.000000e+000
    endloop
  endfacet
  facet normal -8.191525e-001  5.735758e-001  0.000000e+000
    outer loop
      vertex  2.165064e+000  2.475000e+001  0.000000e+000
      vertex  1.915111e+000  2.439303e+001 -5.000000e+000
      vertex  1.915111e+000  2.439303e+001  0.000000e+000
    endloop
  endfacet
  facet normal -7.071064e-001  7.071072e-001  0.000000e+000
    outer loop
      vertex  1.915111e+000  2.439303e+001  0.000000e+000
      vertex  1.915111e+000  2.439303e+001 -5.000000e+000
      vertex  1.606969e+000  2.408489e+001 -5.000000e+000
    endloop
  endfacet
  facet normal -7.071064e-001  7.071072e-001  0.000000e+000
    outer loop
      vertex  1.915111e+000  2.439303e+001  0.000000e+000
      vertex  1.606969e+000  2.408489e+001 -5.000000e+000
      vertex  1.606969e+000  2.408489e+001  0.000000e+000
    endloop
  endfacet
  facet normal -5.735763e-001  8.191521e-001  0.000000e+000
    outer loop
      vertex  1.606969e+000  2.408489e+001  0.000000e+000
      vertex  1.606969e+000  2.408489e+001 -5.000000e+000
      vertex  1.250000e+000  2.383494e+001 -5.000000e+000
    endloop
  endfacet
  facet normal -5.735763e-001  8.191521e-001  0.000000e+000
    outer loop
      vertex  1.606969e+000  2.408489e+001  0.000000e+000
      vertex  1.250000e+000  2.383494e+001 -5.000000e+000
      vertex  1.250000e+000  2.383494e+001  0.000000e+000
    endloop
  endfacet
  facet normal -4.226179e-001  9.063080e-001  0.000000e+000
    outer loop
      vertex  1.250000e+000  2.383494e+001  0.000000e+000
      vertex  1.250000e+000  2.383494e+001 -5.000000e+000
      vertex  8.550504e-001  2.365077e+001 -5.000000e+000
    endloop
  endfacet
  facet normal -4.226179e-001  9.063080e-001  0.000000e+000
    outer loop
      vertex  1.250000e+000  2.383494e+001  0.000000e+000
      vertex  8.550504e-001  2.365077e+001 -5.000000e+000
      vertex  8.550504e-001  2.365077e+001  0.000000e+000
    endloop
  endfacet
  facet normal -2.588178e-001  9.659262e-001  0.000000e+000
    outer loop
      vertex  8.550504e-001  2.365077e+001  0.000000e+000
      vertex  8.550504e-001  2.365077e+001 -5.000000e+000
      vertex  4.341204e-001  2.353798e+001 -5.000000e+000
    endloop
  endfacet
  facet normal -2.588178e-001  9.659262e-001  0.000000e+000
    outer loop
      vertex  8.550504e-001  2.365077e+001  0.000000e+000
      vertex  4.341204e-001  2.353798e+001 -5.000000e+000
      vertex  4.341204e-001  2.353798e+001  0.000000e+000
    endloop
  endfacet
  facet normal -8.715669e-002  9.961947e-001  0.000000e+000
    outer loop
      vertex  4.341204e-001  2.353798e+001  0.000000e+000
      vertex  4.341204e-001  2.353798e+001 -5.000000e+000
      vertex -3.061617e-016  2.350000e+001 -5.000000e+000
    endloop
  endfacet
  facet normal -8.715669e-002  9.961947e-001  0.000000e+000
    outer loop
      vertex  4.341204e-001  2.353798e+001  0.000000e+000
      vertex -3.061617e-016  2.350000e+001 -5.000000e+000
      vertex -3.061617e-016  2.350000e+001  0.000000e+000
    endloop
  endfacet
endsolid CATIA STL
