solid CATIA STL
  facet normal  -0.000000e+000  1.000000e+000  0.000000e+000
    outer loop
      vertex -1.100000e+002  5.000000e+000  1.500000e+002
      vertex -1.099360e+002  5.000000e+000  1.522619e+002
      vertex -1.097442e+002  5.000000e+000  1.545167e+002
    endloop
  endfacet
  facet normal  -0.000000e+000  1.000000e+000  0.000000e+000
    outer loop
      vertex -1.100000e+002  5.000000e+000  1.500000e+002
      vertex -1.097442e+002  5.000000e+000  1.545167e+002
      vertex -1.094252e+002  5.000000e+000  1.567569e+002
    endloop
  endfacet
  facet normal  -0.000000e+000  1.000000e+000  0.000000e+000
    outer loop
      vertex -1.100000e+002  5.000000e+000  1.500000e+002
      vertex -1.094252e+002  5.000000e+000  1.567569e+002
      vertex -1.089800e+002  5.000000e+000  1.589756e+002
    endloop
  endfacet
  facet normal  -0.000000e+000  1.000000e+000  0.000000e+000
    outer loop
      vertex -1.100000e+002  5.000000e+000  1.500000e+002
      vertex -1.089800e+002  5.000000e+000  1.589756e+002
      vertex -1.084101e+002  5.000000e+000  1.611655e+002
    endloop
  endfacet
  facet normal  -0.000000e+000  1.000000e+000  0.000000e+000
    outer loop
      vertex -1.100000e+002  5.000000e+000  1.500000e+002
      vertex -1.084101e+002  5.000000e+000  1.611655e+002
      vertex -1.077172e+002  5.000000e+000  1.633196e+002
    endloop
  endfacet
  facet normal  -0.000000e+000  1.000000e+000  0.000000e+000
    outer loop
      vertex -1.100000e+002  5.000000e+000  1.500000e+002
      vertex -1.077172e+002  5.000000e+000  1.633196e+002
      vertex -1.069036e+002  5.000000e+000  1.654312e+002
    endloop
  endfacet
  facet normal  -0.000000e+000  9.999999e-001  0.000000e+000
    outer loop
      vertex -1.100000e+002  5.000000e+000  1.500000e+002
      vertex -1.069036e+002  5.000000e+000  1.654312e+002
      vertex -1.059720e+002  5.000000e+000  1.674933e+002
    endloop
  endfacet
  facet normal  -0.000000e+000  1.000000e+000  0.000000e+000
    outer loop
      vertex -1.100000e+002  5.000000e+000  1.500000e+002
      vertex -1.059720e+002  5.000000e+000  1.674933e+002
      vertex -1.049252e+002  5.000000e+000  1.694995e+002
    endloop
  endfacet
  facet normal  -0.000000e+000  1.000000e+000  0.000000e+000
    outer loop
      vertex -1.100000e+002  5.000000e+000  1.500000e+002
      vertex -1.049252e+002  5.000000e+000  1.694995e+002
      vertex -1.037666e+002  5.000000e+000  1.714433e+002
    endloop
  endfacet
  facet normal  -0.000000e+000  1.000000e+000  0.000000e+000
    outer loop
      vertex -1.100000e+002  5.000000e+000  1.500000e+002
      vertex -1.037666e+002  5.000000e+000  1.714433e+002
      vertex -1.025000e+002  5.000000e+000  1.733185e+002
    endloop
  endfacet
  facet normal  0.000000e+000  1.000000e+000  0.000000e+000
    outer loop
      vertex -1.100000e+002  5.000000e+000  1.500000e+002
      vertex -1.025000e+002  5.000000e+000  1.733185e+002
      vertex -1.025000e+002  5.000000e+000  0.000000e+000
    endloop
  endfacet
  facet normal  0.000000e+000  1.000000e+000  0.000000e+000
    outer loop
      vertex -1.100000e+002  5.000000e+000  1.500000e+002
      vertex -1.025000e+002  5.000000e+000  0.000000e+000
      vertex -1.100000e+002  5.000000e+000  0.000000e+000
    endloop
  endfacet
  facet normal  1.000000e+000  0.000000e+000  0.000000e+000
    outer loop
      vertex -1.025000e+002  5.000000e+000  0.000000e+000
      vertex -1.025000e+002  5.000000e+000  1.733185e+002
      vertex -1.025000e+002  1.332268e-014  0.000000e+000
    endloop
  endfacet
  facet normal  1.000000e+000  0.000000e+000  0.000000e+000
    outer loop
      vertex -1.025000e+002  1.332268e-014  0.000000e+000
      vertex -1.025000e+002  5.000000e+000  1.733185e+002
      vertex -1.025000e+002  1.332268e-014  1.733185e+002
    endloop
  endfacet
  facet normal  0.000000e+000  1.000000e+000  0.000000e+000
    outer loop
      vertex -9.500000e+001  0.000000e+000  1.000000e+002
      vertex -9.600000e+001  0.000000e+000  1.000000e+002
      vertex -9.500000e+001  0.000000e+000  1.670000e+002
    endloop
  endfacet
  facet normal  5.192154e-016  1.000000e+000  7.106833e-015
    outer loop
      vertex -3.150000e+001  4.205855e-017  1.700000e+002
      vertex -1.025000e+002  1.332268e-014  1.733185e+002
      vertex -1.011492e+002  1.868663e-021  1.750944e+002
    endloop
  endfacet
  facet normal -5.683865e-019  1.000000e+000  4.846548e-019
    outer loop
      vertex -3.150000e+001  4.205855e-017  1.700000e+002
      vertex -1.011492e+002  1.868663e-021  1.750944e+002
      vertex -9.970142e+001  1.868663e-021  1.767923e+002
    endloop
  endfacet
  facet normal -5.631508e-019  1.000000e+000  5.372279e-019
    outer loop
      vertex -3.150000e+001  4.205855e-017  1.700000e+002
      vertex -9.970142e+001  1.868663e-021  1.767923e+002
      vertex -9.816125e+001  1.868663e-021  1.784068e+002
    endloop
  endfacet
  facet normal -5.560976e-019  9.999999e-001  5.931559e-019
    outer loop
      vertex -3.150000e+001  4.205855e-017  1.700000e+002
      vertex -9.816125e+001  1.868663e-021  1.784068e+002
      vertex -9.653345e+001  1.868663e-021  1.799329e+002
    endloop
  endfacet
  facet normal -5.469772e-019  9.999999e-001  6.528693e-019
    outer loop
      vertex -3.150000e+001  4.205855e-017  1.700000e+002
      vertex -9.653345e+001  1.868663e-021  1.799329e+002
      vertex -9.482308e+001  1.868663e-021  1.813658e+002
    endloop
  endfacet
  facet normal -5.354935e-019  1.000000e+000  7.168499e-019
    outer loop
      vertex -3.150000e+001  4.205855e-017  1.700000e+002
      vertex -9.482308e+001  1.868663e-021  1.813658e+002
      vertex -9.303548e+001  1.868663e-021  1.827012e+002
    endloop
  endfacet
  facet normal -5.212852e-019  9.999999e-001  7.856870e-019
    outer loop
      vertex -3.150000e+001  4.205855e-017  1.700000e+002
      vertex -9.303548e+001  1.868663e-021  1.827012e+002
      vertex -9.117619e+001  1.868663e-021  1.839348e+002
    endloop
  endfacet
  facet normal -5.039234e-019  1.000000e+000  8.600393e-019
    outer loop
      vertex -3.150000e+001  4.205855e-017  1.700000e+002
      vertex -9.117619e+001  1.868663e-021  1.839348e+002
      vertex -8.925101e+001  1.868663e-021  1.850628e+002
    endloop
  endfacet
  facet normal -4.828686e-019  1.000000e+000  9.407637e-019
    outer loop
      vertex -3.150000e+001  4.205855e-017  1.700000e+002
      vertex -8.925101e+001  1.868663e-021  1.850628e+002
      vertex -8.726592e+001  1.868663e-021  1.860817e+002
    endloop
  endfacet
  facet normal -4.574859e-019  1.000000e+000  1.028783e-018
    outer loop
      vertex -3.150000e+001  4.205855e-017  1.700000e+002
      vertex -8.726592e+001  1.868663e-021  1.860817e+002
      vertex -8.522711e+001  1.868663e-021  1.869883e+002
    endloop
  endfacet
  facet normal -4.269622e-019  1.000000e+000  1.125317e-018
    outer loop
      vertex -3.150000e+001  4.205855e-017  1.700000e+002
      vertex -8.522711e+001  1.868663e-021  1.869883e+002
      vertex -8.314091e+001  1.868663e-021  1.877798e+002
    endloop
  endfacet
  facet normal -3.902977e-019  1.000000e+000  1.231807e-018
    outer loop
      vertex -3.150000e+001  4.205855e-017  1.700000e+002
      vertex -8.314091e+001  1.868663e-021  1.877798e+002
      vertex -8.101383e+001  1.868663e-021  1.884538e+002
    endloop
  endfacet
  facet normal -3.462336e-019  1.000000e+000  1.350037e-018
    outer loop
      vertex -3.150000e+001  4.205855e-017  1.700000e+002
      vertex -8.101383e+001  1.868663e-021  1.884538e+002
      vertex -7.885248e+001  1.868663e-021  1.890081e+002
    endloop
  endfacet
  facet normal -2.931673e-019  1.000000e+000  1.482234e-018
    outer loop
      vertex -3.150000e+001  4.205855e-017  1.700000e+002
      vertex -7.885248e+001  1.868663e-021  1.890081e+002
      vertex -7.666357e+001  1.868663e-021  1.894411e+002
    endloop
  endfacet
  facet normal -2.290052e-019  9.999999e-001  1.631289e-018
    outer loop
      vertex -3.150000e+001  4.205855e-017  1.700000e+002
      vertex -7.666357e+001  1.868663e-021  1.894411e+002
      vertex -7.445393e+001  1.868663e-021  1.897513e+002
    endloop
  endfacet
  facet normal -1.510534e-019  9.999999e-001  1.800814e-018
    outer loop
      vertex -3.150000e+001  4.205855e-017  1.700000e+002
      vertex -7.445393e+001  1.868663e-021  1.897513e+002
      vertex -7.223044e+001  1.868663e-021  1.899378e+002
    endloop
  endfacet
  facet normal -5.568836e-020  1.000000e+000  1.995634e-018
    outer loop
      vertex -3.150000e+001  4.205855e-017  1.700000e+002
      vertex -7.223044e+001  1.868663e-021  1.899378e+002
      vertex -7.000000e+001  1.868663e-021  1.900000e+002
    endloop
  endfacet
  facet normal -3.976077e-018  1.000000e+000 -5.551115e-018
    outer loop
      vertex -3.150000e+001  4.205855e-017  1.700000e+002
      vertex -7.000000e+001  1.868663e-021  1.900000e+002
      vertex -3.150000e+001  1.530808e-016  1.900000e+002
    endloop
  endfacet
  facet normal -6.951517e-019  1.000000e+000 -4.016926e-015
    outer loop
      vertex -1.025000e+002  1.332268e-014  1.733185e+002
      vertex -3.150000e+001  4.205855e-017  1.700000e+002
      vertex -9.200000e+001  1.868663e-021  1.700000e+002
    endloop
  endfacet
  facet normal  3.014802e-016  1.000000e+000 -3.060806e-015
    outer loop
      vertex -1.025000e+002  1.332268e-014  1.733185e+002
      vertex -9.200000e+001  1.868663e-021  1.700000e+002
      vertex -9.258527e+001  1.868663e-021  1.699424e+002
    endloop
  endfacet
  facet normal  6.330787e-016  1.000000e+000 -2.086987e-015
    outer loop
      vertex -1.025000e+002  1.332268e-014  1.733185e+002
      vertex -9.258527e+001  1.868663e-021  1.699424e+002
      vertex -9.314805e+001  1.868663e-021  1.697716e+002
    endloop
  endfacet
  facet normal  8.333035e-016  1.000000e+000 -1.559050e-015
    outer loop
      vertex -1.025000e+002  1.332268e-014  1.733185e+002
      vertex -9.314805e+001  1.868663e-021  1.697716e+002
      vertex -9.366671e+001  1.868663e-021  1.694944e+002
    endloop
  endfacet
  facet normal  9.873862e-016  1.000000e+000 -1.203128e-015
    outer loop
      vertex -1.025000e+002  1.332268e-014  1.733185e+002
      vertex -9.366671e+001  1.868663e-021  1.694944e+002
      vertex -9.412132e+001  1.868663e-021  1.691213e+002
    endloop
  endfacet
  facet normal  1.126827e-015  1.000000e+000 -9.247639e-016
    outer loop
      vertex -1.025000e+002  1.332268e-014  1.733185e+002
      vertex -9.412132e+001  1.868663e-021  1.691213e+002
      vertex -9.449441e+001  1.868663e-021  1.686667e+002
    endloop
  endfacet
  facet normal  1.269795e-015  1.000000e+000 -6.787171e-016
    outer loop
      vertex -1.025000e+002  1.332268e-014  1.733185e+002
      vertex -9.449441e+001  1.868663e-021  1.686667e+002
      vertex -9.477164e+001  1.868663e-021  1.681481e+002
    endloop
  endfacet
  facet normal  1.433048e-015  1.000000e+000 -4.346974e-016
    outer loop
      vertex -1.025000e+002  1.332268e-014  1.733185e+002
      vertex -9.477164e+001  1.868663e-021  1.681481e+002
      vertex -9.494235e+001  1.868663e-021  1.675853e+002
    endloop
  endfacet
  facet normal  1.640245e-015  1.000000e+000 -1.615645e-016
    outer loop
      vertex -1.025000e+002  1.332268e-014  1.733185e+002
      vertex -9.494235e+001  1.868663e-021  1.675853e+002
      vertex -9.500000e+001  0.000000e+000  1.670000e+002
    endloop
  endfacet
  facet normal  1.754298e-015  9.999999e-001 -2.618356e-017
    outer loop
      vertex -1.025000e+002  1.332268e-014  1.733185e+002
      vertex -9.500000e+001  0.000000e+000  1.670000e+002
      vertex -9.600000e+001  0.000000e+000  1.000000e+002
    endloop
  endfacet
  facet normal  2.049642e-015  1.000000e+000  0.000000e+000
    outer loop
      vertex -1.025000e+002  1.332268e-014  1.733185e+002
      vertex -9.600000e+001  0.000000e+000  1.000000e+002
      vertex -9.600000e+001  0.000000e+000  5.000000e+001
    endloop
  endfacet
  facet normal  2.049642e-015  1.000000e+000  0.000000e+000
    outer loop
      vertex -1.025000e+002  1.332268e-014  1.733185e+002
      vertex -9.600000e+001  0.000000e+000  5.000000e+001
      vertex -1.025000e+002  1.332268e-014  0.000000e+000
    endloop
  endfacet
  facet normal  -0.000000e+000  1.000000e+000  2.664535e-016
    outer loop
      vertex -1.025000e+002  1.332268e-014  0.000000e+000
      vertex -9.600000e+001  0.000000e+000  5.000000e+001
      vertex -9.500000e+001  0.000000e+000  5.000000e+001
    endloop
  endfacet
  facet normal  1.776357e-015  1.000000e+000  5.050440e-023
    outer loop
      vertex -1.025000e+002  1.332268e-014  0.000000e+000
      vertex -9.500000e+001  0.000000e+000  5.000000e+001
      vertex -9.500000e+001  1.868663e-021  1.300000e+001
    endloop
  endfacet
  facet normal  1.517308e-015  1.000000e+000  1.494510e-016
    outer loop
      vertex -1.025000e+002  1.332268e-014  0.000000e+000
      vertex -9.500000e+001  1.868663e-021  1.300000e+001
      vertex -9.494235e+001  1.868663e-021  1.241473e+001
    endloop
  endfacet
  facet normal  1.176543e-015  9.999999e-001  3.568965e-016
    outer loop
      vertex -1.025000e+002  1.332268e-014  0.000000e+000
      vertex -9.494235e+001  1.868663e-021  1.241473e+001
      vertex -9.477164e+001  1.868663e-021  1.185195e+001
    endloop
  endfacet
  facet normal  9.473330e-016  1.000000e+000  5.063590e-016
    outer loop
      vertex -1.025000e+002  1.332268e-014  0.000000e+000
      vertex -9.477164e+001  1.868663e-021  1.185195e+001
      vertex -9.449441e+001  1.868663e-021  1.133329e+001
    endloop
  endfacet
  facet normal  7.698080e-016  1.000000e+000  6.317589e-016
    outer loop
      vertex -1.025000e+002  1.332268e-014  0.000000e+000
      vertex -9.449441e+001  1.868663e-021  1.133329e+001
      vertex -9.412132e+001  1.868663e-021  1.087868e+001
    endloop
  endfacet
  facet normal  6.158070e-016  1.000000e+000  7.503692e-016
    outer loop
      vertex -1.025000e+002  1.332268e-014  0.000000e+000
      vertex -9.412132e+001  1.868663e-021  1.087868e+001
      vertex -9.366671e+001  1.868663e-021  1.050559e+001
    endloop
  endfacet
  facet normal  4.676612e-016  9.999999e-001  8.749328e-016
    outer loop
      vertex -1.025000e+002  1.332268e-014  0.000000e+000
      vertex -9.366671e+001  1.868663e-021  1.050559e+001
      vertex -9.314805e+001  1.868663e-021  1.022836e+001
    endloop
  endfacet
  facet normal  3.093257e-016  1.000000e+000  1.019702e-015
    outer loop
      vertex -1.025000e+002  1.332268e-014  0.000000e+000
      vertex -9.314805e+001  1.868663e-021  1.022836e+001
      vertex -9.258527e+001  1.868663e-021  1.005764e+001
    endloop
  endfacet
  facet normal  1.189207e-016  1.000000e+000  1.207401e-015
    outer loop
      vertex -1.025000e+002  1.332268e-014  0.000000e+000
      vertex -9.258527e+001  1.868663e-021  1.005764e+001
      vertex -9.200000e+001  0.000000e+000  1.000000e+001
    endloop
  endfacet
  facet normal  -0.000000e+000  1.000000e+000  1.332268e-015
    outer loop
      vertex -1.025000e+002  1.332268e-014  0.000000e+000
      vertex -9.200000e+001  0.000000e+000  1.000000e+001
      vertex -8.500000e+001  0.000000e+000  1.000000e+001
    endloop
  endfacet
  facet normal  7.612957e-016  1.000000e+000  1.868663e-022
    outer loop
      vertex -1.025000e+002  1.332268e-014  0.000000e+000
      vertex -8.500000e+001  0.000000e+000  1.000000e+001
      vertex -8.500000e+001  1.868663e-021  0.000000e+000
    endloop
  endfacet
  facet normal  7.012982e-016  1.000000e+000 -6.189694e-020
    outer loop
      vertex  3.150000e+001 -1.791510e-015  1.700000e+002
      vertex  3.150000e+001 -1.790272e-015  1.900000e+002
      vertex  1.100000e+002 -5.684342e-014  1.700000e+002
    endloop
  endfacet
  facet normal -2.280602e-017  1.000000e+000 -2.842171e-015
    outer loop
      vertex  1.100000e+002 -5.684342e-014  1.700000e+002
      vertex  3.150000e+001 -1.790272e-015  1.900000e+002
      vertex  1.100000e+002  0.000000e+000  1.900000e+002
    endloop
  endfacet
  facet normal  5.601542e-017  9.999999e-001  7.993606e-016
    outer loop
      vertex  1.500000e+001 -9.092004e-017  1.700000e+002
      vertex  1.500000e+001 -1.607813e-014  1.900000e+002
      vertex  2.650000e+001 -7.350976e-016  1.700000e+002
    endloop
  endfacet
  facet normal -1.348914e-015  9.999999e-001 -8.473608e-018
    outer loop
      vertex  2.650000e+001 -7.350976e-016  1.700000e+002
      vertex  1.500000e+001 -1.607813e-014  1.900000e+002
      vertex  2.650000e+001 -5.656254e-016  1.900000e+002
    endloop
  endfacet
  facet normal -1.829468e-015  9.999999e-001  0.000000e+000
    outer loop
      vertex -2.650000e+001 -4.592425e-016  1.700000e+002
      vertex -2.650000e+001 -4.592425e-016  1.900000e+002
      vertex -1.500000e+001  2.057964e-014  1.700000e+002
    endloop
  endfacet
  facet normal -4.094258e-016  9.999999e-001  8.165241e-016
    outer loop
      vertex -1.500000e+001  2.057964e-014  1.700000e+002
      vertex -2.650000e+001 -4.592425e-016  1.900000e+002
      vertex -1.500000e+001  4.249154e-015  1.900000e+002
    endloop
  endfacet
  facet normal  1.000000e+000  0.000000e+000  0.000000e+000
    outer loop
      vertex -8.500000e+001 -1.350000e+002  1.000000e+001
      vertex -8.500000e+001 -1.350000e+002  7.105427e-015
      vertex -8.500000e+001  0.000000e+000  1.000000e+001
    endloop
  endfacet
  facet normal  1.000000e+000  0.000000e+000  0.000000e+000
    outer loop
      vertex -8.500000e+001  0.000000e+000  1.000000e+001
      vertex -8.500000e+001 -1.350000e+002  7.105427e-015
      vertex -8.500000e+001  1.868663e-021  0.000000e+000
    endloop
  endfacet
  facet normal  -0.000000e+000  -0.000000e+000 -9.999999e-001
    outer loop
      vertex -6.750000e+001 -1.400000e+002  0.000000e+000
      vertex -4.108471e+001 -1.422524e+002  0.000000e+000
      vertex -4.055630e+001 -1.424373e+002  0.000000e+000
    endloop
  endfacet
  facet normal  -0.000000e+000  -0.000000e+000 -9.999999e-001
    outer loop
      vertex -6.750000e+001 -1.400000e+002  0.000000e+000
      vertex -4.155872e+001 -1.419546e+002  0.000000e+000
      vertex -4.108471e+001 -1.422524e+002  0.000000e+000
    endloop
  endfacet
  facet normal  -0.000000e+000  -0.000000e+000 -1.000000e+000
    outer loop
      vertex -6.750000e+001 -1.400000e+002  0.000000e+000
      vertex -4.195458e+001 -1.415587e+002  0.000000e+000
      vertex -4.155872e+001 -1.419546e+002  0.000000e+000
    endloop
  endfacet
  facet normal  -0.000000e+000  -0.000000e+000 -1.000000e+000
    outer loop
      vertex -6.750000e+001 -1.400000e+002  0.000000e+000
      vertex -4.225242e+001 -1.410847e+002  0.000000e+000
      vertex -4.195458e+001 -1.415587e+002  0.000000e+000
    endloop
  endfacet
  facet normal  -0.000000e+000  -0.000000e+000 -1.000000e+000
    outer loop
      vertex -6.750000e+001 -1.400000e+002  0.000000e+000
      vertex -4.243732e+001 -1.405563e+002  0.000000e+000
      vertex -4.225242e+001 -1.410847e+002  0.000000e+000
    endloop
  endfacet
  facet normal  -0.000000e+000  -0.000000e+000 -1.000000e+000
    outer loop
      vertex -6.750000e+001 -1.400000e+002  0.000000e+000
      vertex -4.250000e+001 -1.400000e+002  0.000000e+000
      vertex -4.243732e+001 -1.405563e+002  0.000000e+000
    endloop
  endfacet
  facet normal  -0.000000e+000  -0.000000e+000 -1.000000e+000
    outer loop
      vertex -3.750000e+001 -1.400000e+002  0.000000e+000
      vertex  8.915291e+000 -1.422524e+002  0.000000e+000
      vertex  9.443698e+000 -1.424373e+002  0.000000e+000
    endloop
  endfacet
  facet normal  -0.000000e+000  -0.000000e+000 -1.000000e+000
    outer loop
      vertex -3.750000e+001 -1.400000e+002  0.000000e+000
      vertex  8.441276e+000 -1.419546e+002  0.000000e+000
      vertex  8.915291e+000 -1.422524e+002  0.000000e+000
    endloop
  endfacet
  facet normal  -0.000000e+000  -0.000000e+000 -1.000000e+000
    outer loop
      vertex -3.750000e+001 -1.400000e+002  0.000000e+000
      vertex  8.045422e+000 -1.415587e+002  0.000000e+000
      vertex  8.441276e+000 -1.419546e+002  0.000000e+000
    endloop
  endfacet
  facet normal  -0.000000e+000  -0.000000e+000 -1.000000e+000
    outer loop
      vertex -3.750000e+001 -1.400000e+002  0.000000e+000
      vertex  7.747578e+000 -1.410847e+002  0.000000e+000
      vertex  8.045422e+000 -1.415587e+002  0.000000e+000
    endloop
  endfacet
  facet normal  -0.000000e+000  -0.000000e+000 -1.000000e+000
    outer loop
      vertex -3.750000e+001 -1.400000e+002  0.000000e+000
      vertex  7.562680e+000 -1.405563e+002  0.000000e+000
      vertex  7.747578e+000 -1.410847e+002  0.000000e+000
    endloop
  endfacet
  facet normal  -0.000000e+000  -0.000000e+000 -1.000000e+000
    outer loop
      vertex -3.750000e+001 -1.400000e+002  0.000000e+000
      vertex  7.500000e+000 -1.400000e+002  0.000000e+000
      vertex  7.562680e+000 -1.405563e+002  0.000000e+000
    endloop
  endfacet
  facet normal  -0.000000e+000  -0.000000e+000 -1.000000e+000
    outer loop
      vertex  1.250000e+001 -1.400000e+002  0.000000e+000
      vertex  5.844128e+001 -1.419546e+002  0.000000e+000
      vertex  5.891529e+001 -1.422524e+002  0.000000e+000
    endloop
  endfacet
  facet normal  -0.000000e+000  -0.000000e+000 -1.000000e+000
    outer loop
      vertex  1.250000e+001 -1.400000e+002  0.000000e+000
      vertex  5.804542e+001 -1.415587e+002  0.000000e+000
      vertex  5.844128e+001 -1.419546e+002  0.000000e+000
    endloop
  endfacet
  facet normal  -0.000000e+000  -0.000000e+000 -1.000000e+000
    outer loop
      vertex  1.250000e+001 -1.400000e+002  0.000000e+000
      vertex  5.774758e+001 -1.410847e+002  0.000000e+000
      vertex  5.804542e+001 -1.415587e+002  0.000000e+000
    endloop
  endfacet
  facet normal  -0.000000e+000  -0.000000e+000 -1.000000e+000
    outer loop
      vertex  1.250000e+001 -1.400000e+002  0.000000e+000
      vertex  5.756268e+001 -1.405563e+002  0.000000e+000
      vertex  5.774758e+001 -1.410847e+002  0.000000e+000
    endloop
  endfacet
  facet normal  -0.000000e+000  -0.000000e+000 -1.000000e+000
    outer loop
      vertex  1.250000e+001 -1.400000e+002  0.000000e+000
      vertex  5.750000e+001 -1.400000e+002  0.000000e+000
      vertex  5.756268e+001 -1.405563e+002  0.000000e+000
    endloop
  endfacet
  facet normal  0.000000e+000  0.000000e+000 -1.000000e+000
    outer loop
      vertex -4.108471e+001 -1.377476e+002  0.000000e+000
      vertex -6.750000e+001 -1.400000e+002  0.000000e+000
      vertex -4.055630e+001 -1.375627e+002  0.000000e+000
    endloop
  endfacet
  facet normal  0.000000e+000  0.000000e+000 -1.000000e+000
    outer loop
      vertex -4.155872e+001 -1.380454e+002  0.000000e+000
      vertex -6.750000e+001 -1.400000e+002  0.000000e+000
      vertex -4.108471e+001 -1.377476e+002  0.000000e+000
    endloop
  endfacet
  facet normal  0.000000e+000  0.000000e+000 -1.000000e+000
    outer loop
      vertex -4.195458e+001 -1.384413e+002  0.000000e+000
      vertex -6.750000e+001 -1.400000e+002  0.000000e+000
      vertex -4.155872e+001 -1.380454e+002  0.000000e+000
    endloop
  endfacet
  facet normal  0.000000e+000  0.000000e+000 -1.000000e+000
    outer loop
      vertex -4.225242e+001 -1.389153e+002  0.000000e+000
      vertex -6.750000e+001 -1.400000e+002  0.000000e+000
      vertex -4.195458e+001 -1.384413e+002  0.000000e+000
    endloop
  endfacet
  facet normal  0.000000e+000  0.000000e+000 -1.000000e+000
    outer loop
      vertex -4.243732e+001 -1.394437e+002  0.000000e+000
      vertex -6.750000e+001 -1.400000e+002  0.000000e+000
      vertex -4.225242e+001 -1.389153e+002  0.000000e+000
    endloop
  endfacet
  facet normal  0.000000e+000  0.000000e+000 -1.000000e+000
    outer loop
      vertex -4.250000e+001 -1.400000e+002  0.000000e+000
      vertex -6.750000e+001 -1.400000e+002  0.000000e+000
      vertex -4.243732e+001 -1.394437e+002  0.000000e+000
    endloop
  endfacet
  facet normal  0.000000e+000  0.000000e+000 -1.000000e+000
    outer loop
      vertex  8.915291e+000 -1.377476e+002  0.000000e+000
      vertex -3.750000e+001 -1.400000e+002  0.000000e+000
      vertex  9.443698e+000 -1.375627e+002  0.000000e+000
    endloop
  endfacet
  facet normal  0.000000e+000  0.000000e+000 -1.000000e+000
    outer loop
      vertex  8.441276e+000 -1.380454e+002  0.000000e+000
      vertex -3.750000e+001 -1.400000e+002  0.000000e+000
      vertex  8.915291e+000 -1.377476e+002  0.000000e+000
    endloop
  endfacet
  facet normal  0.000000e+000  0.000000e+000 -1.000000e+000
    outer loop
      vertex  8.045422e+000 -1.384413e+002  0.000000e+000
      vertex -3.750000e+001 -1.400000e+002  0.000000e+000
      vertex  8.441276e+000 -1.380454e+002  0.000000e+000
    endloop
  endfacet
  facet normal  0.000000e+000  0.000000e+000 -1.000000e+000
    outer loop
      vertex  7.747578e+000 -1.389153e+002  0.000000e+000
      vertex -3.750000e+001 -1.400000e+002  0.000000e+000
      vertex  8.045422e+000 -1.384413e+002  0.000000e+000
    endloop
  endfacet
  facet normal  0.000000e+000  0.000000e+000 -1.000000e+000
    outer loop
      vertex  7.562680e+000 -1.394437e+002  0.000000e+000
      vertex -3.750000e+001 -1.400000e+002  0.000000e+000
      vertex  7.747578e+000 -1.389153e+002  0.000000e+000
    endloop
  endfacet
  facet normal  0.000000e+000  0.000000e+000 -1.000000e+000
    outer loop
      vertex  7.500000e+000 -1.400000e+002  0.000000e+000
      vertex -3.750000e+001 -1.400000e+002  0.000000e+000
      vertex  7.562680e+000 -1.394437e+002  0.000000e+000
    endloop
  endfacet
  facet normal  0.000000e+000  0.000000e+000 -1.000000e+000
    outer loop
      vertex  5.844128e+001 -1.380454e+002  0.000000e+000
      vertex  1.250000e+001 -1.400000e+002  0.000000e+000
      vertex  5.891529e+001 -1.377476e+002  0.000000e+000
    endloop
  endfacet
  facet normal  0.000000e+000  0.000000e+000 -1.000000e+000
    outer loop
      vertex  5.804542e+001 -1.384413e+002  0.000000e+000
      vertex  1.250000e+001 -1.400000e+002  0.000000e+000
      vertex  5.844128e+001 -1.380454e+002  0.000000e+000
    endloop
  endfacet
  facet normal  0.000000e+000  0.000000e+000 -1.000000e+000
    outer loop
      vertex  5.774758e+001 -1.389153e+002  0.000000e+000
      vertex  1.250000e+001 -1.400000e+002  0.000000e+000
      vertex  5.804542e+001 -1.384413e+002  0.000000e+000
    endloop
  endfacet
  facet normal  0.000000e+000  0.000000e+000 -1.000000e+000
    outer loop
      vertex  5.756268e+001 -1.394437e+002  0.000000e+000
      vertex  1.250000e+001 -1.400000e+002  0.000000e+000
      vertex  5.774758e+001 -1.389153e+002  0.000000e+000
    endloop
  endfacet
  facet normal  0.000000e+000  0.000000e+000 -1.000000e+000
    outer loop
      vertex  5.750000e+001 -1.400000e+002  0.000000e+000
      vertex  1.250000e+001 -1.400000e+002  0.000000e+000
      vertex  5.756268e+001 -1.394437e+002  0.000000e+000
    endloop
  endfacet
  facet normal  -0.000000e+000  0.000000e+000 -1.000000e+000
    outer loop
      vertex -1.025000e+002  1.332268e-014  0.000000e+000
      vertex -8.500000e+001  1.868663e-021  0.000000e+000
      vertex -9.243732e+001 -2.944370e+001  0.000000e+000
    endloop
  endfacet
  facet normal  -0.000000e+000  0.000000e+000 -1.000000e+000
    outer loop
      vertex -1.025000e+002  1.332268e-014  0.000000e+000
      vertex -9.243732e+001 -2.944370e+001  0.000000e+000
      vertex -9.250000e+001 -3.000000e+001  0.000000e+000
    endloop
  endfacet
  facet normal  0.000000e+000  0.000000e+000 -1.000000e+000
    outer loop
      vertex -1.025000e+002  1.332268e-014  0.000000e+000
      vertex -9.250000e+001 -3.000000e+001  0.000000e+000
      vertex -1.100000e+002  5.000000e+000  0.000000e+000
    endloop
  endfacet
  facet normal  0.000000e+000  0.000000e+000 -1.000000e+000
    outer loop
      vertex -1.025000e+002  1.332268e-014  0.000000e+000
      vertex -1.100000e+002  5.000000e+000  0.000000e+000
      vertex -1.025000e+002  5.000000e+000  0.000000e+000
    endloop
  endfacet
  facet normal  0.000000e+000  0.000000e+000 -1.000000e+000
    outer loop
      vertex -1.100000e+002 -1.650000e+002  0.000000e+000
      vertex -1.100000e+002  5.000000e+000  0.000000e+000
      vertex -9.250000e+001 -3.000000e+001  0.000000e+000
    endloop
  endfacet
  facet normal  0.000000e+000  -0.000000e+000 -1.000000e+000
    outer loop
      vertex -1.100000e+002 -1.650000e+002  0.000000e+000
      vertex -9.250000e+001 -3.000000e+001  0.000000e+000
      vertex -9.250000e+001 -8.000000e+001  0.000000e+000
    endloop
  endfacet
  facet normal  0.000000e+000  -0.000000e+000 -1.000000e+000
    outer loop
      vertex -1.100000e+002 -1.650000e+002  0.000000e+000
      vertex -9.250000e+001 -8.000000e+001  0.000000e+000
      vertex -9.250000e+001 -1.300000e+002  0.000000e+000
    endloop
  endfacet
  facet normal  0.000000e+000  -0.000000e+000 -1.000000e+000
    outer loop
      vertex -1.100000e+002 -1.650000e+002  0.000000e+000
      vertex -9.250000e+001 -1.300000e+002  0.000000e+000
      vertex -9.243732e+001 -1.305563e+002  0.000000e+000
    endloop
  endfacet
  facet normal  0.000000e+000  -0.000000e+000 -1.000000e+000
    outer loop
      vertex -1.100000e+002 -1.650000e+002  0.000000e+000
      vertex -9.243732e+001 -1.305563e+002  0.000000e+000
      vertex -9.225242e+001 -1.310847e+002  0.000000e+000
    endloop
  endfacet
  facet normal  0.000000e+000  -0.000000e+000 -1.000000e+000
    outer loop
      vertex -1.100000e+002 -1.650000e+002  0.000000e+000
      vertex -9.225242e+001 -1.310847e+002  0.000000e+000
      vertex -9.195458e+001 -1.315587e+002  0.000000e+000
    endloop
  endfacet
  facet normal  0.000000e+000  -0.000000e+000 -1.000000e+000
    outer loop
      vertex -1.100000e+002 -1.650000e+002  0.000000e+000
      vertex -9.195458e+001 -1.315587e+002  0.000000e+000
      vertex -9.155872e+001 -1.319546e+002  0.000000e+000
    endloop
  endfacet
  facet normal  0.000000e+000  -0.000000e+000 -1.000000e+000
    outer loop
      vertex -1.100000e+002 -1.650000e+002  0.000000e+000
      vertex -9.155872e+001 -1.319546e+002  0.000000e+000
      vertex -9.108471e+001 -1.322524e+002  0.000000e+000
    endloop
  endfacet
  facet normal  9.261829e-016 -5.349715e-016 -1.000000e+000
    outer loop
      vertex -1.100000e+002 -1.650000e+002  0.000000e+000
      vertex -9.108471e+001 -1.322524e+002  0.000000e+000
      vertex -8.500000e+001 -1.350000e+002  7.105427e-015
    endloop
  endfacet
  facet normal -3.552714e-016  5.329071e-016 -1.000000e+000
    outer loop
      vertex -1.100000e+002 -1.650000e+002  0.000000e+000
      vertex -8.500000e+001 -1.350000e+002  7.105427e-015
      vertex -7.250000e+001 -1.400000e+002  0.000000e+000
    endloop
  endfacet
  facet normal  0.000000e+000  -0.000000e+000 -1.000000e+000
    outer loop
      vertex -1.100000e+002 -1.650000e+002  0.000000e+000
      vertex -7.250000e+001 -1.400000e+002  0.000000e+000
      vertex -7.243732e+001 -1.405563e+002  0.000000e+000
    endloop
  endfacet
  facet normal  0.000000e+000  -0.000000e+000 -1.000000e+000
    outer loop
      vertex -1.100000e+002 -1.650000e+002  0.000000e+000
      vertex -7.243732e+001 -1.405563e+002  0.000000e+000
      vertex -7.225242e+001 -1.410847e+002  0.000000e+000
    endloop
  endfacet
  facet normal  0.000000e+000  -0.000000e+000 -1.000000e+000
    outer loop
      vertex -1.100000e+002 -1.650000e+002  0.000000e+000
      vertex -7.225242e+001 -1.410847e+002  0.000000e+000
      vertex -7.195458e+001 -1.415587e+002  0.000000e+000
    endloop
  endfacet
  facet normal  0.000000e+000  -0.000000e+000 -1.000000e+000
    outer loop
      vertex -1.100000e+002 -1.650000e+002  0.000000e+000
      vertex -7.195458e+001 -1.415587e+002  0.000000e+000
      vertex -7.155872e+001 -1.419546e+002  0.000000e+000
    endloop
  endfacet
  facet normal  0.000000e+000  -0.000000e+000 -9.999999e-001
    outer loop
      vertex -1.100000e+002 -1.650000e+002  0.000000e+000
      vertex -7.155872e+001 -1.419546e+002  0.000000e+000
      vertex -7.108471e+001 -1.422524e+002  0.000000e+000
    endloop
  endfacet
  facet normal  0.000000e+000  -0.000000e+000 -1.000000e+000
    outer loop
      vertex -1.100000e+002 -1.650000e+002  0.000000e+000
      vertex -7.108471e+001 -1.422524e+002  0.000000e+000
      vertex -7.055630e+001 -1.424373e+002  0.000000e+000
    endloop
  endfacet
  facet normal  0.000000e+000  -0.000000e+000 -1.000000e+000
    outer loop
      vertex -1.100000e+002 -1.650000e+002  0.000000e+000
      vertex -7.055630e+001 -1.424373e+002  0.000000e+000
      vertex -7.000000e+001 -1.425000e+002  0.000000e+000
    endloop
  endfacet
  facet normal  0.000000e+000  -0.000000e+000 -1.000000e+000
    outer loop
      vertex -1.100000e+002 -1.650000e+002  0.000000e+000
      vertex -7.000000e+001 -1.425000e+002  0.000000e+000
      vertex  1.100000e+002 -1.650000e+002  0.000000e+000
    endloop
  endfacet
  facet normal  0.000000e+000  0.000000e+000 -1.000000e+000
    outer loop
      vertex  1.100000e+002 -1.650000e+002  0.000000e+000
      vertex -7.000000e+001 -1.425000e+002  0.000000e+000
      vertex -6.944370e+001 -1.424373e+002  0.000000e+000
    endloop
  endfacet
  facet normal  0.000000e+000  0.000000e+000 -1.000000e+000
    outer loop
      vertex  1.100000e+002 -1.650000e+002  0.000000e+000
      vertex -6.944370e+001 -1.424373e+002  0.000000e+000
      vertex -6.891529e+001 -1.422524e+002  0.000000e+000
    endloop
  endfacet
  facet normal  0.000000e+000  0.000000e+000 -1.000000e+000
    outer loop
      vertex  1.100000e+002 -1.650000e+002  0.000000e+000
      vertex -6.891529e+001 -1.422524e+002  0.000000e+000
      vertex -6.844128e+001 -1.419546e+002  0.000000e+000
    endloop
  endfacet
  facet normal  0.000000e+000  0.000000e+000 -1.000000e+000
    outer loop
      vertex  1.100000e+002 -1.650000e+002  0.000000e+000
      vertex -6.844128e+001 -1.419546e+002  0.000000e+000
      vertex -6.804542e+001 -1.415587e+002  0.000000e+000
    endloop
  endfacet
  facet normal  0.000000e+000  0.000000e+000 -1.000000e+000
    outer loop
      vertex  1.100000e+002 -1.650000e+002  0.000000e+000
      vertex -6.804542e+001 -1.415587e+002  0.000000e+000
      vertex -6.774758e+001 -1.410847e+002  0.000000e+000
    endloop
  endfacet
  facet normal  0.000000e+000  0.000000e+000 -1.000000e+000
    outer loop
      vertex  1.100000e+002 -1.650000e+002  0.000000e+000
      vertex -6.774758e+001 -1.410847e+002  0.000000e+000
      vertex -6.756268e+001 -1.405563e+002  0.000000e+000
    endloop
  endfacet
  facet normal  0.000000e+000  0.000000e+000 -1.000000e+000
    outer loop
      vertex  1.100000e+002 -1.650000e+002  0.000000e+000
      vertex -6.756268e+001 -1.405563e+002  0.000000e+000
      vertex -6.750000e+001 -1.400000e+002  0.000000e+000
    endloop
  endfacet
  facet normal  0.000000e+000  0.000000e+000 -1.000000e+000
    outer loop
      vertex  1.100000e+002 -1.650000e+002  0.000000e+000
      vertex -6.750000e+001 -1.400000e+002  0.000000e+000
      vertex -4.055630e+001 -1.424373e+002  0.000000e+000
    endloop
  endfacet
  facet normal  0.000000e+000  0.000000e+000 -1.000000e+000
    outer loop
      vertex  1.100000e+002 -1.650000e+002  0.000000e+000
      vertex -4.055630e+001 -1.424373e+002  0.000000e+000
      vertex -4.000000e+001 -1.425000e+002  0.000000e+000
    endloop
  endfacet
  facet normal  0.000000e+000  0.000000e+000 -1.000000e+000
    outer loop
      vertex  1.100000e+002 -1.650000e+002  0.000000e+000
      vertex -4.000000e+001 -1.425000e+002  0.000000e+000
      vertex -3.944370e+001 -1.424373e+002  0.000000e+000
    endloop
  endfacet
  facet normal  0.000000e+000  0.000000e+000 -1.000000e+000
    outer loop
      vertex  1.100000e+002 -1.650000e+002  0.000000e+000
      vertex -3.944370e+001 -1.424373e+002  0.000000e+000
      vertex -3.891529e+001 -1.422524e+002  0.000000e+000
    endloop
  endfacet
  facet normal  0.000000e+000  0.000000e+000 -9.999999e-001
    outer loop
      vertex  1.100000e+002 -1.650000e+002  0.000000e+000
      vertex -3.891529e+001 -1.422524e+002  0.000000e+000
      vertex -3.844128e+001 -1.419546e+002  0.000000e+000
    endloop
  endfacet
  facet normal  0.000000e+000  0.000000e+000 -1.000000e+000
    outer loop
      vertex  1.100000e+002 -1.650000e+002  0.000000e+000
      vertex -3.844128e+001 -1.419546e+002  0.000000e+000
      vertex -3.804542e+001 -1.415587e+002  0.000000e+000
    endloop
  endfacet
  facet normal  0.000000e+000  0.000000e+000 -1.000000e+000
    outer loop
      vertex  1.100000e+002 -1.650000e+002  0.000000e+000
      vertex -3.804542e+001 -1.415587e+002  0.000000e+000
      vertex -3.774758e+001 -1.410847e+002  0.000000e+000
    endloop
  endfacet
  facet normal  0.000000e+000  0.000000e+000 -1.000000e+000
    outer loop
      vertex  1.100000e+002 -1.650000e+002  0.000000e+000
      vertex -3.774758e+001 -1.410847e+002  0.000000e+000
      vertex -3.756268e+001 -1.405563e+002  0.000000e+000
    endloop
  endfacet
  facet normal  0.000000e+000  0.000000e+000 -1.000000e+000
    outer loop
      vertex  1.100000e+002 -1.650000e+002  0.000000e+000
      vertex -3.756268e+001 -1.405563e+002  0.000000e+000
      vertex -3.750000e+001 -1.400000e+002  0.000000e+000
    endloop
  endfacet
  facet normal  0.000000e+000  0.000000e+000 -1.000000e+000
    outer loop
      vertex  1.100000e+002 -1.650000e+002  0.000000e+000
      vertex -3.750000e+001 -1.400000e+002  0.000000e+000
      vertex  9.443698e+000 -1.424373e+002  0.000000e+000
    endloop
  endfacet
  facet normal  0.000000e+000  0.000000e+000 -1.000000e+000
    outer loop
      vertex  1.100000e+002 -1.650000e+002  0.000000e+000
      vertex  9.443698e+000 -1.424373e+002  0.000000e+000
      vertex  1.000000e+001 -1.425000e+002  0.000000e+000
    endloop
  endfacet
  facet normal  0.000000e+000  0.000000e+000 -1.000000e+000
    outer loop
      vertex  1.100000e+002 -1.650000e+002  0.000000e+000
      vertex  1.000000e+001 -1.425000e+002  0.000000e+000
      vertex  1.055630e+001 -1.424373e+002  0.000000e+000
    endloop
  endfacet
  facet normal  0.000000e+000  0.000000e+000 -1.000000e+000
    outer loop
      vertex  1.100000e+002 -1.650000e+002  0.000000e+000
      vertex  1.055630e+001 -1.424373e+002  0.000000e+000
      vertex  1.108471e+001 -1.422524e+002  0.000000e+000
    endloop
  endfacet
  facet normal  0.000000e+000  0.000000e+000 -1.000000e+000
    outer loop
      vertex  1.100000e+002 -1.650000e+002  0.000000e+000
      vertex  1.108471e+001 -1.422524e+002  0.000000e+000
      vertex  1.155872e+001 -1.419546e+002  0.000000e+000
    endloop
  endfacet
  facet normal  0.000000e+000  0.000000e+000 -1.000000e+000
    outer loop
      vertex  1.100000e+002 -1.650000e+002  0.000000e+000
      vertex  1.155872e+001 -1.419546e+002  0.000000e+000
      vertex  1.195458e+001 -1.415587e+002  0.000000e+000
    endloop
  endfacet
  facet normal  0.000000e+000  0.000000e+000 -1.000000e+000
    outer loop
      vertex  1.100000e+002 -1.650000e+002  0.000000e+000
      vertex  1.195458e+001 -1.415587e+002  0.000000e+000
      vertex  1.225242e+001 -1.410847e+002  0.000000e+000
    endloop
  endfacet
  facet normal  0.000000e+000  0.000000e+000 -1.000000e+000
    outer loop
      vertex  1.100000e+002 -1.650000e+002  0.000000e+000
      vertex  1.225242e+001 -1.410847e+002  0.000000e+000
      vertex  1.243732e+001 -1.405563e+002  0.000000e+000
    endloop
  endfacet
  facet normal  0.000000e+000  0.000000e+000 -1.000000e+000
    outer loop
      vertex  1.100000e+002 -1.650000e+002  0.000000e+000
      vertex  1.243732e+001 -1.405563e+002  0.000000e+000
      vertex  1.250000e+001 -1.400000e+002  0.000000e+000
    endloop
  endfacet
  facet normal  0.000000e+000  0.000000e+000 -1.000000e+000
    outer loop
      vertex  1.100000e+002 -1.650000e+002  0.000000e+000
      vertex  1.250000e+001 -1.400000e+002  0.000000e+000
      vertex  5.891529e+001 -1.422524e+002  0.000000e+000
    endloop
  endfacet
  facet normal  0.000000e+000  0.000000e+000 -1.000000e+000
    outer loop
      vertex  1.100000e+002 -1.650000e+002  0.000000e+000
      vertex  5.891529e+001 -1.422524e+002  0.000000e+000
      vertex  5.944370e+001 -1.424373e+002  0.000000e+000
    endloop
  endfacet
  facet normal  0.000000e+000  0.000000e+000 -1.000000e+000
    outer loop
      vertex  1.100000e+002 -1.650000e+002  0.000000e+000
      vertex  5.944370e+001 -1.424373e+002  0.000000e+000
      vertex  6.000000e+001 -1.425000e+002  0.000000e+000
    endloop
  endfacet
  facet normal  0.000000e+000  0.000000e+000 -1.000000e+000
    outer loop
      vertex  1.100000e+002 -1.650000e+002  0.000000e+000
      vertex  6.000000e+001 -1.425000e+002  0.000000e+000
      vertex  6.055630e+001 -1.424373e+002  0.000000e+000
    endloop
  endfacet
  facet normal  0.000000e+000  0.000000e+000 -1.000000e+000
    outer loop
      vertex  1.100000e+002 -1.650000e+002  0.000000e+000
      vertex  6.055630e+001 -1.424373e+002  0.000000e+000
      vertex  6.108471e+001 -1.422524e+002  0.000000e+000
    endloop
  endfacet
  facet normal  0.000000e+000  0.000000e+000 -1.000000e+000
    outer loop
      vertex  1.100000e+002 -1.650000e+002  0.000000e+000
      vertex  6.108471e+001 -1.422524e+002  0.000000e+000
      vertex  6.155872e+001 -1.419546e+002  0.000000e+000
    endloop
  endfacet
  facet normal  0.000000e+000  0.000000e+000 -1.000000e+000
    outer loop
      vertex  1.100000e+002 -1.650000e+002  0.000000e+000
      vertex  6.155872e+001 -1.419546e+002  0.000000e+000
      vertex  6.195458e+001 -1.415587e+002  0.000000e+000
    endloop
  endfacet
  facet normal  0.000000e+000  0.000000e+000 -1.000000e+000
    outer loop
      vertex  1.100000e+002 -1.650000e+002  0.000000e+000
      vertex  6.195458e+001 -1.415587e+002  0.000000e+000
      vertex  6.225242e+001 -1.410847e+002  0.000000e+000
    endloop
  endfacet
  facet normal  0.000000e+000  0.000000e+000 -9.999999e-001
    outer loop
      vertex  1.100000e+002 -1.650000e+002  0.000000e+000
      vertex  6.225242e+001 -1.410847e+002  0.000000e+000
      vertex  6.243732e+001 -1.405563e+002  0.000000e+000
    endloop
  endfacet
  facet normal  0.000000e+000  0.000000e+000 -1.000000e+000
    outer loop
      vertex  1.100000e+002 -1.650000e+002  0.000000e+000
      vertex  6.243732e+001 -1.405563e+002  0.000000e+000
      vertex  6.250000e+001 -1.400000e+002  0.000000e+000
    endloop
  endfacet
  facet normal  0.000000e+000  0.000000e+000 -1.000000e+000
    outer loop
      vertex  1.100000e+002 -1.650000e+002  0.000000e+000
      vertex  6.250000e+001 -1.400000e+002  0.000000e+000
      vertex  1.100000e+002 -1.350000e+002  0.000000e+000
    endloop
  endfacet
  facet normal -4.019689e-015 -1.148798e-014 -1.000000e+000
    outer loop
      vertex -8.500000e+001 -1.350000e+002  7.105427e-015
      vertex -9.108471e+001 -1.322524e+002  0.000000e+000
      vertex -9.055630e+001 -1.324373e+002  0.000000e+000
    endloop
  endfacet
  facet normal -4.134140e-016 -3.668999e-015 -1.000000e+000
    outer loop
      vertex -8.500000e+001 -1.350000e+002  7.105427e-015
      vertex -9.055630e+001 -1.324373e+002  0.000000e+000
      vertex -9.000000e+001 -1.325000e+002  0.000000e+000
    endloop
  endfacet
  facet normal  2.613520e-016 -2.319467e-015 -9.999999e-001
    outer loop
      vertex -8.500000e+001 -1.350000e+002  7.105427e-015
      vertex -9.000000e+001 -1.325000e+002  0.000000e+000
      vertex -8.944370e+001 -1.324373e+002  0.000000e+000
    endloop
  endfacet
  facet normal  6.038099e-016 -1.725645e-015 -1.000000e+000
    outer loop
      vertex -8.500000e+001 -1.350000e+002  7.105427e-015
      vertex -8.944370e+001 -1.324373e+002  0.000000e+000
      vertex -8.891529e+001 -1.322524e+002  0.000000e+000
    endloop
  endfacet
  facet normal  8.573252e-016 -1.364386e-015 -1.000000e+000
    outer loop
      vertex -8.500000e+001 -1.350000e+002  7.105427e-015
      vertex -8.891529e+001 -1.322524e+002  0.000000e+000
      vertex -8.844128e+001 -1.319546e+002  0.000000e+000
    endloop
  endfacet
  facet normal  1.095364e-015 -1.095406e-015 -1.000000e+000
    outer loop
      vertex -8.500000e+001 -1.350000e+002  7.105427e-015
      vertex -8.844128e+001 -1.319546e+002  0.000000e+000
      vertex -8.804542e+001 -1.315587e+002  0.000000e+000
    endloop
  endfacet
  facet normal  1.364418e-015 -8.573015e-016 -1.000000e+000
    outer loop
      vertex -8.500000e+001 -1.350000e+002  7.105427e-015
      vertex -8.804542e+001 -1.315587e+002  0.000000e+000
      vertex -8.774758e+001 -1.310847e+002  0.000000e+000
    endloop
  endfacet
  facet normal  1.725627e-015 -6.038200e-016 -1.000000e+000
    outer loop
      vertex -8.500000e+001 -1.350000e+002  7.105427e-015
      vertex -8.774758e+001 -1.310847e+002  0.000000e+000
      vertex -8.756268e+001 -1.305563e+002  0.000000e+000
    endloop
  endfacet
  facet normal  2.319467e-015 -2.613520e-016 -9.999999e-001
    outer loop
      vertex -8.500000e+001 -1.350000e+002  7.105427e-015
      vertex -8.756268e+001 -1.305563e+002  0.000000e+000
      vertex -8.750000e+001 -1.300000e+002  0.000000e+000
    endloop
  endfacet
  facet normal  2.842171e-015  0.000000e+000 -1.000000e+000
    outer loop
      vertex -8.500000e+001 -1.350000e+002  7.105427e-015
      vertex -8.750000e+001 -1.300000e+002  0.000000e+000
      vertex -8.750000e+001 -8.000000e+001  0.000000e+000
    endloop
  endfacet
  facet normal  2.842171e-015  0.000000e+000 -1.000000e+000
    outer loop
      vertex -8.500000e+001 -1.350000e+002  7.105427e-015
      vertex -8.750000e+001 -8.000000e+001  0.000000e+000
      vertex -8.750000e+001 -3.000000e+001  0.000000e+000
    endloop
  endfacet
  facet normal  6.315936e-016 -5.263279e-017 -1.000000e+000
    outer loop
      vertex -8.500000e+001 -1.350000e+002  7.105427e-015
      vertex -8.750000e+001 -3.000000e+001  0.000000e+000
      vertex -8.500000e+001  1.868663e-021  0.000000e+000
    endloop
  endfacet
  facet normal  0.000000e+000  0.000000e+000 -1.000000e+000
    outer loop
      vertex  1.100000e+002 -1.350000e+002  0.000000e+000
      vertex  6.250000e+001 -1.400000e+002  0.000000e+000
      vertex  6.243732e+001 -1.394437e+002  0.000000e+000
    endloop
  endfacet
  facet normal  0.000000e+000  0.000000e+000 -1.000000e+000
    outer loop
      vertex  1.100000e+002 -1.350000e+002  0.000000e+000
      vertex  6.243732e+001 -1.394437e+002  0.000000e+000
      vertex  6.225242e+001 -1.389153e+002  0.000000e+000
    endloop
  endfacet
  facet normal  0.000000e+000  0.000000e+000 -1.000000e+000
    outer loop
      vertex  1.100000e+002 -1.350000e+002  0.000000e+000
      vertex  6.225242e+001 -1.389153e+002  0.000000e+000
      vertex  6.195458e+001 -1.384413e+002  0.000000e+000
    endloop
  endfacet
  facet normal  0.000000e+000  0.000000e+000 -1.000000e+000
    outer loop
      vertex  1.100000e+002 -1.350000e+002  0.000000e+000
      vertex  6.195458e+001 -1.384413e+002  0.000000e+000
      vertex  6.155872e+001 -1.380454e+002  0.000000e+000
    endloop
  endfacet
  facet normal  0.000000e+000  0.000000e+000 -1.000000e+000
    outer loop
      vertex  1.100000e+002 -1.350000e+002  0.000000e+000
      vertex  6.155872e+001 -1.380454e+002  0.000000e+000
      vertex  6.108471e+001 -1.377476e+002  0.000000e+000
    endloop
  endfacet
  facet normal  0.000000e+000  0.000000e+000 -1.000000e+000
    outer loop
      vertex  1.100000e+002 -1.350000e+002  0.000000e+000
      vertex  6.108471e+001 -1.377476e+002  0.000000e+000
      vertex  6.055630e+001 -1.375627e+002  0.000000e+000
    endloop
  endfacet
  facet normal  0.000000e+000  0.000000e+000 -9.999999e-001
    outer loop
      vertex  1.100000e+002 -1.350000e+002  0.000000e+000
      vertex  6.055630e+001 -1.375627e+002  0.000000e+000
      vertex  6.000000e+001 -1.375000e+002  0.000000e+000
    endloop
  endfacet
  facet normal  -0.000000e+000  0.000000e+000 -1.000000e+000
    outer loop
      vertex  1.100000e+002 -1.350000e+002  0.000000e+000
      vertex  6.000000e+001 -1.375000e+002  0.000000e+000
      vertex  1.243732e+001 -1.394437e+002  0.000000e+000
    endloop
  endfacet
  facet normal  0.000000e+000  0.000000e+000 -1.000000e+000
    outer loop
      vertex  1.100000e+002 -1.350000e+002  0.000000e+000
      vertex  1.243732e+001 -1.394437e+002  0.000000e+000
      vertex  1.225242e+001 -1.389153e+002  0.000000e+000
    endloop
  endfacet
  facet normal  0.000000e+000  0.000000e+000 -1.000000e+000
    outer loop
      vertex  1.100000e+002 -1.350000e+002  0.000000e+000
      vertex  1.225242e+001 -1.389153e+002  0.000000e+000
      vertex  1.195458e+001 -1.384413e+002  0.000000e+000
    endloop
  endfacet
  facet normal  0.000000e+000  0.000000e+000 -1.000000e+000
    outer loop
      vertex  1.100000e+002 -1.350000e+002  0.000000e+000
      vertex  1.195458e+001 -1.384413e+002  0.000000e+000
      vertex  1.155872e+001 -1.380454e+002  0.000000e+000
    endloop
  endfacet
  facet normal  0.000000e+000  0.000000e+000 -1.000000e+000
    outer loop
      vertex  1.100000e+002 -1.350000e+002  0.000000e+000
      vertex  1.155872e+001 -1.380454e+002  0.000000e+000
      vertex  1.108471e+001 -1.377476e+002  0.000000e+000
    endloop
  endfacet
  facet normal  0.000000e+000  0.000000e+000 -1.000000e+000
    outer loop
      vertex  1.100000e+002 -1.350000e+002  0.000000e+000
      vertex  1.108471e+001 -1.377476e+002  0.000000e+000
      vertex  1.055630e+001 -1.375627e+002  0.000000e+000
    endloop
  endfacet
  facet normal  0.000000e+000  0.000000e+000 -1.000000e+000
    outer loop
      vertex  1.100000e+002 -1.350000e+002  0.000000e+000
      vertex  1.055630e+001 -1.375627e+002  0.000000e+000
      vertex  1.000000e+001 -1.375000e+002  0.000000e+000
    endloop
  endfacet
  facet normal  -0.000000e+000  0.000000e+000 -1.000000e+000
    outer loop
      vertex  1.100000e+002 -1.350000e+002  0.000000e+000
      vertex  1.000000e+001 -1.375000e+002  0.000000e+000
      vertex -3.804542e+001 -1.384413e+002  0.000000e+000
    endloop
  endfacet
  facet normal  0.000000e+000  0.000000e+000 -9.999999e-001
    outer loop
      vertex  1.100000e+002 -1.350000e+002  0.000000e+000
      vertex -3.804542e+001 -1.384413e+002  0.000000e+000
      vertex -3.844128e+001 -1.380454e+002  0.000000e+000
    endloop
  endfacet
  facet normal  0.000000e+000  0.000000e+000 -1.000000e+000
    outer loop
      vertex  1.100000e+002 -1.350000e+002  0.000000e+000
      vertex -3.844128e+001 -1.380454e+002  0.000000e+000
      vertex -3.891529e+001 -1.377476e+002  0.000000e+000
    endloop
  endfacet
  facet normal  0.000000e+000  0.000000e+000 -1.000000e+000
    outer loop
      vertex  1.100000e+002 -1.350000e+002  0.000000e+000
      vertex -3.891529e+001 -1.377476e+002  0.000000e+000
      vertex -3.944370e+001 -1.375627e+002  0.000000e+000
    endloop
  endfacet
  facet normal  0.000000e+000  0.000000e+000 -1.000000e+000
    outer loop
      vertex  1.100000e+002 -1.350000e+002  0.000000e+000
      vertex -3.944370e+001 -1.375627e+002  0.000000e+000
      vertex -4.000000e+001 -1.375000e+002  0.000000e+000
    endloop
  endfacet
  facet normal  -0.000000e+000  0.000000e+000 -1.000000e+000
    outer loop
      vertex  1.100000e+002 -1.350000e+002  0.000000e+000
      vertex -4.000000e+001 -1.375000e+002  0.000000e+000
      vertex -6.891529e+001 -1.377476e+002  0.000000e+000
    endloop
  endfacet
  facet normal  0.000000e+000  0.000000e+000 -9.999999e-001
    outer loop
      vertex  1.100000e+002 -1.350000e+002  0.000000e+000
      vertex -6.891529e+001 -1.377476e+002  0.000000e+000
      vertex -6.944370e+001 -1.375627e+002  0.000000e+000
    endloop
  endfacet
  facet normal  0.000000e+000  0.000000e+000 -1.000000e+000
    outer loop
      vertex  1.100000e+002 -1.350000e+002  0.000000e+000
      vertex -6.944370e+001 -1.375627e+002  0.000000e+000
      vertex -7.000000e+001 -1.375000e+002  0.000000e+000
    endloop
  endfacet
  facet normal  -0.000000e+000  0.000000e+000 -1.000000e+000
    outer loop
      vertex  1.000000e+001 -1.375000e+002  0.000000e+000
      vertex  9.443698e+000 -1.375627e+002  0.000000e+000
      vertex -3.750000e+001 -1.400000e+002  0.000000e+000
    endloop
  endfacet
  facet normal  0.000000e+000  0.000000e+000 -1.000000e+000
    outer loop
      vertex  1.000000e+001 -1.375000e+002  0.000000e+000
      vertex -3.750000e+001 -1.400000e+002  0.000000e+000
      vertex -3.756268e+001 -1.394437e+002  0.000000e+000
    endloop
  endfacet
  facet normal  0.000000e+000  0.000000e+000 -1.000000e+000
    outer loop
      vertex  1.000000e+001 -1.375000e+002  0.000000e+000
      vertex -3.756268e+001 -1.394437e+002  0.000000e+000
      vertex -3.774758e+001 -1.389153e+002  0.000000e+000
    endloop
  endfacet
  facet normal  0.000000e+000  0.000000e+000 -1.000000e+000
    outer loop
      vertex  1.000000e+001 -1.375000e+002  0.000000e+000
      vertex -3.774758e+001 -1.389153e+002  0.000000e+000
      vertex -3.804542e+001 -1.384413e+002  0.000000e+000
    endloop
  endfacet
  facet normal  -0.000000e+000  0.000000e+000 -1.000000e+000
    outer loop
      vertex -4.000000e+001 -1.375000e+002  0.000000e+000
      vertex -4.055630e+001 -1.375627e+002  0.000000e+000
      vertex -6.750000e+001 -1.400000e+002  0.000000e+000
    endloop
  endfacet
  facet normal  0.000000e+000  0.000000e+000 -1.000000e+000
    outer loop
      vertex -4.000000e+001 -1.375000e+002  0.000000e+000
      vertex -6.750000e+001 -1.400000e+002  0.000000e+000
      vertex -6.756268e+001 -1.394437e+002  0.000000e+000
    endloop
  endfacet
  facet normal  0.000000e+000  0.000000e+000 -1.000000e+000
    outer loop
      vertex -4.000000e+001 -1.375000e+002  0.000000e+000
      vertex -6.756268e+001 -1.394437e+002  0.000000e+000
      vertex -6.774758e+001 -1.389153e+002  0.000000e+000
    endloop
  endfacet
  facet normal  0.000000e+000  0.000000e+000 -1.000000e+000
    outer loop
      vertex -4.000000e+001 -1.375000e+002  0.000000e+000
      vertex -6.774758e+001 -1.389153e+002  0.000000e+000
      vertex -6.804542e+001 -1.384413e+002  0.000000e+000
    endloop
  endfacet
  facet normal  0.000000e+000  0.000000e+000 -9.999999e-001
    outer loop
      vertex -4.000000e+001 -1.375000e+002  0.000000e+000
      vertex -6.804542e+001 -1.384413e+002  0.000000e+000
      vertex -6.844128e+001 -1.380454e+002  0.000000e+000
    endloop
  endfacet
  facet normal  0.000000e+000  0.000000e+000 -1.000000e+000
    outer loop
      vertex -4.000000e+001 -1.375000e+002  0.000000e+000
      vertex -6.844128e+001 -1.380454e+002  0.000000e+000
      vertex -6.891529e+001 -1.377476e+002  0.000000e+000
    endloop
  endfacet
  facet normal -3.643809e-017  2.623542e-015 -9.999999e-001
    outer loop
      vertex -8.500000e+001 -1.350000e+002  7.105427e-015
      vertex  1.100000e+002 -1.350000e+002  0.000000e+000
      vertex -7.000000e+001 -1.375000e+002  0.000000e+000
    endloop
  endfacet
  facet normal -1.910719e-016  1.695740e-015 -1.000000e+000
    outer loop
      vertex -8.500000e+001 -1.350000e+002  7.105427e-015
      vertex -7.000000e+001 -1.375000e+002  0.000000e+000
      vertex -7.055630e+001 -1.375627e+002  0.000000e+000
    endloop
  endfacet
  facet normal -3.264214e-016  9.328883e-016 -1.000000e+000
    outer loop
      vertex -8.500000e+001 -1.350000e+002  7.105427e-015
      vertex -7.055630e+001 -1.375627e+002  0.000000e+000
      vertex -7.108471e+001 -1.377476e+002  0.000000e+000
    endloop
  endfacet
  facet normal -3.885316e-016  6.183265e-016 -1.000000e+000
    outer loop
      vertex -8.500000e+001 -1.350000e+002  7.105427e-015
      vertex -7.108471e+001 -1.377476e+002  0.000000e+000
      vertex -7.155872e+001 -1.380454e+002  0.000000e+000
    endloop
  endfacet
  facet normal -4.309762e-016  4.309929e-016 -1.000000e+000
    outer loop
      vertex -8.500000e+001 -1.350000e+002  7.105427e-015
      vertex -7.155872e+001 -1.380454e+002  0.000000e+000
      vertex -7.195458e+001 -1.384413e+002  0.000000e+000
    endloop
  endfacet
  facet normal -4.672268e-016  2.935715e-016 -9.999999e-001
    outer loop
      vertex -8.500000e+001 -1.350000e+002  7.105427e-015
      vertex -7.195458e+001 -1.384413e+002  0.000000e+000
      vertex -7.225242e+001 -1.389153e+002  0.000000e+000
    endloop
  endfacet
  facet normal -5.033031e-016  1.761125e-016 -1.000000e+000
    outer loop
      vertex -8.500000e+001 -1.350000e+002  7.105427e-015
      vertex -7.225242e+001 -1.389153e+002  0.000000e+000
      vertex -7.243732e+001 -1.394437e+002  0.000000e+000
    endloop
  endfacet
  facet normal -5.439191e-016  6.128751e-017 -9.999999e-001
    outer loop
      vertex -8.500000e+001 -1.350000e+002  7.105427e-015
      vertex -7.243732e+001 -1.394437e+002  0.000000e+000
      vertex -7.250000e+001 -1.400000e+002  0.000000e+000
    endloop
  endfacet
  facet normal  0.000000e+000  0.000000e+000 -1.000000e+000
    outer loop
      vertex -8.500000e+001  1.868663e-021  0.000000e+000
      vertex -8.750000e+001 -3.000000e+001  0.000000e+000
      vertex -8.756268e+001 -2.944370e+001  0.000000e+000
    endloop
  endfacet
  facet normal  0.000000e+000  0.000000e+000 -1.000000e+000
    outer loop
      vertex -8.500000e+001  1.868663e-021  0.000000e+000
      vertex -8.756268e+001 -2.944370e+001  0.000000e+000
      vertex -8.774758e+001 -2.891529e+001  0.000000e+000
    endloop
  endfacet
  facet normal  0.000000e+000  0.000000e+000 -1.000000e+000
    outer loop
      vertex -8.500000e+001  1.868663e-021  0.000000e+000
      vertex -8.774758e+001 -2.891529e+001  0.000000e+000
      vertex -8.804542e+001 -2.844127e+001  0.000000e+000
    endloop
  endfacet
  facet normal  0.000000e+000  0.000000e+000 -1.000000e+000
    outer loop
      vertex -8.500000e+001  1.868663e-021  0.000000e+000
      vertex -8.804542e+001 -2.844127e+001  0.000000e+000
      vertex -8.844128e+001 -2.804542e+001  0.000000e+000
    endloop
  endfacet
  facet normal  0.000000e+000  0.000000e+000 -1.000000e+000
    outer loop
      vertex -8.500000e+001  1.868663e-021  0.000000e+000
      vertex -8.844128e+001 -2.804542e+001  0.000000e+000
      vertex -8.891529e+001 -2.774758e+001  0.000000e+000
    endloop
  endfacet
  facet normal  0.000000e+000  0.000000e+000 -9.999999e-001
    outer loop
      vertex -8.500000e+001  1.868663e-021  0.000000e+000
      vertex -8.891529e+001 -2.774758e+001  0.000000e+000
      vertex -8.944370e+001 -2.756268e+001  0.000000e+000
    endloop
  endfacet
  facet normal  0.000000e+000  0.000000e+000 -9.999999e-001
    outer loop
      vertex -8.500000e+001  1.868663e-021  0.000000e+000
      vertex -8.944370e+001 -2.756268e+001  0.000000e+000
      vertex -9.000000e+001 -2.750000e+001  0.000000e+000
    endloop
  endfacet
  facet normal  -0.000000e+000  0.000000e+000 -1.000000e+000
    outer loop
      vertex -8.500000e+001  1.868663e-021  0.000000e+000
      vertex -9.000000e+001 -2.750000e+001  0.000000e+000
      vertex -9.055630e+001 -2.756268e+001  0.000000e+000
    endloop
  endfacet
  facet normal  -0.000000e+000  0.000000e+000 -1.000000e+000
    outer loop
      vertex -8.500000e+001  1.868663e-021  0.000000e+000
      vertex -9.055630e+001 -2.756268e+001  0.000000e+000
      vertex -9.108471e+001 -2.774758e+001  0.000000e+000
    endloop
  endfacet
  facet normal  -0.000000e+000  0.000000e+000 -1.000000e+000
    outer loop
      vertex -8.500000e+001  1.868663e-021  0.000000e+000
      vertex -9.108471e+001 -2.774758e+001  0.000000e+000
      vertex -9.155872e+001 -2.804542e+001  0.000000e+000
    endloop
  endfacet
  facet normal  -0.000000e+000  0.000000e+000 -1.000000e+000
    outer loop
      vertex -8.500000e+001  1.868663e-021  0.000000e+000
      vertex -9.155872e+001 -2.804542e+001  0.000000e+000
      vertex -9.195458e+001 -2.844127e+001  0.000000e+000
    endloop
  endfacet
  facet normal  -0.000000e+000  0.000000e+000 -1.000000e+000
    outer loop
      vertex -8.500000e+001  1.868663e-021  0.000000e+000
      vertex -9.195458e+001 -2.844127e+001  0.000000e+000
      vertex -9.225242e+001 -2.891529e+001  0.000000e+000
    endloop
  endfacet
  facet normal  -0.000000e+000  0.000000e+000 -9.999999e-001
    outer loop
      vertex -8.500000e+001  1.868663e-021  0.000000e+000
      vertex -9.225242e+001 -2.891529e+001  0.000000e+000
      vertex -9.243732e+001 -2.944370e+001  0.000000e+000
    endloop
  endfacet
  facet normal  0.000000e+000  0.000000e+000 -1.000000e+000
    outer loop
      vertex  5.891529e+001 -1.377476e+002  0.000000e+000
      vertex  1.250000e+001 -1.400000e+002  0.000000e+000
      vertex  5.944370e+001 -1.375627e+002  0.000000e+000
    endloop
  endfacet
  facet normal  0.000000e+000  0.000000e+000 -1.000000e+000
    outer loop
      vertex  5.944370e+001 -1.375627e+002  0.000000e+000
      vertex  1.250000e+001 -1.400000e+002  0.000000e+000
      vertex  1.243732e+001 -1.394437e+002  0.000000e+000
    endloop
  endfacet
  facet normal  0.000000e+000  0.000000e+000 -1.000000e+000
    outer loop
      vertex  5.944370e+001 -1.375627e+002  0.000000e+000
      vertex  1.243732e+001 -1.394437e+002  0.000000e+000
      vertex  6.000000e+001 -1.375000e+002  0.000000e+000
    endloop
  endfacet
  facet normal  0.000000e+000  0.000000e+000 -1.000000e+000
    outer loop
      vertex -9.000000e+001 -8.250000e+001  0.000000e+000
      vertex -9.055630e+001 -1.275627e+002  0.000000e+000
      vertex -9.055630e+001 -8.243732e+001  0.000000e+000
    endloop
  endfacet
  facet normal  0.000000e+000  -0.000000e+000 -1.000000e+000
    outer loop
      vertex -9.055630e+001 -8.243732e+001  0.000000e+000
      vertex -9.055630e+001 -1.275627e+002  0.000000e+000
      vertex -9.108471e+001 -1.277476e+002  0.000000e+000
    endloop
  endfacet
  facet normal  0.000000e+000  0.000000e+000 -1.000000e+000
    outer loop
      vertex -9.055630e+001 -8.243732e+001  0.000000e+000
      vertex -9.108471e+001 -1.277476e+002  0.000000e+000
      vertex -9.108471e+001 -8.225242e+001  0.000000e+000
    endloop
  endfacet
  facet normal  0.000000e+000  -0.000000e+000 -1.000000e+000
    outer loop
      vertex -9.108471e+001 -8.225242e+001  0.000000e+000
      vertex -9.108471e+001 -1.277476e+002  0.000000e+000
      vertex -9.155872e+001 -1.280454e+002  0.000000e+000
    endloop
  endfacet
  facet normal  0.000000e+000  0.000000e+000 -1.000000e+000
    outer loop
      vertex -9.108471e+001 -8.225242e+001  0.000000e+000
      vertex -9.155872e+001 -1.280454e+002  0.000000e+000
      vertex -9.155872e+001 -8.195458e+001  0.000000e+000
    endloop
  endfacet
  facet normal  0.000000e+000  -0.000000e+000 -1.000000e+000
    outer loop
      vertex -9.155872e+001 -8.195458e+001  0.000000e+000
      vertex -9.155872e+001 -1.280454e+002  0.000000e+000
      vertex -9.195458e+001 -1.284413e+002  0.000000e+000
    endloop
  endfacet
  facet normal  0.000000e+000  0.000000e+000 -1.000000e+000
    outer loop
      vertex -9.155872e+001 -8.195458e+001  0.000000e+000
      vertex -9.195458e+001 -1.284413e+002  0.000000e+000
      vertex -9.195458e+001 -8.155872e+001  0.000000e+000
    endloop
  endfacet
  facet normal  0.000000e+000  -0.000000e+000 -1.000000e+000
    outer loop
      vertex -9.195458e+001 -8.155872e+001  0.000000e+000
      vertex -9.195458e+001 -1.284413e+002  0.000000e+000
      vertex -9.225242e+001 -1.289153e+002  0.000000e+000
    endloop
  endfacet
  facet normal  0.000000e+000  0.000000e+000 -1.000000e+000
    outer loop
      vertex -9.195458e+001 -8.155872e+001  0.000000e+000
      vertex -9.225242e+001 -1.289153e+002  0.000000e+000
      vertex -9.225242e+001 -8.108471e+001  0.000000e+000
    endloop
  endfacet
  facet normal  0.000000e+000  -0.000000e+000 -1.000000e+000
    outer loop
      vertex -9.225242e+001 -8.108471e+001  0.000000e+000
      vertex -9.225242e+001 -1.289153e+002  0.000000e+000
      vertex -9.243732e+001 -1.294437e+002  0.000000e+000
    endloop
  endfacet
  facet normal  0.000000e+000  0.000000e+000 -1.000000e+000
    outer loop
      vertex -9.225242e+001 -8.108471e+001  0.000000e+000
      vertex -9.243732e+001 -1.294437e+002  0.000000e+000
      vertex -9.243732e+001 -8.055630e+001  0.000000e+000
    endloop
  endfacet
  facet normal  0.000000e+000  -0.000000e+000 -9.999999e-001
    outer loop
      vertex -9.243732e+001 -8.055630e+001  0.000000e+000
      vertex -9.243732e+001 -1.294437e+002  0.000000e+000
      vertex -9.250000e+001 -1.300000e+002  0.000000e+000
    endloop
  endfacet
  facet normal  0.000000e+000  0.000000e+000 -1.000000e+000
    outer loop
      vertex -9.243732e+001 -8.055630e+001  0.000000e+000
      vertex -9.250000e+001 -1.300000e+002  0.000000e+000
      vertex -9.250000e+001 -8.000000e+001  0.000000e+000
    endloop
  endfacet
  facet normal  0.000000e+000  -0.000000e+000 -1.000000e+000
    outer loop
      vertex -9.055630e+001 -1.275627e+002  0.000000e+000
      vertex -9.000000e+001 -8.250000e+001  0.000000e+000
      vertex -9.000000e+001 -1.275000e+002  0.000000e+000
    endloop
  endfacet
  facet normal  0.000000e+000  0.000000e+000 -1.000000e+000
    outer loop
      vertex -9.000000e+001 -1.275000e+002  0.000000e+000
      vertex -9.000000e+001 -8.250000e+001  0.000000e+000
      vertex -8.944370e+001 -8.243732e+001  0.000000e+000
    endloop
  endfacet
  facet normal  0.000000e+000  -0.000000e+000 -1.000000e+000
    outer loop
      vertex -9.000000e+001 -1.275000e+002  0.000000e+000
      vertex -8.944370e+001 -8.243732e+001  0.000000e+000
      vertex -8.944370e+001 -1.275627e+002  0.000000e+000
    endloop
  endfacet
  facet normal  0.000000e+000  0.000000e+000 -1.000000e+000
    outer loop
      vertex -8.944370e+001 -1.275627e+002  0.000000e+000
      vertex -8.944370e+001 -8.243732e+001  0.000000e+000
      vertex -8.891529e+001 -8.225242e+001  0.000000e+000
    endloop
  endfacet
  facet normal  0.000000e+000  -0.000000e+000 -1.000000e+000
    outer loop
      vertex -8.944370e+001 -1.275627e+002  0.000000e+000
      vertex -8.891529e+001 -8.225242e+001  0.000000e+000
      vertex -8.891529e+001 -1.277476e+002  0.000000e+000
    endloop
  endfacet
  facet normal  0.000000e+000  0.000000e+000 -1.000000e+000
    outer loop
      vertex -8.891529e+001 -1.277476e+002  0.000000e+000
      vertex -8.891529e+001 -8.225242e+001  0.000000e+000
      vertex -8.844128e+001 -8.195458e+001  0.000000e+000
    endloop
  endfacet
  facet normal  0.000000e+000  -0.000000e+000 -1.000000e+000
    outer loop
      vertex -8.891529e+001 -1.277476e+002  0.000000e+000
      vertex -8.844128e+001 -8.195458e+001  0.000000e+000
      vertex -8.844128e+001 -1.280454e+002  0.000000e+000
    endloop
  endfacet
  facet normal  0.000000e+000  0.000000e+000 -1.000000e+000
    outer loop
      vertex -8.844128e+001 -1.280454e+002  0.000000e+000
      vertex -8.844128e+001 -8.195458e+001  0.000000e+000
      vertex -8.804542e+001 -8.155872e+001  0.000000e+000
    endloop
  endfacet
  facet normal  0.000000e+000  -0.000000e+000 -1.000000e+000
    outer loop
      vertex -8.844128e+001 -1.280454e+002  0.000000e+000
      vertex -8.804542e+001 -8.155872e+001  0.000000e+000
      vertex -8.804542e+001 -1.284413e+002  0.000000e+000
    endloop
  endfacet
  facet normal  0.000000e+000  0.000000e+000 -1.000000e+000
    outer loop
      vertex -8.804542e+001 -1.284413e+002  0.000000e+000
      vertex -8.804542e+001 -8.155872e+001  0.000000e+000
      vertex -8.774758e+001 -8.108471e+001  0.000000e+000
    endloop
  endfacet
  facet normal  0.000000e+000  -0.000000e+000 -1.000000e+000
    outer loop
      vertex -8.804542e+001 -1.284413e+002  0.000000e+000
      vertex -8.774758e+001 -8.108471e+001  0.000000e+000
      vertex -8.774758e+001 -1.289153e+002  0.000000e+000
    endloop
  endfacet
  facet normal  0.000000e+000  0.000000e+000 -1.000000e+000
    outer loop
      vertex -8.774758e+001 -1.289153e+002  0.000000e+000
      vertex -8.774758e+001 -8.108471e+001  0.000000e+000
      vertex -8.756268e+001 -8.055630e+001  0.000000e+000
    endloop
  endfacet
  facet normal  0.000000e+000  -0.000000e+000 -1.000000e+000
    outer loop
      vertex -8.774758e+001 -1.289153e+002  0.000000e+000
      vertex -8.756268e+001 -8.055630e+001  0.000000e+000
      vertex -8.756268e+001 -1.294437e+002  0.000000e+000
    endloop
  endfacet
  facet normal  0.000000e+000  0.000000e+000 -9.999999e-001
    outer loop
      vertex -8.756268e+001 -1.294437e+002  0.000000e+000
      vertex -8.756268e+001 -8.055630e+001  0.000000e+000
      vertex -8.750000e+001 -8.000000e+001  0.000000e+000
    endloop
  endfacet
  facet normal  0.000000e+000  -0.000000e+000 -1.000000e+000
    outer loop
      vertex -8.756268e+001 -1.294437e+002  0.000000e+000
      vertex -8.750000e+001 -8.000000e+001  0.000000e+000
      vertex -8.750000e+001 -1.300000e+002  0.000000e+000
    endloop
  endfacet
  facet normal  0.000000e+000  0.000000e+000 -1.000000e+000
    outer loop
      vertex -9.000000e+001 -3.250000e+001  0.000000e+000
      vertex -9.055630e+001 -7.756268e+001  0.000000e+000
      vertex -9.055630e+001 -3.243732e+001  0.000000e+000
    endloop
  endfacet
  facet normal  0.000000e+000  -0.000000e+000 -1.000000e+000
    outer loop
      vertex -9.055630e+001 -3.243732e+001  0.000000e+000
      vertex -9.055630e+001 -7.756268e+001  0.000000e+000
      vertex -9.108471e+001 -7.774758e+001  0.000000e+000
    endloop
  endfacet
  facet normal  0.000000e+000  0.000000e+000 -1.000000e+000
    outer loop
      vertex -9.055630e+001 -3.243732e+001  0.000000e+000
      vertex -9.108471e+001 -7.774758e+001  0.000000e+000
      vertex -9.108471e+001 -3.225242e+001  0.000000e+000
    endloop
  endfacet
  facet normal  0.000000e+000  -0.000000e+000 -1.000000e+000
    outer loop
      vertex -9.108471e+001 -3.225242e+001  0.000000e+000
      vertex -9.108471e+001 -7.774758e+001  0.000000e+000
      vertex -9.155872e+001 -7.804542e+001  0.000000e+000
    endloop
  endfacet
  facet normal  0.000000e+000  0.000000e+000 -1.000000e+000
    outer loop
      vertex -9.108471e+001 -3.225242e+001  0.000000e+000
      vertex -9.155872e+001 -7.804542e+001  0.000000e+000
      vertex -9.155872e+001 -3.195458e+001  0.000000e+000
    endloop
  endfacet
  facet normal  0.000000e+000  -0.000000e+000 -1.000000e+000
    outer loop
      vertex -9.155872e+001 -3.195458e+001  0.000000e+000
      vertex -9.155872e+001 -7.804542e+001  0.000000e+000
      vertex -9.195458e+001 -7.844128e+001  0.000000e+000
    endloop
  endfacet
  facet normal  0.000000e+000  0.000000e+000 -1.000000e+000
    outer loop
      vertex -9.155872e+001 -3.195458e+001  0.000000e+000
      vertex -9.195458e+001 -7.844128e+001  0.000000e+000
      vertex -9.195458e+001 -3.155873e+001  0.000000e+000
    endloop
  endfacet
  facet normal  0.000000e+000  -0.000000e+000 -1.000000e+000
    outer loop
      vertex -9.195458e+001 -3.155873e+001  0.000000e+000
      vertex -9.195458e+001 -7.844128e+001  0.000000e+000
      vertex -9.225242e+001 -7.891529e+001  0.000000e+000
    endloop
  endfacet
  facet normal  0.000000e+000  0.000000e+000 -1.000000e+000
    outer loop
      vertex -9.195458e+001 -3.155873e+001  0.000000e+000
      vertex -9.225242e+001 -7.891529e+001  0.000000e+000
      vertex -9.225242e+001 -3.108471e+001  0.000000e+000
    endloop
  endfacet
  facet normal  0.000000e+000  -0.000000e+000 -1.000000e+000
    outer loop
      vertex -9.225242e+001 -3.108471e+001  0.000000e+000
      vertex -9.225242e+001 -7.891529e+001  0.000000e+000
      vertex -9.243732e+001 -7.944370e+001  0.000000e+000
    endloop
  endfacet
  facet normal  0.000000e+000  0.000000e+000 -1.000000e+000
    outer loop
      vertex -9.225242e+001 -3.108471e+001  0.000000e+000
      vertex -9.243732e+001 -7.944370e+001  0.000000e+000
      vertex -9.243732e+001 -3.055630e+001  0.000000e+000
    endloop
  endfacet
  facet normal  0.000000e+000  -0.000000e+000 -9.999999e-001
    outer loop
      vertex -9.243732e+001 -3.055630e+001  0.000000e+000
      vertex -9.243732e+001 -7.944370e+001  0.000000e+000
      vertex -9.250000e+001 -8.000000e+001  0.000000e+000
    endloop
  endfacet
  facet normal  0.000000e+000  0.000000e+000 -1.000000e+000
    outer loop
      vertex -9.243732e+001 -3.055630e+001  0.000000e+000
      vertex -9.250000e+001 -8.000000e+001  0.000000e+000
      vertex -9.250000e+001 -3.000000e+001  0.000000e+000
    endloop
  endfacet
  facet normal  0.000000e+000  -0.000000e+000 -1.000000e+000
    outer loop
      vertex -9.055630e+001 -7.756268e+001  0.000000e+000
      vertex -9.000000e+001 -3.250000e+001  0.000000e+000
      vertex -9.000000e+001 -7.750000e+001  0.000000e+000
    endloop
  endfacet
  facet normal  0.000000e+000  0.000000e+000 -1.000000e+000
    outer loop
      vertex -9.000000e+001 -7.750000e+001  0.000000e+000
      vertex -9.000000e+001 -3.250000e+001  0.000000e+000
      vertex -8.944370e+001 -3.243732e+001  0.000000e+000
    endloop
  endfacet
  facet normal  0.000000e+000  -0.000000e+000 -1.000000e+000
    outer loop
      vertex -9.000000e+001 -7.750000e+001  0.000000e+000
      vertex -8.944370e+001 -3.243732e+001  0.000000e+000
      vertex -8.944370e+001 -7.756268e+001  0.000000e+000
    endloop
  endfacet
  facet normal  0.000000e+000  0.000000e+000 -1.000000e+000
    outer loop
      vertex -8.944370e+001 -7.756268e+001  0.000000e+000
      vertex -8.944370e+001 -3.243732e+001  0.000000e+000
      vertex -8.891529e+001 -3.225242e+001  0.000000e+000
    endloop
  endfacet
  facet normal  0.000000e+000  -0.000000e+000 -1.000000e+000
    outer loop
      vertex -8.944370e+001 -7.756268e+001  0.000000e+000
      vertex -8.891529e+001 -3.225242e+001  0.000000e+000
      vertex -8.891529e+001 -7.774758e+001  0.000000e+000
    endloop
  endfacet
  facet normal  0.000000e+000  0.000000e+000 -1.000000e+000
    outer loop
      vertex -8.891529e+001 -7.774758e+001  0.000000e+000
      vertex -8.891529e+001 -3.225242e+001  0.000000e+000
      vertex -8.844128e+001 -3.195458e+001  0.000000e+000
    endloop
  endfacet
  facet normal  0.000000e+000  -0.000000e+000 -1.000000e+000
    outer loop
      vertex -8.891529e+001 -7.774758e+001  0.000000e+000
      vertex -8.844128e+001 -3.195458e+001  0.000000e+000
      vertex -8.844128e+001 -7.804542e+001  0.000000e+000
    endloop
  endfacet
  facet normal  0.000000e+000  0.000000e+000 -1.000000e+000
    outer loop
      vertex -8.844128e+001 -7.804542e+001  0.000000e+000
      vertex -8.844128e+001 -3.195458e+001  0.000000e+000
      vertex -8.804542e+001 -3.155873e+001  0.000000e+000
    endloop
  endfacet
  facet normal  0.000000e+000  -0.000000e+000 -1.000000e+000
    outer loop
      vertex -8.844128e+001 -7.804542e+001  0.000000e+000
      vertex -8.804542e+001 -3.155873e+001  0.000000e+000
      vertex -8.804542e+001 -7.844128e+001  0.000000e+000
    endloop
  endfacet
  facet normal  0.000000e+000  0.000000e+000 -1.000000e+000
    outer loop
      vertex -8.804542e+001 -7.844128e+001  0.000000e+000
      vertex -8.804542e+001 -3.155873e+001  0.000000e+000
      vertex -8.774758e+001 -3.108471e+001  0.000000e+000
    endloop
  endfacet
  facet normal  0.000000e+000  -0.000000e+000 -1.000000e+000
    outer loop
      vertex -8.804542e+001 -7.844128e+001  0.000000e+000
      vertex -8.774758e+001 -3.108471e+001  0.000000e+000
      vertex -8.774758e+001 -7.891529e+001  0.000000e+000
    endloop
  endfacet
  facet normal  0.000000e+000  0.000000e+000 -1.000000e+000
    outer loop
      vertex -8.774758e+001 -7.891529e+001  0.000000e+000
      vertex -8.774758e+001 -3.108471e+001  0.000000e+000
      vertex -8.756268e+001 -3.055630e+001  0.000000e+000
    endloop
  endfacet
  facet normal  0.000000e+000  -0.000000e+000 -1.000000e+000
    outer loop
      vertex -8.774758e+001 -7.891529e+001  0.000000e+000
      vertex -8.756268e+001 -3.055630e+001  0.000000e+000
      vertex -8.756268e+001 -7.944370e+001  0.000000e+000
    endloop
  endfacet
  facet normal  0.000000e+000  0.000000e+000 -9.999999e-001
    outer loop
      vertex -8.756268e+001 -7.944370e+001  0.000000e+000
      vertex -8.756268e+001 -3.055630e+001  0.000000e+000
      vertex -8.750000e+001 -3.000000e+001  0.000000e+000
    endloop
  endfacet
  facet normal  0.000000e+000  -0.000000e+000 -1.000000e+000
    outer loop
      vertex -8.756268e+001 -7.944370e+001  0.000000e+000
      vertex -8.750000e+001 -3.000000e+001  0.000000e+000
      vertex -8.750000e+001 -8.000000e+001  0.000000e+000
    endloop
  endfacet
  facet normal  1.000000e+000  0.000000e+000  0.000000e+000
    outer loop
      vertex -9.600000e+001 -1.280000e+002  7.300000e+001
      vertex -9.600000e+001 -1.300000e+002  5.000000e+001
      vertex -9.600000e+001 -1.289392e+002  5.342260e+001
    endloop
  endfacet
  facet normal  1.000000e+000  0.000000e+000  0.000000e+000
    outer loop
      vertex -9.600000e+001 -1.280000e+002  7.300000e+001
      vertex -9.600000e+001 -1.289392e+002  5.342260e+001
      vertex -9.600000e+001 -1.287619e+002  5.381096e+001
    endloop
  endfacet
  facet normal  9.999999e-001  0.000000e+000  0.000000e+000
    outer loop
      vertex -9.600000e+001 -1.280000e+002  7.300000e+001
      vertex -9.600000e+001 -1.287619e+002  5.381096e+001
      vertex -9.600000e+001 -1.284823e+002  5.413363e+001
    endloop
  endfacet
  facet normal  1.000000e+000  0.000000e+000  0.000000e+000
    outer loop
      vertex -9.600000e+001 -1.280000e+002  7.300000e+001
      vertex -9.600000e+001 -1.284823e+002  5.413363e+001
      vertex -9.600000e+001 -1.281231e+002  5.436445e+001
    endloop
  endfacet
  facet normal  9.999999e-001  0.000000e+000  0.000000e+000
    outer loop
      vertex -9.600000e+001 -1.280000e+002  7.300000e+001
      vertex -9.600000e+001 -1.281231e+002  5.436445e+001
      vertex -9.600000e+001 -1.277135e+002  5.448473e+001
    endloop
  endfacet
  facet normal  1.000000e+000  0.000000e+000  -0.000000e+000
    outer loop
      vertex -9.600000e+001 -1.280000e+002  7.300000e+001
      vertex -9.600000e+001 -1.277135e+002  5.448473e+001
      vertex -9.600000e+001 -1.272865e+002  5.448473e+001
    endloop
  endfacet
  facet normal  1.000000e+000  -0.000000e+000  -0.000000e+000
    outer loop
      vertex -9.600000e+001 -1.280000e+002  7.300000e+001
      vertex -9.600000e+001 -1.272865e+002  5.448473e+001
      vertex -9.600000e+001  0.000000e+000  5.000000e+001
    endloop
  endfacet
  facet normal  1.000000e+000  0.000000e+000  0.000000e+000
    outer loop
      vertex -9.600000e+001 -1.280000e+002  7.300000e+001
      vertex -9.600000e+001  0.000000e+000  5.000000e+001
      vertex -9.600000e+001 -5.000000e+000  7.300000e+001
    endloop
  endfacet
  facet normal  1.000000e+000  0.000000e+000  0.000000e+000
    outer loop
      vertex -9.600000e+001 -1.300000e+002  5.000000e+001
      vertex -9.600000e+001  0.000000e+000  5.000000e+001
      vertex -9.600000e+001 -1.272865e+002  5.151527e+001
    endloop
  endfacet
  facet normal  1.000000e+000  0.000000e+000  0.000000e+000
    outer loop
      vertex -9.600000e+001 -1.300000e+002  5.000000e+001
      vertex -9.600000e+001 -1.272865e+002  5.151527e+001
      vertex -9.600000e+001 -1.277135e+002  5.151527e+001
    endloop
  endfacet
  facet normal  1.000000e+000  0.000000e+000  0.000000e+000
    outer loop
      vertex -9.600000e+001 -1.300000e+002  5.000000e+001
      vertex -9.600000e+001 -1.277135e+002  5.151527e+001
      vertex -9.600000e+001 -1.281231e+002  5.163555e+001
    endloop
  endfacet
  facet normal  1.000000e+000  0.000000e+000  0.000000e+000
    outer loop
      vertex -9.600000e+001 -1.300000e+002  5.000000e+001
      vertex -9.600000e+001 -1.281231e+002  5.163555e+001
      vertex -9.600000e+001 -1.284823e+002  5.186637e+001
    endloop
  endfacet
  facet normal  1.000000e+000  0.000000e+000  0.000000e+000
    outer loop
      vertex -9.600000e+001 -1.300000e+002  5.000000e+001
      vertex -9.600000e+001 -1.284823e+002  5.186637e+001
      vertex -9.600000e+001 -1.287619e+002  5.218904e+001
    endloop
  endfacet
  facet normal  1.000000e+000  0.000000e+000  0.000000e+000
    outer loop
      vertex -9.600000e+001 -1.300000e+002  5.000000e+001
      vertex -9.600000e+001 -1.287619e+002  5.218904e+001
      vertex -9.600000e+001 -1.289392e+002  5.257740e+001
    endloop
  endfacet
  facet normal  1.000000e+000  0.000000e+000  0.000000e+000
    outer loop
      vertex -9.600000e+001 -1.300000e+002  5.000000e+001
      vertex -9.600000e+001 -1.289392e+002  5.257740e+001
      vertex -9.600000e+001 -1.290000e+002  5.300000e+001
    endloop
  endfacet
  facet normal  1.000000e+000  0.000000e+000  -0.000000e+000
    outer loop
      vertex -9.600000e+001 -1.300000e+002  5.000000e+001
      vertex -9.600000e+001 -1.290000e+002  5.300000e+001
      vertex -9.600000e+001 -1.289392e+002  5.342260e+001
    endloop
  endfacet
  facet normal  1.000000e+000  0.000000e+000  0.000000e+000
    outer loop
      vertex -9.600000e+001 -1.300000e+002  1.000000e+002
      vertex -9.600000e+001 -1.300000e+002  5.000000e+001
      vertex -9.600000e+001 -1.290000e+002  9.600000e+001
    endloop
  endfacet
  facet normal  1.000000e+000  0.000000e+000  -0.000000e+000
    outer loop
      vertex -9.600000e+001 -1.300000e+002  1.000000e+002
      vertex -9.600000e+001 -1.290000e+002  9.600000e+001
      vertex -9.600000e+001 -1.289392e+002  9.642260e+001
    endloop
  endfacet
  facet normal  1.000000e+000  0.000000e+000  -0.000000e+000
    outer loop
      vertex -9.600000e+001 -1.300000e+002  1.000000e+002
      vertex -9.600000e+001 -1.289392e+002  9.642260e+001
      vertex -9.600000e+001 -1.287619e+002  9.681096e+001
    endloop
  endfacet
  facet normal  1.000000e+000  0.000000e+000  -0.000000e+000
    outer loop
      vertex -9.600000e+001 -1.300000e+002  1.000000e+002
      vertex -9.600000e+001 -1.287619e+002  9.681096e+001
      vertex -9.600000e+001 -1.284823e+002  9.713362e+001
    endloop
  endfacet
  facet normal  1.000000e+000  0.000000e+000  -0.000000e+000
    outer loop
      vertex -9.600000e+001 -1.300000e+002  1.000000e+002
      vertex -9.600000e+001 -1.284823e+002  9.713362e+001
      vertex -9.600000e+001 -1.281231e+002  9.736445e+001
    endloop
  endfacet
  facet normal  1.000000e+000  0.000000e+000  -0.000000e+000
    outer loop
      vertex -9.600000e+001 -1.300000e+002  1.000000e+002
      vertex -9.600000e+001 -1.281231e+002  9.736445e+001
      vertex -9.600000e+001 -1.277135e+002  9.748473e+001
    endloop
  endfacet
  facet normal  1.000000e+000  0.000000e+000  -0.000000e+000
    outer loop
      vertex -9.600000e+001 -1.300000e+002  1.000000e+002
      vertex -9.600000e+001 -1.277135e+002  9.748473e+001
      vertex -9.600000e+001 -1.272865e+002  9.748473e+001
    endloop
  endfacet
  facet normal  1.000000e+000  0.000000e+000  -0.000000e+000
    outer loop
      vertex -9.600000e+001 -1.300000e+002  1.000000e+002
      vertex -9.600000e+001 -1.272865e+002  9.748473e+001
      vertex -9.600000e+001  0.000000e+000  1.000000e+002
    endloop
  endfacet
  facet normal  1.000000e+000  0.000000e+000  -0.000000e+000
    outer loop
      vertex -9.600000e+001 -1.300000e+002  5.000000e+001
      vertex -9.600000e+001 -1.280000e+002  7.300000e+001
      vertex -9.600000e+001 -1.280000e+002  9.000000e+001
    endloop
  endfacet
  facet normal  1.000000e+000  0.000000e+000  0.000000e+000
    outer loop
      vertex -9.600000e+001 -1.300000e+002  5.000000e+001
      vertex -9.600000e+001 -1.280000e+002  9.000000e+001
      vertex -9.600000e+001 -1.281231e+002  9.463555e+001
    endloop
  endfacet
  facet normal  1.000000e+000  0.000000e+000  0.000000e+000
    outer loop
      vertex -9.600000e+001 -1.300000e+002  5.000000e+001
      vertex -9.600000e+001 -1.281231e+002  9.463555e+001
      vertex -9.600000e+001 -1.284823e+002  9.486638e+001
    endloop
  endfacet
  facet normal  1.000000e+000  0.000000e+000  0.000000e+000
    outer loop
      vertex -9.600000e+001 -1.300000e+002  5.000000e+001
      vertex -9.600000e+001 -1.284823e+002  9.486638e+001
      vertex -9.600000e+001 -1.287619e+002  9.518904e+001
    endloop
  endfacet
  facet normal  1.000000e+000  0.000000e+000  0.000000e+000
    outer loop
      vertex -9.600000e+001 -1.300000e+002  5.000000e+001
      vertex -9.600000e+001 -1.287619e+002  9.518904e+001
      vertex -9.600000e+001 -1.289392e+002  9.557740e+001
    endloop
  endfacet
  facet normal  1.000000e+000  0.000000e+000  0.000000e+000
    outer loop
      vertex -9.600000e+001 -1.300000e+002  5.000000e+001
      vertex -9.600000e+001 -1.289392e+002  9.557740e+001
      vertex -9.600000e+001 -1.290000e+002  9.600000e+001
    endloop
  endfacet
  facet normal  1.000000e+000  0.000000e+000  0.000000e+000
    outer loop
      vertex -9.600000e+001 -1.280000e+002  9.000000e+001
      vertex -9.600000e+001 -5.000000e+000  9.000000e+001
      vertex -9.600000e+001 -1.272865e+002  9.451527e+001
    endloop
  endfacet
  facet normal  1.000000e+000  0.000000e+000  0.000000e+000
    outer loop
      vertex -9.600000e+001 -1.280000e+002  9.000000e+001
      vertex -9.600000e+001 -1.272865e+002  9.451527e+001
      vertex -9.600000e+001 -1.277135e+002  9.451527e+001
    endloop
  endfacet
  facet normal  1.000000e+000  0.000000e+000  0.000000e+000
    outer loop
      vertex -9.600000e+001 -1.280000e+002  9.000000e+001
      vertex -9.600000e+001 -1.277135e+002  9.451527e+001
      vertex -9.600000e+001 -1.281231e+002  9.463555e+001
    endloop
  endfacet
  facet normal  1.000000e+000  0.000000e+000  0.000000e+000
    outer loop
      vertex -9.600000e+001  0.000000e+000  5.000000e+001
      vertex -9.600000e+001 -1.272865e+002  5.448473e+001
      vertex -9.600000e+001 -1.268769e+002  5.436445e+001
    endloop
  endfacet
  facet normal  1.000000e+000  0.000000e+000  0.000000e+000
    outer loop
      vertex -9.600000e+001  0.000000e+000  5.000000e+001
      vertex -9.600000e+001 -1.268769e+002  5.436445e+001
      vertex -9.600000e+001 -1.265177e+002  5.413363e+001
    endloop
  endfacet
  facet normal  9.999999e-001  0.000000e+000  0.000000e+000
    outer loop
      vertex -9.600000e+001  0.000000e+000  5.000000e+001
      vertex -9.600000e+001 -1.265177e+002  5.413363e+001
      vertex -9.600000e+001 -1.262381e+002  5.381096e+001
    endloop
  endfacet
  facet normal  1.000000e+000  0.000000e+000  0.000000e+000
    outer loop
      vertex -9.600000e+001  0.000000e+000  5.000000e+001
      vertex -9.600000e+001 -1.262381e+002  5.381096e+001
      vertex -9.600000e+001 -1.260608e+002  5.342260e+001
    endloop
  endfacet
  facet normal  1.000000e+000  0.000000e+000  0.000000e+000
    outer loop
      vertex -9.600000e+001  0.000000e+000  5.000000e+001
      vertex -9.600000e+001 -1.260608e+002  5.342260e+001
      vertex -9.600000e+001 -1.260000e+002  5.300000e+001
    endloop
  endfacet
  facet normal  1.000000e+000  0.000000e+000  0.000000e+000
    outer loop
      vertex -9.600000e+001  0.000000e+000  5.000000e+001
      vertex -9.600000e+001 -1.260000e+002  5.300000e+001
      vertex -9.600000e+001 -1.260608e+002  5.257740e+001
    endloop
  endfacet
  facet normal  1.000000e+000  0.000000e+000  0.000000e+000
    outer loop
      vertex -9.600000e+001  0.000000e+000  5.000000e+001
      vertex -9.600000e+001 -1.260608e+002  5.257740e+001
      vertex -9.600000e+001 -1.262381e+002  5.218904e+001
    endloop
  endfacet
  facet normal  9.999999e-001  0.000000e+000  0.000000e+000
    outer loop
      vertex -9.600000e+001  0.000000e+000  5.000000e+001
      vertex -9.600000e+001 -1.262381e+002  5.218904e+001
      vertex -9.600000e+001 -1.265177e+002  5.186637e+001
    endloop
  endfacet
  facet normal  1.000000e+000  0.000000e+000  0.000000e+000
    outer loop
      vertex -9.600000e+001  0.000000e+000  5.000000e+001
      vertex -9.600000e+001 -1.265177e+002  5.186637e+001
      vertex -9.600000e+001 -1.268769e+002  5.163555e+001
    endloop
  endfacet
  facet normal  9.999999e-001  0.000000e+000  0.000000e+000
    outer loop
      vertex -9.600000e+001  0.000000e+000  5.000000e+001
      vertex -9.600000e+001 -1.268769e+002  5.163555e+001
      vertex -9.600000e+001 -1.272865e+002  5.151527e+001
    endloop
  endfacet
  facet normal  1.000000e+000  -0.000000e+000  0.000000e+000
    outer loop
      vertex -9.600000e+001 -5.000000e+000  9.000000e+001
      vertex -9.600000e+001 -5.000000e+000  7.300000e+001
      vertex -9.600000e+001  0.000000e+000  5.000000e+001
    endloop
  endfacet
  facet normal  1.000000e+000  0.000000e+000  -0.000000e+000
    outer loop
      vertex -9.600000e+001 -5.000000e+000  9.000000e+001
      vertex -9.600000e+001  0.000000e+000  5.000000e+001
      vertex -9.600000e+001  0.000000e+000  1.000000e+002
    endloop
  endfacet
  facet normal  1.000000e+000  0.000000e+000  0.000000e+000
    outer loop
      vertex -9.600000e+001 -5.000000e+000  9.000000e+001
      vertex -9.600000e+001  0.000000e+000  1.000000e+002
      vertex -9.600000e+001 -1.272865e+002  9.748473e+001
    endloop
  endfacet
  facet normal  1.000000e+000  0.000000e+000  0.000000e+000
    outer loop
      vertex -9.600000e+001 -5.000000e+000  9.000000e+001
      vertex -9.600000e+001 -1.272865e+002  9.748473e+001
      vertex -9.600000e+001 -1.268769e+002  9.736445e+001
    endloop
  endfacet
  facet normal  1.000000e+000  0.000000e+000  0.000000e+000
    outer loop
      vertex -9.600000e+001 -5.000000e+000  9.000000e+001
      vertex -9.600000e+001 -1.268769e+002  9.736445e+001
      vertex -9.600000e+001 -1.265177e+002  9.713362e+001
    endloop
  endfacet
  facet normal  1.000000e+000  0.000000e+000  0.000000e+000
    outer loop
      vertex -9.600000e+001 -5.000000e+000  9.000000e+001
      vertex -9.600000e+001 -1.265177e+002  9.713362e+001
      vertex -9.600000e+001 -1.262381e+002  9.681096e+001
    endloop
  endfacet
  facet normal  1.000000e+000  0.000000e+000  0.000000e+000
    outer loop
      vertex -9.600000e+001 -5.000000e+000  9.000000e+001
      vertex -9.600000e+001 -1.262381e+002  9.681096e+001
      vertex -9.600000e+001 -1.260608e+002  9.642260e+001
    endloop
  endfacet
  facet normal  9.999999e-001  0.000000e+000  0.000000e+000
    outer loop
      vertex -9.600000e+001 -5.000000e+000  9.000000e+001
      vertex -9.600000e+001 -1.260608e+002  9.642260e+001
      vertex -9.600000e+001 -1.260000e+002  9.600000e+001
    endloop
  endfacet
  facet normal  9.999999e-001  0.000000e+000  0.000000e+000
    outer loop
      vertex -9.600000e+001 -5.000000e+000  9.000000e+001
      vertex -9.600000e+001 -1.260000e+002  9.600000e+001
      vertex -9.600000e+001 -1.260608e+002  9.557740e+001
    endloop
  endfacet
  facet normal  1.000000e+000  0.000000e+000  0.000000e+000
    outer loop
      vertex -9.600000e+001 -5.000000e+000  9.000000e+001
      vertex -9.600000e+001 -1.260608e+002  9.557740e+001
      vertex -9.600000e+001 -1.262381e+002  9.518904e+001
    endloop
  endfacet
  facet normal  1.000000e+000  0.000000e+000  0.000000e+000
    outer loop
      vertex -9.600000e+001 -5.000000e+000  9.000000e+001
      vertex -9.600000e+001 -1.262381e+002  9.518904e+001
      vertex -9.600000e+001 -1.265177e+002  9.486638e+001
    endloop
  endfacet
  facet normal  1.000000e+000  0.000000e+000  0.000000e+000
    outer loop
      vertex -9.600000e+001 -5.000000e+000  9.000000e+001
      vertex -9.600000e+001 -1.265177e+002  9.486638e+001
      vertex -9.600000e+001 -1.268769e+002  9.463555e+001
    endloop
  endfacet
  facet normal  1.000000e+000  0.000000e+000  0.000000e+000
    outer loop
      vertex -9.600000e+001 -5.000000e+000  9.000000e+001
      vertex -9.600000e+001 -1.268769e+002  9.463555e+001
      vertex -9.600000e+001 -1.272865e+002  9.451527e+001
    endloop
  endfacet
  facet normal  -0.000000e+000  0.000000e+000  1.000000e+000
    outer loop
      vertex -9.500000e+001  0.000000e+000  5.000000e+001
      vertex -9.600000e+001  0.000000e+000  5.000000e+001
      vertex -9.500000e+001 -1.300000e+002  5.000000e+001
    endloop
  endfacet
  facet normal  0.000000e+000  0.000000e+000  1.000000e+000
    outer loop
      vertex -9.500000e+001 -1.300000e+002  5.000000e+001
      vertex -9.600000e+001  0.000000e+000  5.000000e+001
      vertex -9.600000e+001 -1.300000e+002  5.000000e+001
    endloop
  endfacet
  facet normal  0.000000e+000  0.000000e+000 -1.000000e+000
    outer loop
      vertex -9.500000e+001 -1.300000e+002  1.000000e+002
      vertex -9.600000e+001 -1.300000e+002  1.000000e+002
      vertex -9.500000e+001  0.000000e+000  1.000000e+002
    endloop
  endfacet
  facet normal  -0.000000e+000  0.000000e+000 -1.000000e+000
    outer loop
      vertex -9.500000e+001  0.000000e+000  1.000000e+002
      vertex -9.600000e+001 -1.300000e+002  1.000000e+002
      vertex -9.600000e+001  0.000000e+000  1.000000e+002
    endloop
  endfacet
  facet normal -1.000000e+000  0.000000e+000  0.000000e+000
    outer loop
      vertex -1.100000e+002  5.000000e+000  0.000000e+000
      vertex -1.100000e+002 -1.650000e+002  0.000000e+000
      vertex -1.100000e+002 -1.277135e+002  5.151527e+001
    endloop
  endfacet
  facet normal -1.000000e+000  0.000000e+000  0.000000e+000
    outer loop
      vertex -1.100000e+002  5.000000e+000  0.000000e+000
      vertex -1.100000e+002 -1.277135e+002  5.151527e+001
      vertex -1.100000e+002 -1.272865e+002  5.151527e+001
    endloop
  endfacet
  facet normal -9.999999e-001  0.000000e+000  0.000000e+000
    outer loop
      vertex -1.100000e+002  5.000000e+000  0.000000e+000
      vertex -1.100000e+002 -1.272865e+002  5.151527e+001
      vertex -1.100000e+002 -1.268769e+002  5.163555e+001
    endloop
  endfacet
  facet normal -1.000000e+000  0.000000e+000  0.000000e+000
    outer loop
      vertex -1.100000e+002  5.000000e+000  0.000000e+000
      vertex -1.100000e+002 -1.268769e+002  5.163555e+001
      vertex -1.100000e+002 -1.265177e+002  5.186637e+001
    endloop
  endfacet
  facet normal -1.000000e+000  0.000000e+000  0.000000e+000
    outer loop
      vertex -1.100000e+002  5.000000e+000  0.000000e+000
      vertex -1.100000e+002 -1.265177e+002  5.186637e+001
      vertex -1.100000e+002 -1.262381e+002  5.218904e+001
    endloop
  endfacet
  facet normal -1.000000e+000  0.000000e+000  0.000000e+000
    outer loop
      vertex -1.100000e+002  5.000000e+000  0.000000e+000
      vertex -1.100000e+002 -1.262381e+002  5.218904e+001
      vertex -1.100000e+002 -1.260608e+002  5.257740e+001
    endloop
  endfacet
  facet normal -1.000000e+000  0.000000e+000  0.000000e+000
    outer loop
      vertex -1.100000e+002  5.000000e+000  0.000000e+000
      vertex -1.100000e+002 -1.260608e+002  5.257740e+001
      vertex -1.100000e+002 -1.260000e+002  5.300000e+001
    endloop
  endfacet
  facet normal -1.000000e+000  0.000000e+000  0.000000e+000
    outer loop
      vertex -1.100000e+002  5.000000e+000  0.000000e+000
      vertex -1.100000e+002 -1.260000e+002  5.300000e+001
      vertex -1.100000e+002 -1.260000e+002  9.600000e+001
    endloop
  endfacet
  facet normal -1.000000e+000  0.000000e+000  0.000000e+000
    outer loop
      vertex -1.100000e+002  5.000000e+000  0.000000e+000
      vertex -1.100000e+002 -1.260000e+002  9.600000e+001
      vertex -1.100000e+002  5.000000e+000  1.500000e+002
    endloop
  endfacet
  facet normal -1.000000e+000  0.000000e+000  0.000000e+000
    outer loop
      vertex -1.100000e+002 -1.650000e+002  0.000000e+000
      vertex -1.100000e+002 -1.650000e+002  1.500000e+002
      vertex -1.100000e+002 -1.290000e+002  9.600000e+001
    endloop
  endfacet
  facet normal -1.000000e+000  0.000000e+000  -0.000000e+000
    outer loop
      vertex -1.100000e+002 -1.650000e+002  0.000000e+000
      vertex -1.100000e+002 -1.290000e+002  9.600000e+001
      vertex -1.100000e+002 -1.290000e+002  5.300000e+001
    endloop
  endfacet
  facet normal -1.000000e+000  0.000000e+000  -0.000000e+000
    outer loop
      vertex -1.100000e+002 -1.650000e+002  0.000000e+000
      vertex -1.100000e+002 -1.290000e+002  5.300000e+001
      vertex -1.100000e+002 -1.289392e+002  5.257740e+001
    endloop
  endfacet
  facet normal -1.000000e+000  0.000000e+000  -0.000000e+000
    outer loop
      vertex -1.100000e+002 -1.650000e+002  0.000000e+000
      vertex -1.100000e+002 -1.289392e+002  5.257740e+001
      vertex -1.100000e+002 -1.287619e+002  5.218904e+001
    endloop
  endfacet
  facet normal -1.000000e+000  0.000000e+000  -0.000000e+000
    outer loop
      vertex -1.100000e+002 -1.650000e+002  0.000000e+000
      vertex -1.100000e+002 -1.287619e+002  5.218904e+001
      vertex -1.100000e+002 -1.284823e+002  5.186637e+001
    endloop
  endfacet
  facet normal -1.000000e+000  0.000000e+000  -0.000000e+000
    outer loop
      vertex -1.100000e+002 -1.650000e+002  0.000000e+000
      vertex -1.100000e+002 -1.284823e+002  5.186637e+001
      vertex -1.100000e+002 -1.281231e+002  5.163555e+001
    endloop
  endfacet
  facet normal -1.000000e+000  0.000000e+000  -0.000000e+000
    outer loop
      vertex -1.100000e+002 -1.650000e+002  0.000000e+000
      vertex -1.100000e+002 -1.281231e+002  5.163555e+001
      vertex -1.100000e+002 -1.277135e+002  5.151527e+001
    endloop
  endfacet
  facet normal -1.000000e+000  0.000000e+000  0.000000e+000
    outer loop
      vertex -1.100000e+002  5.000000e+000  1.500000e+002
      vertex -1.100000e+002 -1.260000e+002  9.600000e+001
      vertex -1.100000e+002 -1.260608e+002  9.642260e+001
    endloop
  endfacet
  facet normal -1.000000e+000  0.000000e+000  0.000000e+000
    outer loop
      vertex -1.100000e+002  5.000000e+000  1.500000e+002
      vertex -1.100000e+002 -1.260608e+002  9.642260e+001
      vertex -1.100000e+002 -1.262381e+002  9.681096e+001
    endloop
  endfacet
  facet normal -1.000000e+000  0.000000e+000  0.000000e+000
    outer loop
      vertex -1.100000e+002  5.000000e+000  1.500000e+002
      vertex -1.100000e+002 -1.262381e+002  9.681096e+001
      vertex -1.100000e+002 -1.265177e+002  9.713362e+001
    endloop
  endfacet
  facet normal -9.999999e-001  0.000000e+000  0.000000e+000
    outer loop
      vertex -1.100000e+002  5.000000e+000  1.500000e+002
      vertex -1.100000e+002 -1.265177e+002  9.713362e+001
      vertex -1.100000e+002 -1.268769e+002  9.736445e+001
    endloop
  endfacet
  facet normal -1.000000e+000  0.000000e+000  0.000000e+000
    outer loop
      vertex -1.100000e+002  5.000000e+000  1.500000e+002
      vertex -1.100000e+002 -1.268769e+002  9.736445e+001
      vertex -1.100000e+002 -1.272865e+002  9.748473e+001
    endloop
  endfacet
  facet normal -1.000000e+000  0.000000e+000  0.000000e+000
    outer loop
      vertex -1.100000e+002  5.000000e+000  1.500000e+002
      vertex -1.100000e+002 -1.272865e+002  9.748473e+001
      vertex -1.100000e+002 -1.277135e+002  9.748473e+001
    endloop
  endfacet
  facet normal -1.000000e+000  0.000000e+000  0.000000e+000
    outer loop
      vertex -1.100000e+002  5.000000e+000  1.500000e+002
      vertex -1.100000e+002 -1.277135e+002  9.748473e+001
      vertex -1.100000e+002 -1.650000e+002  1.500000e+002
    endloop
  endfacet
  facet normal -1.000000e+000  -0.000000e+000  0.000000e+000
    outer loop
      vertex -1.100000e+002 -1.650000e+002  1.500000e+002
      vertex -1.100000e+002 -1.277135e+002  9.748473e+001
      vertex -1.100000e+002 -1.281231e+002  9.736445e+001
    endloop
  endfacet
  facet normal -9.999999e-001  -0.000000e+000  0.000000e+000
    outer loop
      vertex -1.100000e+002 -1.650000e+002  1.500000e+002
      vertex -1.100000e+002 -1.281231e+002  9.736445e+001
      vertex -1.100000e+002 -1.284823e+002  9.713362e+001
    endloop
  endfacet
  facet normal -9.999999e-001  -0.000000e+000  0.000000e+000
    outer loop
      vertex -1.100000e+002 -1.650000e+002  1.500000e+002
      vertex -1.100000e+002 -1.284823e+002  9.713362e+001
      vertex -1.100000e+002 -1.287619e+002  9.681096e+001
    endloop
  endfacet
  facet normal -1.000000e+000  -0.000000e+000  0.000000e+000
    outer loop
      vertex -1.100000e+002 -1.650000e+002  1.500000e+002
      vertex -1.100000e+002 -1.287619e+002  9.681096e+001
      vertex -1.100000e+002 -1.289392e+002  9.642260e+001
    endloop
  endfacet
  facet normal -1.000000e+000  -0.000000e+000  0.000000e+000
    outer loop
      vertex -1.100000e+002 -1.650000e+002  1.500000e+002
      vertex -1.100000e+002 -1.289392e+002  9.642260e+001
      vertex -1.100000e+002 -1.290000e+002  9.600000e+001
    endloop
  endfacet
  facet normal -1.000000e+000  0.000000e+000  0.000000e+000
    outer loop
      vertex -1.100000e+002 -1.260000e+002  9.600000e+001
      vertex -1.100000e+002 -1.260000e+002  5.300000e+001
      vertex -1.100000e+002 -1.260608e+002  9.557740e+001
    endloop
  endfacet
  facet normal -1.000000e+000  0.000000e+000  0.000000e+000
    outer loop
      vertex -1.100000e+002 -1.260608e+002  9.557740e+001
      vertex -1.100000e+002 -1.260000e+002  5.300000e+001
      vertex -1.100000e+002 -1.260608e+002  5.342260e+001
    endloop
  endfacet
  facet normal -1.000000e+000  0.000000e+000  0.000000e+000
    outer loop
      vertex -1.100000e+002 -1.260608e+002  9.557740e+001
      vertex -1.100000e+002 -1.260608e+002  5.342260e+001
      vertex -1.100000e+002 -1.262381e+002  9.518904e+001
    endloop
  endfacet
  facet normal -1.000000e+000  0.000000e+000  0.000000e+000
    outer loop
      vertex -1.100000e+002 -1.262381e+002  9.518904e+001
      vertex -1.100000e+002 -1.260608e+002  5.342260e+001
      vertex -1.100000e+002 -1.262381e+002  5.381096e+001
    endloop
  endfacet
  facet normal -1.000000e+000  0.000000e+000  0.000000e+000
    outer loop
      vertex -1.100000e+002 -1.262381e+002  9.518904e+001
      vertex -1.100000e+002 -1.262381e+002  5.381096e+001
      vertex -1.100000e+002 -1.265177e+002  9.486638e+001
    endloop
  endfacet
  facet normal -1.000000e+000  0.000000e+000  0.000000e+000
    outer loop
      vertex -1.100000e+002 -1.265177e+002  9.486638e+001
      vertex -1.100000e+002 -1.262381e+002  5.381096e+001
      vertex -1.100000e+002 -1.265177e+002  5.413363e+001
    endloop
  endfacet
  facet normal -1.000000e+000  0.000000e+000  0.000000e+000
    outer loop
      vertex -1.100000e+002 -1.265177e+002  9.486638e+001
      vertex -1.100000e+002 -1.265177e+002  5.413363e+001
      vertex -1.100000e+002 -1.268769e+002  9.463555e+001
    endloop
  endfacet
  facet normal -1.000000e+000  0.000000e+000  0.000000e+000
    outer loop
      vertex -1.100000e+002 -1.268769e+002  9.463555e+001
      vertex -1.100000e+002 -1.265177e+002  5.413363e+001
      vertex -1.100000e+002 -1.268769e+002  5.436445e+001
    endloop
  endfacet
  facet normal -1.000000e+000  0.000000e+000  0.000000e+000
    outer loop
      vertex -1.100000e+002 -1.268769e+002  9.463555e+001
      vertex -1.100000e+002 -1.268769e+002  5.436445e+001
      vertex -1.100000e+002 -1.272865e+002  9.451527e+001
    endloop
  endfacet
  facet normal -1.000000e+000  0.000000e+000  0.000000e+000
    outer loop
      vertex -1.100000e+002 -1.272865e+002  9.451527e+001
      vertex -1.100000e+002 -1.268769e+002  5.436445e+001
      vertex -1.100000e+002 -1.272865e+002  5.448473e+001
    endloop
  endfacet
  facet normal -1.000000e+000  0.000000e+000  0.000000e+000
    outer loop
      vertex -1.100000e+002 -1.272865e+002  9.451527e+001
      vertex -1.100000e+002 -1.272865e+002  5.448473e+001
      vertex -1.100000e+002 -1.277135e+002  9.451527e+001
    endloop
  endfacet
  facet normal -1.000000e+000  0.000000e+000  0.000000e+000
    outer loop
      vertex -1.100000e+002 -1.277135e+002  9.451527e+001
      vertex -1.100000e+002 -1.272865e+002  5.448473e+001
      vertex -1.100000e+002 -1.277135e+002  5.448473e+001
    endloop
  endfacet
  facet normal -1.000000e+000  0.000000e+000  0.000000e+000
    outer loop
      vertex -1.100000e+002 -1.277135e+002  9.451527e+001
      vertex -1.100000e+002 -1.277135e+002  5.448473e+001
      vertex -1.100000e+002 -1.281231e+002  9.463555e+001
    endloop
  endfacet
  facet normal -1.000000e+000  0.000000e+000  0.000000e+000
    outer loop
      vertex -1.100000e+002 -1.281231e+002  9.463555e+001
      vertex -1.100000e+002 -1.277135e+002  5.448473e+001
      vertex -1.100000e+002 -1.281231e+002  5.436445e+001
    endloop
  endfacet
  facet normal -1.000000e+000  0.000000e+000  0.000000e+000
    outer loop
      vertex -1.100000e+002 -1.281231e+002  9.463555e+001
      vertex -1.100000e+002 -1.281231e+002  5.436445e+001
      vertex -1.100000e+002 -1.284823e+002  9.486638e+001
    endloop
  endfacet
  facet normal -1.000000e+000  0.000000e+000  0.000000e+000
    outer loop
      vertex -1.100000e+002 -1.284823e+002  9.486638e+001
      vertex -1.100000e+002 -1.281231e+002  5.436445e+001
      vertex -1.100000e+002 -1.284823e+002  5.413363e+001
    endloop
  endfacet
  facet normal -1.000000e+000  0.000000e+000  0.000000e+000
    outer loop
      vertex -1.100000e+002 -1.284823e+002  9.486638e+001
      vertex -1.100000e+002 -1.284823e+002  5.413363e+001
      vertex -1.100000e+002 -1.287619e+002  9.518904e+001
    endloop
  endfacet
  facet normal -1.000000e+000  0.000000e+000  0.000000e+000
    outer loop
      vertex -1.100000e+002 -1.287619e+002  9.518904e+001
      vertex -1.100000e+002 -1.284823e+002  5.413363e+001
      vertex -1.100000e+002 -1.287619e+002  5.381096e+001
    endloop
  endfacet
  facet normal -1.000000e+000  0.000000e+000  0.000000e+000
    outer loop
      vertex -1.100000e+002 -1.287619e+002  9.518904e+001
      vertex -1.100000e+002 -1.287619e+002  5.381096e+001
      vertex -1.100000e+002 -1.289392e+002  9.557740e+001
    endloop
  endfacet
  facet normal -1.000000e+000  0.000000e+000  0.000000e+000
    outer loop
      vertex -1.100000e+002 -1.289392e+002  9.557740e+001
      vertex -1.100000e+002 -1.287619e+002  5.381096e+001
      vertex -1.100000e+002 -1.289392e+002  5.342260e+001
    endloop
  endfacet
  facet normal -1.000000e+000  0.000000e+000  0.000000e+000
    outer loop
      vertex -1.100000e+002 -1.289392e+002  9.557740e+001
      vertex -1.100000e+002 -1.289392e+002  5.342260e+001
      vertex -1.100000e+002 -1.290000e+002  9.600000e+001
    endloop
  endfacet
  facet normal -1.000000e+000  0.000000e+000  0.000000e+000
    outer loop
      vertex -1.100000e+002 -1.290000e+002  9.600000e+001
      vertex -1.100000e+002 -1.289392e+002  5.342260e+001
      vertex -1.100000e+002 -1.290000e+002  5.300000e+001
    endloop
  endfacet
  facet normal -8.358708e-002  3.070179e-005  9.965004e-001
    outer loop
      vertex -7.238000e+001 -1.273800e+002  1.899291e+002
      vertex -7.223044e+001  1.868663e-021  1.899378e+002
      vertex -7.445393e+001  1.868663e-021  1.897513e+002
    endloop
  endfacet
  facet normal -8.775447e-002 -3.765000e-005  9.961421e-001
    outer loop
      vertex -7.238000e+001 -1.273800e+002  1.899291e+002
      vertex -7.445393e+001  1.868663e-021  1.897513e+002
      vertex -7.464011e+001 -1.296401e+002  1.897299e+002
    endloop
  endfacet
  facet normal -1.390198e-001  3.693530e-005  9.902896e-001
    outer loop
      vertex -7.464011e+001 -1.296401e+002  1.897299e+002
      vertex -7.445393e+001  1.868663e-021  1.897513e+002
      vertex -7.666357e+001  1.868663e-021  1.894411e+002
    endloop
  endfacet
  facet normal -1.441653e-001 -4.501711e-005  9.895536e-001
    outer loop
      vertex -7.464011e+001 -1.296401e+002  1.897299e+002
      vertex -7.666357e+001  1.868663e-021  1.894411e+002
      vertex -7.689230e+001 -1.318923e+002  1.894017e+002
    endloop
  endfacet
  facet normal -1.940286e-001  4.400501e-005  9.809958e-001
    outer loop
      vertex -7.689230e+001 -1.318923e+002  1.894017e+002
      vertex -7.666357e+001  1.868663e-021  1.894411e+002
      vertex -7.885248e+001  1.868663e-021  1.890081e+002
    endloop
  endfacet
  facet normal -3.936342e-001 -2.679406e-005  9.192671e-001
    outer loop
      vertex -8.646590e+001 -1.414659e+002  1.864537e+002
      vertex -8.502084e+001 -1.400208e+002  1.870726e+002
      vertex -8.522711e+001  1.868663e-021  1.869883e+002
    endloop
  endfacet
  facet normal -4.063231e-001  1.052454e-004  9.137294e-001
    outer loop
      vertex -8.522711e+001  1.868663e-021  1.869883e+002
      vertex -8.726592e+001  1.868663e-021  1.860817e+002
      vertex -8.646590e+001 -1.414659e+002  1.864537e+002
    endloop
  endfacet
  facet normal -4.295801e-001 -5.442176e-005  9.030288e-001
    outer loop
      vertex -8.646590e+001 -1.414659e+002  1.864537e+002
      vertex -8.726592e+001  1.868663e-021  1.860817e+002
      vertex -8.789703e+001 -1.428970e+002  1.857728e+002
    endloop
  endfacet
  facet normal -4.566354e-001  9.397572e-005  8.896539e-001
    outer loop
      vertex -8.789703e+001 -1.428970e+002  1.857728e+002
      vertex -8.726592e+001  1.868663e-021  1.860817e+002
      vertex -8.925101e+001  1.868663e-021  1.850628e+002
    endloop
  endfacet
  facet normal -4.712279e-001 -8.226580e-005  8.820115e-001
    outer loop
      vertex -8.789703e+001 -1.428970e+002  1.857728e+002
      vertex -8.925101e+001  1.868663e-021  1.850628e+002
      vertex -8.979271e+001 -1.447927e+002  1.847599e+002
    endloop
  endfacet
  facet normal -5.055422e-001  8.629958e-005  8.628019e-001
    outer loop
      vertex -8.979271e+001 -1.447927e+002  1.847599e+002
      vertex -8.925101e+001  1.868663e-021  1.850628e+002
      vertex -9.117619e+001  1.868663e-021  1.839348e+002
    endloop
  endfacet
  facet normal -6.207632e-001 -2.562720e-005  7.839982e-001
    outer loop
      vertex -9.526308e+001 -1.502631e+002  1.810125e+002
      vertex -9.439374e+001 -1.493937e+002  1.817009e+002
      vertex -9.482308e+001  1.868663e-021  1.813658e+002
    endloop
  endfacet
  facet normal -6.422051e-001  7.822472e-005  7.665328e-001
    outer loop
      vertex -9.482308e+001  1.868663e-021  1.813658e+002
      vertex -9.653345e+001  1.868663e-021  1.799329e+002
      vertex -9.526308e+001 -1.502631e+002  1.810125e+002
    endloop
  endfacet
  facet normal -6.498240e-001 -3.251673e-005  7.600847e-001
    outer loop
      vertex -9.526308e+001 -1.502631e+002  1.810125e+002
      vertex -9.653345e+001  1.868663e-021  1.799329e+002
      vertex -9.670967e+001 -1.517097e+002  1.797757e+002
    endloop
  endfacet
  facet normal -7.609301e-001  7.559043e-005  6.488339e-001
    outer loop
      vertex -9.970142e+001  1.868663e-021  1.767923e+002
      vertex -1.011492e+002  1.868663e-021  1.750944e+002
      vertex -1.007916e+002 -1.557916e+002  1.755319e+002
    endloop
  endfacet
  facet normal -7.857254e-001 -6.630852e-005  6.185753e-001
    outer loop
      vertex -1.020481e+002 -1.570481e+002  1.739357e+002
      vertex -1.007916e+002 -1.557916e+002  1.755319e+002
      vertex -1.011492e+002  1.868663e-021  1.750944e+002
    endloop
  endfacet
  facet normal -8.438196e-001 -6.673704e-005  5.366271e-001
    outer loop
      vertex -1.032424e+002 -1.582424e+002  1.722474e+002
      vertex -1.037666e+002  5.000000e+000  1.714433e+002
      vertex -1.042462e+002 -1.592462e+002  1.706688e+002
    endloop
  endfacet
  facet normal -8.589908e-001  9.373590e-005  5.119912e-001
    outer loop
      vertex -1.042462e+002 -1.592462e+002  1.706688e+002
      vertex -1.037666e+002  5.000000e+000  1.714433e+002
      vertex -1.049252e+002  5.000000e+000  1.694995e+002
    endloop
  endfacet
  facet normal -8.681846e-001 -5.639014e-005  4.962414e-001
    outer loop
      vertex -1.042462e+002 -1.592462e+002  1.706688e+002
      vertex -1.049252e+002  5.000000e+000  1.694995e+002
      vertex -1.051901e+002 -1.601901e+002  1.690173e+002
    endloop
  endfacet
  facet normal -8.865702e-001  7.130848e-005  4.625941e-001
    outer loop
      vertex -1.051901e+002 -1.601901e+002  1.690173e+002
      vertex -1.049252e+002  5.000000e+000  1.694995e+002
      vertex -1.059720e+002  5.000000e+000  1.674933e+002
    endloop
  endfacet
  facet normal -9.456302e-001 -2.574452e-005  3.252439e-001
    outer loop
      vertex -1.080390e+002 -1.630390e+002  1.623708e+002
      vertex -1.076011e+002 -1.626011e+002  1.636439e+002
      vertex -1.077172e+002  5.000000e+000  1.633196e+002
    endloop
  endfacet
  facet normal -9.519716e-001  9.400857e-005  3.061864e-001
    outer loop
      vertex -1.077172e+002  5.000000e+000  1.633196e+002
      vertex -1.084101e+002  5.000000e+000  1.611655e+002
      vertex -1.080390e+002 -1.630390e+002  1.623708e+002
    endloop
  endfacet
  facet normal -8.286649e-001  0.000000e+000  5.597450e-001
    outer loop
      vertex -1.025000e+002  1.332268e-014  1.733185e+002
      vertex -1.025000e+002  5.000000e+000  1.733185e+002
      vertex -1.037666e+002  5.000000e+000  1.714433e+002
    endloop
  endfacet
  facet normal -8.285449e-001  9.706218e-005  5.599227e-001
    outer loop
      vertex -1.025000e+002  1.332268e-014  1.733185e+002
      vertex -1.037666e+002  5.000000e+000  1.714433e+002
      vertex -1.032424e+002 -1.582424e+002  1.722474e+002
    endloop
  endfacet
  facet normal -8.163761e-001 -7.914039e-005  5.775207e-001
    outer loop
      vertex -1.025000e+002  1.332268e-014  1.733185e+002
      vertex -1.032424e+002 -1.582424e+002  1.722474e+002
      vertex -1.020481e+002 -1.570481e+002  1.739357e+002
    endloop
  endfacet
  facet normal -7.959229e-001  8.928121e-005  6.053981e-001
    outer loop
      vertex -1.025000e+002  1.332268e-014  1.733185e+002
      vertex -1.020481e+002 -1.570481e+002  1.739357e+002
      vertex -1.011492e+002  1.868663e-021  1.750944e+002
    endloop
  endfacet
  facet normal -1.450325e-003  0.000000e+000  9.999990e-001
    outer loop
      vertex -7.000000e+001 -1.250000e+002  1.900000e+002
      vertex -7.000000e+001  1.868663e-021  1.900000e+002
      vertex -7.011573e+001 -1.251157e+002  1.899998e+002
    endloop
  endfacet
  facet normal -2.789424e-002  2.446077e-005  9.996108e-001
    outer loop
      vertex -7.011573e+001 -1.251157e+002  1.899998e+002
      vertex -7.000000e+001  1.868663e-021  1.900000e+002
      vertex -7.223044e+001  1.868663e-021  1.899378e+002
    endloop
  endfacet
  facet normal -3.117524e-002 -3.104292e-005  9.995139e-001
    outer loop
      vertex -7.011573e+001 -1.251157e+002  1.899998e+002
      vertex -7.223044e+001  1.868663e-021  1.899378e+002
      vertex -7.238000e+001 -1.273800e+002  1.899291e+002
    endloop
  endfacet
  facet normal -2.484228e-001  1.051566e-004  9.686518e-001
    outer loop
      vertex -8.101383e+001  1.868663e-021  1.884538e+002
      vertex -8.025449e+001 -1.352545e+002  1.886632e+002
      vertex -7.885248e+001  1.868663e-021  1.890081e+002
    endloop
  endfacet
  facet normal -2.424014e-001  3.885420e-005  9.701761e-001
    outer loop
      vertex -7.885248e+001  1.868663e-021  1.890081e+002
      vertex -8.025449e+001 -1.352545e+002  1.886632e+002
      vertex -7.913286e+001 -1.341329e+002  1.889434e+002
    endloop
  endfacet
  facet normal -2.003451e-001 -5.366170e-005  9.797254e-001
    outer loop
      vertex -7.885248e+001  1.868663e-021  1.890081e+002
      vertex -7.913286e+001 -1.341329e+002  1.889434e+002
      vertex -7.689230e+001 -1.318923e+002  1.894017e+002
    endloop
  endfacet
  facet normal -3.020502e-001  9.809787e-005  9.532920e-001
    outer loop
      vertex -8.314091e+001  1.868663e-021  1.877798e+002
      vertex -8.247032e+001 -1.374703e+002  1.880065e+002
      vertex -8.101383e+001  1.868663e-021  1.884538e+002
    endloop
  endfacet
  facet normal -2.980968e-001  5.216451e-005  9.545357e-001
    outer loop
      vertex -8.101383e+001  1.868663e-021  1.884538e+002
      vertex -8.247032e+001 -1.374703e+002  1.880065e+002
      vertex -8.137170e+001 -1.363717e+002  1.883495e+002
    endloop
  endfacet
  facet normal -2.703360e-001 -2.698193e-005  9.627661e-001
    outer loop
      vertex -8.101383e+001  1.868663e-021  1.884538e+002
      vertex -8.137170e+001 -1.363717e+002  1.883495e+002
      vertex -8.025449e+001 -1.352545e+002  1.886632e+002
    endloop
  endfacet
  facet normal -3.547398e-001  3.994698e-005  9.349651e-001
    outer loop
      vertex -8.522711e+001  1.868663e-021  1.869883e+002
      vertex -8.502084e+001 -1.400208e+002  1.870726e+002
      vertex -8.314091e+001  1.868663e-021  1.877798e+002
    endloop
  endfacet
  facet normal -3.574437e-001  8.145576e-005  9.339346e-001
    outer loop
      vertex -8.314091e+001  1.868663e-021  1.877798e+002
      vertex -8.502084e+001 -1.400208e+002  1.870726e+002
      vertex -8.356356e+001 -1.385636e+002  1.876302e+002
    endloop
  endfacet
  facet normal -3.254378e-001 -2.872979e-005  9.455634e-001
    outer loop
      vertex -8.314091e+001  1.868663e-021  1.877798e+002
      vertex -8.356356e+001 -1.385636e+002  1.876302e+002
      vertex -8.247032e+001 -1.374703e+002  1.880065e+002
    endloop
  endfacet
  facet normal -5.528588e-001  7.766597e-005  8.332750e-001
    outer loop
      vertex -9.303548e+001  1.868663e-021  1.827012e+002
      vertex -9.258967e+001 -1.475897e+002  1.830107e+002
      vertex -9.117619e+001  1.868663e-021  1.839348e+002
    endloop
  endfacet
  facet normal -5.531791e-001  8.206672e-005  8.330622e-001
    outer loop
      vertex -9.117619e+001  1.868663e-021  1.839348e+002
      vertex -9.258967e+001 -1.475897e+002  1.830107e+002
      vertex -9.165580e+001 -1.466558e+002  1.836307e+002
    endloop
  endfacet
  facet normal -5.182410e-001 -7.815842e-005  8.552346e-001
    outer loop
      vertex -9.117619e+001  1.868663e-021  1.839348e+002
      vertex -9.165580e+001 -1.466558e+002  1.836307e+002
      vertex -8.979271e+001 -1.447927e+002  1.847599e+002
    endloop
  endfacet
  facet normal -5.984654e-001  7.692038e-005  8.011487e-001
    outer loop
      vertex -9.482308e+001  1.868663e-021  1.813658e+002
      vertex -9.439374e+001 -1.493937e+002  1.817009e+002
      vertex -9.303548e+001  1.868663e-021  1.827012e+002
    endloop
  endfacet
  facet normal -5.989397e-001  8.360575e-005  8.007941e-001
    outer loop
      vertex -9.303548e+001  1.868663e-021  1.827012e+002
      vertex -9.439374e+001 -1.493937e+002  1.817009e+002
      vertex -9.351305e+001 -1.485130e+002  1.823595e+002
    endloop
  endfacet
  facet normal -5.763274e-001 -2.689810e-005  8.172188e-001
    outer loop
      vertex -9.303548e+001  1.868663e-021  1.827012e+002
      vertex -9.351305e+001 -1.485130e+002  1.823595e+002
      vertex -9.258967e+001 -1.475897e+002  1.830107e+002
    endloop
  endfacet
  facet normal -6.855505e-001  4.219220e-005  7.280250e-001
    outer loop
      vertex -9.670967e+001 -1.517097e+002  1.797757e+002
      vertex -9.653345e+001  1.868663e-021  1.799329e+002
      vertex -9.811667e+001 -1.531167e+002  1.784509e+002
    endloop
  endfacet
  facet normal -6.839502e-001  1.109100e-005  7.295287e-001
    outer loop
      vertex -9.811667e+001 -1.531167e+002  1.784509e+002
      vertex -9.653345e+001  1.868663e-021  1.799329e+002
      vertex -9.816125e+001  1.868663e-021  1.784068e+002
    endloop
  endfacet
  facet normal -7.201578e-001 -9.746373e-006  6.938103e-001
    outer loop
      vertex -9.811667e+001 -1.531167e+002  1.784509e+002
      vertex -9.816125e+001  1.868663e-021  1.784068e+002
      vertex -9.947911e+001 -1.544791e+002  1.770367e+002
    endloop
  endfacet
  facet normal -7.235642e-001  5.082702e-005  6.902571e-001
    outer loop
      vertex -9.947911e+001 -1.544791e+002  1.770367e+002
      vertex -9.816125e+001  1.868663e-021  1.784068e+002
      vertex -9.970142e+001  1.868663e-021  1.767923e+002
    endloop
  endfacet
  facet normal -7.535985e-001 -4.448475e-005  6.573350e-001
    outer loop
      vertex -9.947911e+001 -1.544791e+002  1.770367e+002
      vertex -9.970142e+001  1.868663e-021  1.767923e+002
      vertex -1.007916e+002 -1.557916e+002  1.755319e+002
    endloop
  endfacet
  facet normal -9.113091e-001  1.256360e-005  4.117230e-001
    outer loop
      vertex -1.069036e+002  5.000000e+000  1.654312e+002
      vertex -1.068739e+002 -1.618739e+002  1.655020e+002
      vertex -1.059720e+002  5.000000e+000  1.674933e+002
    endloop
  endfacet
  facet normal -9.120569e-001  3.640590e-005  4.100637e-001
    outer loop
      vertex -1.059720e+002  5.000000e+000  1.674933e+002
      vertex -1.068739e+002 -1.618739e+002  1.655020e+002
      vertex -1.060681e+002 -1.610681e+002  1.672943e+002
    endloop
  endfacet
  facet normal -8.909819e-001 -2.850167e-005  4.540389e-001
    outer loop
      vertex -1.059720e+002  5.000000e+000  1.674933e+002
      vertex -1.060681e+002 -1.610681e+002  1.672943e+002
      vertex -1.051901e+002 -1.601901e+002  1.690173e+002
    endloop
  endfacet
  facet normal -9.331338e-001  4.923743e-005  3.595291e-001
    outer loop
      vertex -1.077172e+002  5.000000e+000  1.633196e+002
      vertex -1.076011e+002 -1.626011e+002  1.636439e+002
      vertex -1.069036e+002  5.000000e+000  1.654312e+002
    endloop
  endfacet
  facet normal -9.357021e-001  1.317832e-004  3.527909e-001
    outer loop
      vertex -1.069036e+002  5.000000e+000  1.654312e+002
      vertex -1.076011e+002 -1.626011e+002  1.636439e+002
      vertex -1.072478e+002 -1.622478e+002  1.645809e+002
    endloop
  endfacet
  facet normal -9.265931e-001 -5.287847e-006  3.760656e-001
    outer loop
      vertex -1.069036e+002  5.000000e+000  1.654312e+002
      vertex -1.072478e+002 -1.622478e+002  1.645809e+002
      vertex -1.068739e+002 -1.618739e+002  1.655020e+002
    endloop
  endfacet
  facet normal -9.677629e-001  8.648729e-005  2.518632e-001
    outer loop
      vertex -1.089800e+002  5.000000e+000  1.589756e+002
      vertex -1.087936e+002 -1.637936e+002  1.597496e+002
      vertex -1.084101e+002  5.000000e+000  1.611655e+002
    endloop
  endfacet
  facet normal -9.655255e-001  1.056266e-005  2.603084e-001
    outer loop
      vertex -1.084101e+002  5.000000e+000  1.611655e+002
      vertex -1.087936e+002 -1.637936e+002  1.597496e+002
      vertex -1.084371e+002 -1.634371e+002  1.610721e+002
    endloop
  endfacet
  facet normal -9.560891e-001 -9.121216e-006  2.930763e-001
    outer loop
      vertex -1.084101e+002  5.000000e+000  1.611655e+002
      vertex -1.084371e+002 -1.634371e+002  1.610721e+002
      vertex -1.080390e+002 -1.630390e+002  1.623708e+002
    endloop
  endfacet
  facet normal -9.804566e-001  2.169658e-005  1.967353e-001
    outer loop
      vertex -1.094252e+002  5.000000e+000  1.567569e+002
      vertex -1.094015e+002 -1.644015e+002  1.568934e+002
      vertex -1.089800e+002  5.000000e+000  1.589756e+002
    endloop
  endfacet
  facet normal -9.828638e-001  1.801248e-004  1.843331e-001
    outer loop
      vertex -1.089800e+002  5.000000e+000  1.589756e+002
      vertex -1.094015e+002 -1.644015e+002  1.568934e+002
      vertex -1.092212e+002 -1.642212e+002  1.578547e+002
    endloop
  endfacet
  facet normal -9.754701e-001 -6.752680e-005  2.201323e-001
    outer loop
      vertex -1.089800e+002  5.000000e+000  1.589756e+002
      vertex -1.092212e+002 -1.642212e+002  1.578547e+002
      vertex -1.087936e+002 -1.637936e+002  1.597496e+002
    endloop
  endfacet
  facet normal -9.964007e-001  8.159500e-005  8.476807e-002
    outer loop
      vertex -1.099360e+002  5.000000e+000  1.522619e+002
      vertex -1.098890e+002 -1.648890e+002  1.529784e+002
      vertex -1.097442e+002  5.000000e+000  1.545167e+002
    endloop
  endfacet
  facet normal -9.956697e-001  6.784669e-006  9.296169e-002
    outer loop
      vertex -1.097442e+002  5.000000e+000  1.545167e+002
      vertex -1.098890e+002 -1.648890e+002  1.529784e+002
      vertex -1.097509e+002 -1.647509e+002  1.544573e+002
    endloop
  endfacet
  facet normal -9.900131e-001 -1.022743e-005  1.409753e-001
    outer loop
      vertex -1.097442e+002  5.000000e+000  1.545167e+002
      vertex -1.097509e+002 -1.647509e+002  1.544573e+002
      vertex -1.094252e+002  5.000000e+000  1.567569e+002
    endloop
  endfacet
  facet normal -9.915441e-001  1.445065e-004  1.297702e-001
    outer loop
      vertex -1.094252e+002  5.000000e+000  1.567569e+002
      vertex -1.097509e+002 -1.647509e+002  1.544573e+002
      vertex -1.095589e+002 -1.645589e+002  1.559241e+002
    endloop
  endfacet
  facet normal -9.870795e-001 -8.636160e-006  1.602313e-001
    outer loop
      vertex -1.094252e+002  5.000000e+000  1.567569e+002
      vertex -1.095589e+002 -1.645589e+002  1.559241e+002
      vertex -1.094015e+002 -1.644015e+002  1.568934e+002
    endloop
  endfacet
  facet normal -9.995998e-001  0.000000e+000  2.828420e-002
    outer loop
      vertex -1.100000e+002  5.000000e+000  1.500000e+002
      vertex -1.100000e+002 -1.650000e+002  1.500000e+002
      vertex -1.099360e+002  5.000000e+000  1.522619e+002
    endloop
  endfacet
  facet normal -9.998262e-001  1.283864e-004  1.864154e-002
    outer loop
      vertex -1.099360e+002  5.000000e+000  1.522619e+002
      vertex -1.100000e+002 -1.650000e+002  1.500000e+002
      vertex -1.099722e+002 -1.649722e+002  1.514913e+002
    endloop
  endfacet
  facet normal -9.984370e-001 -4.077197e-005  5.588706e-002
    outer loop
      vertex -1.099360e+002  5.000000e+000  1.522619e+002
      vertex -1.099722e+002 -1.649722e+002  1.514913e+002
      vertex -1.098890e+002 -1.648890e+002  1.529784e+002
    endloop
  endfacet
  facet normal  1.000000e+000  0.000000e+000  0.000000e+000
    outer loop
      vertex  1.100000e+002 -5.684342e-014  1.700000e+002
      vertex  1.100000e+002  0.000000e+000  1.900000e+002
      vertex  1.100000e+002 -1.250000e+002  1.900000e+002
    endloop
  endfacet
  facet normal  1.000000e+000  0.000000e+000  0.000000e+000
    outer loop
      vertex  1.100000e+002 -5.684342e-014  1.700000e+002
      vertex  1.100000e+002 -1.250000e+002  1.900000e+002
      vertex  1.100000e+002 -1.272428e+002  1.899371e+002
    endloop
  endfacet
  facet normal  1.000000e+000  0.000000e+000  0.000000e+000
    outer loop
      vertex  1.100000e+002 -5.684342e-014  1.700000e+002
      vertex  1.100000e+002 -1.272428e+002  1.899371e+002
      vertex  1.100000e+002 -1.294786e+002  1.897485e+002
    endloop
  endfacet
  facet normal  1.000000e+000  0.000000e+000  0.000000e+000
    outer loop
      vertex  1.100000e+002 -5.684342e-014  1.700000e+002
      vertex  1.100000e+002 -1.294786e+002  1.897485e+002
      vertex  1.100000e+002 -1.317003e+002  1.894348e+002
    endloop
  endfacet
  facet normal  1.000000e+000  0.000000e+000  0.000000e+000
    outer loop
      vertex  1.100000e+002 -5.684342e-014  1.700000e+002
      vertex  1.100000e+002 -1.317003e+002  1.894348e+002
      vertex  1.100000e+002 -1.339008e+002  1.889971e+002
    endloop
  endfacet
  facet normal  1.000000e+000  0.000000e+000  0.000000e+000
    outer loop
      vertex  1.100000e+002 -5.684342e-014  1.700000e+002
      vertex  1.100000e+002 -1.339008e+002  1.889971e+002
      vertex  1.100000e+002 -1.360734e+002  1.884367e+002
    endloop
  endfacet
  facet normal  1.000000e+000  0.000000e+000  0.000000e+000
    outer loop
      vertex  1.100000e+002 -5.684342e-014  1.700000e+002
      vertex  1.100000e+002 -1.360734e+002  1.884367e+002
      vertex  1.100000e+002 -1.382112e+002  1.877553e+002
    endloop
  endfacet
  facet normal  1.000000e+000  0.000000e+000  0.000000e+000
    outer loop
      vertex  1.100000e+002 -5.684342e-014  1.700000e+002
      vertex  1.100000e+002 -1.382112e+002  1.877553e+002
      vertex  1.100000e+002 -1.403073e+002  1.869552e+002
    endloop
  endfacet
  facet normal  9.999999e-001  0.000000e+000  0.000000e+000
    outer loop
      vertex  1.100000e+002 -5.684342e-014  1.700000e+002
      vertex  1.100000e+002 -1.403073e+002  1.869552e+002
      vertex  1.100000e+002 -1.423553e+002  1.860388e+002
    endloop
  endfacet
  facet normal  1.000000e+000  0.000000e+000  0.000000e+000
    outer loop
      vertex  1.100000e+002 -5.684342e-014  1.700000e+002
      vertex  1.100000e+002 -1.423553e+002  1.860388e+002
      vertex  1.100000e+002 -1.443488e+002  1.850089e+002
    endloop
  endfacet
  facet normal  9.999999e-001  0.000000e+000  0.000000e+000
    outer loop
      vertex  1.100000e+002 -5.684342e-014  1.700000e+002
      vertex  1.100000e+002 -1.443488e+002  1.850089e+002
      vertex  1.100000e+002 -1.462813e+002  1.838690e+002
    endloop
  endfacet
  facet normal  9.999999e-001  0.000000e+000  0.000000e+000
    outer loop
      vertex  1.100000e+002 -5.684342e-014  1.700000e+002
      vertex  1.100000e+002 -1.462813e+002  1.838690e+002
      vertex  1.100000e+002 -1.481469e+002  1.826224e+002
    endloop
  endfacet
  facet normal  1.000000e+000  0.000000e+000  0.000000e+000
    outer loop
      vertex  1.100000e+002 -5.684342e-014  1.700000e+002
      vertex  1.100000e+002 -1.481469e+002  1.826224e+002
      vertex  1.100000e+002 -1.499396e+002  1.812733e+002
    endloop
  endfacet
  facet normal  1.000000e+000  0.000000e+000  0.000000e+000
    outer loop
      vertex  1.100000e+002 -5.684342e-014  1.700000e+002
      vertex  1.100000e+002 -1.499396e+002  1.812733e+002
      vertex  1.100000e+002 -1.516539e+002  1.798257e+002
    endloop
  endfacet
  facet normal  9.999999e-001  0.000000e+000  0.000000e+000
    outer loop
      vertex  1.100000e+002 -5.684342e-014  1.700000e+002
      vertex  1.100000e+002 -1.516539e+002  1.798257e+002
      vertex  1.100000e+002 -1.532843e+002  1.782843e+002
    endloop
  endfacet
  facet normal  1.000000e+000  0.000000e+000  0.000000e+000
    outer loop
      vertex  1.100000e+002 -5.684342e-014  1.700000e+002
      vertex  1.100000e+002 -1.532843e+002  1.782843e+002
      vertex  1.100000e+002 -1.548257e+002  1.766539e+002
    endloop
  endfacet
  facet normal  1.000000e+000  0.000000e+000  0.000000e+000
    outer loop
      vertex  1.100000e+002 -5.684342e-014  1.700000e+002
      vertex  1.100000e+002 -1.548257e+002  1.766539e+002
      vertex  1.100000e+002 -1.562733e+002  1.749396e+002
    endloop
  endfacet
  facet normal  9.999999e-001  0.000000e+000  0.000000e+000
    outer loop
      vertex  1.100000e+002 -5.684342e-014  1.700000e+002
      vertex  1.100000e+002 -1.562733e+002  1.749396e+002
      vertex  1.100000e+002 -1.576224e+002  1.731469e+002
    endloop
  endfacet
  facet normal  9.999999e-001  0.000000e+000  0.000000e+000
    outer loop
      vertex  1.100000e+002 -5.684342e-014  1.700000e+002
      vertex  1.100000e+002 -1.576224e+002  1.731469e+002
      vertex  1.100000e+002 -1.588690e+002  1.712813e+002
    endloop
  endfacet
  facet normal  1.000000e+000  0.000000e+000  0.000000e+000
    outer loop
      vertex  1.100000e+002 -5.684342e-014  1.700000e+002
      vertex  1.100000e+002 -1.588690e+002  1.712813e+002
      vertex  1.100000e+002 -1.420000e+002  1.700000e+002
    endloop
  endfacet
  facet normal  1.000000e+000  0.000000e+000  0.000000e+000
    outer loop
      vertex  1.100000e+002 -1.600089e+002  1.693488e+002
      vertex  1.100000e+002 -1.610388e+002  1.673553e+002
      vertex  1.100000e+002 -1.441213e+002  1.691213e+002
    endloop
  endfacet
  facet normal  1.000000e+000  0.000000e+000  -0.000000e+000
    outer loop
      vertex  1.100000e+002 -1.600089e+002  1.693488e+002
      vertex  1.100000e+002 -1.441213e+002  1.691213e+002
      vertex  1.100000e+002 -1.436667e+002  1.694944e+002
    endloop
  endfacet
  facet normal  1.000000e+000  0.000000e+000  -0.000000e+000
    outer loop
      vertex  1.100000e+002 -1.600089e+002  1.693488e+002
      vertex  1.100000e+002 -1.436667e+002  1.694944e+002
      vertex  1.100000e+002 -1.431481e+002  1.697716e+002
    endloop
  endfacet
  facet normal  1.000000e+000  0.000000e+000  -0.000000e+000
    outer loop
      vertex  1.100000e+002 -1.600089e+002  1.693488e+002
      vertex  1.100000e+002 -1.431481e+002  1.697716e+002
      vertex  1.100000e+002 -1.425853e+002  1.699424e+002
    endloop
  endfacet
  facet normal  1.000000e+000  0.000000e+000  -0.000000e+000
    outer loop
      vertex  1.100000e+002 -1.600089e+002  1.693488e+002
      vertex  1.100000e+002 -1.425853e+002  1.699424e+002
      vertex  1.100000e+002 -1.420000e+002  1.700000e+002
    endloop
  endfacet
  facet normal  1.000000e+000  0.000000e+000  0.000000e+000
    outer loop
      vertex  1.100000e+002 -1.600089e+002  1.693488e+002
      vertex  1.100000e+002 -1.420000e+002  1.700000e+002
      vertex  1.100000e+002 -1.588690e+002  1.712813e+002
    endloop
  endfacet
  facet normal  1.000000e+000  0.000000e+000  0.000000e+000
    outer loop
      vertex  1.100000e+002 -1.610388e+002  1.673553e+002
      vertex  1.100000e+002 -1.619552e+002  1.653073e+002
      vertex  1.100000e+002 -1.450000e+002  1.670000e+002
    endloop
  endfacet
  facet normal  1.000000e+000  0.000000e+000  -0.000000e+000
    outer loop
      vertex  1.100000e+002 -1.610388e+002  1.673553e+002
      vertex  1.100000e+002 -1.450000e+002  1.670000e+002
      vertex  1.100000e+002 -1.449424e+002  1.675853e+002
    endloop
  endfacet
  facet normal  1.000000e+000  0.000000e+000  -0.000000e+000
    outer loop
      vertex  1.100000e+002 -1.610388e+002  1.673553e+002
      vertex  1.100000e+002 -1.449424e+002  1.675853e+002
      vertex  1.100000e+002 -1.447716e+002  1.681481e+002
    endloop
  endfacet
  facet normal  1.000000e+000  0.000000e+000  -0.000000e+000
    outer loop
      vertex  1.100000e+002 -1.610388e+002  1.673553e+002
      vertex  1.100000e+002 -1.447716e+002  1.681481e+002
      vertex  1.100000e+002 -1.444944e+002  1.686667e+002
    endloop
  endfacet
  facet normal  9.999999e-001  0.000000e+000  -0.000000e+000
    outer loop
      vertex  1.100000e+002 -1.610388e+002  1.673553e+002
      vertex  1.100000e+002 -1.444944e+002  1.686667e+002
      vertex  1.100000e+002 -1.441213e+002  1.691213e+002
    endloop
  endfacet
  facet normal  1.000000e+000  0.000000e+000  0.000000e+000
    outer loop
      vertex  1.100000e+002 -1.650000e+002  1.500000e+002
      vertex  1.100000e+002 -1.650000e+002  0.000000e+000
      vertex  1.100000e+002 -1.450000e+002  1.300000e+001
    endloop
  endfacet
  facet normal  1.000000e+000  0.000000e+000  -0.000000e+000
    outer loop
      vertex  1.100000e+002 -1.650000e+002  1.500000e+002
      vertex  1.100000e+002 -1.450000e+002  1.300000e+001
      vertex  1.100000e+002 -1.450000e+002  1.670000e+002
    endloop
  endfacet
  facet normal  1.000000e+000  0.000000e+000  0.000000e+000
    outer loop
      vertex  1.100000e+002 -1.650000e+002  1.500000e+002
      vertex  1.100000e+002 -1.450000e+002  1.670000e+002
      vertex  1.100000e+002 -1.619552e+002  1.653073e+002
    endloop
  endfacet
  facet normal  9.999999e-001  0.000000e+000  0.000000e+000
    outer loop
      vertex  1.100000e+002 -1.650000e+002  1.500000e+002
      vertex  1.100000e+002 -1.619552e+002  1.653073e+002
      vertex  1.100000e+002 -1.627553e+002  1.632112e+002
    endloop
  endfacet
  facet normal  1.000000e+000  0.000000e+000  0.000000e+000
    outer loop
      vertex  1.100000e+002 -1.650000e+002  1.500000e+002
      vertex  1.100000e+002 -1.627553e+002  1.632112e+002
      vertex  1.100000e+002 -1.634367e+002  1.610734e+002
    endloop
  endfacet
  facet normal  9.999999e-001  0.000000e+000  0.000000e+000
    outer loop
      vertex  1.100000e+002 -1.650000e+002  1.500000e+002
      vertex  1.100000e+002 -1.634367e+002  1.610734e+002
      vertex  1.100000e+002 -1.639971e+002  1.589008e+002
    endloop
  endfacet
  facet normal  1.000000e+000  0.000000e+000  0.000000e+000
    outer loop
      vertex  1.100000e+002 -1.650000e+002  1.500000e+002
      vertex  1.100000e+002 -1.639971e+002  1.589008e+002
      vertex  1.100000e+002 -1.644348e+002  1.567003e+002
    endloop
  endfacet
  facet normal  1.000000e+000  0.000000e+000  0.000000e+000
    outer loop
      vertex  1.100000e+002 -1.650000e+002  1.500000e+002
      vertex  1.100000e+002 -1.644348e+002  1.567003e+002
      vertex  1.100000e+002 -1.647485e+002  1.544786e+002
    endloop
  endfacet
  facet normal  1.000000e+000  0.000000e+000  0.000000e+000
    outer loop
      vertex  1.100000e+002 -1.650000e+002  1.500000e+002
      vertex  1.100000e+002 -1.647485e+002  1.544786e+002
      vertex  1.100000e+002 -1.649371e+002  1.522428e+002
    endloop
  endfacet
  facet normal  1.000000e+000  0.000000e+000  -0.000000e+000
    outer loop
      vertex  1.100000e+002 -1.650000e+002  0.000000e+000
      vertex  1.100000e+002 -1.350000e+002  0.000000e+000
      vertex  1.100000e+002 -1.350000e+002  1.000000e+001
    endloop
  endfacet
  facet normal  1.000000e+000  0.000000e+000  0.000000e+000
    outer loop
      vertex  1.100000e+002 -1.650000e+002  0.000000e+000
      vertex  1.100000e+002 -1.350000e+002  1.000000e+001
      vertex  1.100000e+002 -1.420000e+002  1.000000e+001
    endloop
  endfacet
  facet normal  1.000000e+000  0.000000e+000  0.000000e+000
    outer loop
      vertex  1.100000e+002 -1.650000e+002  0.000000e+000
      vertex  1.100000e+002 -1.420000e+002  1.000000e+001
      vertex  1.100000e+002 -1.425853e+002  1.005764e+001
    endloop
  endfacet
  facet normal  1.000000e+000  0.000000e+000  0.000000e+000
    outer loop
      vertex  1.100000e+002 -1.650000e+002  0.000000e+000
      vertex  1.100000e+002 -1.425853e+002  1.005764e+001
      vertex  1.100000e+002 -1.431481e+002  1.022836e+001
    endloop
  endfacet
  facet normal  1.000000e+000  0.000000e+000  0.000000e+000
    outer loop
      vertex  1.100000e+002 -1.650000e+002  0.000000e+000
      vertex  1.100000e+002 -1.431481e+002  1.022836e+001
      vertex  1.100000e+002 -1.436667e+002  1.050559e+001
    endloop
  endfacet
  facet normal  1.000000e+000  0.000000e+000  0.000000e+000
    outer loop
      vertex  1.100000e+002 -1.650000e+002  0.000000e+000
      vertex  1.100000e+002 -1.436667e+002  1.050559e+001
      vertex  1.100000e+002 -1.441213e+002  1.087868e+001
    endloop
  endfacet
  facet normal  1.000000e+000  0.000000e+000  0.000000e+000
    outer loop
      vertex  1.100000e+002 -1.650000e+002  0.000000e+000
      vertex  1.100000e+002 -1.441213e+002  1.087868e+001
      vertex  1.100000e+002 -1.444944e+002  1.133329e+001
    endloop
  endfacet
  facet normal  9.999999e-001  0.000000e+000  0.000000e+000
    outer loop
      vertex  1.100000e+002 -1.650000e+002  0.000000e+000
      vertex  1.100000e+002 -1.444944e+002  1.133329e+001
      vertex  1.100000e+002 -1.447716e+002  1.185195e+001
    endloop
  endfacet
  facet normal  1.000000e+000  0.000000e+000  0.000000e+000
    outer loop
      vertex  1.100000e+002 -1.650000e+002  0.000000e+000
      vertex  1.100000e+002 -1.447716e+002  1.185195e+001
      vertex  1.100000e+002 -1.449424e+002  1.241473e+001
    endloop
  endfacet
  facet normal  1.000000e+000  0.000000e+000  0.000000e+000
    outer loop
      vertex  1.100000e+002 -1.650000e+002  0.000000e+000
      vertex  1.100000e+002 -1.449424e+002  1.241473e+001
      vertex  1.100000e+002 -1.450000e+002  1.300000e+001
    endloop
  endfacet
  facet normal  0.000000e+000  0.000000e+000  9.999999e-001
    outer loop
      vertex -9.000000e+001 -7.750000e+001  1.000000e+001
      vertex -8.750000e+001 -3.000000e+001  1.000000e+001
      vertex -8.756268e+001 -3.055630e+001  1.000000e+001
    endloop
  endfacet
  facet normal  0.000000e+000  0.000000e+000  1.000000e+000
    outer loop
      vertex -9.000000e+001 -7.750000e+001  1.000000e+001
      vertex -8.756268e+001 -3.055630e+001  1.000000e+001
      vertex -8.774758e+001 -3.108471e+001  1.000000e+001
    endloop
  endfacet
  facet normal  0.000000e+000  0.000000e+000  1.000000e+000
    outer loop
      vertex -9.000000e+001 -7.750000e+001  1.000000e+001
      vertex -8.774758e+001 -3.108471e+001  1.000000e+001
      vertex -8.804542e+001 -3.155873e+001  1.000000e+001
    endloop
  endfacet
  facet normal  0.000000e+000  0.000000e+000  9.999999e-001
    outer loop
      vertex -9.000000e+001 -7.750000e+001  1.000000e+001
      vertex -8.804542e+001 -3.155873e+001  1.000000e+001
      vertex -8.844128e+001 -3.195458e+001  1.000000e+001
    endloop
  endfacet
  facet normal  0.000000e+000  0.000000e+000  1.000000e+000
    outer loop
      vertex -9.000000e+001 -7.750000e+001  1.000000e+001
      vertex -8.844128e+001 -3.195458e+001  1.000000e+001
      vertex -8.891529e+001 -3.225242e+001  1.000000e+001
    endloop
  endfacet
  facet normal  0.000000e+000  0.000000e+000  1.000000e+000
    outer loop
      vertex -9.000000e+001 -7.750000e+001  1.000000e+001
      vertex -8.891529e+001 -3.225242e+001  1.000000e+001
      vertex -8.944370e+001 -3.243732e+001  1.000000e+001
    endloop
  endfacet
  facet normal  0.000000e+000  0.000000e+000  1.000000e+000
    outer loop
      vertex -9.000000e+001 -7.750000e+001  1.000000e+001
      vertex -8.944370e+001 -3.243732e+001  1.000000e+001
      vertex -9.000000e+001 -3.250000e+001  1.000000e+001
    endloop
  endfacet
  facet normal  0.000000e+000  0.000000e+000  9.999999e-001
    outer loop
      vertex -9.000000e+001 -1.275000e+002  1.000000e+001
      vertex -8.756268e+001 -8.055630e+001  1.000000e+001
      vertex -8.774758e+001 -8.108471e+001  1.000000e+001
    endloop
  endfacet
  facet normal  0.000000e+000  0.000000e+000  1.000000e+000
    outer loop
      vertex -9.000000e+001 -1.275000e+002  1.000000e+001
      vertex -8.774758e+001 -8.108471e+001  1.000000e+001
      vertex -8.804542e+001 -8.155872e+001  1.000000e+001
    endloop
  endfacet
  facet normal  0.000000e+000  0.000000e+000  1.000000e+000
    outer loop
      vertex -9.000000e+001 -1.275000e+002  1.000000e+001
      vertex -8.804542e+001 -8.155872e+001  1.000000e+001
      vertex -8.844128e+001 -8.195458e+001  1.000000e+001
    endloop
  endfacet
  facet normal  0.000000e+000  0.000000e+000  1.000000e+000
    outer loop
      vertex -9.000000e+001 -1.275000e+002  1.000000e+001
      vertex -8.844128e+001 -8.195458e+001  1.000000e+001
      vertex -8.891529e+001 -8.225242e+001  1.000000e+001
    endloop
  endfacet
  facet normal  0.000000e+000  0.000000e+000  1.000000e+000
    outer loop
      vertex -9.000000e+001 -1.275000e+002  1.000000e+001
      vertex -8.891529e+001 -8.225242e+001  1.000000e+001
      vertex -8.944370e+001 -8.243732e+001  1.000000e+001
    endloop
  endfacet
  facet normal  0.000000e+000  0.000000e+000  1.000000e+000
    outer loop
      vertex -9.000000e+001 -1.275000e+002  1.000000e+001
      vertex -8.944370e+001 -8.243732e+001  1.000000e+001
      vertex -9.000000e+001 -8.250000e+001  1.000000e+001
    endloop
  endfacet
  facet normal  0.000000e+000  0.000000e+000  1.000000e+000
    outer loop
      vertex -8.500000e+001 -1.350000e+002  1.000000e+001
      vertex -8.500000e+001  0.000000e+000  1.000000e+001
      vertex -8.750000e+001 -1.300000e+002  1.000000e+001
    endloop
  endfacet
  facet normal  0.000000e+000  0.000000e+000  9.999999e-001
    outer loop
      vertex -8.500000e+001 -1.350000e+002  1.000000e+001
      vertex -8.750000e+001 -1.300000e+002  1.000000e+001
      vertex -8.756268e+001 -1.305563e+002  1.000000e+001
    endloop
  endfacet
  facet normal  0.000000e+000  0.000000e+000  1.000000e+000
    outer loop
      vertex -8.500000e+001 -1.350000e+002  1.000000e+001
      vertex -8.756268e+001 -1.305563e+002  1.000000e+001
      vertex -8.774758e+001 -1.310847e+002  1.000000e+001
    endloop
  endfacet
  facet normal  0.000000e+000  0.000000e+000  1.000000e+000
    outer loop
      vertex -8.500000e+001 -1.350000e+002  1.000000e+001
      vertex -8.774758e+001 -1.310847e+002  1.000000e+001
      vertex -8.804542e+001 -1.315587e+002  1.000000e+001
    endloop
  endfacet
  facet normal  0.000000e+000  0.000000e+000  1.000000e+000
    outer loop
      vertex -8.500000e+001 -1.350000e+002  1.000000e+001
      vertex -8.804542e+001 -1.315587e+002  1.000000e+001
      vertex -8.844128e+001 -1.319546e+002  1.000000e+001
    endloop
  endfacet
  facet normal  0.000000e+000  0.000000e+000  1.000000e+000
    outer loop
      vertex -8.500000e+001 -1.350000e+002  1.000000e+001
      vertex -8.844128e+001 -1.319546e+002  1.000000e+001
      vertex -8.891529e+001 -1.322524e+002  1.000000e+001
    endloop
  endfacet
  facet normal  0.000000e+000  0.000000e+000  1.000000e+000
    outer loop
      vertex -8.500000e+001 -1.350000e+002  1.000000e+001
      vertex -8.891529e+001 -1.322524e+002  1.000000e+001
      vertex -8.944370e+001 -1.324373e+002  1.000000e+001
    endloop
  endfacet
  facet normal  0.000000e+000  0.000000e+000  9.999999e-001
    outer loop
      vertex -8.500000e+001 -1.350000e+002  1.000000e+001
      vertex -8.944370e+001 -1.324373e+002  1.000000e+001
      vertex -9.000000e+001 -1.325000e+002  1.000000e+001
    endloop
  endfacet
  facet normal  0.000000e+000  0.000000e+000  1.000000e+000
    outer loop
      vertex -8.500000e+001 -1.350000e+002  1.000000e+001
      vertex -9.000000e+001 -1.325000e+002  1.000000e+001
      vertex -9.057438e+001 -1.324331e+002  1.000000e+001
    endloop
  endfacet
  facet normal  0.000000e+000  0.000000e+000  1.000000e+000
    outer loop
      vertex -8.500000e+001 -1.350000e+002  1.000000e+001
      vertex -9.057438e+001 -1.324331e+002  1.000000e+001
      vertex -9.111803e+001 -1.322361e+002  1.000000e+001
    endloop
  endfacet
  facet normal  0.000000e+000  0.000000e+000  1.000000e+000
    outer loop
      vertex -9.200000e+001 -7.850000e+001  1.000000e+001
      vertex -9.000000e+001 -3.250000e+001  1.000000e+001
      vertex -9.057438e+001 -3.243312e+001  1.000000e+001
    endloop
  endfacet
  facet normal  0.000000e+000  0.000000e+000  1.000000e+000
    outer loop
      vertex -9.200000e+001 -7.850000e+001  1.000000e+001
      vertex -9.057438e+001 -3.243312e+001  1.000000e+001
      vertex -9.111803e+001 -3.223607e+001  1.000000e+001
    endloop
  endfacet
  facet normal  0.000000e+000  0.000000e+000  1.000000e+000
    outer loop
      vertex -9.200000e+001 -7.850000e+001  1.000000e+001
      vertex -9.111803e+001 -3.223607e+001  1.000000e+001
      vertex -9.160187e+001 -3.191938e+001  1.000000e+001
    endloop
  endfacet
  facet normal  0.000000e+000  0.000000e+000  1.000000e+000
    outer loop
      vertex -9.200000e+001 -7.850000e+001  1.000000e+001
      vertex -9.160187e+001 -3.191938e+001  1.000000e+001
      vertex -9.200000e+001 -3.150000e+001  1.000000e+001
    endloop
  endfacet
  facet normal  0.000000e+000  0.000000e+000  1.000000e+000
    outer loop
      vertex -9.200000e+001 -1.285000e+002  1.000000e+001
      vertex -9.000000e+001 -8.250000e+001  1.000000e+001
      vertex -9.057438e+001 -8.243312e+001  1.000000e+001
    endloop
  endfacet
  facet normal  0.000000e+000  0.000000e+000  1.000000e+000
    outer loop
      vertex -9.200000e+001 -1.285000e+002  1.000000e+001
      vertex -9.057438e+001 -8.243312e+001  1.000000e+001
      vertex -9.111803e+001 -8.223607e+001  1.000000e+001
    endloop
  endfacet
  facet normal  0.000000e+000  0.000000e+000  1.000000e+000
    outer loop
      vertex -9.200000e+001 -1.285000e+002  1.000000e+001
      vertex -9.111803e+001 -8.223607e+001  1.000000e+001
      vertex -9.160187e+001 -8.191938e+001  1.000000e+001
    endloop
  endfacet
  facet normal  0.000000e+000  0.000000e+000  1.000000e+000
    outer loop
      vertex -9.200000e+001 -1.285000e+002  1.000000e+001
      vertex -9.160187e+001 -8.191938e+001  1.000000e+001
      vertex -9.200000e+001 -8.150000e+001  1.000000e+001
    endloop
  endfacet
  facet normal  -0.000000e+000  0.000000e+000  1.000000e+000
    outer loop
      vertex  1.100000e+002 -1.350000e+002  1.000000e+001
      vertex  6.000000e+001 -1.375000e+002  1.000000e+001
      vertex  6.056288e+001 -1.375642e+002  1.000000e+001
    endloop
  endfacet
  facet normal  -0.000000e+000  0.000000e+000  1.000000e+000
    outer loop
      vertex  1.100000e+002 -1.350000e+002  1.000000e+001
      vertex  6.056288e+001 -1.375642e+002  1.000000e+001
      vertex  6.109686e+001 -1.377535e+002  1.000000e+001
    endloop
  endfacet
  facet normal  -0.000000e+000  0.000000e+000  1.000000e+000
    outer loop
      vertex  1.100000e+002 -1.350000e+002  1.000000e+001
      vertex  6.109686e+001 -1.377535e+002  1.000000e+001
      vertex  6.157450e+001 -1.380581e+002  1.000000e+001
    endloop
  endfacet
  facet normal  -0.000000e+000  0.000000e+000  1.000000e+000
    outer loop
      vertex  1.100000e+002 -1.350000e+002  1.000000e+001
      vertex  6.157450e+001 -1.380581e+002  1.000000e+001
      vertex  6.197130e+001 -1.384625e+002  1.000000e+001
    endloop
  endfacet
  facet normal  -0.000000e+000  0.000000e+000  1.000000e+000
    outer loop
      vertex  1.100000e+002 -1.350000e+002  1.000000e+001
      vertex  6.197130e+001 -1.384625e+002  1.000000e+001
      vertex  6.226686e+001 -1.389458e+002  1.000000e+001
    endloop
  endfacet
  facet normal  -0.000000e+000  0.000000e+000  1.000000e+000
    outer loop
      vertex  1.100000e+002 -1.350000e+002  1.000000e+001
      vertex  6.226686e+001 -1.389458e+002  1.000000e+001
      vertex  6.244601e+001 -1.394832e+002  1.000000e+001
    endloop
  endfacet
  facet normal  -0.000000e+000  0.000000e+000  1.000000e+000
    outer loop
      vertex  1.100000e+002 -1.350000e+002  1.000000e+001
      vertex  6.244601e+001 -1.394832e+002  1.000000e+001
      vertex  6.249955e+001 -1.400472e+002  1.000000e+001
    endloop
  endfacet
  facet normal  -0.000000e+000  0.000000e+000  1.000000e+000
    outer loop
      vertex  1.100000e+002 -1.350000e+002  1.000000e+001
      vertex  6.249955e+001 -1.400472e+002  1.000000e+001
      vertex  6.242474e+001 -1.406088e+002  1.000000e+001
    endloop
  endfacet
  facet normal  -0.000000e+000  0.000000e+000  1.000000e+000
    outer loop
      vertex  1.100000e+002 -1.350000e+002  1.000000e+001
      vertex  6.242474e+001 -1.406088e+002  1.000000e+001
      vertex  6.222540e+001 -1.411391e+002  1.000000e+001
    endloop
  endfacet
  facet normal  -0.000000e+000  0.000000e+000  1.000000e+000
    outer loop
      vertex  1.100000e+002 -1.350000e+002  1.000000e+001
      vertex  6.222540e+001 -1.411391e+002  1.000000e+001
      vertex  6.191179e+001 -1.416109e+002  1.000000e+001
    endloop
  endfacet
  facet normal  -0.000000e+000  0.000000e+000  1.000000e+000
    outer loop
      vertex  1.100000e+002 -1.350000e+002  1.000000e+001
      vertex  6.191179e+001 -1.416109e+002  1.000000e+001
      vertex  6.150000e+001 -1.420000e+002  1.000000e+001
    endloop
  endfacet
  facet normal  0.000000e+000  0.000000e+000  1.000000e+000
    outer loop
      vertex  1.100000e+002 -1.350000e+002  1.000000e+001
      vertex  6.150000e+001 -1.420000e+002  1.000000e+001
      vertex  1.100000e+002 -1.420000e+002  1.000000e+001
    endloop
  endfacet
  facet normal  0.000000e+000  0.000000e+000  1.000000e+000
    outer loop
      vertex -8.500000e+001 -1.350000e+002  1.000000e+001
      vertex -7.222540e+001 -1.411391e+002  1.000000e+001
      vertex -7.242474e+001 -1.406088e+002  1.000000e+001
    endloop
  endfacet
  facet normal  0.000000e+000  0.000000e+000  1.000000e+000
    outer loop
      vertex -8.500000e+001 -1.350000e+002  1.000000e+001
      vertex -7.242474e+001 -1.406088e+002  1.000000e+001
      vertex -7.249955e+001 -1.400472e+002  1.000000e+001
    endloop
  endfacet
  facet normal  0.000000e+000  -0.000000e+000  1.000000e+000
    outer loop
      vertex -8.500000e+001 -1.350000e+002  1.000000e+001
      vertex -7.249955e+001 -1.400472e+002  1.000000e+001
      vertex -7.244601e+001 -1.394832e+002  1.000000e+001
    endloop
  endfacet
  facet normal  0.000000e+000  -0.000000e+000  1.000000e+000
    outer loop
      vertex -8.500000e+001 -1.350000e+002  1.000000e+001
      vertex -7.244601e+001 -1.394832e+002  1.000000e+001
      vertex -7.226686e+001 -1.389458e+002  1.000000e+001
    endloop
  endfacet
  facet normal  0.000000e+000  -0.000000e+000  1.000000e+000
    outer loop
      vertex -8.500000e+001 -1.350000e+002  1.000000e+001
      vertex -7.226686e+001 -1.389458e+002  1.000000e+001
      vertex -7.197130e+001 -1.384625e+002  1.000000e+001
    endloop
  endfacet
  facet normal  0.000000e+000  -0.000000e+000  1.000000e+000
    outer loop
      vertex -8.500000e+001 -1.350000e+002  1.000000e+001
      vertex -7.197130e+001 -1.384625e+002  1.000000e+001
      vertex -7.157450e+001 -1.380581e+002  1.000000e+001
    endloop
  endfacet
  facet normal  0.000000e+000  -0.000000e+000  1.000000e+000
    outer loop
      vertex -8.500000e+001 -1.350000e+002  1.000000e+001
      vertex -7.157450e+001 -1.380581e+002  1.000000e+001
      vertex -7.109686e+001 -1.377535e+002  1.000000e+001
    endloop
  endfacet
  facet normal  0.000000e+000  -0.000000e+000  1.000000e+000
    outer loop
      vertex -8.500000e+001 -1.350000e+002  1.000000e+001
      vertex -7.109686e+001 -1.377535e+002  1.000000e+001
      vertex -7.056288e+001 -1.375642e+002  1.000000e+001
    endloop
  endfacet
  facet normal  0.000000e+000  -0.000000e+000  1.000000e+000
    outer loop
      vertex -8.500000e+001 -1.350000e+002  1.000000e+001
      vertex -7.056288e+001 -1.375642e+002  1.000000e+001
      vertex -7.000000e+001 -1.375000e+002  1.000000e+001
    endloop
  endfacet
  facet normal  0.000000e+000  -0.000000e+000  1.000000e+000
    outer loop
      vertex -8.500000e+001 -1.350000e+002  1.000000e+001
      vertex -7.000000e+001 -1.375000e+002  1.000000e+001
      vertex -4.000000e+001 -1.375000e+002  1.000000e+001
    endloop
  endfacet
  facet normal  0.000000e+000  -0.000000e+000  1.000000e+000
    outer loop
      vertex -8.500000e+001 -1.350000e+002  1.000000e+001
      vertex -4.000000e+001 -1.375000e+002  1.000000e+001
      vertex  1.000000e+001 -1.375000e+002  1.000000e+001
    endloop
  endfacet
  facet normal  0.000000e+000  -0.000000e+000  1.000000e+000
    outer loop
      vertex -8.500000e+001 -1.350000e+002  1.000000e+001
      vertex  1.000000e+001 -1.375000e+002  1.000000e+001
      vertex  6.000000e+001 -1.375000e+002  1.000000e+001
    endloop
  endfacet
  facet normal  0.000000e+000  -0.000000e+000  9.999999e-001
    outer loop
      vertex -8.500000e+001 -1.350000e+002  1.000000e+001
      vertex  6.000000e+001 -1.375000e+002  1.000000e+001
      vertex  1.100000e+002 -1.350000e+002  1.000000e+001
    endloop
  endfacet
  facet normal  0.000000e+000  0.000000e+000  1.000000e+000
    outer loop
      vertex -9.111803e+001 -1.322361e+002  1.000000e+001
      vertex -7.150000e+001 -1.420000e+002  1.000000e+001
      vertex -7.191179e+001 -1.416109e+002  1.000000e+001
    endloop
  endfacet
  facet normal  0.000000e+000  0.000000e+000  1.000000e+000
    outer loop
      vertex -9.111803e+001 -1.322361e+002  1.000000e+001
      vertex -7.191179e+001 -1.416109e+002  1.000000e+001
      vertex -7.222540e+001 -1.411391e+002  1.000000e+001
    endloop
  endfacet
  facet normal  0.000000e+000  0.000000e+000  1.000000e+000
    outer loop
      vertex -9.111803e+001 -1.322361e+002  1.000000e+001
      vertex -7.222540e+001 -1.411391e+002  1.000000e+001
      vertex -8.500000e+001 -1.350000e+002  1.000000e+001
    endloop
  endfacet
  facet normal  0.000000e+000  0.000000e+000  1.000000e+000
    outer loop
      vertex -9.200000e+001 -1.420000e+002  1.000000e+001
      vertex -7.150000e+001 -1.420000e+002  1.000000e+001
      vertex -9.111803e+001 -1.322361e+002  1.000000e+001
    endloop
  endfacet
  facet normal  0.000000e+000  0.000000e+000  1.000000e+000
    outer loop
      vertex -9.200000e+001 -1.420000e+002  1.000000e+001
      vertex -9.111803e+001 -1.322361e+002  1.000000e+001
      vertex -9.160187e+001 -1.319194e+002  1.000000e+001
    endloop
  endfacet
  facet normal  0.000000e+000  0.000000e+000  1.000000e+000
    outer loop
      vertex -9.200000e+001 -1.420000e+002  1.000000e+001
      vertex -9.160187e+001 -1.319194e+002  1.000000e+001
      vertex -9.200000e+001 -1.315000e+002  1.000000e+001
    endloop
  endfacet
  facet normal  -0.000000e+000  0.000000e+000  1.000000e+000
    outer loop
      vertex -8.500000e+001  0.000000e+000  1.000000e+001
      vertex -9.200000e+001  0.000000e+000  1.000000e+001
      vertex -9.000000e+001 -2.750000e+001  1.000000e+001
    endloop
  endfacet
  facet normal  -0.000000e+000  0.000000e+000  9.999999e-001
    outer loop
      vertex -8.500000e+001  0.000000e+000  1.000000e+001
      vertex -9.000000e+001 -2.750000e+001  1.000000e+001
      vertex -8.944370e+001 -2.756268e+001  1.000000e+001
    endloop
  endfacet
  facet normal  -0.000000e+000  0.000000e+000  9.999999e-001
    outer loop
      vertex -8.500000e+001  0.000000e+000  1.000000e+001
      vertex -8.944370e+001 -2.756268e+001  1.000000e+001
      vertex -8.891529e+001 -2.774758e+001  1.000000e+001
    endloop
  endfacet
  facet normal  -0.000000e+000  0.000000e+000  1.000000e+000
    outer loop
      vertex -8.500000e+001  0.000000e+000  1.000000e+001
      vertex -8.891529e+001 -2.774758e+001  1.000000e+001
      vertex -8.844128e+001 -2.804542e+001  1.000000e+001
    endloop
  endfacet
  facet normal  -0.000000e+000  0.000000e+000  1.000000e+000
    outer loop
      vertex -8.500000e+001  0.000000e+000  1.000000e+001
      vertex -8.844128e+001 -2.804542e+001  1.000000e+001
      vertex -8.804542e+001 -2.844127e+001  1.000000e+001
    endloop
  endfacet
  facet normal  -0.000000e+000  0.000000e+000  1.000000e+000
    outer loop
      vertex -8.500000e+001  0.000000e+000  1.000000e+001
      vertex -8.804542e+001 -2.844127e+001  1.000000e+001
      vertex -8.774758e+001 -2.891529e+001  1.000000e+001
    endloop
  endfacet
  facet normal  -0.000000e+000  0.000000e+000  1.000000e+000
    outer loop
      vertex -8.500000e+001  0.000000e+000  1.000000e+001
      vertex -8.774758e+001 -2.891529e+001  1.000000e+001
      vertex -8.756268e+001 -2.944370e+001  1.000000e+001
    endloop
  endfacet
  facet normal  -0.000000e+000  0.000000e+000  1.000000e+000
    outer loop
      vertex -8.500000e+001  0.000000e+000  1.000000e+001
      vertex -8.756268e+001 -2.944370e+001  1.000000e+001
      vertex -8.750000e+001 -3.000000e+001  1.000000e+001
    endloop
  endfacet
  facet normal  -0.000000e+000  0.000000e+000  1.000000e+000
    outer loop
      vertex -8.500000e+001  0.000000e+000  1.000000e+001
      vertex -8.750000e+001 -3.000000e+001  1.000000e+001
      vertex -9.000000e+001 -7.750000e+001  1.000000e+001
    endloop
  endfacet
  facet normal  -0.000000e+000  0.000000e+000  1.000000e+000
    outer loop
      vertex -8.500000e+001  0.000000e+000  1.000000e+001
      vertex -9.000000e+001 -7.750000e+001  1.000000e+001
      vertex -8.944370e+001 -7.756268e+001  1.000000e+001
    endloop
  endfacet
  facet normal  -0.000000e+000  0.000000e+000  1.000000e+000
    outer loop
      vertex -8.500000e+001  0.000000e+000  1.000000e+001
      vertex -8.944370e+001 -7.756268e+001  1.000000e+001
      vertex -8.891529e+001 -7.774758e+001  1.000000e+001
    endloop
  endfacet
  facet normal  -0.000000e+000  0.000000e+000  1.000000e+000
    outer loop
      vertex -8.500000e+001  0.000000e+000  1.000000e+001
      vertex -8.891529e+001 -7.774758e+001  1.000000e+001
      vertex -8.844128e+001 -7.804542e+001  1.000000e+001
    endloop
  endfacet
  facet normal  -0.000000e+000  0.000000e+000  1.000000e+000
    outer loop
      vertex -8.500000e+001  0.000000e+000  1.000000e+001
      vertex -8.844128e+001 -7.804542e+001  1.000000e+001
      vertex -8.804542e+001 -7.844128e+001  1.000000e+001
    endloop
  endfacet
  facet normal  -0.000000e+000  0.000000e+000  1.000000e+000
    outer loop
      vertex -8.500000e+001  0.000000e+000  1.000000e+001
      vertex -8.804542e+001 -7.844128e+001  1.000000e+001
      vertex -8.774758e+001 -7.891529e+001  1.000000e+001
    endloop
  endfacet
  facet normal  -0.000000e+000  0.000000e+000  1.000000e+000
    outer loop
      vertex -8.500000e+001  0.000000e+000  1.000000e+001
      vertex -8.774758e+001 -7.891529e+001  1.000000e+001
      vertex -8.756268e+001 -7.944370e+001  1.000000e+001
    endloop
  endfacet
  facet normal  -0.000000e+000  0.000000e+000  9.999999e-001
    outer loop
      vertex -8.500000e+001  0.000000e+000  1.000000e+001
      vertex -8.756268e+001 -7.944370e+001  1.000000e+001
      vertex -8.750000e+001 -8.000000e+001  1.000000e+001
    endloop
  endfacet
  facet normal  -0.000000e+000  0.000000e+000  9.999999e-001
    outer loop
      vertex -8.500000e+001  0.000000e+000  1.000000e+001
      vertex -8.750000e+001 -8.000000e+001  1.000000e+001
      vertex -8.891529e+001 -1.277476e+002  1.000000e+001
    endloop
  endfacet
  facet normal  -0.000000e+000  0.000000e+000  9.999999e-001
    outer loop
      vertex -8.500000e+001  0.000000e+000  1.000000e+001
      vertex -8.891529e+001 -1.277476e+002  1.000000e+001
      vertex -8.844128e+001 -1.280454e+002  1.000000e+001
    endloop
  endfacet
  facet normal  -0.000000e+000  0.000000e+000  1.000000e+000
    outer loop
      vertex -8.500000e+001  0.000000e+000  1.000000e+001
      vertex -8.844128e+001 -1.280454e+002  1.000000e+001
      vertex -8.804542e+001 -1.284413e+002  1.000000e+001
    endloop
  endfacet
  facet normal  -0.000000e+000  0.000000e+000  1.000000e+000
    outer loop
      vertex -8.500000e+001  0.000000e+000  1.000000e+001
      vertex -8.804542e+001 -1.284413e+002  1.000000e+001
      vertex -8.774758e+001 -1.289153e+002  1.000000e+001
    endloop
  endfacet
  facet normal  -0.000000e+000  0.000000e+000  9.999999e-001
    outer loop
      vertex -8.500000e+001  0.000000e+000  1.000000e+001
      vertex -8.774758e+001 -1.289153e+002  1.000000e+001
      vertex -8.756268e+001 -1.294437e+002  1.000000e+001
    endloop
  endfacet
  facet normal  -0.000000e+000  0.000000e+000  1.000000e+000
    outer loop
      vertex -8.500000e+001  0.000000e+000  1.000000e+001
      vertex -8.756268e+001 -1.294437e+002  1.000000e+001
      vertex -8.750000e+001 -1.300000e+002  1.000000e+001
    endloop
  endfacet
  facet normal  -0.000000e+000  0.000000e+000  1.000000e+000
    outer loop
      vertex -8.750000e+001 -8.000000e+001  1.000000e+001
      vertex -8.756268e+001 -8.055630e+001  1.000000e+001
      vertex -9.000000e+001 -1.275000e+002  1.000000e+001
    endloop
  endfacet
  facet normal  -0.000000e+000  0.000000e+000  1.000000e+000
    outer loop
      vertex -8.750000e+001 -8.000000e+001  1.000000e+001
      vertex -9.000000e+001 -1.275000e+002  1.000000e+001
      vertex -8.944370e+001 -1.275627e+002  1.000000e+001
    endloop
  endfacet
  facet normal  -0.000000e+000  0.000000e+000  1.000000e+000
    outer loop
      vertex -8.750000e+001 -8.000000e+001  1.000000e+001
      vertex -8.944370e+001 -1.275627e+002  1.000000e+001
      vertex -8.891529e+001 -1.277476e+002  1.000000e+001
    endloop
  endfacet
  facet normal  0.000000e+000  0.000000e+000  1.000000e+000
    outer loop
      vertex -9.000000e+001 -8.250000e+001  1.000000e+001
      vertex -9.200000e+001 -1.285000e+002  1.000000e+001
      vertex -9.160187e+001 -1.280806e+002  1.000000e+001
    endloop
  endfacet
  facet normal  0.000000e+000  0.000000e+000  1.000000e+000
    outer loop
      vertex -9.000000e+001 -8.250000e+001  1.000000e+001
      vertex -9.160187e+001 -1.280806e+002  1.000000e+001
      vertex -9.111803e+001 -1.277639e+002  1.000000e+001
    endloop
  endfacet
  facet normal  0.000000e+000  0.000000e+000  1.000000e+000
    outer loop
      vertex -9.000000e+001 -8.250000e+001  1.000000e+001
      vertex -9.111803e+001 -1.277639e+002  1.000000e+001
      vertex -9.057438e+001 -1.275669e+002  1.000000e+001
    endloop
  endfacet
  facet normal  0.000000e+000  0.000000e+000  1.000000e+000
    outer loop
      vertex -9.000000e+001 -8.250000e+001  1.000000e+001
      vertex -9.057438e+001 -1.275669e+002  1.000000e+001
      vertex -9.000000e+001 -1.275000e+002  1.000000e+001
    endloop
  endfacet
  facet normal  0.000000e+000  0.000000e+000  1.000000e+000
    outer loop
      vertex -9.000000e+001 -3.250000e+001  1.000000e+001
      vertex -9.200000e+001 -7.850000e+001  1.000000e+001
      vertex -9.160187e+001 -7.808062e+001  1.000000e+001
    endloop
  endfacet
  facet normal  0.000000e+000  0.000000e+000  9.999999e-001
    outer loop
      vertex -9.000000e+001 -3.250000e+001  1.000000e+001
      vertex -9.160187e+001 -7.808062e+001  1.000000e+001
      vertex -9.111803e+001 -7.776393e+001  1.000000e+001
    endloop
  endfacet
  facet normal  0.000000e+000  0.000000e+000  1.000000e+000
    outer loop
      vertex -9.000000e+001 -3.250000e+001  1.000000e+001
      vertex -9.111803e+001 -7.776393e+001  1.000000e+001
      vertex -9.057438e+001 -7.756688e+001  1.000000e+001
    endloop
  endfacet
  facet normal  0.000000e+000  0.000000e+000  1.000000e+000
    outer loop
      vertex -9.000000e+001 -3.250000e+001  1.000000e+001
      vertex -9.057438e+001 -7.756688e+001  1.000000e+001
      vertex -9.000000e+001 -7.750000e+001  1.000000e+001
    endloop
  endfacet
  facet normal  0.000000e+000  0.000000e+000  9.999999e-001
    outer loop
      vertex -9.200000e+001  0.000000e+000  1.000000e+001
      vertex -9.200000e+001 -2.850000e+001  1.000000e+001
      vertex -9.160187e+001 -2.808062e+001  1.000000e+001
    endloop
  endfacet
  facet normal  0.000000e+000  -0.000000e+000  1.000000e+000
    outer loop
      vertex -9.200000e+001  0.000000e+000  1.000000e+001
      vertex -9.160187e+001 -2.808062e+001  1.000000e+001
      vertex -9.111803e+001 -2.776393e+001  1.000000e+001
    endloop
  endfacet
  facet normal  0.000000e+000  -0.000000e+000  1.000000e+000
    outer loop
      vertex -9.200000e+001  0.000000e+000  1.000000e+001
      vertex -9.111803e+001 -2.776393e+001  1.000000e+001
      vertex -9.057438e+001 -2.756688e+001  1.000000e+001
    endloop
  endfacet
  facet normal  0.000000e+000  -0.000000e+000  1.000000e+000
    outer loop
      vertex -9.200000e+001  0.000000e+000  1.000000e+001
      vertex -9.057438e+001 -2.756688e+001  1.000000e+001
      vertex -9.000000e+001 -2.750000e+001  1.000000e+001
    endloop
  endfacet
  facet normal  0.000000e+000  0.000000e+000  1.000000e+000
    outer loop
      vertex -4.244601e+001 -1.394832e+002  1.000000e+001
      vertex -6.750045e+001 -1.400472e+002  1.000000e+001
      vertex -4.249955e+001 -1.400472e+002  1.000000e+001
    endloop
  endfacet
  facet normal  0.000000e+000  0.000000e+000  9.999999e-001
    outer loop
      vertex -4.249955e+001 -1.400472e+002  1.000000e+001
      vertex -6.750045e+001 -1.400472e+002  1.000000e+001
      vertex -6.757526e+001 -1.406088e+002  1.000000e+001
    endloop
  endfacet
  facet normal  0.000000e+000  0.000000e+000  1.000000e+000
    outer loop
      vertex -4.249955e+001 -1.400472e+002  1.000000e+001
      vertex -6.757526e+001 -1.406088e+002  1.000000e+001
      vertex -4.242474e+001 -1.406088e+002  1.000000e+001
    endloop
  endfacet
  facet normal  0.000000e+000  0.000000e+000  1.000000e+000
    outer loop
      vertex -4.242474e+001 -1.406088e+002  1.000000e+001
      vertex -6.757526e+001 -1.406088e+002  1.000000e+001
      vertex -6.777460e+001 -1.411391e+002  1.000000e+001
    endloop
  endfacet
  facet normal  0.000000e+000  0.000000e+000  9.999999e-001
    outer loop
      vertex -4.242474e+001 -1.406088e+002  1.000000e+001
      vertex -6.777460e+001 -1.411391e+002  1.000000e+001
      vertex -4.222540e+001 -1.411391e+002  1.000000e+001
    endloop
  endfacet
  facet normal  0.000000e+000  0.000000e+000  1.000000e+000
    outer loop
      vertex -4.222540e+001 -1.411391e+002  1.000000e+001
      vertex -6.777460e+001 -1.411391e+002  1.000000e+001
      vertex -6.808821e+001 -1.416109e+002  1.000000e+001
    endloop
  endfacet
  facet normal  0.000000e+000  0.000000e+000  1.000000e+000
    outer loop
      vertex -4.222540e+001 -1.411391e+002  1.000000e+001
      vertex -6.808821e+001 -1.416109e+002  1.000000e+001
      vertex -4.191179e+001 -1.416109e+002  1.000000e+001
    endloop
  endfacet
  facet normal  0.000000e+000  0.000000e+000  1.000000e+000
    outer loop
      vertex -4.191179e+001 -1.416109e+002  1.000000e+001
      vertex -6.808821e+001 -1.416109e+002  1.000000e+001
      vertex -6.850000e+001 -1.420000e+002  1.000000e+001
    endloop
  endfacet
  facet normal  0.000000e+000  0.000000e+000  1.000000e+000
    outer loop
      vertex -4.191179e+001 -1.416109e+002  1.000000e+001
      vertex -6.850000e+001 -1.420000e+002  1.000000e+001
      vertex -4.150000e+001 -1.420000e+002  1.000000e+001
    endloop
  endfacet
  facet normal  0.000000e+000  0.000000e+000  1.000000e+000
    outer loop
      vertex -6.750045e+001 -1.400472e+002  1.000000e+001
      vertex -4.244601e+001 -1.394832e+002  1.000000e+001
      vertex -6.755399e+001 -1.394832e+002  1.000000e+001
    endloop
  endfacet
  facet normal  0.000000e+000  0.000000e+000  1.000000e+000
    outer loop
      vertex -6.755399e+001 -1.394832e+002  1.000000e+001
      vertex -4.244601e+001 -1.394832e+002  1.000000e+001
      vertex -4.226686e+001 -1.389458e+002  1.000000e+001
    endloop
  endfacet
  facet normal  0.000000e+000  0.000000e+000  1.000000e+000
    outer loop
      vertex -6.755399e+001 -1.394832e+002  1.000000e+001
      vertex -4.226686e+001 -1.389458e+002  1.000000e+001
      vertex -6.773314e+001 -1.389458e+002  1.000000e+001
    endloop
  endfacet
  facet normal  0.000000e+000  0.000000e+000  1.000000e+000
    outer loop
      vertex -6.773314e+001 -1.389458e+002  1.000000e+001
      vertex -4.226686e+001 -1.389458e+002  1.000000e+001
      vertex -4.197130e+001 -1.384625e+002  1.000000e+001
    endloop
  endfacet
  facet normal  0.000000e+000  0.000000e+000  1.000000e+000
    outer loop
      vertex -6.773314e+001 -1.389458e+002  1.000000e+001
      vertex -4.197130e+001 -1.384625e+002  1.000000e+001
      vertex -6.802870e+001 -1.384625e+002  1.000000e+001
    endloop
  endfacet
  facet normal  0.000000e+000  0.000000e+000  1.000000e+000
    outer loop
      vertex -6.802870e+001 -1.384625e+002  1.000000e+001
      vertex -4.197130e+001 -1.384625e+002  1.000000e+001
      vertex -4.157450e+001 -1.380581e+002  1.000000e+001
    endloop
  endfacet
  facet normal  0.000000e+000  0.000000e+000  1.000000e+000
    outer loop
      vertex -6.802870e+001 -1.384625e+002  1.000000e+001
      vertex -4.157450e+001 -1.380581e+002  1.000000e+001
      vertex -6.842550e+001 -1.380581e+002  1.000000e+001
    endloop
  endfacet
  facet normal  0.000000e+000  0.000000e+000  1.000000e+000
    outer loop
      vertex -6.842550e+001 -1.380581e+002  1.000000e+001
      vertex -4.157450e+001 -1.380581e+002  1.000000e+001
      vertex -4.109686e+001 -1.377535e+002  1.000000e+001
    endloop
  endfacet
  facet normal  0.000000e+000  0.000000e+000  1.000000e+000
    outer loop
      vertex -6.842550e+001 -1.380581e+002  1.000000e+001
      vertex -4.109686e+001 -1.377535e+002  1.000000e+001
      vertex -6.890314e+001 -1.377535e+002  1.000000e+001
    endloop
  endfacet
  facet normal  0.000000e+000  0.000000e+000  1.000000e+000
    outer loop
      vertex -6.890314e+001 -1.377535e+002  1.000000e+001
      vertex -4.109686e+001 -1.377535e+002  1.000000e+001
      vertex -4.056288e+001 -1.375642e+002  1.000000e+001
    endloop
  endfacet
  facet normal  0.000000e+000  0.000000e+000  1.000000e+000
    outer loop
      vertex -6.890314e+001 -1.377535e+002  1.000000e+001
      vertex -4.056288e+001 -1.375642e+002  1.000000e+001
      vertex -6.943712e+001 -1.375642e+002  1.000000e+001
    endloop
  endfacet
  facet normal  0.000000e+000  0.000000e+000  1.000000e+000
    outer loop
      vertex -6.943712e+001 -1.375642e+002  1.000000e+001
      vertex -4.056288e+001 -1.375642e+002  1.000000e+001
      vertex -4.000000e+001 -1.375000e+002  1.000000e+001
    endloop
  endfacet
  facet normal  0.000000e+000  0.000000e+000  1.000000e+000
    outer loop
      vertex -6.943712e+001 -1.375642e+002  1.000000e+001
      vertex -4.000000e+001 -1.375000e+002  1.000000e+001
      vertex -7.000000e+001 -1.375000e+002  1.000000e+001
    endloop
  endfacet
  facet normal  0.000000e+000  0.000000e+000  1.000000e+000
    outer loop
      vertex  7.553989e+000 -1.394832e+002  1.000000e+001
      vertex -3.750045e+001 -1.400472e+002  1.000000e+001
      vertex  7.500446e+000 -1.400472e+002  1.000000e+001
    endloop
  endfacet
  facet normal  0.000000e+000  0.000000e+000  1.000000e+000
    outer loop
      vertex  7.500446e+000 -1.400472e+002  1.000000e+001
      vertex -3.750045e+001 -1.400472e+002  1.000000e+001
      vertex -3.757526e+001 -1.406088e+002  1.000000e+001
    endloop
  endfacet
  facet normal  0.000000e+000  0.000000e+000  1.000000e+000
    outer loop
      vertex  7.500446e+000 -1.400472e+002  1.000000e+001
      vertex -3.757526e+001 -1.406088e+002  1.000000e+001
      vertex  7.575263e+000 -1.406088e+002  1.000000e+001
    endloop
  endfacet
  facet normal  0.000000e+000  0.000000e+000  1.000000e+000
    outer loop
      vertex  7.575263e+000 -1.406088e+002  1.000000e+001
      vertex -3.757526e+001 -1.406088e+002  1.000000e+001
      vertex -3.777460e+001 -1.411391e+002  1.000000e+001
    endloop
  endfacet
  facet normal  0.000000e+000  0.000000e+000  9.999999e-001
    outer loop
      vertex  7.575263e+000 -1.406088e+002  1.000000e+001
      vertex -3.777460e+001 -1.411391e+002  1.000000e+001
      vertex  7.774596e+000 -1.411391e+002  1.000000e+001
    endloop
  endfacet
  facet normal  0.000000e+000  0.000000e+000  1.000000e+000
    outer loop
      vertex  7.774596e+000 -1.411391e+002  1.000000e+001
      vertex -3.777460e+001 -1.411391e+002  1.000000e+001
      vertex -3.808821e+001 -1.416109e+002  1.000000e+001
    endloop
  endfacet
  facet normal  0.000000e+000  0.000000e+000  9.999999e-001
    outer loop
      vertex  7.774596e+000 -1.411391e+002  1.000000e+001
      vertex -3.808821e+001 -1.416109e+002  1.000000e+001
      vertex  8.088210e+000 -1.416109e+002  1.000000e+001
    endloop
  endfacet
  facet normal  0.000000e+000  0.000000e+000  1.000000e+000
    outer loop
      vertex  8.088210e+000 -1.416109e+002  1.000000e+001
      vertex -3.808821e+001 -1.416109e+002  1.000000e+001
      vertex -3.850000e+001 -1.420000e+002  1.000000e+001
    endloop
  endfacet
  facet normal  0.000000e+000  0.000000e+000  1.000000e+000
    outer loop
      vertex  8.088210e+000 -1.416109e+002  1.000000e+001
      vertex -3.850000e+001 -1.420000e+002  1.000000e+001
      vertex  8.500000e+000 -1.420000e+002  1.000000e+001
    endloop
  endfacet
  facet normal  0.000000e+000  0.000000e+000  1.000000e+000
    outer loop
      vertex -3.750045e+001 -1.400472e+002  1.000000e+001
      vertex  7.553989e+000 -1.394832e+002  1.000000e+001
      vertex -3.755399e+001 -1.394832e+002  1.000000e+001
    endloop
  endfacet
  facet normal  0.000000e+000  0.000000e+000  1.000000e+000
    outer loop
      vertex -3.755399e+001 -1.394832e+002  1.000000e+001
      vertex  7.553989e+000 -1.394832e+002  1.000000e+001
      vertex  7.733141e+000 -1.389458e+002  1.000000e+001
    endloop
  endfacet
  facet normal  0.000000e+000  0.000000e+000  9.999999e-001
    outer loop
      vertex -3.755399e+001 -1.394832e+002  1.000000e+001
      vertex  7.733141e+000 -1.389458e+002  1.000000e+001
      vertex -3.773314e+001 -1.389458e+002  1.000000e+001
    endloop
  endfacet
  facet normal  0.000000e+000  0.000000e+000  1.000000e+000
    outer loop
      vertex -3.773314e+001 -1.389458e+002  1.000000e+001
      vertex  7.733141e+000 -1.389458e+002  1.000000e+001
      vertex  8.028703e+000 -1.384625e+002  1.000000e+001
    endloop
  endfacet
  facet normal  0.000000e+000  0.000000e+000  1.000000e+000
    outer loop
      vertex -3.773314e+001 -1.389458e+002  1.000000e+001
      vertex  8.028703e+000 -1.384625e+002  1.000000e+001
      vertex -3.802870e+001 -1.384625e+002  1.000000e+001
    endloop
  endfacet
  facet normal  0.000000e+000  0.000000e+000  1.000000e+000
    outer loop
      vertex -3.802870e+001 -1.384625e+002  1.000000e+001
      vertex  8.028703e+000 -1.384625e+002  1.000000e+001
      vertex  8.425496e+000 -1.380581e+002  1.000000e+001
    endloop
  endfacet
  facet normal  0.000000e+000  0.000000e+000  1.000000e+000
    outer loop
      vertex -3.802870e+001 -1.384625e+002  1.000000e+001
      vertex  8.425496e+000 -1.380581e+002  1.000000e+001
      vertex -3.842550e+001 -1.380581e+002  1.000000e+001
    endloop
  endfacet
  facet normal  0.000000e+000  0.000000e+000  1.000000e+000
    outer loop
      vertex -3.842550e+001 -1.380581e+002  1.000000e+001
      vertex  8.425496e+000 -1.380581e+002  1.000000e+001
      vertex  8.903145e+000 -1.377535e+002  1.000000e+001
    endloop
  endfacet
  facet normal  0.000000e+000  0.000000e+000  9.999999e-001
    outer loop
      vertex -3.842550e+001 -1.380581e+002  1.000000e+001
      vertex  8.903145e+000 -1.377535e+002  1.000000e+001
      vertex -3.890314e+001 -1.377535e+002  1.000000e+001
    endloop
  endfacet
  facet normal  0.000000e+000  0.000000e+000  1.000000e+000
    outer loop
      vertex -3.890314e+001 -1.377535e+002  1.000000e+001
      vertex  8.903145e+000 -1.377535e+002  1.000000e+001
      vertex  9.437119e+000 -1.375642e+002  1.000000e+001
    endloop
  endfacet
  facet normal  0.000000e+000  0.000000e+000  1.000000e+000
    outer loop
      vertex -3.890314e+001 -1.377535e+002  1.000000e+001
      vertex  9.437119e+000 -1.375642e+002  1.000000e+001
      vertex -3.943712e+001 -1.375642e+002  1.000000e+001
    endloop
  endfacet
  facet normal  0.000000e+000  0.000000e+000  1.000000e+000
    outer loop
      vertex -3.943712e+001 -1.375642e+002  1.000000e+001
      vertex  9.437119e+000 -1.375642e+002  1.000000e+001
      vertex  1.000000e+001 -1.375000e+002  1.000000e+001
    endloop
  endfacet
  facet normal  0.000000e+000  0.000000e+000  1.000000e+000
    outer loop
      vertex -3.943712e+001 -1.375642e+002  1.000000e+001
      vertex  1.000000e+001 -1.375000e+002  1.000000e+001
      vertex -4.000000e+001 -1.375000e+002  1.000000e+001
    endloop
  endfacet
  facet normal  0.000000e+000  0.000000e+000  1.000000e+000
    outer loop
      vertex  5.755399e+001 -1.394832e+002  1.000000e+001
      vertex  1.249955e+001 -1.400472e+002  1.000000e+001
      vertex  5.750045e+001 -1.400472e+002  1.000000e+001
    endloop
  endfacet
  facet normal  0.000000e+000  0.000000e+000  1.000000e+000
    outer loop
      vertex  5.750045e+001 -1.400472e+002  1.000000e+001
      vertex  1.249955e+001 -1.400472e+002  1.000000e+001
      vertex  1.242474e+001 -1.406088e+002  1.000000e+001
    endloop
  endfacet
  facet normal  0.000000e+000  0.000000e+000  1.000000e+000
    outer loop
      vertex  5.750045e+001 -1.400472e+002  1.000000e+001
      vertex  1.242474e+001 -1.406088e+002  1.000000e+001
      vertex  5.757526e+001 -1.406088e+002  1.000000e+001
    endloop
  endfacet
  facet normal  0.000000e+000  0.000000e+000  1.000000e+000
    outer loop
      vertex  5.757526e+001 -1.406088e+002  1.000000e+001
      vertex  1.242474e+001 -1.406088e+002  1.000000e+001
      vertex  1.222540e+001 -1.411391e+002  1.000000e+001
    endloop
  endfacet
  facet normal  0.000000e+000  0.000000e+000  9.999999e-001
    outer loop
      vertex  5.757526e+001 -1.406088e+002  1.000000e+001
      vertex  1.222540e+001 -1.411391e+002  1.000000e+001
      vertex  5.777460e+001 -1.411391e+002  1.000000e+001
    endloop
  endfacet
  facet normal  0.000000e+000  0.000000e+000  1.000000e+000
    outer loop
      vertex  5.777460e+001 -1.411391e+002  1.000000e+001
      vertex  1.222540e+001 -1.411391e+002  1.000000e+001
      vertex  1.191179e+001 -1.416109e+002  1.000000e+001
    endloop
  endfacet
  facet normal  0.000000e+000  0.000000e+000  9.999999e-001
    outer loop
      vertex  5.777460e+001 -1.411391e+002  1.000000e+001
      vertex  1.191179e+001 -1.416109e+002  1.000000e+001
      vertex  5.808821e+001 -1.416109e+002  1.000000e+001
    endloop
  endfacet
  facet normal  0.000000e+000  0.000000e+000  1.000000e+000
    outer loop
      vertex  5.808821e+001 -1.416109e+002  1.000000e+001
      vertex  1.191179e+001 -1.416109e+002  1.000000e+001
      vertex  1.150000e+001 -1.420000e+002  1.000000e+001
    endloop
  endfacet
  facet normal  0.000000e+000  0.000000e+000  1.000000e+000
    outer loop
      vertex  5.808821e+001 -1.416109e+002  1.000000e+001
      vertex  1.150000e+001 -1.420000e+002  1.000000e+001
      vertex  5.850000e+001 -1.420000e+002  1.000000e+001
    endloop
  endfacet
  facet normal  0.000000e+000  0.000000e+000  1.000000e+000
    outer loop
      vertex  1.249955e+001 -1.400472e+002  1.000000e+001
      vertex  5.755399e+001 -1.394832e+002  1.000000e+001
      vertex  1.244601e+001 -1.394832e+002  1.000000e+001
    endloop
  endfacet
  facet normal  0.000000e+000  0.000000e+000  1.000000e+000
    outer loop
      vertex  1.244601e+001 -1.394832e+002  1.000000e+001
      vertex  5.755399e+001 -1.394832e+002  1.000000e+001
      vertex  5.773314e+001 -1.389458e+002  1.000000e+001
    endloop
  endfacet
  facet normal  0.000000e+000  0.000000e+000  9.999999e-001
    outer loop
      vertex  1.244601e+001 -1.394832e+002  1.000000e+001
      vertex  5.773314e+001 -1.389458e+002  1.000000e+001
      vertex  1.226686e+001 -1.389458e+002  1.000000e+001
    endloop
  endfacet
  facet normal  0.000000e+000  0.000000e+000  1.000000e+000
    outer loop
      vertex  1.226686e+001 -1.389458e+002  1.000000e+001
      vertex  5.773314e+001 -1.389458e+002  1.000000e+001
      vertex  5.802870e+001 -1.384625e+002  1.000000e+001
    endloop
  endfacet
  facet normal  0.000000e+000  0.000000e+000  1.000000e+000
    outer loop
      vertex  1.226686e+001 -1.389458e+002  1.000000e+001
      vertex  5.802870e+001 -1.384625e+002  1.000000e+001
      vertex  1.197130e+001 -1.384625e+002  1.000000e+001
    endloop
  endfacet
  facet normal  0.000000e+000  0.000000e+000  1.000000e+000
    outer loop
      vertex  1.197130e+001 -1.384625e+002  1.000000e+001
      vertex  5.802870e+001 -1.384625e+002  1.000000e+001
      vertex  5.842550e+001 -1.380581e+002  1.000000e+001
    endloop
  endfacet
  facet normal  0.000000e+000  0.000000e+000  1.000000e+000
    outer loop
      vertex  1.197130e+001 -1.384625e+002  1.000000e+001
      vertex  5.842550e+001 -1.380581e+002  1.000000e+001
      vertex  1.157450e+001 -1.380581e+002  1.000000e+001
    endloop
  endfacet
  facet normal  0.000000e+000  0.000000e+000  1.000000e+000
    outer loop
      vertex  1.157450e+001 -1.380581e+002  1.000000e+001
      vertex  5.842550e+001 -1.380581e+002  1.000000e+001
      vertex  5.890314e+001 -1.377535e+002  1.000000e+001
    endloop
  endfacet
  facet normal  0.000000e+000  0.000000e+000  9.999999e-001
    outer loop
      vertex  1.157450e+001 -1.380581e+002  1.000000e+001
      vertex  5.890314e+001 -1.377535e+002  1.000000e+001
      vertex  1.109686e+001 -1.377535e+002  1.000000e+001
    endloop
  endfacet
  facet normal  0.000000e+000  0.000000e+000  1.000000e+000
    outer loop
      vertex  1.109686e+001 -1.377535e+002  1.000000e+001
      vertex  5.890314e+001 -1.377535e+002  1.000000e+001
      vertex  5.943712e+001 -1.375642e+002  1.000000e+001
    endloop
  endfacet
  facet normal  0.000000e+000  0.000000e+000  1.000000e+000
    outer loop
      vertex  1.109686e+001 -1.377535e+002  1.000000e+001
      vertex  5.943712e+001 -1.375642e+002  1.000000e+001
      vertex  1.056288e+001 -1.375642e+002  1.000000e+001
    endloop
  endfacet
  facet normal  0.000000e+000  0.000000e+000  1.000000e+000
    outer loop
      vertex  1.056288e+001 -1.375642e+002  1.000000e+001
      vertex  5.943712e+001 -1.375642e+002  1.000000e+001
      vertex  6.000000e+001 -1.375000e+002  1.000000e+001
    endloop
  endfacet
  facet normal  0.000000e+000  0.000000e+000  1.000000e+000
    outer loop
      vertex  1.056288e+001 -1.375642e+002  1.000000e+001
      vertex  6.000000e+001 -1.375000e+002  1.000000e+001
      vertex  1.000000e+001 -1.375000e+002  1.000000e+001
    endloop
  endfacet
  facet normal  1.637600e-001 -5.045997e-005  9.865002e-001
    outer loop
      vertex -9.258527e+001  1.868663e-021  1.005764e+001
      vertex -9.249207e+001 -3.019899e+001  1.004063e+001
      vertex -9.247972e+001 -2.968222e+001  1.003860e+001
    endloop
  endfacet
  facet normal  9.801622e-002 -2.898216e-004  9.951847e-001
    outer loop
      vertex -9.200000e+001  0.000000e+000  1.000000e+001
      vertex -9.258527e+001  1.868663e-021  1.005764e+001
      vertex -9.247972e+001 -2.968222e+001  1.003860e+001
    endloop
  endfacet
  facet normal  1.499256e-001 -1.137214e-003  9.886967e-001
    outer loop
      vertex -9.200000e+001  0.000000e+000  1.000000e+001
      vertex -9.247972e+001 -2.968222e+001  1.003860e+001
      vertex -9.238875e+001 -2.926251e+001  1.002529e+001
    endloop
  endfacet
  facet normal  1.039684e-001 -5.215934e-004  9.945805e-001
    outer loop
      vertex -9.200000e+001  0.000000e+000  1.000000e+001
      vertex -9.238875e+001 -2.926251e+001  1.002529e+001
      vertex -9.222727e+001 -2.886454e+001  1.000862e+001
    endloop
  endfacet
  facet normal  3.790201e-002  0.000000e+000  9.992814e-001
    outer loop
      vertex -9.200000e+001  0.000000e+000  1.000000e+001
      vertex -9.222727e+001 -2.886454e+001  1.000862e+001
      vertex -9.200000e+001 -2.850000e+001  1.000000e+001
    endloop
  endfacet
  facet normal  3.910679e-002  0.000000e+000  9.992350e-001
    outer loop
      vertex -9.200000e+001 -1.420000e+002  1.000000e+001
      vertex -9.200000e+001 -1.315000e+002  1.000000e+001
      vertex -9.223447e+001 -1.311212e+002  1.000918e+001
    endloop
  endfacet
  facet normal  1.092328e-001  1.515807e-003  9.940150e-001
    outer loop
      vertex -9.200000e+001 -1.420000e+002  1.000000e+001
      vertex -9.223447e+001 -1.311212e+002  1.000918e+001
      vertex -9.239793e+001 -1.307071e+002  1.002651e+001
    endloop
  endfacet
  facet normal  1.671728e-001  3.576426e-003  9.859211e-001
    outer loop
      vertex -9.200000e+001 -1.420000e+002  1.000000e+001
      vertex -9.239793e+001 -1.307071e+002  1.002651e+001
      vertex -9.249207e+001 -1.301990e+002  1.004063e+001
    endloop
  endfacet
  facet normal  9.801621e-002  6.609176e-004  9.951846e-001
    outer loop
      vertex -9.200000e+001 -1.420000e+002  1.000000e+001
      vertex -9.249207e+001 -1.301990e+002  1.004063e+001
      vertex -9.258527e+001 -1.420000e+002  1.005764e+001
    endloop
  endfacet
  facet normal  1.796046e-001  0.000000e+000  9.837389e-001
    outer loop
      vertex -9.249207e+001 -3.019899e+001  1.004063e+001
      vertex -9.258527e+001  1.868663e-021  1.005764e+001
      vertex -9.258527e+001 -1.420000e+002  1.005764e+001
    endloop
  endfacet
  facet normal  2.902869e-001  -0.000000e+000  9.569397e-001
    outer loop
      vertex -9.258527e+001 -1.420000e+002  1.005764e+001
      vertex -9.258527e+001  1.868663e-021  1.005764e+001
      vertex -9.314805e+001  1.868663e-021  1.022836e+001
    endloop
  endfacet
  facet normal  2.902869e-001  0.000000e+000  9.569397e-001
    outer loop
      vertex -9.258527e+001 -1.420000e+002  1.005764e+001
      vertex -9.314805e+001  1.868663e-021  1.022836e+001
      vertex -9.314805e+001 -1.420000e+002  1.022836e+001
    endloop
  endfacet
  facet normal  4.713966e-001  -0.000000e+000  8.819213e-001
    outer loop
      vertex -9.314805e+001 -1.420000e+002  1.022836e+001
      vertex -9.314805e+001  1.868663e-021  1.022836e+001
      vertex -9.366671e+001  1.868663e-021  1.050559e+001
    endloop
  endfacet
  facet normal  4.713966e-001  0.000000e+000  8.819213e-001
    outer loop
      vertex -9.314805e+001 -1.420000e+002  1.022836e+001
      vertex -9.366671e+001  1.868663e-021  1.050559e+001
      vertex -9.366671e+001 -1.420000e+002  1.050559e+001
    endloop
  endfacet
  facet normal  6.343901e-001  -0.000000e+000  7.730131e-001
    outer loop
      vertex -9.366671e+001 -1.420000e+002  1.050559e+001
      vertex -9.366671e+001  1.868663e-021  1.050559e+001
      vertex -9.412132e+001  1.868663e-021  1.087868e+001
    endloop
  endfacet
  facet normal  6.343901e-001  0.000000e+000  7.730131e-001
    outer loop
      vertex -9.366671e+001 -1.420000e+002  1.050559e+001
      vertex -9.412132e+001  1.868663e-021  1.087868e+001
      vertex -9.412132e+001 -1.420000e+002  1.087868e+001
    endloop
  endfacet
  facet normal  7.730135e-001  -0.000000e+000  6.343896e-001
    outer loop
      vertex -9.412132e+001 -1.420000e+002  1.087868e+001
      vertex -9.412132e+001  1.868663e-021  1.087868e+001
      vertex -9.449441e+001  1.868663e-021  1.133329e+001
    endloop
  endfacet
  facet normal  7.730135e-001  0.000000e+000  6.343896e-001
    outer loop
      vertex -9.412132e+001 -1.420000e+002  1.087868e+001
      vertex -9.449441e+001  1.868663e-021  1.133329e+001
      vertex -9.449441e+001 -1.420000e+002  1.133329e+001
    endloop
  endfacet
  facet normal  8.819216e-001  -0.000000e+000  4.713961e-001
    outer loop
      vertex -9.449441e+001 -1.420000e+002  1.133329e+001
      vertex -9.449441e+001  1.868663e-021  1.133329e+001
      vertex -9.477164e+001  1.868663e-021  1.185195e+001
    endloop
  endfacet
  facet normal  8.819216e-001  0.000000e+000  4.713961e-001
    outer loop
      vertex -9.449441e+001 -1.420000e+002  1.133329e+001
      vertex -9.477164e+001  1.868663e-021  1.185195e+001
      vertex -9.477164e+001 -1.420000e+002  1.185195e+001
    endloop
  endfacet
  facet normal  9.569413e-001  -0.000000e+000  2.902817e-001
    outer loop
      vertex -9.477164e+001 -1.420000e+002  1.185195e+001
      vertex -9.477164e+001  1.868663e-021  1.185195e+001
      vertex -9.494235e+001  1.868663e-021  1.241473e+001
    endloop
  endfacet
  facet normal  9.569413e-001  0.000000e+000  2.902817e-001
    outer loop
      vertex -9.477164e+001 -1.420000e+002  1.185195e+001
      vertex -9.494235e+001  1.868663e-021  1.241473e+001
      vertex -9.494235e+001 -1.420000e+002  1.241473e+001
    endloop
  endfacet
  facet normal  9.951842e-001  -0.000000e+000  9.802312e-002
    outer loop
      vertex -9.494235e+001 -1.420000e+002  1.241473e+001
      vertex -9.494235e+001  1.868663e-021  1.241473e+001
      vertex -9.500000e+001  1.868663e-021  1.300000e+001
    endloop
  endfacet
  facet normal  9.951842e-001  0.000000e+000  9.802312e-002
    outer loop
      vertex -9.494235e+001 -1.420000e+002  1.241473e+001
      vertex -9.500000e+001  1.868663e-021  1.300000e+001
      vertex -9.500000e+001 -1.420000e+002  1.300000e+001
    endloop
  endfacet
  facet normal  1.796046e-001  -0.000000e+000  9.837388e-001
    outer loop
      vertex -9.258527e+001 -1.420000e+002  1.005764e+001
      vertex -9.249207e+001 -8.019899e+001  1.004063e+001
      vertex -9.249207e+001 -3.019899e+001  1.004063e+001
    endloop
  endfacet
  facet normal  1.617032e-001  0.000000e+000  9.868394e-001
    outer loop
      vertex -9.249207e+001 -3.019899e+001  1.004063e+001
      vertex -9.249207e+001 -8.019899e+001  1.004063e+001
      vertex -9.247972e+001 -7.968222e+001  1.003860e+001
    endloop
  endfacet
  facet normal  1.483047e-001 -3.428397e-006  9.889417e-001
    outer loop
      vertex -9.249207e+001 -3.019899e+001  1.004063e+001
      vertex -9.247972e+001 -7.968222e+001  1.003860e+001
      vertex -9.239793e+001 -3.070708e+001  1.002651e+001
    endloop
  endfacet
  facet normal  1.447793e-001  2.588469e-006  9.894639e-001
    outer loop
      vertex -9.247972e+001 -7.968222e+001  1.003860e+001
      vertex -9.238875e+001 -7.926250e+001  1.002529e+001
      vertex -9.239793e+001 -3.070708e+001  1.002651e+001
    endloop
  endfacet
  facet normal  1.027099e-001 -5.495080e-006  9.947113e-001
    outer loop
      vertex -9.239793e+001 -3.070708e+001  1.002651e+001
      vertex -9.238875e+001 -7.926250e+001  1.002529e+001
      vertex -9.222727e+001 -7.886454e+001  1.000862e+001
    endloop
  endfacet
  facet normal  1.054467e-001  4.309410e-006  9.944250e-001
    outer loop
      vertex -9.239793e+001 -3.070708e+001  1.002651e+001
      vertex -9.222727e+001 -7.886454e+001  1.000862e+001
      vertex -9.223447e+001 -3.112123e+001  1.000918e+001
    endloop
  endfacet
  facet normal  3.791150e-002 -5.924126e-006  9.992811e-001
    outer loop
      vertex -9.223447e+001 -3.112123e+001  1.000918e+001
      vertex -9.222727e+001 -7.886454e+001  1.000862e+001
      vertex -9.200000e+001 -7.850000e+001  1.000000e+001
    endloop
  endfacet
  facet normal  3.910679e-002  -0.000000e+000  9.992350e-001
    outer loop
      vertex -9.223447e+001 -3.112123e+001  1.000918e+001
      vertex -9.200000e+001 -7.850000e+001  1.000000e+001
      vertex -9.200000e+001 -3.150000e+001  1.000000e+001
    endloop
  endfacet
  facet normal  1.796046e-001  -0.000000e+000  9.837388e-001
    outer loop
      vertex -9.258527e+001 -1.420000e+002  1.005764e+001
      vertex -9.249207e+001 -1.301990e+002  1.004063e+001
      vertex -9.249207e+001 -8.019899e+001  1.004063e+001
    endloop
  endfacet
  facet normal  1.617032e-001  0.000000e+000  9.868394e-001
    outer loop
      vertex -9.249207e+001 -8.019899e+001  1.004063e+001
      vertex -9.249207e+001 -1.301990e+002  1.004063e+001
      vertex -9.247972e+001 -1.296822e+002  1.003860e+001
    endloop
  endfacet
  facet normal  1.483047e-001 -3.428397e-006  9.889417e-001
    outer loop
      vertex -9.249207e+001 -8.019899e+001  1.004063e+001
      vertex -9.247972e+001 -1.296822e+002  1.003860e+001
      vertex -9.239793e+001 -8.070708e+001  1.002651e+001
    endloop
  endfacet
  facet normal  1.447793e-001  2.588469e-006  9.894640e-001
    outer loop
      vertex -9.247972e+001 -1.296822e+002  1.003860e+001
      vertex -9.238875e+001 -1.292625e+002  1.002529e+001
      vertex -9.239793e+001 -8.070708e+001  1.002651e+001
    endloop
  endfacet
  facet normal  1.027099e-001 -5.495079e-006  9.947114e-001
    outer loop
      vertex -9.239793e+001 -8.070708e+001  1.002651e+001
      vertex -9.238875e+001 -1.292625e+002  1.002529e+001
      vertex -9.222727e+001 -1.288645e+002  1.000862e+001
    endloop
  endfacet
  facet normal  1.054467e-001  4.309411e-006  9.944249e-001
    outer loop
      vertex -9.239793e+001 -8.070708e+001  1.002651e+001
      vertex -9.222727e+001 -1.288645e+002  1.000862e+001
      vertex -9.223447e+001 -8.112123e+001  1.000918e+001
    endloop
  endfacet
  facet normal  3.791150e-002 -5.924127e-006  9.992812e-001
    outer loop
      vertex -9.223447e+001 -8.112123e+001  1.000918e+001
      vertex -9.222727e+001 -1.288645e+002  1.000862e+001
      vertex -9.200000e+001 -1.285000e+002  1.000000e+001
    endloop
  endfacet
  facet normal  3.910679e-002  -0.000000e+000  9.992350e-001
    outer loop
      vertex -9.223447e+001 -8.112123e+001  1.000918e+001
      vertex -9.200000e+001 -1.285000e+002  1.000000e+001
      vertex -9.200000e+001 -8.150000e+001  1.000000e+001
    endloop
  endfacet
  facet normal  1.000000e+000  0.000000e+000  0.000000e+000
    outer loop
      vertex -9.500000e+001  1.868663e-021  1.300000e+001
      vertex -9.500000e+001  0.000000e+000  5.000000e+001
      vertex -9.500000e+001 -1.420000e+002  1.300000e+001
    endloop
  endfacet
  facet normal  1.000000e+000  0.000000e+000  0.000000e+000
    outer loop
      vertex -9.500000e+001 -1.420000e+002  1.300000e+001
      vertex -9.500000e+001  0.000000e+000  5.000000e+001
      vertex -9.500000e+001 -1.300000e+002  5.000000e+001
    endloop
  endfacet
  facet normal  1.000000e+000  0.000000e+000  0.000000e+000
    outer loop
      vertex -9.500000e+001 -1.420000e+002  1.300000e+001
      vertex -9.500000e+001 -1.300000e+002  5.000000e+001
      vertex -9.500000e+001 -1.420000e+002  1.670000e+002
    endloop
  endfacet
  facet normal  1.000000e+000  0.000000e+000  0.000000e+000
    outer loop
      vertex -9.500000e+001 -1.420000e+002  1.670000e+002
      vertex -9.500000e+001 -1.300000e+002  5.000000e+001
      vertex -9.500000e+001 -1.300000e+002  1.000000e+002
    endloop
  endfacet
  facet normal  9.999999e-001  0.000000e+000  -0.000000e+000
    outer loop
      vertex -9.500000e+001 -1.420000e+002  1.670000e+002
      vertex -9.500000e+001 -1.300000e+002  1.000000e+002
      vertex -9.500000e+001  0.000000e+000  1.670000e+002
    endloop
  endfacet
  facet normal  1.000000e+000  0.000000e+000  0.000000e+000
    outer loop
      vertex -9.500000e+001  0.000000e+000  1.670000e+002
      vertex -9.500000e+001 -1.300000e+002  1.000000e+002
      vertex -9.500000e+001  0.000000e+000  1.000000e+002
    endloop
  endfacet
  facet normal  6.343949e-001  0.000000e+000 -7.730091e-001
    outer loop
      vertex -9.412132e+001 -1.420000e+002  1.691213e+002
      vertex -9.366671e+001  1.868663e-021  1.694944e+002
      vertex -9.366671e+001 -1.420000e+002  1.694944e+002
    endloop
  endfacet
  facet normal  4.713853e-001  0.000000e+000 -8.819274e-001
    outer loop
      vertex -9.366671e+001 -1.420000e+002  1.694944e+002
      vertex -9.366671e+001  1.868663e-021  1.694944e+002
      vertex -9.314805e+001  1.868663e-021  1.697716e+002
    endloop
  endfacet
  facet normal  4.713853e-001  0.000000e+000 -8.819274e-001
    outer loop
      vertex -9.366671e+001 -1.420000e+002  1.694944e+002
      vertex -9.314805e+001  1.868663e-021  1.697716e+002
      vertex -9.314805e+001 -1.420000e+002  1.697716e+002
    endloop
  endfacet
  facet normal  2.902839e-001  0.000000e+000 -9.569406e-001
    outer loop
      vertex -9.314805e+001 -1.420000e+002  1.697716e+002
      vertex -9.314805e+001  1.868663e-021  1.697716e+002
      vertex -9.258527e+001  1.868663e-021  1.699424e+002
    endloop
  endfacet
  facet normal  2.902839e-001  0.000000e+000 -9.569406e-001
    outer loop
      vertex -9.314805e+001 -1.420000e+002  1.697716e+002
      vertex -9.258527e+001  1.868663e-021  1.699424e+002
      vertex -9.258527e+001 -1.420000e+002  1.699424e+002
    endloop
  endfacet
  facet normal  9.802265e-002  0.000000e+000 -9.951841e-001
    outer loop
      vertex -9.258527e+001 -1.420000e+002  1.699424e+002
      vertex -9.258527e+001  1.868663e-021  1.699424e+002
      vertex -9.200000e+001  1.868663e-021  1.700000e+002
    endloop
  endfacet
  facet normal  9.802265e-002  0.000000e+000 -9.951841e-001
    outer loop
      vertex -9.258527e+001 -1.420000e+002  1.699424e+002
      vertex -9.200000e+001  1.868663e-021  1.700000e+002
      vertex -9.200000e+001 -1.420000e+002  1.700000e+002
    endloop
  endfacet
  facet normal  6.343949e-001  0.000000e+000 -7.730091e-001
    outer loop
      vertex -9.366671e+001  1.868663e-021  1.694944e+002
      vertex -9.412132e+001 -1.420000e+002  1.691213e+002
      vertex -9.412132e+001  1.868663e-021  1.691213e+002
    endloop
  endfacet
  facet normal  7.730103e-001  0.000000e+000 -6.343936e-001
    outer loop
      vertex -9.412132e+001  1.868663e-021  1.691213e+002
      vertex -9.412132e+001 -1.420000e+002  1.691213e+002
      vertex -9.449441e+001 -1.420000e+002  1.686667e+002
    endloop
  endfacet
  facet normal  7.730103e-001  0.000000e+000 -6.343936e-001
    outer loop
      vertex -9.412132e+001  1.868663e-021  1.691213e+002
      vertex -9.449441e+001 -1.420000e+002  1.686667e+002
      vertex -9.449441e+001  1.868663e-021  1.686667e+002
    endloop
  endfacet
  facet normal  8.819220e-001  0.000000e+000 -4.713953e-001
    outer loop
      vertex -9.449441e+001  1.868663e-021  1.686667e+002
      vertex -9.449441e+001 -1.420000e+002  1.686667e+002
      vertex -9.477164e+001 -1.420000e+002  1.681481e+002
    endloop
  endfacet
  facet normal  8.819220e-001  0.000000e+000 -4.713953e-001
    outer loop
      vertex -9.449441e+001  1.868663e-021  1.686667e+002
      vertex -9.477164e+001 -1.420000e+002  1.681481e+002
      vertex -9.477164e+001  1.868663e-021  1.681481e+002
    endloop
  endfacet
  facet normal  9.569427e-001  0.000000e+000 -2.902767e-001
    outer loop
      vertex -9.477164e+001  1.868663e-021  1.681481e+002
      vertex -9.477164e+001 -1.420000e+002  1.681481e+002
      vertex -9.494235e+001 -1.420000e+002  1.675853e+002
    endloop
  endfacet
  facet normal  9.569427e-001  0.000000e+000 -2.902767e-001
    outer loop
      vertex -9.477164e+001  1.868663e-021  1.681481e+002
      vertex -9.494235e+001 -1.420000e+002  1.675853e+002
      vertex -9.494235e+001  1.868663e-021  1.675853e+002
    endloop
  endfacet
  facet normal  9.951841e-001  0.000000e+000 -9.802392e-002
    outer loop
      vertex -9.494235e+001  1.868663e-021  1.675853e+002
      vertex -9.494235e+001 -1.420000e+002  1.675853e+002
      vertex -9.500000e+001 -1.420000e+002  1.670000e+002
    endloop
  endfacet
  facet normal  9.951841e-001  0.000000e+000 -9.802392e-002
    outer loop
      vertex -9.494235e+001  1.868663e-021  1.675853e+002
      vertex -9.500000e+001 -1.420000e+002  1.670000e+002
      vertex -9.500000e+001  0.000000e+000  1.670000e+002
    endloop
  endfacet
  facet normal  0.000000e+000  0.000000e+000 -1.000000e+000
    outer loop
      vertex -3.150000e+001  4.205855e-017  1.700000e+002
      vertex -3.143732e+001 -5.563023e-001  1.700000e+002
      vertex -9.200000e+001  1.868663e-021  1.700000e+002
    endloop
  endfacet
  facet normal  0.000000e+000  0.000000e+000 -1.000000e+000
    outer loop
      vertex -3.143732e+001 -5.563023e-001  1.700000e+002
      vertex -3.125242e+001 -1.084709e+000  1.700000e+002
      vertex -9.200000e+001  1.868663e-021  1.700000e+002
    endloop
  endfacet
  facet normal  0.000000e+000  0.000000e+000 -1.000000e+000
    outer loop
      vertex  1.266737e+001 -2.681517e+001  1.700000e+002
      vertex -1.200699e+001 -2.530156e+001  1.700000e+002
      vertex  1.233494e+001 -2.636474e+001  1.700000e+002
    endloop
  endfacet
  facet normal  -0.000000e+000  -0.000000e+000 -9.999999e-001
    outer loop
      vertex -1.200699e+001 -2.530156e+001  1.700000e+002
      vertex  1.211107e+001 -2.585163e+001  1.700000e+002
      vertex  1.233494e+001 -2.636474e+001  1.700000e+002
    endloop
  endfacet
  facet normal  0.000000e+000  -0.000000e+000 -1.000000e+000
    outer loop
      vertex  1.699301e+001 -2.492791e+001  1.700000e+002
      vertex  2.844370e+001 -2.437320e+000  1.700000e+002
      vertex  2.900000e+001 -2.500000e+000  1.700000e+002
    endloop
  endfacet
  facet normal  -0.000000e+000  -0.000000e+000 -1.000000e+000
    outer loop
      vertex -1.200699e+001 -2.530156e+001  1.700000e+002
      vertex  1.200699e+001 -2.530156e+001  1.700000e+002
      vertex  1.211107e+001 -2.585163e+001  1.700000e+002
    endloop
  endfacet
  facet normal  0.000000e+000  0.000000e+000 -9.999999e-001
    outer loop
      vertex  1.243440e+001 -2.370644e+001  1.700000e+002
      vertex  1.217282e+001 -2.420138e+001  1.700000e+002
      vertex  1.275326e+001 -7.896482e+000  1.700000e+002
    endloop
  endfacet
  facet normal  -0.000000e+000  0.000000e+000 -9.999999e-001
    outer loop
      vertex  1.275326e+001 -7.896482e+000  1.700000e+002
      vertex  1.279957e+001 -2.328211e+001  1.700000e+002
      vertex  1.243440e+001 -2.370644e+001  1.700000e+002
    endloop
  endfacet
  facet normal  0.000000e+000  -0.000000e+000 -1.000000e+000
    outer loop
      vertex  1.487261e+001 -2.264266e+001  1.700000e+002
      vertex  1.493601e+001 -1.384025e+000  1.700000e+002
      vertex  1.500000e+001 -9.092004e-017  1.700000e+002
    endloop
  endfacet
  facet normal  0.000000e+000  -0.000000e+000 -1.000000e+000
    outer loop
      vertex  1.699301e+001 -2.492791e+001  1.700000e+002
      vertex  2.791529e+001 -2.252422e+000  1.700000e+002
      vertex  2.844370e+001 -2.437320e+000  1.700000e+002
    endloop
  endfacet
  facet normal  0.000000e+000  -0.000000e+000 -9.999999e-001
    outer loop
      vertex  1.699301e+001 -2.492791e+001  1.700000e+002
      vertex  2.744127e+001 -1.954579e+000  1.700000e+002
      vertex  2.791529e+001 -2.252422e+000  1.700000e+002
    endloop
  endfacet
  facet normal  0.000000e+000  -0.000000e+000 -1.000000e+000
    outer loop
      vertex  1.699301e+001 -2.492791e+001  1.700000e+002
      vertex  2.704542e+001 -1.558725e+000  1.700000e+002
      vertex  2.744127e+001 -1.954579e+000  1.700000e+002
    endloop
  endfacet
  facet normal  0.000000e+000  -0.000000e+000 -1.000000e+000
    outer loop
      vertex  1.699301e+001 -2.492791e+001  1.700000e+002
      vertex  2.674758e+001 -1.084709e+000  1.700000e+002
      vertex  2.704542e+001 -1.558725e+000  1.700000e+002
    endloop
  endfacet
  facet normal  0.000000e+000  -0.000000e+000 -1.000000e+000
    outer loop
      vertex  1.699301e+001 -2.492791e+001  1.700000e+002
      vertex  2.656268e+001 -5.563023e-001  1.700000e+002
      vertex  2.674758e+001 -1.084709e+000  1.700000e+002
    endloop
  endfacet
  facet normal  0.000000e+000  0.000000e+000 -1.000000e+000
    outer loop
      vertex  1.100000e+002 -1.420000e+002  1.700000e+002
      vertex -9.200000e+001 -1.420000e+002  1.700000e+002
      vertex -1.620043e+001 -2.694737e+001  1.700000e+002
    endloop
  endfacet
  facet normal  0.000000e+000  0.000000e+000 -1.000000e+000
    outer loop
      vertex  1.100000e+002 -1.420000e+002  1.700000e+002
      vertex -1.620043e+001 -2.694737e+001  1.700000e+002
      vertex -1.575000e+001 -2.727980e+001  1.700000e+002
    endloop
  endfacet
  facet normal  0.000000e+000  0.000000e+000 -1.000000e+000
    outer loop
      vertex  1.100000e+002 -1.420000e+002  1.700000e+002
      vertex -1.575000e+001 -2.727980e+001  1.700000e+002
      vertex -1.523689e+001 -2.750367e+001  1.700000e+002
    endloop
  endfacet
  facet normal  0.000000e+000  0.000000e+000 -1.000000e+000
    outer loop
      vertex  1.100000e+002 -1.420000e+002  1.700000e+002
      vertex -1.523689e+001 -2.750367e+001  1.700000e+002
      vertex -1.468682e+001 -2.760775e+001  1.700000e+002
    endloop
  endfacet
  facet normal  0.000000e+000  0.000000e+000 -1.000000e+000
    outer loop
      vertex  1.100000e+002 -1.420000e+002  1.700000e+002
      vertex -1.468682e+001 -2.760775e+001  1.700000e+002
      vertex -1.412739e+001 -2.758681e+001  1.700000e+002
    endloop
  endfacet
  facet normal  0.000000e+000  0.000000e+000 -1.000000e+000
    outer loop
      vertex  1.100000e+002 -1.420000e+002  1.700000e+002
      vertex -1.412739e+001 -2.758681e+001  1.700000e+002
      vertex -1.358665e+001 -2.744192e+001  1.700000e+002
    endloop
  endfacet
  facet normal  0.000000e+000  0.000000e+000 -1.000000e+000
    outer loop
      vertex  1.100000e+002 -1.420000e+002  1.700000e+002
      vertex -1.358665e+001 -2.744192e+001  1.700000e+002
      vertex -1.309170e+001 -2.718033e+001  1.700000e+002
    endloop
  endfacet
  facet normal  0.000000e+000  0.000000e+000 -1.000000e+000
    outer loop
      vertex  1.100000e+002 -1.420000e+002  1.700000e+002
      vertex -1.309170e+001 -2.718033e+001  1.700000e+002
      vertex -1.266737e+001 -2.681517e+001  1.700000e+002
    endloop
  endfacet
  facet normal  0.000000e+000  0.000000e+000 -1.000000e+000
    outer loop
      vertex  1.100000e+002 -1.420000e+002  1.700000e+002
      vertex -1.266737e+001 -2.681517e+001  1.700000e+002
      vertex -1.233494e+001 -2.636474e+001  1.700000e+002
    endloop
  endfacet
  facet normal  0.000000e+000  0.000000e+000 -1.000000e+000
    outer loop
      vertex  1.100000e+002 -1.420000e+002  1.700000e+002
      vertex -1.233494e+001 -2.636474e+001  1.700000e+002
      vertex -1.211107e+001 -2.585163e+001  1.700000e+002
    endloop
  endfacet
  facet normal  0.000000e+000  0.000000e+000 -1.000000e+000
    outer loop
      vertex  1.100000e+002 -1.420000e+002  1.700000e+002
      vertex -1.211107e+001 -2.585163e+001  1.700000e+002
      vertex -1.200699e+001 -2.530156e+001  1.700000e+002
    endloop
  endfacet
  facet normal  0.000000e+000  0.000000e+000 -1.000000e+000
    outer loop
      vertex  1.100000e+002 -1.420000e+002  1.700000e+002
      vertex -1.200699e+001 -2.530156e+001  1.700000e+002
      vertex  1.266737e+001 -2.681517e+001  1.700000e+002
    endloop
  endfacet
  facet normal  0.000000e+000  0.000000e+000 -1.000000e+000
    outer loop
      vertex  1.100000e+002 -1.420000e+002  1.700000e+002
      vertex  1.266737e+001 -2.681517e+001  1.700000e+002
      vertex  1.309170e+001 -2.718033e+001  1.700000e+002
    endloop
  endfacet
  facet normal  0.000000e+000  0.000000e+000 -1.000000e+000
    outer loop
      vertex  1.100000e+002 -1.420000e+002  1.700000e+002
      vertex  1.309170e+001 -2.718033e+001  1.700000e+002
      vertex  1.358665e+001 -2.744192e+001  1.700000e+002
    endloop
  endfacet
  facet normal  0.000000e+000  0.000000e+000 -1.000000e+000
    outer loop
      vertex  1.100000e+002 -1.420000e+002  1.700000e+002
      vertex  1.358665e+001 -2.744192e+001  1.700000e+002
      vertex  1.412739e+001 -2.758681e+001  1.700000e+002
    endloop
  endfacet
  facet normal  0.000000e+000  0.000000e+000 -1.000000e+000
    outer loop
      vertex  1.100000e+002 -1.420000e+002  1.700000e+002
      vertex  1.412739e+001 -2.758681e+001  1.700000e+002
      vertex  1.468682e+001 -2.760775e+001  1.700000e+002
    endloop
  endfacet
  facet normal  0.000000e+000  0.000000e+000 -1.000000e+000
    outer loop
      vertex  1.100000e+002 -1.420000e+002  1.700000e+002
      vertex  1.468682e+001 -2.760775e+001  1.700000e+002
      vertex  1.523689e+001 -2.750367e+001  1.700000e+002
    endloop
  endfacet
  facet normal  0.000000e+000  0.000000e+000 -1.000000e+000
    outer loop
      vertex  1.100000e+002 -1.420000e+002  1.700000e+002
      vertex  1.523689e+001 -2.750367e+001  1.700000e+002
      vertex  1.575000e+001 -2.727980e+001  1.700000e+002
    endloop
  endfacet
  facet normal  0.000000e+000  0.000000e+000 -1.000000e+000
    outer loop
      vertex  1.100000e+002 -1.420000e+002  1.700000e+002
      vertex  1.575000e+001 -2.727980e+001  1.700000e+002
      vertex  1.620043e+001 -2.694737e+001  1.700000e+002
    endloop
  endfacet
  facet normal  0.000000e+000  0.000000e+000 -9.999999e-001
    outer loop
      vertex  1.100000e+002 -1.420000e+002  1.700000e+002
      vertex  1.620043e+001 -2.694737e+001  1.700000e+002
      vertex  1.656560e+001 -2.652304e+001  1.700000e+002
    endloop
  endfacet
  facet normal  0.000000e+000  0.000000e+000 -1.000000e+000
    outer loop
      vertex  1.100000e+002 -1.420000e+002  1.700000e+002
      vertex  1.656560e+001 -2.652304e+001  1.700000e+002
      vertex  1.682718e+001 -2.602809e+001  1.700000e+002
    endloop
  endfacet
  facet normal  0.000000e+000  0.000000e+000 -1.000000e+000
    outer loop
      vertex  1.100000e+002 -1.420000e+002  1.700000e+002
      vertex  1.682718e+001 -2.602809e+001  1.700000e+002
      vertex  1.697208e+001 -2.548734e+001  1.700000e+002
    endloop
  endfacet
  facet normal  0.000000e+000  0.000000e+000 -1.000000e+000
    outer loop
      vertex  1.100000e+002 -1.420000e+002  1.700000e+002
      vertex  1.697208e+001 -2.548734e+001  1.700000e+002
      vertex  1.699301e+001 -2.492791e+001  1.700000e+002
    endloop
  endfacet
  facet normal  0.000000e+000  0.000000e+000 -1.000000e+000
    outer loop
      vertex  1.100000e+002 -1.420000e+002  1.700000e+002
      vertex  1.699301e+001 -2.492791e+001  1.700000e+002
      vertex  2.900000e+001 -2.500000e+000  1.700000e+002
    endloop
  endfacet
  facet normal  0.000000e+000  0.000000e+000 -1.000000e+000
    outer loop
      vertex  1.100000e+002 -1.420000e+002  1.700000e+002
      vertex  2.900000e+001 -2.500000e+000  1.700000e+002
      vertex  2.955630e+001 -2.437320e+000  1.700000e+002
    endloop
  endfacet
  facet normal  0.000000e+000  0.000000e+000 -1.000000e+000
    outer loop
      vertex  1.100000e+002 -1.420000e+002  1.700000e+002
      vertex  2.955630e+001 -2.437320e+000  1.700000e+002
      vertex  3.008471e+001 -2.252422e+000  1.700000e+002
    endloop
  endfacet
  facet normal  0.000000e+000  0.000000e+000 -1.000000e+000
    outer loop
      vertex  1.100000e+002 -1.420000e+002  1.700000e+002
      vertex  3.008471e+001 -2.252422e+000  1.700000e+002
      vertex  3.055873e+001 -1.954579e+000  1.700000e+002
    endloop
  endfacet
  facet normal  0.000000e+000  0.000000e+000 -1.000000e+000
    outer loop
      vertex  1.100000e+002 -1.420000e+002  1.700000e+002
      vertex  3.055873e+001 -1.954579e+000  1.700000e+002
      vertex  3.095458e+001 -1.558725e+000  1.700000e+002
    endloop
  endfacet
  facet normal  0.000000e+000  0.000000e+000 -1.000000e+000
    outer loop
      vertex  1.100000e+002 -1.420000e+002  1.700000e+002
      vertex  3.095458e+001 -1.558725e+000  1.700000e+002
      vertex  3.125242e+001 -1.084709e+000  1.700000e+002
    endloop
  endfacet
  facet normal  0.000000e+000  0.000000e+000 -1.000000e+000
    outer loop
      vertex  1.100000e+002 -1.420000e+002  1.700000e+002
      vertex  3.125242e+001 -1.084709e+000  1.700000e+002
      vertex  3.143732e+001 -5.563023e-001  1.700000e+002
    endloop
  endfacet
  facet normal  0.000000e+000  0.000000e+000 -1.000000e+000
    outer loop
      vertex  1.100000e+002 -1.420000e+002  1.700000e+002
      vertex  3.143732e+001 -5.563023e-001  1.700000e+002
      vertex  3.150000e+001 -1.791510e-015  1.700000e+002
    endloop
  endfacet
  facet normal  0.000000e+000  0.000000e+000 -1.000000e+000
    outer loop
      vertex  1.100000e+002 -1.420000e+002  1.700000e+002
      vertex  3.150000e+001 -1.791510e-015  1.700000e+002
      vertex  1.100000e+002 -5.684342e-014  1.700000e+002
    endloop
  endfacet
  facet normal  0.000000e+000  0.000000e+000 -1.000000e+000
    outer loop
      vertex  1.202792e+001 -2.474213e+001  1.700000e+002
      vertex  1.200699e+001 -2.530156e+001  1.700000e+002
      vertex -1.200699e+001 -2.530156e+001  1.700000e+002
    endloop
  endfacet
  facet normal  0.000000e+000  0.000000e+000 -1.000000e+000
    outer loop
      vertex  1.202792e+001 -2.474213e+001  1.700000e+002
      vertex -1.200699e+001 -2.530156e+001  1.700000e+002
      vertex -1.202792e+001 -2.474213e+001  1.700000e+002
    endloop
  endfacet
  facet normal  0.000000e+000  0.000000e+000 -1.000000e+000
    outer loop
      vertex  1.202792e+001 -2.474213e+001  1.700000e+002
      vertex -1.202792e+001 -2.474213e+001  1.700000e+002
      vertex -8.498309e-015 -1.500000e+001  1.700000e+002
    endloop
  endfacet
  facet normal  0.000000e+000  0.000000e+000 -1.000000e+000
    outer loop
      vertex  1.202792e+001 -2.474213e+001  1.700000e+002
      vertex -8.498309e-015 -1.500000e+001  1.700000e+002
      vertex  1.384025e+000 -1.493601e+001  1.700000e+002
    endloop
  endfacet
  facet normal  0.000000e+000  0.000000e+000 -1.000000e+000
    outer loop
      vertex  1.202792e+001 -2.474213e+001  1.700000e+002
      vertex  1.384025e+000 -1.493601e+001  1.700000e+002
      vertex  2.756243e+000 -1.474460e+001  1.700000e+002
    endloop
  endfacet
  facet normal  0.000000e+000  0.000000e+000 -1.000000e+000
    outer loop
      vertex  1.202792e+001 -2.474213e+001  1.700000e+002
      vertex  2.756243e+000 -1.474460e+001  1.700000e+002
      vertex  4.104945e+000 -1.442738e+001  1.700000e+002
    endloop
  endfacet
  facet normal  0.000000e+000  0.000000e+000 -1.000000e+000
    outer loop
      vertex  1.202792e+001 -2.474213e+001  1.700000e+002
      vertex  4.104945e+000 -1.442738e+001  1.700000e+002
      vertex  5.418625e+000 -1.398708e+001  1.700000e+002
    endloop
  endfacet
  facet normal  0.000000e+000  0.000000e+000 -1.000000e+000
    outer loop
      vertex  1.202792e+001 -2.474213e+001  1.700000e+002
      vertex  5.418625e+000 -1.398708e+001  1.700000e+002
      vertex  6.686075e+000 -1.342745e+001  1.700000e+002
    endloop
  endfacet
  facet normal  0.000000e+000  0.000000e+000 -1.000000e+000
    outer loop
      vertex  1.202792e+001 -2.474213e+001  1.700000e+002
      vertex  6.686075e+000 -1.342745e+001  1.700000e+002
      vertex  7.896482e+000 -1.275326e+001  1.700000e+002
    endloop
  endfacet
  facet normal  0.000000e+000  0.000000e+000 -1.000000e+000
    outer loop
      vertex  1.202792e+001 -2.474213e+001  1.700000e+002
      vertex  7.896482e+000 -1.275326e+001  1.700000e+002
      vertex  9.039519e+000 -1.197026e+001  1.700000e+002
    endloop
  endfacet
  facet normal  0.000000e+000  0.000000e+000 -1.000000e+000
    outer loop
      vertex  1.202792e+001 -2.474213e+001  1.700000e+002
      vertex  9.039519e+000 -1.197026e+001  1.700000e+002
      vertex  1.010543e+001 -1.108513e+001  1.700000e+002
    endloop
  endfacet
  facet normal  0.000000e+000  0.000000e+000 -1.000000e+000
    outer loop
      vertex  1.202792e+001 -2.474213e+001  1.700000e+002
      vertex  1.010543e+001 -1.108513e+001  1.700000e+002
      vertex  1.108513e+001 -1.010543e+001  1.700000e+002
    endloop
  endfacet
  facet normal  0.000000e+000  0.000000e+000 -1.000000e+000
    outer loop
      vertex  1.202792e+001 -2.474213e+001  1.700000e+002
      vertex  1.108513e+001 -1.010543e+001  1.700000e+002
      vertex  1.197026e+001 -9.039519e+000  1.700000e+002
    endloop
  endfacet
  facet normal  0.000000e+000  0.000000e+000 -9.999999e-001
    outer loop
      vertex  1.202792e+001 -2.474213e+001  1.700000e+002
      vertex  1.197026e+001 -9.039519e+000  1.700000e+002
      vertex  1.275326e+001 -7.896482e+000  1.700000e+002
    endloop
  endfacet
  facet normal  0.000000e+000  0.000000e+000 -1.000000e+000
    outer loop
      vertex  1.202792e+001 -2.474213e+001  1.700000e+002
      vertex  1.275326e+001 -7.896482e+000  1.700000e+002
      vertex  1.217282e+001 -2.420138e+001  1.700000e+002
    endloop
  endfacet
  facet normal  0.000000e+000  -0.000000e+000 -1.000000e+000
    outer loop
      vertex -1.202792e+001 -2.474213e+001  1.700000e+002
      vertex -1.197026e+001 -9.039519e+000  1.700000e+002
      vertex -1.108513e+001 -1.010543e+001  1.700000e+002
    endloop
  endfacet
  facet normal  0.000000e+000  -0.000000e+000 -1.000000e+000
    outer loop
      vertex -1.202792e+001 -2.474213e+001  1.700000e+002
      vertex -1.108513e+001 -1.010543e+001  1.700000e+002
      vertex -1.010543e+001 -1.108513e+001  1.700000e+002
    endloop
  endfacet
  facet normal  0.000000e+000  -0.000000e+000 -1.000000e+000
    outer loop
      vertex -1.202792e+001 -2.474213e+001  1.700000e+002
      vertex -1.010543e+001 -1.108513e+001  1.700000e+002
      vertex -9.039519e+000 -1.197026e+001  1.700000e+002
    endloop
  endfacet
  facet normal  0.000000e+000  -0.000000e+000 -1.000000e+000
    outer loop
      vertex -1.202792e+001 -2.474213e+001  1.700000e+002
      vertex -9.039519e+000 -1.197026e+001  1.700000e+002
      vertex -7.896482e+000 -1.275326e+001  1.700000e+002
    endloop
  endfacet
  facet normal  0.000000e+000  -0.000000e+000 -1.000000e+000
    outer loop
      vertex -1.202792e+001 -2.474213e+001  1.700000e+002
      vertex -7.896482e+000 -1.275326e+001  1.700000e+002
      vertex -6.686075e+000 -1.342745e+001  1.700000e+002
    endloop
  endfacet
  facet normal  0.000000e+000  -0.000000e+000 -1.000000e+000
    outer loop
      vertex -1.202792e+001 -2.474213e+001  1.700000e+002
      vertex -6.686075e+000 -1.342745e+001  1.700000e+002
      vertex -5.418625e+000 -1.398708e+001  1.700000e+002
    endloop
  endfacet
  facet normal  0.000000e+000  -0.000000e+000 -1.000000e+000
    outer loop
      vertex -1.202792e+001 -2.474213e+001  1.700000e+002
      vertex -5.418625e+000 -1.398708e+001  1.700000e+002
      vertex -4.104945e+000 -1.442738e+001  1.700000e+002
    endloop
  endfacet
  facet normal  0.000000e+000  -0.000000e+000 -1.000000e+000
    outer loop
      vertex -1.202792e+001 -2.474213e+001  1.700000e+002
      vertex -4.104945e+000 -1.442738e+001  1.700000e+002
      vertex -2.756243e+000 -1.474460e+001  1.700000e+002
    endloop
  endfacet
  facet normal  0.000000e+000  -0.000000e+000 -1.000000e+000
    outer loop
      vertex -1.202792e+001 -2.474213e+001  1.700000e+002
      vertex -2.756243e+000 -1.474460e+001  1.700000e+002
      vertex -1.384025e+000 -1.493601e+001  1.700000e+002
    endloop
  endfacet
  facet normal  0.000000e+000  -0.000000e+000 -1.000000e+000
    outer loop
      vertex -1.202792e+001 -2.474213e+001  1.700000e+002
      vertex -1.384025e+000 -1.493601e+001  1.700000e+002
      vertex -8.498309e-015 -1.500000e+001  1.700000e+002
    endloop
  endfacet
  facet normal  0.000000e+000  0.000000e+000 -1.000000e+000
    outer loop
      vertex -1.699301e+001 -2.492791e+001  1.700000e+002
      vertex -2.900000e+001 -2.500000e+000  1.700000e+002
      vertex -2.844370e+001 -2.437320e+000  1.700000e+002
    endloop
  endfacet
  facet normal  0.000000e+000  0.000000e+000 -1.000000e+000
    outer loop
      vertex -1.699301e+001 -2.492791e+001  1.700000e+002
      vertex -2.844370e+001 -2.437320e+000  1.700000e+002
      vertex -2.791529e+001 -2.252422e+000  1.700000e+002
    endloop
  endfacet
  facet normal  0.000000e+000  0.000000e+000 -9.999999e-001
    outer loop
      vertex -1.699301e+001 -2.492791e+001  1.700000e+002
      vertex -2.791529e+001 -2.252422e+000  1.700000e+002
      vertex -2.744127e+001 -1.954579e+000  1.700000e+002
    endloop
  endfacet
  facet normal  0.000000e+000  0.000000e+000 -1.000000e+000
    outer loop
      vertex -1.699301e+001 -2.492791e+001  1.700000e+002
      vertex -2.744127e+001 -1.954579e+000  1.700000e+002
      vertex -2.704542e+001 -1.558725e+000  1.700000e+002
    endloop
  endfacet
  facet normal  0.000000e+000  0.000000e+000 -1.000000e+000
    outer loop
      vertex -1.699301e+001 -2.492791e+001  1.700000e+002
      vertex -2.704542e+001 -1.558725e+000  1.700000e+002
      vertex -2.674758e+001 -1.084709e+000  1.700000e+002
    endloop
  endfacet
  facet normal  0.000000e+000  0.000000e+000 -1.000000e+000
    outer loop
      vertex -1.699301e+001 -2.492791e+001  1.700000e+002
      vertex -2.674758e+001 -1.084709e+000  1.700000e+002
      vertex -2.656268e+001 -5.563023e-001  1.700000e+002
    endloop
  endfacet
  facet normal  0.000000e+000  0.000000e+000 -1.000000e+000
    outer loop
      vertex -1.699301e+001 -2.492791e+001  1.700000e+002
      vertex -2.656268e+001 -5.563023e-001  1.700000e+002
      vertex -2.650000e+001 -4.592425e-016  1.700000e+002
    endloop
  endfacet
  facet normal  0.000000e+000  0.000000e+000 -1.000000e+000
    outer loop
      vertex -1.699301e+001 -2.492791e+001  1.700000e+002
      vertex -2.650000e+001 -4.592425e-016  1.700000e+002
      vertex -1.500000e+001  2.057964e-014  1.700000e+002
    endloop
  endfacet
  facet normal  0.000000e+000  0.000000e+000 -1.000000e+000
    outer loop
      vertex -9.200000e+001 -1.420000e+002  1.700000e+002
      vertex -9.200000e+001  1.868663e-021  1.700000e+002
      vertex -3.125242e+001 -1.084709e+000  1.700000e+002
    endloop
  endfacet
  facet normal  0.000000e+000  -0.000000e+000 -1.000000e+000
    outer loop
      vertex -9.200000e+001 -1.420000e+002  1.700000e+002
      vertex -3.125242e+001 -1.084709e+000  1.700000e+002
      vertex -3.095458e+001 -1.558725e+000  1.700000e+002
    endloop
  endfacet
  facet normal  0.000000e+000  -0.000000e+000 -9.999999e-001
    outer loop
      vertex -9.200000e+001 -1.420000e+002  1.700000e+002
      vertex -3.095458e+001 -1.558725e+000  1.700000e+002
      vertex -3.055873e+001 -1.954579e+000  1.700000e+002
    endloop
  endfacet
  facet normal  0.000000e+000  -0.000000e+000 -1.000000e+000
    outer loop
      vertex -9.200000e+001 -1.420000e+002  1.700000e+002
      vertex -3.055873e+001 -1.954579e+000  1.700000e+002
      vertex -3.008471e+001 -2.252422e+000  1.700000e+002
    endloop
  endfacet
  facet normal  0.000000e+000  -0.000000e+000 -1.000000e+000
    outer loop
      vertex -9.200000e+001 -1.420000e+002  1.700000e+002
      vertex -3.008471e+001 -2.252422e+000  1.700000e+002
      vertex -2.955630e+001 -2.437320e+000  1.700000e+002
    endloop
  endfacet
  facet normal  0.000000e+000  -0.000000e+000 -1.000000e+000
    outer loop
      vertex -9.200000e+001 -1.420000e+002  1.700000e+002
      vertex -2.955630e+001 -2.437320e+000  1.700000e+002
      vertex -2.900000e+001 -2.500000e+000  1.700000e+002
    endloop
  endfacet
  facet normal  0.000000e+000  -0.000000e+000 -1.000000e+000
    outer loop
      vertex -9.200000e+001 -1.420000e+002  1.700000e+002
      vertex -2.900000e+001 -2.500000e+000  1.700000e+002
      vertex -1.699301e+001 -2.492791e+001  1.700000e+002
    endloop
  endfacet
  facet normal  0.000000e+000  -0.000000e+000 -1.000000e+000
    outer loop
      vertex -9.200000e+001 -1.420000e+002  1.700000e+002
      vertex -1.699301e+001 -2.492791e+001  1.700000e+002
      vertex -1.697208e+001 -2.548734e+001  1.700000e+002
    endloop
  endfacet
  facet normal  0.000000e+000  -0.000000e+000 -1.000000e+000
    outer loop
      vertex -9.200000e+001 -1.420000e+002  1.700000e+002
      vertex -1.697208e+001 -2.548734e+001  1.700000e+002
      vertex -1.682718e+001 -2.602809e+001  1.700000e+002
    endloop
  endfacet
  facet normal  0.000000e+000  -0.000000e+000 -1.000000e+000
    outer loop
      vertex -9.200000e+001 -1.420000e+002  1.700000e+002
      vertex -1.682718e+001 -2.602809e+001  1.700000e+002
      vertex -1.656560e+001 -2.652304e+001  1.700000e+002
    endloop
  endfacet
  facet normal  0.000000e+000  -0.000000e+000 -1.000000e+000
    outer loop
      vertex -9.200000e+001 -1.420000e+002  1.700000e+002
      vertex -1.656560e+001 -2.652304e+001  1.700000e+002
      vertex -1.620043e+001 -2.694737e+001  1.700000e+002
    endloop
  endfacet
  facet normal  -0.000000e+000  -0.000000e+000 -1.000000e+000
    outer loop
      vertex -1.500000e+001  2.057964e-014  1.700000e+002
      vertex -1.493601e+001 -1.384025e+000  1.700000e+002
      vertex -1.487261e+001 -2.264266e+001  1.700000e+002
    endloop
  endfacet
  facet normal  -0.000000e+000  0.000000e+000 -1.000000e+000
    outer loop
      vertex -1.500000e+001  2.057964e-014  1.700000e+002
      vertex -1.487261e+001 -2.264266e+001  1.700000e+002
      vertex -1.541335e+001 -2.278755e+001  1.700000e+002
    endloop
  endfacet
  facet normal  -0.000000e+000  0.000000e+000 -1.000000e+000
    outer loop
      vertex -1.500000e+001  2.057964e-014  1.700000e+002
      vertex -1.541335e+001 -2.278755e+001  1.700000e+002
      vertex -1.590830e+001 -2.304914e+001  1.700000e+002
    endloop
  endfacet
  facet normal  -0.000000e+000  0.000000e+000 -1.000000e+000
    outer loop
      vertex -1.500000e+001  2.057964e-014  1.700000e+002
      vertex -1.590830e+001 -2.304914e+001  1.700000e+002
      vertex -1.633263e+001 -2.341430e+001  1.700000e+002
    endloop
  endfacet
  facet normal  -0.000000e+000  0.000000e+000 -1.000000e+000
    outer loop
      vertex -1.500000e+001  2.057964e-014  1.700000e+002
      vertex -1.633263e+001 -2.341430e+001  1.700000e+002
      vertex -1.666506e+001 -2.386474e+001  1.700000e+002
    endloop
  endfacet
  facet normal  -0.000000e+000  0.000000e+000 -1.000000e+000
    outer loop
      vertex -1.500000e+001  2.057964e-014  1.700000e+002
      vertex -1.666506e+001 -2.386474e+001  1.700000e+002
      vertex -1.688893e+001 -2.437785e+001  1.700000e+002
    endloop
  endfacet
  facet normal  -0.000000e+000  0.000000e+000 -1.000000e+000
    outer loop
      vertex -1.500000e+001  2.057964e-014  1.700000e+002
      vertex -1.688893e+001 -2.437785e+001  1.700000e+002
      vertex -1.699301e+001 -2.492791e+001  1.700000e+002
    endloop
  endfacet
  facet normal  0.000000e+000  0.000000e+000 -1.000000e+000
    outer loop
      vertex -1.197026e+001 -9.039519e+000  1.700000e+002
      vertex -1.202792e+001 -2.474213e+001  1.700000e+002
      vertex -1.217282e+001 -2.420138e+001  1.700000e+002
    endloop
  endfacet
  facet normal  0.000000e+000  0.000000e+000 -1.000000e+000
    outer loop
      vertex -1.197026e+001 -9.039519e+000  1.700000e+002
      vertex -1.217282e+001 -2.420138e+001  1.700000e+002
      vertex -1.243440e+001 -2.370644e+001  1.700000e+002
    endloop
  endfacet
  facet normal  0.000000e+000  0.000000e+000 -1.000000e+000
    outer loop
      vertex -1.197026e+001 -9.039519e+000  1.700000e+002
      vertex -1.243440e+001 -2.370644e+001  1.700000e+002
      vertex -1.279957e+001 -2.328211e+001  1.700000e+002
    endloop
  endfacet
  facet normal  0.000000e+000  0.000000e+000 -1.000000e+000
    outer loop
      vertex -1.197026e+001 -9.039519e+000  1.700000e+002
      vertex -1.279957e+001 -2.328211e+001  1.700000e+002
      vertex -1.275326e+001 -7.896482e+000  1.700000e+002
    endloop
  endfacet
  facet normal  -0.000000e+000  0.000000e+000 -1.000000e+000
    outer loop
      vertex  2.650000e+001 -7.350976e-016  1.700000e+002
      vertex  2.656268e+001 -5.563023e-001  1.700000e+002
      vertex  1.699301e+001 -2.492791e+001  1.700000e+002
    endloop
  endfacet
  facet normal  0.000000e+000  0.000000e+000 -1.000000e+000
    outer loop
      vertex  2.650000e+001 -7.350976e-016  1.700000e+002
      vertex  1.699301e+001 -2.492791e+001  1.700000e+002
      vertex  1.688893e+001 -2.437785e+001  1.700000e+002
    endloop
  endfacet
  facet normal  0.000000e+000  0.000000e+000 -1.000000e+000
    outer loop
      vertex  2.650000e+001 -7.350976e-016  1.700000e+002
      vertex  1.688893e+001 -2.437785e+001  1.700000e+002
      vertex  1.666506e+001 -2.386474e+001  1.700000e+002
    endloop
  endfacet
  facet normal  0.000000e+000  0.000000e+000 -1.000000e+000
    outer loop
      vertex  2.650000e+001 -7.350976e-016  1.700000e+002
      vertex  1.666506e+001 -2.386474e+001  1.700000e+002
      vertex  1.633263e+001 -2.341430e+001  1.700000e+002
    endloop
  endfacet
  facet normal  0.000000e+000  0.000000e+000 -1.000000e+000
    outer loop
      vertex  2.650000e+001 -7.350976e-016  1.700000e+002
      vertex  1.633263e+001 -2.341430e+001  1.700000e+002
      vertex  1.590830e+001 -2.304914e+001  1.700000e+002
    endloop
  endfacet
  facet normal  0.000000e+000  0.000000e+000 -9.999999e-001
    outer loop
      vertex  2.650000e+001 -7.350976e-016  1.700000e+002
      vertex  1.590830e+001 -2.304914e+001  1.700000e+002
      vertex  1.541335e+001 -2.278755e+001  1.700000e+002
    endloop
  endfacet
  facet normal  0.000000e+000  0.000000e+000 -9.999999e-001
    outer loop
      vertex  2.650000e+001 -7.350976e-016  1.700000e+002
      vertex  1.541335e+001 -2.278755e+001  1.700000e+002
      vertex  1.487261e+001 -2.264266e+001  1.700000e+002
    endloop
  endfacet
  facet normal  0.000000e+000  0.000000e+000 -1.000000e+000
    outer loop
      vertex  2.650000e+001 -7.350976e-016  1.700000e+002
      vertex  1.487261e+001 -2.264266e+001  1.700000e+002
      vertex  1.500000e+001 -9.092004e-017  1.700000e+002
    endloop
  endfacet
  facet normal  0.000000e+000  0.000000e+000 -1.000000e+000
    outer loop
      vertex -1.442738e+001 -4.104945e+000  1.700000e+002
      vertex -1.431318e+001 -2.262173e+001  1.700000e+002
      vertex -1.474460e+001 -2.756243e+000  1.700000e+002
    endloop
  endfacet
  facet normal  0.000000e+000  -0.000000e+000 -9.999999e-001
    outer loop
      vertex -1.474460e+001 -2.756243e+000  1.700000e+002
      vertex -1.431318e+001 -2.262173e+001  1.700000e+002
      vertex -1.487261e+001 -2.264266e+001  1.700000e+002
    endloop
  endfacet
  facet normal  0.000000e+000  0.000000e+000 -9.999999e-001
    outer loop
      vertex -1.474460e+001 -2.756243e+000  1.700000e+002
      vertex -1.487261e+001 -2.264266e+001  1.700000e+002
      vertex -1.493601e+001 -1.384025e+000  1.700000e+002
    endloop
  endfacet
  facet normal  0.000000e+000  0.000000e+000 -1.000000e+000
    outer loop
      vertex -1.398708e+001 -5.418625e+000  1.700000e+002
      vertex -1.431318e+001 -2.262173e+001  1.700000e+002
      vertex -1.442738e+001 -4.104945e+000  1.700000e+002
    endloop
  endfacet
  facet normal  0.000000e+000  -0.000000e+000 -1.000000e+000
    outer loop
      vertex -1.431318e+001 -2.262173e+001  1.700000e+002
      vertex -1.398708e+001 -5.418625e+000  1.700000e+002
      vertex -1.376311e+001 -2.272581e+001  1.700000e+002
    endloop
  endfacet
  facet normal  0.000000e+000  0.000000e+000 -1.000000e+000
    outer loop
      vertex -1.376311e+001 -2.272581e+001  1.700000e+002
      vertex -1.398708e+001 -5.418625e+000  1.700000e+002
      vertex -1.342745e+001 -6.686075e+000  1.700000e+002
    endloop
  endfacet
  facet normal  0.000000e+000  -0.000000e+000 -1.000000e+000
    outer loop
      vertex -1.376311e+001 -2.272581e+001  1.700000e+002
      vertex -1.342745e+001 -6.686075e+000  1.700000e+002
      vertex -1.325000e+001 -2.294967e+001  1.700000e+002
    endloop
  endfacet
  facet normal  0.000000e+000  0.000000e+000 -1.000000e+000
    outer loop
      vertex -1.325000e+001 -2.294967e+001  1.700000e+002
      vertex -1.342745e+001 -6.686075e+000  1.700000e+002
      vertex -1.275326e+001 -7.896482e+000  1.700000e+002
    endloop
  endfacet
  facet normal  0.000000e+000  0.000000e+000 -9.999999e-001
    outer loop
      vertex -1.325000e+001 -2.294967e+001  1.700000e+002
      vertex -1.275326e+001 -7.896482e+000  1.700000e+002
      vertex -1.279957e+001 -2.328211e+001  1.700000e+002
    endloop
  endfacet
  facet normal  0.000000e+000  0.000000e+000 -9.999999e-001
    outer loop
      vertex  1.493601e+001 -1.384025e+000  1.700000e+002
      vertex  1.487261e+001 -2.264266e+001  1.700000e+002
      vertex  1.474460e+001 -2.756243e+000  1.700000e+002
    endloop
  endfacet
  facet normal  0.000000e+000  -0.000000e+000 -9.999999e-001
    outer loop
      vertex  1.474460e+001 -2.756243e+000  1.700000e+002
      vertex  1.487261e+001 -2.264266e+001  1.700000e+002
      vertex  1.431318e+001 -2.262173e+001  1.700000e+002
    endloop
  endfacet
  facet normal  0.000000e+000  0.000000e+000 -1.000000e+000
    outer loop
      vertex  1.474460e+001 -2.756243e+000  1.700000e+002
      vertex  1.431318e+001 -2.262173e+001  1.700000e+002
      vertex  1.442738e+001 -4.104945e+000  1.700000e+002
    endloop
  endfacet
  facet normal  0.000000e+000  0.000000e+000 -1.000000e+000
    outer loop
      vertex  1.442738e+001 -4.104945e+000  1.700000e+002
      vertex  1.431318e+001 -2.262173e+001  1.700000e+002
      vertex  1.376311e+001 -2.272581e+001  1.700000e+002
    endloop
  endfacet
  facet normal  0.000000e+000  0.000000e+000 -1.000000e+000
    outer loop
      vertex  1.442738e+001 -4.104945e+000  1.700000e+002
      vertex  1.376311e+001 -2.272581e+001  1.700000e+002
      vertex  1.398708e+001 -5.418625e+000  1.700000e+002
    endloop
  endfacet
  facet normal  0.000000e+000  0.000000e+000 -1.000000e+000
    outer loop
      vertex  1.398708e+001 -5.418625e+000  1.700000e+002
      vertex  1.376311e+001 -2.272581e+001  1.700000e+002
      vertex  1.325000e+001 -2.294967e+001  1.700000e+002
    endloop
  endfacet
  facet normal  0.000000e+000  0.000000e+000 -9.999999e-001
    outer loop
      vertex  1.398708e+001 -5.418625e+000  1.700000e+002
      vertex  1.325000e+001 -2.294967e+001  1.700000e+002
      vertex  1.342745e+001 -6.686075e+000  1.700000e+002
    endloop
  endfacet
  facet normal  0.000000e+000  0.000000e+000 -1.000000e+000
    outer loop
      vertex  1.342745e+001 -6.686075e+000  1.700000e+002
      vertex  1.325000e+001 -2.294967e+001  1.700000e+002
      vertex  1.279957e+001 -2.328211e+001  1.700000e+002
    endloop
  endfacet
  facet normal  0.000000e+000  0.000000e+000 -1.000000e+000
    outer loop
      vertex  1.342745e+001 -6.686075e+000  1.700000e+002
      vertex  1.279957e+001 -2.328211e+001  1.700000e+002
      vertex  1.275326e+001 -7.896482e+000  1.700000e+002
    endloop
  endfacet
  facet normal  0.000000e+000  0.000000e+000  1.000000e+000
    outer loop
      vertex -7.000000e+001  1.868663e-021  1.900000e+002
      vertex -3.143732e+001 -5.563023e-001  1.900000e+002
      vertex -3.150000e+001  1.530808e-016  1.900000e+002
    endloop
  endfacet
  facet normal  0.000000e+000  0.000000e+000  1.000000e+000
    outer loop
      vertex -7.000000e+001  1.868663e-021  1.900000e+002
      vertex -3.125242e+001 -1.084709e+000  1.900000e+002
      vertex -3.143732e+001 -5.563023e-001  1.900000e+002
    endloop
  endfacet
  facet normal  0.000000e+000  0.000000e+000  1.000000e+000
    outer loop
      vertex  1.233494e+001 -2.636474e+001  1.900000e+002
      vertex -1.200699e+001 -2.530156e+001  1.900000e+002
      vertex  1.266737e+001 -2.681517e+001  1.900000e+002
    endloop
  endfacet
  facet normal  0.000000e+000  0.000000e+000  9.999999e-001
    outer loop
      vertex  1.233494e+001 -2.636474e+001  1.900000e+002
      vertex  1.211107e+001 -2.585163e+001  1.900000e+002
      vertex -1.200699e+001 -2.530156e+001  1.900000e+002
    endloop
  endfacet
  facet normal  0.000000e+000  0.000000e+000  1.000000e+000
    outer loop
      vertex  2.900000e+001 -2.500000e+000  1.900000e+002
      vertex  2.844370e+001 -2.437320e+000  1.900000e+002
      vertex  1.699301e+001 -2.492791e+001  1.900000e+002
    endloop
  endfacet
  facet normal  0.000000e+000  0.000000e+000  1.000000e+000
    outer loop
      vertex  1.211107e+001 -2.585163e+001  1.900000e+002
      vertex  1.200699e+001 -2.530156e+001  1.900000e+002
      vertex -1.200699e+001 -2.530156e+001  1.900000e+002
    endloop
  endfacet
  facet normal  0.000000e+000  0.000000e+000  9.999999e-001
    outer loop
      vertex  1.275326e+001 -7.896482e+000  1.900000e+002
      vertex  1.217282e+001 -2.420138e+001  1.900000e+002
      vertex  1.243440e+001 -2.370644e+001  1.900000e+002
    endloop
  endfacet
  facet normal  0.000000e+000  0.000000e+000  9.999999e-001
    outer loop
      vertex  1.243440e+001 -2.370644e+001  1.900000e+002
      vertex  1.279957e+001 -2.328211e+001  1.900000e+002
      vertex  1.275326e+001 -7.896482e+000  1.900000e+002
    endloop
  endfacet
  facet normal  -0.000000e+000  0.000000e+000  1.000000e+000
    outer loop
      vertex  1.500000e+001 -1.607813e-014  1.900000e+002
      vertex  1.493601e+001 -1.384025e+000  1.900000e+002
      vertex  1.487261e+001 -2.264266e+001  1.900000e+002
    endloop
  endfacet
  facet normal  0.000000e+000  0.000000e+000  1.000000e+000
    outer loop
      vertex  2.844370e+001 -2.437320e+000  1.900000e+002
      vertex  2.791529e+001 -2.252422e+000  1.900000e+002
      vertex  1.699301e+001 -2.492791e+001  1.900000e+002
    endloop
  endfacet
  facet normal  0.000000e+000  0.000000e+000  9.999999e-001
    outer loop
      vertex  2.791529e+001 -2.252422e+000  1.900000e+002
      vertex  2.744127e+001 -1.954579e+000  1.900000e+002
      vertex  1.699301e+001 -2.492791e+001  1.900000e+002
    endloop
  endfacet
  facet normal  0.000000e+000  0.000000e+000  1.000000e+000
    outer loop
      vertex  2.744127e+001 -1.954579e+000  1.900000e+002
      vertex  2.704542e+001 -1.558725e+000  1.900000e+002
      vertex  1.699301e+001 -2.492791e+001  1.900000e+002
    endloop
  endfacet
  facet normal  0.000000e+000  0.000000e+000  1.000000e+000
    outer loop
      vertex  2.704542e+001 -1.558725e+000  1.900000e+002
      vertex  2.674758e+001 -1.084709e+000  1.900000e+002
      vertex  1.699301e+001 -2.492791e+001  1.900000e+002
    endloop
  endfacet
  facet normal  0.000000e+000  0.000000e+000  1.000000e+000
    outer loop
      vertex  2.674758e+001 -1.084709e+000  1.900000e+002
      vertex  2.656268e+001 -5.563023e-001  1.900000e+002
      vertex  1.699301e+001 -2.492791e+001  1.900000e+002
    endloop
  endfacet
  facet normal  0.000000e+000  0.000000e+000  1.000000e+000
    outer loop
      vertex  1.100000e+002 -1.250000e+002  1.900000e+002
      vertex  1.100000e+002  0.000000e+000  1.900000e+002
      vertex  3.150000e+001 -1.790272e-015  1.900000e+002
    endloop
  endfacet
  facet normal  0.000000e+000  0.000000e+000  1.000000e+000
    outer loop
      vertex  1.100000e+002 -1.250000e+002  1.900000e+002
      vertex  3.150000e+001 -1.790272e-015  1.900000e+002
      vertex  3.143732e+001 -5.563023e-001  1.900000e+002
    endloop
  endfacet
  facet normal  0.000000e+000  0.000000e+000  1.000000e+000
    outer loop
      vertex  1.100000e+002 -1.250000e+002  1.900000e+002
      vertex  3.143732e+001 -5.563023e-001  1.900000e+002
      vertex  3.125242e+001 -1.084709e+000  1.900000e+002
    endloop
  endfacet
  facet normal  0.000000e+000  0.000000e+000  1.000000e+000
    outer loop
      vertex  1.100000e+002 -1.250000e+002  1.900000e+002
      vertex  3.125242e+001 -1.084709e+000  1.900000e+002
      vertex  3.095458e+001 -1.558725e+000  1.900000e+002
    endloop
  endfacet
  facet normal  0.000000e+000  0.000000e+000  1.000000e+000
    outer loop
      vertex  1.100000e+002 -1.250000e+002  1.900000e+002
      vertex  3.095458e+001 -1.558725e+000  1.900000e+002
      vertex  3.055873e+001 -1.954579e+000  1.900000e+002
    endloop
  endfacet
  facet normal  0.000000e+000  0.000000e+000  1.000000e+000
    outer loop
      vertex  1.100000e+002 -1.250000e+002  1.900000e+002
      vertex  3.055873e+001 -1.954579e+000  1.900000e+002
      vertex  3.008471e+001 -2.252422e+000  1.900000e+002
    endloop
  endfacet
  facet normal  0.000000e+000  0.000000e+000  1.000000e+000
    outer loop
      vertex  1.100000e+002 -1.250000e+002  1.900000e+002
      vertex  3.008471e+001 -2.252422e+000  1.900000e+002
      vertex  2.955630e+001 -2.437320e+000  1.900000e+002
    endloop
  endfacet
  facet normal  0.000000e+000  0.000000e+000  1.000000e+000
    outer loop
      vertex  1.100000e+002 -1.250000e+002  1.900000e+002
      vertex  2.955630e+001 -2.437320e+000  1.900000e+002
      vertex  2.900000e+001 -2.500000e+000  1.900000e+002
    endloop
  endfacet
  facet normal  0.000000e+000  0.000000e+000  1.000000e+000
    outer loop
      vertex  1.100000e+002 -1.250000e+002  1.900000e+002
      vertex  2.900000e+001 -2.500000e+000  1.900000e+002
      vertex  1.699301e+001 -2.492791e+001  1.900000e+002
    endloop
  endfacet
  facet normal  0.000000e+000  0.000000e+000  1.000000e+000
    outer loop
      vertex  1.100000e+002 -1.250000e+002  1.900000e+002
      vertex  1.699301e+001 -2.492791e+001  1.900000e+002
      vertex  1.697208e+001 -2.548734e+001  1.900000e+002
    endloop
  endfacet
  facet normal  0.000000e+000  0.000000e+000  1.000000e+000
    outer loop
      vertex  1.100000e+002 -1.250000e+002  1.900000e+002
      vertex  1.697208e+001 -2.548734e+001  1.900000e+002
      vertex  1.682718e+001 -2.602809e+001  1.900000e+002
    endloop
  endfacet
  facet normal  0.000000e+000  0.000000e+000  1.000000e+000
    outer loop
      vertex  1.100000e+002 -1.250000e+002  1.900000e+002
      vertex  1.682718e+001 -2.602809e+001  1.900000e+002
      vertex  1.656560e+001 -2.652304e+001  1.900000e+002
    endloop
  endfacet
  facet normal  0.000000e+000  0.000000e+000  1.000000e+000
    outer loop
      vertex  1.100000e+002 -1.250000e+002  1.900000e+002
      vertex  1.656560e+001 -2.652304e+001  1.900000e+002
      vertex  1.620043e+001 -2.694737e+001  1.900000e+002
    endloop
  endfacet
  facet normal  0.000000e+000  0.000000e+000  1.000000e+000
    outer loop
      vertex  1.100000e+002 -1.250000e+002  1.900000e+002
      vertex  1.620043e+001 -2.694737e+001  1.900000e+002
      vertex  1.575000e+001 -2.727980e+001  1.900000e+002
    endloop
  endfacet
  facet normal  0.000000e+000  0.000000e+000  1.000000e+000
    outer loop
      vertex  1.100000e+002 -1.250000e+002  1.900000e+002
      vertex  1.575000e+001 -2.727980e+001  1.900000e+002
      vertex  1.523689e+001 -2.750367e+001  1.900000e+002
    endloop
  endfacet
  facet normal  0.000000e+000  0.000000e+000  1.000000e+000
    outer loop
      vertex  1.100000e+002 -1.250000e+002  1.900000e+002
      vertex  1.523689e+001 -2.750367e+001  1.900000e+002
      vertex  1.468682e+001 -2.760775e+001  1.900000e+002
    endloop
  endfacet
  facet normal  0.000000e+000  0.000000e+000  1.000000e+000
    outer loop
      vertex  1.100000e+002 -1.250000e+002  1.900000e+002
      vertex  1.468682e+001 -2.760775e+001  1.900000e+002
      vertex  1.412739e+001 -2.758681e+001  1.900000e+002
    endloop
  endfacet
  facet normal  0.000000e+000  0.000000e+000  1.000000e+000
    outer loop
      vertex  1.100000e+002 -1.250000e+002  1.900000e+002
      vertex  1.412739e+001 -2.758681e+001  1.900000e+002
      vertex  1.358665e+001 -2.744192e+001  1.900000e+002
    endloop
  endfacet
  facet normal  0.000000e+000  0.000000e+000  1.000000e+000
    outer loop
      vertex  1.100000e+002 -1.250000e+002  1.900000e+002
      vertex  1.358665e+001 -2.744192e+001  1.900000e+002
      vertex  1.309170e+001 -2.718033e+001  1.900000e+002
    endloop
  endfacet
  facet normal  0.000000e+000  0.000000e+000  1.000000e+000
    outer loop
      vertex  1.100000e+002 -1.250000e+002  1.900000e+002
      vertex  1.309170e+001 -2.718033e+001  1.900000e+002
      vertex  1.266737e+001 -2.681517e+001  1.900000e+002
    endloop
  endfacet
  facet normal  0.000000e+000  0.000000e+000  1.000000e+000
    outer loop
      vertex  1.100000e+002 -1.250000e+002  1.900000e+002
      vertex  1.266737e+001 -2.681517e+001  1.900000e+002
      vertex -1.200699e+001 -2.530156e+001  1.900000e+002
    endloop
  endfacet
  facet normal  0.000000e+000  0.000000e+000  1.000000e+000
    outer loop
      vertex  1.100000e+002 -1.250000e+002  1.900000e+002
      vertex -1.200699e+001 -2.530156e+001  1.900000e+002
      vertex -1.211107e+001 -2.585163e+001  1.900000e+002
    endloop
  endfacet
  facet normal  0.000000e+000  0.000000e+000  1.000000e+000
    outer loop
      vertex  1.100000e+002 -1.250000e+002  1.900000e+002
      vertex -1.211107e+001 -2.585163e+001  1.900000e+002
      vertex -1.233494e+001 -2.636474e+001  1.900000e+002
    endloop
  endfacet
  facet normal  0.000000e+000  0.000000e+000  9.999999e-001
    outer loop
      vertex  1.100000e+002 -1.250000e+002  1.900000e+002
      vertex -1.233494e+001 -2.636474e+001  1.900000e+002
      vertex -1.266737e+001 -2.681517e+001  1.900000e+002
    endloop
  endfacet
  facet normal  0.000000e+000  0.000000e+000  1.000000e+000
    outer loop
      vertex  1.100000e+002 -1.250000e+002  1.900000e+002
      vertex -1.266737e+001 -2.681517e+001  1.900000e+002
      vertex -1.309170e+001 -2.718033e+001  1.900000e+002
    endloop
  endfacet
  facet normal  0.000000e+000  0.000000e+000  1.000000e+000
    outer loop
      vertex  1.100000e+002 -1.250000e+002  1.900000e+002
      vertex -1.309170e+001 -2.718033e+001  1.900000e+002
      vertex -1.358665e+001 -2.744192e+001  1.900000e+002
    endloop
  endfacet
  facet normal  0.000000e+000  0.000000e+000  1.000000e+000
    outer loop
      vertex  1.100000e+002 -1.250000e+002  1.900000e+002
      vertex -1.358665e+001 -2.744192e+001  1.900000e+002
      vertex -1.412739e+001 -2.758681e+001  1.900000e+002
    endloop
  endfacet
  facet normal  0.000000e+000  0.000000e+000  1.000000e+000
    outer loop
      vertex  1.100000e+002 -1.250000e+002  1.900000e+002
      vertex -1.412739e+001 -2.758681e+001  1.900000e+002
      vertex -1.468682e+001 -2.760775e+001  1.900000e+002
    endloop
  endfacet
  facet normal  0.000000e+000  0.000000e+000  1.000000e+000
    outer loop
      vertex  1.100000e+002 -1.250000e+002  1.900000e+002
      vertex -1.468682e+001 -2.760775e+001  1.900000e+002
      vertex -1.523689e+001 -2.750367e+001  1.900000e+002
    endloop
  endfacet
  facet normal  0.000000e+000  0.000000e+000  1.000000e+000
    outer loop
      vertex  1.100000e+002 -1.250000e+002  1.900000e+002
      vertex -1.523689e+001 -2.750367e+001  1.900000e+002
      vertex -1.575000e+001 -2.727980e+001  1.900000e+002
    endloop
  endfacet
  facet normal  0.000000e+000  0.000000e+000  1.000000e+000
    outer loop
      vertex  1.100000e+002 -1.250000e+002  1.900000e+002
      vertex -1.575000e+001 -2.727980e+001  1.900000e+002
      vertex -1.620043e+001 -2.694737e+001  1.900000e+002
    endloop
  endfacet
  facet normal  0.000000e+000  0.000000e+000  1.000000e+000
    outer loop
      vertex  1.100000e+002 -1.250000e+002  1.900000e+002
      vertex -1.620043e+001 -2.694737e+001  1.900000e+002
      vertex -7.000000e+001 -1.250000e+002  1.900000e+002
    endloop
  endfacet
  facet normal  0.000000e+000  -0.000000e+000  1.000000e+000
    outer loop
      vertex  1.202792e+001 -2.474213e+001  1.900000e+002
      vertex  1.217282e+001 -2.420138e+001  1.900000e+002
      vertex  1.275326e+001 -7.896482e+000  1.900000e+002
    endloop
  endfacet
  facet normal  0.000000e+000  0.000000e+000  9.999999e-001
    outer loop
      vertex  1.202792e+001 -2.474213e+001  1.900000e+002
      vertex  1.275326e+001 -7.896482e+000  1.900000e+002
      vertex  1.197026e+001 -9.039519e+000  1.900000e+002
    endloop
  endfacet
  facet normal  0.000000e+000  0.000000e+000  1.000000e+000
    outer loop
      vertex  1.202792e+001 -2.474213e+001  1.900000e+002
      vertex  1.197026e+001 -9.039519e+000  1.900000e+002
      vertex  1.108513e+001 -1.010543e+001  1.900000e+002
    endloop
  endfacet
  facet normal  0.000000e+000  0.000000e+000  1.000000e+000
    outer loop
      vertex  1.202792e+001 -2.474213e+001  1.900000e+002
      vertex  1.108513e+001 -1.010543e+001  1.900000e+002
      vertex  1.010543e+001 -1.108513e+001  1.900000e+002
    endloop
  endfacet
  facet normal  0.000000e+000  0.000000e+000  1.000000e+000
    outer loop
      vertex  1.202792e+001 -2.474213e+001  1.900000e+002
      vertex  1.010543e+001 -1.108513e+001  1.900000e+002
      vertex  9.039519e+000 -1.197026e+001  1.900000e+002
    endloop
  endfacet
  facet normal  0.000000e+000  0.000000e+000  1.000000e+000
    outer loop
      vertex  1.202792e+001 -2.474213e+001  1.900000e+002
      vertex  9.039519e+000 -1.197026e+001  1.900000e+002
      vertex  7.896482e+000 -1.275326e+001  1.900000e+002
    endloop
  endfacet
  facet normal  0.000000e+000  0.000000e+000  1.000000e+000
    outer loop
      vertex  1.202792e+001 -2.474213e+001  1.900000e+002
      vertex  7.896482e+000 -1.275326e+001  1.900000e+002
      vertex  6.686075e+000 -1.342745e+001  1.900000e+002
    endloop
  endfacet
  facet normal  0.000000e+000  0.000000e+000  1.000000e+000
    outer loop
      vertex  1.202792e+001 -2.474213e+001  1.900000e+002
      vertex  6.686075e+000 -1.342745e+001  1.900000e+002
      vertex  5.418625e+000 -1.398708e+001  1.900000e+002
    endloop
  endfacet
  facet normal  0.000000e+000  0.000000e+000  1.000000e+000
    outer loop
      vertex  1.202792e+001 -2.474213e+001  1.900000e+002
      vertex  5.418625e+000 -1.398708e+001  1.900000e+002
      vertex  4.104945e+000 -1.442738e+001  1.900000e+002
    endloop
  endfacet
  facet normal  0.000000e+000  0.000000e+000  1.000000e+000
    outer loop
      vertex  1.202792e+001 -2.474213e+001  1.900000e+002
      vertex  4.104945e+000 -1.442738e+001  1.900000e+002
      vertex  2.756243e+000 -1.474460e+001  1.900000e+002
    endloop
  endfacet
  facet normal  0.000000e+000  0.000000e+000  1.000000e+000
    outer loop
      vertex  1.202792e+001 -2.474213e+001  1.900000e+002
      vertex  2.756243e+000 -1.474460e+001  1.900000e+002
      vertex  1.384025e+000 -1.493601e+001  1.900000e+002
    endloop
  endfacet
  facet normal  0.000000e+000  0.000000e+000  1.000000e+000
    outer loop
      vertex  1.202792e+001 -2.474213e+001  1.900000e+002
      vertex  1.384025e+000 -1.493601e+001  1.900000e+002
      vertex -8.498309e-015 -1.500000e+001  1.900000e+002
    endloop
  endfacet
  facet normal  0.000000e+000  0.000000e+000  1.000000e+000
    outer loop
      vertex  1.202792e+001 -2.474213e+001  1.900000e+002
      vertex -8.498309e-015 -1.500000e+001  1.900000e+002
      vertex -1.202792e+001 -2.474213e+001  1.900000e+002
    endloop
  endfacet
  facet normal  -0.000000e+000  0.000000e+000  1.000000e+000
    outer loop
      vertex  1.202792e+001 -2.474213e+001  1.900000e+002
      vertex -1.202792e+001 -2.474213e+001  1.900000e+002
      vertex -1.200699e+001 -2.530156e+001  1.900000e+002
    endloop
  endfacet
  facet normal  0.000000e+000  0.000000e+000  1.000000e+000
    outer loop
      vertex  1.202792e+001 -2.474213e+001  1.900000e+002
      vertex -1.200699e+001 -2.530156e+001  1.900000e+002
      vertex  1.200699e+001 -2.530156e+001  1.900000e+002
    endloop
  endfacet
  facet normal  0.000000e+000  0.000000e+000  1.000000e+000
    outer loop
      vertex -1.202792e+001 -2.474213e+001  1.900000e+002
      vertex -8.498309e-015 -1.500000e+001  1.900000e+002
      vertex -1.384025e+000 -1.493601e+001  1.900000e+002
    endloop
  endfacet
  facet normal  0.000000e+000  0.000000e+000  1.000000e+000
    outer loop
      vertex -1.202792e+001 -2.474213e+001  1.900000e+002
      vertex -1.384025e+000 -1.493601e+001  1.900000e+002
      vertex -2.756243e+000 -1.474460e+001  1.900000e+002
    endloop
  endfacet
  facet normal  0.000000e+000  0.000000e+000  1.000000e+000
    outer loop
      vertex -1.202792e+001 -2.474213e+001  1.900000e+002
      vertex -2.756243e+000 -1.474460e+001  1.900000e+002
      vertex -4.104945e+000 -1.442738e+001  1.900000e+002
    endloop
  endfacet
  facet normal  0.000000e+000  0.000000e+000  1.000000e+000
    outer loop
      vertex -1.202792e+001 -2.474213e+001  1.900000e+002
      vertex -4.104945e+000 -1.442738e+001  1.900000e+002
      vertex -5.418625e+000 -1.398708e+001  1.900000e+002
    endloop
  endfacet
  facet normal  0.000000e+000  0.000000e+000  1.000000e+000
    outer loop
      vertex -1.202792e+001 -2.474213e+001  1.900000e+002
      vertex -5.418625e+000 -1.398708e+001  1.900000e+002
      vertex -6.686075e+000 -1.342745e+001  1.900000e+002
    endloop
  endfacet
  facet normal  0.000000e+000  0.000000e+000  1.000000e+000
    outer loop
      vertex -1.202792e+001 -2.474213e+001  1.900000e+002
      vertex -6.686075e+000 -1.342745e+001  1.900000e+002
      vertex -7.896482e+000 -1.275326e+001  1.900000e+002
    endloop
  endfacet
  facet normal  0.000000e+000  0.000000e+000  1.000000e+000
    outer loop
      vertex -1.202792e+001 -2.474213e+001  1.900000e+002
      vertex -7.896482e+000 -1.275326e+001  1.900000e+002
      vertex -9.039519e+000 -1.197026e+001  1.900000e+002
    endloop
  endfacet
  facet normal  0.000000e+000  0.000000e+000  1.000000e+000
    outer loop
      vertex -1.202792e+001 -2.474213e+001  1.900000e+002
      vertex -9.039519e+000 -1.197026e+001  1.900000e+002
      vertex -1.010543e+001 -1.108513e+001  1.900000e+002
    endloop
  endfacet
  facet normal  0.000000e+000  0.000000e+000  1.000000e+000
    outer loop
      vertex -1.202792e+001 -2.474213e+001  1.900000e+002
      vertex -1.010543e+001 -1.108513e+001  1.900000e+002
      vertex -1.108513e+001 -1.010543e+001  1.900000e+002
    endloop
  endfacet
  facet normal  0.000000e+000  0.000000e+000  1.000000e+000
    outer loop
      vertex -1.202792e+001 -2.474213e+001  1.900000e+002
      vertex -1.108513e+001 -1.010543e+001  1.900000e+002
      vertex -1.197026e+001 -9.039519e+000  1.900000e+002
    endloop
  endfacet
  facet normal  0.000000e+000  0.000000e+000  1.000000e+000
    outer loop
      vertex -1.699301e+001 -2.492791e+001  1.900000e+002
      vertex -1.500000e+001  4.249154e-015  1.900000e+002
      vertex -2.650000e+001 -4.592425e-016  1.900000e+002
    endloop
  endfacet
  facet normal  0.000000e+000  0.000000e+000  1.000000e+000
    outer loop
      vertex -1.699301e+001 -2.492791e+001  1.900000e+002
      vertex -2.650000e+001 -4.592425e-016  1.900000e+002
      vertex -2.656268e+001 -5.563023e-001  1.900000e+002
    endloop
  endfacet
  facet normal  0.000000e+000  0.000000e+000  1.000000e+000
    outer loop
      vertex -1.699301e+001 -2.492791e+001  1.900000e+002
      vertex -2.656268e+001 -5.563023e-001  1.900000e+002
      vertex -2.674758e+001 -1.084709e+000  1.900000e+002
    endloop
  endfacet
  facet normal  0.000000e+000  0.000000e+000  1.000000e+000
    outer loop
      vertex -1.699301e+001 -2.492791e+001  1.900000e+002
      vertex -2.674758e+001 -1.084709e+000  1.900000e+002
      vertex -2.704542e+001 -1.558725e+000  1.900000e+002
    endloop
  endfacet
  facet normal  0.000000e+000  0.000000e+000  1.000000e+000
    outer loop
      vertex -1.699301e+001 -2.492791e+001  1.900000e+002
      vertex -2.704542e+001 -1.558725e+000  1.900000e+002
      vertex -2.744127e+001 -1.954579e+000  1.900000e+002
    endloop
  endfacet
  facet normal  0.000000e+000  0.000000e+000  9.999999e-001
    outer loop
      vertex -1.699301e+001 -2.492791e+001  1.900000e+002
      vertex -2.744127e+001 -1.954579e+000  1.900000e+002
      vertex -2.791529e+001 -2.252422e+000  1.900000e+002
    endloop
  endfacet
  facet normal  0.000000e+000  0.000000e+000  1.000000e+000
    outer loop
      vertex -1.699301e+001 -2.492791e+001  1.900000e+002
      vertex -2.791529e+001 -2.252422e+000  1.900000e+002
      vertex -2.844370e+001 -2.437320e+000  1.900000e+002
    endloop
  endfacet
  facet normal  0.000000e+000  0.000000e+000  1.000000e+000
    outer loop
      vertex -1.699301e+001 -2.492791e+001  1.900000e+002
      vertex -2.844370e+001 -2.437320e+000  1.900000e+002
      vertex -2.900000e+001 -2.500000e+000  1.900000e+002
    endloop
  endfacet
  facet normal  0.000000e+000  0.000000e+000  1.000000e+000
    outer loop
      vertex -7.000000e+001 -1.250000e+002  1.900000e+002
      vertex -1.620043e+001 -2.694737e+001  1.900000e+002
      vertex -1.656560e+001 -2.652304e+001  1.900000e+002
    endloop
  endfacet
  facet normal  0.000000e+000  0.000000e+000  1.000000e+000
    outer loop
      vertex -7.000000e+001 -1.250000e+002  1.900000e+002
      vertex -1.656560e+001 -2.652304e+001  1.900000e+002
      vertex -1.682718e+001 -2.602809e+001  1.900000e+002
    endloop
  endfacet
  facet normal  0.000000e+000  0.000000e+000  1.000000e+000
    outer loop
      vertex -7.000000e+001 -1.250000e+002  1.900000e+002
      vertex -1.682718e+001 -2.602809e+001  1.900000e+002
      vertex -1.697208e+001 -2.548734e+001  1.900000e+002
    endloop
  endfacet
  facet normal  0.000000e+000  0.000000e+000  1.000000e+000
    outer loop
      vertex -7.000000e+001 -1.250000e+002  1.900000e+002
      vertex -1.697208e+001 -2.548734e+001  1.900000e+002
      vertex -1.699301e+001 -2.492791e+001  1.900000e+002
    endloop
  endfacet
  facet normal  0.000000e+000  0.000000e+000  1.000000e+000
    outer loop
      vertex -7.000000e+001 -1.250000e+002  1.900000e+002
      vertex -1.699301e+001 -2.492791e+001  1.900000e+002
      vertex -2.900000e+001 -2.500000e+000  1.900000e+002
    endloop
  endfacet
  facet normal  0.000000e+000  0.000000e+000  1.000000e+000
    outer loop
      vertex -7.000000e+001 -1.250000e+002  1.900000e+002
      vertex -2.900000e+001 -2.500000e+000  1.900000e+002
      vertex -2.955630e+001 -2.437320e+000  1.900000e+002
    endloop
  endfacet
  facet normal  0.000000e+000  0.000000e+000  1.000000e+000
    outer loop
      vertex -7.000000e+001 -1.250000e+002  1.900000e+002
      vertex -2.955630e+001 -2.437320e+000  1.900000e+002
      vertex -3.008471e+001 -2.252422e+000  1.900000e+002
    endloop
  endfacet
  facet normal  0.000000e+000  0.000000e+000  1.000000e+000
    outer loop
      vertex -7.000000e+001 -1.250000e+002  1.900000e+002
      vertex -3.008471e+001 -2.252422e+000  1.900000e+002
      vertex -3.055873e+001 -1.954579e+000  1.900000e+002
    endloop
  endfacet
  facet normal  0.000000e+000  0.000000e+000  1.000000e+000
    outer loop
      vertex -7.000000e+001 -1.250000e+002  1.900000e+002
      vertex -3.055873e+001 -1.954579e+000  1.900000e+002
      vertex -3.095458e+001 -1.558725e+000  1.900000e+002
    endloop
  endfacet
  facet normal  0.000000e+000  0.000000e+000  9.999999e-001
    outer loop
      vertex -7.000000e+001 -1.250000e+002  1.900000e+002
      vertex -3.095458e+001 -1.558725e+000  1.900000e+002
      vertex -3.125242e+001 -1.084709e+000  1.900000e+002
    endloop
  endfacet
  facet normal  0.000000e+000  0.000000e+000  1.000000e+000
    outer loop
      vertex -7.000000e+001 -1.250000e+002  1.900000e+002
      vertex -3.125242e+001 -1.084709e+000  1.900000e+002
      vertex -7.000000e+001  1.868663e-021  1.900000e+002
    endloop
  endfacet
  facet normal  0.000000e+000  0.000000e+000  1.000000e+000
    outer loop
      vertex -1.500000e+001  4.249154e-015  1.900000e+002
      vertex -1.699301e+001 -2.492791e+001  1.900000e+002
      vertex -1.688893e+001 -2.437785e+001  1.900000e+002
    endloop
  endfacet
  facet normal  0.000000e+000  0.000000e+000  1.000000e+000
    outer loop
      vertex -1.500000e+001  4.249154e-015  1.900000e+002
      vertex -1.688893e+001 -2.437785e+001  1.900000e+002
      vertex -1.666506e+001 -2.386474e+001  1.900000e+002
    endloop
  endfacet
  facet normal  0.000000e+000  0.000000e+000  1.000000e+000
    outer loop
      vertex -1.500000e+001  4.249154e-015  1.900000e+002
      vertex -1.666506e+001 -2.386474e+001  1.900000e+002
      vertex -1.633263e+001 -2.341430e+001  1.900000e+002
    endloop
  endfacet
  facet normal  0.000000e+000  0.000000e+000  1.000000e+000
    outer loop
      vertex -1.500000e+001  4.249154e-015  1.900000e+002
      vertex -1.633263e+001 -2.341430e+001  1.900000e+002
      vertex -1.590830e+001 -2.304914e+001  1.900000e+002
    endloop
  endfacet
  facet normal  0.000000e+000  0.000000e+000  1.000000e+000
    outer loop
      vertex -1.500000e+001  4.249154e-015  1.900000e+002
      vertex -1.590830e+001 -2.304914e+001  1.900000e+002
      vertex -1.541335e+001 -2.278755e+001  1.900000e+002
    endloop
  endfacet
  facet normal  0.000000e+000  0.000000e+000  1.000000e+000
    outer loop
      vertex -1.500000e+001  4.249154e-015  1.900000e+002
      vertex -1.541335e+001 -2.278755e+001  1.900000e+002
      vertex -1.487261e+001 -2.264266e+001  1.900000e+002
    endloop
  endfacet
  facet normal  0.000000e+000  0.000000e+000  1.000000e+000
    outer loop
      vertex -1.500000e+001  4.249154e-015  1.900000e+002
      vertex -1.487261e+001 -2.264266e+001  1.900000e+002
      vertex -1.493601e+001 -1.384025e+000  1.900000e+002
    endloop
  endfacet
  facet normal  0.000000e+000  0.000000e+000  1.000000e+000
    outer loop
      vertex -1.197026e+001 -9.039519e+000  1.900000e+002
      vertex -1.275326e+001 -7.896482e+000  1.900000e+002
      vertex -1.279957e+001 -2.328211e+001  1.900000e+002
    endloop
  endfacet
  facet normal  -0.000000e+000  0.000000e+000  1.000000e+000
    outer loop
      vertex -1.197026e+001 -9.039519e+000  1.900000e+002
      vertex -1.279957e+001 -2.328211e+001  1.900000e+002
      vertex -1.243440e+001 -2.370644e+001  1.900000e+002
    endloop
  endfacet
  facet normal  -0.000000e+000  0.000000e+000  1.000000e+000
    outer loop
      vertex -1.197026e+001 -9.039519e+000  1.900000e+002
      vertex -1.243440e+001 -2.370644e+001  1.900000e+002
      vertex -1.217282e+001 -2.420138e+001  1.900000e+002
    endloop
  endfacet
  facet normal  -0.000000e+000  0.000000e+000  1.000000e+000
    outer loop
      vertex -1.197026e+001 -9.039519e+000  1.900000e+002
      vertex -1.217282e+001 -2.420138e+001  1.900000e+002
      vertex -1.202792e+001 -2.474213e+001  1.900000e+002
    endloop
  endfacet
  facet normal  -0.000000e+000  0.000000e+000  1.000000e+000
    outer loop
      vertex  2.650000e+001 -5.656254e-016  1.900000e+002
      vertex  1.500000e+001 -1.607813e-014  1.900000e+002
      vertex  1.487261e+001 -2.264266e+001  1.900000e+002
    endloop
  endfacet
  facet normal  -0.000000e+000  0.000000e+000  9.999999e-001
    outer loop
      vertex  2.650000e+001 -5.656254e-016  1.900000e+002
      vertex  1.487261e+001 -2.264266e+001  1.900000e+002
      vertex  1.541335e+001 -2.278755e+001  1.900000e+002
    endloop
  endfacet
  facet normal  -0.000000e+000  0.000000e+000  9.999999e-001
    outer loop
      vertex  2.650000e+001 -5.656254e-016  1.900000e+002
      vertex  1.541335e+001 -2.278755e+001  1.900000e+002
      vertex  1.590830e+001 -2.304914e+001  1.900000e+002
    endloop
  endfacet
  facet normal  -0.000000e+000  0.000000e+000  1.000000e+000
    outer loop
      vertex  2.650000e+001 -5.656254e-016  1.900000e+002
      vertex  1.590830e+001 -2.304914e+001  1.900000e+002
      vertex  1.633263e+001 -2.341430e+001  1.900000e+002
    endloop
  endfacet
  facet normal  -0.000000e+000  0.000000e+000  1.000000e+000
    outer loop
      vertex  2.650000e+001 -5.656254e-016  1.900000e+002
      vertex  1.633263e+001 -2.341430e+001  1.900000e+002
      vertex  1.666506e+001 -2.386474e+001  1.900000e+002
    endloop
  endfacet
  facet normal  -0.000000e+000  0.000000e+000  1.000000e+000
    outer loop
      vertex  2.650000e+001 -5.656254e-016  1.900000e+002
      vertex  1.666506e+001 -2.386474e+001  1.900000e+002
      vertex  1.688893e+001 -2.437785e+001  1.900000e+002
    endloop
  endfacet
  facet normal  -0.000000e+000  0.000000e+000  1.000000e+000
    outer loop
      vertex  2.650000e+001 -5.656254e-016  1.900000e+002
      vertex  1.688893e+001 -2.437785e+001  1.900000e+002
      vertex  1.699301e+001 -2.492791e+001  1.900000e+002
    endloop
  endfacet
  facet normal  0.000000e+000  0.000000e+000  1.000000e+000
    outer loop
      vertex  2.650000e+001 -5.656254e-016  1.900000e+002
      vertex  1.699301e+001 -2.492791e+001  1.900000e+002
      vertex  2.656268e+001 -5.563023e-001  1.900000e+002
    endloop
  endfacet
  facet normal  0.000000e+000  -0.000000e+000  9.999999e-001
    outer loop
      vertex -1.493601e+001 -1.384025e+000  1.900000e+002
      vertex -1.487261e+001 -2.264266e+001  1.900000e+002
      vertex -1.474460e+001 -2.756243e+000  1.900000e+002
    endloop
  endfacet
  facet normal  0.000000e+000  0.000000e+000  9.999999e-001
    outer loop
      vertex -1.474460e+001 -2.756243e+000  1.900000e+002
      vertex -1.487261e+001 -2.264266e+001  1.900000e+002
      vertex -1.431318e+001 -2.262173e+001  1.900000e+002
    endloop
  endfacet
  facet normal  0.000000e+000  0.000000e+000  1.000000e+000
    outer loop
      vertex -1.474460e+001 -2.756243e+000  1.900000e+002
      vertex -1.431318e+001 -2.262173e+001  1.900000e+002
      vertex -1.442738e+001 -4.104945e+000  1.900000e+002
    endloop
  endfacet
  facet normal  0.000000e+000  -0.000000e+000  1.000000e+000
    outer loop
      vertex -1.442738e+001 -4.104945e+000  1.900000e+002
      vertex -1.431318e+001 -2.262173e+001  1.900000e+002
      vertex -1.398708e+001 -5.418625e+000  1.900000e+002
    endloop
  endfacet
  facet normal  0.000000e+000  0.000000e+000  1.000000e+000
    outer loop
      vertex -1.398708e+001 -5.418625e+000  1.900000e+002
      vertex -1.431318e+001 -2.262173e+001  1.900000e+002
      vertex -1.376311e+001 -2.272581e+001  1.900000e+002
    endloop
  endfacet
  facet normal  0.000000e+000  -0.000000e+000  1.000000e+000
    outer loop
      vertex -1.398708e+001 -5.418625e+000  1.900000e+002
      vertex -1.376311e+001 -2.272581e+001  1.900000e+002
      vertex -1.342745e+001 -6.686075e+000  1.900000e+002
    endloop
  endfacet
  facet normal  0.000000e+000  0.000000e+000  1.000000e+000
    outer loop
      vertex -1.342745e+001 -6.686075e+000  1.900000e+002
      vertex -1.376311e+001 -2.272581e+001  1.900000e+002
      vertex -1.325000e+001 -2.294967e+001  1.900000e+002
    endloop
  endfacet
  facet normal  0.000000e+000  -0.000000e+000  1.000000e+000
    outer loop
      vertex -1.342745e+001 -6.686075e+000  1.900000e+002
      vertex -1.325000e+001 -2.294967e+001  1.900000e+002
      vertex -1.275326e+001 -7.896482e+000  1.900000e+002
    endloop
  endfacet
  facet normal  0.000000e+000  0.000000e+000  9.999999e-001
    outer loop
      vertex -1.275326e+001 -7.896482e+000  1.900000e+002
      vertex -1.325000e+001 -2.294967e+001  1.900000e+002
      vertex -1.279957e+001 -2.328211e+001  1.900000e+002
    endloop
  endfacet
  facet normal  0.000000e+000  -0.000000e+000  1.000000e+000
    outer loop
      vertex  1.275326e+001 -7.896482e+000  1.900000e+002
      vertex  1.279957e+001 -2.328211e+001  1.900000e+002
      vertex  1.342745e+001 -6.686075e+000  1.900000e+002
    endloop
  endfacet
  facet normal  0.000000e+000  0.000000e+000  1.000000e+000
    outer loop
      vertex  1.342745e+001 -6.686075e+000  1.900000e+002
      vertex  1.279957e+001 -2.328211e+001  1.900000e+002
      vertex  1.325000e+001 -2.294967e+001  1.900000e+002
    endloop
  endfacet
  facet normal  0.000000e+000  0.000000e+000  9.999999e-001
    outer loop
      vertex  1.342745e+001 -6.686075e+000  1.900000e+002
      vertex  1.325000e+001 -2.294967e+001  1.900000e+002
      vertex  1.398708e+001 -5.418625e+000  1.900000e+002
    endloop
  endfacet
  facet normal  0.000000e+000  0.000000e+000  1.000000e+000
    outer loop
      vertex  1.398708e+001 -5.418625e+000  1.900000e+002
      vertex  1.325000e+001 -2.294967e+001  1.900000e+002
      vertex  1.376311e+001 -2.272581e+001  1.900000e+002
    endloop
  endfacet
  facet normal  0.000000e+000  0.000000e+000  1.000000e+000
    outer loop
      vertex  1.398708e+001 -5.418625e+000  1.900000e+002
      vertex  1.376311e+001 -2.272581e+001  1.900000e+002
      vertex  1.442738e+001 -4.104945e+000  1.900000e+002
    endloop
  endfacet
  facet normal  0.000000e+000  0.000000e+000  1.000000e+000
    outer loop
      vertex  1.442738e+001 -4.104945e+000  1.900000e+002
      vertex  1.376311e+001 -2.272581e+001  1.900000e+002
      vertex  1.431318e+001 -2.262173e+001  1.900000e+002
    endloop
  endfacet
  facet normal  0.000000e+000  0.000000e+000  1.000000e+000
    outer loop
      vertex  1.442738e+001 -4.104945e+000  1.900000e+002
      vertex  1.431318e+001 -2.262173e+001  1.900000e+002
      vertex  1.474460e+001 -2.756243e+000  1.900000e+002
    endloop
  endfacet
  facet normal  0.000000e+000  0.000000e+000  9.999999e-001
    outer loop
      vertex  1.474460e+001 -2.756243e+000  1.900000e+002
      vertex  1.431318e+001 -2.262173e+001  1.900000e+002
      vertex  1.487261e+001 -2.264266e+001  1.900000e+002
    endloop
  endfacet
  facet normal  0.000000e+000  -0.000000e+000  9.999999e-001
    outer loop
      vertex  1.474460e+001 -2.756243e+000  1.900000e+002
      vertex  1.487261e+001 -2.264266e+001  1.900000e+002
      vertex  1.493601e+001 -1.384025e+000  1.900000e+002
    endloop
  endfacet
  facet normal -8.467238e-001  5.320327e-001  0.000000e+000
    outer loop
      vertex -2.704542e+001 -1.558725e+000  1.700000e+002
      vertex -2.674758e+001 -1.084709e+000  1.900000e+002
      vertex -2.674758e+001 -1.084709e+000  1.700000e+002
    endloop
  endfacet
  facet normal -9.438829e-001  3.302802e-001  0.000000e+000
    outer loop
      vertex -2.674758e+001 -1.084709e+000  1.700000e+002
      vertex -2.674758e+001 -1.084709e+000  1.900000e+002
      vertex -2.656268e+001 -5.563023e-001  1.900000e+002
    endloop
  endfacet
  facet normal -9.438829e-001  3.302802e-001  0.000000e+000
    outer loop
      vertex -2.674758e+001 -1.084709e+000  1.700000e+002
      vertex -2.656268e+001 -5.563023e-001  1.900000e+002
      vertex -2.656268e+001 -5.563023e-001  1.700000e+002
    endloop
  endfacet
  facet normal -9.937124e-001  1.119628e-001  0.000000e+000
    outer loop
      vertex -2.656268e+001 -5.563023e-001  1.700000e+002
      vertex -2.656268e+001 -5.563023e-001  1.900000e+002
      vertex -2.650000e+001 -4.592425e-016  1.900000e+002
    endloop
  endfacet
  facet normal -9.937124e-001  1.119628e-001  0.000000e+000
    outer loop
      vertex -2.656268e+001 -5.563023e-001  1.700000e+002
      vertex -2.650000e+001 -4.592425e-016  1.900000e+002
      vertex -2.650000e+001 -4.592425e-016  1.700000e+002
    endloop
  endfacet
  facet normal -8.467238e-001  5.320327e-001  0.000000e+000
    outer loop
      vertex -2.674758e+001 -1.084709e+000  1.900000e+002
      vertex -2.704542e+001 -1.558725e+000  1.700000e+002
      vertex -2.704542e+001 -1.558725e+000  1.900000e+002
    endloop
  endfacet
  facet normal -7.071079e-001  7.071058e-001  0.000000e+000
    outer loop
      vertex -2.704542e+001 -1.558725e+000  1.900000e+002
      vertex -2.704542e+001 -1.558725e+000  1.700000e+002
      vertex -2.744127e+001 -1.954579e+000  1.700000e+002
    endloop
  endfacet
  facet normal -7.071079e-001  7.071058e-001  0.000000e+000
    outer loop
      vertex -2.704542e+001 -1.558725e+000  1.900000e+002
      vertex -2.744127e+001 -1.954579e+000  1.700000e+002
      vertex -2.744127e+001 -1.954579e+000  1.900000e+002
    endloop
  endfacet
  facet normal -5.320311e-001  8.467249e-001  0.000000e+000
    outer loop
      vertex -2.744127e+001 -1.954579e+000  1.900000e+002
      vertex -2.744127e+001 -1.954579e+000  1.700000e+002
      vertex -2.791529e+001 -2.252422e+000  1.700000e+002
    endloop
  endfacet
  facet normal -5.320311e-001  8.467249e-001  0.000000e+000
    outer loop
      vertex -2.744127e+001 -1.954579e+000  1.900000e+002
      vertex -2.791529e+001 -2.252422e+000  1.700000e+002
      vertex -2.791529e+001 -2.252422e+000  1.900000e+002
    endloop
  endfacet
  facet normal -3.302796e-001  9.438832e-001  0.000000e+000
    outer loop
      vertex -2.791529e+001 -2.252422e+000  1.900000e+002
      vertex -2.791529e+001 -2.252422e+000  1.700000e+002
      vertex -2.844370e+001 -2.437320e+000  1.700000e+002
    endloop
  endfacet
  facet normal -3.302796e-001  9.438832e-001  0.000000e+000
    outer loop
      vertex -2.791529e+001 -2.252422e+000  1.900000e+002
      vertex -2.844370e+001 -2.437320e+000  1.700000e+002
      vertex -2.844370e+001 -2.437320e+000  1.900000e+002
    endloop
  endfacet
  facet normal -1.119644e-001  9.937122e-001  0.000000e+000
    outer loop
      vertex -2.844370e+001 -2.437320e+000  1.900000e+002
      vertex -2.844370e+001 -2.437320e+000  1.700000e+002
      vertex -2.900000e+001 -2.500000e+000  1.700000e+002
    endloop
  endfacet
  facet normal -1.119644e-001  9.937122e-001  0.000000e+000
    outer loop
      vertex -2.844370e+001 -2.437320e+000  1.900000e+002
      vertex -2.900000e+001 -2.500000e+000  1.700000e+002
      vertex -2.900000e+001 -2.500000e+000  1.900000e+002
    endloop
  endfacet
  facet normal  5.320311e-001  8.467249e-001  0.000000e+000
    outer loop
      vertex -3.055873e+001 -1.954579e+000  1.700000e+002
      vertex -3.008471e+001 -2.252422e+000  1.900000e+002
      vertex -3.008471e+001 -2.252422e+000  1.700000e+002
    endloop
  endfacet
  facet normal  3.302796e-001  9.438832e-001  -0.000000e+000
    outer loop
      vertex -3.008471e+001 -2.252422e+000  1.700000e+002
      vertex -3.008471e+001 -2.252422e+000  1.900000e+002
      vertex -2.955630e+001 -2.437320e+000  1.900000e+002
    endloop
  endfacet
  facet normal  3.302796e-001  9.438832e-001  0.000000e+000
    outer loop
      vertex -3.008471e+001 -2.252422e+000  1.700000e+002
      vertex -2.955630e+001 -2.437320e+000  1.900000e+002
      vertex -2.955630e+001 -2.437320e+000  1.700000e+002
    endloop
  endfacet
  facet normal  1.119644e-001  9.937122e-001  -0.000000e+000
    outer loop
      vertex -2.955630e+001 -2.437320e+000  1.700000e+002
      vertex -2.955630e+001 -2.437320e+000  1.900000e+002
      vertex -2.900000e+001 -2.500000e+000  1.900000e+002
    endloop
  endfacet
  facet normal  1.119644e-001  9.937122e-001  0.000000e+000
    outer loop
      vertex -2.955630e+001 -2.437320e+000  1.700000e+002
      vertex -2.900000e+001 -2.500000e+000  1.900000e+002
      vertex -2.900000e+001 -2.500000e+000  1.700000e+002
    endloop
  endfacet
  facet normal  5.320311e-001  8.467249e-001  -0.000000e+000
    outer loop
      vertex -3.008471e+001 -2.252422e+000  1.900000e+002
      vertex -3.055873e+001 -1.954579e+000  1.700000e+002
      vertex -3.055873e+001 -1.954579e+000  1.900000e+002
    endloop
  endfacet
  facet normal  7.071079e-001  7.071058e-001  0.000000e+000
    outer loop
      vertex -3.055873e+001 -1.954579e+000  1.900000e+002
      vertex -3.055873e+001 -1.954579e+000  1.700000e+002
      vertex -3.095458e+001 -1.558725e+000  1.700000e+002
    endloop
  endfacet
  facet normal  7.071079e-001  7.071058e-001  -0.000000e+000
    outer loop
      vertex -3.055873e+001 -1.954579e+000  1.900000e+002
      vertex -3.095458e+001 -1.558725e+000  1.700000e+002
      vertex -3.095458e+001 -1.558725e+000  1.900000e+002
    endloop
  endfacet
  facet normal  8.467238e-001  5.320327e-001  0.000000e+000
    outer loop
      vertex -3.095458e+001 -1.558725e+000  1.900000e+002
      vertex -3.095458e+001 -1.558725e+000  1.700000e+002
      vertex -3.125242e+001 -1.084709e+000  1.700000e+002
    endloop
  endfacet
  facet normal  8.467238e-001  5.320327e-001  -0.000000e+000
    outer loop
      vertex -3.095458e+001 -1.558725e+000  1.900000e+002
      vertex -3.125242e+001 -1.084709e+000  1.700000e+002
      vertex -3.125242e+001 -1.084709e+000  1.900000e+002
    endloop
  endfacet
  facet normal  9.438829e-001  3.302802e-001  0.000000e+000
    outer loop
      vertex -3.125242e+001 -1.084709e+000  1.900000e+002
      vertex -3.125242e+001 -1.084709e+000  1.700000e+002
      vertex -3.143732e+001 -5.563023e-001  1.700000e+002
    endloop
  endfacet
  facet normal  9.438829e-001  3.302802e-001  -0.000000e+000
    outer loop
      vertex -3.125242e+001 -1.084709e+000  1.900000e+002
      vertex -3.143732e+001 -5.563023e-001  1.700000e+002
      vertex -3.143732e+001 -5.563023e-001  1.900000e+002
    endloop
  endfacet
  facet normal  9.937124e-001  1.119628e-001  0.000000e+000
    outer loop
      vertex -3.143732e+001 -5.563023e-001  1.900000e+002
      vertex -3.143732e+001 -5.563023e-001  1.700000e+002
      vertex -3.150000e+001  4.205855e-017  1.700000e+002
    endloop
  endfacet
  facet normal  9.937124e-001  1.119628e-001 -6.215186e-019
    outer loop
      vertex -3.143732e+001 -5.563023e-001  1.900000e+002
      vertex -3.150000e+001  4.205855e-017  1.700000e+002
      vertex -3.150000e+001  1.530808e-016  1.900000e+002
    endloop
  endfacet
  facet normal  5.320311e-001  8.467249e-001  0.000000e+000
    outer loop
      vertex  2.744127e+001 -1.954579e+000  1.700000e+002
      vertex  2.791529e+001 -2.252422e+000  1.900000e+002
      vertex  2.791529e+001 -2.252422e+000  1.700000e+002
    endloop
  endfacet
  facet normal  3.302796e-001  9.438832e-001  -0.000000e+000
    outer loop
      vertex  2.791529e+001 -2.252422e+000  1.700000e+002
      vertex  2.791529e+001 -2.252422e+000  1.900000e+002
      vertex  2.844370e+001 -2.437320e+000  1.900000e+002
    endloop
  endfacet
  facet normal  3.302796e-001  9.438832e-001  0.000000e+000
    outer loop
      vertex  2.791529e+001 -2.252422e+000  1.700000e+002
      vertex  2.844370e+001 -2.437320e+000  1.900000e+002
      vertex  2.844370e+001 -2.437320e+000  1.700000e+002
    endloop
  endfacet
  facet normal  1.119644e-001  9.937122e-001  -0.000000e+000
    outer loop
      vertex  2.844370e+001 -2.437320e+000  1.700000e+002
      vertex  2.844370e+001 -2.437320e+000  1.900000e+002
      vertex  2.900000e+001 -2.500000e+000  1.900000e+002
    endloop
  endfacet
  facet normal  1.119644e-001  9.937122e-001  0.000000e+000
    outer loop
      vertex  2.844370e+001 -2.437320e+000  1.700000e+002
      vertex  2.900000e+001 -2.500000e+000  1.900000e+002
      vertex  2.900000e+001 -2.500000e+000  1.700000e+002
    endloop
  endfacet
  facet normal  5.320311e-001  8.467249e-001  -0.000000e+000
    outer loop
      vertex  2.791529e+001 -2.252422e+000  1.900000e+002
      vertex  2.744127e+001 -1.954579e+000  1.700000e+002
      vertex  2.744127e+001 -1.954579e+000  1.900000e+002
    endloop
  endfacet
  facet normal  7.071079e-001  7.071058e-001  0.000000e+000
    outer loop
      vertex  2.744127e+001 -1.954579e+000  1.900000e+002
      vertex  2.744127e+001 -1.954579e+000  1.700000e+002
      vertex  2.704542e+001 -1.558725e+000  1.700000e+002
    endloop
  endfacet
  facet normal  7.071079e-001  7.071058e-001  -0.000000e+000
    outer loop
      vertex  2.744127e+001 -1.954579e+000  1.900000e+002
      vertex  2.704542e+001 -1.558725e+000  1.700000e+002
      vertex  2.704542e+001 -1.558725e+000  1.900000e+002
    endloop
  endfacet
  facet normal  8.467238e-001  5.320327e-001  0.000000e+000
    outer loop
      vertex  2.704542e+001 -1.558725e+000  1.900000e+002
      vertex  2.704542e+001 -1.558725e+000  1.700000e+002
      vertex  2.674758e+001 -1.084709e+000  1.700000e+002
    endloop
  endfacet
  facet normal  8.467238e-001  5.320327e-001  -0.000000e+000
    outer loop
      vertex  2.704542e+001 -1.558725e+000  1.900000e+002
      vertex  2.674758e+001 -1.084709e+000  1.700000e+002
      vertex  2.674758e+001 -1.084709e+000  1.900000e+002
    endloop
  endfacet
  facet normal  9.438829e-001  3.302802e-001  0.000000e+000
    outer loop
      vertex  2.674758e+001 -1.084709e+000  1.900000e+002
      vertex  2.674758e+001 -1.084709e+000  1.700000e+002
      vertex  2.656268e+001 -5.563023e-001  1.700000e+002
    endloop
  endfacet
  facet normal  9.438829e-001  3.302802e-001  -0.000000e+000
    outer loop
      vertex  2.674758e+001 -1.084709e+000  1.900000e+002
      vertex  2.656268e+001 -5.563023e-001  1.700000e+002
      vertex  2.656268e+001 -5.563023e-001  1.900000e+002
    endloop
  endfacet
  facet normal  9.937124e-001  1.119628e-001  0.000000e+000
    outer loop
      vertex  2.656268e+001 -5.563023e-001  1.900000e+002
      vertex  2.656268e+001 -5.563023e-001  1.700000e+002
      vertex  2.650000e+001 -7.350976e-016  1.700000e+002
    endloop
  endfacet
  facet normal  9.937124e-001  1.119628e-001 -9.487293e-019
    outer loop
      vertex  2.656268e+001 -5.563023e-001  1.900000e+002
      vertex  2.650000e+001 -7.350976e-016  1.700000e+002
      vertex  2.650000e+001 -5.656254e-016  1.900000e+002
    endloop
  endfacet
  facet normal -8.467238e-001  5.320327e-001  0.000000e+000
    outer loop
      vertex  3.095458e+001 -1.558725e+000  1.700000e+002
      vertex  3.125242e+001 -1.084709e+000  1.900000e+002
      vertex  3.125242e+001 -1.084709e+000  1.700000e+002
    endloop
  endfacet
  facet normal -9.438829e-001  3.302802e-001  0.000000e+000
    outer loop
      vertex  3.125242e+001 -1.084709e+000  1.700000e+002
      vertex  3.125242e+001 -1.084709e+000  1.900000e+002
      vertex  3.143732e+001 -5.563023e-001  1.900000e+002
    endloop
  endfacet
  facet normal -9.438829e-001  3.302802e-001  0.000000e+000
    outer loop
      vertex  3.125242e+001 -1.084709e+000  1.700000e+002
      vertex  3.143732e+001 -5.563023e-001  1.900000e+002
      vertex  3.143732e+001 -5.563023e-001  1.700000e+002
    endloop
  endfacet
  facet normal -9.937124e-001  1.119628e-001  0.000000e+000
    outer loop
      vertex  3.143732e+001 -5.563023e-001  1.700000e+002
      vertex  3.143732e+001 -5.563023e-001  1.900000e+002
      vertex  3.150000e+001 -1.790272e-015  1.900000e+002
    endloop
  endfacet
  facet normal -9.937124e-001  1.119628e-001 -6.930156e-021
    outer loop
      vertex  3.143732e+001 -5.563023e-001  1.700000e+002
      vertex  3.150000e+001 -1.790272e-015  1.900000e+002
      vertex  3.150000e+001 -1.791510e-015  1.700000e+002
    endloop
  endfacet
  facet normal -8.467238e-001  5.320327e-001  0.000000e+000
    outer loop
      vertex  3.125242e+001 -1.084709e+000  1.900000e+002
      vertex  3.095458e+001 -1.558725e+000  1.700000e+002
      vertex  3.095458e+001 -1.558725e+000  1.900000e+002
    endloop
  endfacet
  facet normal -7.071079e-001  7.071058e-001  0.000000e+000
    outer loop
      vertex  3.095458e+001 -1.558725e+000  1.900000e+002
      vertex  3.095458e+001 -1.558725e+000  1.700000e+002
      vertex  3.055873e+001 -1.954579e+000  1.700000e+002
    endloop
  endfacet
  facet normal -7.071079e-001  7.071058e-001  0.000000e+000
    outer loop
      vertex  3.095458e+001 -1.558725e+000  1.900000e+002
      vertex  3.055873e+001 -1.954579e+000  1.700000e+002
      vertex  3.055873e+001 -1.954579e+000  1.900000e+002
    endloop
  endfacet
  facet normal -5.320311e-001  8.467249e-001  0.000000e+000
    outer loop
      vertex  3.055873e+001 -1.954579e+000  1.900000e+002
      vertex  3.055873e+001 -1.954579e+000  1.700000e+002
      vertex  3.008471e+001 -2.252422e+000  1.700000e+002
    endloop
  endfacet
  facet normal -5.320311e-001  8.467249e-001  0.000000e+000
    outer loop
      vertex  3.055873e+001 -1.954579e+000  1.900000e+002
      vertex  3.008471e+001 -2.252422e+000  1.700000e+002
      vertex  3.008471e+001 -2.252422e+000  1.900000e+002
    endloop
  endfacet
  facet normal -3.302796e-001  9.438832e-001  0.000000e+000
    outer loop
      vertex  3.008471e+001 -2.252422e+000  1.900000e+002
      vertex  3.008471e+001 -2.252422e+000  1.700000e+002
      vertex  2.955630e+001 -2.437320e+000  1.700000e+002
    endloop
  endfacet
  facet normal -3.302796e-001  9.438832e-001  0.000000e+000
    outer loop
      vertex  3.008471e+001 -2.252422e+000  1.900000e+002
      vertex  2.955630e+001 -2.437320e+000  1.700000e+002
      vertex  2.955630e+001 -2.437320e+000  1.900000e+002
    endloop
  endfacet
  facet normal -1.119644e-001  9.937122e-001  0.000000e+000
    outer loop
      vertex  2.955630e+001 -2.437320e+000  1.900000e+002
      vertex  2.955630e+001 -2.437320e+000  1.700000e+002
      vertex  2.900000e+001 -2.500000e+000  1.700000e+002
    endloop
  endfacet
  facet normal -1.119644e-001  9.937122e-001  0.000000e+000
    outer loop
      vertex  2.955630e+001 -2.437320e+000  1.900000e+002
      vertex  2.900000e+001 -2.500000e+000  1.700000e+002
      vertex  2.900000e+001 -2.500000e+000  1.900000e+002
    endloop
  endfacet
  facet normal -7.693338e-001  6.388471e-001  0.000000e+000
    outer loop
      vertex  1.108513e+001 -1.010543e+001  1.700000e+002
      vertex  1.197026e+001 -9.039519e+000  1.900000e+002
      vertex  1.197026e+001 -9.039519e+000  1.700000e+002
    endloop
  endfacet
  facet normal -8.249976e-001  5.651363e-001  0.000000e+000
    outer loop
      vertex  1.197026e+001 -9.039519e+000  1.700000e+002
      vertex  1.197026e+001 -9.039519e+000  1.900000e+002
      vertex  1.275326e+001 -7.896482e+000  1.900000e+002
    endloop
  endfacet
  facet normal -8.249976e-001  5.651363e-001  0.000000e+000
    outer loop
      vertex  1.197026e+001 -9.039519e+000  1.700000e+002
      vertex  1.275326e+001 -7.896482e+000  1.900000e+002
      vertex  1.275326e+001 -7.896482e+000  1.700000e+002
    endloop
  endfacet
  facet normal -8.736224e-001  4.866045e-001  0.000000e+000
    outer loop
      vertex  1.275326e+001 -7.896482e+000  1.700000e+002
      vertex  1.275326e+001 -7.896482e+000  1.900000e+002
      vertex  1.342745e+001 -6.686075e+000  1.900000e+002
    endloop
  endfacet
  facet normal -8.736224e-001  4.866045e-001  0.000000e+000
    outer loop
      vertex  1.275326e+001 -7.896482e+000  1.700000e+002
      vertex  1.342745e+001 -6.686075e+000  1.900000e+002
      vertex  1.342745e+001 -6.686075e+000  1.700000e+002
    endloop
  endfacet
  facet normal -9.147938e-001  4.039211e-001  0.000000e+000
    outer loop
      vertex  1.342745e+001 -6.686075e+000  1.700000e+002
      vertex  1.342745e+001 -6.686075e+000  1.900000e+002
      vertex  1.398708e+001 -5.418625e+000  1.900000e+002
    endloop
  endfacet
  facet normal -9.147938e-001  4.039211e-001  0.000000e+000
    outer loop
      vertex  1.342745e+001 -6.686075e+000  1.700000e+002
      vertex  1.398708e+001 -5.418625e+000  1.900000e+002
      vertex  1.398708e+001 -5.418625e+000  1.700000e+002
    endloop
  endfacet
  facet normal -9.481608e-001  3.177913e-001  0.000000e+000
    outer loop
      vertex  1.398708e+001 -5.418625e+000  1.700000e+002
      vertex  1.398708e+001 -5.418625e+000  1.900000e+002
      vertex  1.442738e+001 -4.104945e+000  1.900000e+002
    endloop
  endfacet
  facet normal -9.481608e-001  3.177913e-001  0.000000e+000
    outer loop
      vertex  1.398708e+001 -5.418625e+000  1.700000e+002
      vertex  1.442738e+001 -4.104945e+000  1.900000e+002
      vertex  1.442738e+001 -4.104945e+000  1.700000e+002
    endloop
  endfacet
  facet normal -9.734380e-001  2.289508e-001  0.000000e+000
    outer loop
      vertex  1.442738e+001 -4.104945e+000  1.700000e+002
      vertex  1.442738e+001 -4.104945e+000  1.900000e+002
      vertex  1.474460e+001 -2.756243e+000  1.900000e+002
    endloop
  endfacet
  facet normal -9.734380e-001  2.289508e-001  0.000000e+000
    outer loop
      vertex  1.442738e+001 -4.104945e+000  1.700000e+002
      vertex  1.474460e+001 -2.756243e+000  1.900000e+002
      vertex  1.474460e+001 -2.756243e+000  1.700000e+002
    endloop
  endfacet
  facet normal -9.904105e-001  1.381561e-001  0.000000e+000
    outer loop
      vertex  1.474460e+001 -2.756243e+000  1.700000e+002
      vertex  1.474460e+001 -2.756243e+000  1.900000e+002
      vertex  1.493601e+001 -1.384025e+000  1.900000e+002
    endloop
  endfacet
  facet normal -9.904105e-001  1.381561e-001  0.000000e+000
    outer loop
      vertex  1.474460e+001 -2.756243e+000  1.700000e+002
      vertex  1.493601e+001 -1.384025e+000  1.900000e+002
      vertex  1.493601e+001 -1.384025e+000  1.700000e+002
    endloop
  endfacet
  facet normal -9.989330e-001  4.618373e-002  0.000000e+000
    outer loop
      vertex  1.493601e+001 -1.384025e+000  1.700000e+002
      vertex  1.493601e+001 -1.384025e+000  1.900000e+002
      vertex  1.500000e+001 -1.607813e-014  1.900000e+002
    endloop
  endfacet
  facet normal -9.989330e-001  4.618373e-002  3.691745e-017
    outer loop
      vertex  1.493601e+001 -1.384025e+000  1.700000e+002
      vertex  1.500000e+001 -1.607813e-014  1.900000e+002
      vertex  1.500000e+001 -9.092004e-017  1.700000e+002
    endloop
  endfacet
  facet normal -7.693338e-001  6.388471e-001  0.000000e+000
    outer loop
      vertex  1.197026e+001 -9.039519e+000  1.900000e+002
      vertex  1.108513e+001 -1.010543e+001  1.700000e+002
      vertex  1.108513e+001 -1.010543e+001  1.900000e+002
    endloop
  endfacet
  facet normal -7.071068e-001  7.071068e-001  0.000000e+000
    outer loop
      vertex  1.108513e+001 -1.010543e+001  1.900000e+002
      vertex  1.108513e+001 -1.010543e+001  1.700000e+002
      vertex  1.010543e+001 -1.108513e+001  1.700000e+002
    endloop
  endfacet
  facet normal -7.071068e-001  7.071068e-001  0.000000e+000
    outer loop
      vertex  1.108513e+001 -1.010543e+001  1.900000e+002
      vertex  1.010543e+001 -1.108513e+001  1.700000e+002
      vertex  1.010543e+001 -1.108513e+001  1.900000e+002
    endloop
  endfacet
  facet normal -6.388471e-001  7.693338e-001  0.000000e+000
    outer loop
      vertex  1.010543e+001 -1.108513e+001  1.900000e+002
      vertex  1.010543e+001 -1.108513e+001  1.700000e+002
      vertex  9.039519e+000 -1.197026e+001  1.700000e+002
    endloop
  endfacet
  facet normal -6.388471e-001  7.693338e-001  0.000000e+000
    outer loop
      vertex  1.010543e+001 -1.108513e+001  1.900000e+002
      vertex  9.039519e+000 -1.197026e+001  1.700000e+002
      vertex  9.039519e+000 -1.197026e+001  1.900000e+002
    endloop
  endfacet
  facet normal -5.651363e-001  8.249976e-001  0.000000e+000
    outer loop
      vertex  9.039519e+000 -1.197026e+001  1.900000e+002
      vertex  9.039519e+000 -1.197026e+001  1.700000e+002
      vertex  7.896482e+000 -1.275326e+001  1.700000e+002
    endloop
  endfacet
  facet normal -5.651363e-001  8.249976e-001  0.000000e+000
    outer loop
      vertex  9.039519e+000 -1.197026e+001  1.900000e+002
      vertex  7.896482e+000 -1.275326e+001  1.700000e+002
      vertex  7.896482e+000 -1.275326e+001  1.900000e+002
    endloop
  endfacet
  facet normal -4.866045e-001  8.736224e-001  0.000000e+000
    outer loop
      vertex  7.896482e+000 -1.275326e+001  1.900000e+002
      vertex  7.896482e+000 -1.275326e+001  1.700000e+002
      vertex  6.686075e+000 -1.342745e+001  1.700000e+002
    endloop
  endfacet
  facet normal -4.866045e-001  8.736224e-001  0.000000e+000
    outer loop
      vertex  7.896482e+000 -1.275326e+001  1.900000e+002
      vertex  6.686075e+000 -1.342745e+001  1.700000e+002
      vertex  6.686075e+000 -1.342745e+001  1.900000e+002
    endloop
  endfacet
  facet normal -4.039211e-001  9.147938e-001  0.000000e+000
    outer loop
      vertex  6.686075e+000 -1.342745e+001  1.900000e+002
      vertex  6.686075e+000 -1.342745e+001  1.700000e+002
      vertex  5.418625e+000 -1.398708e+001  1.700000e+002
    endloop
  endfacet
  facet normal -4.039211e-001  9.147938e-001  0.000000e+000
    outer loop
      vertex  6.686075e+000 -1.342745e+001  1.900000e+002
      vertex  5.418625e+000 -1.398708e+001  1.700000e+002
      vertex  5.418625e+000 -1.398708e+001  1.900000e+002
    endloop
  endfacet
  facet normal -3.177913e-001  9.481608e-001  0.000000e+000
    outer loop
      vertex  5.418625e+000 -1.398708e+001  1.900000e+002
      vertex  5.418625e+000 -1.398708e+001  1.700000e+002
      vertex  4.104945e+000 -1.442738e+001  1.700000e+002
    endloop
  endfacet
  facet normal -3.177913e-001  9.481608e-001  0.000000e+000
    outer loop
      vertex  5.418625e+000 -1.398708e+001  1.900000e+002
      vertex  4.104945e+000 -1.442738e+001  1.700000e+002
      vertex  4.104945e+000 -1.442738e+001  1.900000e+002
    endloop
  endfacet
  facet normal -2.289508e-001  9.734380e-001  0.000000e+000
    outer loop
      vertex  4.104945e+000 -1.442738e+001  1.900000e+002
      vertex  4.104945e+000 -1.442738e+001  1.700000e+002
      vertex  2.756243e+000 -1.474460e+001  1.700000e+002
    endloop
  endfacet
  facet normal -2.289508e-001  9.734380e-001  0.000000e+000
    outer loop
      vertex  4.104945e+000 -1.442738e+001  1.900000e+002
      vertex  2.756243e+000 -1.474460e+001  1.700000e+002
      vertex  2.756243e+000 -1.474460e+001  1.900000e+002
    endloop
  endfacet
  facet normal -1.381561e-001  9.904105e-001  0.000000e+000
    outer loop
      vertex  2.756243e+000 -1.474460e+001  1.900000e+002
      vertex  2.756243e+000 -1.474460e+001  1.700000e+002
      vertex  1.384025e+000 -1.493601e+001  1.700000e+002
    endloop
  endfacet
  facet normal -1.381561e-001  9.904105e-001  0.000000e+000
    outer loop
      vertex  2.756243e+000 -1.474460e+001  1.900000e+002
      vertex  1.384025e+000 -1.493601e+001  1.700000e+002
      vertex  1.384025e+000 -1.493601e+001  1.900000e+002
    endloop
  endfacet
  facet normal -4.618373e-002  9.989330e-001  0.000000e+000
    outer loop
      vertex  1.384025e+000 -1.493601e+001  1.900000e+002
      vertex  1.384025e+000 -1.493601e+001  1.700000e+002
      vertex -8.498309e-015 -1.500000e+001  1.700000e+002
    endloop
  endfacet
  facet normal -4.618373e-002  9.989330e-001  0.000000e+000
    outer loop
      vertex  1.384025e+000 -1.493601e+001  1.900000e+002
      vertex -8.498309e-015 -1.500000e+001  1.700000e+002
      vertex -8.498309e-015 -1.500000e+001  1.900000e+002
    endloop
  endfacet
  facet normal  6.388471e-001  7.693338e-001  0.000000e+000
    outer loop
      vertex -1.010543e+001 -1.108513e+001  1.700000e+002
      vertex -9.039519e+000 -1.197026e+001  1.900000e+002
      vertex -9.039519e+000 -1.197026e+001  1.700000e+002
    endloop
  endfacet
  facet normal  5.651363e-001  8.249976e-001  -0.000000e+000
    outer loop
      vertex -9.039519e+000 -1.197026e+001  1.700000e+002
      vertex -9.039519e+000 -1.197026e+001  1.900000e+002
      vertex -7.896482e+000 -1.275326e+001  1.900000e+002
    endloop
  endfacet
  facet normal  5.651363e-001  8.249976e-001  0.000000e+000
    outer loop
      vertex -9.039519e+000 -1.197026e+001  1.700000e+002
      vertex -7.896482e+000 -1.275326e+001  1.900000e+002
      vertex -7.896482e+000 -1.275326e+001  1.700000e+002
    endloop
  endfacet
  facet normal  4.866045e-001  8.736224e-001  -0.000000e+000
    outer loop
      vertex -7.896482e+000 -1.275326e+001  1.700000e+002
      vertex -7.896482e+000 -1.275326e+001  1.900000e+002
      vertex -6.686075e+000 -1.342745e+001  1.900000e+002
    endloop
  endfacet
  facet normal  4.866045e-001  8.736224e-001  0.000000e+000
    outer loop
      vertex -7.896482e+000 -1.275326e+001  1.700000e+002
      vertex -6.686075e+000 -1.342745e+001  1.900000e+002
      vertex -6.686075e+000 -1.342745e+001  1.700000e+002
    endloop
  endfacet
  facet normal  4.039211e-001  9.147938e-001  -0.000000e+000
    outer loop
      vertex -6.686075e+000 -1.342745e+001  1.700000e+002
      vertex -6.686075e+000 -1.342745e+001  1.900000e+002
      vertex -5.418625e+000 -1.398708e+001  1.900000e+002
    endloop
  endfacet
  facet normal  4.039211e-001  9.147938e-001  0.000000e+000
    outer loop
      vertex -6.686075e+000 -1.342745e+001  1.700000e+002
      vertex -5.418625e+000 -1.398708e+001  1.900000e+002
      vertex -5.418625e+000 -1.398708e+001  1.700000e+002
    endloop
  endfacet
  facet normal  3.177913e-001  9.481608e-001  -0.000000e+000
    outer loop
      vertex -5.418625e+000 -1.398708e+001  1.700000e+002
      vertex -5.418625e+000 -1.398708e+001  1.900000e+002
      vertex -4.104945e+000 -1.442738e+001  1.900000e+002
    endloop
  endfacet
  facet normal  3.177913e-001  9.481608e-001  0.000000e+000
    outer loop
      vertex -5.418625e+000 -1.398708e+001  1.700000e+002
      vertex -4.104945e+000 -1.442738e+001  1.900000e+002
      vertex -4.104945e+000 -1.442738e+001  1.700000e+002
    endloop
  endfacet
  facet normal  2.289508e-001  9.734380e-001  -0.000000e+000
    outer loop
      vertex -4.104945e+000 -1.442738e+001  1.700000e+002
      vertex -4.104945e+000 -1.442738e+001  1.900000e+002
      vertex -2.756243e+000 -1.474460e+001  1.900000e+002
    endloop
  endfacet
  facet normal  2.289508e-001  9.734380e-001  0.000000e+000
    outer loop
      vertex -4.104945e+000 -1.442738e+001  1.700000e+002
      vertex -2.756243e+000 -1.474460e+001  1.900000e+002
      vertex -2.756243e+000 -1.474460e+001  1.700000e+002
    endloop
  endfacet
  facet normal  1.381561e-001  9.904105e-001  -0.000000e+000
    outer loop
      vertex -2.756243e+000 -1.474460e+001  1.700000e+002
      vertex -2.756243e+000 -1.474460e+001  1.900000e+002
      vertex -1.384025e+000 -1.493601e+001  1.900000e+002
    endloop
  endfacet
  facet normal  1.381561e-001  9.904105e-001  0.000000e+000
    outer loop
      vertex -2.756243e+000 -1.474460e+001  1.700000e+002
      vertex -1.384025e+000 -1.493601e+001  1.900000e+002
      vertex -1.384025e+000 -1.493601e+001  1.700000e+002
    endloop
  endfacet
  facet normal  4.618373e-002  9.989330e-001  -0.000000e+000
    outer loop
      vertex -1.384025e+000 -1.493601e+001  1.700000e+002
      vertex -1.384025e+000 -1.493601e+001  1.900000e+002
      vertex -8.498309e-015 -1.500000e+001  1.900000e+002
    endloop
  endfacet
  facet normal  4.618373e-002  9.989330e-001  0.000000e+000
    outer loop
      vertex -1.384025e+000 -1.493601e+001  1.700000e+002
      vertex -8.498309e-015 -1.500000e+001  1.900000e+002
      vertex -8.498309e-015 -1.500000e+001  1.700000e+002
    endloop
  endfacet
  facet normal  6.388471e-001  7.693338e-001  -0.000000e+000
    outer loop
      vertex -9.039519e+000 -1.197026e+001  1.900000e+002
      vertex -1.010543e+001 -1.108513e+001  1.700000e+002
      vertex -1.010543e+001 -1.108513e+001  1.900000e+002
    endloop
  endfacet
  facet normal  7.071068e-001  7.071068e-001  0.000000e+000
    outer loop
      vertex -1.010543e+001 -1.108513e+001  1.900000e+002
      vertex -1.010543e+001 -1.108513e+001  1.700000e+002
      vertex -1.108513e+001 -1.010543e+001  1.700000e+002
    endloop
  endfacet
  facet normal  7.071068e-001  7.071068e-001  -0.000000e+000
    outer loop
      vertex -1.010543e+001 -1.108513e+001  1.900000e+002
      vertex -1.108513e+001 -1.010543e+001  1.700000e+002
      vertex -1.108513e+001 -1.010543e+001  1.900000e+002
    endloop
  endfacet
  facet normal  7.693338e-001  6.388471e-001  0.000000e+000
    outer loop
      vertex -1.108513e+001 -1.010543e+001  1.900000e+002
      vertex -1.108513e+001 -1.010543e+001  1.700000e+002
      vertex -1.197026e+001 -9.039519e+000  1.700000e+002
    endloop
  endfacet
  facet normal  7.693338e-001  6.388471e-001  -0.000000e+000
    outer loop
      vertex -1.108513e+001 -1.010543e+001  1.900000e+002
      vertex -1.197026e+001 -9.039519e+000  1.700000e+002
      vertex -1.197026e+001 -9.039519e+000  1.900000e+002
    endloop
  endfacet
  facet normal  8.249976e-001  5.651363e-001  0.000000e+000
    outer loop
      vertex -1.197026e+001 -9.039519e+000  1.900000e+002
      vertex -1.197026e+001 -9.039519e+000  1.700000e+002
      vertex -1.275326e+001 -7.896482e+000  1.700000e+002
    endloop
  endfacet
  facet normal  8.249976e-001  5.651363e-001  -0.000000e+000
    outer loop
      vertex -1.197026e+001 -9.039519e+000  1.900000e+002
      vertex -1.275326e+001 -7.896482e+000  1.700000e+002
      vertex -1.275326e+001 -7.896482e+000  1.900000e+002
    endloop
  endfacet
  facet normal  8.736224e-001  4.866045e-001  0.000000e+000
    outer loop
      vertex -1.275326e+001 -7.896482e+000  1.900000e+002
      vertex -1.275326e+001 -7.896482e+000  1.700000e+002
      vertex -1.342745e+001 -6.686075e+000  1.700000e+002
    endloop
  endfacet
  facet normal  8.736224e-001  4.866045e-001  -0.000000e+000
    outer loop
      vertex -1.275326e+001 -7.896482e+000  1.900000e+002
      vertex -1.342745e+001 -6.686075e+000  1.700000e+002
      vertex -1.342745e+001 -6.686075e+000  1.900000e+002
    endloop
  endfacet
  facet normal  9.147938e-001  4.039211e-001  0.000000e+000
    outer loop
      vertex -1.342745e+001 -6.686075e+000  1.900000e+002
      vertex -1.342745e+001 -6.686075e+000  1.700000e+002
      vertex -1.398708e+001 -5.418625e+000  1.700000e+002
    endloop
  endfacet
  facet normal  9.147938e-001  4.039211e-001  -0.000000e+000
    outer loop
      vertex -1.342745e+001 -6.686075e+000  1.900000e+002
      vertex -1.398708e+001 -5.418625e+000  1.700000e+002
      vertex -1.398708e+001 -5.418625e+000  1.900000e+002
    endloop
  endfacet
  facet normal  9.481608e-001  3.177913e-001  0.000000e+000
    outer loop
      vertex -1.398708e+001 -5.418625e+000  1.900000e+002
      vertex -1.398708e+001 -5.418625e+000  1.700000e+002
      vertex -1.442738e+001 -4.104945e+000  1.700000e+002
    endloop
  endfacet
  facet normal  9.481608e-001  3.177913e-001  -0.000000e+000
    outer loop
      vertex -1.398708e+001 -5.418625e+000  1.900000e+002
      vertex -1.442738e+001 -4.104945e+000  1.700000e+002
      vertex -1.442738e+001 -4.104945e+000  1.900000e+002
    endloop
  endfacet
  facet normal  9.734380e-001  2.289508e-001  0.000000e+000
    outer loop
      vertex -1.442738e+001 -4.104945e+000  1.900000e+002
      vertex -1.442738e+001 -4.104945e+000  1.700000e+002
      vertex -1.474460e+001 -2.756243e+000  1.700000e+002
    endloop
  endfacet
  facet normal  9.734380e-001  2.289508e-001  -0.000000e+000
    outer loop
      vertex -1.442738e+001 -4.104945e+000  1.900000e+002
      vertex -1.474460e+001 -2.756243e+000  1.700000e+002
      vertex -1.474460e+001 -2.756243e+000  1.900000e+002
    endloop
  endfacet
  facet normal  9.904105e-001  1.381561e-001  0.000000e+000
    outer loop
      vertex -1.474460e+001 -2.756243e+000  1.900000e+002
      vertex -1.474460e+001 -2.756243e+000  1.700000e+002
      vertex -1.493601e+001 -1.384025e+000  1.700000e+002
    endloop
  endfacet
  facet normal  9.904105e-001  1.381561e-001  -0.000000e+000
    outer loop
      vertex -1.474460e+001 -2.756243e+000  1.900000e+002
      vertex -1.493601e+001 -1.384025e+000  1.700000e+002
      vertex -1.493601e+001 -1.384025e+000  1.900000e+002
    endloop
  endfacet
  facet normal  9.989330e-001  4.618373e-002  0.000000e+000
    outer loop
      vertex -1.493601e+001 -1.384025e+000  1.900000e+002
      vertex -1.493601e+001 -1.384025e+000  1.700000e+002
      vertex -1.500000e+001  2.057964e-014  1.700000e+002
    endloop
  endfacet
  facet normal  9.989330e-001  4.618373e-002  3.771013e-017
    outer loop
      vertex -1.493601e+001 -1.384025e+000  1.900000e+002
      vertex -1.500000e+001  2.057964e-014  1.700000e+002
      vertex -1.500000e+001  4.249154e-015  1.900000e+002
    endloop
  endfacet
  facet normal -5.938200e-001  8.045979e-001  0.000000e+000
    outer loop
      vertex  1.575000e+001 -2.727980e+001  1.700000e+002
      vertex  1.620043e+001 -2.694737e+001  1.900000e+002
      vertex  1.620043e+001 -2.694737e+001  1.700000e+002
    endloop
  endfacet
  facet normal -7.579713e-001  6.522878e-001  0.000000e+000
    outer loop
      vertex  1.620043e+001 -2.694737e+001  1.700000e+002
      vertex  1.620043e+001 -2.694737e+001  1.900000e+002
      vertex  1.656560e+001 -2.652304e+001  1.900000e+002
    endloop
  endfacet
  facet normal -7.579713e-001  6.522878e-001  0.000000e+000
    outer loop
      vertex  1.620043e+001 -2.694737e+001  1.700000e+002
      vertex  1.656560e+001 -2.652304e+001  1.900000e+002
      vertex  1.656560e+001 -2.652304e+001  1.700000e+002
    endloop
  endfacet
  facet normal -8.841156e-001  4.672683e-001  0.000000e+000
    outer loop
      vertex  1.656560e+001 -2.652304e+001  1.700000e+002
      vertex  1.656560e+001 -2.652304e+001  1.900000e+002
      vertex  1.682718e+001 -2.602809e+001  1.900000e+002
    endloop
  endfacet
  facet normal -8.841156e-001  4.672683e-001  0.000000e+000
    outer loop
      vertex  1.656560e+001 -2.652304e+001  1.700000e+002
      vertex  1.682718e+001 -2.602809e+001  1.900000e+002
      vertex  1.682718e+001 -2.602809e+001  1.700000e+002
    endloop
  endfacet
  facet normal -9.659262e-001  2.588175e-001  0.000000e+000
    outer loop
      vertex  1.682718e+001 -2.602809e+001  1.700000e+002
      vertex  1.682718e+001 -2.602809e+001  1.900000e+002
      vertex  1.697208e+001 -2.548734e+001  1.900000e+002
    endloop
  endfacet
  facet normal -9.659262e-001  2.588175e-001  0.000000e+000
    outer loop
      vertex  1.682718e+001 -2.602809e+001  1.700000e+002
      vertex  1.697208e+001 -2.548734e+001  1.900000e+002
      vertex  1.697208e+001 -2.548734e+001  1.700000e+002
    endloop
  endfacet
  facet normal -9.993007e-001  3.739247e-002  0.000000e+000
    outer loop
      vertex  1.697208e+001 -2.548734e+001  1.700000e+002
      vertex  1.697208e+001 -2.548734e+001  1.900000e+002
      vertex  1.699301e+001 -2.492791e+001  1.900000e+002
    endloop
  endfacet
  facet normal -9.993007e-001  3.739247e-002  0.000000e+000
    outer loop
      vertex  1.697208e+001 -2.548734e+001  1.700000e+002
      vertex  1.699301e+001 -2.492791e+001  1.900000e+002
      vertex  1.699301e+001 -2.492791e+001  1.700000e+002
    endloop
  endfacet
  facet normal -9.825661e-001 -1.859132e-001  0.000000e+000
    outer loop
      vertex  1.699301e+001 -2.492791e+001  1.700000e+002
      vertex  1.699301e+001 -2.492791e+001  1.900000e+002
      vertex  1.688893e+001 -2.437785e+001  1.900000e+002
    endloop
  endfacet
  facet normal -9.825661e-001 -1.859132e-001  -0.000000e+000
    outer loop
      vertex  1.699301e+001 -2.492791e+001  1.700000e+002
      vertex  1.688893e+001 -2.437785e+001  1.900000e+002
      vertex  1.688893e+001 -2.437785e+001  1.700000e+002
    endloop
  endfacet
  facet normal -9.165633e-001 -3.998898e-001  0.000000e+000
    outer loop
      vertex  1.688893e+001 -2.437785e+001  1.700000e+002
      vertex  1.688893e+001 -2.437785e+001  1.900000e+002
      vertex  1.666506e+001 -2.386474e+001  1.900000e+002
    endloop
  endfacet
  facet normal -9.165633e-001 -3.998898e-001  -0.000000e+000
    outer loop
      vertex  1.688893e+001 -2.437785e+001  1.700000e+002
      vertex  1.666506e+001 -2.386474e+001  1.900000e+002
      vertex  1.666506e+001 -2.386474e+001  1.700000e+002
    endloop
  endfacet
  facet normal -5.938200e-001  8.045979e-001  0.000000e+000
    outer loop
      vertex  1.620043e+001 -2.694737e+001  1.900000e+002
      vertex  1.575000e+001 -2.727980e+001  1.700000e+002
      vertex  1.575000e+001 -2.727980e+001  1.900000e+002
    endloop
  endfacet
  facet normal -3.998904e-001  9.165630e-001  0.000000e+000
    outer loop
      vertex  1.575000e+001 -2.727980e+001  1.900000e+002
      vertex  1.575000e+001 -2.727980e+001  1.700000e+002
      vertex  1.523689e+001 -2.750367e+001  1.700000e+002
    endloop
  endfacet
  facet normal -3.998904e-001  9.165630e-001  0.000000e+000
    outer loop
      vertex  1.575000e+001 -2.727980e+001  1.900000e+002
      vertex  1.523689e+001 -2.750367e+001  1.700000e+002
      vertex  1.523689e+001 -2.750367e+001  1.900000e+002
    endloop
  endfacet
  facet normal -1.859129e-001  9.825663e-001  0.000000e+000
    outer loop
      vertex  1.523689e+001 -2.750367e+001  1.900000e+002
      vertex  1.523689e+001 -2.750367e+001  1.700000e+002
      vertex  1.468682e+001 -2.760775e+001  1.700000e+002
    endloop
  endfacet
  facet normal -1.859129e-001  9.825663e-001  0.000000e+000
    outer loop
      vertex  1.523689e+001 -2.750367e+001  1.900000e+002
      vertex  1.468682e+001 -2.760775e+001  1.700000e+002
      vertex  1.468682e+001 -2.760775e+001  1.900000e+002
    endloop
  endfacet
  facet normal  3.739254e-002  9.993007e-001  0.000000e+000
    outer loop
      vertex  1.468682e+001 -2.760775e+001  1.900000e+002
      vertex  1.468682e+001 -2.760775e+001  1.700000e+002
      vertex  1.412739e+001 -2.758681e+001  1.700000e+002
    endloop
  endfacet
  facet normal  3.739254e-002  9.993007e-001  -0.000000e+000
    outer loop
      vertex  1.468682e+001 -2.760775e+001  1.900000e+002
      vertex  1.412739e+001 -2.758681e+001  1.700000e+002
      vertex  1.412739e+001 -2.758681e+001  1.900000e+002
    endloop
  endfacet
  facet normal  2.588171e-001  9.659263e-001  0.000000e+000
    outer loop
      vertex  1.412739e+001 -2.758681e+001  1.900000e+002
      vertex  1.412739e+001 -2.758681e+001  1.700000e+002
      vertex  1.358665e+001 -2.744192e+001  1.700000e+002
    endloop
  endfacet
  facet normal  2.588171e-001  9.659263e-001  -0.000000e+000
    outer loop
      vertex  1.412739e+001 -2.758681e+001  1.900000e+002
      vertex  1.358665e+001 -2.744192e+001  1.700000e+002
      vertex  1.358665e+001 -2.744192e+001  1.900000e+002
    endloop
  endfacet
  facet normal  4.672683e-001  8.841156e-001  0.000000e+000
    outer loop
      vertex  1.358665e+001 -2.744192e+001  1.900000e+002
      vertex  1.358665e+001 -2.744192e+001  1.700000e+002
      vertex  1.309170e+001 -2.718033e+001  1.700000e+002
    endloop
  endfacet
  facet normal  4.672683e-001  8.841156e-001  -0.000000e+000
    outer loop
      vertex  1.358665e+001 -2.744192e+001  1.900000e+002
      vertex  1.309170e+001 -2.718033e+001  1.700000e+002
      vertex  1.309170e+001 -2.718033e+001  1.900000e+002
    endloop
  endfacet
  facet normal  6.522887e-001  7.579706e-001  0.000000e+000
    outer loop
      vertex  1.309170e+001 -2.718033e+001  1.900000e+002
      vertex  1.309170e+001 -2.718033e+001  1.700000e+002
      vertex  1.266737e+001 -2.681517e+001  1.700000e+002
    endloop
  endfacet
  facet normal  6.522887e-001  7.579706e-001  -0.000000e+000
    outer loop
      vertex  1.309170e+001 -2.718033e+001  1.900000e+002
      vertex  1.266737e+001 -2.681517e+001  1.700000e+002
      vertex  1.266737e+001 -2.681517e+001  1.900000e+002
    endloop
  endfacet
  facet normal  8.045971e-001  5.938212e-001  0.000000e+000
    outer loop
      vertex  1.266737e+001 -2.681517e+001  1.900000e+002
      vertex  1.266737e+001 -2.681517e+001  1.700000e+002
      vertex  1.233494e+001 -2.636474e+001  1.700000e+002
    endloop
  endfacet
  facet normal  8.045971e-001  5.938212e-001  -0.000000e+000
    outer loop
      vertex  1.266737e+001 -2.681517e+001  1.900000e+002
      vertex  1.233494e+001 -2.636474e+001  1.700000e+002
      vertex  1.233494e+001 -2.636474e+001  1.900000e+002
    endloop
  endfacet
  facet normal  5.938200e-001 -8.045979e-001  0.000000e+000
    outer loop
      vertex  1.325000e+001 -2.294967e+001  1.700000e+002
      vertex  1.279957e+001 -2.328211e+001  1.900000e+002
      vertex  1.279957e+001 -2.328211e+001  1.700000e+002
    endloop
  endfacet
  facet normal  7.579722e-001 -6.522869e-001  0.000000e+000
    outer loop
      vertex  1.279957e+001 -2.328211e+001  1.700000e+002
      vertex  1.279957e+001 -2.328211e+001  1.900000e+002
      vertex  1.243440e+001 -2.370644e+001  1.900000e+002
    endloop
  endfacet
  facet normal  7.579722e-001 -6.522869e-001  0.000000e+000
    outer loop
      vertex  1.279957e+001 -2.328211e+001  1.700000e+002
      vertex  1.243440e+001 -2.370644e+001  1.900000e+002
      vertex  1.243440e+001 -2.370644e+001  1.700000e+002
    endloop
  endfacet
  facet normal  8.841149e-001 -4.672697e-001  0.000000e+000
    outer loop
      vertex  1.243440e+001 -2.370644e+001  1.700000e+002
      vertex  1.243440e+001 -2.370644e+001  1.900000e+002
      vertex  1.217282e+001 -2.420138e+001  1.900000e+002
    endloop
  endfacet
  facet normal  8.841149e-001 -4.672697e-001  0.000000e+000
    outer loop
      vertex  1.243440e+001 -2.370644e+001  1.700000e+002
      vertex  1.217282e+001 -2.420138e+001  1.900000e+002
      vertex  1.217282e+001 -2.420138e+001  1.700000e+002
    endloop
  endfacet
  facet normal  9.659258e-001 -2.588191e-001  0.000000e+000
    outer loop
      vertex  1.217282e+001 -2.420138e+001  1.700000e+002
      vertex  1.217282e+001 -2.420138e+001  1.900000e+002
      vertex  1.202792e+001 -2.474213e+001  1.900000e+002
    endloop
  endfacet
  facet normal  9.659258e-001 -2.588191e-001  0.000000e+000
    outer loop
      vertex  1.217282e+001 -2.420138e+001  1.700000e+002
      vertex  1.202792e+001 -2.474213e+001  1.900000e+002
      vertex  1.202792e+001 -2.474213e+001  1.700000e+002
    endloop
  endfacet
  facet normal  9.993007e-001 -3.739077e-002  0.000000e+000
    outer loop
      vertex  1.202792e+001 -2.474213e+001  1.700000e+002
      vertex  1.202792e+001 -2.474213e+001  1.900000e+002
      vertex  1.200699e+001 -2.530156e+001  1.900000e+002
    endloop
  endfacet
  facet normal  9.993007e-001 -3.739077e-002  0.000000e+000
    outer loop
      vertex  1.202792e+001 -2.474213e+001  1.700000e+002
      vertex  1.200699e+001 -2.530156e+001  1.900000e+002
      vertex  1.200699e+001 -2.530156e+001  1.700000e+002
    endloop
  endfacet
  facet normal  9.825667e-001  1.859109e-001  -0.000000e+000
    outer loop
      vertex  1.200699e+001 -2.530156e+001  1.700000e+002
      vertex  1.200699e+001 -2.530156e+001  1.900000e+002
      vertex  1.211107e+001 -2.585163e+001  1.900000e+002
    endloop
  endfacet
  facet normal  9.825667e-001  1.859109e-001  0.000000e+000
    outer loop
      vertex  1.200699e+001 -2.530156e+001  1.700000e+002
      vertex  1.211107e+001 -2.585163e+001  1.900000e+002
      vertex  1.211107e+001 -2.585163e+001  1.700000e+002
    endloop
  endfacet
  facet normal  9.165621e-001  3.998924e-001  -0.000000e+000
    outer loop
      vertex  1.211107e+001 -2.585163e+001  1.700000e+002
      vertex  1.211107e+001 -2.585163e+001  1.900000e+002
      vertex  1.233494e+001 -2.636474e+001  1.900000e+002
    endloop
  endfacet
  facet normal  9.165621e-001  3.998924e-001  0.000000e+000
    outer loop
      vertex  1.211107e+001 -2.585163e+001  1.700000e+002
      vertex  1.233494e+001 -2.636474e+001  1.900000e+002
      vertex  1.233494e+001 -2.636474e+001  1.700000e+002
    endloop
  endfacet
  facet normal  5.938200e-001 -8.045979e-001  0.000000e+000
    outer loop
      vertex  1.279957e+001 -2.328211e+001  1.900000e+002
      vertex  1.325000e+001 -2.294967e+001  1.700000e+002
      vertex  1.325000e+001 -2.294967e+001  1.900000e+002
    endloop
  endfacet
  facet normal  3.998904e-001 -9.165630e-001  0.000000e+000
    outer loop
      vertex  1.325000e+001 -2.294967e+001  1.900000e+002
      vertex  1.325000e+001 -2.294967e+001  1.700000e+002
      vertex  1.376311e+001 -2.272581e+001  1.700000e+002
    endloop
  endfacet
  facet normal  3.998904e-001 -9.165630e-001  0.000000e+000
    outer loop
      vertex  1.325000e+001 -2.294967e+001  1.900000e+002
      vertex  1.376311e+001 -2.272581e+001  1.700000e+002
      vertex  1.376311e+001 -2.272581e+001  1.900000e+002
    endloop
  endfacet
  facet normal  1.859129e-001 -9.825663e-001  0.000000e+000
    outer loop
      vertex  1.376311e+001 -2.272581e+001  1.900000e+002
      vertex  1.376311e+001 -2.272581e+001  1.700000e+002
      vertex  1.431318e+001 -2.262173e+001  1.700000e+002
    endloop
  endfacet
  facet normal  1.859129e-001 -9.825663e-001  0.000000e+000
    outer loop
      vertex  1.376311e+001 -2.272581e+001  1.900000e+002
      vertex  1.431318e+001 -2.262173e+001  1.700000e+002
      vertex  1.431318e+001 -2.262173e+001  1.900000e+002
    endloop
  endfacet
  facet normal -3.739254e-002 -9.993007e-001  -0.000000e+000
    outer loop
      vertex  1.431318e+001 -2.262173e+001  1.900000e+002
      vertex  1.431318e+001 -2.262173e+001  1.700000e+002
      vertex  1.487261e+001 -2.264266e+001  1.700000e+002
    endloop
  endfacet
  facet normal -3.739254e-002 -9.993007e-001  0.000000e+000
    outer loop
      vertex  1.431318e+001 -2.262173e+001  1.900000e+002
      vertex  1.487261e+001 -2.264266e+001  1.700000e+002
      vertex  1.487261e+001 -2.264266e+001  1.900000e+002
    endloop
  endfacet
  facet normal -2.588171e-001 -9.659263e-001  -0.000000e+000
    outer loop
      vertex  1.487261e+001 -2.264266e+001  1.900000e+002
      vertex  1.487261e+001 -2.264266e+001  1.700000e+002
      vertex  1.541335e+001 -2.278755e+001  1.700000e+002
    endloop
  endfacet
  facet normal -2.588171e-001 -9.659263e-001  0.000000e+000
    outer loop
      vertex  1.487261e+001 -2.264266e+001  1.900000e+002
      vertex  1.541335e+001 -2.278755e+001  1.700000e+002
      vertex  1.541335e+001 -2.278755e+001  1.900000e+002
    endloop
  endfacet
  facet normal -4.672683e-001 -8.841156e-001  -0.000000e+000
    outer loop
      vertex  1.541335e+001 -2.278755e+001  1.900000e+002
      vertex  1.541335e+001 -2.278755e+001  1.700000e+002
      vertex  1.590830e+001 -2.304914e+001  1.700000e+002
    endloop
  endfacet
  facet normal -4.672683e-001 -8.841156e-001  0.000000e+000
    outer loop
      vertex  1.541335e+001 -2.278755e+001  1.900000e+002
      vertex  1.590830e+001 -2.304914e+001  1.700000e+002
      vertex  1.590830e+001 -2.304914e+001  1.900000e+002
    endloop
  endfacet
  facet normal -6.522878e-001 -7.579713e-001  -0.000000e+000
    outer loop
      vertex  1.590830e+001 -2.304914e+001  1.900000e+002
      vertex  1.590830e+001 -2.304914e+001  1.700000e+002
      vertex  1.633263e+001 -2.341430e+001  1.700000e+002
    endloop
  endfacet
  facet normal -6.522878e-001 -7.579713e-001  0.000000e+000
    outer loop
      vertex  1.590830e+001 -2.304914e+001  1.900000e+002
      vertex  1.633263e+001 -2.341430e+001  1.700000e+002
      vertex  1.633263e+001 -2.341430e+001  1.900000e+002
    endloop
  endfacet
  facet normal -8.045979e-001 -5.938200e-001  -0.000000e+000
    outer loop
      vertex  1.633263e+001 -2.341430e+001  1.900000e+002
      vertex  1.633263e+001 -2.341430e+001  1.700000e+002
      vertex  1.666506e+001 -2.386474e+001  1.700000e+002
    endloop
  endfacet
  facet normal -8.045979e-001 -5.938200e-001  0.000000e+000
    outer loop
      vertex  1.633263e+001 -2.341430e+001  1.900000e+002
      vertex  1.666506e+001 -2.386474e+001  1.700000e+002
      vertex  1.666506e+001 -2.386474e+001  1.900000e+002
    endloop
  endfacet
  facet normal  3.998904e-001  9.165630e-001  0.000000e+000
    outer loop
      vertex -1.575000e+001 -2.727980e+001  1.700000e+002
      vertex -1.523689e+001 -2.750367e+001  1.900000e+002
      vertex -1.523689e+001 -2.750367e+001  1.700000e+002
    endloop
  endfacet
  facet normal  1.859129e-001  9.825663e-001  -0.000000e+000
    outer loop
      vertex -1.523689e+001 -2.750367e+001  1.700000e+002
      vertex -1.523689e+001 -2.750367e+001  1.900000e+002
      vertex -1.468682e+001 -2.760775e+001  1.900000e+002
    endloop
  endfacet
  facet normal  1.859129e-001  9.825663e-001  0.000000e+000
    outer loop
      vertex -1.523689e+001 -2.750367e+001  1.700000e+002
      vertex -1.468682e+001 -2.760775e+001  1.900000e+002
      vertex -1.468682e+001 -2.760775e+001  1.700000e+002
    endloop
  endfacet
  facet normal -3.739254e-002  9.993007e-001  0.000000e+000
    outer loop
      vertex -1.468682e+001 -2.760775e+001  1.700000e+002
      vertex -1.468682e+001 -2.760775e+001  1.900000e+002
      vertex -1.412739e+001 -2.758681e+001  1.900000e+002
    endloop
  endfacet
  facet normal -3.739254e-002  9.993007e-001  0.000000e+000
    outer loop
      vertex -1.468682e+001 -2.760775e+001  1.700000e+002
      vertex -1.412739e+001 -2.758681e+001  1.900000e+002
      vertex -1.412739e+001 -2.758681e+001  1.700000e+002
    endloop
  endfacet
  facet normal -2.588171e-001  9.659263e-001  0.000000e+000
    outer loop
      vertex -1.412739e+001 -2.758681e+001  1.700000e+002
      vertex -1.412739e+001 -2.758681e+001  1.900000e+002
      vertex -1.358665e+001 -2.744192e+001  1.900000e+002
    endloop
  endfacet
  facet normal -2.588171e-001  9.659263e-001  0.000000e+000
    outer loop
      vertex -1.412739e+001 -2.758681e+001  1.700000e+002
      vertex -1.358665e+001 -2.744192e+001  1.900000e+002
      vertex -1.358665e+001 -2.744192e+001  1.700000e+002
    endloop
  endfacet
  facet normal -4.672683e-001  8.841156e-001  0.000000e+000
    outer loop
      vertex -1.358665e+001 -2.744192e+001  1.700000e+002
      vertex -1.358665e+001 -2.744192e+001  1.900000e+002
      vertex -1.309170e+001 -2.718033e+001  1.900000e+002
    endloop
  endfacet
  facet normal -4.672683e-001  8.841156e-001  0.000000e+000
    outer loop
      vertex -1.358665e+001 -2.744192e+001  1.700000e+002
      vertex -1.309170e+001 -2.718033e+001  1.900000e+002
      vertex -1.309170e+001 -2.718033e+001  1.700000e+002
    endloop
  endfacet
  facet normal -6.522887e-001  7.579706e-001  0.000000e+000
    outer loop
      vertex -1.309170e+001 -2.718033e+001  1.700000e+002
      vertex -1.309170e+001 -2.718033e+001  1.900000e+002
      vertex -1.266737e+001 -2.681517e+001  1.900000e+002
    endloop
  endfacet
  facet normal -6.522887e-001  7.579706e-001  0.000000e+000
    outer loop
      vertex -1.309170e+001 -2.718033e+001  1.700000e+002
      vertex -1.266737e+001 -2.681517e+001  1.900000e+002
      vertex -1.266737e+001 -2.681517e+001  1.700000e+002
    endloop
  endfacet
  facet normal -8.045971e-001  5.938212e-001  0.000000e+000
    outer loop
      vertex -1.266737e+001 -2.681517e+001  1.700000e+002
      vertex -1.266737e+001 -2.681517e+001  1.900000e+002
      vertex -1.233494e+001 -2.636474e+001  1.900000e+002
    endloop
  endfacet
  facet normal -8.045971e-001  5.938212e-001  0.000000e+000
    outer loop
      vertex -1.266737e+001 -2.681517e+001  1.700000e+002
      vertex -1.233494e+001 -2.636474e+001  1.900000e+002
      vertex -1.233494e+001 -2.636474e+001  1.700000e+002
    endloop
  endfacet
  facet normal  3.998904e-001  9.165630e-001  -0.000000e+000
    outer loop
      vertex -1.523689e+001 -2.750367e+001  1.900000e+002
      vertex -1.575000e+001 -2.727980e+001  1.700000e+002
      vertex -1.575000e+001 -2.727980e+001  1.900000e+002
    endloop
  endfacet
  facet normal  5.938200e-001  8.045979e-001  0.000000e+000
    outer loop
      vertex -1.575000e+001 -2.727980e+001  1.900000e+002
      vertex -1.575000e+001 -2.727980e+001  1.700000e+002
      vertex -1.620043e+001 -2.694737e+001  1.700000e+002
    endloop
  endfacet
  facet normal  5.938200e-001  8.045979e-001  -0.000000e+000
    outer loop
      vertex -1.575000e+001 -2.727980e+001  1.900000e+002
      vertex -1.620043e+001 -2.694737e+001  1.700000e+002
      vertex -1.620043e+001 -2.694737e+001  1.900000e+002
    endloop
  endfacet
  facet normal  7.579713e-001  6.522878e-001  0.000000e+000
    outer loop
      vertex -1.620043e+001 -2.694737e+001  1.900000e+002
      vertex -1.620043e+001 -2.694737e+001  1.700000e+002
      vertex -1.656560e+001 -2.652304e+001  1.700000e+002
    endloop
  endfacet
  facet normal  7.579713e-001  6.522878e-001  -0.000000e+000
    outer loop
      vertex -1.620043e+001 -2.694737e+001  1.900000e+002
      vertex -1.656560e+001 -2.652304e+001  1.700000e+002
      vertex -1.656560e+001 -2.652304e+001  1.900000e+002
    endloop
  endfacet
  facet normal  8.841156e-001  4.672683e-001  0.000000e+000
    outer loop
      vertex -1.656560e+001 -2.652304e+001  1.900000e+002
      vertex -1.656560e+001 -2.652304e+001  1.700000e+002
      vertex -1.682718e+001 -2.602809e+001  1.700000e+002
    endloop
  endfacet
  facet normal  8.841156e-001  4.672683e-001  -0.000000e+000
    outer loop
      vertex -1.656560e+001 -2.652304e+001  1.900000e+002
      vertex -1.682718e+001 -2.602809e+001  1.700000e+002
      vertex -1.682718e+001 -2.602809e+001  1.900000e+002
    endloop
  endfacet
  facet normal  9.659262e-001  2.588175e-001  0.000000e+000
    outer loop
      vertex -1.682718e+001 -2.602809e+001  1.900000e+002
      vertex -1.682718e+001 -2.602809e+001  1.700000e+002
      vertex -1.697208e+001 -2.548734e+001  1.700000e+002
    endloop
  endfacet
  facet normal  9.659262e-001  2.588175e-001  -0.000000e+000
    outer loop
      vertex -1.682718e+001 -2.602809e+001  1.900000e+002
      vertex -1.697208e+001 -2.548734e+001  1.700000e+002
      vertex -1.697208e+001 -2.548734e+001  1.900000e+002
    endloop
  endfacet
  facet normal  9.993007e-001  3.739247e-002  0.000000e+000
    outer loop
      vertex -1.697208e+001 -2.548734e+001  1.900000e+002
      vertex -1.697208e+001 -2.548734e+001  1.700000e+002
      vertex -1.699301e+001 -2.492791e+001  1.700000e+002
    endloop
  endfacet
  facet normal  9.993007e-001  3.739247e-002  -0.000000e+000
    outer loop
      vertex -1.697208e+001 -2.548734e+001  1.900000e+002
      vertex -1.699301e+001 -2.492791e+001  1.700000e+002
      vertex -1.699301e+001 -2.492791e+001  1.900000e+002
    endloop
  endfacet
  facet normal  9.825661e-001 -1.859132e-001  0.000000e+000
    outer loop
      vertex -1.699301e+001 -2.492791e+001  1.900000e+002
      vertex -1.699301e+001 -2.492791e+001  1.700000e+002
      vertex -1.688893e+001 -2.437785e+001  1.700000e+002
    endloop
  endfacet
  facet normal  9.825661e-001 -1.859132e-001  0.000000e+000
    outer loop
      vertex -1.699301e+001 -2.492791e+001  1.900000e+002
      vertex -1.688893e+001 -2.437785e+001  1.700000e+002
      vertex -1.688893e+001 -2.437785e+001  1.900000e+002
    endloop
  endfacet
  facet normal  9.165633e-001 -3.998898e-001  0.000000e+000
    outer loop
      vertex -1.688893e+001 -2.437785e+001  1.900000e+002
      vertex -1.688893e+001 -2.437785e+001  1.700000e+002
      vertex -1.666506e+001 -2.386474e+001  1.700000e+002
    endloop
  endfacet
  facet normal  9.165633e-001 -3.998898e-001  0.000000e+000
    outer loop
      vertex -1.688893e+001 -2.437785e+001  1.900000e+002
      vertex -1.666506e+001 -2.386474e+001  1.700000e+002
      vertex -1.666506e+001 -2.386474e+001  1.900000e+002
    endloop
  endfacet
  facet normal -3.998904e-001 -9.165630e-001  -0.000000e+000
    outer loop
      vertex -1.325000e+001 -2.294967e+001  1.700000e+002
      vertex -1.376311e+001 -2.272581e+001  1.900000e+002
      vertex -1.376311e+001 -2.272581e+001  1.700000e+002
    endloop
  endfacet
  facet normal -1.859129e-001 -9.825663e-001  0.000000e+000
    outer loop
      vertex -1.376311e+001 -2.272581e+001  1.700000e+002
      vertex -1.376311e+001 -2.272581e+001  1.900000e+002
      vertex -1.431318e+001 -2.262173e+001  1.900000e+002
    endloop
  endfacet
  facet normal -1.859129e-001 -9.825663e-001  -0.000000e+000
    outer loop
      vertex -1.376311e+001 -2.272581e+001  1.700000e+002
      vertex -1.431318e+001 -2.262173e+001  1.900000e+002
      vertex -1.431318e+001 -2.262173e+001  1.700000e+002
    endloop
  endfacet
  facet normal  3.739254e-002 -9.993007e-001  0.000000e+000
    outer loop
      vertex -1.431318e+001 -2.262173e+001  1.700000e+002
      vertex -1.431318e+001 -2.262173e+001  1.900000e+002
      vertex -1.487261e+001 -2.264266e+001  1.900000e+002
    endloop
  endfacet
  facet normal  3.739254e-002 -9.993007e-001  0.000000e+000
    outer loop
      vertex -1.431318e+001 -2.262173e+001  1.700000e+002
      vertex -1.487261e+001 -2.264266e+001  1.900000e+002
      vertex -1.487261e+001 -2.264266e+001  1.700000e+002
    endloop
  endfacet
  facet normal  2.588171e-001 -9.659263e-001  0.000000e+000
    outer loop
      vertex -1.487261e+001 -2.264266e+001  1.700000e+002
      vertex -1.487261e+001 -2.264266e+001  1.900000e+002
      vertex -1.541335e+001 -2.278755e+001  1.900000e+002
    endloop
  endfacet
  facet normal  2.588171e-001 -9.659263e-001  0.000000e+000
    outer loop
      vertex -1.487261e+001 -2.264266e+001  1.700000e+002
      vertex -1.541335e+001 -2.278755e+001  1.900000e+002
      vertex -1.541335e+001 -2.278755e+001  1.700000e+002
    endloop
  endfacet
  facet normal  4.672683e-001 -8.841156e-001  0.000000e+000
    outer loop
      vertex -1.541335e+001 -2.278755e+001  1.700000e+002
      vertex -1.541335e+001 -2.278755e+001  1.900000e+002
      vertex -1.590830e+001 -2.304914e+001  1.900000e+002
    endloop
  endfacet
  facet normal  4.672683e-001 -8.841156e-001  0.000000e+000
    outer loop
      vertex -1.541335e+001 -2.278755e+001  1.700000e+002
      vertex -1.590830e+001 -2.304914e+001  1.900000e+002
      vertex -1.590830e+001 -2.304914e+001  1.700000e+002
    endloop
  endfacet
  facet normal  6.522878e-001 -7.579713e-001  0.000000e+000
    outer loop
      vertex -1.590830e+001 -2.304914e+001  1.700000e+002
      vertex -1.590830e+001 -2.304914e+001  1.900000e+002
      vertex -1.633263e+001 -2.341430e+001  1.900000e+002
    endloop
  endfacet
  facet normal  6.522878e-001 -7.579713e-001  0.000000e+000
    outer loop
      vertex -1.590830e+001 -2.304914e+001  1.700000e+002
      vertex -1.633263e+001 -2.341430e+001  1.900000e+002
      vertex -1.633263e+001 -2.341430e+001  1.700000e+002
    endloop
  endfacet
  facet normal  8.045979e-001 -5.938200e-001  0.000000e+000
    outer loop
      vertex -1.633263e+001 -2.341430e+001  1.700000e+002
      vertex -1.633263e+001 -2.341430e+001  1.900000e+002
      vertex -1.666506e+001 -2.386474e+001  1.900000e+002
    endloop
  endfacet
  facet normal  8.045979e-001 -5.938200e-001  0.000000e+000
    outer loop
      vertex -1.633263e+001 -2.341430e+001  1.700000e+002
      vertex -1.666506e+001 -2.386474e+001  1.900000e+002
      vertex -1.666506e+001 -2.386474e+001  1.700000e+002
    endloop
  endfacet
  facet normal -3.998904e-001 -9.165630e-001  0.000000e+000
    outer loop
      vertex -1.376311e+001 -2.272581e+001  1.900000e+002
      vertex -1.325000e+001 -2.294967e+001  1.700000e+002
      vertex -1.325000e+001 -2.294967e+001  1.900000e+002
    endloop
  endfacet
  facet normal -5.938200e-001 -8.045979e-001  -0.000000e+000
    outer loop
      vertex -1.325000e+001 -2.294967e+001  1.900000e+002
      vertex -1.325000e+001 -2.294967e+001  1.700000e+002
      vertex -1.279957e+001 -2.328211e+001  1.700000e+002
    endloop
  endfacet
  facet normal -5.938200e-001 -8.045979e-001  0.000000e+000
    outer loop
      vertex -1.325000e+001 -2.294967e+001  1.900000e+002
      vertex -1.279957e+001 -2.328211e+001  1.700000e+002
      vertex -1.279957e+001 -2.328211e+001  1.900000e+002
    endloop
  endfacet
  facet normal -7.579722e-001 -6.522869e-001  -0.000000e+000
    outer loop
      vertex -1.279957e+001 -2.328211e+001  1.900000e+002
      vertex -1.279957e+001 -2.328211e+001  1.700000e+002
      vertex -1.243440e+001 -2.370644e+001  1.700000e+002
    endloop
  endfacet
  facet normal -7.579722e-001 -6.522869e-001  0.000000e+000
    outer loop
      vertex -1.279957e+001 -2.328211e+001  1.900000e+002
      vertex -1.243440e+001 -2.370644e+001  1.700000e+002
      vertex -1.243440e+001 -2.370644e+001  1.900000e+002
    endloop
  endfacet
  facet normal -8.841149e-001 -4.672697e-001  -0.000000e+000
    outer loop
      vertex -1.243440e+001 -2.370644e+001  1.900000e+002
      vertex -1.243440e+001 -2.370644e+001  1.700000e+002
      vertex -1.217282e+001 -2.420138e+001  1.700000e+002
    endloop
  endfacet
  facet normal -8.841149e-001 -4.672697e-001  0.000000e+000
    outer loop
      vertex -1.243440e+001 -2.370644e+001  1.900000e+002
      vertex -1.217282e+001 -2.420138e+001  1.700000e+002
      vertex -1.217282e+001 -2.420138e+001  1.900000e+002
    endloop
  endfacet
  facet normal -9.659258e-001 -2.588191e-001  -0.000000e+000
    outer loop
      vertex -1.217282e+001 -2.420138e+001  1.900000e+002
      vertex -1.217282e+001 -2.420138e+001  1.700000e+002
      vertex -1.202792e+001 -2.474213e+001  1.700000e+002
    endloop
  endfacet
  facet normal -9.659258e-001 -2.588191e-001  0.000000e+000
    outer loop
      vertex -1.217282e+001 -2.420138e+001  1.900000e+002
      vertex -1.202792e+001 -2.474213e+001  1.700000e+002
      vertex -1.202792e+001 -2.474213e+001  1.900000e+002
    endloop
  endfacet
  facet normal -9.993007e-001 -3.739077e-002  -0.000000e+000
    outer loop
      vertex -1.202792e+001 -2.474213e+001  1.900000e+002
      vertex -1.202792e+001 -2.474213e+001  1.700000e+002
      vertex -1.200699e+001 -2.530156e+001  1.700000e+002
    endloop
  endfacet
  facet normal -9.993007e-001 -3.739077e-002  0.000000e+000
    outer loop
      vertex -1.202792e+001 -2.474213e+001  1.900000e+002
      vertex -1.200699e+001 -2.530156e+001  1.700000e+002
      vertex -1.200699e+001 -2.530156e+001  1.900000e+002
    endloop
  endfacet
  facet normal -9.825667e-001  1.859109e-001  0.000000e+000
    outer loop
      vertex -1.200699e+001 -2.530156e+001  1.900000e+002
      vertex -1.200699e+001 -2.530156e+001  1.700000e+002
      vertex -1.211107e+001 -2.585163e+001  1.700000e+002
    endloop
  endfacet
  facet normal -9.825667e-001  1.859109e-001  0.000000e+000
    outer loop
      vertex -1.200699e+001 -2.530156e+001  1.900000e+002
      vertex -1.211107e+001 -2.585163e+001  1.700000e+002
      vertex -1.211107e+001 -2.585163e+001  1.900000e+002
    endloop
  endfacet
  facet normal -9.165621e-001  3.998924e-001  0.000000e+000
    outer loop
      vertex -1.211107e+001 -2.585163e+001  1.900000e+002
      vertex -1.211107e+001 -2.585163e+001  1.700000e+002
      vertex -1.233494e+001 -2.636474e+001  1.700000e+002
    endloop
  endfacet
  facet normal -9.165621e-001  3.998924e-001  0.000000e+000
    outer loop
      vertex -1.211107e+001 -2.585163e+001  1.900000e+002
      vertex -1.233494e+001 -2.636474e+001  1.700000e+002
      vertex -1.233494e+001 -2.636474e+001  1.900000e+002
    endloop
  endfacet
  facet normal  -0.000000e+000  1.000000e+000  -0.000000e+000
    outer loop
      vertex  8.410742e+001 -1.490000e+002  3.453471e+001
      vertex  8.380958e+001 -1.490000e+002  3.500872e+001
      vertex  8.185500e+001 -1.490000e+002  1.109500e+002
    endloop
  endfacet
  facet normal  -0.000000e+000  1.000000e+000  -0.000000e+000
    outer loop
      vertex  8.380958e+001 -1.490000e+002  3.500872e+001
      vertex  8.341373e+001 -1.490000e+002  3.540458e+001
      vertex  8.185500e+001 -1.490000e+002  1.109500e+002
    endloop
  endfacet
  facet normal  -0.000000e+000  1.000000e+000  -0.000000e+000
    outer loop
      vertex  8.341373e+001 -1.490000e+002  3.540458e+001
      vertex  8.293971e+001 -1.490000e+002  3.570242e+001
      vertex  8.185500e+001 -1.490000e+002  1.109500e+002
    endloop
  endfacet
  facet normal  -0.000000e+000  1.000000e+000  -0.000000e+000
    outer loop
      vertex  8.293971e+001 -1.490000e+002  3.570242e+001
      vertex  8.241130e+001 -1.490000e+002  3.588732e+001
      vertex  8.185500e+001 -1.490000e+002  1.109500e+002
    endloop
  endfacet
  facet normal  -0.000000e+000  1.000000e+000  0.000000e+000
    outer loop
      vertex  8.241130e+001 -1.490000e+002  3.588732e+001
      vertex  8.185500e+001 -1.490000e+002  3.595000e+001
      vertex  8.185500e+001 -1.490000e+002  1.109500e+002
    endloop
  endfacet
  facet normal  0.000000e+000  1.000000e+000  -0.000000e+000
    outer loop
      vertex  9.000000e+001 -1.490000e+002  1.269000e+002
      vertex  9.000000e+001 -1.490000e+002  2.000000e+001
      vertex  8.435500e+001 -1.490000e+002  1.134500e+002
    endloop
  endfacet
  facet normal  0.000000e+000  1.000000e+000  -0.000000e+000
    outer loop
      vertex  9.000000e+001 -1.490000e+002  1.269000e+002
      vertex  8.435500e+001 -1.490000e+002  1.134500e+002
      vertex  8.429232e+001 -1.490000e+002  1.140063e+002
    endloop
  endfacet
  facet normal  0.000000e+000  1.000000e+000  -0.000000e+000
    outer loop
      vertex  9.000000e+001 -1.490000e+002  1.269000e+002
      vertex  8.429232e+001 -1.490000e+002  1.140063e+002
      vertex  8.410742e+001 -1.490000e+002  1.145347e+002
    endloop
  endfacet
  facet normal  0.000000e+000  1.000000e+000  -0.000000e+000
    outer loop
      vertex  9.000000e+001 -1.490000e+002  1.269000e+002
      vertex  8.410742e+001 -1.490000e+002  1.145347e+002
      vertex  8.380958e+001 -1.490000e+002  1.150087e+002
    endloop
  endfacet
  facet normal  0.000000e+000  1.000000e+000  -0.000000e+000
    outer loop
      vertex  9.000000e+001 -1.490000e+002  1.269000e+002
      vertex  8.380958e+001 -1.490000e+002  1.150087e+002
      vertex  8.341373e+001 -1.490000e+002  1.154046e+002
    endloop
  endfacet
  facet normal  0.000000e+000  9.999999e-001  -0.000000e+000
    outer loop
      vertex  9.000000e+001 -1.490000e+002  1.269000e+002
      vertex  8.341373e+001 -1.490000e+002  1.154046e+002
      vertex  8.293971e+001 -1.490000e+002  1.157024e+002
    endloop
  endfacet
  facet normal  0.000000e+000  9.999999e-001  -0.000000e+000
    outer loop
      vertex  9.000000e+001 -1.490000e+002  1.269000e+002
      vertex  8.293971e+001 -1.490000e+002  1.157024e+002
      vertex  8.241130e+001 -1.490000e+002  1.158873e+002
    endloop
  endfacet
  facet normal  0.000000e+000  1.000000e+000  -0.000000e+000
    outer loop
      vertex  9.000000e+001 -1.490000e+002  1.269000e+002
      vertex  8.241130e+001 -1.490000e+002  1.158873e+002
      vertex  8.185500e+001 -1.490000e+002  1.159500e+002
    endloop
  endfacet
  facet normal  0.000000e+000  1.000000e+000  -0.000000e+000
    outer loop
      vertex  9.000000e+001 -1.490000e+002  1.269000e+002
      vertex  8.185500e+001 -1.490000e+002  1.159500e+002
      vertex  6.855000e+000 -1.490000e+002  1.159500e+002
    endloop
  endfacet
  facet normal  0.000000e+000  9.999999e-001  -0.000000e+000
    outer loop
      vertex  9.000000e+001 -1.490000e+002  1.269000e+002
      vertex  6.855000e+000 -1.490000e+002  1.159500e+002
      vertex -5.314500e+001 -1.490000e+002  1.189500e+002
    endloop
  endfacet
  facet normal  0.000000e+000  9.999999e-001  -0.000000e+000
    outer loop
      vertex  9.000000e+001 -1.490000e+002  1.269000e+002
      vertex -5.314500e+001 -1.490000e+002  1.189500e+002
      vertex -9.240000e+001 -1.490000e+002  1.269000e+002
    endloop
  endfacet
  facet normal  0.000000e+000  1.000000e+000  0.000000e+000
    outer loop
      vertex  9.000000e+001 -1.490000e+002  2.000000e+001
      vertex -9.240000e+001 -1.490000e+002  2.000000e+001
      vertex -5.314500e+001 -1.490000e+002  2.795000e+001
    endloop
  endfacet
  facet normal  -0.000000e+000  9.999999e-001  0.000000e+000
    outer loop
      vertex  9.000000e+001 -1.490000e+002  2.000000e+001
      vertex -5.314500e+001 -1.490000e+002  2.795000e+001
      vertex  6.855000e+000 -1.490000e+002  3.095000e+001
    endloop
  endfacet
  facet normal  -0.000000e+000  1.000000e+000  0.000000e+000
    outer loop
      vertex  9.000000e+001 -1.490000e+002  2.000000e+001
      vertex  6.855000e+000 -1.490000e+002  3.095000e+001
      vertex  8.185500e+001 -1.490000e+002  3.095000e+001
    endloop
  endfacet
  facet normal  -0.000000e+000  1.000000e+000  0.000000e+000
    outer loop
      vertex  9.000000e+001 -1.490000e+002  2.000000e+001
      vertex  8.185500e+001 -1.490000e+002  3.095000e+001
      vertex  8.241130e+001 -1.490000e+002  3.101268e+001
    endloop
  endfacet
  facet normal  -0.000000e+000  9.999999e-001  0.000000e+000
    outer loop
      vertex  9.000000e+001 -1.490000e+002  2.000000e+001
      vertex  8.241130e+001 -1.490000e+002  3.101268e+001
      vertex  8.293971e+001 -1.490000e+002  3.119758e+001
    endloop
  endfacet
  facet normal  -0.000000e+000  1.000000e+000  0.000000e+000
    outer loop
      vertex  9.000000e+001 -1.490000e+002  2.000000e+001
      vertex  8.293971e+001 -1.490000e+002  3.119758e+001
      vertex  8.341373e+001 -1.490000e+002  3.149542e+001
    endloop
  endfacet
  facet normal  -0.000000e+000  9.999999e-001  0.000000e+000
    outer loop
      vertex  9.000000e+001 -1.490000e+002  2.000000e+001
      vertex  8.341373e+001 -1.490000e+002  3.149542e+001
      vertex  8.380958e+001 -1.490000e+002  3.189128e+001
    endloop
  endfacet
  facet normal  -0.000000e+000  9.999999e-001  0.000000e+000
    outer loop
      vertex  9.000000e+001 -1.490000e+002  2.000000e+001
      vertex  8.380958e+001 -1.490000e+002  3.189128e+001
      vertex  8.410742e+001 -1.490000e+002  3.236529e+001
    endloop
  endfacet
  facet normal  -0.000000e+000  1.000000e+000  0.000000e+000
    outer loop
      vertex  9.000000e+001 -1.490000e+002  2.000000e+001
      vertex  8.410742e+001 -1.490000e+002  3.236529e+001
      vertex  8.429232e+001 -1.490000e+002  3.289370e+001
    endloop
  endfacet
  facet normal  -0.000000e+000  1.000000e+000  0.000000e+000
    outer loop
      vertex  9.000000e+001 -1.490000e+002  2.000000e+001
      vertex  8.429232e+001 -1.490000e+002  3.289370e+001
      vertex  8.435500e+001 -1.490000e+002  3.345000e+001
    endloop
  endfacet
  facet normal  -0.000000e+000  1.000000e+000  -0.000000e+000
    outer loop
      vertex  9.000000e+001 -1.490000e+002  2.000000e+001
      vertex  8.435500e+001 -1.490000e+002  3.345000e+001
      vertex  8.429232e+001 -1.490000e+002  3.400630e+001
    endloop
  endfacet
  facet normal  -0.000000e+000  1.000000e+000  -0.000000e+000
    outer loop
      vertex  9.000000e+001 -1.490000e+002  2.000000e+001
      vertex  8.429232e+001 -1.490000e+002  3.400630e+001
      vertex  8.410742e+001 -1.490000e+002  3.453471e+001
    endloop
  endfacet
  facet normal  -0.000000e+000  1.000000e+000  -0.000000e+000
    outer loop
      vertex  9.000000e+001 -1.490000e+002  2.000000e+001
      vertex  8.410742e+001 -1.490000e+002  3.453471e+001
      vertex  8.185500e+001 -1.490000e+002  1.109500e+002
    endloop
  endfacet
  facet normal  -0.000000e+000  1.000000e+000  0.000000e+000
    outer loop
      vertex  9.000000e+001 -1.490000e+002  2.000000e+001
      vertex  8.185500e+001 -1.490000e+002  1.109500e+002
      vertex  8.241130e+001 -1.490000e+002  1.110127e+002
    endloop
  endfacet
  facet normal  -0.000000e+000  1.000000e+000  0.000000e+000
    outer loop
      vertex  9.000000e+001 -1.490000e+002  2.000000e+001
      vertex  8.241130e+001 -1.490000e+002  1.110127e+002
      vertex  8.293971e+001 -1.490000e+002  1.111976e+002
    endloop
  endfacet
  facet normal  -0.000000e+000  1.000000e+000  0.000000e+000
    outer loop
      vertex  9.000000e+001 -1.490000e+002  2.000000e+001
      vertex  8.293971e+001 -1.490000e+002  1.111976e+002
      vertex  8.341373e+001 -1.490000e+002  1.114954e+002
    endloop
  endfacet
  facet normal  -0.000000e+000  9.999999e-001  0.000000e+000
    outer loop
      vertex  9.000000e+001 -1.490000e+002  2.000000e+001
      vertex  8.341373e+001 -1.490000e+002  1.114954e+002
      vertex  8.380958e+001 -1.490000e+002  1.118913e+002
    endloop
  endfacet
  facet normal  -0.000000e+000  1.000000e+000  0.000000e+000
    outer loop
      vertex  9.000000e+001 -1.490000e+002  2.000000e+001
      vertex  8.380958e+001 -1.490000e+002  1.118913e+002
      vertex  8.410742e+001 -1.490000e+002  1.123653e+002
    endloop
  endfacet
  facet normal  -0.000000e+000  1.000000e+000  0.000000e+000
    outer loop
      vertex  9.000000e+001 -1.490000e+002  2.000000e+001
      vertex  8.410742e+001 -1.490000e+002  1.123653e+002
      vertex  8.429232e+001 -1.490000e+002  1.128937e+002
    endloop
  endfacet
  facet normal  -0.000000e+000  1.000000e+000  0.000000e+000
    outer loop
      vertex  9.000000e+001 -1.490000e+002  2.000000e+001
      vertex  8.429232e+001 -1.490000e+002  1.128937e+002
      vertex  8.435500e+001 -1.490000e+002  1.134500e+002
    endloop
  endfacet
  facet normal  0.000000e+000  1.000000e+000  -0.000000e+000
    outer loop
      vertex  6.855000e+000 -1.490000e+002  1.159500e+002
      vertex  6.298697e+000 -1.490000e+002  1.158873e+002
      vertex -5.070768e+001 -1.490000e+002  1.158937e+002
    endloop
  endfacet
  facet normal  0.000000e+000  1.000000e+000  0.000000e+000
    outer loop
      vertex  6.855000e+000 -1.490000e+002  1.159500e+002
      vertex -5.070768e+001 -1.490000e+002  1.158937e+002
      vertex -5.064500e+001 -1.490000e+002  1.164500e+002
    endloop
  endfacet
  facet normal  -0.000000e+000  1.000000e+000  -0.000000e+000
    outer loop
      vertex  6.855000e+000 -1.490000e+002  1.159500e+002
      vertex -5.064500e+001 -1.490000e+002  1.164500e+002
      vertex -5.070768e+001 -1.490000e+002  1.170063e+002
    endloop
  endfacet
  facet normal  -0.000000e+000  1.000000e+000  -0.000000e+000
    outer loop
      vertex  6.855000e+000 -1.490000e+002  1.159500e+002
      vertex -5.070768e+001 -1.490000e+002  1.170063e+002
      vertex -5.089258e+001 -1.490000e+002  1.175347e+002
    endloop
  endfacet
  facet normal  -0.000000e+000  1.000000e+000  -0.000000e+000
    outer loop
      vertex  6.855000e+000 -1.490000e+002  1.159500e+002
      vertex -5.089258e+001 -1.490000e+002  1.175347e+002
      vertex -5.119042e+001 -1.490000e+002  1.180087e+002
    endloop
  endfacet
  facet normal  -0.000000e+000  1.000000e+000  -0.000000e+000
    outer loop
      vertex  6.855000e+000 -1.490000e+002  1.159500e+002
      vertex -5.119042e+001 -1.490000e+002  1.180087e+002
      vertex -5.158628e+001 -1.490000e+002  1.184046e+002
    endloop
  endfacet
  facet normal  -0.000000e+000  1.000000e+000  -0.000000e+000
    outer loop
      vertex  6.855000e+000 -1.490000e+002  1.159500e+002
      vertex -5.158628e+001 -1.490000e+002  1.184046e+002
      vertex -5.206029e+001 -1.490000e+002  1.187024e+002
    endloop
  endfacet
  facet normal  -0.000000e+000  1.000000e+000  -0.000000e+000
    outer loop
      vertex  6.855000e+000 -1.490000e+002  1.159500e+002
      vertex -5.206029e+001 -1.490000e+002  1.187024e+002
      vertex -5.258870e+001 -1.490000e+002  1.188873e+002
    endloop
  endfacet
  facet normal  -0.000000e+000  1.000000e+000  -0.000000e+000
    outer loop
      vertex  6.855000e+000 -1.490000e+002  1.159500e+002
      vertex -5.258870e+001 -1.490000e+002  1.188873e+002
      vertex -5.314500e+001 -1.490000e+002  1.189500e+002
    endloop
  endfacet
  facet normal  0.000000e+000  1.000000e+000  -0.000000e+000
    outer loop
      vertex  4.417680e+000 -1.490000e+002  1.140063e+002
      vertex  4.355000e+000 -1.490000e+002  1.134500e+002
      vertex -5.314500e+001 -1.490000e+002  1.139500e+002
    endloop
  endfacet
  facet normal  0.000000e+000  1.000000e+000  0.000000e+000
    outer loop
      vertex  4.417680e+000 -1.490000e+002  1.140063e+002
      vertex -5.314500e+001 -1.490000e+002  1.139500e+002
      vertex -5.258870e+001 -1.490000e+002  1.140127e+002
    endloop
  endfacet
  facet normal  -0.000000e+000  1.000000e+000  0.000000e+000
    outer loop
      vertex  4.417680e+000 -1.490000e+002  1.140063e+002
      vertex -5.258870e+001 -1.490000e+002  1.140127e+002
      vertex -5.206029e+001 -1.490000e+002  1.141976e+002
    endloop
  endfacet
  facet normal  -0.000000e+000  1.000000e+000  0.000000e+000
    outer loop
      vertex  4.417680e+000 -1.490000e+002  1.140063e+002
      vertex -5.206029e+001 -1.490000e+002  1.141976e+002
      vertex -5.158628e+001 -1.490000e+002  1.144954e+002
    endloop
  endfacet
  facet normal  -0.000000e+000  9.999999e-001  0.000000e+000
    outer loop
      vertex  4.417680e+000 -1.490000e+002  1.140063e+002
      vertex -5.158628e+001 -1.490000e+002  1.144954e+002
      vertex  4.602578e+000 -1.490000e+002  1.145347e+002
    endloop
  endfacet
  facet normal  0.000000e+000  1.000000e+000  0.000000e+000
    outer loop
      vertex -5.314500e+001 -1.490000e+002  1.139500e+002
      vertex  4.355000e+000 -1.490000e+002  1.134500e+002
      vertex  4.417680e+000 -1.490000e+002  1.128937e+002
    endloop
  endfacet
  facet normal  0.000000e+000  1.000000e+000  0.000000e+000
    outer loop
      vertex -5.314500e+001 -1.490000e+002  1.139500e+002
      vertex  4.417680e+000 -1.490000e+002  1.128937e+002
      vertex  4.602578e+000 -1.490000e+002  1.123653e+002
    endloop
  endfacet
  facet normal  0.000000e+000  1.000000e+000  0.000000e+000
    outer loop
      vertex -5.314500e+001 -1.490000e+002  1.139500e+002
      vertex  4.602578e+000 -1.490000e+002  1.123653e+002
      vertex  4.900421e+000 -1.490000e+002  1.118913e+002
    endloop
  endfacet
  facet normal  0.000000e+000  1.000000e+000  0.000000e+000
    outer loop
      vertex -5.314500e+001 -1.490000e+002  1.139500e+002
      vertex  4.900421e+000 -1.490000e+002  1.118913e+002
      vertex  5.296276e+000 -1.490000e+002  1.114954e+002
    endloop
  endfacet
  facet normal  0.000000e+000  1.000000e+000  0.000000e+000
    outer loop
      vertex -5.314500e+001 -1.490000e+002  1.139500e+002
      vertex  5.296276e+000 -1.490000e+002  1.114954e+002
      vertex  5.770291e+000 -1.490000e+002  1.111976e+002
    endloop
  endfacet
  facet normal  0.000000e+000  1.000000e+000  0.000000e+000
    outer loop
      vertex -5.314500e+001 -1.490000e+002  1.139500e+002
      vertex  5.770291e+000 -1.490000e+002  1.111976e+002
      vertex  6.298697e+000 -1.490000e+002  1.110127e+002
    endloop
  endfacet
  facet normal  0.000000e+000  1.000000e+000  0.000000e+000
    outer loop
      vertex -5.314500e+001 -1.490000e+002  1.139500e+002
      vertex  6.298697e+000 -1.490000e+002  1.110127e+002
      vertex  6.855000e+000 -1.490000e+002  1.109500e+002
    endloop
  endfacet
  facet normal  0.000000e+000  1.000000e+000  0.000000e+000
    outer loop
      vertex -5.314500e+001 -1.490000e+002  1.139500e+002
      vertex  6.855000e+000 -1.490000e+002  1.109500e+002
      vertex  6.855000e+000 -1.490000e+002  3.595000e+001
    endloop
  endfacet
  facet normal  0.000000e+000  1.000000e+000  0.000000e+000
    outer loop
      vertex -5.314500e+001 -1.490000e+002  1.139500e+002
      vertex  6.855000e+000 -1.490000e+002  3.595000e+001
      vertex -5.314500e+001 -1.490000e+002  3.295000e+001
    endloop
  endfacet
  facet normal  0.000000e+000  9.999999e-001  -0.000000e+000
    outer loop
      vertex -5.314500e+001 -1.490000e+002  1.139500e+002
      vertex -5.314500e+001 -1.490000e+002  3.295000e+001
      vertex -5.370130e+001 -1.490000e+002  3.288732e+001
    endloop
  endfacet
  facet normal  0.000000e+000  1.000000e+000  -0.000000e+000
    outer loop
      vertex -5.314500e+001 -1.490000e+002  1.139500e+002
      vertex -5.370130e+001 -1.490000e+002  3.288732e+001
      vertex -5.422971e+001 -1.490000e+002  3.270242e+001
    endloop
  endfacet
  facet normal  0.000000e+000  1.000000e+000  0.000000e+000
    outer loop
      vertex -5.314500e+001 -1.490000e+002  3.295000e+001
      vertex  6.855000e+000 -1.490000e+002  3.595000e+001
      vertex  6.298697e+000 -1.490000e+002  3.588732e+001
    endloop
  endfacet
  facet normal  0.000000e+000  1.000000e+000  0.000000e+000
    outer loop
      vertex -5.314500e+001 -1.490000e+002  3.295000e+001
      vertex  6.298697e+000 -1.490000e+002  3.588732e+001
      vertex  5.770291e+000 -1.490000e+002  3.570242e+001
    endloop
  endfacet
  facet normal  0.000000e+000  1.000000e+000  0.000000e+000
    outer loop
      vertex -5.314500e+001 -1.490000e+002  3.295000e+001
      vertex  5.770291e+000 -1.490000e+002  3.570242e+001
      vertex  5.296276e+000 -1.490000e+002  3.540458e+001
    endloop
  endfacet
  facet normal  0.000000e+000  1.000000e+000  0.000000e+000
    outer loop
      vertex -5.314500e+001 -1.490000e+002  3.295000e+001
      vertex  5.296276e+000 -1.490000e+002  3.540458e+001
      vertex  4.900421e+000 -1.490000e+002  3.500872e+001
    endloop
  endfacet
  facet normal  0.000000e+000  9.999999e-001  0.000000e+000
    outer loop
      vertex -5.314500e+001 -1.490000e+002  3.295000e+001
      vertex  4.900421e+000 -1.490000e+002  3.500872e+001
      vertex  4.602578e+000 -1.490000e+002  3.453471e+001
    endloop
  endfacet
  facet normal  0.000000e+000  1.000000e+000  0.000000e+000
    outer loop
      vertex -5.314500e+001 -1.490000e+002  3.295000e+001
      vertex  4.602578e+000 -1.490000e+002  3.453471e+001
      vertex  4.417680e+000 -1.490000e+002  3.400630e+001
    endloop
  endfacet
  facet normal  0.000000e+000  9.999999e-001  0.000000e+000
    outer loop
      vertex -5.314500e+001 -1.490000e+002  3.295000e+001
      vertex  4.417680e+000 -1.490000e+002  3.400630e+001
      vertex  4.355000e+000 -1.490000e+002  3.345000e+001
    endloop
  endfacet
  facet normal  0.000000e+000  1.000000e+000  0.000000e+000
    outer loop
      vertex -5.314500e+001 -1.490000e+002  3.295000e+001
      vertex  4.355000e+000 -1.490000e+002  3.345000e+001
      vertex  4.417680e+000 -1.490000e+002  3.289370e+001
    endloop
  endfacet
  facet normal  0.000000e+000  1.000000e+000  0.000000e+000
    outer loop
      vertex -5.314500e+001 -1.490000e+002  3.295000e+001
      vertex  4.417680e+000 -1.490000e+002  3.289370e+001
      vertex -5.258870e+001 -1.490000e+002  3.288732e+001
    endloop
  endfacet
  facet normal  0.000000e+000  1.000000e+000  0.000000e+000
    outer loop
      vertex  4.602578e+000 -1.490000e+002  3.236529e+001
      vertex  4.900421e+000 -1.490000e+002  3.189128e+001
      vertex -5.119042e+001 -1.490000e+002  3.200872e+001
    endloop
  endfacet
  facet normal  0.000000e+000  1.000000e+000  -0.000000e+000
    outer loop
      vertex  4.602578e+000 -1.490000e+002  3.236529e+001
      vertex -5.119042e+001 -1.490000e+002  3.200872e+001
      vertex -5.158628e+001 -1.490000e+002  3.240458e+001
    endloop
  endfacet
  facet normal  -0.000000e+000  1.000000e+000  -0.000000e+000
    outer loop
      vertex  4.602578e+000 -1.490000e+002  3.236529e+001
      vertex -5.158628e+001 -1.490000e+002  3.240458e+001
      vertex -5.206029e+001 -1.490000e+002  3.270242e+001
    endloop
  endfacet
  facet normal  -0.000000e+000  9.999999e-001  -0.000000e+000
    outer loop
      vertex  4.602578e+000 -1.490000e+002  3.236529e+001
      vertex -5.206029e+001 -1.490000e+002  3.270242e+001
      vertex -5.258870e+001 -1.490000e+002  3.288732e+001
    endloop
  endfacet
  facet normal  -0.000000e+000  9.999999e-001  0.000000e+000
    outer loop
      vertex  4.602578e+000 -1.490000e+002  3.236529e+001
      vertex -5.258870e+001 -1.490000e+002  3.288732e+001
      vertex  4.417680e+000 -1.490000e+002  3.289370e+001
    endloop
  endfacet
  facet normal  0.000000e+000  1.000000e+000  0.000000e+000
    outer loop
      vertex  6.855000e+000 -1.490000e+002  3.095000e+001
      vertex -5.314500e+001 -1.490000e+002  2.795000e+001
      vertex -5.258870e+001 -1.490000e+002  2.801268e+001
    endloop
  endfacet
  facet normal  0.000000e+000  1.000000e+000  0.000000e+000
    outer loop
      vertex  6.855000e+000 -1.490000e+002  3.095000e+001
      vertex -5.258870e+001 -1.490000e+002  2.801268e+001
      vertex -5.206029e+001 -1.490000e+002  2.819758e+001
    endloop
  endfacet
  facet normal  0.000000e+000  1.000000e+000  0.000000e+000
    outer loop
      vertex  6.855000e+000 -1.490000e+002  3.095000e+001
      vertex -5.206029e+001 -1.490000e+002  2.819758e+001
      vertex -5.158628e+001 -1.490000e+002  2.849542e+001
    endloop
  endfacet
  facet normal  0.000000e+000  1.000000e+000  0.000000e+000
    outer loop
      vertex  6.855000e+000 -1.490000e+002  3.095000e+001
      vertex -5.158628e+001 -1.490000e+002  2.849542e+001
      vertex -5.119042e+001 -1.490000e+002  2.889128e+001
    endloop
  endfacet
  facet normal  0.000000e+000  9.999999e-001  0.000000e+000
    outer loop
      vertex  6.855000e+000 -1.490000e+002  3.095000e+001
      vertex -5.119042e+001 -1.490000e+002  2.889128e+001
      vertex -5.089258e+001 -1.490000e+002  2.936529e+001
    endloop
  endfacet
  facet normal  0.000000e+000  9.999999e-001  0.000000e+000
    outer loop
      vertex  6.855000e+000 -1.490000e+002  3.095000e+001
      vertex -5.089258e+001 -1.490000e+002  2.936529e+001
      vertex -5.070768e+001 -1.490000e+002  2.989370e+001
    endloop
  endfacet
  facet normal  0.000000e+000  1.000000e+000  0.000000e+000
    outer loop
      vertex  6.855000e+000 -1.490000e+002  3.095000e+001
      vertex -5.070768e+001 -1.490000e+002  2.989370e+001
      vertex -5.064500e+001 -1.490000e+002  3.045000e+001
    endloop
  endfacet
  facet normal  0.000000e+000  1.000000e+000  -0.000000e+000
    outer loop
      vertex  6.855000e+000 -1.490000e+002  3.095000e+001
      vertex -5.064500e+001 -1.490000e+002  3.045000e+001
      vertex -5.070768e+001 -1.490000e+002  3.100630e+001
    endloop
  endfacet
  facet normal  -0.000000e+000  1.000000e+000  0.000000e+000
    outer loop
      vertex  6.855000e+000 -1.490000e+002  3.095000e+001
      vertex -5.070768e+001 -1.490000e+002  3.100630e+001
      vertex  6.298697e+000 -1.490000e+002  3.101268e+001
    endloop
  endfacet
  facet normal  0.000000e+000  1.000000e+000  0.000000e+000
    outer loop
      vertex -9.240000e+001 -1.490000e+002  2.000000e+001
      vertex -5.539742e+001 -1.490000e+002  1.175347e+002
      vertex -5.558232e+001 -1.490000e+002  1.170063e+002
    endloop
  endfacet
  facet normal  0.000000e+000  1.000000e+000  0.000000e+000
    outer loop
      vertex -9.240000e+001 -1.490000e+002  2.000000e+001
      vertex -5.558232e+001 -1.490000e+002  1.170063e+002
      vertex -5.564500e+001 -1.490000e+002  1.164500e+002
    endloop
  endfacet
  facet normal  0.000000e+000  9.999999e-001  0.000000e+000
    outer loop
      vertex -9.240000e+001 -1.490000e+002  2.000000e+001
      vertex -5.564500e+001 -1.490000e+002  1.164500e+002
      vertex -5.558232e+001 -1.490000e+002  1.158937e+002
    endloop
  endfacet
  facet normal  0.000000e+000  1.000000e+000  0.000000e+000
    outer loop
      vertex -9.240000e+001 -1.490000e+002  2.000000e+001
      vertex -5.558232e+001 -1.490000e+002  1.158937e+002
      vertex -5.539742e+001 -1.490000e+002  1.153653e+002
    endloop
  endfacet
  facet normal  0.000000e+000  1.000000e+000  0.000000e+000
    outer loop
      vertex -9.240000e+001 -1.490000e+002  2.000000e+001
      vertex -5.539742e+001 -1.490000e+002  1.153653e+002
      vertex -5.509958e+001 -1.490000e+002  1.148913e+002
    endloop
  endfacet
  facet normal  0.000000e+000  1.000000e+000  0.000000e+000
    outer loop
      vertex -9.240000e+001 -1.490000e+002  2.000000e+001
      vertex -5.509958e+001 -1.490000e+002  1.148913e+002
      vertex -5.470372e+001 -1.490000e+002  1.144954e+002
    endloop
  endfacet
  facet normal  0.000000e+000  9.999999e-001  0.000000e+000
    outer loop
      vertex -9.240000e+001 -1.490000e+002  2.000000e+001
      vertex -5.470372e+001 -1.490000e+002  1.144954e+002
      vertex -5.422971e+001 -1.490000e+002  1.141976e+002
    endloop
  endfacet
  facet normal  0.000000e+000  1.000000e+000  0.000000e+000
    outer loop
      vertex -9.240000e+001 -1.490000e+002  2.000000e+001
      vertex -5.422971e+001 -1.490000e+002  1.141976e+002
      vertex -5.370130e+001 -1.490000e+002  1.140127e+002
    endloop
  endfacet
  facet normal  0.000000e+000  1.000000e+000  0.000000e+000
    outer loop
      vertex -9.240000e+001 -1.490000e+002  2.000000e+001
      vertex -5.370130e+001 -1.490000e+002  1.140127e+002
      vertex -5.314500e+001 -1.490000e+002  1.139500e+002
    endloop
  endfacet
  facet normal  0.000000e+000  1.000000e+000  0.000000e+000
    outer loop
      vertex -9.240000e+001 -1.490000e+002  2.000000e+001
      vertex -5.314500e+001 -1.490000e+002  1.139500e+002
      vertex -5.422971e+001 -1.490000e+002  3.270242e+001
    endloop
  endfacet
  facet normal  0.000000e+000  1.000000e+000  0.000000e+000
    outer loop
      vertex -9.240000e+001 -1.490000e+002  2.000000e+001
      vertex -5.422971e+001 -1.490000e+002  3.270242e+001
      vertex -5.470372e+001 -1.490000e+002  3.240458e+001
    endloop
  endfacet
  facet normal  0.000000e+000  1.000000e+000  0.000000e+000
    outer loop
      vertex -9.240000e+001 -1.490000e+002  2.000000e+001
      vertex -5.470372e+001 -1.490000e+002  3.240458e+001
      vertex -5.509958e+001 -1.490000e+002  3.200872e+001
    endloop
  endfacet
  facet normal  0.000000e+000  9.999999e-001  0.000000e+000
    outer loop
      vertex -9.240000e+001 -1.490000e+002  2.000000e+001
      vertex -5.509958e+001 -1.490000e+002  3.200872e+001
      vertex -5.539742e+001 -1.490000e+002  3.153471e+001
    endloop
  endfacet
  facet normal  0.000000e+000  1.000000e+000  0.000000e+000
    outer loop
      vertex -9.240000e+001 -1.490000e+002  2.000000e+001
      vertex -5.539742e+001 -1.490000e+002  3.153471e+001
      vertex -5.558232e+001 -1.490000e+002  3.100630e+001
    endloop
  endfacet
  facet normal  0.000000e+000  1.000000e+000  0.000000e+000
    outer loop
      vertex -9.240000e+001 -1.490000e+002  2.000000e+001
      vertex -5.558232e+001 -1.490000e+002  3.100630e+001
      vertex -5.564500e+001 -1.490000e+002  3.045000e+001
    endloop
  endfacet
  facet normal  0.000000e+000  1.000000e+000  0.000000e+000
    outer loop
      vertex -9.240000e+001 -1.490000e+002  2.000000e+001
      vertex -5.564500e+001 -1.490000e+002  3.045000e+001
      vertex -5.558232e+001 -1.490000e+002  2.989370e+001
    endloop
  endfacet
  facet normal  0.000000e+000  1.000000e+000  0.000000e+000
    outer loop
      vertex -9.240000e+001 -1.490000e+002  2.000000e+001
      vertex -5.558232e+001 -1.490000e+002  2.989370e+001
      vertex -5.539742e+001 -1.490000e+002  2.936529e+001
    endloop
  endfacet
  facet normal  0.000000e+000  1.000000e+000  0.000000e+000
    outer loop
      vertex -9.240000e+001 -1.490000e+002  2.000000e+001
      vertex -5.539742e+001 -1.490000e+002  2.936529e+001
      vertex -5.509958e+001 -1.490000e+002  2.889128e+001
    endloop
  endfacet
  facet normal  0.000000e+000  1.000000e+000  0.000000e+000
    outer loop
      vertex -9.240000e+001 -1.490000e+002  2.000000e+001
      vertex -5.509958e+001 -1.490000e+002  2.889128e+001
      vertex -5.470372e+001 -1.490000e+002  2.849542e+001
    endloop
  endfacet
  facet normal  0.000000e+000  1.000000e+000  0.000000e+000
    outer loop
      vertex -9.240000e+001 -1.490000e+002  2.000000e+001
      vertex -5.470372e+001 -1.490000e+002  2.849542e+001
      vertex -5.422971e+001 -1.490000e+002  2.819758e+001
    endloop
  endfacet
  facet normal  0.000000e+000  9.999999e-001  0.000000e+000
    outer loop
      vertex -9.240000e+001 -1.490000e+002  2.000000e+001
      vertex -5.422971e+001 -1.490000e+002  2.819758e+001
      vertex -5.370130e+001 -1.490000e+002  2.801268e+001
    endloop
  endfacet
  facet normal  0.000000e+000  1.000000e+000  0.000000e+000
    outer loop
      vertex -9.240000e+001 -1.490000e+002  2.000000e+001
      vertex -5.370130e+001 -1.490000e+002  2.801268e+001
      vertex -5.314500e+001 -1.490000e+002  2.795000e+001
    endloop
  endfacet
  facet normal  0.000000e+000  1.000000e+000  0.000000e+000
    outer loop
      vertex -9.240000e+001 -1.490000e+002  1.269000e+002
      vertex -5.314500e+001 -1.490000e+002  1.189500e+002
      vertex -5.370130e+001 -1.490000e+002  1.188873e+002
    endloop
  endfacet
  facet normal  0.000000e+000  9.999999e-001  0.000000e+000
    outer loop
      vertex -9.240000e+001 -1.490000e+002  1.269000e+002
      vertex -5.370130e+001 -1.490000e+002  1.188873e+002
      vertex -5.422971e+001 -1.490000e+002  1.187024e+002
    endloop
  endfacet
  facet normal  0.000000e+000  9.999999e-001  0.000000e+000
    outer loop
      vertex -9.240000e+001 -1.490000e+002  1.269000e+002
      vertex -5.422971e+001 -1.490000e+002  1.187024e+002
      vertex -5.470372e+001 -1.490000e+002  1.184046e+002
    endloop
  endfacet
  facet normal  0.000000e+000  9.999999e-001  0.000000e+000
    outer loop
      vertex -9.240000e+001 -1.490000e+002  1.269000e+002
      vertex -5.470372e+001 -1.490000e+002  1.184046e+002
      vertex -5.509958e+001 -1.490000e+002  1.180087e+002
    endloop
  endfacet
  facet normal  0.000000e+000  1.000000e+000  0.000000e+000
    outer loop
      vertex -9.240000e+001 -1.490000e+002  1.269000e+002
      vertex -5.509958e+001 -1.490000e+002  1.180087e+002
      vertex -5.539742e+001 -1.490000e+002  1.175347e+002
    endloop
  endfacet
  facet normal  0.000000e+000  1.000000e+000  0.000000e+000
    outer loop
      vertex -9.240000e+001 -1.490000e+002  1.269000e+002
      vertex -5.539742e+001 -1.490000e+002  1.175347e+002
      vertex -9.240000e+001 -1.490000e+002  2.000000e+001
    endloop
  endfacet
  facet normal  0.000000e+000  1.000000e+000  0.000000e+000
    outer loop
      vertex  6.855000e+000 -1.490000e+002  1.159500e+002
      vertex  8.185500e+001 -1.490000e+002  1.159500e+002
      vertex  7.411303e+000 -1.490000e+002  1.158873e+002
    endloop
  endfacet
  facet normal  0.000000e+000  1.000000e+000  0.000000e+000
    outer loop
      vertex  7.411303e+000 -1.490000e+002  1.158873e+002
      vertex  8.185500e+001 -1.490000e+002  1.159500e+002
      vertex  8.129870e+001 -1.490000e+002  1.158873e+002
    endloop
  endfacet
  facet normal  0.000000e+000  9.999999e-001  0.000000e+000
    outer loop
      vertex  7.411303e+000 -1.490000e+002  1.158873e+002
      vertex  8.129870e+001 -1.490000e+002  1.158873e+002
      vertex  7.939709e+000 -1.490000e+002  1.157024e+002
    endloop
  endfacet
  facet normal  0.000000e+000  1.000000e+000  0.000000e+000
    outer loop
      vertex  7.939709e+000 -1.490000e+002  1.157024e+002
      vertex  8.129870e+001 -1.490000e+002  1.158873e+002
      vertex  8.077029e+001 -1.490000e+002  1.157024e+002
    endloop
  endfacet
  facet normal  0.000000e+000  1.000000e+000  0.000000e+000
    outer loop
      vertex  7.939709e+000 -1.490000e+002  1.157024e+002
      vertex  8.077029e+001 -1.490000e+002  1.157024e+002
      vertex  8.413725e+000 -1.490000e+002  1.154046e+002
    endloop
  endfacet
  facet normal  0.000000e+000  1.000000e+000  0.000000e+000
    outer loop
      vertex  8.413725e+000 -1.490000e+002  1.154046e+002
      vertex  8.077029e+001 -1.490000e+002  1.157024e+002
      vertex  8.029627e+001 -1.490000e+002  1.154046e+002
    endloop
  endfacet
  facet normal  0.000000e+000  1.000000e+000  0.000000e+000
    outer loop
      vertex  8.413725e+000 -1.490000e+002  1.154046e+002
      vertex  8.029627e+001 -1.490000e+002  1.154046e+002
      vertex  8.809579e+000 -1.490000e+002  1.150087e+002
    endloop
  endfacet
  facet normal  0.000000e+000  9.999999e-001  0.000000e+000
    outer loop
      vertex  8.809579e+000 -1.490000e+002  1.150087e+002
      vertex  8.029627e+001 -1.490000e+002  1.154046e+002
      vertex  7.990042e+001 -1.490000e+002  1.150087e+002
    endloop
  endfacet
  facet normal  0.000000e+000  1.000000e+000  0.000000e+000
    outer loop
      vertex  8.809579e+000 -1.490000e+002  1.150087e+002
      vertex  7.990042e+001 -1.490000e+002  1.150087e+002
      vertex  9.107422e+000 -1.490000e+002  1.145347e+002
    endloop
  endfacet
  facet normal  0.000000e+000  1.000000e+000  0.000000e+000
    outer loop
      vertex  9.107422e+000 -1.490000e+002  1.145347e+002
      vertex  7.990042e+001 -1.490000e+002  1.150087e+002
      vertex  7.960258e+001 -1.490000e+002  1.145347e+002
    endloop
  endfacet
  facet normal  0.000000e+000  1.000000e+000  0.000000e+000
    outer loop
      vertex  9.107422e+000 -1.490000e+002  1.145347e+002
      vertex  7.960258e+001 -1.490000e+002  1.145347e+002
      vertex  9.292320e+000 -1.490000e+002  1.140063e+002
    endloop
  endfacet
  facet normal  0.000000e+000  1.000000e+000  0.000000e+000
    outer loop
      vertex  9.292320e+000 -1.490000e+002  1.140063e+002
      vertex  7.960258e+001 -1.490000e+002  1.145347e+002
      vertex  7.941768e+001 -1.490000e+002  1.140063e+002
    endloop
  endfacet
  facet normal  0.000000e+000  1.000000e+000  0.000000e+000
    outer loop
      vertex  9.292320e+000 -1.490000e+002  1.140063e+002
      vertex  7.941768e+001 -1.490000e+002  1.140063e+002
      vertex  9.355000e+000 -1.490000e+002  1.134500e+002
    endloop
  endfacet
  facet normal  0.000000e+000  1.000000e+000  0.000000e+000
    outer loop
      vertex  9.355000e+000 -1.490000e+002  1.134500e+002
      vertex  7.941768e+001 -1.490000e+002  1.140063e+002
      vertex  7.935500e+001 -1.490000e+002  1.134500e+002
    endloop
  endfacet
  facet normal  0.000000e+000  1.000000e+000  0.000000e+000
    outer loop
      vertex  9.355000e+000 -1.490000e+002  1.134500e+002
      vertex  7.935500e+001 -1.490000e+002  1.134500e+002
      vertex  9.292320e+000 -1.490000e+002  1.128937e+002
    endloop
  endfacet
  facet normal  0.000000e+000  1.000000e+000  0.000000e+000
    outer loop
      vertex  9.292320e+000 -1.490000e+002  1.128937e+002
      vertex  7.935500e+001 -1.490000e+002  1.134500e+002
      vertex  7.941768e+001 -1.490000e+002  1.128937e+002
    endloop
  endfacet
  facet normal  0.000000e+000  1.000000e+000  0.000000e+000
    outer loop
      vertex  9.292320e+000 -1.490000e+002  1.128937e+002
      vertex  7.941768e+001 -1.490000e+002  1.128937e+002
      vertex  9.107422e+000 -1.490000e+002  1.123653e+002
    endloop
  endfacet
  facet normal  0.000000e+000  9.999999e-001  0.000000e+000
    outer loop
      vertex  9.107422e+000 -1.490000e+002  1.123653e+002
      vertex  7.941768e+001 -1.490000e+002  1.128937e+002
      vertex  7.960258e+001 -1.490000e+002  1.123653e+002
    endloop
  endfacet
  facet normal  0.000000e+000  1.000000e+000  0.000000e+000
    outer loop
      vertex  9.107422e+000 -1.490000e+002  1.123653e+002
      vertex  7.960258e+001 -1.490000e+002  1.123653e+002
      vertex  8.809579e+000 -1.490000e+002  1.118913e+002
    endloop
  endfacet
  facet normal  0.000000e+000  1.000000e+000  0.000000e+000
    outer loop
      vertex  8.809579e+000 -1.490000e+002  1.118913e+002
      vertex  7.960258e+001 -1.490000e+002  1.123653e+002
      vertex  7.990042e+001 -1.490000e+002  1.118913e+002
    endloop
  endfacet
  facet normal  0.000000e+000  9.999999e-001  0.000000e+000
    outer loop
      vertex  8.809579e+000 -1.490000e+002  1.118913e+002
      vertex  7.990042e+001 -1.490000e+002  1.118913e+002
      vertex  8.413725e+000 -1.490000e+002  1.114954e+002
    endloop
  endfacet
  facet normal  0.000000e+000  1.000000e+000  0.000000e+000
    outer loop
      vertex  8.413725e+000 -1.490000e+002  1.114954e+002
      vertex  7.990042e+001 -1.490000e+002  1.118913e+002
      vertex  8.029627e+001 -1.490000e+002  1.114954e+002
    endloop
  endfacet
  facet normal  0.000000e+000  1.000000e+000  0.000000e+000
    outer loop
      vertex  8.413725e+000 -1.490000e+002  1.114954e+002
      vertex  8.029627e+001 -1.490000e+002  1.114954e+002
      vertex  7.939709e+000 -1.490000e+002  1.111976e+002
    endloop
  endfacet
  facet normal  0.000000e+000  1.000000e+000  0.000000e+000
    outer loop
      vertex  7.939709e+000 -1.490000e+002  1.111976e+002
      vertex  8.029627e+001 -1.490000e+002  1.114954e+002
      vertex  8.077029e+001 -1.490000e+002  1.111976e+002
    endloop
  endfacet
  facet normal  0.000000e+000  1.000000e+000  0.000000e+000
    outer loop
      vertex  7.939709e+000 -1.490000e+002  1.111976e+002
      vertex  8.077029e+001 -1.490000e+002  1.111976e+002
      vertex  7.411303e+000 -1.490000e+002  1.110127e+002
    endloop
  endfacet
  facet normal  0.000000e+000  9.999999e-001  0.000000e+000
    outer loop
      vertex  7.411303e+000 -1.490000e+002  1.110127e+002
      vertex  8.077029e+001 -1.490000e+002  1.111976e+002
      vertex  8.129870e+001 -1.490000e+002  1.110127e+002
    endloop
  endfacet
  facet normal  0.000000e+000  1.000000e+000  0.000000e+000
    outer loop
      vertex  7.411303e+000 -1.490000e+002  1.110127e+002
      vertex  8.129870e+001 -1.490000e+002  1.110127e+002
      vertex  6.855000e+000 -1.490000e+002  1.109500e+002
    endloop
  endfacet
  facet normal  0.000000e+000  1.000000e+000  0.000000e+000
    outer loop
      vertex  6.855000e+000 -1.490000e+002  1.109500e+002
      vertex  8.129870e+001 -1.490000e+002  1.110127e+002
      vertex  8.185500e+001 -1.490000e+002  1.109500e+002
    endloop
  endfacet
  facet normal  0.000000e+000  1.000000e+000  0.000000e+000
    outer loop
      vertex  6.855000e+000 -1.490000e+002  1.109500e+002
      vertex  8.185500e+001 -1.490000e+002  1.109500e+002
      vertex  6.855000e+000 -1.490000e+002  3.595000e+001
    endloop
  endfacet
  facet normal  0.000000e+000  1.000000e+000  0.000000e+000
    outer loop
      vertex  6.855000e+000 -1.490000e+002  3.595000e+001
      vertex  8.185500e+001 -1.490000e+002  1.109500e+002
      vertex  8.185500e+001 -1.490000e+002  3.595000e+001
    endloop
  endfacet
  facet normal  0.000000e+000  1.000000e+000  0.000000e+000
    outer loop
      vertex  6.855000e+000 -1.490000e+002  3.595000e+001
      vertex  8.185500e+001 -1.490000e+002  3.595000e+001
      vertex  7.411303e+000 -1.490000e+002  3.588732e+001
    endloop
  endfacet
  facet normal  0.000000e+000  1.000000e+000  0.000000e+000
    outer loop
      vertex  7.411303e+000 -1.490000e+002  3.588732e+001
      vertex  8.185500e+001 -1.490000e+002  3.595000e+001
      vertex  8.129870e+001 -1.490000e+002  3.588732e+001
    endloop
  endfacet
  facet normal  0.000000e+000  9.999999e-001  0.000000e+000
    outer loop
      vertex  7.411303e+000 -1.490000e+002  3.588732e+001
      vertex  8.129870e+001 -1.490000e+002  3.588732e+001
      vertex  7.939709e+000 -1.490000e+002  3.570242e+001
    endloop
  endfacet
  facet normal  0.000000e+000  1.000000e+000  0.000000e+000
    outer loop
      vertex  7.939709e+000 -1.490000e+002  3.570242e+001
      vertex  8.129870e+001 -1.490000e+002  3.588732e+001
      vertex  8.077029e+001 -1.490000e+002  3.570242e+001
    endloop
  endfacet
  facet normal  0.000000e+000  1.000000e+000  0.000000e+000
    outer loop
      vertex  7.939709e+000 -1.490000e+002  3.570242e+001
      vertex  8.077029e+001 -1.490000e+002  3.570242e+001
      vertex  8.413725e+000 -1.490000e+002  3.540458e+001
    endloop
  endfacet
  facet normal  0.000000e+000  1.000000e+000  0.000000e+000
    outer loop
      vertex  8.413725e+000 -1.490000e+002  3.540458e+001
      vertex  8.077029e+001 -1.490000e+002  3.570242e+001
      vertex  8.029627e+001 -1.490000e+002  3.540458e+001
    endloop
  endfacet
  facet normal  0.000000e+000  1.000000e+000  0.000000e+000
    outer loop
      vertex  8.413725e+000 -1.490000e+002  3.540458e+001
      vertex  8.029627e+001 -1.490000e+002  3.540458e+001
      vertex  8.809579e+000 -1.490000e+002  3.500872e+001
    endloop
  endfacet
  facet normal  0.000000e+000  1.000000e+000  0.000000e+000
    outer loop
      vertex  8.809579e+000 -1.490000e+002  3.500872e+001
      vertex  8.029627e+001 -1.490000e+002  3.540458e+001
      vertex  7.990042e+001 -1.490000e+002  3.500872e+001
    endloop
  endfacet
  facet normal  0.000000e+000  1.000000e+000  0.000000e+000
    outer loop
      vertex  8.809579e+000 -1.490000e+002  3.500872e+001
      vertex  7.990042e+001 -1.490000e+002  3.500872e+001
      vertex  9.107422e+000 -1.490000e+002  3.453471e+001
    endloop
  endfacet
  facet normal  0.000000e+000  1.000000e+000  0.000000e+000
    outer loop
      vertex  9.107422e+000 -1.490000e+002  3.453471e+001
      vertex  7.990042e+001 -1.490000e+002  3.500872e+001
      vertex  7.960258e+001 -1.490000e+002  3.453471e+001
    endloop
  endfacet
  facet normal  0.000000e+000  1.000000e+000  0.000000e+000
    outer loop
      vertex  9.107422e+000 -1.490000e+002  3.453471e+001
      vertex  7.960258e+001 -1.490000e+002  3.453471e+001
      vertex  9.292320e+000 -1.490000e+002  3.400630e+001
    endloop
  endfacet
  facet normal  0.000000e+000  1.000000e+000  0.000000e+000
    outer loop
      vertex  9.292320e+000 -1.490000e+002  3.400630e+001
      vertex  7.960258e+001 -1.490000e+002  3.453471e+001
      vertex  7.941768e+001 -1.490000e+002  3.400630e+001
    endloop
  endfacet
  facet normal  0.000000e+000  1.000000e+000  0.000000e+000
    outer loop
      vertex  9.292320e+000 -1.490000e+002  3.400630e+001
      vertex  7.941768e+001 -1.490000e+002  3.400630e+001
      vertex  9.355000e+000 -1.490000e+002  3.345000e+001
    endloop
  endfacet
  facet normal  0.000000e+000  1.000000e+000  0.000000e+000
    outer loop
      vertex  9.355000e+000 -1.490000e+002  3.345000e+001
      vertex  7.941768e+001 -1.490000e+002  3.400630e+001
      vertex  7.935500e+001 -1.490000e+002  3.345000e+001
    endloop
  endfacet
  facet normal  0.000000e+000  1.000000e+000  0.000000e+000
    outer loop
      vertex  9.355000e+000 -1.490000e+002  3.345000e+001
      vertex  7.935500e+001 -1.490000e+002  3.345000e+001
      vertex  9.292320e+000 -1.490000e+002  3.289370e+001
    endloop
  endfacet
  facet normal  0.000000e+000  1.000000e+000  0.000000e+000
    outer loop
      vertex  9.292320e+000 -1.490000e+002  3.289370e+001
      vertex  7.935500e+001 -1.490000e+002  3.345000e+001
      vertex  7.941768e+001 -1.490000e+002  3.289370e+001
    endloop
  endfacet
  facet normal  0.000000e+000  1.000000e+000  0.000000e+000
    outer loop
      vertex  9.292320e+000 -1.490000e+002  3.289370e+001
      vertex  7.941768e+001 -1.490000e+002  3.289370e+001
      vertex  9.107422e+000 -1.490000e+002  3.236529e+001
    endloop
  endfacet
  facet normal  0.000000e+000  1.000000e+000  0.000000e+000
    outer loop
      vertex  9.107422e+000 -1.490000e+002  3.236529e+001
      vertex  7.941768e+001 -1.490000e+002  3.289370e+001
      vertex  7.960258e+001 -1.490000e+002  3.236529e+001
    endloop
  endfacet
  facet normal  0.000000e+000  1.000000e+000  0.000000e+000
    outer loop
      vertex  9.107422e+000 -1.490000e+002  3.236529e+001
      vertex  7.960258e+001 -1.490000e+002  3.236529e+001
      vertex  8.809579e+000 -1.490000e+002  3.189128e+001
    endloop
  endfacet
  facet normal  0.000000e+000  1.000000e+000  0.000000e+000
    outer loop
      vertex  8.809579e+000 -1.490000e+002  3.189128e+001
      vertex  7.960258e+001 -1.490000e+002  3.236529e+001
      vertex  7.990042e+001 -1.490000e+002  3.189128e+001
    endloop
  endfacet
  facet normal  0.000000e+000  1.000000e+000  0.000000e+000
    outer loop
      vertex  8.809579e+000 -1.490000e+002  3.189128e+001
      vertex  7.990042e+001 -1.490000e+002  3.189128e+001
      vertex  8.413725e+000 -1.490000e+002  3.149542e+001
    endloop
  endfacet
  facet normal  0.000000e+000  1.000000e+000  0.000000e+000
    outer loop
      vertex  8.413725e+000 -1.490000e+002  3.149542e+001
      vertex  7.990042e+001 -1.490000e+002  3.189128e+001
      vertex  8.029627e+001 -1.490000e+002  3.149542e+001
    endloop
  endfacet
  facet normal  0.000000e+000  1.000000e+000  0.000000e+000
    outer loop
      vertex  8.413725e+000 -1.490000e+002  3.149542e+001
      vertex  8.029627e+001 -1.490000e+002  3.149542e+001
      vertex  7.939709e+000 -1.490000e+002  3.119758e+001
    endloop
  endfacet
  facet normal  0.000000e+000  1.000000e+000  0.000000e+000
    outer loop
      vertex  7.939709e+000 -1.490000e+002  3.119758e+001
      vertex  8.029627e+001 -1.490000e+002  3.149542e+001
      vertex  8.077029e+001 -1.490000e+002  3.119758e+001
    endloop
  endfacet
  facet normal  0.000000e+000  1.000000e+000  0.000000e+000
    outer loop
      vertex  7.939709e+000 -1.490000e+002  3.119758e+001
      vertex  8.077029e+001 -1.490000e+002  3.119758e+001
      vertex  7.411303e+000 -1.490000e+002  3.101268e+001
    endloop
  endfacet
  facet normal  0.000000e+000  9.999999e-001  0.000000e+000
    outer loop
      vertex  7.411303e+000 -1.490000e+002  3.101268e+001
      vertex  8.077029e+001 -1.490000e+002  3.119758e+001
      vertex  8.129870e+001 -1.490000e+002  3.101268e+001
    endloop
  endfacet
  facet normal  0.000000e+000  1.000000e+000  0.000000e+000
    outer loop
      vertex  7.411303e+000 -1.490000e+002  3.101268e+001
      vertex  8.129870e+001 -1.490000e+002  3.101268e+001
      vertex  6.855000e+000 -1.490000e+002  3.095000e+001
    endloop
  endfacet
  facet normal  0.000000e+000  1.000000e+000  0.000000e+000
    outer loop
      vertex  6.855000e+000 -1.490000e+002  3.095000e+001
      vertex  8.129870e+001 -1.490000e+002  3.101268e+001
      vertex  8.185500e+001 -1.490000e+002  3.095000e+001
    endloop
  endfacet
  facet normal  0.000000e+000  9.999999e-001  0.000000e+000
    outer loop
      vertex -5.070768e+001 -1.490000e+002  1.158937e+002
      vertex  6.298697e+000 -1.490000e+002  1.158873e+002
      vertex -5.089258e+001 -1.490000e+002  1.153653e+002
    endloop
  endfacet
  facet normal  0.000000e+000  1.000000e+000  0.000000e+000
    outer loop
      vertex -5.089258e+001 -1.490000e+002  1.153653e+002
      vertex  6.298697e+000 -1.490000e+002  1.158873e+002
      vertex  5.770291e+000 -1.490000e+002  1.157024e+002
    endloop
  endfacet
  facet normal  0.000000e+000  1.000000e+000  0.000000e+000
    outer loop
      vertex -5.089258e+001 -1.490000e+002  1.153653e+002
      vertex  5.770291e+000 -1.490000e+002  1.157024e+002
      vertex  5.296276e+000 -1.490000e+002  1.154046e+002
    endloop
  endfacet
  facet normal  0.000000e+000  1.000000e+000  0.000000e+000
    outer loop
      vertex -5.089258e+001 -1.490000e+002  1.153653e+002
      vertex  5.296276e+000 -1.490000e+002  1.154046e+002
      vertex -5.119042e+001 -1.490000e+002  1.148913e+002
    endloop
  endfacet
  facet normal  0.000000e+000  1.000000e+000  0.000000e+000
    outer loop
      vertex -5.119042e+001 -1.490000e+002  1.148913e+002
      vertex  5.296276e+000 -1.490000e+002  1.154046e+002
      vertex  4.900421e+000 -1.490000e+002  1.150087e+002
    endloop
  endfacet
  facet normal  0.000000e+000  1.000000e+000  0.000000e+000
    outer loop
      vertex -5.119042e+001 -1.490000e+002  1.148913e+002
      vertex  4.900421e+000 -1.490000e+002  1.150087e+002
      vertex -5.158628e+001 -1.490000e+002  1.144954e+002
    endloop
  endfacet
  facet normal  0.000000e+000  9.999999e-001  0.000000e+000
    outer loop
      vertex -5.158628e+001 -1.490000e+002  1.144954e+002
      vertex  4.900421e+000 -1.490000e+002  1.150087e+002
      vertex  4.602578e+000 -1.490000e+002  1.145347e+002
    endloop
  endfacet
  facet normal  0.000000e+000  1.000000e+000  0.000000e+000
    outer loop
      vertex -5.119042e+001 -1.490000e+002  3.200872e+001
      vertex  4.900421e+000 -1.490000e+002  3.189128e+001
      vertex -5.089258e+001 -1.490000e+002  3.153471e+001
    endloop
  endfacet
  facet normal  -0.000000e+000  1.000000e+000  0.000000e+000
    outer loop
      vertex -5.089258e+001 -1.490000e+002  3.153471e+001
      vertex  4.900421e+000 -1.490000e+002  3.189128e+001
      vertex  5.296276e+000 -1.490000e+002  3.149542e+001
    endloop
  endfacet
  facet normal  0.000000e+000  9.999999e-001  0.000000e+000
    outer loop
      vertex -5.089258e+001 -1.490000e+002  3.153471e+001
      vertex  5.296276e+000 -1.490000e+002  3.149542e+001
      vertex -5.070768e+001 -1.490000e+002  3.100630e+001
    endloop
  endfacet
  facet normal  0.000000e+000  1.000000e+000  0.000000e+000
    outer loop
      vertex -5.070768e+001 -1.490000e+002  3.100630e+001
      vertex  5.296276e+000 -1.490000e+002  3.149542e+001
      vertex  5.770291e+000 -1.490000e+002  3.119758e+001
    endloop
  endfacet
  facet normal  0.000000e+000  1.000000e+000  0.000000e+000
    outer loop
      vertex -5.070768e+001 -1.490000e+002  3.100630e+001
      vertex  5.770291e+000 -1.490000e+002  3.119758e+001
      vertex  6.298697e+000 -1.490000e+002  3.101268e+001
    endloop
  endfacet
  facet normal  0.000000e+000  1.000000e+000  0.000000e+000
    outer loop
      vertex  1.100000e+002 -1.450000e+002  1.670000e+002
      vertex -9.200000e+001 -1.450000e+002  1.269000e+002
      vertex -9.200000e+001 -1.450000e+002  1.670000e+002
    endloop
  endfacet
  facet normal  0.000000e+000  1.000000e+000  0.000000e+000
    outer loop
      vertex -9.200000e+001 -1.450000e+002  1.269000e+002
      vertex  1.100000e+002 -1.450000e+002  1.670000e+002
      vertex  9.000000e+001 -1.450000e+002  1.269000e+002
    endloop
  endfacet
  facet normal  -0.000000e+000  1.000000e+000  0.000000e+000
    outer loop
      vertex  9.000000e+001 -1.450000e+002  1.269000e+002
      vertex  1.100000e+002 -1.450000e+002  1.670000e+002
      vertex  1.100000e+002 -1.450000e+002  1.300000e+001
    endloop
  endfacet
  facet normal  0.000000e+000  1.000000e+000  0.000000e+000
    outer loop
      vertex  9.000000e+001 -1.450000e+002  1.269000e+002
      vertex  1.100000e+002 -1.450000e+002  1.300000e+001
      vertex  9.000000e+001 -1.450000e+002  2.000000e+001
    endloop
  endfacet
  facet normal  0.000000e+000  1.000000e+000  0.000000e+000
    outer loop
      vertex  9.000000e+001 -1.450000e+002  2.000000e+001
      vertex  1.100000e+002 -1.450000e+002  1.300000e+001
      vertex -9.200000e+001 -1.450000e+002  1.300000e+001
    endloop
  endfacet
  facet normal  0.000000e+000  1.000000e+000  0.000000e+000
    outer loop
      vertex  9.000000e+001 -1.450000e+002  2.000000e+001
      vertex -9.200000e+001 -1.450000e+002  1.300000e+001
      vertex -9.200000e+001 -1.450000e+002  2.000000e+001
    endloop
  endfacet
  facet normal -7.137647e-001 -7.003855e-001 -2.920962e-004
    outer loop
      vertex  6.195458e+001 -1.384413e+002  0.000000e+000
      vertex  6.197130e+001 -1.384625e+002  1.000000e+001
      vertex  6.157450e+001 -1.380581e+002  1.000000e+001
    endloop
  endfacet
  facet normal -8.467234e-001 -5.320334e-001  2.872783e-004
    outer loop
      vertex  6.197130e+001 -1.384625e+002  1.000000e+001
      vertex  6.195458e+001 -1.384413e+002  0.000000e+000
      vertex  6.225242e+001 -1.389153e+002  0.000000e+000
    endloop
  endfacet
  facet normal -8.531284e-001 -5.217011e-001 -3.606305e-004
    outer loop
      vertex  6.225242e+001 -1.389153e+002  0.000000e+000
      vertex  6.226686e+001 -1.389458e+002  1.000000e+001
      vertex  6.197130e+001 -1.384625e+002  1.000000e+001
    endloop
  endfacet
  facet normal -9.438838e-001 -3.302776e-001  3.545516e-004
    outer loop
      vertex  6.226686e+001 -1.389458e+002  1.000000e+001
      vertex  6.225242e+001 -1.389153e+002  0.000000e+000
      vertex  6.243732e+001 -1.394437e+002  0.000000e+000
    endloop
  endfacet
  facet normal -9.486805e-001 -3.162358e-001 -4.263454e-004
    outer loop
      vertex  6.243732e+001 -1.394437e+002  0.000000e+000
      vertex  6.244601e+001 -1.394832e+002  1.000000e+001
      vertex  6.226686e+001 -1.389458e+002  1.000000e+001
    endloop
  endfacet
  facet normal -9.937124e-001 -1.119623e-001  4.207045e-004
    outer loop
      vertex  6.244601e+001 -1.394832e+002  1.000000e+001
      vertex  6.243732e+001 -1.394437e+002  0.000000e+000
      vertex  6.250000e+001 -1.400000e+002  0.000000e+000
    endloop
  endfacet
  facet normal -9.955237e-001 -9.451038e-002 -4.909107e-004
    outer loop
      vertex  6.250000e+001 -1.400000e+002  0.000000e+000
      vertex  6.249955e+001 -1.400472e+002  1.000000e+001
      vertex  6.244601e+001 -1.394832e+002  1.000000e+001
    endloop
  endfacet
  facet normal -9.937123e-001  1.119623e-001  4.845722e-004
    outer loop
      vertex  6.249955e+001 -1.400472e+002  1.000000e+001
      vertex  6.250000e+001 -1.400000e+002  0.000000e+000
      vertex  6.243732e+001 -1.405563e+002  0.000000e+000
    endloop
  endfacet
  facet normal -9.912413e-001  1.320627e-001 -5.540443e-004
    outer loop
      vertex  6.243732e+001 -1.405563e+002  0.000000e+000
      vertex  6.242474e+001 -1.406088e+002  1.000000e+001
      vertex  6.249955e+001 -1.400472e+002  1.000000e+001
    endloop
  endfacet
  facet normal -9.438837e-001  3.302775e-001  5.462904e-004
    outer loop
      vertex  6.242474e+001 -1.406088e+002  1.000000e+001
      vertex  6.243732e+001 -1.405563e+002  0.000000e+000
      vertex  6.225242e+001 -1.410847e+002  0.000000e+000
    endloop
  endfacet
  facet normal -9.360564e-001  3.518494e-001 -6.152022e-004
    outer loop
      vertex  6.225242e+001 -1.410847e+002  0.000000e+000
      vertex  6.222540e+001 -1.411391e+002  1.000000e+001
      vertex  6.242474e+001 -1.406088e+002  1.000000e+001
    endloop
  endfacet
  facet normal -8.467232e-001  5.320333e-001  6.063285e-004
    outer loop
      vertex  6.222540e+001 -1.411391e+002  1.000000e+001
      vertex  6.225242e+001 -1.410847e+002  0.000000e+000
      vertex  6.195458e+001 -1.415587e+002  0.000000e+000
    endloop
  endfacet
  facet normal -8.327994e-001  5.535746e-001 -6.746711e-004
    outer loop
      vertex  6.195458e+001 -1.415587e+002  0.000000e+000
      vertex  6.191179e+001 -1.416109e+002  1.000000e+001
      vertex  6.222540e+001 -1.411391e+002  1.000000e+001
    endloop
  endfacet
  facet normal -7.070964e-001  7.071168e-001  6.644662e-004
    outer loop
      vertex  6.191179e+001 -1.416109e+002  1.000000e+001
      vertex  6.195458e+001 -1.415587e+002  0.000000e+000
      vertex  6.155872e+001 -1.419546e+002  0.000000e+000
    endloop
  endfacet
  facet normal -4.524288e-001  8.918004e-001 -3.671965e-004
    outer loop
      vertex  6.108471e+001 -1.422524e+002  0.000000e+000
      vertex  6.099982e+001 -1.422914e+002  1.001418e+001
      vertex  6.125832e+001 -1.421602e+002  1.000428e+001
    endloop
  endfacet
  facet normal -3.302674e-001  9.438870e-001  8.708380e-004
    outer loop
      vertex  6.099982e+001 -1.422914e+002  1.001418e+001
      vertex  6.108471e+001 -1.422524e+002  0.000000e+000
      vertex  6.055630e+001 -1.424373e+002  0.000000e+000
    endloop
  endfacet
  facet normal -7.070965e-001 -7.071170e-001  2.192694e-004
    outer loop
      vertex  6.195458e+001 -1.384413e+002  0.000000e+000
      vertex  6.157450e+001 -1.380581e+002  1.000000e+001
      vertex  6.155872e+001 -1.380454e+002  0.000000e+000
    endloop
  endfacet
  facet normal -5.377331e-001 -8.431152e-001 -2.204563e-004
    outer loop
      vertex  6.155872e+001 -1.380454e+002  0.000000e+000
      vertex  6.157450e+001 -1.380581e+002  1.000000e+001
      vertex  6.109686e+001 -1.377535e+002  1.000000e+001
    endloop
  endfacet
  facet normal -5.320432e-001 -8.467173e-001  1.475121e-004
    outer loop
      vertex  6.155872e+001 -1.380454e+002  0.000000e+000
      vertex  6.109686e+001 -1.377535e+002  1.000000e+001
      vertex  6.108471e+001 -1.377476e+002  0.000000e+000
    endloop
  endfacet
  facet normal -3.340892e-001 -9.425415e-001 -1.493622e-004
    outer loop
      vertex  6.108471e+001 -1.377476e+002  0.000000e+000
      vertex  6.109686e+001 -1.377535e+002  1.000000e+001
      vertex  6.056288e+001 -1.375642e+002  1.000000e+001
    endloop
  endfacet
  facet normal -3.302676e-001 -9.438874e-001  7.474219e-005
    outer loop
      vertex  6.108471e+001 -1.377476e+002  0.000000e+000
      vertex  6.056288e+001 -1.375642e+002  1.000000e+001
      vertex  6.055630e+001 -1.375627e+002  0.000000e+000
    endloop
  endfacet
  facet normal -1.133103e-001 -9.935597e-001 -7.552691e-005
    outer loop
      vertex  6.055630e+001 -1.375627e+002  0.000000e+000
      vertex  6.056288e+001 -1.375642e+002  1.000000e+001
      vertex  6.000000e+001 -1.375000e+002  1.000000e+001
    endloop
  endfacet
  facet normal -1.119698e-001 -9.937116e-001  -0.000000e+000
    outer loop
      vertex  6.055630e+001 -1.375627e+002  0.000000e+000
      vertex  6.000000e+001 -1.375000e+002  1.000000e+001
      vertex  6.000000e+001 -1.375000e+002  0.000000e+000
    endloop
  endfacet
  facet normal -6.867839e-001  7.268613e-001 -7.312344e-004
    outer loop
      vertex  6.191179e+001 -1.416109e+002  1.000000e+001
      vertex  6.155872e+001 -1.419546e+002  0.000000e+000
      vertex  6.150000e+001 -1.420000e+002  1.000000e+001
    endloop
  endfacet
  facet normal -5.320430e-001  8.467171e-001  7.219071e-004
    outer loop
      vertex  6.150000e+001 -1.420000e+002  1.000000e+001
      vertex  6.155872e+001 -1.419546e+002  0.000000e+000
      vertex  6.108471e+001 -1.422524e+002  0.000000e+000
    endloop
  endfacet
  facet normal -5.525489e-001  8.334784e-001  1.907673e-003
    outer loop
      vertex  6.150000e+001 -1.420000e+002  1.000000e+001
      vertex  6.108471e+001 -1.422524e+002  0.000000e+000
      vertex  6.125832e+001 -1.421602e+002  1.000428e+001
    endloop
  endfacet
  facet normal -3.037297e-001  9.527581e-001 -4.338003e-004
    outer loop
      vertex  6.099982e+001 -1.422914e+002  1.001418e+001
      vertex  6.055630e+001 -1.424373e+002  0.000000e+000
      vertex  6.051081e+001 -1.424473e+002  1.003352e+001
    endloop
  endfacet
  facet normal -1.119698e-001  9.937115e-001  4.761507e-004
    outer loop
      vertex  6.051081e+001 -1.424473e+002  1.003352e+001
      vertex  6.055630e+001 -1.424373e+002  0.000000e+000
      vertex  6.000000e+001 -1.425000e+002  0.000000e+000
    endloop
  endfacet
  facet normal -1.027202e-001  9.947103e-001  0.000000e+000
    outer loop
      vertex  6.051081e+001 -1.424473e+002  1.003352e+001
      vertex  6.000000e+001 -1.425000e+002  0.000000e+000
      vertex  6.000000e+001 -1.425000e+002  1.004196e+001
    endloop
  endfacet
  facet normal  3.302672e-001  9.438865e-001  1.396261e-003
    outer loop
      vertex  5.926251e+001 -1.423887e+002  1.002529e+001
      vertex  5.944370e+001 -1.424373e+002  0.000000e+000
      vertex  5.891529e+001 -1.422524e+002  0.000000e+000
    endloop
  endfacet
  facet normal  3.760108e-001  9.266152e-001 -4.228787e-004
    outer loop
      vertex  5.891529e+001 -1.422524e+002  0.000000e+000
      vertex  5.886454e+001 -1.422273e+002  1.000862e+001
      vertex  5.926251e+001 -1.423887e+002  1.002529e+001
    endloop
  endfacet
  facet normal  7.070964e-001  7.071168e-001  6.644662e-004
    outer loop
      vertex  5.804542e+001 -1.415587e+002  0.000000e+000
      vertex  5.808821e+001 -1.416109e+002  1.000000e+001
      vertex  5.844128e+001 -1.419546e+002  0.000000e+000
    endloop
  endfacet
  facet normal  8.327994e-001  5.535746e-001 -6.746711e-004
    outer loop
      vertex  5.777460e+001 -1.411391e+002  1.000000e+001
      vertex  5.808821e+001 -1.416109e+002  1.000000e+001
      vertex  5.804542e+001 -1.415587e+002  0.000000e+000
    endloop
  endfacet
  facet normal  8.467232e-001  5.320333e-001  6.063285e-004
    outer loop
      vertex  5.774758e+001 -1.410847e+002  0.000000e+000
      vertex  5.777460e+001 -1.411391e+002  1.000000e+001
      vertex  5.804542e+001 -1.415587e+002  0.000000e+000
    endloop
  endfacet
  facet normal  9.360564e-001  3.518494e-001 -6.152022e-004
    outer loop
      vertex  5.757526e+001 -1.406088e+002  1.000000e+001
      vertex  5.777460e+001 -1.411391e+002  1.000000e+001
      vertex  5.774758e+001 -1.410847e+002  0.000000e+000
    endloop
  endfacet
  facet normal  9.438837e-001  3.302775e-001  5.462904e-004
    outer loop
      vertex  5.756268e+001 -1.405563e+002  0.000000e+000
      vertex  5.757526e+001 -1.406088e+002  1.000000e+001
      vertex  5.774758e+001 -1.410847e+002  0.000000e+000
    endloop
  endfacet
  facet normal  9.912413e-001  1.320627e-001 -5.540443e-004
    outer loop
      vertex  5.750045e+001 -1.400472e+002  1.000000e+001
      vertex  5.757526e+001 -1.406088e+002  1.000000e+001
      vertex  5.756268e+001 -1.405563e+002  0.000000e+000
    endloop
  endfacet
  facet normal  9.937123e-001  1.119623e-001  4.845722e-004
    outer loop
      vertex  5.750000e+001 -1.400000e+002  0.000000e+000
      vertex  5.750045e+001 -1.400472e+002  1.000000e+001
      vertex  5.756268e+001 -1.405563e+002  0.000000e+000
    endloop
  endfacet
  facet normal  9.955237e-001 -9.451038e-002 -4.909107e-004
    outer loop
      vertex  5.755399e+001 -1.394832e+002  1.000000e+001
      vertex  5.750045e+001 -1.400472e+002  1.000000e+001
      vertex  5.750000e+001 -1.400000e+002  0.000000e+000
    endloop
  endfacet
  facet normal  9.937124e-001 -1.119623e-001  4.207045e-004
    outer loop
      vertex  5.756268e+001 -1.394437e+002  0.000000e+000
      vertex  5.755399e+001 -1.394832e+002  1.000000e+001
      vertex  5.750000e+001 -1.400000e+002  0.000000e+000
    endloop
  endfacet
  facet normal  9.486805e-001 -3.162358e-001 -4.263454e-004
    outer loop
      vertex  5.773314e+001 -1.389458e+002  1.000000e+001
      vertex  5.755399e+001 -1.394832e+002  1.000000e+001
      vertex  5.756268e+001 -1.394437e+002  0.000000e+000
    endloop
  endfacet
  facet normal  9.438838e-001 -3.302776e-001  3.545516e-004
    outer loop
      vertex  5.774758e+001 -1.389153e+002  0.000000e+000
      vertex  5.773314e+001 -1.389458e+002  1.000000e+001
      vertex  5.756268e+001 -1.394437e+002  0.000000e+000
    endloop
  endfacet
  facet normal  8.531284e-001 -5.217011e-001 -3.606305e-004
    outer loop
      vertex  5.802870e+001 -1.384625e+002  1.000000e+001
      vertex  5.773314e+001 -1.389458e+002  1.000000e+001
      vertex  5.774758e+001 -1.389153e+002  0.000000e+000
    endloop
  endfacet
  facet normal  8.467234e-001 -5.320334e-001  2.872784e-004
    outer loop
      vertex  5.804542e+001 -1.384413e+002  0.000000e+000
      vertex  5.802870e+001 -1.384625e+002  1.000000e+001
      vertex  5.774758e+001 -1.389153e+002  0.000000e+000
    endloop
  endfacet
  facet normal  7.137647e-001 -7.003855e-001 -2.920962e-004
    outer loop
      vertex  5.842550e+001 -1.380581e+002  1.000000e+001
      vertex  5.802870e+001 -1.384625e+002  1.000000e+001
      vertex  5.804542e+001 -1.384413e+002  0.000000e+000
    endloop
  endfacet
  facet normal  2.118592e-001  9.772997e-001 -9.056432e-004
    outer loop
      vertex  5.926251e+001 -1.423887e+002  1.002529e+001
      vertex  5.968222e+001 -1.424797e+002  1.003860e+001
      vertex  5.944370e+001 -1.424373e+002  0.000000e+000
    endloop
  endfacet
  facet normal  6.365629e-002  9.979683e-001  2.703028e-003
    outer loop
      vertex  5.944370e+001 -1.424373e+002  0.000000e+000
      vertex  5.968222e+001 -1.424797e+002  1.003860e+001
      vertex  6.000000e+001 -1.425000e+002  1.004196e+001
    endloop
  endfacet
  facet normal  1.119698e-001  9.937116e-001  0.000000e+000
    outer loop
      vertex  5.944370e+001 -1.424373e+002  0.000000e+000
      vertex  6.000000e+001 -1.425000e+002  1.004196e+001
      vertex  6.000000e+001 -1.425000e+002  0.000000e+000
    endloop
  endfacet
  facet normal  6.867839e-001  7.268613e-001 -7.312344e-004
    outer loop
      vertex  5.808821e+001 -1.416109e+002  1.000000e+001
      vertex  5.850000e+001 -1.420000e+002  1.000000e+001
      vertex  5.844128e+001 -1.419546e+002  0.000000e+000
    endloop
  endfacet
  facet normal  5.290263e-001  8.486051e-001  7.481990e-004
    outer loop
      vertex  5.844128e+001 -1.419546e+002  0.000000e+000
      vertex  5.850000e+001 -1.420000e+002  1.000000e+001
      vertex  5.886454e+001 -1.422273e+002  1.000862e+001
    endloop
  endfacet
  facet normal  5.320430e-001  8.467171e-001  5.691789e-004
    outer loop
      vertex  5.844128e+001 -1.419546e+002  0.000000e+000
      vertex  5.886454e+001 -1.422273e+002  1.000862e+001
      vertex  5.891529e+001 -1.422524e+002  0.000000e+000
    endloop
  endfacet
  facet normal  7.070965e-001 -7.071170e-001  2.192694e-004
    outer loop
      vertex  5.804542e+001 -1.384413e+002  0.000000e+000
      vertex  5.844128e+001 -1.380454e+002  0.000000e+000
      vertex  5.842550e+001 -1.380581e+002  1.000000e+001
    endloop
  endfacet
  facet normal  5.320432e-001 -8.467173e-001 -2.340033e-004
    outer loop
      vertex  5.842550e+001 -1.380581e+002  1.000000e+001
      vertex  5.844128e+001 -1.380454e+002  0.000000e+000
      vertex  5.891529e+001 -1.377476e+002  0.000000e+000
    endloop
  endfacet
  facet normal  5.377331e-001 -8.431152e-001  1.565447e-004
    outer loop
      vertex  5.842550e+001 -1.380581e+002  1.000000e+001
      vertex  5.891529e+001 -1.377476e+002  0.000000e+000
      vertex  5.890314e+001 -1.377535e+002  1.000000e+001
    endloop
  endfacet
  facet normal  3.302676e-001 -9.438874e-001 -1.547967e-004
    outer loop
      vertex  5.890314e+001 -1.377535e+002  1.000000e+001
      vertex  5.891529e+001 -1.377476e+002  0.000000e+000
      vertex  5.944370e+001 -1.375627e+002  0.000000e+000
    endloop
  endfacet
  facet normal  3.340892e-001 -9.425415e-001  7.746028e-005
    outer loop
      vertex  5.890314e+001 -1.377535e+002  1.000000e+001
      vertex  5.944370e+001 -1.375627e+002  0.000000e+000
      vertex  5.943712e+001 -1.375642e+002  1.000000e+001
    endloop
  endfacet
  facet normal  1.119698e-001 -9.937116e-001 -7.643199e-005
    outer loop
      vertex  5.943712e+001 -1.375642e+002  1.000000e+001
      vertex  5.944370e+001 -1.375627e+002  0.000000e+000
      vertex  6.000000e+001 -1.375000e+002  0.000000e+000
    endloop
  endfacet
  facet normal  1.133103e-001 -9.935597e-001  0.000000e+000
    outer loop
      vertex  5.943712e+001 -1.375642e+002  1.000000e+001
      vertex  6.000000e+001 -1.375000e+002  0.000000e+000
      vertex  6.000000e+001 -1.375000e+002  1.000000e+001
    endloop
  endfacet
  facet normal -7.137647e-001 -7.003855e-001 -2.921643e-004
    outer loop
      vertex  1.195458e+001 -1.384413e+002  0.000000e+000
      vertex  1.197130e+001 -1.384625e+002  1.000000e+001
      vertex  1.157450e+001 -1.380581e+002  1.000000e+001
    endloop
  endfacet
  facet normal -8.467234e-001 -5.320334e-001  2.871976e-004
    outer loop
      vertex  1.197130e+001 -1.384625e+002  1.000000e+001
      vertex  1.195458e+001 -1.384413e+002  0.000000e+000
      vertex  1.225242e+001 -1.389153e+002  0.000000e+000
    endloop
  endfacet
  facet normal -8.531260e-001 -5.217048e-001 -3.604823e-004
    outer loop
      vertex  1.225242e+001 -1.389153e+002  0.000000e+000
      vertex  1.226686e+001 -1.389458e+002  1.000000e+001
      vertex  1.197130e+001 -1.384625e+002  1.000000e+001
    endloop
  endfacet
  facet normal -9.438844e-001 -3.302760e-001  3.547370e-004
    outer loop
      vertex  1.226686e+001 -1.389458e+002  1.000000e+001
      vertex  1.225242e+001 -1.389153e+002  0.000000e+000
      vertex  1.243732e+001 -1.394437e+002  0.000000e+000
    endloop
  endfacet
  facet normal -9.486815e-001 -3.162328e-001 -4.262420e-004
    outer loop
      vertex  1.243732e+001 -1.394437e+002  0.000000e+000
      vertex  1.244601e+001 -1.394832e+002  1.000000e+001
      vertex  1.226686e+001 -1.389458e+002  1.000000e+001
    endloop
  endfacet
  facet normal -9.937122e-001 -1.119640e-001  4.207924e-004
    outer loop
      vertex  1.244601e+001 -1.394832e+002  1.000000e+001
      vertex  1.243732e+001 -1.394437e+002  0.000000e+000
      vertex  1.250000e+001 -1.400000e+002  0.000000e+000
    endloop
  endfacet
  facet normal -9.955237e-001 -9.451038e-002 -4.909107e-004
    outer loop
      vertex  1.250000e+001 -1.400000e+002  0.000000e+000
      vertex  1.249955e+001 -1.400472e+002  1.000000e+001
      vertex  1.244601e+001 -1.394832e+002  1.000000e+001
    endloop
  endfacet
  facet normal -9.937121e-001  1.119640e-001  4.845802e-004
    outer loop
      vertex  1.249955e+001 -1.400472e+002  1.000000e+001
      vertex  1.250000e+001 -1.400000e+002  0.000000e+000
      vertex  1.243732e+001 -1.405563e+002  0.000000e+000
    endloop
  endfacet
  facet normal -9.912414e-001  1.320610e-001 -5.538642e-004
    outer loop
      vertex  1.243732e+001 -1.405563e+002  0.000000e+000
      vertex  1.242474e+001 -1.406088e+002  1.000000e+001
      vertex  1.249955e+001 -1.400472e+002  1.000000e+001
    endloop
  endfacet
  facet normal -9.438842e-001  3.302760e-001  5.464618e-004
    outer loop
      vertex  1.242474e+001 -1.406088e+002  1.000000e+001
      vertex  1.243732e+001 -1.405563e+002  0.000000e+000
      vertex  1.225242e+001 -1.410847e+002  0.000000e+000
    endloop
  endfacet
  facet normal -9.360564e-001  3.518494e-001 -6.151129e-004
    outer loop
      vertex  1.225242e+001 -1.410847e+002  0.000000e+000
      vertex  1.222540e+001 -1.411391e+002  1.000000e+001
      vertex  1.242474e+001 -1.406088e+002  1.000000e+001
    endloop
  endfacet
  facet normal -8.467232e-001  5.320333e-001  6.064092e-004
    outer loop
      vertex  1.222540e+001 -1.411391e+002  1.000000e+001
      vertex  1.225242e+001 -1.410847e+002  0.000000e+000
      vertex  1.195458e+001 -1.415587e+002  0.000000e+000
    endloop
  endfacet
  facet normal -8.327994e-001  5.535746e-001 -6.745919e-004
    outer loop
      vertex  1.195458e+001 -1.415587e+002  0.000000e+000
      vertex  1.191179e+001 -1.416109e+002  1.000000e+001
      vertex  1.222540e+001 -1.411391e+002  1.000000e+001
    endloop
  endfacet
  facet normal -7.070972e-001  7.071159e-001  6.645255e-004
    outer loop
      vertex  1.191179e+001 -1.416109e+002  1.000000e+001
      vertex  1.195458e+001 -1.415587e+002  0.000000e+000
      vertex  1.155872e+001 -1.419546e+002  0.000000e+000
    endloop
  endfacet
  facet normal -4.524275e-001  8.918012e-001 -3.671392e-004
    outer loop
      vertex  1.108471e+001 -1.422524e+002  0.000000e+000
      vertex  1.099983e+001 -1.422914e+002  1.001418e+001
      vertex  1.125832e+001 -1.421602e+002  1.000428e+001
    endloop
  endfacet
  facet normal -3.302680e-001  9.438868e-001  8.708643e-004
    outer loop
      vertex  1.099983e+001 -1.422914e+002  1.001418e+001
      vertex  1.108471e+001 -1.422524e+002  0.000000e+000
      vertex  1.055630e+001 -1.424373e+002  0.000000e+000
    endloop
  endfacet
  facet normal -7.070974e-001 -7.071161e-001  2.191369e-004
    outer loop
      vertex  1.195458e+001 -1.384413e+002  0.000000e+000
      vertex  1.157450e+001 -1.380581e+002  1.000000e+001
      vertex  1.155872e+001 -1.380454e+002  0.000000e+000
    endloop
  endfacet
  facet normal -5.377339e-001 -8.431147e-001 -2.205570e-004
    outer loop
      vertex  1.155872e+001 -1.380454e+002  0.000000e+000
      vertex  1.157450e+001 -1.380581e+002  1.000000e+001
      vertex  1.109686e+001 -1.377535e+002  1.000000e+001
    endloop
  endfacet
  facet normal -5.320424e-001 -8.467177e-001  1.475108e-004
    outer loop
      vertex  1.155872e+001 -1.380454e+002  0.000000e+000
      vertex  1.109686e+001 -1.377535e+002  1.000000e+001
      vertex  1.108471e+001 -1.377476e+002  0.000000e+000
    endloop
  endfacet
  facet normal -3.340887e-001 -9.425417e-001 -1.493629e-004
    outer loop
      vertex  1.108471e+001 -1.377476e+002  0.000000e+000
      vertex  1.109686e+001 -1.377535e+002  1.000000e+001
      vertex  1.056288e+001 -1.375642e+002  1.000000e+001
    endloop
  endfacet
  facet normal -3.302681e-001 -9.438872e-001  7.467956e-005
    outer loop
      vertex  1.108471e+001 -1.377476e+002  0.000000e+000
      vertex  1.056288e+001 -1.375642e+002  1.000000e+001
      vertex  1.055630e+001 -1.375627e+002  0.000000e+000
    endloop
  endfacet
  facet normal -1.133105e-001 -9.935597e-001 -7.554840e-005
    outer loop
      vertex  1.055630e+001 -1.375627e+002  0.000000e+000
      vertex  1.056288e+001 -1.375642e+002  1.000000e+001
      vertex  1.000000e+001 -1.375000e+002  1.000000e+001
    endloop
  endfacet
  facet normal -1.119696e-001 -9.937116e-001  -0.000000e+000
    outer loop
      vertex  1.055630e+001 -1.375627e+002  0.000000e+000
      vertex  1.000000e+001 -1.375000e+002  1.000000e+001
      vertex  1.000000e+001 -1.375000e+002  0.000000e+000
    endloop
  endfacet
  facet normal -6.867830e-001  7.268621e-001 -7.312914e-004
    outer loop
      vertex  1.191179e+001 -1.416109e+002  1.000000e+001
      vertex  1.155872e+001 -1.419546e+002  0.000000e+000
      vertex  1.150000e+001 -1.420000e+002  1.000000e+001
    endloop
  endfacet
  facet normal -5.320423e-001  8.467175e-001  7.218631e-004
    outer loop
      vertex  1.150000e+001 -1.420000e+002  1.000000e+001
      vertex  1.155872e+001 -1.419546e+002  0.000000e+000
      vertex  1.108471e+001 -1.422524e+002  0.000000e+000
    endloop
  endfacet
  facet normal -5.525519e-001  8.334764e-001  1.907849e-003
    outer loop
      vertex  1.150000e+001 -1.420000e+002  1.000000e+001
      vertex  1.108471e+001 -1.422524e+002  0.000000e+000
      vertex  1.125832e+001 -1.421602e+002  1.000428e+001
    endloop
  endfacet
  facet normal -3.037297e-001  9.527581e-001 -4.338003e-004
    outer loop
      vertex  1.099983e+001 -1.422914e+002  1.001418e+001
      vertex  1.055630e+001 -1.424373e+002  0.000000e+000
      vertex  1.051081e+001 -1.424473e+002  1.003352e+001
    endloop
  endfacet
  facet normal -1.119696e-001  9.937116e-001  4.761516e-004
    outer loop
      vertex  1.051081e+001 -1.424473e+002  1.003352e+001
      vertex  1.055630e+001 -1.424373e+002  0.000000e+000
      vertex  1.000000e+001 -1.425000e+002  0.000000e+000
    endloop
  endfacet
  facet normal -1.027200e-001  9.947103e-001  0.000000e+000
    outer loop
      vertex  1.051081e+001 -1.424473e+002  1.003352e+001
      vertex  1.000000e+001 -1.425000e+002  0.000000e+000
      vertex  1.000000e+001 -1.425000e+002  1.004196e+001
    endloop
  endfacet
  facet normal  3.302678e-001  9.438863e-001  1.396240e-003
    outer loop
      vertex  9.262508e+000 -1.423887e+002  1.002529e+001
      vertex  9.443698e+000 -1.424373e+002  0.000000e+000
      vertex  8.915291e+000 -1.422524e+002  0.000000e+000
    endloop
  endfacet
  facet normal  3.760108e-001  9.266152e-001 -4.228787e-004
    outer loop
      vertex  8.915291e+000 -1.422524e+002  0.000000e+000
      vertex  8.864540e+000 -1.422273e+002  1.000862e+001
      vertex  9.262508e+000 -1.423887e+002  1.002529e+001
    endloop
  endfacet
  facet normal  7.070972e-001  7.071159e-001  6.645255e-004
    outer loop
      vertex  8.045422e+000 -1.415587e+002  0.000000e+000
      vertex  8.088210e+000 -1.416109e+002  1.000000e+001
      vertex  8.441276e+000 -1.419546e+002  0.000000e+000
    endloop
  endfacet
  facet normal  8.327994e-001  5.535746e-001 -6.745919e-004
    outer loop
      vertex  7.774596e+000 -1.411391e+002  1.000000e+001
      vertex  8.088210e+000 -1.416109e+002  1.000000e+001
      vertex  8.045422e+000 -1.415587e+002  0.000000e+000
    endloop
  endfacet
  facet normal  8.467232e-001  5.320333e-001  6.064092e-004
    outer loop
      vertex  7.747578e+000 -1.410847e+002  0.000000e+000
      vertex  7.774596e+000 -1.411391e+002  1.000000e+001
      vertex  8.045422e+000 -1.415587e+002  0.000000e+000
    endloop
  endfacet
  facet normal  9.360562e-001  3.518501e-001 -6.151082e-004
    outer loop
      vertex  7.575263e+000 -1.406088e+002  1.000000e+001
      vertex  7.774596e+000 -1.411391e+002  1.000000e+001
      vertex  7.747578e+000 -1.410847e+002  0.000000e+000
    endloop
  endfacet
  facet normal  9.438842e-001  3.302760e-001  5.465068e-004
    outer loop
      vertex  7.562680e+000 -1.405563e+002  0.000000e+000
      vertex  7.575263e+000 -1.406088e+002  1.000000e+001
      vertex  7.747578e+000 -1.410847e+002  0.000000e+000
    endloop
  endfacet
  facet normal  9.912415e-001  1.320602e-001 -5.538214e-004
    outer loop
      vertex  7.500446e+000 -1.400472e+002  1.000000e+001
      vertex  7.575263e+000 -1.406088e+002  1.000000e+001
      vertex  7.562680e+000 -1.405563e+002  0.000000e+000
    endloop
  endfacet
  facet normal  9.937121e-001  1.119640e-001  4.845802e-004
    outer loop
      vertex  7.500000e+000 -1.400000e+002  0.000000e+000
      vertex  7.500446e+000 -1.400472e+002  1.000000e+001
      vertex  7.562680e+000 -1.405563e+002  0.000000e+000
    endloop
  endfacet
  facet normal  9.955239e-001 -9.450956e-002 -4.909068e-004
    outer loop
      vertex  7.553989e+000 -1.394832e+002  1.000000e+001
      vertex  7.500446e+000 -1.400472e+002  1.000000e+001
      vertex  7.500000e+000 -1.400000e+002  0.000000e+000
    endloop
  endfacet
  facet normal  9.937122e-001 -1.119640e-001  4.208398e-004
    outer loop
      vertex  7.562680e+000 -1.394437e+002  0.000000e+000
      vertex  7.553989e+000 -1.394832e+002  1.000000e+001
      vertex  7.500000e+000 -1.400000e+002  0.000000e+000
    endloop
  endfacet
  facet normal  9.486810e-001 -3.162343e-001 -4.262032e-004
    outer loop
      vertex  7.733141e+000 -1.389458e+002  1.000000e+001
      vertex  7.553989e+000 -1.394832e+002  1.000000e+001
      vertex  7.562680e+000 -1.394437e+002  0.000000e+000
    endloop
  endfacet
  facet normal  9.438844e-001 -3.302760e-001  3.546921e-004
    outer loop
      vertex  7.747578e+000 -1.389153e+002  0.000000e+000
      vertex  7.733141e+000 -1.389458e+002  1.000000e+001
      vertex  7.562680e+000 -1.394437e+002  0.000000e+000
    endloop
  endfacet
  facet normal  8.531264e-001 -5.217041e-001 -3.605205e-004
    outer loop
      vertex  8.028703e+000 -1.384625e+002  1.000000e+001
      vertex  7.733141e+000 -1.389458e+002  1.000000e+001
      vertex  7.747578e+000 -1.389153e+002  0.000000e+000
    endloop
  endfacet
  facet normal  8.467234e-001 -5.320334e-001  2.871976e-004
    outer loop
      vertex  8.045422e+000 -1.384413e+002  0.000000e+000
      vertex  8.028703e+000 -1.384625e+002  1.000000e+001
      vertex  7.747578e+000 -1.389153e+002  0.000000e+000
    endloop
  endfacet
  facet normal  7.137647e-001 -7.003855e-001 -2.921643e-004
    outer loop
      vertex  8.425496e+000 -1.380581e+002  1.000000e+001
      vertex  8.028703e+000 -1.384625e+002  1.000000e+001
      vertex  8.045422e+000 -1.384413e+002  0.000000e+000
    endloop
  endfacet
  facet normal  2.118592e-001  9.772997e-001 -9.056631e-004
    outer loop
      vertex  9.262508e+000 -1.423887e+002  1.002529e+001
      vertex  9.682220e+000 -1.424797e+002  1.003860e+001
      vertex  9.443698e+000 -1.424373e+002  0.000000e+000
    endloop
  endfacet
  facet normal  6.365629e-002  9.979683e-001  2.703022e-003
    outer loop
      vertex  9.443698e+000 -1.424373e+002  0.000000e+000
      vertex  9.682220e+000 -1.424797e+002  1.003860e+001
      vertex  1.000000e+001 -1.425000e+002  1.004196e+001
    endloop
  endfacet
  facet normal  1.119696e-001  9.937117e-001  0.000000e+000
    outer loop
      vertex  9.443698e+000 -1.424373e+002  0.000000e+000
      vertex  1.000000e+001 -1.425000e+002  1.004196e+001
      vertex  1.000000e+001 -1.425000e+002  0.000000e+000
    endloop
  endfacet
  facet normal  6.867830e-001  7.268621e-001 -7.312910e-004
    outer loop
      vertex  8.088210e+000 -1.416109e+002  1.000000e+001
      vertex  8.500000e+000 -1.420000e+002  1.000000e+001
      vertex  8.441276e+000 -1.419546e+002  0.000000e+000
    endloop
  endfacet
  facet normal  5.290263e-001  8.486051e-001  7.481487e-004
    outer loop
      vertex  8.441276e+000 -1.419546e+002  0.000000e+000
      vertex  8.500000e+000 -1.420000e+002  1.000000e+001
      vertex  8.864540e+000 -1.422273e+002  1.000862e+001
    endloop
  endfacet
  facet normal  5.320423e-001  8.467176e-001  5.691738e-004
    outer loop
      vertex  8.441276e+000 -1.419546e+002  0.000000e+000
      vertex  8.864540e+000 -1.422273e+002  1.000862e+001
      vertex  8.915291e+000 -1.422524e+002  0.000000e+000
    endloop
  endfacet
  facet normal  7.070974e-001 -7.071161e-001  2.191369e-004
    outer loop
      vertex  8.045422e+000 -1.384413e+002  0.000000e+000
      vertex  8.441276e+000 -1.380454e+002  0.000000e+000
      vertex  8.425496e+000 -1.380581e+002  1.000000e+001
    endloop
  endfacet
  facet normal  5.320424e-001 -8.467177e-001 -2.341066e-004
    outer loop
      vertex  8.425496e+000 -1.380581e+002  1.000000e+001
      vertex  8.441276e+000 -1.380454e+002  0.000000e+000
      vertex  8.915291e+000 -1.377476e+002  0.000000e+000
    endloop
  endfacet
  facet normal  5.377339e-001 -8.431147e-001  1.565459e-004
    outer loop
      vertex  8.425496e+000 -1.380581e+002  1.000000e+001
      vertex  8.915291e+000 -1.377476e+002  0.000000e+000
      vertex  8.903145e+000 -1.377535e+002  1.000000e+001
    endloop
  endfacet
  facet normal  3.302681e-001 -9.438872e-001 -1.547959e-004
    outer loop
      vertex  8.903145e+000 -1.377535e+002  1.000000e+001
      vertex  8.915291e+000 -1.377476e+002  0.000000e+000
      vertex  9.443698e+000 -1.375627e+002  0.000000e+000
    endloop
  endfacet
  facet normal  3.340887e-001 -9.425417e-001  7.739618e-005
    outer loop
      vertex  8.903145e+000 -1.377535e+002  1.000000e+001
      vertex  9.443698e+000 -1.375627e+002  0.000000e+000
      vertex  9.437119e+000 -1.375642e+002  1.000000e+001
    endloop
  endfacet
  facet normal  1.119696e-001 -9.937116e-001 -7.645347e-005
    outer loop
      vertex  9.437119e+000 -1.375642e+002  1.000000e+001
      vertex  9.443698e+000 -1.375627e+002  0.000000e+000
      vertex  1.000000e+001 -1.375000e+002  0.000000e+000
    endloop
  endfacet
  facet normal  1.133105e-001 -9.935597e-001  0.000000e+000
    outer loop
      vertex  9.437119e+000 -1.375642e+002  1.000000e+001
      vertex  1.000000e+001 -1.375000e+002  0.000000e+000
      vertex  1.000000e+001 -1.375000e+002  1.000000e+001
    endloop
  endfacet
  facet normal -7.137647e-001 -7.003855e-001 -2.920962e-004
    outer loop
      vertex -3.804542e+001 -1.384413e+002  0.000000e+000
      vertex -3.802870e+001 -1.384625e+002  1.000000e+001
      vertex -3.842550e+001 -1.380581e+002  1.000000e+001
    endloop
  endfacet
  facet normal -8.467234e-001 -5.320334e-001  2.872783e-004
    outer loop
      vertex -3.802870e+001 -1.384625e+002  1.000000e+001
      vertex -3.804542e+001 -1.384413e+002  0.000000e+000
      vertex -3.774758e+001 -1.389153e+002  0.000000e+000
    endloop
  endfacet
  facet normal -8.531284e-001 -5.217011e-001 -3.606305e-004
    outer loop
      vertex -3.774758e+001 -1.389153e+002  0.000000e+000
      vertex -3.773314e+001 -1.389458e+002  1.000000e+001
      vertex -3.802870e+001 -1.384625e+002  1.000000e+001
    endloop
  endfacet
  facet normal -9.438838e-001 -3.302776e-001  3.545516e-004
    outer loop
      vertex -3.773314e+001 -1.389458e+002  1.000000e+001
      vertex -3.774758e+001 -1.389153e+002  0.000000e+000
      vertex -3.756268e+001 -1.394437e+002  0.000000e+000
    endloop
  endfacet
  facet normal -9.486805e-001 -3.162358e-001 -4.263454e-004
    outer loop
      vertex -3.756268e+001 -1.394437e+002  0.000000e+000
      vertex -3.755399e+001 -1.394832e+002  1.000000e+001
      vertex -3.773314e+001 -1.389458e+002  1.000000e+001
    endloop
  endfacet
  facet normal -9.937124e-001 -1.119623e-001  4.207045e-004
    outer loop
      vertex -3.755399e+001 -1.394832e+002  1.000000e+001
      vertex -3.756268e+001 -1.394437e+002  0.000000e+000
      vertex -3.750000e+001 -1.400000e+002  0.000000e+000
    endloop
  endfacet
  facet normal -9.955237e-001 -9.451038e-002 -4.909107e-004
    outer loop
      vertex -3.750000e+001 -1.400000e+002  0.000000e+000
      vertex -3.750045e+001 -1.400472e+002  1.000000e+001
      vertex -3.755399e+001 -1.394832e+002  1.000000e+001
    endloop
  endfacet
  facet normal -9.937123e-001  1.119623e-001  4.845722e-004
    outer loop
      vertex -3.750045e+001 -1.400472e+002  1.000000e+001
      vertex -3.750000e+001 -1.400000e+002  0.000000e+000
      vertex -3.756268e+001 -1.405563e+002  0.000000e+000
    endloop
  endfacet
  facet normal -9.912413e-001  1.320627e-001 -5.540443e-004
    outer loop
      vertex -3.756268e+001 -1.405563e+002  0.000000e+000
      vertex -3.757526e+001 -1.406088e+002  1.000000e+001
      vertex -3.750045e+001 -1.400472e+002  1.000000e+001
    endloop
  endfacet
  facet normal -9.438837e-001  3.302775e-001  5.462904e-004
    outer loop
      vertex -3.757526e+001 -1.406088e+002  1.000000e+001
      vertex -3.756268e+001 -1.405563e+002  0.000000e+000
      vertex -3.774758e+001 -1.410847e+002  0.000000e+000
    endloop
  endfacet
  facet normal -9.360564e-001  3.518494e-001 -6.152022e-004
    outer loop
      vertex -3.774758e+001 -1.410847e+002  0.000000e+000
      vertex -3.777460e+001 -1.411391e+002  1.000000e+001
      vertex -3.757526e+001 -1.406088e+002  1.000000e+001
    endloop
  endfacet
  facet normal -8.467232e-001  5.320333e-001  6.063285e-004
    outer loop
      vertex -3.777460e+001 -1.411391e+002  1.000000e+001
      vertex -3.774758e+001 -1.410847e+002  0.000000e+000
      vertex -3.804542e+001 -1.415587e+002  0.000000e+000
    endloop
  endfacet
  facet normal -8.327994e-001  5.535746e-001 -6.746711e-004
    outer loop
      vertex -3.804542e+001 -1.415587e+002  0.000000e+000
      vertex -3.808821e+001 -1.416109e+002  1.000000e+001
      vertex -3.777460e+001 -1.411391e+002  1.000000e+001
    endloop
  endfacet
  facet normal -7.070964e-001  7.071168e-001  6.644662e-004
    outer loop
      vertex -3.808821e+001 -1.416109e+002  1.000000e+001
      vertex -3.804542e+001 -1.415587e+002  0.000000e+000
      vertex -3.844128e+001 -1.419546e+002  0.000000e+000
    endloop
  endfacet
  facet normal -4.524288e-001  8.918004e-001 -3.671965e-004
    outer loop
      vertex -3.891529e+001 -1.422524e+002  0.000000e+000
      vertex -3.900018e+001 -1.422914e+002  1.001418e+001
      vertex -3.874168e+001 -1.421602e+002  1.000428e+001
    endloop
  endfacet
  facet normal -3.302674e-001  9.438870e-001  8.708380e-004
    outer loop
      vertex -3.900018e+001 -1.422914e+002  1.001418e+001
      vertex -3.891529e+001 -1.422524e+002  0.000000e+000
      vertex -3.944370e+001 -1.424373e+002  0.000000e+000
    endloop
  endfacet
  facet normal -7.070965e-001 -7.071170e-001  2.192694e-004
    outer loop
      vertex -3.804542e+001 -1.384413e+002  0.000000e+000
      vertex -3.842550e+001 -1.380581e+002  1.000000e+001
      vertex -3.844128e+001 -1.380454e+002  0.000000e+000
    endloop
  endfacet
  facet normal -5.377331e-001 -8.431152e-001 -2.204563e-004
    outer loop
      vertex -3.844128e+001 -1.380454e+002  0.000000e+000
      vertex -3.842550e+001 -1.380581e+002  1.000000e+001
      vertex -3.890314e+001 -1.377535e+002  1.000000e+001
    endloop
  endfacet
  facet normal -5.320432e-001 -8.467173e-001  1.475121e-004
    outer loop
      vertex -3.844128e+001 -1.380454e+002  0.000000e+000
      vertex -3.890314e+001 -1.377535e+002  1.000000e+001
      vertex -3.891529e+001 -1.377476e+002  0.000000e+000
    endloop
  endfacet
  facet normal -3.340892e-001 -9.425415e-001 -1.493622e-004
    outer loop
      vertex -3.891529e+001 -1.377476e+002  0.000000e+000
      vertex -3.890314e+001 -1.377535e+002  1.000000e+001
      vertex -3.943712e+001 -1.375642e+002  1.000000e+001
    endloop
  endfacet
  facet normal -3.302676e-001 -9.438874e-001  7.474219e-005
    outer loop
      vertex -3.891529e+001 -1.377476e+002  0.000000e+000
      vertex -3.943712e+001 -1.375642e+002  1.000000e+001
      vertex -3.944370e+001 -1.375627e+002  0.000000e+000
    endloop
  endfacet
  facet normal -1.133103e-001 -9.935597e-001 -7.552691e-005
    outer loop
      vertex -3.944370e+001 -1.375627e+002  0.000000e+000
      vertex -3.943712e+001 -1.375642e+002  1.000000e+001
      vertex -4.000000e+001 -1.375000e+002  1.000000e+001
    endloop
  endfacet
  facet normal -1.119698e-001 -9.937116e-001  -0.000000e+000
    outer loop
      vertex -3.944370e+001 -1.375627e+002  0.000000e+000
      vertex -4.000000e+001 -1.375000e+002  1.000000e+001
      vertex -4.000000e+001 -1.375000e+002  0.000000e+000
    endloop
  endfacet
  facet normal -6.867839e-001  7.268613e-001 -7.312344e-004
    outer loop
      vertex -3.808821e+001 -1.416109e+002  1.000000e+001
      vertex -3.844128e+001 -1.419546e+002  0.000000e+000
      vertex -3.850000e+001 -1.420000e+002  1.000000e+001
    endloop
  endfacet
  facet normal -5.320430e-001  8.467171e-001  7.219071e-004
    outer loop
      vertex -3.850000e+001 -1.420000e+002  1.000000e+001
      vertex -3.844128e+001 -1.419546e+002  0.000000e+000
      vertex -3.891529e+001 -1.422524e+002  0.000000e+000
    endloop
  endfacet
  facet normal -5.525489e-001  8.334784e-001  1.907673e-003
    outer loop
      vertex -3.850000e+001 -1.420000e+002  1.000000e+001
      vertex -3.891529e+001 -1.422524e+002  0.000000e+000
      vertex -3.874168e+001 -1.421602e+002  1.000428e+001
    endloop
  endfacet
  facet normal -3.037297e-001  9.527581e-001 -4.338003e-004
    outer loop
      vertex -3.900018e+001 -1.422914e+002  1.001418e+001
      vertex -3.944370e+001 -1.424373e+002  0.000000e+000
      vertex -3.948919e+001 -1.424473e+002  1.003352e+001
    endloop
  endfacet
  facet normal -1.119698e-001  9.937115e-001  4.761507e-004
    outer loop
      vertex -3.948919e+001 -1.424473e+002  1.003352e+001
      vertex -3.944370e+001 -1.424373e+002  0.000000e+000
      vertex -4.000000e+001 -1.425000e+002  0.000000e+000
    endloop
  endfacet
  facet normal -1.027202e-001  9.947103e-001  0.000000e+000
    outer loop
      vertex -3.948919e+001 -1.424473e+002  1.003352e+001
      vertex -4.000000e+001 -1.425000e+002  0.000000e+000
      vertex -4.000000e+001 -1.425000e+002  1.004196e+001
    endloop
  endfacet
  facet normal  3.302672e-001  9.438865e-001  1.396261e-003
    outer loop
      vertex -4.073749e+001 -1.423887e+002  1.002529e+001
      vertex -4.055630e+001 -1.424373e+002  0.000000e+000
      vertex -4.108471e+001 -1.422524e+002  0.000000e+000
    endloop
  endfacet
  facet normal  3.760108e-001  9.266152e-001 -4.228787e-004
    outer loop
      vertex -4.108471e+001 -1.422524e+002  0.000000e+000
      vertex -4.113546e+001 -1.422273e+002  1.000862e+001
      vertex -4.073749e+001 -1.423887e+002  1.002529e+001
    endloop
  endfacet
  facet normal  7.070964e-001  7.071168e-001  6.644662e-004
    outer loop
      vertex -4.195458e+001 -1.415587e+002  0.000000e+000
      vertex -4.191179e+001 -1.416109e+002  1.000000e+001
      vertex -4.155872e+001 -1.419546e+002  0.000000e+000
    endloop
  endfacet
  facet normal  8.327994e-001  5.535746e-001 -6.746711e-004
    outer loop
      vertex -4.222540e+001 -1.411391e+002  1.000000e+001
      vertex -4.191179e+001 -1.416109e+002  1.000000e+001
      vertex -4.195458e+001 -1.415587e+002  0.000000e+000
    endloop
  endfacet
  facet normal  8.467232e-001  5.320333e-001  6.063285e-004
    outer loop
      vertex -4.225242e+001 -1.410847e+002  0.000000e+000
      vertex -4.222540e+001 -1.411391e+002  1.000000e+001
      vertex -4.195458e+001 -1.415587e+002  0.000000e+000
    endloop
  endfacet
  facet normal  9.360564e-001  3.518494e-001 -6.152022e-004
    outer loop
      vertex -4.242474e+001 -1.406088e+002  1.000000e+001
      vertex -4.222540e+001 -1.411391e+002  1.000000e+001
      vertex -4.225242e+001 -1.410847e+002  0.000000e+000
    endloop
  endfacet
  facet normal  9.438837e-001  3.302775e-001  5.462904e-004
    outer loop
      vertex -4.243732e+001 -1.405563e+002  0.000000e+000
      vertex -4.242474e+001 -1.406088e+002  1.000000e+001
      vertex -4.225242e+001 -1.410847e+002  0.000000e+000
    endloop
  endfacet
  facet normal  9.912413e-001  1.320627e-001 -5.540443e-004
    outer loop
      vertex -4.249955e+001 -1.400472e+002  1.000000e+001
      vertex -4.242474e+001 -1.406088e+002  1.000000e+001
      vertex -4.243732e+001 -1.405563e+002  0.000000e+000
    endloop
  endfacet
  facet normal  9.937123e-001  1.119623e-001  4.845722e-004
    outer loop
      vertex -4.250000e+001 -1.400000e+002  0.000000e+000
      vertex -4.249955e+001 -1.400472e+002  1.000000e+001
      vertex -4.243732e+001 -1.405563e+002  0.000000e+000
    endloop
  endfacet
  facet normal  9.955237e-001 -9.451038e-002 -4.909107e-004
    outer loop
      vertex -4.244601e+001 -1.394832e+002  1.000000e+001
      vertex -4.249955e+001 -1.400472e+002  1.000000e+001
      vertex -4.250000e+001 -1.400000e+002  0.000000e+000
    endloop
  endfacet
  facet normal  9.937124e-001 -1.119623e-001  4.207045e-004
    outer loop
      vertex -4.243732e+001 -1.394437e+002  0.000000e+000
      vertex -4.244601e+001 -1.394832e+002  1.000000e+001
      vertex -4.250000e+001 -1.400000e+002  0.000000e+000
    endloop
  endfacet
  facet normal  9.486805e-001 -3.162358e-001 -4.263454e-004
    outer loop
      vertex -4.226686e+001 -1.389458e+002  1.000000e+001
      vertex -4.244601e+001 -1.394832e+002  1.000000e+001
      vertex -4.243732e+001 -1.394437e+002  0.000000e+000
    endloop
  endfacet
  facet normal  9.438838e-001 -3.302776e-001  3.545516e-004
    outer loop
      vertex -4.225242e+001 -1.389153e+002  0.000000e+000
      vertex -4.226686e+001 -1.389458e+002  1.000000e+001
      vertex -4.243732e+001 -1.394437e+002  0.000000e+000
    endloop
  endfacet
  facet normal  8.531284e-001 -5.217011e-001 -3.606305e-004
    outer loop
      vertex -4.197130e+001 -1.384625e+002  1.000000e+001
      vertex -4.226686e+001 -1.389458e+002  1.000000e+001
      vertex -4.225242e+001 -1.389153e+002  0.000000e+000
    endloop
  endfacet
  facet normal  8.467234e-001 -5.320334e-001  2.872784e-004
    outer loop
      vertex -4.195458e+001 -1.384413e+002  0.000000e+000
      vertex -4.197130e+001 -1.384625e+002  1.000000e+001
      vertex -4.225242e+001 -1.389153e+002  0.000000e+000
    endloop
  endfacet
  facet normal  7.137647e-001 -7.003855e-001 -2.920962e-004
    outer loop
      vertex -4.157450e+001 -1.380581e+002  1.000000e+001
      vertex -4.197130e+001 -1.384625e+002  1.000000e+001
      vertex -4.195458e+001 -1.384413e+002  0.000000e+000
    endloop
  endfacet
  facet normal  2.118592e-001  9.772997e-001 -9.056432e-004
    outer loop
      vertex -4.073749e+001 -1.423887e+002  1.002529e+001
      vertex -4.031778e+001 -1.424797e+002  1.003860e+001
      vertex -4.055630e+001 -1.424373e+002  0.000000e+000
    endloop
  endfacet
  facet normal  6.365629e-002  9.979683e-001  2.703028e-003
    outer loop
      vertex -4.055630e+001 -1.424373e+002  0.000000e+000
      vertex -4.031778e+001 -1.424797e+002  1.003860e+001
      vertex -4.000000e+001 -1.425000e+002  1.004196e+001
    endloop
  endfacet
  facet normal  1.119698e-001  9.937116e-001  0.000000e+000
    outer loop
      vertex -4.055630e+001 -1.424373e+002  0.000000e+000
      vertex -4.000000e+001 -1.425000e+002  1.004196e+001
      vertex -4.000000e+001 -1.425000e+002  0.000000e+000
    endloop
  endfacet
  facet normal  6.867839e-001  7.268613e-001 -7.312344e-004
    outer loop
      vertex -4.191179e+001 -1.416109e+002  1.000000e+001
      vertex -4.150000e+001 -1.420000e+002  1.000000e+001
      vertex -4.155872e+001 -1.419546e+002  0.000000e+000
    endloop
  endfacet
  facet normal  5.290263e-001  8.486051e-001  7.481990e-004
    outer loop
      vertex -4.155872e+001 -1.419546e+002  0.000000e+000
      vertex -4.150000e+001 -1.420000e+002  1.000000e+001
      vertex -4.113546e+001 -1.422273e+002  1.000862e+001
    endloop
  endfacet
  facet normal  5.320430e-001  8.467171e-001  5.691789e-004
    outer loop
      vertex -4.155872e+001 -1.419546e+002  0.000000e+000
      vertex -4.113546e+001 -1.422273e+002  1.000862e+001
      vertex -4.108471e+001 -1.422524e+002  0.000000e+000
    endloop
  endfacet
  facet normal  7.070965e-001 -7.071170e-001  2.192694e-004
    outer loop
      vertex -4.195458e+001 -1.384413e+002  0.000000e+000
      vertex -4.155872e+001 -1.380454e+002  0.000000e+000
      vertex -4.157450e+001 -1.380581e+002  1.000000e+001
    endloop
  endfacet
  facet normal  5.320432e-001 -8.467173e-001 -2.340033e-004
    outer loop
      vertex -4.157450e+001 -1.380581e+002  1.000000e+001
      vertex -4.155872e+001 -1.380454e+002  0.000000e+000
      vertex -4.108471e+001 -1.377476e+002  0.000000e+000
    endloop
  endfacet
  facet normal  5.377331e-001 -8.431152e-001  1.565447e-004
    outer loop
      vertex -4.157450e+001 -1.380581e+002  1.000000e+001
      vertex -4.108471e+001 -1.377476e+002  0.000000e+000
      vertex -4.109686e+001 -1.377535e+002  1.000000e+001
    endloop
  endfacet
  facet normal  3.302676e-001 -9.438874e-001 -1.547967e-004
    outer loop
      vertex -4.109686e+001 -1.377535e+002  1.000000e+001
      vertex -4.108471e+001 -1.377476e+002  0.000000e+000
      vertex -4.055630e+001 -1.375627e+002  0.000000e+000
    endloop
  endfacet
  facet normal  3.340892e-001 -9.425415e-001  7.746028e-005
    outer loop
      vertex -4.109686e+001 -1.377535e+002  1.000000e+001
      vertex -4.055630e+001 -1.375627e+002  0.000000e+000
      vertex -4.056288e+001 -1.375642e+002  1.000000e+001
    endloop
  endfacet
  facet normal  1.119698e-001 -9.937116e-001 -7.643199e-005
    outer loop
      vertex -4.056288e+001 -1.375642e+002  1.000000e+001
      vertex -4.055630e+001 -1.375627e+002  0.000000e+000
      vertex -4.000000e+001 -1.375000e+002  0.000000e+000
    endloop
  endfacet
  facet normal  1.133103e-001 -9.935597e-001  0.000000e+000
    outer loop
      vertex -4.056288e+001 -1.375642e+002  1.000000e+001
      vertex -4.000000e+001 -1.375000e+002  0.000000e+000
      vertex -4.000000e+001 -1.375000e+002  1.000000e+001
    endloop
  endfacet
  facet normal  -0.000000e+000  0.000000e+000 -9.999999e-001
    outer loop
      vertex -9.240000e+001 -1.449732e+002  1.269000e+002
      vertex -9.200000e+001 -1.450000e+002  1.269000e+002
      vertex -9.240000e+001 -1.490000e+002  1.269000e+002
    endloop
  endfacet
  facet normal  0.000000e+000  0.000000e+000 -1.000000e+000
    outer loop
      vertex -9.240000e+001 -1.490000e+002  1.269000e+002
      vertex -9.200000e+001 -1.450000e+002  1.269000e+002
      vertex  9.000000e+001 -1.450000e+002  1.269000e+002
    endloop
  endfacet
  facet normal  0.000000e+000  -0.000000e+000 -1.000000e+000
    outer loop
      vertex -9.240000e+001 -1.490000e+002  1.269000e+002
      vertex  9.000000e+001 -1.450000e+002  1.269000e+002
      vertex  9.000000e+001 -1.490000e+002  1.269000e+002
    endloop
  endfacet
  facet normal  1.000000e+000  -0.000000e+000  0.000000e+000
    outer loop
      vertex -9.240000e+001 -1.449732e+002  1.269000e+002
      vertex -9.240000e+001 -1.490000e+002  1.269000e+002
      vertex -9.240000e+001 -1.449732e+002  2.000000e+001
    endloop
  endfacet
  facet normal  1.000000e+000  0.000000e+000  0.000000e+000
    outer loop
      vertex -9.240000e+001 -1.449732e+002  2.000000e+001
      vertex -9.240000e+001 -1.490000e+002  1.269000e+002
      vertex -9.240000e+001 -1.490000e+002  2.000000e+001
    endloop
  endfacet
  facet normal  0.000000e+000  0.000000e+000  9.999999e-001
    outer loop
      vertex -9.240000e+001 -1.449732e+002  2.000000e+001
      vertex -9.240000e+001 -1.490000e+002  2.000000e+001
      vertex -9.200000e+001 -1.450000e+002  2.000000e+001
    endloop
  endfacet
  facet normal  0.000000e+000  0.000000e+000  1.000000e+000
    outer loop
      vertex -9.200000e+001 -1.450000e+002  2.000000e+001
      vertex -9.240000e+001 -1.490000e+002  2.000000e+001
      vertex  9.000000e+001 -1.490000e+002  2.000000e+001
    endloop
  endfacet
  facet normal  0.000000e+000  -0.000000e+000  1.000000e+000
    outer loop
      vertex -9.200000e+001 -1.450000e+002  2.000000e+001
      vertex  9.000000e+001 -1.490000e+002  2.000000e+001
      vertex  9.000000e+001 -1.450000e+002  2.000000e+001
    endloop
  endfacet
  facet normal -7.137613e-001 -7.003889e-001 -2.923814e-004
    outer loop
      vertex -6.804542e+001 -1.384413e+002  0.000000e+000
      vertex -6.802870e+001 -1.384625e+002  1.000000e+001
      vertex -6.842550e+001 -1.380581e+002  1.000000e+001
    endloop
  endfacet
  facet normal -8.467295e-001 -5.320236e-001  2.869864e-004
    outer loop
      vertex -6.802870e+001 -1.384625e+002  1.000000e+001
      vertex -6.804542e+001 -1.384413e+002  0.000000e+000
      vertex -6.774758e+001 -1.389153e+002  0.000000e+000
    endloop
  endfacet
  facet normal -8.531253e-001 -5.217060e-001 -3.599989e-004
    outer loop
      vertex -6.774758e+001 -1.389153e+002  0.000000e+000
      vertex -6.773314e+001 -1.389458e+002  1.000000e+001
      vertex -6.802870e+001 -1.384625e+002  1.000000e+001
    endloop
  endfacet
  facet normal -9.438838e-001 -3.302776e-001  3.552718e-004
    outer loop
      vertex -6.773314e+001 -1.389458e+002  1.000000e+001
      vertex -6.774758e+001 -1.389153e+002  0.000000e+000
      vertex -6.756268e+001 -1.394437e+002  0.000000e+000
    endloop
  endfacet
  facet normal -9.486805e-001 -3.162358e-001 -4.256215e-004
    outer loop
      vertex -6.756268e+001 -1.394437e+002  0.000000e+000
      vertex -6.755399e+001 -1.394832e+002  1.000000e+001
      vertex -6.773314e+001 -1.389458e+002  1.000000e+001
    endloop
  endfacet
  facet normal -9.937117e-001 -1.119690e-001  4.214353e-004
    outer loop
      vertex -6.755399e+001 -1.394832e+002  1.000000e+001
      vertex -6.756268e+001 -1.394437e+002  0.000000e+000
      vertex -6.750000e+001 -1.400000e+002  0.000000e+000
    endloop
  endfacet
  facet normal -9.955251e-001 -9.449704e-002 -4.912275e-004
    outer loop
      vertex -6.750000e+001 -1.400000e+002  0.000000e+000
      vertex -6.750045e+001 -1.400472e+002  1.000000e+001
      vertex -6.755399e+001 -1.394832e+002  1.000000e+001
    endloop
  endfacet
  facet normal -9.937115e-001  1.119690e-001  4.842249e-004
    outer loop
      vertex -6.750045e+001 -1.400472e+002  1.000000e+001
      vertex -6.750000e+001 -1.400000e+002  0.000000e+000
      vertex -6.756268e+001 -1.405563e+002  0.000000e+000
    endloop
  endfacet
  facet normal -9.912421e-001  1.320561e-001 -5.537019e-004
    outer loop
      vertex -6.756268e+001 -1.405563e+002  0.000000e+000
      vertex -6.757526e+001 -1.406088e+002  1.000000e+001
      vertex -6.750045e+001 -1.400472e+002  1.000000e+001
    endloop
  endfacet
  facet normal -9.438837e-001  3.302775e-001  5.466504e-004
    outer loop
      vertex -6.757526e+001 -1.406088e+002  1.000000e+001
      vertex -6.756268e+001 -1.405563e+002  0.000000e+000
      vertex -6.774758e+001 -1.410847e+002  0.000000e+000
    endloop
  endfacet
  facet normal -9.360564e-001  3.518494e-001 -6.148451e-004
    outer loop
      vertex -6.774758e+001 -1.410847e+002  0.000000e+000
      vertex -6.777460e+001 -1.411391e+002  1.000000e+001
      vertex -6.757526e+001 -1.406088e+002  1.000000e+001
    endloop
  endfacet
  facet normal -8.467293e-001  5.320235e-001  6.065817e-004
    outer loop
      vertex -6.777460e+001 -1.411391e+002  1.000000e+001
      vertex -6.774758e+001 -1.410847e+002  0.000000e+000
      vertex -6.804542e+001 -1.415587e+002  0.000000e+000
    endloop
  endfacet
  facet normal -8.327994e-001  5.535746e-001 -6.749887e-004
    outer loop
      vertex -6.804542e+001 -1.415587e+002  0.000000e+000
      vertex -6.808821e+001 -1.416109e+002  1.000000e+001
      vertex -6.777460e+001 -1.411391e+002  1.000000e+001
    endloop
  endfacet
  facet normal -7.070930e-001  7.071202e-001  6.642287e-004
    outer loop
      vertex -6.808821e+001 -1.416109e+002  1.000000e+001
      vertex -6.804542e+001 -1.415587e+002  0.000000e+000
      vertex -6.844128e+001 -1.419546e+002  0.000000e+000
    endloop
  endfacet
  facet normal -4.524288e-001  8.918004e-001 -3.671965e-004
    outer loop
      vertex -6.891529e+001 -1.422524e+002  0.000000e+000
      vertex -6.900018e+001 -1.422914e+002  1.001418e+001
      vertex -6.874168e+001 -1.421602e+002  1.000428e+001
    endloop
  endfacet
  facet normal -3.302695e-001  9.438863e-001  8.708170e-004
    outer loop
      vertex -6.900018e+001 -1.422914e+002  1.001418e+001
      vertex -6.891529e+001 -1.422524e+002  0.000000e+000
      vertex -6.944370e+001 -1.424373e+002  0.000000e+000
    endloop
  endfacet
  facet normal -7.070931e-001 -7.071204e-001  2.189899e-004
    outer loop
      vertex -6.804542e+001 -1.384413e+002  0.000000e+000
      vertex -6.842550e+001 -1.380581e+002  1.000000e+001
      vertex -6.844128e+001 -1.380454e+002  0.000000e+000
    endloop
  endfacet
  facet normal -5.377362e-001 -8.431132e-001 -2.206542e-004
    outer loop
      vertex -6.844128e+001 -1.380454e+002  0.000000e+000
      vertex -6.842550e+001 -1.380581e+002  1.000000e+001
      vertex -6.890314e+001 -1.377535e+002  1.000000e+001
    endloop
  endfacet
  facet normal -5.320432e-001 -8.467173e-001  1.475121e-004
    outer loop
      vertex -6.844128e+001 -1.380454e+002  0.000000e+000
      vertex -6.890314e+001 -1.377535e+002  1.000000e+001
      vertex -6.891529e+001 -1.377476e+002  0.000000e+000
    endloop
  endfacet
  facet normal -3.340892e-001 -9.425415e-001 -1.493622e-004
    outer loop
      vertex -6.891529e+001 -1.377476e+002  0.000000e+000
      vertex -6.890314e+001 -1.377535e+002  1.000000e+001
      vertex -6.943712e+001 -1.375642e+002  1.000000e+001
    endloop
  endfacet
  facet normal -3.302697e-001 -9.438866e-001  7.461770e-005
    outer loop
      vertex -6.891529e+001 -1.377476e+002  0.000000e+000
      vertex -6.943712e+001 -1.375642e+002  1.000000e+001
      vertex -6.944370e+001 -1.375627e+002  0.000000e+000
    endloop
  endfacet
  facet normal -1.133103e-001 -9.935597e-001 -7.557014e-005
    outer loop
      vertex -6.944370e+001 -1.375627e+002  0.000000e+000
      vertex -6.943712e+001 -1.375642e+002  1.000000e+001
      vertex -7.000000e+001 -1.375000e+002  1.000000e+001
    endloop
  endfacet
  facet normal -1.119691e-001 -9.937117e-001  -0.000000e+000
    outer loop
      vertex -6.944370e+001 -1.375627e+002  0.000000e+000
      vertex -7.000000e+001 -1.375000e+002  1.000000e+001
      vertex -7.000000e+001 -1.375000e+002  0.000000e+000
    endloop
  endfacet
  facet normal -6.867839e-001  7.268613e-001 -7.312344e-004
    outer loop
      vertex -6.808821e+001 -1.416109e+002  1.000000e+001
      vertex -6.844128e+001 -1.419546e+002  0.000000e+000
      vertex -6.850000e+001 -1.420000e+002  1.000000e+001
    endloop
  endfacet
  facet normal -5.320430e-001  8.467171e-001  7.219071e-004
    outer loop
      vertex -6.850000e+001 -1.420000e+002  1.000000e+001
      vertex -6.844128e+001 -1.419546e+002  0.000000e+000
      vertex -6.891529e+001 -1.422524e+002  0.000000e+000
    endloop
  endfacet
  facet normal -5.525489e-001  8.334784e-001  1.907673e-003
    outer loop
      vertex -6.850000e+001 -1.420000e+002  1.000000e+001
      vertex -6.891529e+001 -1.422524e+002  0.000000e+000
      vertex -6.874168e+001 -1.421602e+002  1.000428e+001
    endloop
  endfacet
  facet normal -3.037297e-001  9.527581e-001 -4.339158e-004
    outer loop
      vertex -6.900018e+001 -1.422914e+002  1.001418e+001
      vertex -6.944370e+001 -1.424373e+002  0.000000e+000
      vertex -6.948919e+001 -1.424473e+002  1.003352e+001
    endloop
  endfacet
  facet normal -1.119690e-001  9.937116e-001  4.761117e-004
    outer loop
      vertex -6.948919e+001 -1.424473e+002  1.003352e+001
      vertex -6.944370e+001 -1.424373e+002  0.000000e+000
      vertex -7.000000e+001 -1.425000e+002  0.000000e+000
    endloop
  endfacet
  facet normal -1.027202e-001  9.947103e-001  0.000000e+000
    outer loop
      vertex -6.948919e+001 -1.424473e+002  1.003352e+001
      vertex -7.000000e+001 -1.425000e+002  0.000000e+000
      vertex -7.000000e+001 -1.425000e+002  1.004196e+001
    endloop
  endfacet
  facet normal  3.302694e-001  9.438857e-001  1.396303e-003
    outer loop
      vertex -7.073750e+001 -1.423887e+002  1.002529e+001
      vertex -7.055630e+001 -1.424373e+002  0.000000e+000
      vertex -7.108471e+001 -1.422524e+002  0.000000e+000
    endloop
  endfacet
  facet normal  3.760138e-001  9.266140e-001 -4.228599e-004
    outer loop
      vertex -7.108471e+001 -1.422524e+002  0.000000e+000
      vertex -7.113546e+001 -1.422273e+002  1.000862e+001
      vertex -7.073750e+001 -1.423887e+002  1.002529e+001
    endloop
  endfacet
  facet normal  7.070930e-001  7.071202e-001  6.642289e-004
    outer loop
      vertex -7.195458e+001 -1.415587e+002  0.000000e+000
      vertex -7.191179e+001 -1.416109e+002  1.000000e+001
      vertex -7.155872e+001 -1.419546e+002  0.000000e+000
    endloop
  endfacet
  facet normal  8.327994e-001  5.535746e-001 -6.749887e-004
    outer loop
      vertex -7.222540e+001 -1.411391e+002  1.000000e+001
      vertex -7.191179e+001 -1.416109e+002  1.000000e+001
      vertex -7.195458e+001 -1.415587e+002  0.000000e+000
    endloop
  endfacet
  facet normal  8.467293e-001  5.320235e-001  6.065819e-004
    outer loop
      vertex -7.225242e+001 -1.410847e+002  0.000000e+000
      vertex -7.222540e+001 -1.411391e+002  1.000000e+001
      vertex -7.195458e+001 -1.415587e+002  0.000000e+000
    endloop
  endfacet
  facet normal  9.360564e-001  3.518494e-001 -6.148451e-004
    outer loop
      vertex -7.242474e+001 -1.406088e+002  1.000000e+001
      vertex -7.222540e+001 -1.411391e+002  1.000000e+001
      vertex -7.225242e+001 -1.410847e+002  0.000000e+000
    endloop
  endfacet
  facet normal  9.438837e-001  3.302775e-001  5.466505e-004
    outer loop
      vertex -7.243732e+001 -1.405563e+002  0.000000e+000
      vertex -7.242474e+001 -1.406088e+002  1.000000e+001
      vertex -7.225242e+001 -1.410847e+002  0.000000e+000
    endloop
  endfacet
  facet normal  9.912421e-001  1.320561e-001 -5.537019e-004
    outer loop
      vertex -7.249955e+001 -1.400472e+002  1.000000e+001
      vertex -7.242474e+001 -1.406088e+002  1.000000e+001
      vertex -7.243732e+001 -1.405563e+002  0.000000e+000
    endloop
  endfacet
  facet normal  9.937115e-001  1.119690e-001  4.842249e-004
    outer loop
      vertex -7.250000e+001 -1.400000e+002  0.000000e+000
      vertex -7.249955e+001 -1.400472e+002  1.000000e+001
      vertex -7.243732e+001 -1.405563e+002  0.000000e+000
    endloop
  endfacet
  facet normal  9.955251e-001 -9.449704e-002 -4.912275e-004
    outer loop
      vertex -7.244601e+001 -1.394832e+002  1.000000e+001
      vertex -7.249955e+001 -1.400472e+002  1.000000e+001
      vertex -7.250000e+001 -1.400000e+002  0.000000e+000
    endloop
  endfacet
  facet normal  9.937117e-001 -1.119690e-001  4.214353e-004
    outer loop
      vertex -7.243732e+001 -1.394437e+002  0.000000e+000
      vertex -7.244601e+001 -1.394832e+002  1.000000e+001
      vertex -7.250000e+001 -1.400000e+002  0.000000e+000
    endloop
  endfacet
  facet normal  9.486805e-001 -3.162358e-001 -4.256215e-004
    outer loop
      vertex -7.226686e+001 -1.389458e+002  1.000000e+001
      vertex -7.244601e+001 -1.394832e+002  1.000000e+001
      vertex -7.243732e+001 -1.394437e+002  0.000000e+000
    endloop
  endfacet
  facet normal  9.438838e-001 -3.302776e-001  3.552718e-004
    outer loop
      vertex -7.225242e+001 -1.389153e+002  0.000000e+000
      vertex -7.226686e+001 -1.389458e+002  1.000000e+001
      vertex -7.243732e+001 -1.394437e+002  0.000000e+000
    endloop
  endfacet
  facet normal  8.531253e-001 -5.217060e-001 -3.599989e-004
    outer loop
      vertex -7.197130e+001 -1.384625e+002  1.000000e+001
      vertex -7.226686e+001 -1.389458e+002  1.000000e+001
      vertex -7.225242e+001 -1.389153e+002  0.000000e+000
    endloop
  endfacet
  facet normal  8.467295e-001 -5.320236e-001  2.869864e-004
    outer loop
      vertex -7.195458e+001 -1.384413e+002  0.000000e+000
      vertex -7.197130e+001 -1.384625e+002  1.000000e+001
      vertex -7.225242e+001 -1.389153e+002  0.000000e+000
    endloop
  endfacet
  facet normal  7.137613e-001 -7.003889e-001 -2.923814e-004
    outer loop
      vertex -7.157450e+001 -1.380581e+002  1.000000e+001
      vertex -7.197130e+001 -1.384625e+002  1.000000e+001
      vertex -7.195458e+001 -1.384413e+002  0.000000e+000
    endloop
  endfacet
  facet normal  2.118573e-001  9.773002e-001 -9.056786e-004
    outer loop
      vertex -7.073750e+001 -1.423887e+002  1.002529e+001
      vertex -7.031778e+001 -1.424797e+002  1.003860e+001
      vertex -7.055630e+001 -1.424373e+002  0.000000e+000
    endloop
  endfacet
  facet normal  6.365629e-002  9.979682e-001  2.703004e-003
    outer loop
      vertex -7.055630e+001 -1.424373e+002  0.000000e+000
      vertex -7.031778e+001 -1.424797e+002  1.003860e+001
      vertex -7.000000e+001 -1.425000e+002  1.004196e+001
    endloop
  endfacet
  facet normal  1.119691e-001  9.937117e-001  0.000000e+000
    outer loop
      vertex -7.055630e+001 -1.424373e+002  0.000000e+000
      vertex -7.000000e+001 -1.425000e+002  1.004196e+001
      vertex -7.000000e+001 -1.425000e+002  0.000000e+000
    endloop
  endfacet
  facet normal  6.867839e-001  7.268613e-001 -7.312344e-004
    outer loop
      vertex -7.191179e+001 -1.416109e+002  1.000000e+001
      vertex -7.150000e+001 -1.420000e+002  1.000000e+001
      vertex -7.155872e+001 -1.419546e+002  0.000000e+000
    endloop
  endfacet
  facet normal  5.290263e-001  8.486051e-001  7.481990e-004
    outer loop
      vertex -7.155872e+001 -1.419546e+002  0.000000e+000
      vertex -7.150000e+001 -1.420000e+002  1.000000e+001
      vertex -7.113546e+001 -1.422273e+002  1.000862e+001
    endloop
  endfacet
  facet normal  5.320430e-001  8.467171e-001  5.691789e-004
    outer loop
      vertex -7.155872e+001 -1.419546e+002  0.000000e+000
      vertex -7.113546e+001 -1.422273e+002  1.000862e+001
      vertex -7.108471e+001 -1.422524e+002  0.000000e+000
    endloop
  endfacet
  facet normal  7.070931e-001 -7.071204e-001  2.189900e-004
    outer loop
      vertex -7.195458e+001 -1.384413e+002  0.000000e+000
      vertex -7.155872e+001 -1.380454e+002  0.000000e+000
      vertex -7.157450e+001 -1.380581e+002  1.000000e+001
    endloop
  endfacet
  facet normal  5.320432e-001 -8.467173e-001 -2.342062e-004
    outer loop
      vertex -7.157450e+001 -1.380581e+002  1.000000e+001
      vertex -7.155872e+001 -1.380454e+002  0.000000e+000
      vertex -7.108471e+001 -1.377476e+002  0.000000e+000
    endloop
  endfacet
  facet normal  5.377362e-001 -8.431132e-001  1.565495e-004
    outer loop
      vertex -7.157450e+001 -1.380581e+002  1.000000e+001
      vertex -7.108471e+001 -1.377476e+002  0.000000e+000
      vertex -7.109686e+001 -1.377535e+002  1.000000e+001
    endloop
  endfacet
  facet normal  3.302697e-001 -9.438866e-001 -1.547936e-004
    outer loop
      vertex -7.109686e+001 -1.377535e+002  1.000000e+001
      vertex -7.108471e+001 -1.377476e+002  0.000000e+000
      vertex -7.055630e+001 -1.375627e+002  0.000000e+000
    endloop
  endfacet
  facet normal  3.340892e-001 -9.425415e-001  7.733283e-005
    outer loop
      vertex -7.109686e+001 -1.377535e+002  1.000000e+001
      vertex -7.055630e+001 -1.375627e+002  0.000000e+000
      vertex -7.056288e+001 -1.375642e+002  1.000000e+001
    endloop
  endfacet
  facet normal  1.119691e-001 -9.937117e-001 -7.647522e-005
    outer loop
      vertex -7.056288e+001 -1.375642e+002  1.000000e+001
      vertex -7.055630e+001 -1.375627e+002  0.000000e+000
      vertex -7.000000e+001 -1.375000e+002  0.000000e+000
    endloop
  endfacet
  facet normal  1.133103e-001 -9.935597e-001  0.000000e+000
    outer loop
      vertex -7.056288e+001 -1.375642e+002  1.000000e+001
      vertex -7.000000e+001 -1.375000e+002  0.000000e+000
      vertex -7.000000e+001 -1.375000e+002  1.000000e+001
    endloop
  endfacet
  facet normal  0.000000e+000  7.730039e-001 -6.344013e-001
    outer loop
      vertex -9.200000e+001 -1.441213e+002  1.691213e+002
      vertex  1.100000e+002 -1.444944e+002  1.686667e+002
      vertex -9.200000e+001 -1.444944e+002  1.686667e+002
    endloop
  endfacet
  facet normal  0.000000e+000  8.819274e-001 -4.713853e-001
    outer loop
      vertex -9.200000e+001 -1.444944e+002  1.686667e+002
      vertex  1.100000e+002 -1.444944e+002  1.686667e+002
      vertex  1.100000e+002 -1.447716e+002  1.681481e+002
    endloop
  endfacet
  facet normal  0.000000e+000  8.819274e-001 -4.713853e-001
    outer loop
      vertex -9.200000e+001 -1.444944e+002  1.686667e+002
      vertex  1.100000e+002 -1.447716e+002  1.681481e+002
      vertex -9.200000e+001 -1.447716e+002  1.681481e+002
    endloop
  endfacet
  facet normal  0.000000e+000  9.569427e-001 -2.902767e-001
    outer loop
      vertex -9.200000e+001 -1.447716e+002  1.681481e+002
      vertex  1.100000e+002 -1.447716e+002  1.681481e+002
      vertex  1.100000e+002 -1.449424e+002  1.675853e+002
    endloop
  endfacet
  facet normal  0.000000e+000  9.569427e-001 -2.902767e-001
    outer loop
      vertex -9.200000e+001 -1.447716e+002  1.681481e+002
      vertex  1.100000e+002 -1.449424e+002  1.675853e+002
      vertex -9.200000e+001 -1.449424e+002  1.675853e+002
    endloop
  endfacet
  facet normal  0.000000e+000  9.951841e-001 -9.802391e-002
    outer loop
      vertex -9.200000e+001 -1.449424e+002  1.675853e+002
      vertex  1.100000e+002 -1.449424e+002  1.675853e+002
      vertex  1.100000e+002 -1.450000e+002  1.670000e+002
    endloop
  endfacet
  facet normal  0.000000e+000  9.951841e-001 -9.802391e-002
    outer loop
      vertex -9.200000e+001 -1.449424e+002  1.675853e+002
      vertex  1.100000e+002 -1.450000e+002  1.670000e+002
      vertex -9.200000e+001 -1.450000e+002  1.670000e+002
    endloop
  endfacet
  facet normal  0.000000e+000  7.730039e-001 -6.344013e-001
    outer loop
      vertex  1.100000e+002 -1.444944e+002  1.686667e+002
      vertex -9.200000e+001 -1.441213e+002  1.691213e+002
      vertex  1.100000e+002 -1.441213e+002  1.691213e+002
    endloop
  endfacet
  facet normal  0.000000e+000  6.344013e-001 -7.730039e-001
    outer loop
      vertex  1.100000e+002 -1.441213e+002  1.691213e+002
      vertex -9.200000e+001 -1.441213e+002  1.691213e+002
      vertex -9.200000e+001 -1.436667e+002  1.694944e+002
    endloop
  endfacet
  facet normal  0.000000e+000  6.344013e-001 -7.730039e-001
    outer loop
      vertex  1.100000e+002 -1.441213e+002  1.691213e+002
      vertex -9.200000e+001 -1.436667e+002  1.694944e+002
      vertex  1.100000e+002 -1.436667e+002  1.694944e+002
    endloop
  endfacet
  facet normal  0.000000e+000  4.713853e-001 -8.819274e-001
    outer loop
      vertex  1.100000e+002 -1.436667e+002  1.694944e+002
      vertex -9.200000e+001 -1.436667e+002  1.694944e+002
      vertex -9.200000e+001 -1.431481e+002  1.697716e+002
    endloop
  endfacet
  facet normal  0.000000e+000  4.713853e-001 -8.819274e-001
    outer loop
      vertex  1.100000e+002 -1.436667e+002  1.694944e+002
      vertex -9.200000e+001 -1.431481e+002  1.697716e+002
      vertex  1.100000e+002 -1.431481e+002  1.697716e+002
    endloop
  endfacet
  facet normal  0.000000e+000  2.902767e-001 -9.569427e-001
    outer loop
      vertex  1.100000e+002 -1.431481e+002  1.697716e+002
      vertex -9.200000e+001 -1.431481e+002  1.697716e+002
      vertex -9.200000e+001 -1.425853e+002  1.699424e+002
    endloop
  endfacet
  facet normal  0.000000e+000  2.902767e-001 -9.569427e-001
    outer loop
      vertex  1.100000e+002 -1.431481e+002  1.697716e+002
      vertex -9.200000e+001 -1.425853e+002  1.699424e+002
      vertex  1.100000e+002 -1.425853e+002  1.699424e+002
    endloop
  endfacet
  facet normal  0.000000e+000  9.802391e-002 -9.951841e-001
    outer loop
      vertex  1.100000e+002 -1.425853e+002  1.699424e+002
      vertex -9.200000e+001 -1.425853e+002  1.699424e+002
      vertex -9.200000e+001 -1.420000e+002  1.700000e+002
    endloop
  endfacet
  facet normal  0.000000e+000  9.802391e-002 -9.951841e-001
    outer loop
      vertex  1.100000e+002 -1.425853e+002  1.699424e+002
      vertex -9.200000e+001 -1.420000e+002  1.700000e+002
      vertex  1.100000e+002 -1.420000e+002  1.700000e+002
    endloop
  endfacet
  facet normal  6.679816e-002  9.977665e-001  0.000000e+000
    outer loop
      vertex -9.240000e+001 -1.449732e+002  1.269000e+002
      vertex -9.200000e+001 -1.450000e+002  1.670000e+002
      vertex -9.200000e+001 -1.450000e+002  1.269000e+002
    endloop
  endfacet
  facet normal  9.802266e-002  9.951842e-001 -3.131920e-004
    outer loop
      vertex -9.200000e+001 -1.450000e+002  1.670000e+002
      vertex -9.240000e+001 -1.449732e+002  1.269000e+002
      vertex -9.258527e+001 -1.449424e+002  1.670000e+002
    endloop
  endfacet
  facet normal  1.643463e-001  9.864028e-001  0.000000e+000
    outer loop
      vertex -9.258527e+001 -1.449424e+002  1.670000e+002
      vertex -9.240000e+001 -1.449732e+002  1.269000e+002
      vertex -9.240000e+001 -1.449732e+002  2.000000e+001
    endloop
  endfacet
  facet normal  1.643463e-001  9.864026e-001  0.000000e+000
    outer loop
      vertex -9.258527e+001 -1.449424e+002  1.670000e+002
      vertex -9.240000e+001 -1.449732e+002  2.000000e+001
      vertex -9.258527e+001 -1.449424e+002  1.300000e+001
    endloop
  endfacet
  facet normal  6.679792e-002  9.977630e-001  2.631954e-003
    outer loop
      vertex -9.258527e+001 -1.449424e+002  1.300000e+001
      vertex -9.240000e+001 -1.449732e+002  2.000000e+001
      vertex -9.200000e+001 -1.450000e+002  2.000000e+001
    endloop
  endfacet
  facet normal  9.802265e-002  9.951842e-001  0.000000e+000
    outer loop
      vertex -9.258527e+001 -1.449424e+002  1.300000e+001
      vertex -9.200000e+001 -1.450000e+002  2.000000e+001
      vertex -9.200000e+001 -1.450000e+002  1.300000e+001
    endloop
  endfacet
  facet normal  8.819219e-001  4.713953e-001  -0.000000e+000
    outer loop
      vertex -9.449441e+001 -1.436667e+002  1.670000e+002
      vertex -9.477164e+001 -1.431481e+002  1.300000e+001
      vertex -9.477164e+001 -1.431481e+002  1.670000e+002
    endloop
  endfacet
  facet normal  9.569428e-001  2.902767e-001  0.000000e+000
    outer loop
      vertex -9.477164e+001 -1.431481e+002  1.670000e+002
      vertex -9.477164e+001 -1.431481e+002  1.300000e+001
      vertex -9.494235e+001 -1.425853e+002  1.300000e+001
    endloop
  endfacet
  facet normal  9.569428e-001  2.902767e-001  -0.000000e+000
    outer loop
      vertex -9.477164e+001 -1.431481e+002  1.670000e+002
      vertex -9.494235e+001 -1.425853e+002  1.300000e+001
      vertex -9.494235e+001 -1.425853e+002  1.670000e+002
    endloop
  endfacet
  facet normal  9.951841e-001  9.802391e-002  0.000000e+000
    outer loop
      vertex -9.494235e+001 -1.425853e+002  1.670000e+002
      vertex -9.494235e+001 -1.425853e+002  1.300000e+001
      vertex -9.500000e+001 -1.420000e+002  1.300000e+001
    endloop
  endfacet
  facet normal  9.951841e-001  9.802391e-002  -0.000000e+000
    outer loop
      vertex -9.494235e+001 -1.425853e+002  1.670000e+002
      vertex -9.500000e+001 -1.420000e+002  1.300000e+001
      vertex -9.500000e+001 -1.420000e+002  1.670000e+002
    endloop
  endfacet
  facet normal  8.819219e-001  4.713953e-001  0.000000e+000
    outer loop
      vertex -9.477164e+001 -1.431481e+002  1.300000e+001
      vertex -9.449441e+001 -1.436667e+002  1.670000e+002
      vertex -9.449441e+001 -1.436667e+002  1.300000e+001
    endloop
  endfacet
  facet normal  7.730103e-001  6.343936e-001  -0.000000e+000
    outer loop
      vertex -9.449441e+001 -1.436667e+002  1.300000e+001
      vertex -9.449441e+001 -1.436667e+002  1.670000e+002
      vertex -9.412132e+001 -1.441213e+002  1.670000e+002
    endloop
  endfacet
  facet normal  7.730103e-001  6.343936e-001  0.000000e+000
    outer loop
      vertex -9.449441e+001 -1.436667e+002  1.300000e+001
      vertex -9.412132e+001 -1.441213e+002  1.670000e+002
      vertex -9.412132e+001 -1.441213e+002  1.300000e+001
    endloop
  endfacet
  facet normal  6.343949e-001  7.730091e-001  -0.000000e+000
    outer loop
      vertex -9.412132e+001 -1.441213e+002  1.300000e+001
      vertex -9.412132e+001 -1.441213e+002  1.670000e+002
      vertex -9.366671e+001 -1.444944e+002  1.670000e+002
    endloop
  endfacet
  facet normal  6.343949e-001  7.730091e-001  0.000000e+000
    outer loop
      vertex -9.412132e+001 -1.441213e+002  1.300000e+001
      vertex -9.366671e+001 -1.444944e+002  1.670000e+002
      vertex -9.366671e+001 -1.444944e+002  1.300000e+001
    endloop
  endfacet
  facet normal  4.713853e-001  8.819274e-001  -0.000000e+000
    outer loop
      vertex -9.366671e+001 -1.444944e+002  1.300000e+001
      vertex -9.366671e+001 -1.444944e+002  1.670000e+002
      vertex -9.314805e+001 -1.447716e+002  1.670000e+002
    endloop
  endfacet
  facet normal  4.713853e-001  8.819274e-001  0.000000e+000
    outer loop
      vertex -9.366671e+001 -1.444944e+002  1.300000e+001
      vertex -9.314805e+001 -1.447716e+002  1.670000e+002
      vertex -9.314805e+001 -1.447716e+002  1.300000e+001
    endloop
  endfacet
  facet normal  2.902839e-001  9.569406e-001  -0.000000e+000
    outer loop
      vertex -9.314805e+001 -1.447716e+002  1.300000e+001
      vertex -9.314805e+001 -1.447716e+002  1.670000e+002
      vertex -9.258527e+001 -1.449424e+002  1.670000e+002
    endloop
  endfacet
  facet normal  2.902839e-001  9.569406e-001  0.000000e+000
    outer loop
      vertex -9.314805e+001 -1.447716e+002  1.300000e+001
      vertex -9.258527e+001 -1.449424e+002  1.670000e+002
      vertex -9.258527e+001 -1.449424e+002  1.300000e+001
    endloop
  endfacet
  facet normal  0.000000e+000  1.631800e-001  9.865964e-001
    outer loop
      vertex -4.000000e+001 -1.425000e+002  1.004196e+001
      vertex -4.031778e+001 -1.424797e+002  1.003860e+001
      vertex -7.000000e+001 -1.425000e+002  1.004196e+001
    endloop
  endfacet
  facet normal  -0.000000e+000  1.631800e-001  9.865963e-001
    outer loop
      vertex  9.682220e+000 -1.424797e+002  1.003860e+001
      vertex -4.000000e+001 -1.425000e+002  1.004196e+001
      vertex  1.000000e+001 -1.425000e+002  1.004196e+001
    endloop
  endfacet
  facet normal  -0.000000e+000  1.631800e-001  9.865963e-001
    outer loop
      vertex  5.968222e+001 -1.424797e+002  1.003860e+001
      vertex  1.000000e+001 -1.425000e+002  1.004196e+001
      vertex  6.000000e+001 -1.425000e+002  1.004196e+001
    endloop
  endfacet
  facet normal  3.296787e-004  9.801749e-002  9.951847e-001
    outer loop
      vertex -9.200000e+001 -1.420000e+002  1.000000e+001
      vertex -9.200000e+001 -1.425853e+002  1.005764e+001
      vertex -7.000000e+001 -1.425000e+002  1.004196e+001
    endloop
  endfacet
  facet normal  2.814516e-003  2.059551e-001  9.785574e-001
    outer loop
      vertex -9.200000e+001 -1.420000e+002  1.000000e+001
      vertex -7.000000e+001 -1.425000e+002  1.004196e+001
      vertex -7.031778e+001 -1.424797e+002  1.003860e+001
    endloop
  endfacet
  facet normal  1.603986e-003  1.520320e-001  9.883743e-001
    outer loop
      vertex -9.200000e+001 -1.420000e+002  1.000000e+001
      vertex -7.031778e+001 -1.424797e+002  1.003860e+001
      vertex -7.073750e+001 -1.423887e+002  1.002529e+001
    endloop
  endfacet
  facet normal  7.269700e-004  1.044642e-001  9.945284e-001
    outer loop
      vertex -9.200000e+001 -1.420000e+002  1.000000e+001
      vertex -7.073750e+001 -1.423887e+002  1.002529e+001
      vertex -7.113546e+001 -1.422273e+002  1.000862e+001
    endloop
  endfacet
  facet normal  0.000000e+000  3.790329e-002  9.992814e-001
    outer loop
      vertex -9.200000e+001 -1.420000e+002  1.000000e+001
      vertex -7.113546e+001 -1.422273e+002  1.000862e+001
      vertex -7.150000e+001 -1.420000e+002  1.000000e+001
    endloop
  endfacet
  facet normal  -0.000000e+000  2.672005e-002  9.996429e-001
    outer loop
      vertex  1.100000e+002 -1.420000e+002  1.000000e+001
      vertex  6.150000e+001 -1.420000e+002  1.000000e+001
      vertex  6.125832e+001 -1.421602e+002  1.000428e+001
    endloop
  endfacet
  facet normal -1.608737e-004  7.558985e-002  9.971389e-001
    outer loop
      vertex  1.100000e+002 -1.420000e+002  1.000000e+001
      vertex  6.125832e+001 -1.421602e+002  1.000428e+001
      vertex  6.099982e+001 -1.422914e+002  1.001418e+001
    endloop
  endfacet
  facet normal -4.533227e-004  1.245324e-001  9.922155e-001
    outer loop
      vertex  1.100000e+002 -1.420000e+002  1.000000e+001
      vertex  6.099982e+001 -1.422914e+002  1.001418e+001
      vertex  6.051081e+001 -1.424473e+002  1.003352e+001
    endloop
  endfacet
  facet normal -8.296036e-004  1.657158e-001  9.861733e-001
    outer loop
      vertex  1.100000e+002 -1.420000e+002  1.000000e+001
      vertex  6.051081e+001 -1.424473e+002  1.003352e+001
      vertex  6.000000e+001 -1.425000e+002  1.004196e+001
    endloop
  endfacet
  facet normal -1.450586e-004  9.801749e-002  9.951847e-001
    outer loop
      vertex  1.100000e+002 -1.425853e+002  1.005764e+001
      vertex  1.100000e+002 -1.420000e+002  1.000000e+001
      vertex  6.000000e+001 -1.425000e+002  1.004196e+001
    endloop
  endfacet
  facet normal  0.000000e+000  1.809295e-001  9.834960e-001
    outer loop
      vertex  1.100000e+002 -1.425853e+002  1.005764e+001
      vertex  6.000000e+001 -1.425000e+002  1.004196e+001
      vertex  1.000000e+001 -1.425000e+002  1.004196e+001
    endloop
  endfacet
  facet normal  0.000000e+000  1.809295e-001  9.834960e-001
    outer loop
      vertex  1.100000e+002 -1.425853e+002  1.005764e+001
      vertex  1.000000e+001 -1.425000e+002  1.004196e+001
      vertex -4.000000e+001 -1.425000e+002  1.004196e+001
    endloop
  endfacet
  facet normal  0.000000e+000  1.809295e-001  9.834961e-001
    outer loop
      vertex  1.100000e+002 -1.425853e+002  1.005764e+001
      vertex -4.000000e+001 -1.425000e+002  1.004196e+001
      vertex -7.000000e+001 -1.425000e+002  1.004196e+001
    endloop
  endfacet
  facet normal  0.000000e+000  1.809295e-001  9.834961e-001
    outer loop
      vertex  1.100000e+002 -1.425853e+002  1.005764e+001
      vertex -7.000000e+001 -1.425000e+002  1.004196e+001
      vertex -9.200000e+001 -1.425853e+002  1.005764e+001
    endloop
  endfacet
  facet normal  0.000000e+000  2.672005e-002  9.996429e-001
    outer loop
      vertex -6.850000e+001 -1.420000e+002  1.000000e+001
      vertex -6.874168e+001 -1.421602e+002  1.000428e+001
      vertex -4.150000e+001 -1.420000e+002  1.000000e+001
    endloop
  endfacet
  facet normal -2.893242e-004  7.584161e-002  9.971199e-001
    outer loop
      vertex -4.150000e+001 -1.420000e+002  1.000000e+001
      vertex -6.874168e+001 -1.421602e+002  1.000428e+001
      vertex -6.900018e+001 -1.422914e+002  1.001418e+001
    endloop
  endfacet
  facet normal  1.118485e-004  3.808244e-002  9.992746e-001
    outer loop
      vertex -4.150000e+001 -1.420000e+002  1.000000e+001
      vertex -6.900018e+001 -1.422914e+002  1.001418e+001
      vertex -4.113546e+001 -1.422273e+002  1.000862e+001
    endloop
  endfacet
  facet normal -8.579667e-005  1.233971e-001  9.923574e-001
    outer loop
      vertex -4.113546e+001 -1.422273e+002  1.000862e+001
      vertex -6.900018e+001 -1.422914e+002  1.001418e+001
      vertex -6.948919e+001 -1.424473e+002  1.003352e+001
    endloop
  endfacet
  facet normal  7.547317e-005  1.028757e-001  9.946942e-001
    outer loop
      vertex -4.113546e+001 -1.422273e+002  1.000862e+001
      vertex -6.948919e+001 -1.424473e+002  1.003352e+001
      vertex -4.073749e+001 -1.423887e+002  1.002529e+001
    endloop
  endfacet
  facet normal -3.930555e-005  1.582586e-001  9.873977e-001
    outer loop
      vertex -4.073749e+001 -1.423887e+002  1.002529e+001
      vertex -6.948919e+001 -1.424473e+002  1.003352e+001
      vertex -7.000000e+001 -1.425000e+002  1.004196e+001
    endloop
  endfacet
  facet normal  1.284663e-005  1.448490e-001  9.894537e-001
    outer loop
      vertex -4.073749e+001 -1.423887e+002  1.002529e+001
      vertex -7.000000e+001 -1.425000e+002  1.004196e+001
      vertex -4.031778e+001 -1.424797e+002  1.003860e+001
    endloop
  endfacet
  facet normal  0.000000e+000  2.672005e-002  9.996430e-001
    outer loop
      vertex -3.850000e+001 -1.420000e+002  1.000000e+001
      vertex -3.874168e+001 -1.421602e+002  1.000428e+001
      vertex  8.500000e+000 -1.420000e+002  1.000000e+001
    endloop
  endfacet
  facet normal -1.660160e-004  7.559993e-002  9.971382e-001
    outer loop
      vertex  8.500000e+000 -1.420000e+002  1.000000e+001
      vertex -3.874168e+001 -1.421602e+002  1.000428e+001
      vertex -3.900018e+001 -1.422914e+002  1.001418e+001
    endloop
  endfacet
  facet normal  6.521361e-005  3.800774e-002  9.992774e-001
    outer loop
      vertex  8.500000e+000 -1.420000e+002  1.000000e+001
      vertex -3.900018e+001 -1.422914e+002  1.001418e+001
      vertex  8.864540e+000 -1.422273e+002  1.000862e+001
    endloop
  endfacet
  facet normal -4.979645e-005  1.232859e-001  9.923712e-001
    outer loop
      vertex  8.864540e+000 -1.422273e+002  1.000862e+001
      vertex -3.900018e+001 -1.422914e+002  1.001418e+001
      vertex -3.948919e+001 -1.424473e+002  1.003352e+001
    endloop
  endfacet
  facet normal  4.460254e-005  1.028005e-001  9.947020e-001
    outer loop
      vertex  8.864540e+000 -1.422273e+002  1.000862e+001
      vertex -3.948919e+001 -1.424473e+002  1.003352e+001
      vertex  9.262508e+000 -1.423887e+002  1.002529e+001
    endloop
  endfacet
  facet normal -2.299175e-005  1.581046e-001  9.874224e-001
    outer loop
      vertex  9.262508e+000 -1.423887e+002  1.002529e+001
      vertex -3.948919e+001 -1.424473e+002  1.003352e+001
      vertex -4.000000e+001 -1.425000e+002  1.004196e+001
    endloop
  endfacet
  facet normal  7.684856e-006  1.448257e-001  9.894572e-001
    outer loop
      vertex  9.262508e+000 -1.423887e+002  1.002529e+001
      vertex -4.000000e+001 -1.425000e+002  1.004196e+001
      vertex  9.682220e+000 -1.424797e+002  1.003860e+001
    endloop
  endfacet
  facet normal  -0.000000e+000  8.819271e-001  4.713860e-001
    outer loop
      vertex  1.100000e+002 -1.444944e+002  1.133329e+001
      vertex -9.200000e+001 -1.447716e+002  1.185195e+001
      vertex  1.100000e+002 -1.447716e+002  1.185195e+001
    endloop
  endfacet
  facet normal  0.000000e+000  9.569412e-001  2.902817e-001
    outer loop
      vertex  1.100000e+002 -1.447716e+002  1.185195e+001
      vertex -9.200000e+001 -1.447716e+002  1.185195e+001
      vertex -9.200000e+001 -1.449424e+002  1.241473e+001
    endloop
  endfacet
  facet normal  -0.000000e+000  9.569412e-001  2.902817e-001
    outer loop
      vertex  1.100000e+002 -1.447716e+002  1.185195e+001
      vertex -9.200000e+001 -1.449424e+002  1.241473e+001
      vertex  1.100000e+002 -1.449424e+002  1.241473e+001
    endloop
  endfacet
  facet normal  0.000000e+000  9.951841e-001  9.802312e-002
    outer loop
      vertex  1.100000e+002 -1.449424e+002  1.241473e+001
      vertex -9.200000e+001 -1.449424e+002  1.241473e+001
      vertex -9.200000e+001 -1.450000e+002  1.300000e+001
    endloop
  endfacet
  facet normal  -0.000000e+000  9.951841e-001  9.802312e-002
    outer loop
      vertex  1.100000e+002 -1.449424e+002  1.241473e+001
      vertex -9.200000e+001 -1.450000e+002  1.300000e+001
      vertex  1.100000e+002 -1.450000e+002  1.300000e+001
    endloop
  endfacet
  facet normal  0.000000e+000  8.819271e-001  4.713860e-001
    outer loop
      vertex -9.200000e+001 -1.447716e+002  1.185195e+001
      vertex  1.100000e+002 -1.444944e+002  1.133329e+001
      vertex -9.200000e+001 -1.444944e+002  1.133329e+001
    endloop
  endfacet
  facet normal  -0.000000e+000  7.730071e-001  6.343973e-001
    outer loop
      vertex -9.200000e+001 -1.444944e+002  1.133329e+001
      vertex  1.100000e+002 -1.444944e+002  1.133329e+001
      vertex  1.100000e+002 -1.441213e+002  1.087868e+001
    endloop
  endfacet
  facet normal  0.000000e+000  7.730071e-001  6.343973e-001
    outer loop
      vertex -9.200000e+001 -1.444944e+002  1.133329e+001
      vertex  1.100000e+002 -1.441213e+002  1.087868e+001
      vertex -9.200000e+001 -1.441213e+002  1.087868e+001
    endloop
  endfacet
  facet normal  -0.000000e+000  6.343966e-001  7.730079e-001
    outer loop
      vertex -9.200000e+001 -1.441213e+002  1.087868e+001
      vertex  1.100000e+002 -1.441213e+002  1.087868e+001
      vertex  1.100000e+002 -1.436667e+002  1.050559e+001
    endloop
  endfacet
  facet normal  0.000000e+000  6.343966e-001  7.730079e-001
    outer loop
      vertex -9.200000e+001 -1.441213e+002  1.087868e+001
      vertex  1.100000e+002 -1.436667e+002  1.050559e+001
      vertex -9.200000e+001 -1.436667e+002  1.050559e+001
    endloop
  endfacet
  facet normal  -0.000000e+000  4.713966e-001  8.819214e-001
    outer loop
      vertex -9.200000e+001 -1.436667e+002  1.050559e+001
      vertex  1.100000e+002 -1.436667e+002  1.050559e+001
      vertex  1.100000e+002 -1.431481e+002  1.022836e+001
    endloop
  endfacet
  facet normal  0.000000e+000  4.713966e-001  8.819214e-001
    outer loop
      vertex -9.200000e+001 -1.436667e+002  1.050559e+001
      vertex  1.100000e+002 -1.431481e+002  1.022836e+001
      vertex -9.200000e+001 -1.431481e+002  1.022836e+001
    endloop
  endfacet
  facet normal  -0.000000e+000  2.902797e-001  9.569419e-001
    outer loop
      vertex -9.200000e+001 -1.431481e+002  1.022836e+001
      vertex  1.100000e+002 -1.431481e+002  1.022836e+001
      vertex  1.100000e+002 -1.425853e+002  1.005764e+001
    endloop
  endfacet
  facet normal  0.000000e+000  2.902797e-001  9.569419e-001
    outer loop
      vertex -9.200000e+001 -1.431481e+002  1.022836e+001
      vertex  1.100000e+002 -1.425853e+002  1.005764e+001
      vertex -9.200000e+001 -1.425853e+002  1.005764e+001
    endloop
  endfacet
  facet normal  0.000000e+000  2.672005e-002  9.996429e-001
    outer loop
      vertex  1.150000e+001 -1.420000e+002  1.000000e+001
      vertex  1.125832e+001 -1.421602e+002  1.000428e+001
      vertex  5.850000e+001 -1.420000e+002  1.000000e+001
    endloop
  endfacet
  facet normal -1.660160e-004  7.559993e-002  9.971382e-001
    outer loop
      vertex  5.850000e+001 -1.420000e+002  1.000000e+001
      vertex  1.125832e+001 -1.421602e+002  1.000428e+001
      vertex  1.099983e+001 -1.422914e+002  1.001418e+001
    endloop
  endfacet
  facet normal  6.521361e-005  3.800774e-002  9.992774e-001
    outer loop
      vertex  5.850000e+001 -1.420000e+002  1.000000e+001
      vertex  1.099983e+001 -1.422914e+002  1.001418e+001
      vertex  5.886454e+001 -1.422273e+002  1.000862e+001
    endloop
  endfacet
  facet normal -4.979645e-005  1.232859e-001  9.923712e-001
    outer loop
      vertex  5.886454e+001 -1.422273e+002  1.000862e+001
      vertex  1.099983e+001 -1.422914e+002  1.001418e+001
      vertex  1.051081e+001 -1.424473e+002  1.003352e+001
    endloop
  endfacet
  facet normal  4.460254e-005  1.028005e-001  9.947020e-001
    outer loop
      vertex  5.886454e+001 -1.422273e+002  1.000862e+001
      vertex  1.051081e+001 -1.424473e+002  1.003352e+001
      vertex  5.926251e+001 -1.423887e+002  1.002529e+001
    endloop
  endfacet
  facet normal -2.299175e-005  1.581046e-001  9.874224e-001
    outer loop
      vertex  5.926251e+001 -1.423887e+002  1.002529e+001
      vertex  1.051081e+001 -1.424473e+002  1.003352e+001
      vertex  1.000000e+001 -1.425000e+002  1.004196e+001
    endloop
  endfacet
  facet normal  7.684856e-006  1.448257e-001  9.894572e-001
    outer loop
      vertex  5.926251e+001 -1.423887e+002  1.002529e+001
      vertex  1.000000e+001 -1.425000e+002  1.004196e+001
      vertex  5.968222e+001 -1.424797e+002  1.003860e+001
    endloop
  endfacet
  facet normal  9.653839e-003  9.951378e-001  9.801856e-002
    outer loop
      vertex -9.200000e+001 -1.450000e+002  1.300000e+001
      vertex -9.200000e+001 -1.449424e+002  1.241473e+001
      vertex -9.211418e+001 -1.449424e+002  1.242597e+001
    endloop
  endfacet
  facet normal  2.859041e-002  9.951379e-001  9.425183e-002
    outer loop
      vertex -9.200000e+001 -1.450000e+002  1.300000e+001
      vertex -9.211418e+001 -1.449424e+002  1.242597e+001
      vertex -9.222398e+001 -1.449424e+002  1.245928e+001
    endloop
  endfacet
  facet normal  4.643077e-002  9.951378e-001  8.686202e-002
    outer loop
      vertex -9.200000e+001 -1.450000e+002  1.300000e+001
      vertex -9.222398e+001 -1.449424e+002  1.245928e+001
      vertex -9.232516e+001 -1.449424e+002  1.251336e+001
    endloop
  endfacet
  facet normal  6.248270e-002  9.951378e-001  7.613651e-002
    outer loop
      vertex -9.200000e+001 -1.450000e+002  1.300000e+001
      vertex -9.232516e+001 -1.449424e+002  1.251336e+001
      vertex -9.241385e+001 -1.449424e+002  1.258615e+001
    endloop
  endfacet
  facet normal  7.613668e-002  9.951378e-001  6.248254e-002
    outer loop
      vertex -9.200000e+001 -1.450000e+002  1.300000e+001
      vertex -9.241385e+001 -1.449424e+002  1.258615e+001
      vertex -9.248663e+001 -1.449424e+002  1.267484e+001
    endloop
  endfacet
  facet normal  8.686320e-002  9.951378e-001  4.642921e-002
    outer loop
      vertex -9.200000e+001 -1.450000e+002  1.300000e+001
      vertex -9.248663e+001 -1.449424e+002  1.267484e+001
      vertex -9.254072e+001 -1.449424e+002  1.277603e+001
    endloop
  endfacet
  facet normal  9.425056e-002  9.951378e-001  2.859461e-002
    outer loop
      vertex -9.200000e+001 -1.450000e+002  1.300000e+001
      vertex -9.254072e+001 -1.449424e+002  1.277603e+001
      vertex -9.257403e+001 -1.449424e+002  1.288582e+001
    endloop
  endfacet
  facet normal  9.801809e-002  9.951378e-001  9.653874e-003
    outer loop
      vertex -9.200000e+001 -1.450000e+002  1.300000e+001
      vertex -9.257403e+001 -1.449424e+002  1.288582e+001
      vertex -9.258527e+001 -1.449424e+002  1.300000e+001
    endloop
  endfacet
  facet normal  6.236136e-002  7.715026e-001  6.331626e-001
    outer loop
      vertex -9.200000e+001 -1.441213e+002  1.087868e+001
      vertex -9.232516e+001 -1.444944e+002  1.136531e+001
      vertex -9.200000e+001 -1.444944e+002  1.133329e+001
    endloop
  endfacet
  facet normal  4.637775e-002  8.809779e-001  4.708790e-001
    outer loop
      vertex -9.200000e+001 -1.444944e+002  1.133329e+001
      vertex -9.232516e+001 -1.444944e+002  1.136531e+001
      vertex -9.222398e+001 -1.447716e+002  1.187401e+001
    endloop
  endfacet
  facet normal  4.637691e-002  8.809781e-001  4.708788e-001
    outer loop
      vertex -9.200000e+001 -1.444944e+002  1.133329e+001
      vertex -9.222398e+001 -1.447716e+002  1.187401e+001
      vertex -9.200000e+001 -1.447716e+002  1.185195e+001
    endloop
  endfacet
  facet normal  2.857820e-002  9.565504e-001  2.901631e-001
    outer loop
      vertex -9.200000e+001 -1.447716e+002  1.185195e+001
      vertex -9.222398e+001 -1.447716e+002  1.187401e+001
      vertex -9.211418e+001 -1.449424e+002  1.242597e+001
    endloop
  endfacet
  facet normal  2.857814e-002  9.565504e-001  2.901631e-001
    outer loop
      vertex -9.200000e+001 -1.447716e+002  1.185195e+001
      vertex -9.211418e+001 -1.449424e+002  1.242597e+001
      vertex -9.200000e+001 -1.449424e+002  1.241473e+001
    endloop
  endfacet
  facet normal  6.236175e-002  7.715024e-001  6.331627e-001
    outer loop
      vertex -9.232516e+001 -1.444944e+002  1.136531e+001
      vertex -9.200000e+001 -1.441213e+002  1.087868e+001
      vertex -9.241385e+001 -1.441213e+002  1.091944e+001
    endloop
  endfacet
  facet normal  7.591573e-002  6.325657e-001  7.707770e-001
    outer loop
      vertex -9.241385e+001 -1.441213e+002  1.091944e+001
      vertex -9.200000e+001 -1.441213e+002  1.087868e+001
      vertex -9.200000e+001 -1.436667e+002  1.050559e+001
    endloop
  endfacet
  facet normal  7.591425e-002  6.325666e-001  7.707765e-001
    outer loop
      vertex -9.241385e+001 -1.441213e+002  1.091944e+001
      vertex -9.200000e+001 -1.436667e+002  1.050559e+001
      vertex -9.248663e+001 -1.436667e+002  1.055352e+001
    endloop
  endfacet
  facet normal  8.653514e-002  4.696284e-001  8.786131e-001
    outer loop
      vertex -9.248663e+001 -1.436667e+002  1.055352e+001
      vertex -9.200000e+001 -1.436667e+002  1.050559e+001
      vertex -9.200000e+001 -1.431481e+002  1.022836e+001
    endloop
  endfacet
  facet normal  8.653737e-002  4.696266e-001  8.786137e-001
    outer loop
      vertex -9.248663e+001 -1.436667e+002  1.055352e+001
      vertex -9.200000e+001 -1.431481e+002  1.022836e+001
      vertex -9.254072e+001 -1.431481e+002  1.028162e+001
    endloop
  endfacet
  facet normal  9.383628e-002  2.889989e-001  9.527195e-001
    outer loop
      vertex -9.254072e+001 -1.431481e+002  1.028162e+001
      vertex -9.200000e+001 -1.431481e+002  1.022836e+001
      vertex -9.200000e+001 -1.425853e+002  1.005764e+001
    endloop
  endfacet
  facet normal  9.383440e-002  2.890005e-001  9.527192e-001
    outer loop
      vertex -9.254072e+001 -1.431481e+002  1.028162e+001
      vertex -9.200000e+001 -1.425853e+002  1.005764e+001
      vertex -9.257403e+001 -1.425853e+002  1.011418e+001
    endloop
  endfacet
  facet normal  9.754941e-002  9.755001e-002  9.904383e-001
    outer loop
      vertex -9.257403e+001 -1.425853e+002  1.011418e+001
      vertex -9.200000e+001 -1.425853e+002  1.005764e+001
      vertex -9.200000e+001 -1.420000e+002  1.000000e+001
    endloop
  endfacet
  facet normal  9.754874e-002  9.755065e-002  9.904383e-001
    outer loop
      vertex -9.257403e+001 -1.425853e+002  1.011418e+001
      vertex -9.200000e+001 -1.420000e+002  1.000000e+001
      vertex -9.258527e+001 -1.420000e+002  1.005764e+001
    endloop
  endfacet
  facet normal  6.331597e-001  7.715045e-001  6.236629e-002
    outer loop
      vertex -9.408056e+001 -1.441213e+002  1.258615e+001
      vertex -9.366671e+001 -1.444944e+002  1.300000e+001
      vertex -9.363468e+001 -1.444944e+002  1.267484e+001
    endloop
  endfacet
  facet normal  4.708780e-001  8.809783e-001  4.638152e-002
    outer loop
      vertex -9.363468e+001 -1.444944e+002  1.267484e+001
      vertex -9.366671e+001 -1.444944e+002  1.300000e+001
      vertex -9.314805e+001 -1.447716e+002  1.300000e+001
    endloop
  endfacet
  facet normal  4.708831e-001  8.809760e-001  4.637192e-002
    outer loop
      vertex -9.363468e+001 -1.444944e+002  1.267484e+001
      vertex -9.314805e+001 -1.447716e+002  1.300000e+001
      vertex -9.312599e+001 -1.447716e+002  1.277603e+001
    endloop
  endfacet
  facet normal  2.901654e-001  9.565498e-001  2.857509e-002
    outer loop
      vertex -9.312599e+001 -1.447716e+002  1.277603e+001
      vertex -9.314805e+001 -1.447716e+002  1.300000e+001
      vertex -9.258527e+001 -1.449424e+002  1.300000e+001
    endloop
  endfacet
  facet normal  2.901640e-001  9.565501e-001  2.857847e-002
    outer loop
      vertex -9.312599e+001 -1.447716e+002  1.277603e+001
      vertex -9.258527e+001 -1.449424e+002  1.300000e+001
      vertex -9.257403e+001 -1.449424e+002  1.288582e+001
    endloop
  endfacet
  facet normal  6.331600e-001  7.715044e-001  6.236587e-002
    outer loop
      vertex -9.366671e+001 -1.444944e+002  1.300000e+001
      vertex -9.408056e+001 -1.441213e+002  1.258615e+001
      vertex -9.412132e+001 -1.441213e+002  1.300000e+001
    endloop
  endfacet
  facet normal  7.707747e-001  6.325681e-001  7.592083e-002
    outer loop
      vertex -9.412132e+001 -1.441213e+002  1.300000e+001
      vertex -9.408056e+001 -1.441213e+002  1.258615e+001
      vertex -9.444648e+001 -1.436667e+002  1.251336e+001
    endloop
  endfacet
  facet normal  7.707797e-001  6.325630e-001  7.591275e-002
    outer loop
      vertex -9.412132e+001 -1.441213e+002  1.300000e+001
      vertex -9.444648e+001 -1.436667e+002  1.251336e+001
      vertex -9.449441e+001 -1.436667e+002  1.300000e+001
    endloop
  endfacet
  facet normal  8.786130e-001  4.696290e-001  8.653306e-002
    outer loop
      vertex -9.449441e+001 -1.436667e+002  1.300000e+001
      vertex -9.444648e+001 -1.436667e+002  1.251336e+001
      vertex -9.471838e+001 -1.431481e+002  1.245928e+001
    endloop
  endfacet
  facet normal  8.786140e-001  4.696272e-001  8.653089e-002
    outer loop
      vertex -9.449441e+001 -1.436667e+002  1.300000e+001
      vertex -9.471838e+001 -1.431481e+002  1.245928e+001
      vertex -9.477164e+001 -1.431481e+002  1.300000e+001
    endloop
  endfacet
  facet normal  9.527212e-001  2.889952e-001  9.382940e-002
    outer loop
      vertex -9.477164e+001 -1.431481e+002  1.300000e+001
      vertex -9.471838e+001 -1.431481e+002  1.245928e+001
      vertex -9.488582e+001 -1.425853e+002  1.242597e+001
    endloop
  endfacet
  facet normal  9.527209e-001  2.889961e-001  9.383029e-002
    outer loop
      vertex -9.477164e+001 -1.431481e+002  1.300000e+001
      vertex -9.488582e+001 -1.425853e+002  1.242597e+001
      vertex -9.494235e+001 -1.425853e+002  1.300000e+001
    endloop
  endfacet
  facet normal  9.904392e-001  9.754584e-002  9.754504e-002
    outer loop
      vertex -9.494235e+001 -1.425853e+002  1.300000e+001
      vertex -9.488582e+001 -1.425853e+002  1.242597e+001
      vertex -9.494235e+001 -1.420000e+002  1.241473e+001
    endloop
  endfacet
  facet normal  9.904372e-001  9.755635e-002  9.755555e-002
    outer loop
      vertex -9.494235e+001 -1.425853e+002  1.300000e+001
      vertex -9.494235e+001 -1.420000e+002  1.241473e+001
      vertex -9.500000e+001 -1.420000e+002  1.300000e+001
    endloop
  endfacet
  facet normal  6.088324e-001  7.715030e-001  1.846789e-001
    outer loop
      vertex -9.395985e+001 -1.441213e+002  1.218821e+001
      vertex -9.363468e+001 -1.444944e+002  1.267484e+001
      vertex -9.353984e+001 -1.444944e+002  1.236218e+001
    endloop
  endfacet
  facet normal  4.527875e-001  8.809766e-001  1.373453e-001
    outer loop
      vertex -9.353984e+001 -1.444944e+002  1.236218e+001
      vertex -9.363468e+001 -1.444944e+002  1.267484e+001
      vertex -9.312599e+001 -1.447716e+002  1.277603e+001
    endloop
  endfacet
  facet normal  4.527836e-001  8.809778e-001  1.373500e-001
    outer loop
      vertex -9.353984e+001 -1.444944e+002  1.236218e+001
      vertex -9.312599e+001 -1.447716e+002  1.277603e+001
      vertex -9.306066e+001 -1.447716e+002  1.256066e+001
    endloop
  endfacet
  facet normal  2.790132e-001  9.565501e-001  8.463752e-002
    outer loop
      vertex -9.306066e+001 -1.447716e+002  1.256066e+001
      vertex -9.312599e+001 -1.447716e+002  1.277603e+001
      vertex -9.257403e+001 -1.449424e+002  1.288582e+001
    endloop
  endfacet
  facet normal  2.790068e-001  9.565511e-001  8.464768e-002
    outer loop
      vertex -9.306066e+001 -1.447716e+002  1.256066e+001
      vertex -9.257403e+001 -1.449424e+002  1.288582e+001
      vertex -9.254072e+001 -1.449424e+002  1.277603e+001
    endloop
  endfacet
  facet normal  6.088297e-001  7.715044e-001  1.846817e-001
    outer loop
      vertex -9.363468e+001 -1.444944e+002  1.267484e+001
      vertex -9.395985e+001 -1.441213e+002  1.218821e+001
      vertex -9.408056e+001 -1.441213e+002  1.258615e+001
    endloop
  endfacet
  facet normal  7.411584e-001  6.325657e-001  2.248221e-001
    outer loop
      vertex -9.408056e+001 -1.441213e+002  1.258615e+001
      vertex -9.395985e+001 -1.441213e+002  1.218821e+001
      vertex -9.430453e+001 -1.436667e+002  1.204543e+001
    endloop
  endfacet
  facet normal  7.411556e-001  6.325679e-001  2.248251e-001
    outer loop
      vertex -9.408056e+001 -1.441213e+002  1.258615e+001
      vertex -9.430453e+001 -1.436667e+002  1.204543e+001
      vertex -9.444648e+001 -1.436667e+002  1.251336e+001
    endloop
  endfacet
  facet normal  8.448497e-001  4.696271e-001  2.562801e-001
    outer loop
      vertex -9.444648e+001 -1.436667e+002  1.251336e+001
      vertex -9.430453e+001 -1.436667e+002  1.204543e+001
      vertex -9.456066e+001 -1.431481e+002  1.193934e+001
    endloop
  endfacet
  facet normal  8.448480e-001  4.696290e-001  2.562823e-001
    outer loop
      vertex -9.444648e+001 -1.436667e+002  1.251336e+001
      vertex -9.456066e+001 -1.431481e+002  1.193934e+001
      vertex -9.471838e+001 -1.431481e+002  1.245928e+001
    endloop
  endfacet
  facet normal  9.161068e-001  2.889993e-001  2.778985e-001
    outer loop
      vertex -9.471838e+001 -1.431481e+002  1.245928e+001
      vertex -9.456066e+001 -1.431481e+002  1.193934e+001
      vertex -9.471838e+001 -1.425853e+002  1.187401e+001
    endloop
  endfacet
  facet normal  9.161091e-001  2.889956e-001  2.778949e-001
    outer loop
      vertex -9.471838e+001 -1.431481e+002  1.245928e+001
      vertex -9.471838e+001 -1.425853e+002  1.187401e+001
      vertex -9.488582e+001 -1.425853e+002  1.242597e+001
    endloop
  endfacet
  facet normal  9.523779e-001  9.754544e-002  2.888967e-001
    outer loop
      vertex -9.488582e+001 -1.425853e+002  1.242597e+001
      vertex -9.471838e+001 -1.425853e+002  1.187401e+001
      vertex -9.477164e+001 -1.420000e+002  1.185195e+001
    endloop
  endfacet
  facet normal  9.523776e-001  9.754605e-002  2.888973e-001
    outer loop
      vertex -9.488582e+001 -1.425853e+002  1.242597e+001
      vertex -9.477164e+001 -1.420000e+002  1.185195e+001
      vertex -9.494235e+001 -1.420000e+002  1.241473e+001
    endloop
  endfacet
  facet normal  5.610976e-001  7.715050e-001  2.999156e-001
    outer loop
      vertex -9.376382e+001 -1.441213e+002  1.182146e+001
      vertex -9.353984e+001 -1.444944e+002  1.236218e+001
      vertex -9.338582e+001 -1.444944e+002  1.207403e+001
    endloop
  endfacet
  facet normal  4.172870e-001  8.809777e-001  2.230465e-001
    outer loop
      vertex -9.338582e+001 -1.444944e+002  1.207403e+001
      vertex -9.353984e+001 -1.444944e+002  1.236218e+001
      vertex -9.306066e+001 -1.447716e+002  1.256066e+001
    endloop
  endfacet
  facet normal  4.172834e-001  8.809788e-001  2.230494e-001
    outer loop
      vertex -9.338582e+001 -1.444944e+002  1.207403e+001
      vertex -9.306066e+001 -1.447716e+002  1.256066e+001
      vertex -9.295457e+001 -1.447716e+002  1.236218e+001
    endloop
  endfacet
  facet normal  2.571367e-001  9.565507e-001  1.374466e-001
    outer loop
      vertex -9.295457e+001 -1.447716e+002  1.236218e+001
      vertex -9.306066e+001 -1.447716e+002  1.256066e+001
      vertex -9.254072e+001 -1.449424e+002  1.277603e+001
    endloop
  endfacet
  facet normal  2.571396e-001  9.565503e-001  1.374436e-001
    outer loop
      vertex -9.295457e+001 -1.447716e+002  1.236218e+001
      vertex -9.254072e+001 -1.449424e+002  1.277603e+001
      vertex -9.248663e+001 -1.449424e+002  1.267484e+001
    endloop
  endfacet
  facet normal  5.611012e-001  7.715035e-001  2.999131e-001
    outer loop
      vertex -9.353984e+001 -1.444944e+002  1.236218e+001
      vertex -9.376382e+001 -1.441213e+002  1.182146e+001
      vertex -9.395985e+001 -1.441213e+002  1.218821e+001
    endloop
  endfacet
  facet normal  6.830546e-001  6.325660e-001  3.650981e-001
    outer loop
      vertex -9.395985e+001 -1.441213e+002  1.218821e+001
      vertex -9.376382e+001 -1.441213e+002  1.182146e+001
      vertex -9.407403e+001 -1.436667e+002  1.161418e+001
    endloop
  endfacet
  facet normal  6.830546e-001  6.325660e-001  3.650982e-001
    outer loop
      vertex -9.395985e+001 -1.441213e+002  1.218821e+001
      vertex -9.407403e+001 -1.436667e+002  1.161418e+001
      vertex -9.430453e+001 -1.436667e+002  1.204543e+001
    endloop
  endfacet
  facet normal  7.786188e-001  4.696259e-001  4.161780e-001
    outer loop
      vertex -9.430453e+001 -1.436667e+002  1.204543e+001
      vertex -9.407403e+001 -1.436667e+002  1.161418e+001
      vertex -9.430453e+001 -1.431481e+002  1.146016e+001
    endloop
  endfacet
  facet normal  7.786174e-001  4.696272e-001  4.161792e-001
    outer loop
      vertex -9.430453e+001 -1.436667e+002  1.204543e+001
      vertex -9.430453e+001 -1.431481e+002  1.146016e+001
      vertex -9.456066e+001 -1.431481e+002  1.193934e+001
    endloop
  endfacet
  facet normal  8.442898e-001  2.889973e-001  4.512818e-001
    outer loop
      vertex -9.456066e+001 -1.431481e+002  1.193934e+001
      vertex -9.430453e+001 -1.431481e+002  1.146016e+001
      vertex -9.444648e+001 -1.425853e+002  1.136531e+001
    endloop
  endfacet
  facet normal  8.442884e-001  2.889991e-001  4.512832e-001
    outer loop
      vertex -9.456066e+001 -1.431481e+002  1.193934e+001
      vertex -9.444648e+001 -1.425853e+002  1.136531e+001
      vertex -9.471838e+001 -1.425853e+002  1.187401e+001
    endloop
  endfacet
  facet normal  8.777144e-001  9.754817e-002  4.691499e-001
    outer loop
      vertex -9.471838e+001 -1.425853e+002  1.187401e+001
      vertex -9.444648e+001 -1.425853e+002  1.136531e+001
      vertex -9.449441e+001 -1.420000e+002  1.133329e+001
    endloop
  endfacet
  facet normal  8.777158e-001  9.754588e-002  4.691480e-001
    outer loop
      vertex -9.471838e+001 -1.425853e+002  1.187401e+001
      vertex -9.449441e+001 -1.420000e+002  1.133329e+001
      vertex -9.477164e+001 -1.420000e+002  1.185195e+001
    endloop
  endfacet
  facet normal  4.918111e-001  7.715021e-001  4.036165e-001
    outer loop
      vertex -9.350000e+001 -1.441213e+002  1.150000e+001
      vertex -9.338582e+001 -1.444944e+002  1.207403e+001
      vertex -9.317854e+001 -1.444944e+002  1.182146e+001
    endloop
  endfacet
  facet normal  3.657556e-001  8.809785e-001  3.001661e-001
    outer loop
      vertex -9.317854e+001 -1.444944e+002  1.182146e+001
      vertex -9.338582e+001 -1.444944e+002  1.207403e+001
      vertex -9.295457e+001 -1.447716e+002  1.236218e+001
    endloop
  endfacet
  facet normal  3.657523e-001  8.809792e-001  3.001678e-001
    outer loop
      vertex -9.317854e+001 -1.444944e+002  1.182146e+001
      vertex -9.295457e+001 -1.447716e+002  1.236218e+001
      vertex -9.281179e+001 -1.447716e+002  1.218821e+001
    endloop
  endfacet
  facet normal  2.253839e-001  9.565504e-001  1.849694e-001
    outer loop
      vertex -9.281179e+001 -1.447716e+002  1.218821e+001
      vertex -9.295457e+001 -1.447716e+002  1.236218e+001
      vertex -9.248663e+001 -1.449424e+002  1.267484e+001
    endloop
  endfacet
  facet normal  2.253873e-001  9.565499e-001  1.849670e-001
    outer loop
      vertex -9.281179e+001 -1.447716e+002  1.218821e+001
      vertex -9.248663e+001 -1.449424e+002  1.267484e+001
      vertex -9.241385e+001 -1.449424e+002  1.258615e+001
    endloop
  endfacet
  facet normal  4.918055e-001  7.715044e-001  4.036192e-001
    outer loop
      vertex -9.338582e+001 -1.444944e+002  1.207403e+001
      vertex -9.350000e+001 -1.441213e+002  1.150000e+001
      vertex -9.376382e+001 -1.441213e+002  1.182146e+001
    endloop
  endfacet
  facet normal  5.986968e-001  6.325691e-001  4.913436e-001
    outer loop
      vertex -9.376382e+001 -1.441213e+002  1.182146e+001
      vertex -9.350000e+001 -1.441213e+002  1.150000e+001
      vertex -9.376382e+001 -1.436667e+002  1.123619e+001
    endloop
  endfacet
  facet normal  5.987015e-001  6.325662e-001  4.913414e-001
    outer loop
      vertex -9.376382e+001 -1.441213e+002  1.182146e+001
      vertex -9.376382e+001 -1.436667e+002  1.123619e+001
      vertex -9.407403e+001 -1.436667e+002  1.161418e+001
    endloop
  endfacet
  facet normal  6.824641e-001  4.696267e-001  5.600836e-001
    outer loop
      vertex -9.407403e+001 -1.436667e+002  1.161418e+001
      vertex -9.376382e+001 -1.436667e+002  1.123619e+001
      vertex -9.395985e+001 -1.431481e+002  1.104016e+001
    endloop
  endfacet
  facet normal  6.824647e-001  4.696261e-001  5.600832e-001
    outer loop
      vertex -9.407403e+001 -1.436667e+002  1.161418e+001
      vertex -9.395985e+001 -1.431481e+002  1.104016e+001
      vertex -9.430453e+001 -1.431481e+002  1.146016e+001
    endloop
  endfacet
  facet normal  7.400271e-001  2.889950e-001  6.073234e-001
    outer loop
      vertex -9.430453e+001 -1.431481e+002  1.146016e+001
      vertex -9.395985e+001 -1.431481e+002  1.104016e+001
      vertex -9.408056e+001 -1.425853e+002  1.091944e+001
    endloop
  endfacet
  facet normal  7.400247e-001  2.889976e-001  6.073251e-001
    outer loop
      vertex -9.430453e+001 -1.431481e+002  1.146016e+001
      vertex -9.408056e+001 -1.425853e+002  1.091944e+001
      vertex -9.444648e+001 -1.425853e+002  1.136531e+001
    endloop
  endfacet
  facet normal  7.693220e-001  9.755521e-002  6.313688e-001
    outer loop
      vertex -9.444648e+001 -1.425853e+002  1.136531e+001
      vertex -9.408056e+001 -1.425853e+002  1.091944e+001
      vertex -9.412132e+001 -1.420000e+002  1.087868e+001
    endloop
  endfacet
  facet normal  7.693268e-001  9.754854e-002  6.313640e-001
    outer loop
      vertex -9.444648e+001 -1.425853e+002  1.136531e+001
      vertex -9.412132e+001 -1.420000e+002  1.087868e+001
      vertex -9.449441e+001 -1.420000e+002  1.133329e+001
    endloop
  endfacet
  facet normal  4.036137e-001  7.715039e-001  4.918106e-001
    outer loop
      vertex -9.317854e+001 -1.441213e+002  1.123619e+001
      vertex -9.317854e+001 -1.444944e+002  1.182146e+001
      vertex -9.292597e+001 -1.444944e+002  1.161418e+001
    endloop
  endfacet
  facet normal  3.001647e-001  8.809788e-001  3.657560e-001
    outer loop
      vertex -9.292597e+001 -1.444944e+002  1.161418e+001
      vertex -9.317854e+001 -1.444944e+002  1.182146e+001
      vertex -9.281179e+001 -1.447716e+002  1.218821e+001
    endloop
  endfacet
  facet normal  3.001756e-001  8.809764e-001  3.657527e-001
    outer loop
      vertex -9.292597e+001 -1.444944e+002  1.161418e+001
      vertex -9.281179e+001 -1.447716e+002  1.218821e+001
      vertex -9.263783e+001 -1.447716e+002  1.204543e+001
    endloop
  endfacet
  facet normal  1.849723e-001  9.565502e-001  2.253817e-001
    outer loop
      vertex -9.263783e+001 -1.447716e+002  1.204543e+001
      vertex -9.281179e+001 -1.447716e+002  1.218821e+001
      vertex -9.241385e+001 -1.449424e+002  1.258615e+001
    endloop
  endfacet
  facet normal  1.849657e-001  9.565508e-001  2.253846e-001
    outer loop
      vertex -9.263783e+001 -1.447716e+002  1.204543e+001
      vertex -9.241385e+001 -1.449424e+002  1.258615e+001
      vertex -9.232516e+001 -1.449424e+002  1.251336e+001
    endloop
  endfacet
  facet normal  4.036180e-001  7.715024e-001  4.918096e-001
    outer loop
      vertex -9.317854e+001 -1.444944e+002  1.182146e+001
      vertex -9.317854e+001 -1.441213e+002  1.123619e+001
      vertex -9.350000e+001 -1.441213e+002  1.150000e+001
    endloop
  endfacet
  facet normal  4.913420e-001  6.325657e-001  5.987016e-001
    outer loop
      vertex -9.350000e+001 -1.441213e+002  1.150000e+001
      vertex -9.317854e+001 -1.441213e+002  1.123619e+001
      vertex -9.338582e+001 -1.436667e+002  1.092597e+001
    endloop
  endfacet
  facet normal  4.913377e-001  6.325681e-001  5.987026e-001
    outer loop
      vertex -9.350000e+001 -1.441213e+002  1.150000e+001
      vertex -9.338582e+001 -1.436667e+002  1.092597e+001
      vertex -9.376382e+001 -1.436667e+002  1.123619e+001
    endloop
  endfacet
  facet normal  5.600796e-001  4.696289e-001  6.824658e-001
    outer loop
      vertex -9.376382e+001 -1.436667e+002  1.123619e+001
      vertex -9.338582e+001 -1.436667e+002  1.092597e+001
      vertex -9.353984e+001 -1.431481e+002  1.069547e+001
    endloop
  endfacet
  facet normal  5.600822e-001  4.696269e-001  6.824650e-001
    outer loop
      vertex -9.376382e+001 -1.436667e+002  1.123619e+001
      vertex -9.353984e+001 -1.431481e+002  1.069547e+001
      vertex -9.395985e+001 -1.431481e+002  1.104016e+001
    endloop
  endfacet
  facet normal  6.073225e-001  2.889953e-001  7.400277e-001
    outer loop
      vertex -9.395985e+001 -1.431481e+002  1.104016e+001
      vertex -9.353984e+001 -1.431481e+002  1.069547e+001
      vertex -9.363468e+001 -1.425853e+002  1.055352e+001
    endloop
  endfacet
  facet normal  6.073222e-001  2.889957e-001  7.400279e-001
    outer loop
      vertex -9.395985e+001 -1.431481e+002  1.104016e+001
      vertex -9.363468e+001 -1.425853e+002  1.055352e+001
      vertex -9.408056e+001 -1.425853e+002  1.091944e+001
    endloop
  endfacet
  facet normal  6.313656e-001  9.755276e-002  7.693250e-001
    outer loop
      vertex -9.408056e+001 -1.425853e+002  1.091944e+001
      vertex -9.363468e+001 -1.425853e+002  1.055352e+001
      vertex -9.366671e+001 -1.420000e+002  1.050559e+001
    endloop
  endfacet
  facet normal  6.313642e-001  9.755449e-002  7.693259e-001
    outer loop
      vertex -9.408056e+001 -1.425853e+002  1.091944e+001
      vertex -9.366671e+001 -1.420000e+002  1.050559e+001
      vertex -9.412132e+001 -1.420000e+002  1.087868e+001
    endloop
  endfacet
  facet normal  2.999201e-001  7.715004e-001  5.611017e-001
    outer loop
      vertex -9.281179e+001 -1.441213e+002  1.104016e+001
      vertex -9.292597e+001 -1.444944e+002  1.161418e+001
      vertex -9.263783e+001 -1.444944e+002  1.146016e+001
    endloop
  endfacet
  facet normal  2.230483e-001  8.809773e-001  4.172871e-001
    outer loop
      vertex -9.263783e+001 -1.444944e+002  1.146016e+001
      vertex -9.292597e+001 -1.444944e+002  1.161418e+001
      vertex -9.263783e+001 -1.447716e+002  1.204543e+001
    endloop
  endfacet
  facet normal  2.230415e-001  8.809786e-001  4.172878e-001
    outer loop
      vertex -9.263783e+001 -1.444944e+002  1.146016e+001
      vertex -9.263783e+001 -1.447716e+002  1.204543e+001
      vertex -9.243934e+001 -1.447716e+002  1.193934e+001
    endloop
  endfacet
  facet normal  1.374418e-001  9.565506e-001  2.571395e-001
    outer loop
      vertex -9.243934e+001 -1.447716e+002  1.193934e+001
      vertex -9.263783e+001 -1.447716e+002  1.204543e+001
      vertex -9.232516e+001 -1.449424e+002  1.251336e+001
    endloop
  endfacet
  facet normal  1.374491e-001  9.565501e-001  2.571379e-001
    outer loop
      vertex -9.243934e+001 -1.447716e+002  1.193934e+001
      vertex -9.232516e+001 -1.449424e+002  1.251336e+001
      vertex -9.222398e+001 -1.449424e+002  1.245928e+001
    endloop
  endfacet
  facet normal  2.999125e-001  7.715032e-001  5.611019e-001
    outer loop
      vertex -9.292597e+001 -1.444944e+002  1.161418e+001
      vertex -9.281179e+001 -1.441213e+002  1.104016e+001
      vertex -9.317854e+001 -1.441213e+002  1.123619e+001
    endloop
  endfacet
  facet normal  3.650968e-001  6.325670e-001  6.830544e-001
    outer loop
      vertex -9.317854e+001 -1.441213e+002  1.123619e+001
      vertex -9.281179e+001 -1.441213e+002  1.104016e+001
      vertex -9.295457e+001 -1.436667e+002  1.069547e+001
    endloop
  endfacet
  facet normal  3.650987e-001  6.325659e-001  6.830543e-001
    outer loop
      vertex -9.317854e+001 -1.441213e+002  1.123619e+001
      vertex -9.295457e+001 -1.436667e+002  1.069547e+001
      vertex -9.338582e+001 -1.436667e+002  1.092597e+001
    endloop
  endfacet
  facet normal  4.161776e-001  4.696302e-001  7.786165e-001
    outer loop
      vertex -9.338582e+001 -1.436667e+002  1.092597e+001
      vertex -9.295457e+001 -1.436667e+002  1.069547e+001
      vertex -9.306066e+001 -1.431481e+002  1.043934e+001
    endloop
  endfacet
  facet normal  4.161801e-001  4.696284e-001  7.786162e-001
    outer loop
      vertex -9.338582e+001 -1.436667e+002  1.092597e+001
      vertex -9.306066e+001 -1.431481e+002  1.043934e+001
      vertex -9.353984e+001 -1.431481e+002  1.069547e+001
    endloop
  endfacet
  facet normal  4.512830e-001  2.889979e-001  8.442890e-001
    outer loop
      vertex -9.353984e+001 -1.431481e+002  1.069547e+001
      vertex -9.306066e+001 -1.431481e+002  1.043934e+001
      vertex -9.312599e+001 -1.425853e+002  1.028162e+001
    endloop
  endfacet
  facet normal  4.512844e-001  2.889965e-001  8.442886e-001
    outer loop
      vertex -9.353984e+001 -1.431481e+002  1.069547e+001
      vertex -9.312599e+001 -1.425853e+002  1.028162e+001
      vertex -9.363468e+001 -1.425853e+002  1.055352e+001
    endloop
  endfacet
  facet normal  4.691508e-001  9.754924e-002  8.777140e-001
    outer loop
      vertex -9.363468e+001 -1.425853e+002  1.055352e+001
      vertex -9.312599e+001 -1.425853e+002  1.028162e+001
      vertex -9.314805e+001 -1.420000e+002  1.022836e+001
    endloop
  endfacet
  facet normal  4.691482e-001  9.755187e-002  8.777149e-001
    outer loop
      vertex -9.363468e+001 -1.425853e+002  1.055352e+001
      vertex -9.314805e+001 -1.420000e+002  1.022836e+001
      vertex -9.366671e+001 -1.420000e+002  1.050559e+001
    endloop
  endfacet
  facet normal  1.846849e-001  7.715027e-001  6.088308e-001
    outer loop
      vertex -9.241385e+001 -1.441213e+002  1.091944e+001
      vertex -9.263783e+001 -1.444944e+002  1.146016e+001
      vertex -9.232516e+001 -1.444944e+002  1.136531e+001
    endloop
  endfacet
  facet normal  1.373489e-001  8.809783e-001  4.527832e-001
    outer loop
      vertex -9.232516e+001 -1.444944e+002  1.136531e+001
      vertex -9.263783e+001 -1.444944e+002  1.146016e+001
      vertex -9.243934e+001 -1.447716e+002  1.193934e+001
    endloop
  endfacet
  facet normal  1.373525e-001  8.809775e-001  4.527836e-001
    outer loop
      vertex -9.232516e+001 -1.444944e+002  1.136531e+001
      vertex -9.243934e+001 -1.447716e+002  1.193934e+001
      vertex -9.222398e+001 -1.447716e+002  1.187401e+001
    endloop
  endfacet
  facet normal  8.463874e-002  9.565502e-001  2.790123e-001
    outer loop
      vertex -9.222398e+001 -1.447716e+002  1.187401e+001
      vertex -9.243934e+001 -1.447716e+002  1.193934e+001
      vertex -9.222398e+001 -1.449424e+002  1.245928e+001
    endloop
  endfacet
  facet normal  8.463580e-002  9.565505e-001  2.790124e-001
    outer loop
      vertex -9.222398e+001 -1.447716e+002  1.187401e+001
      vertex -9.222398e+001 -1.449424e+002  1.245928e+001
      vertex -9.211418e+001 -1.449424e+002  1.242597e+001
    endloop
  endfacet
  facet normal  1.846883e-001  7.715015e-001  6.088313e-001
    outer loop
      vertex -9.263783e+001 -1.444944e+002  1.146016e+001
      vertex -9.241385e+001 -1.441213e+002  1.091944e+001
      vertex -9.281179e+001 -1.441213e+002  1.104016e+001
    endloop
  endfacet
  facet normal  2.248288e-001  6.325662e-001  7.411558e-001
    outer loop
      vertex -9.281179e+001 -1.441213e+002  1.104016e+001
      vertex -9.241385e+001 -1.441213e+002  1.091944e+001
      vertex -9.248663e+001 -1.436667e+002  1.055352e+001
    endloop
  endfacet
  facet normal  2.248282e-001  6.325665e-001  7.411557e-001
    outer loop
      vertex -9.281179e+001 -1.441213e+002  1.104016e+001
      vertex -9.248663e+001 -1.436667e+002  1.055352e+001
      vertex -9.295457e+001 -1.436667e+002  1.069547e+001
    endloop
  endfacet
  facet normal  2.562833e-001  4.696265e-001  8.448489e-001
    outer loop
      vertex -9.295457e+001 -1.436667e+002  1.069547e+001
      vertex -9.248663e+001 -1.436667e+002  1.055352e+001
      vertex -9.254072e+001 -1.431481e+002  1.028162e+001
    endloop
  endfacet
  facet normal  2.562795e-001  4.696293e-001  8.448486e-001
    outer loop
      vertex -9.295457e+001 -1.436667e+002  1.069547e+001
      vertex -9.254072e+001 -1.431481e+002  1.028162e+001
      vertex -9.306066e+001 -1.431481e+002  1.043934e+001
    endloop
  endfacet
  facet normal  2.778953e-001  2.890019e-001  9.161070e-001
    outer loop
      vertex -9.306066e+001 -1.431481e+002  1.043934e+001
      vertex -9.254072e+001 -1.431481e+002  1.028162e+001
      vertex -9.257403e+001 -1.425853e+002  1.011418e+001
    endloop
  endfacet
  facet normal  2.778999e-001  2.889979e-001  9.161069e-001
    outer loop
      vertex -9.306066e+001 -1.431481e+002  1.043934e+001
      vertex -9.257403e+001 -1.425853e+002  1.011418e+001
      vertex -9.312599e+001 -1.425853e+002  1.028162e+001
    endloop
  endfacet
  facet normal  2.889020e-001  9.755062e-002  9.523758e-001
    outer loop
      vertex -9.312599e+001 -1.425853e+002  1.028162e+001
      vertex -9.257403e+001 -1.425853e+002  1.011418e+001
      vertex -9.258527e+001 -1.420000e+002  1.005764e+001
    endloop
  endfacet
  facet normal  2.889024e-001  9.755024e-002  9.523757e-001
    outer loop
      vertex -9.312599e+001 -1.425853e+002  1.028162e+001
      vertex -9.258527e+001 -1.420000e+002  1.005764e+001
      vertex -9.314805e+001 -1.420000e+002  1.022836e+001
    endloop
  endfacet
  facet normal  9.801808e-002  9.951378e-001 -9.653792e-003
    outer loop
      vertex -9.200000e+001 -1.450000e+002  1.670000e+002
      vertex -9.258527e+001 -1.449424e+002  1.670000e+002
      vertex -9.257403e+001 -1.449424e+002  1.671142e+002
    endloop
  endfacet
  facet normal  9.425024e-002  9.951379e-001 -2.859601e-002
    outer loop
      vertex -9.200000e+001 -1.450000e+002  1.670000e+002
      vertex -9.257403e+001 -1.449424e+002  1.671142e+002
      vertex -9.254072e+001 -1.449424e+002  1.672240e+002
    endloop
  endfacet
  facet normal  8.686517e-002  9.951377e-001 -4.642545e-002
    outer loop
      vertex -9.200000e+001 -1.450000e+002  1.670000e+002
      vertex -9.254072e+001 -1.449424e+002  1.672240e+002
      vertex -9.248663e+001 -1.449424e+002  1.673252e+002
    endloop
  endfacet
  facet normal  7.613447e-002  9.951378e-001 -6.248476e-002
    outer loop
      vertex -9.200000e+001 -1.450000e+002  1.670000e+002
      vertex -9.248663e+001 -1.449424e+002  1.673252e+002
      vertex -9.241385e+001 -1.449424e+002  1.674138e+002
    endloop
  endfacet
  facet normal  6.248181e-002  9.951378e-001 -7.613742e-002
    outer loop
      vertex -9.200000e+001 -1.450000e+002  1.670000e+002
      vertex -9.241385e+001 -1.449424e+002  1.674138e+002
      vertex -9.232516e+001 -1.449424e+002  1.674866e+002
    endloop
  endfacet
  facet normal  4.643572e-002  9.951378e-001 -8.685903e-002
    outer loop
      vertex -9.200000e+001 -1.450000e+002  1.670000e+002
      vertex -9.232516e+001 -1.449424e+002  1.674866e+002
      vertex -9.222398e+001 -1.449424e+002  1.675407e+002
    endloop
  endfacet
  facet normal  2.858214e-002  9.951379e-001 -9.425426e-002
    outer loop
      vertex -9.200000e+001 -1.450000e+002  1.670000e+002
      vertex -9.222398e+001 -1.449424e+002  1.675407e+002
      vertex -9.211418e+001 -1.449424e+002  1.675740e+002
    endloop
  endfacet
  facet normal  9.653917e-003  9.951376e-001 -9.801935e-002
    outer loop
      vertex -9.200000e+001 -1.450000e+002  1.670000e+002
      vertex -9.211418e+001 -1.449424e+002  1.675740e+002
      vertex -9.200000e+001 -1.449424e+002  1.675853e+002
    endloop
  endfacet
  facet normal  6.331601e-001  7.715044e-001 -6.236522e-002
    outer loop
      vertex -9.412132e+001 -1.441213e+002  1.670000e+002
      vertex -9.363468e+001 -1.444944e+002  1.673252e+002
      vertex -9.366671e+001 -1.444944e+002  1.670000e+002
    endloop
  endfacet
  facet normal  4.708807e-001  8.809767e-001 -4.638098e-002
    outer loop
      vertex -9.366671e+001 -1.444944e+002  1.670000e+002
      vertex -9.363468e+001 -1.444944e+002  1.673252e+002
      vertex -9.312599e+001 -1.447716e+002  1.672240e+002
    endloop
  endfacet
  facet normal  4.708782e-001  8.809786e-001 -4.637242e-002
    outer loop
      vertex -9.366671e+001 -1.444944e+002  1.670000e+002
      vertex -9.312599e+001 -1.447716e+002  1.672240e+002
      vertex -9.314805e+001 -1.447716e+002  1.670000e+002
    endloop
  endfacet
  facet normal  2.901649e-001  9.565499e-001 -2.857565e-002
    outer loop
      vertex -9.314805e+001 -1.447716e+002  1.670000e+002
      vertex -9.312599e+001 -1.447716e+002  1.672240e+002
      vertex -9.257403e+001 -1.449424e+002  1.671142e+002
    endloop
  endfacet
  facet normal  2.901654e-001  9.565497e-001 -2.857836e-002
    outer loop
      vertex -9.314805e+001 -1.447716e+002  1.670000e+002
      vertex -9.257403e+001 -1.449424e+002  1.671142e+002
      vertex -9.258527e+001 -1.449424e+002  1.670000e+002
    endloop
  endfacet
  facet normal  6.331602e-001  7.715041e-001 -6.236589e-002
    outer loop
      vertex -9.363468e+001 -1.444944e+002  1.673252e+002
      vertex -9.412132e+001 -1.441213e+002  1.670000e+002
      vertex -9.408056e+001 -1.441213e+002  1.674138e+002
    endloop
  endfacet
  facet normal  7.707792e-001  6.325625e-001 -7.592127e-002
    outer loop
      vertex -9.408056e+001 -1.441213e+002  1.674138e+002
      vertex -9.412132e+001 -1.441213e+002  1.670000e+002
      vertex -9.449441e+001 -1.436667e+002  1.670000e+002
    endloop
  endfacet
  facet normal  7.707760e-001  6.325675e-001 -7.591269e-002
    outer loop
      vertex -9.408056e+001 -1.441213e+002  1.674138e+002
      vertex -9.449441e+001 -1.436667e+002  1.670000e+002
      vertex -9.444648e+001 -1.436667e+002  1.674866e+002
    endloop
  endfacet
  facet normal  8.786139e-001  4.696271e-001 -8.653349e-002
    outer loop
      vertex -9.444648e+001 -1.436667e+002  1.674866e+002
      vertex -9.449441e+001 -1.436667e+002  1.670000e+002
      vertex -9.477164e+001 -1.431481e+002  1.670000e+002
    endloop
  endfacet
  facet normal  8.786128e-001  4.696299e-001 -8.652986e-002
    outer loop
      vertex -9.444648e+001 -1.436667e+002  1.674866e+002
      vertex -9.477164e+001 -1.431481e+002  1.670000e+002
      vertex -9.471838e+001 -1.431481e+002  1.675407e+002
    endloop
  endfacet
  facet normal  9.527211e-001  2.889961e-001 -9.382840e-002
    outer loop
      vertex -9.471838e+001 -1.431481e+002  1.675407e+002
      vertex -9.477164e+001 -1.431481e+002  1.670000e+002
      vertex -9.494235e+001 -1.425853e+002  1.670000e+002
    endloop
  endfacet
  facet normal  9.527215e-001  2.889937e-001 -9.383113e-002
    outer loop
      vertex -9.471838e+001 -1.431481e+002  1.675407e+002
      vertex -9.494235e+001 -1.425853e+002  1.670000e+002
      vertex -9.488582e+001 -1.425853e+002  1.675740e+002
    endloop
  endfacet
  facet normal  9.904380e-001  9.755645e-002 -9.754574e-002
    outer loop
      vertex -9.488582e+001 -1.425853e+002  1.675740e+002
      vertex -9.494235e+001 -1.425853e+002  1.670000e+002
      vertex -9.500000e+001 -1.420000e+002  1.670000e+002
    endloop
  endfacet
  facet normal  9.904381e-001  9.754595e-002 -9.755644e-002
    outer loop
      vertex -9.488582e+001 -1.425853e+002  1.675740e+002
      vertex -9.500000e+001 -1.420000e+002  1.670000e+002
      vertex -9.494235e+001 -1.420000e+002  1.675853e+002
    endloop
  endfacet
  facet normal  6.236663e-002  7.715046e-001 -6.331595e-001
    outer loop
      vertex -9.241385e+001 -1.441213e+002  1.690806e+002
      vertex -9.200000e+001 -1.444944e+002  1.686667e+002
      vertex -9.232516e+001 -1.444944e+002  1.686347e+002
    endloop
  endfacet
  facet normal  4.638180e-002  8.809783e-001 -4.708780e-001
    outer loop
      vertex -9.232516e+001 -1.444944e+002  1.686347e+002
      vertex -9.200000e+001 -1.444944e+002  1.686667e+002
      vertex -9.200000e+001 -1.447716e+002  1.681481e+002
    endloop
  endfacet
  facet normal  4.638661e-002  8.809794e-001 -4.708754e-001
    outer loop
      vertex -9.232516e+001 -1.444944e+002  1.686347e+002
      vertex -9.200000e+001 -1.447716e+002  1.681481e+002
      vertex -9.222398e+001 -1.447716e+002  1.681260e+002
    endloop
  endfacet
  facet normal  2.858389e-002  9.565518e-001 -2.901581e-001
    outer loop
      vertex -9.222398e+001 -1.447716e+002  1.681260e+002
      vertex -9.200000e+001 -1.447716e+002  1.681481e+002
      vertex -9.200000e+001 -1.449424e+002  1.675853e+002
    endloop
  endfacet
  facet normal  2.857787e-002  9.565512e-001 -2.901604e-001
    outer loop
      vertex -9.222398e+001 -1.447716e+002  1.681260e+002
      vertex -9.200000e+001 -1.449424e+002  1.675853e+002
      vertex -9.211418e+001 -1.449424e+002  1.675740e+002
    endloop
  endfacet
  facet normal  6.235486e-002  7.714997e-001 -6.331668e-001
    outer loop
      vertex -9.200000e+001 -1.444944e+002  1.686667e+002
      vertex -9.241385e+001 -1.441213e+002  1.690806e+002
      vertex -9.200000e+001 -1.441213e+002  1.691213e+002
    endloop
  endfacet
  facet normal  7.590806e-002  6.325517e-001 -7.707894e-001
    outer loop
      vertex -9.200000e+001 -1.441213e+002  1.691213e+002
      vertex -9.241385e+001 -1.441213e+002  1.690806e+002
      vertex -9.248663e+001 -1.436667e+002  1.694465e+002
    endloop
  endfacet
  facet normal  7.593646e-002  6.325696e-001 -7.707720e-001
    outer loop
      vertex -9.200000e+001 -1.441213e+002  1.691213e+002
      vertex -9.248663e+001 -1.436667e+002  1.694465e+002
      vertex -9.200000e+001 -1.436667e+002  1.694944e+002
    endloop
  endfacet
  facet normal  8.656009e-002  4.696402e-001 -8.786042e-001
    outer loop
      vertex -9.200000e+001 -1.436667e+002  1.694944e+002
      vertex -9.248663e+001 -1.436667e+002  1.694465e+002
      vertex -9.254072e+001 -1.431481e+002  1.697184e+002
    endloop
  endfacet
  facet normal  8.653173e-002  4.696172e-001 -8.786194e-001
    outer loop
      vertex -9.200000e+001 -1.436667e+002  1.694944e+002
      vertex -9.254072e+001 -1.431481e+002  1.697184e+002
      vertex -9.200000e+001 -1.431481e+002  1.697716e+002
    endloop
  endfacet
  facet normal  9.382971e-002  2.889960e-001 -9.527210e-001
    outer loop
      vertex -9.200000e+001 -1.431481e+002  1.697716e+002
      vertex -9.254072e+001 -1.431481e+002  1.697184e+002
      vertex -9.257403e+001 -1.425853e+002  1.698858e+002
    endloop
  endfacet
  facet normal  9.382983e-002  2.889961e-001 -9.527210e-001
    outer loop
      vertex -9.200000e+001 -1.431481e+002  1.697716e+002
      vertex -9.257403e+001 -1.425853e+002  1.698858e+002
      vertex -9.200000e+001 -1.425853e+002  1.699424e+002
    endloop
  endfacet
  facet normal  9.754455e-002  9.754582e-002 -9.904392e-001
    outer loop
      vertex -9.200000e+001 -1.425853e+002  1.699424e+002
      vertex -9.257403e+001 -1.425853e+002  1.698858e+002
      vertex -9.258527e+001 -1.420000e+002  1.699424e+002
    endloop
  endfacet
  facet normal  9.755509e-002  9.755637e-002 -9.904372e-001
    outer loop
      vertex -9.200000e+001 -1.425853e+002  1.699424e+002
      vertex -9.258527e+001 -1.420000e+002  1.699424e+002
      vertex -9.200000e+001 -1.420000e+002  1.700000e+002
    endloop
  endfacet
  facet normal  1.846920e-001  7.714972e-001 -6.088358e-001
    outer loop
      vertex -9.281179e+001 -1.441213e+002  1.689598e+002
      vertex -9.232516e+001 -1.444944e+002  1.686347e+002
      vertex -9.263783e+001 -1.444944e+002  1.685398e+002
    endloop
  endfacet
  facet normal  1.373525e-001  8.809785e-001 -4.527816e-001
    outer loop
      vertex -9.263783e+001 -1.444944e+002  1.685398e+002
      vertex -9.232516e+001 -1.444944e+002  1.686347e+002
      vertex -9.222398e+001 -1.447716e+002  1.681260e+002
    endloop
  endfacet
  facet normal  1.373648e-001  8.809818e-001 -4.527715e-001
    outer loop
      vertex -9.263783e+001 -1.444944e+002  1.685398e+002
      vertex -9.222398e+001 -1.447716e+002  1.681260e+002
      vertex -9.243934e+001 -1.447716e+002  1.680607e+002
    endloop
  endfacet
  facet normal  8.464714e-002  9.565510e-001 -2.790074e-001
    outer loop
      vertex -9.243934e+001 -1.447716e+002  1.680607e+002
      vertex -9.222398e+001 -1.447716e+002  1.681260e+002
      vertex -9.211418e+001 -1.449424e+002  1.675740e+002
    endloop
  endfacet
  facet normal  8.461401e-002  9.565478e-001 -2.790285e-001
    outer loop
      vertex -9.243934e+001 -1.447716e+002  1.680607e+002
      vertex -9.211418e+001 -1.449424e+002  1.675740e+002
      vertex -9.222398e+001 -1.449424e+002  1.675407e+002
    endloop
  endfacet
  facet normal  1.847050e-001  7.715036e-001 -6.088237e-001
    outer loop
      vertex -9.232516e+001 -1.444944e+002  1.686347e+002
      vertex -9.281179e+001 -1.441213e+002  1.689598e+002
      vertex -9.241385e+001 -1.441213e+002  1.690806e+002
    endloop
  endfacet
  facet normal  2.248478e-001  6.325752e-001 -7.411425e-001
    outer loop
      vertex -9.241385e+001 -1.441213e+002  1.690806e+002
      vertex -9.281179e+001 -1.441213e+002  1.689598e+002
      vertex -9.295457e+001 -1.436667e+002  1.693045e+002
    endloop
  endfacet
  facet normal  2.248176e-001  6.325529e-001 -7.411706e-001
    outer loop
      vertex -9.241385e+001 -1.441213e+002  1.690806e+002
      vertex -9.295457e+001 -1.436667e+002  1.693045e+002
      vertex -9.248663e+001 -1.436667e+002  1.694465e+002
    endloop
  endfacet
  facet normal  2.562689e-001  4.696179e-001 -8.448582e-001
    outer loop
      vertex -9.248663e+001 -1.436667e+002  1.694465e+002
      vertex -9.295457e+001 -1.436667e+002  1.693045e+002
      vertex -9.306066e+001 -1.431481e+002  1.695607e+002
    endloop
  endfacet
  facet normal  2.562909e-001  4.696383e-001 -8.448402e-001
    outer loop
      vertex -9.248663e+001 -1.436667e+002  1.694465e+002
      vertex -9.306066e+001 -1.431481e+002  1.695607e+002
      vertex -9.254072e+001 -1.431481e+002  1.697184e+002
    endloop
  endfacet
  facet normal  2.779084e-001  2.890110e-001 -9.161001e-001
    outer loop
      vertex -9.254072e+001 -1.431481e+002  1.697184e+002
      vertex -9.306066e+001 -1.431481e+002  1.695607e+002
      vertex -9.312599e+001 -1.425853e+002  1.697184e+002
    endloop
  endfacet
  facet normal  2.778956e-001  2.889977e-001 -9.161083e-001
    outer loop
      vertex -9.254072e+001 -1.431481e+002  1.697184e+002
      vertex -9.312599e+001 -1.425853e+002  1.697184e+002
      vertex -9.257403e+001 -1.425853e+002  1.698858e+002
    endloop
  endfacet
  facet normal  2.888977e-001  9.754405e-002 -9.523777e-001
    outer loop
      vertex -9.257403e+001 -1.425853e+002  1.698858e+002
      vertex -9.312599e+001 -1.425853e+002  1.697184e+002
      vertex -9.314805e+001 -1.420000e+002  1.697716e+002
    endloop
  endfacet
  facet normal  2.888995e-001  9.754603e-002 -9.523769e-001
    outer loop
      vertex -9.257403e+001 -1.425853e+002  1.698858e+002
      vertex -9.314805e+001 -1.420000e+002  1.697716e+002
      vertex -9.258527e+001 -1.420000e+002  1.699424e+002
    endloop
  endfacet
  facet normal  2.999221e-001  7.715019e-001 -5.610985e-001
    outer loop
      vertex -9.317854e+001 -1.441213e+002  1.687638e+002
      vertex -9.263783e+001 -1.444944e+002  1.685398e+002
      vertex -9.292597e+001 -1.444944e+002  1.683858e+002
    endloop
  endfacet
  facet normal  2.230473e-001  8.809809e-001 -4.172800e-001
    outer loop
      vertex -9.292597e+001 -1.444944e+002  1.683858e+002
      vertex -9.263783e+001 -1.444944e+002  1.685398e+002
      vertex -9.243934e+001 -1.447716e+002  1.680607e+002
    endloop
  endfacet
  facet normal  2.230255e-001  8.809739e-001 -4.173066e-001
    outer loop
      vertex -9.292597e+001 -1.444944e+002  1.683858e+002
      vertex -9.243934e+001 -1.447716e+002  1.680607e+002
      vertex -9.263783e+001 -1.447716e+002  1.679546e+002
    endloop
  endfacet
  facet normal  1.374318e-001  9.565490e-001 -2.571509e-001
    outer loop
      vertex -9.263783e+001 -1.447716e+002  1.679546e+002
      vertex -9.243934e+001 -1.447716e+002  1.680607e+002
      vertex -9.222398e+001 -1.449424e+002  1.675407e+002
    endloop
  endfacet
  facet normal  1.374607e-001  9.565522e-001 -2.571233e-001
    outer loop
      vertex -9.263783e+001 -1.447716e+002  1.679546e+002
      vertex -9.222398e+001 -1.449424e+002  1.675407e+002
      vertex -9.232516e+001 -1.449424e+002  1.674866e+002
    endloop
  endfacet
  facet normal  2.999139e-001  7.714968e-001 -5.611100e-001
    outer loop
      vertex -9.263783e+001 -1.444944e+002  1.685398e+002
      vertex -9.317854e+001 -1.441213e+002  1.687638e+002
      vertex -9.281179e+001 -1.441213e+002  1.689598e+002
    endloop
  endfacet
  facet normal  3.650949e-001  6.325649e-001 -6.830574e-001
    outer loop
      vertex -9.281179e+001 -1.441213e+002  1.689598e+002
      vertex -9.317854e+001 -1.441213e+002  1.687638e+002
      vertex -9.338582e+001 -1.436667e+002  1.690740e+002
    endloop
  endfacet
  facet normal  3.651041e-001  6.325734e-001 -6.830446e-001
    outer loop
      vertex -9.281179e+001 -1.441213e+002  1.689598e+002
      vertex -9.338582e+001 -1.436667e+002  1.690740e+002
      vertex -9.295457e+001 -1.436667e+002  1.693045e+002
    endloop
  endfacet
  facet normal  4.161854e-001  4.696365e-001 -7.786085e-001
    outer loop
      vertex -9.295457e+001 -1.436667e+002  1.693045e+002
      vertex -9.338582e+001 -1.436667e+002  1.690740e+002
      vertex -9.353984e+001 -1.431481e+002  1.693045e+002
    endloop
  endfacet
  facet normal  4.161713e-001  4.696205e-001 -7.786257e-001
    outer loop
      vertex -9.295457e+001 -1.436667e+002  1.693045e+002
      vertex -9.353984e+001 -1.431481e+002  1.693045e+002
      vertex -9.306066e+001 -1.431481e+002  1.695607e+002
    endloop
  endfacet
  facet normal  4.512733e-001  2.889830e-001 -8.442992e-001
    outer loop
      vertex -9.306066e+001 -1.431481e+002  1.695607e+002
      vertex -9.353984e+001 -1.431481e+002  1.693045e+002
      vertex -9.363468e+001 -1.425853e+002  1.694465e+002
    endloop
  endfacet
  facet normal  4.512950e-001  2.890092e-001 -8.442787e-001
    outer loop
      vertex -9.306066e+001 -1.431481e+002  1.695607e+002
      vertex -9.363468e+001 -1.425853e+002  1.694465e+002
      vertex -9.312599e+001 -1.425853e+002  1.697184e+002
    endloop
  endfacet
  facet normal  4.691624e-001  9.757326e-002 -8.777050e-001
    outer loop
      vertex -9.312599e+001 -1.425853e+002  1.697184e+002
      vertex -9.363468e+001 -1.425853e+002  1.694465e+002
      vertex -9.366671e+001 -1.420000e+002  1.694944e+002
    endloop
  endfacet
  facet normal  4.691373e-001  9.754369e-002 -8.777217e-001
    outer loop
      vertex -9.312599e+001 -1.425853e+002  1.697184e+002
      vertex -9.366671e+001 -1.420000e+002  1.694944e+002
      vertex -9.314805e+001 -1.420000e+002  1.697716e+002
    endloop
  endfacet
  facet normal  4.036134e-001  7.715015e-001 -4.918147e-001
    outer loop
      vertex -9.350000e+001 -1.441213e+002  1.685000e+002
      vertex -9.292597e+001 -1.444944e+002  1.683858e+002
      vertex -9.317854e+001 -1.444944e+002  1.681785e+002
    endloop
  endfacet
  facet normal  3.001675e-001  8.809749e-001 -3.657629e-001
    outer loop
      vertex -9.317854e+001 -1.444944e+002  1.681785e+002
      vertex -9.292597e+001 -1.444944e+002  1.683858e+002
      vertex -9.263783e+001 -1.447716e+002  1.679546e+002
    endloop
  endfacet
  facet normal  3.001756e-001  8.809785e-001 -3.657478e-001
    outer loop
      vertex -9.317854e+001 -1.444944e+002  1.681785e+002
      vertex -9.263783e+001 -1.447716e+002  1.679546e+002
      vertex -9.281179e+001 -1.447716e+002  1.678118e+002
    endloop
  endfacet
  facet normal  1.849712e-001  9.565515e-001 -2.253775e-001
    outer loop
      vertex -9.281179e+001 -1.447716e+002  1.678118e+002
      vertex -9.263783e+001 -1.447716e+002  1.679546e+002
      vertex -9.232516e+001 -1.449424e+002  1.674866e+002
    endloop
  endfacet
  facet normal  1.849637e-001  9.565503e-001 -2.253882e-001
    outer loop
      vertex -9.281179e+001 -1.447716e+002  1.678118e+002
      vertex -9.232516e+001 -1.449424e+002  1.674866e+002
      vertex -9.241385e+001 -1.449424e+002  1.674138e+002
    endloop
  endfacet
  facet normal  4.036144e-001  7.715024e-001 -4.918124e-001
    outer loop
      vertex -9.292597e+001 -1.444944e+002  1.683858e+002
      vertex -9.350000e+001 -1.441213e+002  1.685000e+002
      vertex -9.317854e+001 -1.441213e+002  1.687638e+002
    endloop
  endfacet
  facet normal  4.913381e-001  6.325650e-001 -5.987055e-001
    outer loop
      vertex -9.317854e+001 -1.441213e+002  1.687638e+002
      vertex -9.350000e+001 -1.441213e+002  1.685000e+002
      vertex -9.376382e+001 -1.436667e+002  1.687638e+002
    endloop
  endfacet
  facet normal  4.913383e-001  6.325653e-001 -5.987052e-001
    outer loop
      vertex -9.317854e+001 -1.441213e+002  1.687638e+002
      vertex -9.376382e+001 -1.436667e+002  1.687638e+002
      vertex -9.338582e+001 -1.436667e+002  1.690740e+002
    endloop
  endfacet
  facet normal  5.600800e-001  4.696248e-001 -6.824684e-001
    outer loop
      vertex -9.338582e+001 -1.436667e+002  1.690740e+002
      vertex -9.376382e+001 -1.436667e+002  1.687638e+002
      vertex -9.395985e+001 -1.431481e+002  1.689598e+002
    endloop
  endfacet
  facet normal  5.600868e-001  4.696352e-001 -6.824555e-001
    outer loop
      vertex -9.338582e+001 -1.436667e+002  1.690740e+002
      vertex -9.395985e+001 -1.431481e+002  1.689598e+002
      vertex -9.353984e+001 -1.431481e+002  1.693045e+002
    endloop
  endfacet
  facet normal  6.073276e-001  2.890109e-001 -7.400176e-001
    outer loop
      vertex -9.353984e+001 -1.431481e+002  1.693045e+002
      vertex -9.395985e+001 -1.431481e+002  1.689598e+002
      vertex -9.408056e+001 -1.425853e+002  1.690806e+002
    endloop
  endfacet
  facet normal  6.073102e-001  2.889844e-001 -7.400422e-001
    outer loop
      vertex -9.353984e+001 -1.431481e+002  1.693045e+002
      vertex -9.408056e+001 -1.425853e+002  1.690806e+002
      vertex -9.363468e+001 -1.425853e+002  1.694465e+002
    endloop
  endfacet
  facet normal  6.313512e-001  9.754811e-002 -7.693375e-001
    outer loop
      vertex -9.363468e+001 -1.425853e+002  1.694465e+002
      vertex -9.408056e+001 -1.425853e+002  1.690806e+002
      vertex -9.412132e+001 -1.420000e+002  1.691213e+002
    endloop
  endfacet
  facet normal  6.313679e-001  9.757136e-002 -7.693207e-001
    outer loop
      vertex -9.363468e+001 -1.425853e+002  1.694465e+002
      vertex -9.412132e+001 -1.420000e+002  1.691213e+002
      vertex -9.366671e+001 -1.420000e+002  1.694944e+002
    endloop
  endfacet
  facet normal  4.918075e-001  7.715027e-001 -4.036197e-001
    outer loop
      vertex -9.376382e+001 -1.441213e+002  1.681785e+002
      vertex -9.317854e+001 -1.444944e+002  1.681785e+002
      vertex -9.338582e+001 -1.444944e+002  1.679260e+002
    endloop
  endfacet
  facet normal  3.657533e-001  8.809786e-001 -3.001687e-001
    outer loop
      vertex -9.338582e+001 -1.444944e+002  1.679260e+002
      vertex -9.317854e+001 -1.444944e+002  1.681785e+002
      vertex -9.281179e+001 -1.447716e+002  1.678118e+002
    endloop
  endfacet
  facet normal  3.657569e-001  8.809811e-001 -3.001568e-001
    outer loop
      vertex -9.338582e+001 -1.444944e+002  1.679260e+002
      vertex -9.281179e+001 -1.447716e+002  1.678118e+002
      vertex -9.295457e+001 -1.447716e+002  1.676378e+002
    endloop
  endfacet
  facet normal  2.253885e-001  9.565502e-001 -1.849641e-001
    outer loop
      vertex -9.295457e+001 -1.447716e+002  1.676378e+002
      vertex -9.281179e+001 -1.447716e+002  1.678118e+002
      vertex -9.241385e+001 -1.449424e+002  1.674138e+002
    endloop
  endfacet
  facet normal  2.253834e-001  9.565491e-001 -1.849757e-001
    outer loop
      vertex -9.295457e+001 -1.447716e+002  1.676378e+002
      vertex -9.241385e+001 -1.449424e+002  1.674138e+002
      vertex -9.248663e+001 -1.449424e+002  1.673252e+002
    endloop
  endfacet
  facet normal  4.918070e-001  7.715020e-001 -4.036216e-001
    outer loop
      vertex -9.317854e+001 -1.444944e+002  1.681785e+002
      vertex -9.376382e+001 -1.441213e+002  1.681785e+002
      vertex -9.350000e+001 -1.441213e+002  1.685000e+002
    endloop
  endfacet
  facet normal  5.986988e-001  6.325647e-001 -4.913468e-001
    outer loop
      vertex -9.350000e+001 -1.441213e+002  1.685000e+002
      vertex -9.376382e+001 -1.441213e+002  1.681785e+002
      vertex -9.407403e+001 -1.436667e+002  1.683858e+002
    endloop
  endfacet
  facet normal  5.986995e-001  6.325665e-001 -4.913435e-001
    outer loop
      vertex -9.350000e+001 -1.441213e+002  1.685000e+002
      vertex -9.407403e+001 -1.436667e+002  1.683858e+002
      vertex -9.376382e+001 -1.436667e+002  1.687638e+002
    endloop
  endfacet
  facet normal  6.824616e-001  4.696276e-001 -5.600858e-001
    outer loop
      vertex -9.376382e+001 -1.436667e+002  1.687638e+002
      vertex -9.407403e+001 -1.436667e+002  1.683858e+002
      vertex -9.430453e+001 -1.431481e+002  1.685398e+002
    endloop
  endfacet
  facet normal  6.824607e-001  4.696253e-001 -5.600889e-001
    outer loop
      vertex -9.376382e+001 -1.436667e+002  1.687638e+002
      vertex -9.430453e+001 -1.431481e+002  1.685398e+002
      vertex -9.395985e+001 -1.431481e+002  1.689598e+002
    endloop
  endfacet
  facet normal  7.400211e-001  2.890003e-001 -6.073282e-001
    outer loop
      vertex -9.395985e+001 -1.431481e+002  1.689598e+002
      vertex -9.430453e+001 -1.431481e+002  1.685398e+002
      vertex -9.444648e+001 -1.425853e+002  1.686347e+002
    endloop
  endfacet
  facet normal  7.400244e-001  2.890073e-001 -6.073210e-001
    outer loop
      vertex -9.395985e+001 -1.431481e+002  1.689598e+002
      vertex -9.444648e+001 -1.425853e+002  1.686347e+002
      vertex -9.408056e+001 -1.425853e+002  1.690806e+002
    endloop
  endfacet
  facet normal  7.693242e-001  9.755153e-002 -6.313667e-001
    outer loop
      vertex -9.408056e+001 -1.425853e+002  1.690806e+002
      vertex -9.444648e+001 -1.425853e+002  1.686347e+002
      vertex -9.449441e+001 -1.420000e+002  1.686667e+002
    endloop
  endfacet
  facet normal  7.693235e-001  9.755012e-002 -6.313679e-001
    outer loop
      vertex -9.408056e+001 -1.425853e+002  1.690806e+002
      vertex -9.449441e+001 -1.420000e+002  1.686667e+002
      vertex -9.412132e+001 -1.420000e+002  1.691213e+002
    endloop
  endfacet
  facet normal  5.611002e-001  7.715065e-001 -2.999071e-001
    outer loop
      vertex -9.395985e+001 -1.441213e+002  1.678118e+002
      vertex -9.338582e+001 -1.444944e+002  1.679260e+002
      vertex -9.353984e+001 -1.444944e+002  1.676378e+002
    endloop
  endfacet
  facet normal  4.172864e-001  8.809800e-001 -2.230388e-001
    outer loop
      vertex -9.353984e+001 -1.444944e+002  1.676378e+002
      vertex -9.338582e+001 -1.444944e+002  1.679260e+002
      vertex -9.295457e+001 -1.447716e+002  1.676378e+002
    endloop
  endfacet
  facet normal  4.172840e-001  8.809751e-001 -2.230627e-001
    outer loop
      vertex -9.353984e+001 -1.444944e+002  1.676378e+002
      vertex -9.295457e+001 -1.447716e+002  1.676378e+002
      vertex -9.306066e+001 -1.447716e+002  1.674393e+002
    endloop
  endfacet
  facet normal  2.571356e-001  9.565499e-001 -1.374540e-001
    outer loop
      vertex -9.306066e+001 -1.447716e+002  1.674393e+002
      vertex -9.295457e+001 -1.447716e+002  1.676378e+002
      vertex -9.248663e+001 -1.449424e+002  1.673252e+002
    endloop
  endfacet
  facet normal  2.571409e-001  9.565519e-001 -1.374300e-001
    outer loop
      vertex -9.306066e+001 -1.447716e+002  1.674393e+002
      vertex -9.248663e+001 -1.449424e+002  1.673252e+002
      vertex -9.254072e+001 -1.449424e+002  1.672240e+002
    endloop
  endfacet
  facet normal  5.610999e-001  7.715037e-001 -2.999147e-001
    outer loop
      vertex -9.338582e+001 -1.444944e+002  1.679260e+002
      vertex -9.395985e+001 -1.441213e+002  1.678118e+002
      vertex -9.376382e+001 -1.441213e+002  1.681785e+002
    endloop
  endfacet
  facet normal  6.830528e-001  6.325668e-001 -3.651000e-001
    outer loop
      vertex -9.376382e+001 -1.441213e+002  1.681785e+002
      vertex -9.395985e+001 -1.441213e+002  1.678118e+002
      vertex -9.430453e+001 -1.436667e+002  1.679546e+002
    endloop
  endfacet
  facet normal  6.830527e-001  6.325653e-001 -3.651028e-001
    outer loop
      vertex -9.376382e+001 -1.441213e+002  1.681785e+002
      vertex -9.430453e+001 -1.436667e+002  1.679546e+002
      vertex -9.407403e+001 -1.436667e+002  1.683858e+002
    endloop
  endfacet
  facet normal  7.786193e-001  4.696193e-001 -4.161847e-001
    outer loop
      vertex -9.407403e+001 -1.436667e+002  1.683858e+002
      vertex -9.430453e+001 -1.436667e+002  1.679546e+002
      vertex -9.456066e+001 -1.431481e+002  1.680607e+002
    endloop
  endfacet
  facet normal  7.786203e-001  4.696269e-001 -4.161741e-001
    outer loop
      vertex -9.407403e+001 -1.436667e+002  1.683858e+002
      vertex -9.456066e+001 -1.431481e+002  1.680607e+002
      vertex -9.430453e+001 -1.431481e+002  1.685398e+002
    endloop
  endfacet
  facet normal  8.442909e-001  2.890050e-001 -4.512751e-001
    outer loop
      vertex -9.430453e+001 -1.431481e+002  1.685398e+002
      vertex -9.456066e+001 -1.431481e+002  1.680607e+002
      vertex -9.471838e+001 -1.425853e+002  1.681260e+002
    endloop
  endfacet
  facet normal  8.442895e-001  2.889994e-001 -4.512813e-001
    outer loop
      vertex -9.430453e+001 -1.431481e+002  1.685398e+002
      vertex -9.471838e+001 -1.425853e+002  1.681260e+002
      vertex -9.444648e+001 -1.425853e+002  1.686347e+002
    endloop
  endfacet
  facet normal  8.777154e-001  9.754965e-002 -4.691478e-001
    outer loop
      vertex -9.444648e+001 -1.425853e+002  1.686347e+002
      vertex -9.471838e+001 -1.425853e+002  1.681260e+002
      vertex -9.477164e+001 -1.420000e+002  1.681481e+002
    endloop
  endfacet
  facet normal  8.777158e-001  9.755042e-002 -4.691471e-001
    outer loop
      vertex -9.444648e+001 -1.425853e+002  1.686347e+002
      vertex -9.477164e+001 -1.420000e+002  1.681481e+002
      vertex -9.449441e+001 -1.420000e+002  1.686667e+002
    endloop
  endfacet
  facet normal  6.088305e-001  7.715031e-001 -1.846845e-001
    outer loop
      vertex -9.408056e+001 -1.441213e+002  1.674138e+002
      vertex -9.353984e+001 -1.444944e+002  1.676378e+002
      vertex -9.363468e+001 -1.444944e+002  1.673252e+002
    endloop
  endfacet
  facet normal  4.527863e-001  8.809765e-001 -1.373496e-001
    outer loop
      vertex -9.363468e+001 -1.444944e+002  1.673252e+002
      vertex -9.353984e+001 -1.444944e+002  1.676378e+002
      vertex -9.306066e+001 -1.447716e+002  1.674393e+002
    endloop
  endfacet
  facet normal  4.527857e-001  8.809778e-001 -1.373434e-001
    outer loop
      vertex -9.363468e+001 -1.444944e+002  1.673252e+002
      vertex -9.306066e+001 -1.447716e+002  1.674393e+002
      vertex -9.312599e+001 -1.447716e+002  1.672240e+002
    endloop
  endfacet
  facet normal  2.790112e-001  9.565511e-001 -8.463242e-002
    outer loop
      vertex -9.312599e+001 -1.447716e+002  1.672240e+002
      vertex -9.306066e+001 -1.447716e+002  1.674393e+002
      vertex -9.254072e+001 -1.449424e+002  1.672240e+002
    endloop
  endfacet
  facet normal  2.790107e-001  9.565494e-001 -8.465329e-002
    outer loop
      vertex -9.312599e+001 -1.447716e+002  1.672240e+002
      vertex -9.254072e+001 -1.449424e+002  1.672240e+002
      vertex -9.257403e+001 -1.449424e+002  1.671142e+002
    endloop
  endfacet
  facet normal  6.088297e-001  7.715048e-001 -1.846799e-001
    outer loop
      vertex -9.353984e+001 -1.444944e+002  1.676378e+002
      vertex -9.408056e+001 -1.441213e+002  1.674138e+002
      vertex -9.395985e+001 -1.441213e+002  1.678118e+002
    endloop
  endfacet
  facet normal  7.411575e-001  6.325676e-001 -2.248197e-001
    outer loop
      vertex -9.395985e+001 -1.441213e+002  1.678118e+002
      vertex -9.408056e+001 -1.441213e+002  1.674138e+002
      vertex -9.444648e+001 -1.436667e+002  1.674866e+002
    endloop
  endfacet
  facet normal  7.411578e-001  6.325662e-001 -2.248221e-001
    outer loop
      vertex -9.395985e+001 -1.441213e+002  1.678118e+002
      vertex -9.444648e+001 -1.436667e+002  1.674866e+002
      vertex -9.430453e+001 -1.436667e+002  1.679546e+002
    endloop
  endfacet
  facet normal  8.448482e-001  4.696322e-001 -2.562755e-001
    outer loop
      vertex -9.430453e+001 -1.436667e+002  1.679546e+002
      vertex -9.444648e+001 -1.436667e+002  1.674866e+002
      vertex -9.471838e+001 -1.431481e+002  1.675407e+002
    endloop
  endfacet
  facet normal  8.448495e-001  4.696226e-001 -2.562889e-001
    outer loop
      vertex -9.430453e+001 -1.436667e+002  1.679546e+002
      vertex -9.471838e+001 -1.431481e+002  1.675407e+002
      vertex -9.456066e+001 -1.431481e+002  1.680607e+002
    endloop
  endfacet
  facet normal  9.161076e-001  2.889906e-001 -2.779053e-001
    outer loop
      vertex -9.456066e+001 -1.431481e+002  1.680607e+002
      vertex -9.471838e+001 -1.431481e+002  1.675407e+002
      vertex -9.488582e+001 -1.425853e+002  1.675740e+002
    endloop
  endfacet
  facet normal  9.161080e-001  2.890026e-001 -2.778916e-001
    outer loop
      vertex -9.456066e+001 -1.431481e+002  1.680607e+002
      vertex -9.488582e+001 -1.425853e+002  1.675740e+002
      vertex -9.471838e+001 -1.425853e+002  1.681260e+002
    endloop
  endfacet
  facet normal  9.523786e-001  9.754609e-002 -2.888940e-001
    outer loop
      vertex -9.471838e+001 -1.425853e+002  1.681260e+002
      vertex -9.488582e+001 -1.425853e+002  1.675740e+002
      vertex -9.494235e+001 -1.420000e+002  1.675853e+002
    endloop
  endfacet
  facet normal  9.523790e-001  9.754776e-002 -2.888923e-001
    outer loop
      vertex -9.471838e+001 -1.425853e+002  1.681260e+002
      vertex -9.494235e+001 -1.420000e+002  1.675853e+002
      vertex -9.477164e+001 -1.420000e+002  1.681481e+002
    endloop
  endfacet
  facet normal  3.407640e-001  9.401488e-001 -4.022383e-004
    outer loop
      vertex -9.108471e+001 -1.322524e+002  0.000000e+000
      vertex -9.111803e+001 -1.322361e+002  1.000000e+001
      vertex -9.057438e+001 -1.324331e+002  1.000000e+001
    endloop
  endfacet
  facet normal  5.320432e-001  8.467172e-001  3.880331e-004
    outer loop
      vertex -9.111803e+001 -1.322361e+002  1.000000e+001
      vertex -9.108471e+001 -1.322524e+002  0.000000e+000
      vertex -9.155872e+001 -1.319546e+002  0.000000e+000
    endloop
  endfacet
  facet normal  5.476655e-001  8.366972e-001 -5.824835e-004
    outer loop
      vertex -9.155872e+001 -1.319546e+002  0.000000e+000
      vertex -9.160187e+001 -1.319194e+002  1.000000e+001
      vertex -9.111803e+001 -1.322361e+002  1.000000e+001
    endloop
  endfacet
  facet normal  7.070931e-001  7.071203e-001  5.614916e-004
    outer loop
      vertex -9.160187e+001 -1.319194e+002  1.000000e+001
      vertex -9.155872e+001 -1.319546e+002  0.000000e+000
      vertex -9.195458e+001 -1.315587e+002  0.000000e+000
    endloop
  endfacet
  facet normal  7.252337e-001  6.885023e-001 -7.497976e-004
    outer loop
      vertex -9.160187e+001 -1.319194e+002  1.000000e+001
      vertex -9.195458e+001 -1.315587e+002  0.000000e+000
      vertex -9.200000e+001 -1.315000e+002  1.000000e+001
    endloop
  endfacet
  facet normal  9.438831e-001  3.302773e-001  1.258316e-003
    outer loop
      vertex -9.243732e+001 -1.305563e+002  0.000000e+000
      vertex -9.239793e+001 -1.307071e+002  1.002651e+001
      vertex -9.225242e+001 -1.310847e+002  0.000000e+000
    endloop
  endfacet
  facet normal  9.832588e-001  1.822108e-001 -1.122905e-003
    outer loop
      vertex -9.249207e+001 -1.301990e+002  1.004063e+001
      vertex -9.239793e+001 -1.307071e+002  1.002651e+001
      vertex -9.243732e+001 -1.305563e+002  0.000000e+000
    endloop
  endfacet
  facet normal  9.937107e-001  1.119689e-001  1.433777e-003
    outer loop
      vertex -9.250000e+001 -1.300000e+002  0.000000e+000
      vertex -9.249207e+001 -1.301990e+002  1.004063e+001
      vertex -9.243732e+001 -1.305563e+002  0.000000e+000
    endloop
  endfacet
  facet normal  9.997139e-001 -2.388567e-002 -1.263398e-003
    outer loop
      vertex -9.247972e+001 -1.296822e+002  1.003860e+001
      vertex -9.249207e+001 -1.301990e+002  1.004063e+001
      vertex -9.250000e+001 -1.300000e+002  0.000000e+000
    endloop
  endfacet
  facet normal  9.937105e-001 -1.119689e-001  1.537071e-003
    outer loop
      vertex -9.243732e+001 -1.294437e+002  0.000000e+000
      vertex -9.247972e+001 -1.296822e+002  1.003860e+001
      vertex -9.250000e+001 -1.300000e+002  0.000000e+000
    endloop
  endfacet
  facet normal  9.772993e-001 -2.118610e-001 -9.057695e-004
    outer loop
      vertex -9.243732e+001 -1.294437e+002  0.000000e+000
      vertex -9.238875e+001 -1.292625e+002  1.002529e+001
      vertex -9.247972e+001 -1.296822e+002  1.003860e+001
    endloop
  endfacet
  facet normal  9.438830e-001 -3.302773e-001  1.396208e-003
    outer loop
      vertex -9.238875e+001 -1.292625e+002  1.002529e+001
      vertex -9.243732e+001 -1.294437e+002  0.000000e+000
      vertex -9.225242e+001 -1.289153e+002  0.000000e+000
    endloop
  endfacet
  facet normal  9.266252e-001 -3.759862e-001 -4.216157e-004
    outer loop
      vertex -9.225242e+001 -1.289153e+002  0.000000e+000
      vertex -9.222727e+001 -1.288645e+002  1.000862e+001
      vertex -9.238875e+001 -1.292625e+002  1.002529e+001
    endloop
  endfacet
  facet normal  7.070931e-001 -7.071203e-001  5.614915e-004
    outer loop
      vertex -9.155872e+001 -1.280454e+002  0.000000e+000
      vertex -9.160187e+001 -1.280806e+002  1.000000e+001
      vertex -9.195458e+001 -1.284413e+002  0.000000e+000
    endloop
  endfacet
  facet normal  5.476655e-001 -8.366972e-001 -5.824835e-004
    outer loop
      vertex -9.111803e+001 -1.277639e+002  1.000000e+001
      vertex -9.160187e+001 -1.280806e+002  1.000000e+001
      vertex -9.155872e+001 -1.280454e+002  0.000000e+000
    endloop
  endfacet
  facet normal  5.320334e-001 -8.467234e-001  3.886365e-004
    outer loop
      vertex -9.108471e+001 -1.277476e+002  0.000000e+000
      vertex -9.111803e+001 -1.277639e+002  1.000000e+001
      vertex -9.155872e+001 -1.280454e+002  0.000000e+000
    endloop
  endfacet
  facet normal  3.407640e-001 -9.401488e-001 -4.015209e-004
    outer loop
      vertex -9.057438e+001 -1.275669e+002  1.000000e+001
      vertex -9.111803e+001 -1.277639e+002  1.000000e+001
      vertex -9.108471e+001 -1.277476e+002  0.000000e+000
    endloop
  endfacet
  facet normal  3.302697e-001  9.438866e-001  2.008600e-004
    outer loop
      vertex -9.108471e+001 -1.322524e+002  0.000000e+000
      vertex -9.057438e+001 -1.324331e+002  1.000000e+001
      vertex -9.055630e+001 -1.324373e+002  0.000000e+000
    endloop
  endfacet
  facet normal  1.156562e-001  9.932892e-001 -2.077634e-004
    outer loop
      vertex -9.055630e+001 -1.324373e+002  0.000000e+000
      vertex -9.057438e+001 -1.324331e+002  1.000000e+001
      vertex -9.000000e+001 -1.325000e+002  1.000000e+001
    endloop
  endfacet
  facet normal  1.119691e-001  9.937117e-001  0.000000e+000
    outer loop
      vertex -9.055630e+001 -1.324373e+002  0.000000e+000
      vertex -9.000000e+001 -1.325000e+002  1.000000e+001
      vertex -9.000000e+001 -1.325000e+002  0.000000e+000
    endloop
  endfacet
  facet normal  9.301674e-001  3.671355e-001 -3.289625e-004
    outer loop
      vertex -9.239793e+001 -1.307071e+002  1.002651e+001
      vertex -9.223447e+001 -1.311212e+002  1.000918e+001
      vertex -9.225242e+001 -1.310847e+002  0.000000e+000
    endloop
  endfacet
  facet normal  8.502789e-001  5.263323e-001  3.950846e-004
    outer loop
      vertex -9.225242e+001 -1.310847e+002  0.000000e+000
      vertex -9.223447e+001 -1.311212e+002  1.000918e+001
      vertex -9.200000e+001 -1.315000e+002  1.000000e+001
    endloop
  endfacet
  facet normal  8.467293e-001  5.320235e-001  7.210256e-004
    outer loop
      vertex -9.225242e+001 -1.310847e+002  0.000000e+000
      vertex -9.200000e+001 -1.315000e+002  1.000000e+001
      vertex -9.195458e+001 -1.315587e+002  0.000000e+000
    endloop
  endfacet
  facet normal  7.252337e-001 -6.885023e-001 -7.497976e-004
    outer loop
      vertex -9.160187e+001 -1.280806e+002  1.000000e+001
      vertex -9.200000e+001 -1.285000e+002  1.000000e+001
      vertex -9.195458e+001 -1.284413e+002  0.000000e+000
    endloop
  endfacet
  facet normal  8.485922e-001 -5.290471e-001  7.469674e-004
    outer loop
      vertex -9.195458e+001 -1.284413e+002  0.000000e+000
      vertex -9.200000e+001 -1.285000e+002  1.000000e+001
      vertex -9.222727e+001 -1.288645e+002  1.000862e+001
    endloop
  endfacet
  facet normal  8.467294e-001 -5.320235e-001  5.703398e-004
    outer loop
      vertex -9.195458e+001 -1.284413e+002  0.000000e+000
      vertex -9.222727e+001 -1.288645e+002  1.000862e+001
      vertex -9.225242e+001 -1.289153e+002  0.000000e+000
    endloop
  endfacet
  facet normal  3.302818e-001 -9.438823e-001  2.008838e-004
    outer loop
      vertex -9.108471e+001 -1.277476e+002  0.000000e+000
      vertex -9.055630e+001 -1.275627e+002  0.000000e+000
      vertex -9.057438e+001 -1.275669e+002  1.000000e+001
    endloop
  endfacet
  facet normal  1.119690e-001 -9.937117e-001 -2.146048e-004
    outer loop
      vertex -9.057438e+001 -1.275669e+002  1.000000e+001
      vertex -9.055630e+001 -1.275627e+002  0.000000e+000
      vertex -9.000000e+001 -1.275000e+002  0.000000e+000
    endloop
  endfacet
  facet normal  1.156562e-001 -9.932892e-001  0.000000e+000
    outer loop
      vertex -9.057438e+001 -1.275669e+002  1.000000e+001
      vertex -9.000000e+001 -1.275000e+002  0.000000e+000
      vertex -9.000000e+001 -1.275000e+002  1.000000e+001
    endloop
  endfacet
  facet normal  3.407640e-001  9.401488e-001 -4.015209e-004
    outer loop
      vertex -9.108471e+001 -8.225242e+001  0.000000e+000
      vertex -9.111803e+001 -8.223607e+001  1.000000e+001
      vertex -9.057438e+001 -8.243312e+001  1.000000e+001
    endloop
  endfacet
  facet normal  5.320236e-001  8.467295e-001  3.885938e-004
    outer loop
      vertex -9.111803e+001 -8.223607e+001  1.000000e+001
      vertex -9.108471e+001 -8.225242e+001  0.000000e+000
      vertex -9.155872e+001 -8.195458e+001  0.000000e+000
    endloop
  endfacet
  facet normal  5.476562e-001  8.367032e-001 -5.825447e-004
    outer loop
      vertex -9.155872e+001 -8.195458e+001  0.000000e+000
      vertex -9.160187e+001 -8.191938e+001  1.000000e+001
      vertex -9.111803e+001 -8.223607e+001  1.000000e+001
    endloop
  endfacet
  facet normal  7.071067e-001  7.071067e-001  5.615983e-004
    outer loop
      vertex -9.160187e+001 -8.191938e+001  1.000000e+001
      vertex -9.155872e+001 -8.195458e+001  0.000000e+000
      vertex -9.195458e+001 -8.155872e+001  0.000000e+000
    endloop
  endfacet
  facet normal  7.252400e-001  6.884958e-001 -7.492052e-004
    outer loop
      vertex -9.160187e+001 -8.191938e+001  1.000000e+001
      vertex -9.195458e+001 -8.155872e+001  0.000000e+000
      vertex -9.200000e+001 -8.150000e+001  1.000000e+001
    endloop
  endfacet
  facet normal  9.438817e-001  3.302816e-001  1.258386e-003
    outer loop
      vertex -9.243732e+001 -8.055630e+001  0.000000e+000
      vertex -9.239793e+001 -8.070708e+001  1.002651e+001
      vertex -9.225242e+001 -8.108471e+001  0.000000e+000
    endloop
  endfacet
  facet normal  9.832588e-001  1.822108e-001 -1.122905e-003
    outer loop
      vertex -9.249207e+001 -8.019899e+001  1.004063e+001
      vertex -9.239793e+001 -8.070708e+001  1.002651e+001
      vertex -9.243732e+001 -8.055630e+001  0.000000e+000
    endloop
  endfacet
  facet normal  9.937107e-001  1.119689e-001  1.433777e-003
    outer loop
      vertex -9.250000e+001 -8.000000e+001  0.000000e+000
      vertex -9.249207e+001 -8.019899e+001  1.004063e+001
      vertex -9.243732e+001 -8.055630e+001  0.000000e+000
    endloop
  endfacet
  facet normal  9.997139e-001 -2.388567e-002 -1.263398e-003
    outer loop
      vertex -9.247972e+001 -7.968222e+001  1.003860e+001
      vertex -9.249207e+001 -8.019899e+001  1.004063e+001
      vertex -9.250000e+001 -8.000000e+001  0.000000e+000
    endloop
  endfacet
  facet normal  9.937105e-001 -1.119689e-001  1.537071e-003
    outer loop
      vertex -9.243732e+001 -7.944370e+001  0.000000e+000
      vertex -9.247972e+001 -7.968222e+001  1.003860e+001
      vertex -9.250000e+001 -8.000000e+001  0.000000e+000
    endloop
  endfacet
  facet normal  9.773002e-001 -2.118574e-001 -9.056786e-004
    outer loop
      vertex -9.243732e+001 -7.944370e+001  0.000000e+000
      vertex -9.238875e+001 -7.926250e+001  1.002529e+001
      vertex -9.247972e+001 -7.968222e+001  1.003860e+001
    endloop
  endfacet
  facet normal  9.438815e-001 -3.302815e-001  1.396543e-003
    outer loop
      vertex -9.238875e+001 -7.926250e+001  1.002529e+001
      vertex -9.243732e+001 -7.944370e+001  0.000000e+000
      vertex -9.225242e+001 -7.891529e+001  0.000000e+000
    endloop
  endfacet
  facet normal  9.266201e-001 -3.759986e-001 -4.215403e-004
    outer loop
      vertex -9.225242e+001 -7.891529e+001  0.000000e+000
      vertex -9.222727e+001 -7.886454e+001  1.000862e+001
      vertex -9.238875e+001 -7.926250e+001  1.002529e+001
    endloop
  endfacet
  facet normal  7.071067e-001 -7.071067e-001  5.615983e-004
    outer loop
      vertex -9.155872e+001 -7.804542e+001  0.000000e+000
      vertex -9.160187e+001 -7.808062e+001  1.000000e+001
      vertex -9.195458e+001 -7.844128e+001  0.000000e+000
    endloop
  endfacet
  facet normal  5.476562e-001 -8.367032e-001 -5.825447e-004
    outer loop
      vertex -9.111803e+001 -7.776393e+001  1.000000e+001
      vertex -9.160187e+001 -7.808062e+001  1.000000e+001
      vertex -9.155872e+001 -7.804542e+001  0.000000e+000
    endloop
  endfacet
  facet normal  5.320236e-001 -8.467295e-001  3.885938e-004
    outer loop
      vertex -9.108471e+001 -7.774758e+001  0.000000e+000
      vertex -9.111803e+001 -7.776393e+001  1.000000e+001
      vertex -9.155872e+001 -7.804542e+001  0.000000e+000
    endloop
  endfacet
  facet normal  3.407640e-001 -9.401488e-001 -4.015209e-004
    outer loop
      vertex -9.057438e+001 -7.756688e+001  1.000000e+001
      vertex -9.111803e+001 -7.776393e+001  1.000000e+001
      vertex -9.108471e+001 -7.774758e+001  0.000000e+000
    endloop
  endfacet
  facet normal  3.302818e-001  9.438823e-001  2.008837e-004
    outer loop
      vertex -9.108471e+001 -8.225242e+001  0.000000e+000
      vertex -9.057438e+001 -8.243312e+001  1.000000e+001
      vertex -9.055630e+001 -8.243732e+001  0.000000e+000
    endloop
  endfacet
  facet normal  1.156562e-001  9.932892e-001 -2.077634e-004
    outer loop
      vertex -9.055630e+001 -8.243732e+001  0.000000e+000
      vertex -9.057438e+001 -8.243312e+001  1.000000e+001
      vertex -9.000000e+001 -8.250000e+001  1.000000e+001
    endloop
  endfacet
  facet normal  1.119691e-001  9.937117e-001  0.000000e+000
    outer loop
      vertex -9.055630e+001 -8.243732e+001  0.000000e+000
      vertex -9.000000e+001 -8.250000e+001  1.000000e+001
      vertex -9.000000e+001 -8.250000e+001  0.000000e+000
    endloop
  endfacet
  facet normal  9.301674e-001  3.671355e-001 -3.286828e-004
    outer loop
      vertex -9.239793e+001 -8.070708e+001  1.002651e+001
      vertex -9.223447e+001 -8.112123e+001  1.000918e+001
      vertex -9.225242e+001 -8.108471e+001  0.000000e+000
    endloop
  endfacet
  facet normal  8.502789e-001  5.263323e-001  3.954856e-004
    outer loop
      vertex -9.225242e+001 -8.108471e+001  0.000000e+000
      vertex -9.223447e+001 -8.112123e+001  1.000918e+001
      vertex -9.200000e+001 -8.150000e+001  1.000000e+001
    endloop
  endfacet
  facet normal  8.467293e-001  5.320235e-001  7.214316e-004
    outer loop
      vertex -9.225242e+001 -8.108471e+001  0.000000e+000
      vertex -9.200000e+001 -8.150000e+001  1.000000e+001
      vertex -9.195458e+001 -8.155872e+001  0.000000e+000
    endloop
  endfacet
  facet normal  7.252400e-001 -6.884958e-001 -7.492052e-004
    outer loop
      vertex -9.160187e+001 -7.808062e+001  1.000000e+001
      vertex -9.200000e+001 -7.850000e+001  1.000000e+001
      vertex -9.195458e+001 -7.844128e+001  0.000000e+000
    endloop
  endfacet
  facet normal  8.485972e-001 -5.290391e-001  7.474405e-004
    outer loop
      vertex -9.195458e+001 -7.844128e+001  0.000000e+000
      vertex -9.200000e+001 -7.850000e+001  1.000000e+001
      vertex -9.222727e+001 -7.886454e+001  1.000862e+001
    endloop
  endfacet
  facet normal  8.467294e-001 -5.320235e-001  5.703398e-004
    outer loop
      vertex -9.195458e+001 -7.844128e+001  0.000000e+000
      vertex -9.222727e+001 -7.886454e+001  1.000862e+001
      vertex -9.225242e+001 -7.891529e+001  0.000000e+000
    endloop
  endfacet
  facet normal  3.302818e-001 -9.438823e-001  2.008838e-004
    outer loop
      vertex -9.108471e+001 -7.774758e+001  0.000000e+000
      vertex -9.055630e+001 -7.756268e+001  0.000000e+000
      vertex -9.057438e+001 -7.756688e+001  1.000000e+001
    endloop
  endfacet
  facet normal  1.119690e-001 -9.937117e-001 -2.146048e-004
    outer loop
      vertex -9.057438e+001 -7.756688e+001  1.000000e+001
      vertex -9.055630e+001 -7.756268e+001  0.000000e+000
      vertex -9.000000e+001 -7.750000e+001  0.000000e+000
    endloop
  endfacet
  facet normal  1.156562e-001 -9.932892e-001  0.000000e+000
    outer loop
      vertex -9.057438e+001 -7.756688e+001  1.000000e+001
      vertex -9.000000e+001 -7.750000e+001  0.000000e+000
      vertex -9.000000e+001 -7.750000e+001  1.000000e+001
    endloop
  endfacet
  facet normal  3.407640e-001  9.401488e-001 -4.018796e-004
    outer loop
      vertex -9.108471e+001 -3.225242e+001  0.000000e+000
      vertex -9.111803e+001 -3.223607e+001  1.000000e+001
      vertex -9.057438e+001 -3.243312e+001  1.000000e+001
    endloop
  endfacet
  facet normal  5.320334e-001  8.467234e-001  3.883135e-004
    outer loop
      vertex -9.111803e+001 -3.223607e+001  1.000000e+001
      vertex -9.108471e+001 -3.225242e+001  0.000000e+000
      vertex -9.155872e+001 -3.195458e+001  0.000000e+000
    endloop
  endfacet
  facet normal  5.476562e-001  8.367032e-001 -5.822255e-004
    outer loop
      vertex -9.155872e+001 -3.195458e+001  0.000000e+000
      vertex -9.160187e+001 -3.191938e+001  1.000000e+001
      vertex -9.111803e+001 -3.223607e+001  1.000000e+001
    endloop
  endfacet
  facet normal  7.071016e-001  7.071118e-001  5.618281e-004
    outer loop
      vertex -9.160187e+001 -3.191938e+001  1.000000e+001
      vertex -9.155872e+001 -3.195458e+001  0.000000e+000
      vertex -9.195458e+001 -3.155873e+001  0.000000e+000
    endloop
  endfacet
  facet normal  7.252400e-001  6.884958e-001 -7.493363e-004
    outer loop
      vertex -9.160187e+001 -3.191938e+001  1.000000e+001
      vertex -9.195458e+001 -3.155873e+001  0.000000e+000
      vertex -9.200000e+001 -3.150000e+001  1.000000e+001
    endloop
  endfacet
  facet normal  9.438820e-001  3.302805e-001  1.258494e-003
    outer loop
      vertex -9.243732e+001 -3.055630e+001  0.000000e+000
      vertex -9.239793e+001 -3.070708e+001  1.002651e+001
      vertex -9.225242e+001 -3.108471e+001  0.000000e+000
    endloop
  endfacet
  facet normal  9.832593e-001  1.822088e-001 -1.122867e-003
    outer loop
      vertex -9.249207e+001 -3.019899e+001  1.004063e+001
      vertex -9.239793e+001 -3.070708e+001  1.002651e+001
      vertex -9.243732e+001 -3.055630e+001  0.000000e+000
    endloop
  endfacet
  facet normal  9.937106e-001  1.119693e-001  1.433742e-003
    outer loop
      vertex -9.250000e+001 -3.000000e+001  0.000000e+000
      vertex -9.249207e+001 -3.019899e+001  1.004063e+001
      vertex -9.243732e+001 -3.055630e+001  0.000000e+000
    endloop
  endfacet
  facet normal  9.997138e-001 -2.388585e-002 -1.263392e-003
    outer loop
      vertex -9.247972e+001 -2.968222e+001  1.003860e+001
      vertex -9.249207e+001 -3.019899e+001  1.004063e+001
      vertex -9.250000e+001 -3.000000e+001  0.000000e+000
    endloop
  endfacet
  facet normal  9.937105e-001 -1.119693e-001  1.537083e-003
    outer loop
      vertex -9.243732e+001 -2.944370e+001  0.000000e+000
      vertex -9.247972e+001 -2.968222e+001  1.003860e+001
      vertex -9.250000e+001 -3.000000e+001  0.000000e+000
    endloop
  endfacet
  facet normal  9.772997e-001 -2.118592e-001 -9.056834e-004
    outer loop
      vertex -9.243732e+001 -2.944370e+001  0.000000e+000
      vertex -9.238875e+001 -2.926251e+001  1.002529e+001
      vertex -9.247972e+001 -2.968222e+001  1.003860e+001
    endloop
  endfacet
  facet normal  9.438818e-001 -3.302804e-001  1.396459e-003
    outer loop
      vertex -9.238875e+001 -2.926251e+001  1.002529e+001
      vertex -9.243732e+001 -2.944370e+001  0.000000e+000
      vertex -9.225242e+001 -2.891529e+001  0.000000e+000
    endloop
  endfacet
  facet normal  9.266214e-001 -3.759955e-001 -4.215591e-004
    outer loop
      vertex -9.225242e+001 -2.891529e+001  0.000000e+000
      vertex -9.222727e+001 -2.886454e+001  1.000862e+001
      vertex -9.238875e+001 -2.926251e+001  1.002529e+001
    endloop
  endfacet
  facet normal  7.071016e-001 -7.071118e-001  5.618279e-004
    outer loop
      vertex -9.155872e+001 -2.804542e+001  0.000000e+000
      vertex -9.160187e+001 -2.808062e+001  1.000000e+001
      vertex -9.195458e+001 -2.844127e+001  0.000000e+000
    endloop
  endfacet
  facet normal  5.476562e-001 -8.367032e-001 -5.822255e-004
    outer loop
      vertex -9.111803e+001 -2.776393e+001  1.000000e+001
      vertex -9.160187e+001 -2.808062e+001  1.000000e+001
      vertex -9.155872e+001 -2.804542e+001  0.000000e+000
    endloop
  endfacet
  facet normal  5.320334e-001 -8.467234e-001  3.883136e-004
    outer loop
      vertex -9.108471e+001 -2.774758e+001  0.000000e+000
      vertex -9.111803e+001 -2.776393e+001  1.000000e+001
      vertex -9.155872e+001 -2.804542e+001  0.000000e+000
    endloop
  endfacet
  facet normal  3.407669e-001 -9.401478e-001 -4.018682e-004
    outer loop
      vertex -9.057438e+001 -2.756688e+001  1.000000e+001
      vertex -9.111803e+001 -2.776393e+001  1.000000e+001
      vertex -9.108471e+001 -2.774758e+001  0.000000e+000
    endloop
  endfacet
  facet normal  3.302818e-001  9.438823e-001  2.005237e-004
    outer loop
      vertex -9.108471e+001 -3.225242e+001  0.000000e+000
      vertex -9.057438e+001 -3.243312e+001  1.000000e+001
      vertex -9.055630e+001 -3.243732e+001  0.000000e+000
    endloop
  endfacet
  facet normal  1.156562e-001  9.932892e-001 -2.081423e-004
    outer loop
      vertex -9.055630e+001 -3.243732e+001  0.000000e+000
      vertex -9.057438e+001 -3.243312e+001  1.000000e+001
      vertex -9.000000e+001 -3.250000e+001  1.000000e+001
    endloop
  endfacet
  facet normal  1.119623e-001  9.937125e-001  0.000000e+000
    outer loop
      vertex -9.055630e+001 -3.243732e+001  0.000000e+000
      vertex -9.000000e+001 -3.250000e+001  1.000000e+001
      vertex -9.000000e+001 -3.250000e+001  0.000000e+000
    endloop
  endfacet
  facet normal  9.301674e-001  3.671355e-001 -3.286128e-004
    outer loop
      vertex -9.239793e+001 -3.070708e+001  1.002651e+001
      vertex -9.223447e+001 -3.112123e+001  1.000918e+001
      vertex -9.225242e+001 -3.108471e+001  0.000000e+000
    endloop
  endfacet
  facet normal  8.502777e-001  5.263342e-001  3.955950e-004
    outer loop
      vertex -9.225242e+001 -3.108471e+001  0.000000e+000
      vertex -9.223447e+001 -3.112123e+001  1.000918e+001
      vertex -9.200000e+001 -3.150000e+001  1.000000e+001
    endloop
  endfacet
  facet normal  8.467302e-001  5.320219e-001  7.213434e-004
    outer loop
      vertex -9.225242e+001 -3.108471e+001  0.000000e+000
      vertex -9.200000e+001 -3.150000e+001  1.000000e+001
      vertex -9.195458e+001 -3.155873e+001  0.000000e+000
    endloop
  endfacet
  facet normal  7.252400e-001 -6.884958e-001 -7.493363e-004
    outer loop
      vertex -9.160187e+001 -2.808062e+001  1.000000e+001
      vertex -9.200000e+001 -2.850000e+001  1.000000e+001
      vertex -9.195458e+001 -2.844127e+001  0.000000e+000
    endloop
  endfacet
  facet normal  8.485972e-001 -5.290391e-001  7.473395e-004
    outer loop
      vertex -9.195458e+001 -2.844127e+001  0.000000e+000
      vertex -9.200000e+001 -2.850000e+001  1.000000e+001
      vertex -9.222727e+001 -2.886454e+001  1.000862e+001
    endloop
  endfacet
  facet normal  8.467304e-001 -5.320219e-001  5.703296e-004
    outer loop
      vertex -9.195458e+001 -2.844127e+001  0.000000e+000
      vertex -9.222727e+001 -2.886454e+001  1.000862e+001
      vertex -9.225242e+001 -2.891529e+001  0.000000e+000
    endloop
  endfacet
  facet normal  3.302818e-001 -9.438823e-001  2.007037e-004
    outer loop
      vertex -9.108471e+001 -2.774758e+001  0.000000e+000
      vertex -9.055630e+001 -2.756268e+001  0.000000e+000
      vertex -9.057438e+001 -2.756688e+001  1.000000e+001
    endloop
  endfacet
  facet normal  1.119623e-001 -9.937124e-001 -2.148068e-004
    outer loop
      vertex -9.057438e+001 -2.756688e+001  1.000000e+001
      vertex -9.055630e+001 -2.756268e+001  0.000000e+000
      vertex -9.000000e+001 -2.750000e+001  0.000000e+000
    endloop
  endfacet
  facet normal  1.156529e-001 -9.932896e-001  0.000000e+000
    outer loop
      vertex -9.057438e+001 -2.756688e+001  1.000000e+001
      vertex -9.000000e+001 -2.750000e+001  0.000000e+000
      vertex -9.000000e+001 -2.750000e+001  1.000000e+001
    endloop
  endfacet
  facet normal  0.000000e+000 -9.999999e-001  0.000000e+000
    outer loop
      vertex  9.355000e+000 -1.650000e+002  3.345000e+001
      vertex  8.129870e+001 -1.650000e+002  3.101268e+001
      vertex  8.077029e+001 -1.650000e+002  3.119758e+001
    endloop
  endfacet
  facet normal  0.000000e+000 -9.999999e-001  0.000000e+000
    outer loop
      vertex  9.355000e+000 -1.650000e+002  3.345000e+001
      vertex  8.077029e+001 -1.650000e+002  3.119758e+001
      vertex  8.029627e+001 -1.650000e+002  3.149542e+001
    endloop
  endfacet
  facet normal  0.000000e+000 -1.000000e+000  0.000000e+000
    outer loop
      vertex  9.355000e+000 -1.650000e+002  3.345000e+001
      vertex  8.029627e+001 -1.650000e+002  3.149542e+001
      vertex  7.990042e+001 -1.650000e+002  3.189128e+001
    endloop
  endfacet
  facet normal  0.000000e+000 -1.000000e+000  0.000000e+000
    outer loop
      vertex  9.355000e+000 -1.650000e+002  3.345000e+001
      vertex  7.990042e+001 -1.650000e+002  3.189128e+001
      vertex  7.960258e+001 -1.650000e+002  3.236529e+001
    endloop
  endfacet
  facet normal  0.000000e+000 -1.000000e+000  0.000000e+000
    outer loop
      vertex  9.355000e+000 -1.650000e+002  3.345000e+001
      vertex  7.960258e+001 -1.650000e+002  3.236529e+001
      vertex  7.941768e+001 -1.650000e+002  3.289370e+001
    endloop
  endfacet
  facet normal  0.000000e+000 -1.000000e+000  0.000000e+000
    outer loop
      vertex  9.355000e+000 -1.650000e+002  3.345000e+001
      vertex  7.941768e+001 -1.650000e+002  3.289370e+001
      vertex  7.935500e+001 -1.650000e+002  3.345000e+001
    endloop
  endfacet
  facet normal  0.000000e+000 -1.000000e+000  0.000000e+000
    outer loop
      vertex  9.355000e+000 -1.650000e+002  3.345000e+001
      vertex  7.935500e+001 -1.650000e+002  3.345000e+001
      vertex  7.935500e+001 -1.650000e+002  1.134500e+002
    endloop
  endfacet
  facet normal  -0.000000e+000 -1.000000e+000  0.000000e+000
    outer loop
      vertex  9.355000e+000 -1.650000e+002  3.345000e+001
      vertex  7.935500e+001 -1.650000e+002  1.134500e+002
      vertex  9.355000e+000 -1.650000e+002  1.134500e+002
    endloop
  endfacet
  facet normal  0.000000e+000 -1.000000e+000  -0.000000e+000
    outer loop
      vertex  9.355000e+000 -1.650000e+002  3.345000e+001
      vertex  9.355000e+000 -1.650000e+002  1.134500e+002
      vertex  9.292320e+000 -1.650000e+002  1.128937e+002
    endloop
  endfacet
  facet normal  0.000000e+000 -1.000000e+000  0.000000e+000
    outer loop
      vertex  9.355000e+000 -1.650000e+002  3.345000e+001
      vertex  9.292320e+000 -1.650000e+002  1.128937e+002
      vertex  9.292320e+000 -1.650000e+002  3.400630e+001
    endloop
  endfacet
  facet normal  -0.000000e+000 -9.999999e-001  0.000000e+000
    outer loop
      vertex  4.355000e+000 -1.650000e+002  3.345000e+001
      vertex  4.417680e+000 -1.650000e+002  3.400630e+001
      vertex  4.417680e+000 -1.650000e+002  1.128937e+002
    endloop
  endfacet
  facet normal  -0.000000e+000 -1.000000e+000  0.000000e+000
    outer loop
      vertex  4.355000e+000 -1.650000e+002  3.345000e+001
      vertex  4.417680e+000 -1.650000e+002  1.128937e+002
      vertex  4.355000e+000 -1.650000e+002  1.134500e+002
    endloop
  endfacet
  facet normal  -0.000000e+000 -1.000000e+000  -0.000000e+000
    outer loop
      vertex  4.355000e+000 -1.650000e+002  3.345000e+001
      vertex  4.355000e+000 -1.650000e+002  1.134500e+002
      vertex -5.314500e+001 -1.650000e+002  1.139500e+002
    endloop
  endfacet
  facet normal  -0.000000e+000 -1.000000e+000  -0.000000e+000
    outer loop
      vertex  4.355000e+000 -1.650000e+002  3.345000e+001
      vertex -5.314500e+001 -1.650000e+002  1.139500e+002
      vertex -5.370130e+001 -1.650000e+002  1.140127e+002
    endloop
  endfacet
  facet normal  -0.000000e+000 -1.000000e+000  -0.000000e+000
    outer loop
      vertex  4.355000e+000 -1.650000e+002  3.345000e+001
      vertex -5.370130e+001 -1.650000e+002  1.140127e+002
      vertex -5.422971e+001 -1.650000e+002  1.141976e+002
    endloop
  endfacet
  facet normal  -0.000000e+000 -1.000000e+000  -0.000000e+000
    outer loop
      vertex  4.355000e+000 -1.650000e+002  3.345000e+001
      vertex -5.422971e+001 -1.650000e+002  1.141976e+002
      vertex -5.470372e+001 -1.650000e+002  1.144954e+002
    endloop
  endfacet
  facet normal  0.000000e+000 -1.000000e+000  0.000000e+000
    outer loop
      vertex  9.355000e+000 -1.650000e+002  1.134500e+002
      vertex  7.935500e+001 -1.650000e+002  1.134500e+002
      vertex  7.941768e+001 -1.650000e+002  1.140063e+002
    endloop
  endfacet
  facet normal  -0.000000e+000 -1.000000e+000  0.000000e+000
    outer loop
      vertex  9.355000e+000 -1.650000e+002  1.134500e+002
      vertex  7.941768e+001 -1.650000e+002  1.140063e+002
      vertex  7.960258e+001 -1.650000e+002  1.145347e+002
    endloop
  endfacet
  facet normal  -0.000000e+000 -1.000000e+000  0.000000e+000
    outer loop
      vertex  9.355000e+000 -1.650000e+002  1.134500e+002
      vertex  7.960258e+001 -1.650000e+002  1.145347e+002
      vertex  7.990042e+001 -1.650000e+002  1.150087e+002
    endloop
  endfacet
  facet normal  -0.000000e+000 -1.000000e+000  0.000000e+000
    outer loop
      vertex  9.355000e+000 -1.650000e+002  1.134500e+002
      vertex  7.990042e+001 -1.650000e+002  1.150087e+002
      vertex  8.029627e+001 -1.650000e+002  1.154046e+002
    endloop
  endfacet
  facet normal  -0.000000e+000 -1.000000e+000  0.000000e+000
    outer loop
      vertex  9.355000e+000 -1.650000e+002  1.134500e+002
      vertex  8.029627e+001 -1.650000e+002  1.154046e+002
      vertex  8.077029e+001 -1.650000e+002  1.157024e+002
    endloop
  endfacet
  facet normal  -0.000000e+000 -1.000000e+000  0.000000e+000
    outer loop
      vertex  9.355000e+000 -1.650000e+002  1.134500e+002
      vertex  8.077029e+001 -1.650000e+002  1.157024e+002
      vertex  8.129870e+001 -1.650000e+002  1.158873e+002
    endloop
  endfacet
  facet normal  -0.000000e+000 -9.999999e-001  -0.000000e+000
    outer loop
      vertex  8.185500e+001 -1.650000e+002  3.095000e+001
      vertex  8.129870e+001 -1.650000e+002  3.101268e+001
      vertex  9.355000e+000 -1.650000e+002  3.345000e+001
    endloop
  endfacet
  facet normal  0.000000e+000 -1.000000e+000  -0.000000e+000
    outer loop
      vertex  8.185500e+001 -1.650000e+002  3.095000e+001
      vertex  9.355000e+000 -1.650000e+002  3.345000e+001
      vertex  9.292320e+000 -1.650000e+002  3.289370e+001
    endloop
  endfacet
  facet normal  0.000000e+000 -1.000000e+000  -0.000000e+000
    outer loop
      vertex  8.185500e+001 -1.650000e+002  3.095000e+001
      vertex  9.292320e+000 -1.650000e+002  3.289370e+001
      vertex  9.107422e+000 -1.650000e+002  3.236529e+001
    endloop
  endfacet
  facet normal  0.000000e+000 -1.000000e+000  -0.000000e+000
    outer loop
      vertex  8.185500e+001 -1.650000e+002  3.095000e+001
      vertex  9.107422e+000 -1.650000e+002  3.236529e+001
      vertex  8.809579e+000 -1.650000e+002  3.189128e+001
    endloop
  endfacet
  facet normal  0.000000e+000 -1.000000e+000  -0.000000e+000
    outer loop
      vertex  8.185500e+001 -1.650000e+002  3.095000e+001
      vertex  8.809579e+000 -1.650000e+002  3.189128e+001
      vertex  8.413725e+000 -1.650000e+002  3.149542e+001
    endloop
  endfacet
  facet normal  0.000000e+000 -1.000000e+000  -0.000000e+000
    outer loop
      vertex  8.185500e+001 -1.650000e+002  3.095000e+001
      vertex  8.413725e+000 -1.650000e+002  3.149542e+001
      vertex  7.939709e+000 -1.650000e+002  3.119758e+001
    endloop
  endfacet
  facet normal  0.000000e+000 -1.000000e+000  -0.000000e+000
    outer loop
      vertex  8.185500e+001 -1.650000e+002  3.095000e+001
      vertex  7.939709e+000 -1.650000e+002  3.119758e+001
      vertex  7.411303e+000 -1.650000e+002  3.101268e+001
    endloop
  endfacet
  facet normal  0.000000e+000 -9.999999e-001  -0.000000e+000
    outer loop
      vertex  8.185500e+001 -1.650000e+002  3.095000e+001
      vertex  7.411303e+000 -1.650000e+002  3.101268e+001
      vertex  6.855000e+000 -1.650000e+002  3.095000e+001
    endloop
  endfacet
  facet normal  0.000000e+000 -1.000000e+000  -0.000000e+000
    outer loop
      vertex  8.185500e+001 -1.650000e+002  3.095000e+001
      vertex  6.855000e+000 -1.650000e+002  3.095000e+001
      vertex -5.064500e+001 -1.650000e+002  3.045000e+001
    endloop
  endfacet
  facet normal  0.000000e+000 -1.000000e+000  0.000000e+000
    outer loop
      vertex  8.185500e+001 -1.650000e+002  3.095000e+001
      vertex -5.064500e+001 -1.650000e+002  3.045000e+001
      vertex  1.100000e+002 -1.650000e+002  0.000000e+000
    endloop
  endfacet
  facet normal  0.000000e+000 -1.000000e+000  0.000000e+000
    outer loop
      vertex  8.185500e+001 -1.650000e+002  3.095000e+001
      vertex  1.100000e+002 -1.650000e+002  0.000000e+000
      vertex  8.241130e+001 -1.650000e+002  3.101268e+001
    endloop
  endfacet
  facet normal  0.000000e+000 -1.000000e+000  0.000000e+000
    outer loop
      vertex  1.100000e+002 -1.650000e+002  1.500000e+002
      vertex -1.100000e+002 -1.650000e+002  1.500000e+002
      vertex -5.370130e+001 -1.650000e+002  1.188873e+002
    endloop
  endfacet
  facet normal  0.000000e+000 -9.999999e-001  0.000000e+000
    outer loop
      vertex  1.100000e+002 -1.650000e+002  1.500000e+002
      vertex -5.370130e+001 -1.650000e+002  1.188873e+002
      vertex -5.314500e+001 -1.650000e+002  1.189500e+002
    endloop
  endfacet
  facet normal  0.000000e+000 -1.000000e+000  0.000000e+000
    outer loop
      vertex  1.100000e+002 -1.650000e+002  1.500000e+002
      vertex -5.314500e+001 -1.650000e+002  1.189500e+002
      vertex -5.258870e+001 -1.650000e+002  1.188873e+002
    endloop
  endfacet
  facet normal  0.000000e+000 -1.000000e+000  0.000000e+000
    outer loop
      vertex  1.100000e+002 -1.650000e+002  1.500000e+002
      vertex -5.258870e+001 -1.650000e+002  1.188873e+002
      vertex -5.206029e+001 -1.650000e+002  1.187024e+002
    endloop
  endfacet
  facet normal  0.000000e+000 -1.000000e+000  0.000000e+000
    outer loop
      vertex  1.100000e+002 -1.650000e+002  1.500000e+002
      vertex -5.206029e+001 -1.650000e+002  1.187024e+002
      vertex -5.158628e+001 -1.650000e+002  1.184046e+002
    endloop
  endfacet
  facet normal  0.000000e+000 -1.000000e+000  0.000000e+000
    outer loop
      vertex  1.100000e+002 -1.650000e+002  1.500000e+002
      vertex -5.158628e+001 -1.650000e+002  1.184046e+002
      vertex -5.119042e+001 -1.650000e+002  1.180087e+002
    endloop
  endfacet
  facet normal  0.000000e+000 -1.000000e+000  0.000000e+000
    outer loop
      vertex  1.100000e+002 -1.650000e+002  1.500000e+002
      vertex -5.119042e+001 -1.650000e+002  1.180087e+002
      vertex -5.089258e+001 -1.650000e+002  1.175347e+002
    endloop
  endfacet
  facet normal  0.000000e+000 -1.000000e+000  0.000000e+000
    outer loop
      vertex  1.100000e+002 -1.650000e+002  1.500000e+002
      vertex -5.089258e+001 -1.650000e+002  1.175347e+002
      vertex -5.070768e+001 -1.650000e+002  1.170063e+002
    endloop
  endfacet
  facet normal  0.000000e+000 -1.000000e+000  0.000000e+000
    outer loop
      vertex  1.100000e+002 -1.650000e+002  1.500000e+002
      vertex -5.070768e+001 -1.650000e+002  1.170063e+002
      vertex -5.064500e+001 -1.650000e+002  1.164500e+002
    endloop
  endfacet
  facet normal  0.000000e+000 -1.000000e+000  0.000000e+000
    outer loop
      vertex  1.100000e+002 -1.650000e+002  1.500000e+002
      vertex -5.064500e+001 -1.650000e+002  1.164500e+002
      vertex  6.855000e+000 -1.650000e+002  1.159500e+002
    endloop
  endfacet
  facet normal  0.000000e+000 -1.000000e+000  0.000000e+000
    outer loop
      vertex  1.100000e+002 -1.650000e+002  1.500000e+002
      vertex  6.855000e+000 -1.650000e+002  1.159500e+002
      vertex  8.185500e+001 -1.650000e+002  1.159500e+002
    endloop
  endfacet
  facet normal  0.000000e+000 -9.999999e-001  0.000000e+000
    outer loop
      vertex  1.100000e+002 -1.650000e+002  1.500000e+002
      vertex  8.185500e+001 -1.650000e+002  1.159500e+002
      vertex  8.241130e+001 -1.650000e+002  1.158873e+002
    endloop
  endfacet
  facet normal  0.000000e+000 -1.000000e+000  0.000000e+000
    outer loop
      vertex  1.100000e+002 -1.650000e+002  1.500000e+002
      vertex  8.241130e+001 -1.650000e+002  1.158873e+002
      vertex  8.293971e+001 -1.650000e+002  1.157024e+002
    endloop
  endfacet
  facet normal  0.000000e+000 -1.000000e+000  0.000000e+000
    outer loop
      vertex  1.100000e+002 -1.650000e+002  1.500000e+002
      vertex  8.293971e+001 -1.650000e+002  1.157024e+002
      vertex  8.341373e+001 -1.650000e+002  1.154046e+002
    endloop
  endfacet
  facet normal  0.000000e+000 -1.000000e+000  0.000000e+000
    outer loop
      vertex  1.100000e+002 -1.650000e+002  1.500000e+002
      vertex  8.341373e+001 -1.650000e+002  1.154046e+002
      vertex  8.380958e+001 -1.650000e+002  1.150087e+002
    endloop
  endfacet
  facet normal  0.000000e+000 -1.000000e+000  0.000000e+000
    outer loop
      vertex  1.100000e+002 -1.650000e+002  1.500000e+002
      vertex  8.380958e+001 -1.650000e+002  1.150087e+002
      vertex  8.410742e+001 -1.650000e+002  1.145347e+002
    endloop
  endfacet
  facet normal  0.000000e+000 -1.000000e+000  0.000000e+000
    outer loop
      vertex  1.100000e+002 -1.650000e+002  1.500000e+002
      vertex  8.410742e+001 -1.650000e+002  1.145347e+002
      vertex  8.429232e+001 -1.650000e+002  1.140063e+002
    endloop
  endfacet
  facet normal  0.000000e+000 -9.999999e-001  0.000000e+000
    outer loop
      vertex  1.100000e+002 -1.650000e+002  1.500000e+002
      vertex  8.429232e+001 -1.650000e+002  1.140063e+002
      vertex  8.435500e+001 -1.650000e+002  1.134500e+002
    endloop
  endfacet
  facet normal  0.000000e+000 -1.000000e+000  0.000000e+000
    outer loop
      vertex  1.100000e+002 -1.650000e+002  1.500000e+002
      vertex  8.435500e+001 -1.650000e+002  1.134500e+002
      vertex  8.435500e+001 -1.650000e+002  3.345000e+001
    endloop
  endfacet
  facet normal  0.000000e+000 -9.999999e-001  -0.000000e+000
    outer loop
      vertex  1.100000e+002 -1.650000e+002  1.500000e+002
      vertex  8.435500e+001 -1.650000e+002  3.345000e+001
      vertex  8.429232e+001 -1.650000e+002  3.289370e+001
    endloop
  endfacet
  facet normal  0.000000e+000 -1.000000e+000  -0.000000e+000
    outer loop
      vertex  1.100000e+002 -1.650000e+002  0.000000e+000
      vertex  1.100000e+002 -1.650000e+002  1.500000e+002
      vertex  8.429232e+001 -1.650000e+002  3.289370e+001
    endloop
  endfacet
  facet normal  0.000000e+000 -9.999999e-001  -0.000000e+000
    outer loop
      vertex  1.100000e+002 -1.650000e+002  0.000000e+000
      vertex  8.429232e+001 -1.650000e+002  3.289370e+001
      vertex  8.410742e+001 -1.650000e+002  3.236529e+001
    endloop
  endfacet
  facet normal  0.000000e+000 -1.000000e+000  -0.000000e+000
    outer loop
      vertex  1.100000e+002 -1.650000e+002  0.000000e+000
      vertex  8.410742e+001 -1.650000e+002  3.236529e+001
      vertex  8.380958e+001 -1.650000e+002  3.189128e+001
    endloop
  endfacet
  facet normal  0.000000e+000 -1.000000e+000  -0.000000e+000
    outer loop
      vertex  1.100000e+002 -1.650000e+002  0.000000e+000
      vertex  8.380958e+001 -1.650000e+002  3.189128e+001
      vertex  8.341373e+001 -1.650000e+002  3.149542e+001
    endloop
  endfacet
  facet normal  0.000000e+000 -1.000000e+000  -0.000000e+000
    outer loop
      vertex  1.100000e+002 -1.650000e+002  0.000000e+000
      vertex  8.341373e+001 -1.650000e+002  3.149542e+001
      vertex  8.293971e+001 -1.650000e+002  3.119758e+001
    endloop
  endfacet
  facet normal  0.000000e+000 -1.000000e+000  -0.000000e+000
    outer loop
      vertex  1.100000e+002 -1.650000e+002  0.000000e+000
      vertex  8.293971e+001 -1.650000e+002  3.119758e+001
      vertex  8.241130e+001 -1.650000e+002  3.101268e+001
    endloop
  endfacet
  facet normal  0.000000e+000 -1.000000e+000  0.000000e+000
    outer loop
      vertex  8.185500e+001 -1.650000e+002  1.159500e+002
      vertex  6.855000e+000 -1.650000e+002  1.159500e+002
      vertex  7.411303e+000 -1.650000e+002  1.158873e+002
    endloop
  endfacet
  facet normal  0.000000e+000 -9.999999e-001  0.000000e+000
    outer loop
      vertex  8.185500e+001 -1.650000e+002  1.159500e+002
      vertex  7.411303e+000 -1.650000e+002  1.158873e+002
      vertex  7.939709e+000 -1.650000e+002  1.157024e+002
    endloop
  endfacet
  facet normal  0.000000e+000 -1.000000e+000  0.000000e+000
    outer loop
      vertex  8.185500e+001 -1.650000e+002  1.159500e+002
      vertex  7.939709e+000 -1.650000e+002  1.157024e+002
      vertex  8.413725e+000 -1.650000e+002  1.154046e+002
    endloop
  endfacet
  facet normal  0.000000e+000 -1.000000e+000  0.000000e+000
    outer loop
      vertex  8.185500e+001 -1.650000e+002  1.159500e+002
      vertex  8.413725e+000 -1.650000e+002  1.154046e+002
      vertex  8.809579e+000 -1.650000e+002  1.150087e+002
    endloop
  endfacet
  facet normal  0.000000e+000 -1.000000e+000  0.000000e+000
    outer loop
      vertex  8.185500e+001 -1.650000e+002  1.159500e+002
      vertex  8.809579e+000 -1.650000e+002  1.150087e+002
      vertex  9.107422e+000 -1.650000e+002  1.145347e+002
    endloop
  endfacet
  facet normal  0.000000e+000 -1.000000e+000  0.000000e+000
    outer loop
      vertex  8.185500e+001 -1.650000e+002  1.159500e+002
      vertex  9.107422e+000 -1.650000e+002  1.145347e+002
      vertex  9.292320e+000 -1.650000e+002  1.140063e+002
    endloop
  endfacet
  facet normal  0.000000e+000 -1.000000e+000  0.000000e+000
    outer loop
      vertex  8.185500e+001 -1.650000e+002  1.159500e+002
      vertex  9.292320e+000 -1.650000e+002  1.140063e+002
      vertex  9.355000e+000 -1.650000e+002  1.134500e+002
    endloop
  endfacet
  facet normal  0.000000e+000 -1.000000e+000  0.000000e+000
    outer loop
      vertex  8.185500e+001 -1.650000e+002  1.159500e+002
      vertex  9.355000e+000 -1.650000e+002  1.134500e+002
      vertex  8.129870e+001 -1.650000e+002  1.158873e+002
    endloop
  endfacet
  facet normal  0.000000e+000 -1.000000e+000  0.000000e+000
    outer loop
      vertex -1.100000e+002 -1.650000e+002  1.500000e+002
      vertex -1.100000e+002 -1.650000e+002  0.000000e+000
      vertex -5.564500e+001 -1.650000e+002  3.045000e+001
    endloop
  endfacet
  facet normal  0.000000e+000 -1.000000e+000  0.000000e+000
    outer loop
      vertex -1.100000e+002 -1.650000e+002  1.500000e+002
      vertex -5.564500e+001 -1.650000e+002  3.045000e+001
      vertex -5.558232e+001 -1.650000e+002  3.100630e+001
    endloop
  endfacet
  facet normal  0.000000e+000 -9.999999e-001  0.000000e+000
    outer loop
      vertex -1.100000e+002 -1.650000e+002  1.500000e+002
      vertex -5.558232e+001 -1.650000e+002  3.100630e+001
      vertex -5.539742e+001 -1.650000e+002  3.153471e+001
    endloop
  endfacet
  facet normal  0.000000e+000 -1.000000e+000  0.000000e+000
    outer loop
      vertex -1.100000e+002 -1.650000e+002  1.500000e+002
      vertex -5.539742e+001 -1.650000e+002  3.153471e+001
      vertex -5.509958e+001 -1.650000e+002  3.200872e+001
    endloop
  endfacet
  facet normal  0.000000e+000 -1.000000e+000  0.000000e+000
    outer loop
      vertex -1.100000e+002 -1.650000e+002  1.500000e+002
      vertex -5.509958e+001 -1.650000e+002  3.200872e+001
      vertex -5.470372e+001 -1.650000e+002  3.240458e+001
    endloop
  endfacet
  facet normal  0.000000e+000 -9.999999e-001  0.000000e+000
    outer loop
      vertex -1.100000e+002 -1.650000e+002  1.500000e+002
      vertex -5.470372e+001 -1.650000e+002  3.240458e+001
      vertex -5.422971e+001 -1.650000e+002  3.270242e+001
    endloop
  endfacet
  facet normal  0.000000e+000 -1.000000e+000  0.000000e+000
    outer loop
      vertex -1.100000e+002 -1.650000e+002  1.500000e+002
      vertex -5.422971e+001 -1.650000e+002  3.270242e+001
      vertex -5.370130e+001 -1.650000e+002  3.288732e+001
    endloop
  endfacet
  facet normal  0.000000e+000 -1.000000e+000  0.000000e+000
    outer loop
      vertex -1.100000e+002 -1.650000e+002  1.500000e+002
      vertex -5.370130e+001 -1.650000e+002  3.288732e+001
      vertex -5.314500e+001 -1.650000e+002  3.295000e+001
    endloop
  endfacet
  facet normal  0.000000e+000 -1.000000e+000  0.000000e+000
    outer loop
      vertex -1.100000e+002 -1.650000e+002  1.500000e+002
      vertex -5.314500e+001 -1.650000e+002  3.295000e+001
      vertex  4.355000e+000 -1.650000e+002  3.345000e+001
    endloop
  endfacet
  facet normal  0.000000e+000 -1.000000e+000  0.000000e+000
    outer loop
      vertex -1.100000e+002 -1.650000e+002  1.500000e+002
      vertex  4.355000e+000 -1.650000e+002  3.345000e+001
      vertex -5.470372e+001 -1.650000e+002  1.144954e+002
    endloop
  endfacet
  facet normal  0.000000e+000 -1.000000e+000  0.000000e+000
    outer loop
      vertex -1.100000e+002 -1.650000e+002  1.500000e+002
      vertex -5.470372e+001 -1.650000e+002  1.144954e+002
      vertex -5.509958e+001 -1.650000e+002  1.148913e+002
    endloop
  endfacet
  facet normal  0.000000e+000 -1.000000e+000  0.000000e+000
    outer loop
      vertex -1.100000e+002 -1.650000e+002  1.500000e+002
      vertex -5.509958e+001 -1.650000e+002  1.148913e+002
      vertex -5.539742e+001 -1.650000e+002  1.153653e+002
    endloop
  endfacet
  facet normal  0.000000e+000 -1.000000e+000  0.000000e+000
    outer loop
      vertex -1.100000e+002 -1.650000e+002  1.500000e+002
      vertex -5.539742e+001 -1.650000e+002  1.153653e+002
      vertex -5.558232e+001 -1.650000e+002  1.158937e+002
    endloop
  endfacet
  facet normal  0.000000e+000 -9.999999e-001  0.000000e+000
    outer loop
      vertex -1.100000e+002 -1.650000e+002  1.500000e+002
      vertex -5.558232e+001 -1.650000e+002  1.158937e+002
      vertex -5.564500e+001 -1.650000e+002  1.164500e+002
    endloop
  endfacet
  facet normal  0.000000e+000 -1.000000e+000  0.000000e+000
    outer loop
      vertex -1.100000e+002 -1.650000e+002  1.500000e+002
      vertex -5.564500e+001 -1.650000e+002  1.164500e+002
      vertex -5.558232e+001 -1.650000e+002  1.170063e+002
    endloop
  endfacet
  facet normal  0.000000e+000 -1.000000e+000  0.000000e+000
    outer loop
      vertex -1.100000e+002 -1.650000e+002  1.500000e+002
      vertex -5.558232e+001 -1.650000e+002  1.170063e+002
      vertex -5.539742e+001 -1.650000e+002  1.175347e+002
    endloop
  endfacet
  facet normal  0.000000e+000 -1.000000e+000  0.000000e+000
    outer loop
      vertex -1.100000e+002 -1.650000e+002  1.500000e+002
      vertex -5.539742e+001 -1.650000e+002  1.175347e+002
      vertex -5.509958e+001 -1.650000e+002  1.180087e+002
    endloop
  endfacet
  facet normal  0.000000e+000 -1.000000e+000  0.000000e+000
    outer loop
      vertex -1.100000e+002 -1.650000e+002  1.500000e+002
      vertex -5.509958e+001 -1.650000e+002  1.180087e+002
      vertex -5.470372e+001 -1.650000e+002  1.184046e+002
    endloop
  endfacet
  facet normal  0.000000e+000 -1.000000e+000  0.000000e+000
    outer loop
      vertex -1.100000e+002 -1.650000e+002  1.500000e+002
      vertex -5.470372e+001 -1.650000e+002  1.184046e+002
      vertex -5.422971e+001 -1.650000e+002  1.187024e+002
    endloop
  endfacet
  facet normal  0.000000e+000 -1.000000e+000  0.000000e+000
    outer loop
      vertex -1.100000e+002 -1.650000e+002  1.500000e+002
      vertex -5.422971e+001 -1.650000e+002  1.187024e+002
      vertex -5.370130e+001 -1.650000e+002  1.188873e+002
    endloop
  endfacet
  facet normal  0.000000e+000 -9.999999e-001  -0.000000e+000
    outer loop
      vertex  4.355000e+000 -1.650000e+002  1.134500e+002
      vertex -5.064500e+001 -1.650000e+002  1.164500e+002
      vertex -5.070768e+001 -1.650000e+002  1.158937e+002
    endloop
  endfacet
  facet normal  0.000000e+000 -1.000000e+000  -0.000000e+000
    outer loop
      vertex  4.355000e+000 -1.650000e+002  1.134500e+002
      vertex -5.070768e+001 -1.650000e+002  1.158937e+002
      vertex -5.089258e+001 -1.650000e+002  1.153653e+002
    endloop
  endfacet
  facet normal  0.000000e+000 -1.000000e+000  -0.000000e+000
    outer loop
      vertex  4.355000e+000 -1.650000e+002  1.134500e+002
      vertex -5.089258e+001 -1.650000e+002  1.153653e+002
      vertex -5.119042e+001 -1.650000e+002  1.148913e+002
    endloop
  endfacet
  facet normal  0.000000e+000 -1.000000e+000  -0.000000e+000
    outer loop
      vertex  4.355000e+000 -1.650000e+002  1.134500e+002
      vertex -5.119042e+001 -1.650000e+002  1.148913e+002
      vertex -5.158628e+001 -1.650000e+002  1.144954e+002
    endloop
  endfacet
  facet normal  0.000000e+000 -1.000000e+000  -0.000000e+000
    outer loop
      vertex  4.355000e+000 -1.650000e+002  1.134500e+002
      vertex -5.158628e+001 -1.650000e+002  1.144954e+002
      vertex -5.206029e+001 -1.650000e+002  1.141976e+002
    endloop
  endfacet
  facet normal  0.000000e+000 -1.000000e+000  -0.000000e+000
    outer loop
      vertex  4.355000e+000 -1.650000e+002  1.134500e+002
      vertex -5.206029e+001 -1.650000e+002  1.141976e+002
      vertex -5.258870e+001 -1.650000e+002  1.140127e+002
    endloop
  endfacet
  facet normal  0.000000e+000 -1.000000e+000  -0.000000e+000
    outer loop
      vertex  4.355000e+000 -1.650000e+002  1.134500e+002
      vertex -5.258870e+001 -1.650000e+002  1.140127e+002
      vertex -5.314500e+001 -1.650000e+002  1.139500e+002
    endloop
  endfacet
  facet normal  0.000000e+000 -9.999999e-001  0.000000e+000
    outer loop
      vertex -5.064500e+001 -1.650000e+002  1.164500e+002
      vertex  4.355000e+000 -1.650000e+002  1.134500e+002
      vertex  4.417680e+000 -1.650000e+002  1.140063e+002
    endloop
  endfacet
  facet normal  0.000000e+000 -9.999999e-001  0.000000e+000
    outer loop
      vertex -5.064500e+001 -1.650000e+002  1.164500e+002
      vertex  4.417680e+000 -1.650000e+002  1.140063e+002
      vertex  4.602578e+000 -1.650000e+002  1.145347e+002
    endloop
  endfacet
  facet normal  0.000000e+000 -1.000000e+000  0.000000e+000
    outer loop
      vertex -5.064500e+001 -1.650000e+002  1.164500e+002
      vertex  4.602578e+000 -1.650000e+002  1.145347e+002
      vertex  4.900421e+000 -1.650000e+002  1.150087e+002
    endloop
  endfacet
  facet normal  0.000000e+000 -1.000000e+000  0.000000e+000
    outer loop
      vertex -5.064500e+001 -1.650000e+002  1.164500e+002
      vertex  4.900421e+000 -1.650000e+002  1.150087e+002
      vertex  5.296276e+000 -1.650000e+002  1.154046e+002
    endloop
  endfacet
  facet normal  0.000000e+000 -1.000000e+000  0.000000e+000
    outer loop
      vertex -5.064500e+001 -1.650000e+002  1.164500e+002
      vertex  5.296276e+000 -1.650000e+002  1.154046e+002
      vertex  5.770291e+000 -1.650000e+002  1.157024e+002
    endloop
  endfacet
  facet normal  0.000000e+000 -1.000000e+000  0.000000e+000
    outer loop
      vertex -5.064500e+001 -1.650000e+002  1.164500e+002
      vertex  5.770291e+000 -1.650000e+002  1.157024e+002
      vertex  6.298697e+000 -1.650000e+002  1.158873e+002
    endloop
  endfacet
  facet normal  0.000000e+000 -1.000000e+000  0.000000e+000
    outer loop
      vertex -5.064500e+001 -1.650000e+002  1.164500e+002
      vertex  6.298697e+000 -1.650000e+002  1.158873e+002
      vertex  6.855000e+000 -1.650000e+002  1.159500e+002
    endloop
  endfacet
  facet normal  0.000000e+000 -1.000000e+000  0.000000e+000
    outer loop
      vertex  4.355000e+000 -1.650000e+002  3.345000e+001
      vertex -5.314500e+001 -1.650000e+002  3.295000e+001
      vertex -5.258870e+001 -1.650000e+002  3.288732e+001
    endloop
  endfacet
  facet normal  0.000000e+000 -1.000000e+000  0.000000e+000
    outer loop
      vertex  4.355000e+000 -1.650000e+002  3.345000e+001
      vertex -5.258870e+001 -1.650000e+002  3.288732e+001
      vertex -5.206029e+001 -1.650000e+002  3.270242e+001
    endloop
  endfacet
  facet normal  0.000000e+000 -1.000000e+000  0.000000e+000
    outer loop
      vertex  4.355000e+000 -1.650000e+002  3.345000e+001
      vertex -5.206029e+001 -1.650000e+002  3.270242e+001
      vertex -5.158628e+001 -1.650000e+002  3.240458e+001
    endloop
  endfacet
  facet normal  0.000000e+000 -1.000000e+000  0.000000e+000
    outer loop
      vertex  4.355000e+000 -1.650000e+002  3.345000e+001
      vertex -5.158628e+001 -1.650000e+002  3.240458e+001
      vertex -5.119042e+001 -1.650000e+002  3.200872e+001
    endloop
  endfacet
  facet normal  0.000000e+000 -1.000000e+000  0.000000e+000
    outer loop
      vertex  4.355000e+000 -1.650000e+002  3.345000e+001
      vertex -5.119042e+001 -1.650000e+002  3.200872e+001
      vertex -5.089258e+001 -1.650000e+002  3.153471e+001
    endloop
  endfacet
  facet normal  0.000000e+000 -1.000000e+000  0.000000e+000
    outer loop
      vertex  4.355000e+000 -1.650000e+002  3.345000e+001
      vertex -5.089258e+001 -1.650000e+002  3.153471e+001
      vertex -5.070768e+001 -1.650000e+002  3.100630e+001
    endloop
  endfacet
  facet normal  0.000000e+000 -1.000000e+000  0.000000e+000
    outer loop
      vertex  4.355000e+000 -1.650000e+002  3.345000e+001
      vertex -5.070768e+001 -1.650000e+002  3.100630e+001
      vertex -5.064500e+001 -1.650000e+002  3.045000e+001
    endloop
  endfacet
  facet normal  0.000000e+000 -1.000000e+000  0.000000e+000
    outer loop
      vertex  4.355000e+000 -1.650000e+002  3.345000e+001
      vertex -5.064500e+001 -1.650000e+002  3.045000e+001
      vertex  4.417680e+000 -1.650000e+002  3.289370e+001
    endloop
  endfacet
  facet normal  -0.000000e+000 -9.999999e-001  0.000000e+000
    outer loop
      vertex -5.064500e+001 -1.650000e+002  3.045000e+001
      vertex  6.855000e+000 -1.650000e+002  3.095000e+001
      vertex  6.298697e+000 -1.650000e+002  3.101268e+001
    endloop
  endfacet
  facet normal  -0.000000e+000 -1.000000e+000  0.000000e+000
    outer loop
      vertex -5.064500e+001 -1.650000e+002  3.045000e+001
      vertex  6.298697e+000 -1.650000e+002  3.101268e+001
      vertex  5.770291e+000 -1.650000e+002  3.119758e+001
    endloop
  endfacet
  facet normal  -0.000000e+000 -1.000000e+000  0.000000e+000
    outer loop
      vertex -5.064500e+001 -1.650000e+002  3.045000e+001
      vertex  5.770291e+000 -1.650000e+002  3.119758e+001
      vertex  5.296276e+000 -1.650000e+002  3.149542e+001
    endloop
  endfacet
  facet normal  -0.000000e+000 -1.000000e+000  0.000000e+000
    outer loop
      vertex -5.064500e+001 -1.650000e+002  3.045000e+001
      vertex  5.296276e+000 -1.650000e+002  3.149542e+001
      vertex  4.900421e+000 -1.650000e+002  3.189128e+001
    endloop
  endfacet
  facet normal  -0.000000e+000 -9.999999e-001  0.000000e+000
    outer loop
      vertex -5.064500e+001 -1.650000e+002  3.045000e+001
      vertex  4.900421e+000 -1.650000e+002  3.189128e+001
      vertex  4.602578e+000 -1.650000e+002  3.236529e+001
    endloop
  endfacet
  facet normal  -0.000000e+000 -9.999999e-001  0.000000e+000
    outer loop
      vertex -5.064500e+001 -1.650000e+002  3.045000e+001
      vertex  4.602578e+000 -1.650000e+002  3.236529e+001
      vertex  4.417680e+000 -1.650000e+002  3.289370e+001
    endloop
  endfacet
  facet normal  0.000000e+000 -9.999999e-001  -0.000000e+000
    outer loop
      vertex  1.100000e+002 -1.650000e+002  0.000000e+000
      vertex -5.064500e+001 -1.650000e+002  3.045000e+001
      vertex -5.070768e+001 -1.650000e+002  2.989370e+001
    endloop
  endfacet
  facet normal  0.000000e+000 -1.000000e+000  -0.000000e+000
    outer loop
      vertex  1.100000e+002 -1.650000e+002  0.000000e+000
      vertex -5.070768e+001 -1.650000e+002  2.989370e+001
      vertex -5.089258e+001 -1.650000e+002  2.936529e+001
    endloop
  endfacet
  facet normal  0.000000e+000 -1.000000e+000  -0.000000e+000
    outer loop
      vertex  1.100000e+002 -1.650000e+002  0.000000e+000
      vertex -5.089258e+001 -1.650000e+002  2.936529e+001
      vertex -5.119042e+001 -1.650000e+002  2.889128e+001
    endloop
  endfacet
  facet normal  0.000000e+000 -1.000000e+000  -0.000000e+000
    outer loop
      vertex  1.100000e+002 -1.650000e+002  0.000000e+000
      vertex -5.119042e+001 -1.650000e+002  2.889128e+001
      vertex -5.158628e+001 -1.650000e+002  2.849542e+001
    endloop
  endfacet
  facet normal  0.000000e+000 -1.000000e+000  -0.000000e+000
    outer loop
      vertex  1.100000e+002 -1.650000e+002  0.000000e+000
      vertex -5.158628e+001 -1.650000e+002  2.849542e+001
      vertex -5.206029e+001 -1.650000e+002  2.819758e+001
    endloop
  endfacet
  facet normal  0.000000e+000 -1.000000e+000  -0.000000e+000
    outer loop
      vertex  1.100000e+002 -1.650000e+002  0.000000e+000
      vertex -5.206029e+001 -1.650000e+002  2.819758e+001
      vertex -5.258870e+001 -1.650000e+002  2.801268e+001
    endloop
  endfacet
  facet normal  0.000000e+000 -1.000000e+000  -0.000000e+000
    outer loop
      vertex  1.100000e+002 -1.650000e+002  0.000000e+000
      vertex -5.258870e+001 -1.650000e+002  2.801268e+001
      vertex -5.314500e+001 -1.650000e+002  2.795000e+001
    endloop
  endfacet
  facet normal  -0.000000e+000 -1.000000e+000  -0.000000e+000
    outer loop
      vertex  1.100000e+002 -1.650000e+002  0.000000e+000
      vertex -5.314500e+001 -1.650000e+002  2.795000e+001
      vertex -5.370130e+001 -1.650000e+002  2.801268e+001
    endloop
  endfacet
  facet normal  0.000000e+000 -1.000000e+000  0.000000e+000
    outer loop
      vertex -1.100000e+002 -1.650000e+002  0.000000e+000
      vertex  1.100000e+002 -1.650000e+002  0.000000e+000
      vertex -5.370130e+001 -1.650000e+002  2.801268e+001
    endloop
  endfacet
  facet normal  -0.000000e+000 -9.999999e-001  0.000000e+000
    outer loop
      vertex -1.100000e+002 -1.650000e+002  0.000000e+000
      vertex -5.370130e+001 -1.650000e+002  2.801268e+001
      vertex -5.422971e+001 -1.650000e+002  2.819758e+001
    endloop
  endfacet
  facet normal  -0.000000e+000 -1.000000e+000  0.000000e+000
    outer loop
      vertex -1.100000e+002 -1.650000e+002  0.000000e+000
      vertex -5.422971e+001 -1.650000e+002  2.819758e+001
      vertex -5.470372e+001 -1.650000e+002  2.849542e+001
    endloop
  endfacet
  facet normal  -0.000000e+000 -1.000000e+000  0.000000e+000
    outer loop
      vertex -1.100000e+002 -1.650000e+002  0.000000e+000
      vertex -5.470372e+001 -1.650000e+002  2.849542e+001
      vertex -5.509958e+001 -1.650000e+002  2.889128e+001
    endloop
  endfacet
  facet normal  -0.000000e+000 -1.000000e+000  0.000000e+000
    outer loop
      vertex -1.100000e+002 -1.650000e+002  0.000000e+000
      vertex -5.509958e+001 -1.650000e+002  2.889128e+001
      vertex -5.539742e+001 -1.650000e+002  2.936529e+001
    endloop
  endfacet
  facet normal  -0.000000e+000 -1.000000e+000  0.000000e+000
    outer loop
      vertex -1.100000e+002 -1.650000e+002  0.000000e+000
      vertex -5.539742e+001 -1.650000e+002  2.936529e+001
      vertex -5.558232e+001 -1.650000e+002  2.989370e+001
    endloop
  endfacet
  facet normal  -0.000000e+000 -1.000000e+000  0.000000e+000
    outer loop
      vertex -1.100000e+002 -1.650000e+002  0.000000e+000
      vertex -5.558232e+001 -1.650000e+002  2.989370e+001
      vertex -5.564500e+001 -1.650000e+002  3.045000e+001
    endloop
  endfacet
  facet normal  0.000000e+000 -1.000000e+000  0.000000e+000
    outer loop
      vertex  6.855000e+000 -1.650000e+002  3.595000e+001
      vertex  6.298697e+000 -1.650000e+002  1.110127e+002
      vertex  6.298697e+000 -1.650000e+002  3.588732e+001
    endloop
  endfacet
  facet normal  0.000000e+000 -1.000000e+000  0.000000e+000
    outer loop
      vertex  6.298697e+000 -1.650000e+002  3.588732e+001
      vertex  6.298697e+000 -1.650000e+002  1.110127e+002
      vertex  5.770291e+000 -1.650000e+002  1.111976e+002
    endloop
  endfacet
  facet normal  0.000000e+000 -1.000000e+000  0.000000e+000
    outer loop
      vertex  6.298697e+000 -1.650000e+002  3.588732e+001
      vertex  5.770291e+000 -1.650000e+002  1.111976e+002
      vertex  5.770291e+000 -1.650000e+002  3.570242e+001
    endloop
  endfacet
  facet normal  0.000000e+000 -1.000000e+000  0.000000e+000
    outer loop
      vertex  5.770291e+000 -1.650000e+002  3.570242e+001
      vertex  5.770291e+000 -1.650000e+002  1.111976e+002
      vertex  5.296276e+000 -1.650000e+002  1.114954e+002
    endloop
  endfacet
  facet normal  0.000000e+000 -1.000000e+000  0.000000e+000
    outer loop
      vertex  5.770291e+000 -1.650000e+002  3.570242e+001
      vertex  5.296276e+000 -1.650000e+002  1.114954e+002
      vertex  5.296276e+000 -1.650000e+002  3.540458e+001
    endloop
  endfacet
  facet normal  0.000000e+000 -1.000000e+000  0.000000e+000
    outer loop
      vertex  5.296276e+000 -1.650000e+002  3.540458e+001
      vertex  5.296276e+000 -1.650000e+002  1.114954e+002
      vertex  4.900421e+000 -1.650000e+002  1.118913e+002
    endloop
  endfacet
  facet normal  0.000000e+000 -1.000000e+000  0.000000e+000
    outer loop
      vertex  5.296276e+000 -1.650000e+002  3.540458e+001
      vertex  4.900421e+000 -1.650000e+002  1.118913e+002
      vertex  4.900421e+000 -1.650000e+002  3.500872e+001
    endloop
  endfacet
  facet normal  0.000000e+000 -1.000000e+000  0.000000e+000
    outer loop
      vertex  4.900421e+000 -1.650000e+002  3.500872e+001
      vertex  4.900421e+000 -1.650000e+002  1.118913e+002
      vertex  4.602578e+000 -1.650000e+002  1.123653e+002
    endloop
  endfacet
  facet normal  0.000000e+000 -1.000000e+000  0.000000e+000
    outer loop
      vertex  4.900421e+000 -1.650000e+002  3.500872e+001
      vertex  4.602578e+000 -1.650000e+002  1.123653e+002
      vertex  4.602578e+000 -1.650000e+002  3.453471e+001
    endloop
  endfacet
  facet normal  0.000000e+000 -1.000000e+000  0.000000e+000
    outer loop
      vertex  4.602578e+000 -1.650000e+002  3.453471e+001
      vertex  4.602578e+000 -1.650000e+002  1.123653e+002
      vertex  4.417680e+000 -1.650000e+002  1.128937e+002
    endloop
  endfacet
  facet normal  0.000000e+000 -9.999999e-001  0.000000e+000
    outer loop
      vertex  4.602578e+000 -1.650000e+002  3.453471e+001
      vertex  4.417680e+000 -1.650000e+002  1.128937e+002
      vertex  4.417680e+000 -1.650000e+002  3.400630e+001
    endloop
  endfacet
  facet normal  0.000000e+000 -9.999999e-001  0.000000e+000
    outer loop
      vertex  6.298697e+000 -1.650000e+002  1.110127e+002
      vertex  6.855000e+000 -1.650000e+002  3.595000e+001
      vertex  6.855000e+000 -1.650000e+002  1.109500e+002
    endloop
  endfacet
  facet normal  0.000000e+000 -9.999999e-001  0.000000e+000
    outer loop
      vertex  6.855000e+000 -1.650000e+002  1.109500e+002
      vertex  6.855000e+000 -1.650000e+002  3.595000e+001
      vertex  7.411303e+000 -1.650000e+002  3.588732e+001
    endloop
  endfacet
  facet normal  0.000000e+000 -1.000000e+000  0.000000e+000
    outer loop
      vertex  6.855000e+000 -1.650000e+002  1.109500e+002
      vertex  7.411303e+000 -1.650000e+002  3.588732e+001
      vertex  7.411303e+000 -1.650000e+002  1.110127e+002
    endloop
  endfacet
  facet normal  0.000000e+000 -1.000000e+000  0.000000e+000
    outer loop
      vertex  7.411303e+000 -1.650000e+002  1.110127e+002
      vertex  7.411303e+000 -1.650000e+002  3.588732e+001
      vertex  7.939709e+000 -1.650000e+002  3.570242e+001
    endloop
  endfacet
  facet normal  0.000000e+000 -1.000000e+000  0.000000e+000
    outer loop
      vertex  7.411303e+000 -1.650000e+002  1.110127e+002
      vertex  7.939709e+000 -1.650000e+002  3.570242e+001
      vertex  7.939709e+000 -1.650000e+002  1.111976e+002
    endloop
  endfacet
  facet normal  0.000000e+000 -1.000000e+000  0.000000e+000
    outer loop
      vertex  7.939709e+000 -1.650000e+002  1.111976e+002
      vertex  7.939709e+000 -1.650000e+002  3.570242e+001
      vertex  8.413725e+000 -1.650000e+002  3.540458e+001
    endloop
  endfacet
  facet normal  0.000000e+000 -1.000000e+000  0.000000e+000
    outer loop
      vertex  7.939709e+000 -1.650000e+002  1.111976e+002
      vertex  8.413725e+000 -1.650000e+002  3.540458e+001
      vertex  8.413725e+000 -1.650000e+002  1.114954e+002
    endloop
  endfacet
  facet normal  0.000000e+000 -1.000000e+000  0.000000e+000
    outer loop
      vertex  8.413725e+000 -1.650000e+002  1.114954e+002
      vertex  8.413725e+000 -1.650000e+002  3.540458e+001
      vertex  8.809579e+000 -1.650000e+002  3.500872e+001
    endloop
  endfacet
  facet normal  0.000000e+000 -1.000000e+000  0.000000e+000
    outer loop
      vertex  8.413725e+000 -1.650000e+002  1.114954e+002
      vertex  8.809579e+000 -1.650000e+002  3.500872e+001
      vertex  8.809579e+000 -1.650000e+002  1.118913e+002
    endloop
  endfacet
  facet normal  0.000000e+000 -1.000000e+000  0.000000e+000
    outer loop
      vertex  8.809579e+000 -1.650000e+002  1.118913e+002
      vertex  8.809579e+000 -1.650000e+002  3.500872e+001
      vertex  9.107422e+000 -1.650000e+002  3.453471e+001
    endloop
  endfacet
  facet normal  0.000000e+000 -1.000000e+000  0.000000e+000
    outer loop
      vertex  8.809579e+000 -1.650000e+002  1.118913e+002
      vertex  9.107422e+000 -1.650000e+002  3.453471e+001
      vertex  9.107422e+000 -1.650000e+002  1.123653e+002
    endloop
  endfacet
  facet normal  0.000000e+000 -1.000000e+000  0.000000e+000
    outer loop
      vertex  9.107422e+000 -1.650000e+002  1.123653e+002
      vertex  9.107422e+000 -1.650000e+002  3.453471e+001
      vertex  9.292320e+000 -1.650000e+002  3.400630e+001
    endloop
  endfacet
  facet normal  0.000000e+000 -1.000000e+000  0.000000e+000
    outer loop
      vertex  9.107422e+000 -1.650000e+002  1.123653e+002
      vertex  9.292320e+000 -1.650000e+002  3.400630e+001
      vertex  9.292320e+000 -1.650000e+002  1.128937e+002
    endloop
  endfacet
  facet normal  0.000000e+000 -1.000000e+000  0.000000e+000
    outer loop
      vertex  8.185500e+001 -1.650000e+002  3.595000e+001
      vertex  8.129870e+001 -1.650000e+002  1.110127e+002
      vertex  8.129870e+001 -1.650000e+002  3.588732e+001
    endloop
  endfacet
  facet normal  0.000000e+000 -1.000000e+000  0.000000e+000
    outer loop
      vertex  8.129870e+001 -1.650000e+002  3.588732e+001
      vertex  8.129870e+001 -1.650000e+002  1.110127e+002
      vertex  8.077029e+001 -1.650000e+002  1.111976e+002
    endloop
  endfacet
  facet normal  0.000000e+000 -1.000000e+000  0.000000e+000
    outer loop
      vertex  8.129870e+001 -1.650000e+002  3.588732e+001
      vertex  8.077029e+001 -1.650000e+002  1.111976e+002
      vertex  8.077029e+001 -1.650000e+002  3.570242e+001
    endloop
  endfacet
  facet normal  0.000000e+000 -1.000000e+000  0.000000e+000
    outer loop
      vertex  8.077029e+001 -1.650000e+002  3.570242e+001
      vertex  8.077029e+001 -1.650000e+002  1.111976e+002
      vertex  8.029627e+001 -1.650000e+002  1.114954e+002
    endloop
  endfacet
  facet normal  0.000000e+000 -1.000000e+000  0.000000e+000
    outer loop
      vertex  8.077029e+001 -1.650000e+002  3.570242e+001
      vertex  8.029627e+001 -1.650000e+002  1.114954e+002
      vertex  8.029627e+001 -1.650000e+002  3.540458e+001
    endloop
  endfacet
  facet normal  0.000000e+000 -1.000000e+000  0.000000e+000
    outer loop
      vertex  8.029627e+001 -1.650000e+002  3.540458e+001
      vertex  8.029627e+001 -1.650000e+002  1.114954e+002
      vertex  7.990042e+001 -1.650000e+002  1.118913e+002
    endloop
  endfacet
  facet normal  0.000000e+000 -1.000000e+000  0.000000e+000
    outer loop
      vertex  8.029627e+001 -1.650000e+002  3.540458e+001
      vertex  7.990042e+001 -1.650000e+002  1.118913e+002
      vertex  7.990042e+001 -1.650000e+002  3.500872e+001
    endloop
  endfacet
  facet normal  0.000000e+000 -1.000000e+000  0.000000e+000
    outer loop
      vertex  7.990042e+001 -1.650000e+002  3.500872e+001
      vertex  7.990042e+001 -1.650000e+002  1.118913e+002
      vertex  7.960258e+001 -1.650000e+002  1.123653e+002
    endloop
  endfacet
  facet normal  0.000000e+000 -1.000000e+000  0.000000e+000
    outer loop
      vertex  7.990042e+001 -1.650000e+002  3.500872e+001
      vertex  7.960258e+001 -1.650000e+002  1.123653e+002
      vertex  7.960258e+001 -1.650000e+002  3.453471e+001
    endloop
  endfacet
  facet normal  0.000000e+000 -1.000000e+000  0.000000e+000
    outer loop
      vertex  7.960258e+001 -1.650000e+002  3.453471e+001
      vertex  7.960258e+001 -1.650000e+002  1.123653e+002
      vertex  7.941768e+001 -1.650000e+002  1.128937e+002
    endloop
  endfacet
  facet normal  0.000000e+000 -1.000000e+000  0.000000e+000
    outer loop
      vertex  7.960258e+001 -1.650000e+002  3.453471e+001
      vertex  7.941768e+001 -1.650000e+002  1.128937e+002
      vertex  7.941768e+001 -1.650000e+002  3.400630e+001
    endloop
  endfacet
  facet normal  0.000000e+000 -1.000000e+000  0.000000e+000
    outer loop
      vertex  7.941768e+001 -1.650000e+002  3.400630e+001
      vertex  7.941768e+001 -1.650000e+002  1.128937e+002
      vertex  7.935500e+001 -1.650000e+002  1.134500e+002
    endloop
  endfacet
  facet normal  0.000000e+000 -1.000000e+000  0.000000e+000
    outer loop
      vertex  7.941768e+001 -1.650000e+002  3.400630e+001
      vertex  7.935500e+001 -1.650000e+002  1.134500e+002
      vertex  7.935500e+001 -1.650000e+002  3.345000e+001
    endloop
  endfacet
  facet normal  0.000000e+000 -1.000000e+000  0.000000e+000
    outer loop
      vertex  8.129870e+001 -1.650000e+002  1.110127e+002
      vertex  8.185500e+001 -1.650000e+002  3.595000e+001
      vertex  8.185500e+001 -1.650000e+002  1.109500e+002
    endloop
  endfacet
  facet normal  0.000000e+000 -1.000000e+000  0.000000e+000
    outer loop
      vertex  8.185500e+001 -1.650000e+002  1.109500e+002
      vertex  8.185500e+001 -1.650000e+002  3.595000e+001
      vertex  8.241130e+001 -1.650000e+002  3.588732e+001
    endloop
  endfacet
  facet normal  0.000000e+000 -1.000000e+000  0.000000e+000
    outer loop
      vertex  8.185500e+001 -1.650000e+002  1.109500e+002
      vertex  8.241130e+001 -1.650000e+002  3.588732e+001
      vertex  8.241130e+001 -1.650000e+002  1.110127e+002
    endloop
  endfacet
  facet normal  0.000000e+000 -1.000000e+000  0.000000e+000
    outer loop
      vertex  8.241130e+001 -1.650000e+002  1.110127e+002
      vertex  8.241130e+001 -1.650000e+002  3.588732e+001
      vertex  8.293971e+001 -1.650000e+002  3.570242e+001
    endloop
  endfacet
  facet normal  0.000000e+000 -1.000000e+000  0.000000e+000
    outer loop
      vertex  8.241130e+001 -1.650000e+002  1.110127e+002
      vertex  8.293971e+001 -1.650000e+002  3.570242e+001
      vertex  8.293971e+001 -1.650000e+002  1.111976e+002
    endloop
  endfacet
  facet normal  0.000000e+000 -1.000000e+000  0.000000e+000
    outer loop
      vertex  8.293971e+001 -1.650000e+002  1.111976e+002
      vertex  8.293971e+001 -1.650000e+002  3.570242e+001
      vertex  8.341373e+001 -1.650000e+002  3.540458e+001
    endloop
  endfacet
  facet normal  0.000000e+000 -1.000000e+000  0.000000e+000
    outer loop
      vertex  8.293971e+001 -1.650000e+002  1.111976e+002
      vertex  8.341373e+001 -1.650000e+002  3.540458e+001
      vertex  8.341373e+001 -1.650000e+002  1.114954e+002
    endloop
  endfacet
  facet normal  0.000000e+000 -1.000000e+000  0.000000e+000
    outer loop
      vertex  8.341373e+001 -1.650000e+002  1.114954e+002
      vertex  8.341373e+001 -1.650000e+002  3.540458e+001
      vertex  8.380958e+001 -1.650000e+002  3.500872e+001
    endloop
  endfacet
  facet normal  0.000000e+000 -1.000000e+000  0.000000e+000
    outer loop
      vertex  8.341373e+001 -1.650000e+002  1.114954e+002
      vertex  8.380958e+001 -1.650000e+002  3.500872e+001
      vertex  8.380958e+001 -1.650000e+002  1.118913e+002
    endloop
  endfacet
  facet normal  0.000000e+000 -1.000000e+000  0.000000e+000
    outer loop
      vertex  8.380958e+001 -1.650000e+002  1.118913e+002
      vertex  8.380958e+001 -1.650000e+002  3.500872e+001
      vertex  8.410742e+001 -1.650000e+002  3.453471e+001
    endloop
  endfacet
  facet normal  0.000000e+000 -1.000000e+000  0.000000e+000
    outer loop
      vertex  8.380958e+001 -1.650000e+002  1.118913e+002
      vertex  8.410742e+001 -1.650000e+002  3.453471e+001
      vertex  8.410742e+001 -1.650000e+002  1.123653e+002
    endloop
  endfacet
  facet normal  0.000000e+000 -1.000000e+000  0.000000e+000
    outer loop
      vertex  8.410742e+001 -1.650000e+002  1.123653e+002
      vertex  8.410742e+001 -1.650000e+002  3.453471e+001
      vertex  8.429232e+001 -1.650000e+002  3.400630e+001
    endloop
  endfacet
  facet normal  0.000000e+000 -1.000000e+000  0.000000e+000
    outer loop
      vertex  8.410742e+001 -1.650000e+002  1.123653e+002
      vertex  8.429232e+001 -1.650000e+002  3.400630e+001
      vertex  8.429232e+001 -1.650000e+002  1.128937e+002
    endloop
  endfacet
  facet normal  0.000000e+000 -1.000000e+000  0.000000e+000
    outer loop
      vertex  8.429232e+001 -1.650000e+002  1.128937e+002
      vertex  8.429232e+001 -1.650000e+002  3.400630e+001
      vertex  8.435500e+001 -1.650000e+002  3.345000e+001
    endloop
  endfacet
  facet normal  0.000000e+000 -1.000000e+000  0.000000e+000
    outer loop
      vertex  8.429232e+001 -1.650000e+002  1.128937e+002
      vertex  8.435500e+001 -1.650000e+002  3.345000e+001
      vertex  8.435500e+001 -1.650000e+002  1.134500e+002
    endloop
  endfacet
  facet normal  1.986995e-005 -8.405035e-002  9.964615e-001
    outer loop
      vertex  1.100000e+002 -1.294786e+002  1.897485e+002
      vertex  1.100000e+002 -1.272428e+002  1.899371e+002
      vertex -7.238000e+001 -1.273800e+002  1.899291e+002
    endloop
  endfacet
  facet normal -2.323080e-005 -8.776850e-002  9.961408e-001
    outer loop
      vertex -7.238000e+001 -1.273800e+002  1.899291e+002
      vertex -7.464011e+001 -1.296401e+002  1.897299e+002
      vertex  1.100000e+002 -1.294786e+002  1.897485e+002
    endloop
  endfacet
  facet normal  2.288061e-005 -1.397883e-001  9.901814e-001
    outer loop
      vertex  1.100000e+002 -1.317003e+002  1.894348e+002
      vertex  1.100000e+002 -1.294786e+002  1.897485e+002
      vertex -7.464011e+001 -1.296401e+002  1.897299e+002
    endloop
  endfacet
  facet normal -2.715843e-005 -1.441828e-001  9.895511e-001
    outer loop
      vertex -7.464011e+001 -1.296401e+002  1.897299e+002
      vertex -7.689230e+001 -1.318923e+002  1.894017e+002
      vertex  1.100000e+002 -1.317003e+002  1.894348e+002
    endloop
  endfacet
  facet normal  2.670942e-005 -1.950933e-001  9.807847e-001
    outer loop
      vertex  1.100000e+002 -1.339008e+002  1.889971e+002
      vertex  1.100000e+002 -1.317003e+002  1.894348e+002
      vertex -7.689230e+001 -1.318923e+002  1.894017e+002
    endloop
  endfacet
  facet normal -1.896011e-005 -3.254486e-001  9.455597e-001
    outer loop
      vertex -8.247032e+001 -1.374703e+002  1.880065e+002
      vertex -8.356356e+001 -1.385636e+002  1.876302e+002
      vertex  1.100000e+002 -1.382112e+002  1.877553e+002
    endloop
  endfacet
  facet normal  7.885524e-005 -4.084460e-001  9.127825e-001
    outer loop
      vertex  1.100000e+002 -1.403073e+002  1.869552e+002
      vertex -8.646590e+001 -1.414659e+002  1.864537e+002
      vertex  1.100000e+002 -1.423553e+002  1.860388e+002
    endloop
  endfacet
  facet normal -3.750250e-005 -4.295939e-001  9.030222e-001
    outer loop
      vertex -8.646590e+001 -1.414659e+002  1.864537e+002
      vertex -8.789703e+001 -1.428970e+002  1.857728e+002
      vertex  1.100000e+002 -1.423553e+002  1.860388e+002
    endloop
  endfacet
  facet normal  6.252125e-005 -4.589807e-001  8.884462e-001
    outer loop
      vertex  1.100000e+002 -1.443488e+002  1.850089e+002
      vertex  1.100000e+002 -1.423553e+002  1.860388e+002
      vertex -8.789703e+001 -1.428970e+002  1.857728e+002
    endloop
  endfacet
  facet normal -5.237814e-005 -4.712511e-001  8.819991e-001
    outer loop
      vertex -8.789703e+001 -1.428970e+002  1.857728e+002
      vertex -8.979271e+001 -1.447927e+002  1.847599e+002
      vertex  1.100000e+002 -1.443488e+002  1.850089e+002
    endloop
  endfacet
  facet normal  5.523767e-005 -5.080758e-001  8.613124e-001
    outer loop
      vertex  1.100000e+002 -1.462813e+002  1.838690e+002
      vertex  1.100000e+002 -1.443488e+002  1.850089e+002
      vertex -8.979271e+001 -1.447927e+002  1.847599e+002
    endloop
  endfacet
  facet normal -1.755152e-005 -6.207648e-001  7.839969e-001
    outer loop
      vertex -9.439374e+001 -1.493937e+002  1.817009e+002
      vertex -9.526308e+001 -1.502631e+002  1.810125e+002
      vertex  1.100000e+002 -1.499396e+002  1.812733e+002
    endloop
  endfacet
  facet normal  5.323098e-005 -7.266597e-001  6.869977e-001
    outer loop
      vertex  1.100000e+002 -1.532843e+002  1.782843e+002
      vertex -9.947911e+001 -1.544791e+002  1.770367e+002
      vertex  1.100000e+002 -1.548257e+002  1.766539e+002
    endloop
  endfacet
  facet normal -4.554335e-005 -7.535980e-001  6.573356e-001
    outer loop
      vertex  1.100000e+002 -1.548257e+002  1.766539e+002
      vertex -9.947911e+001 -1.544791e+002  1.770367e+002
      vertex -1.007916e+002 -1.557916e+002  1.755319e+002
    endloop
  endfacet
  facet normal  6.705277e-005 -7.640393e-001  6.451697e-001
    outer loop
      vertex  1.100000e+002 -1.548257e+002  1.766539e+002
      vertex -1.007916e+002 -1.557916e+002  1.755319e+002
      vertex  1.100000e+002 -1.562733e+002  1.749396e+002
    endloop
  endfacet
  facet normal -5.725656e-005 -7.857290e-001  6.185709e-001
    outer loop
      vertex  1.100000e+002 -1.562733e+002  1.749396e+002
      vertex -1.007916e+002 -1.557916e+002  1.755319e+002
      vertex -1.020481e+002 -1.570481e+002  1.739357e+002
    endloop
  endfacet
  facet normal  7.294450e-005 -7.990090e-001  6.013191e-001
    outer loop
      vertex  1.100000e+002 -1.562733e+002  1.749396e+002
      vertex -1.020481e+002 -1.570481e+002  1.739357e+002
      vertex  1.100000e+002 -1.576224e+002  1.731469e+002
    endloop
  endfacet
  facet normal -6.267271e-005 -8.163816e-001  5.775129e-001
    outer loop
      vertex  1.100000e+002 -1.576224e+002  1.731469e+002
      vertex -1.020481e+002 -1.570481e+002  1.739357e+002
      vertex -1.032424e+002 -1.582424e+002  1.722474e+002
    endloop
  endfacet
  facet normal  7.374429e-005 -8.314692e-001  5.555708e-001
    outer loop
      vertex  1.100000e+002 -1.576224e+002  1.731469e+002
      vertex -1.032424e+002 -1.582424e+002  1.722474e+002
      vertex  1.100000e+002 -1.588690e+002  1.712813e+002
    endloop
  endfacet
  facet normal -4.842379e-005 -8.438249e-001  5.366188e-001
    outer loop
      vertex -1.032424e+002 -1.582424e+002  1.722474e+002
      vertex -1.042462e+002 -1.592462e+002  1.706688e+002
      vertex  1.100000e+002 -1.588690e+002  1.712813e+002
    endloop
  endfacet
  facet normal  6.396988e-005 -8.613124e-001  5.080757e-001
    outer loop
      vertex  1.100000e+002 -1.600089e+002  1.693488e+002
      vertex  1.100000e+002 -1.588690e+002  1.712813e+002
      vertex -1.042462e+002 -1.592462e+002  1.706688e+002
    endloop
  endfacet
  facet normal -3.346517e-005 -8.681886e-001  4.962346e-001
    outer loop
      vertex -1.042462e+002 -1.592462e+002  1.706688e+002
      vertex -1.051901e+002 -1.601901e+002  1.690173e+002
      vertex  1.100000e+002 -1.600089e+002  1.693488e+002
    endloop
  endfacet
  facet normal  0.000000e+000 -2.804615e-002  9.996065e-001
    outer loop
      vertex  1.100000e+002 -1.250000e+002  1.900000e+002
      vertex -7.000000e+001 -1.250000e+002  1.900000e+002
      vertex  1.100000e+002 -1.272428e+002  1.899371e+002
    endloop
  endfacet
  facet normal  3.274442e-004 -1.777753e-003  9.999984e-001
    outer loop
      vertex  1.100000e+002 -1.272428e+002  1.899371e+002
      vertex -7.000000e+001 -1.250000e+002  1.900000e+002
      vertex -7.011573e+001 -1.251157e+002  1.899998e+002
    endloop
  endfacet
  facet normal -2.002664e-005 -3.118625e-002  9.995136e-001
    outer loop
      vertex  1.100000e+002 -1.272428e+002  1.899371e+002
      vertex -7.011573e+001 -1.251157e+002  1.899998e+002
      vertex -7.238000e+001 -1.273800e+002  1.899291e+002
    endloop
  endfacet
  facet normal  1.115286e-004 -2.424698e-001  9.701590e-001
    outer loop
      vertex -8.025449e+001 -1.352545e+002  1.886632e+002
      vertex  1.100000e+002 -1.360734e+002  1.884367e+002
      vertex -7.913286e+001 -1.341329e+002  1.889434e+002
    endloop
  endfacet
  facet normal  3.159350e-005 -2.497760e-001  9.683036e-001
    outer loop
      vertex -7.913286e+001 -1.341329e+002  1.889434e+002
      vertex  1.100000e+002 -1.360734e+002  1.884367e+002
      vertex  1.100000e+002 -1.339008e+002  1.889971e+002
    endloop
  endfacet
  facet normal -3.226208e-005 -2.003663e-001  9.797210e-001
    outer loop
      vertex -7.913286e+001 -1.341329e+002  1.889434e+002
      vertex  1.100000e+002 -1.339008e+002  1.889971e+002
      vertex -7.689230e+001 -1.318923e+002  1.894017e+002
    endloop
  endfacet
  facet normal  9.785507e-005 -2.981384e-001  9.545226e-001
    outer loop
      vertex -8.247032e+001 -1.374703e+002  1.880065e+002
      vertex  1.100000e+002 -1.382112e+002  1.877553e+002
      vertex -8.137170e+001 -1.363717e+002  1.883495e+002
    endloop
  endfacet
  facet normal  3.923230e-005 -3.036732e-001  9.527762e-001
    outer loop
      vertex -8.137170e+001 -1.363717e+002  1.883495e+002
      vertex  1.100000e+002 -1.382112e+002  1.877553e+002
      vertex  1.100000e+002 -1.360734e+002  1.884367e+002
    endloop
  endfacet
  facet normal -1.726456e-005 -2.703450e-001  9.627635e-001
    outer loop
      vertex -8.137170e+001 -1.363717e+002  1.883495e+002
      vertex  1.100000e+002 -1.360734e+002  1.884367e+002
      vertex -8.025449e+001 -1.352545e+002  1.886632e+002
    endloop
  endfacet
  facet normal  4.510754e-005 -3.566228e-001  9.342484e-001
    outer loop
      vertex  1.100000e+002 -1.382112e+002  1.877553e+002
      vertex -8.356356e+001 -1.385636e+002  1.876302e+002
      vertex  1.100000e+002 -1.403073e+002  1.869552e+002
    endloop
  endfacet
  facet normal  3.703490e-005 -3.574034e-001  9.339501e-001
    outer loop
      vertex  1.100000e+002 -1.403073e+002  1.869552e+002
      vertex -8.356356e+001 -1.385636e+002  1.876302e+002
      vertex -8.502084e+001 -1.400208e+002  1.870726e+002
    endloop
  endfacet
  facet normal -2.503003e-005 -3.936358e-001  9.192665e-001
    outer loop
      vertex  1.100000e+002 -1.403073e+002  1.869552e+002
      vertex -8.502084e+001 -1.400208e+002  1.870726e+002
      vertex -8.646590e+001 -1.414659e+002  1.864537e+002
    endloop
  endfacet
  facet normal  7.520329e-005 -5.531745e-001  8.330654e-001
    outer loop
      vertex -9.258967e+001 -1.475897e+002  1.830107e+002
      vertex  1.100000e+002 -1.481469e+002  1.826224e+002
      vertex -9.165580e+001 -1.466558e+002  1.836307e+002
    endloop
  endfacet
  facet normal  4.950199e-005 -5.555710e-001  8.314692e-001
    outer loop
      vertex -9.165580e+001 -1.466558e+002  1.836307e+002
      vertex  1.100000e+002 -1.481469e+002  1.826224e+002
      vertex  1.100000e+002 -1.462813e+002  1.838690e+002
    endloop
  endfacet
  facet normal -4.784191e-005 -5.182647e-001  8.552203e-001
    outer loop
      vertex -9.165580e+001 -1.466558e+002  1.836307e+002
      vertex  1.100000e+002 -1.462813e+002  1.838690e+002
      vertex -8.979271e+001 -1.447927e+002  1.847599e+002
    endloop
  endfacet
  facet normal  7.591231e-005 -5.989314e-001  8.008003e-001
    outer loop
      vertex -9.439374e+001 -1.493937e+002  1.817009e+002
      vertex  1.100000e+002 -1.499396e+002  1.812733e+002
      vertex -9.351305e+001 -1.485130e+002  1.823595e+002
    endloop
  endfacet
  facet normal  4.961477e-005 -6.013190e-001  7.990090e-001
    outer loop
      vertex -9.351305e+001 -1.485130e+002  1.823595e+002
      vertex  1.100000e+002 -1.499396e+002  1.812733e+002
      vertex  1.100000e+002 -1.481469e+002  1.826224e+002
    endloop
  endfacet
  facet normal -1.886846e-005 -5.763328e-001  8.172150e-001
    outer loop
      vertex -9.351305e+001 -1.485130e+002  1.823595e+002
      vertex  1.100000e+002 -1.481469e+002  1.826224e+002
      vertex -9.258967e+001 -1.475897e+002  1.830107e+002
    endloop
  endfacet
  facet normal  4.626327e-005 -6.451697e-001  7.640393e-001
    outer loop
      vertex  1.100000e+002 -1.499396e+002  1.812733e+002
      vertex -9.526308e+001 -1.502631e+002  1.810125e+002
      vertex  1.100000e+002 -1.516539e+002  1.798257e+002
    endloop
  endfacet
  facet normal -8.324255e-006 -6.498399e-001  7.600711e-001
    outer loop
      vertex  1.100000e+002 -1.516539e+002  1.798257e+002
      vertex -9.526308e+001 -1.502631e+002  1.810125e+002
      vertex -9.670967e+001 -1.517097e+002  1.797757e+002
    endloop
  endfacet
  facet normal  9.783777e-006 -6.869977e-001  7.266596e-001
    outer loop
      vertex  1.100000e+002 -1.516539e+002  1.798257e+002
      vertex -9.670967e+001 -1.517097e+002  1.797757e+002
      vertex  1.100000e+002 -1.532843e+002  1.782843e+002
    endloop
  endfacet
  facet normal  3.074587e-005 -6.855446e-001  7.280307e-001
    outer loop
      vertex  1.100000e+002 -1.532843e+002  1.782843e+002
      vertex -9.670967e+001 -1.517097e+002  1.797757e+002
      vertex -9.811667e+001 -1.531167e+002  1.784509e+002
    endloop
  endfacet
  facet normal -2.451325e-005 -7.201506e-001  6.938178e-001
    outer loop
      vertex  1.100000e+002 -1.532843e+002  1.782843e+002
      vertex -9.811667e+001 -1.531167e+002  1.784509e+002
      vertex -9.947911e+001 -1.544791e+002  1.770367e+002
    endloop
  endfacet
  facet normal  4.096272e-005 -8.884463e-001  4.589807e-001
    outer loop
      vertex  1.100000e+002 -1.600089e+002  1.693488e+002
      vertex -1.051901e+002 -1.601901e+002  1.690173e+002
      vertex  1.100000e+002 -1.610388e+002  1.673553e+002
    endloop
  endfacet
  facet normal -7.349338e-006 -8.909895e-001  4.540240e-001
    outer loop
      vertex  1.100000e+002 -1.610388e+002  1.673553e+002
      vertex -1.051901e+002 -1.601901e+002  1.690173e+002
      vertex -1.060681e+002 -1.610681e+002  1.672943e+002
    endloop
  endfacet
  facet normal  8.486827e-006 -9.127825e-001  4.084460e-001
    outer loop
      vertex  1.100000e+002 -1.610388e+002  1.673553e+002
      vertex -1.060681e+002 -1.610681e+002  1.672943e+002
      vertex  1.100000e+002 -1.619552e+002  1.653073e+002
    endloop
  endfacet
  facet normal  2.641917e-005 -9.120538e-001  4.100707e-001
    outer loop
      vertex  1.100000e+002 -1.619552e+002  1.653073e+002
      vertex -1.060681e+002 -1.610681e+002  1.672943e+002
      vertex -1.068739e+002 -1.618739e+002  1.655020e+002
    endloop
  endfacet
  facet normal -9.553881e-006 -9.265952e-001  3.760605e-001
    outer loop
      vertex  1.100000e+002 -1.619552e+002  1.653073e+002
      vertex -1.068739e+002 -1.618739e+002  1.655020e+002
      vertex -1.072478e+002 -1.622478e+002  1.645809e+002
    endloop
  endfacet
  facet normal  6.574982e-005 -9.342484e-001  3.566228e-001
    outer loop
      vertex  1.100000e+002 -1.619552e+002  1.653073e+002
      vertex -1.072478e+002 -1.622478e+002  1.645809e+002
      vertex  1.100000e+002 -1.627553e+002  1.632112e+002
    endloop
  endfacet
  facet normal  3.846284e-005 -9.356880e-001  3.528283e-001
    outer loop
      vertex  1.100000e+002 -1.627553e+002  1.632112e+002
      vertex -1.072478e+002 -1.622478e+002  1.645809e+002
      vertex -1.076011e+002 -1.626011e+002  1.636439e+002
    endloop
  endfacet
  facet normal -2.344929e-005 -9.456322e-001  3.252381e-001
    outer loop
      vertex  1.100000e+002 -1.627553e+002  1.632112e+002
      vertex -1.076011e+002 -1.626011e+002  1.636439e+002
      vertex -1.080390e+002 -1.630390e+002  1.623708e+002
    endloop
  endfacet
  facet normal  6.896027e-005 -9.527762e-001  3.036732e-001
    outer loop
      vertex  1.100000e+002 -1.627553e+002  1.632112e+002
      vertex -1.080390e+002 -1.630390e+002  1.623708e+002
      vertex  1.100000e+002 -1.634367e+002  1.610734e+002
    endloop
  endfacet
  facet normal -8.565711e-008 -9.560867e-001  2.930840e-001
    outer loop
      vertex  1.100000e+002 -1.634367e+002  1.610734e+002
      vertex -1.080390e+002 -1.630390e+002  1.623708e+002
      vertex -1.084371e+002 -1.634371e+002  1.610721e+002
    endloop
  endfacet
  facet normal  2.057792e-007 -9.683036e-001  2.497760e-001
    outer loop
      vertex  1.100000e+002 -1.634367e+002  1.610734e+002
      vertex -1.084371e+002 -1.634371e+002  1.610721e+002
      vertex  1.100000e+002 -1.639971e+002  1.589008e+002
    endloop
  endfacet
  facet normal  1.116383e-004 -9.655352e-001  2.602726e-001
    outer loop
      vertex  1.100000e+002 -1.639971e+002  1.589008e+002
      vertex -1.084371e+002 -1.634371e+002  1.610721e+002
      vertex -1.087936e+002 -1.637936e+002  1.597496e+002
    endloop
  endfacet
  facet normal -5.331048e-005 -9.754698e-001  2.201330e-001
    outer loop
      vertex  1.100000e+002 -1.639971e+002  1.589008e+002
      vertex -1.087936e+002 -1.637936e+002  1.597496e+002
      vertex -1.092212e+002 -1.642212e+002  1.578547e+002
    endloop
  endfacet
  facet normal  7.160864e-005 -9.807847e-001  1.950933e-001
    outer loop
      vertex  1.100000e+002 -1.639971e+002  1.589008e+002
      vertex -1.092212e+002 -1.642212e+002  1.578547e+002
      vertex  1.100000e+002 -1.644348e+002  1.567003e+002
    endloop
  endfacet
  facet normal  1.308134e-005 -9.828581e-001  1.843634e-001
    outer loop
      vertex  1.100000e+002 -1.644348e+002  1.567003e+002
      vertex -1.092212e+002 -1.642212e+002  1.578547e+002
      vertex -1.094015e+002 -1.644015e+002  1.568934e+002
    endloop
  endfacet
  facet normal -8.803761e-006 -9.870795e-001  1.602313e-001
    outer loop
      vertex  1.100000e+002 -1.644348e+002  1.567003e+002
      vertex -1.094015e+002 -1.644015e+002  1.568934e+002
      vertex -1.095589e+002 -1.645589e+002  1.559241e+002
    endloop
  endfacet
  facet normal  6.521870e-005 -9.901814e-001  1.397883e-001
    outer loop
      vertex  1.100000e+002 -1.644348e+002  1.567003e+002
      vertex -1.095589e+002 -1.645589e+002  1.559241e+002
      vertex  1.100000e+002 -1.647485e+002  1.544786e+002
    endloop
  endfacet
  facet normal -1.754039e-006 -9.915410e-001  1.297940e-001
    outer loop
      vertex  1.100000e+002 -1.647485e+002  1.544786e+002
      vertex -1.095589e+002 -1.645589e+002  1.559241e+002
      vertex -1.097509e+002 -1.647509e+002  1.544573e+002
    endloop
  endfacet
  facet normal  2.727383e-006 -9.964616e-001  8.405007e-002
    outer loop
      vertex  1.100000e+002 -1.647485e+002  1.544786e+002
      vertex -1.097509e+002 -1.647509e+002  1.544573e+002
      vertex  1.100000e+002 -1.649371e+002  1.522428e+002
    endloop
  endfacet
  facet normal  9.312207e-005 -9.956704e-001  9.295370e-002
    outer loop
      vertex  1.100000e+002 -1.649371e+002  1.522428e+002
      vertex -1.097509e+002 -1.647509e+002  1.544573e+002
      vertex -1.098890e+002 -1.648890e+002  1.529784e+002
    endloop
  endfacet
  facet normal -3.152366e-005 -9.984378e-001  5.587634e-002
    outer loop
      vertex  1.100000e+002 -1.649371e+002  1.522428e+002
      vertex -1.098890e+002 -1.648890e+002  1.529784e+002
      vertex -1.099722e+002 -1.649722e+002  1.514913e+002
    endloop
  endfacet
  facet normal  0.000000e+000 -9.998261e-001  1.864904e-002
    outer loop
      vertex -1.100000e+002 -1.650000e+002  1.500000e+002
      vertex  1.100000e+002 -1.650000e+002  1.500000e+002
      vertex -1.099722e+002 -1.649722e+002  1.514913e+002
    endloop
  endfacet
  facet normal  6.373744e-005 -9.996066e-001  2.804625e-002
    outer loop
      vertex -1.099722e+002 -1.649722e+002  1.514913e+002
      vertex  1.100000e+002 -1.650000e+002  1.500000e+002
      vertex  1.100000e+002 -1.649371e+002  1.522428e+002
    endloop
  endfacet
  facet normal  0.000000e+000  2.817329e-001 -9.594929e-001
    outer loop
      vertex -1.100000e+002 -1.277135e+002  9.748473e+001
      vertex -9.600000e+001 -1.281231e+002  9.736445e+001
      vertex -1.100000e+002 -1.281231e+002  9.736445e+001
    endloop
  endfacet
  facet normal  0.000000e+000  5.406547e-001 -8.412447e-001
    outer loop
      vertex -1.100000e+002 -1.281231e+002  9.736445e+001
      vertex -9.600000e+001 -1.281231e+002  9.736445e+001
      vertex -9.600000e+001 -1.284823e+002  9.713362e+001
    endloop
  endfacet
  facet normal  0.000000e+000  5.406547e-001 -8.412447e-001
    outer loop
      vertex -1.100000e+002 -1.281231e+002  9.736445e+001
      vertex -9.600000e+001 -1.284823e+002  9.713362e+001
      vertex -1.100000e+002 -1.284823e+002  9.713362e+001
    endloop
  endfacet
  facet normal  0.000000e+000  7.557338e-001 -6.548788e-001
    outer loop
      vertex -1.100000e+002 -1.284823e+002  9.713362e+001
      vertex -9.600000e+001 -1.284823e+002  9.713362e+001
      vertex -9.600000e+001 -1.287619e+002  9.681096e+001
    endloop
  endfacet
  facet normal  0.000000e+000  7.557338e-001 -6.548788e-001
    outer loop
      vertex -1.100000e+002 -1.284823e+002  9.713362e+001
      vertex -9.600000e+001 -1.287619e+002  9.681096e+001
      vertex -1.100000e+002 -1.287619e+002  9.681096e+001
    endloop
  endfacet
  facet normal  0.000000e+000  9.096361e-001 -4.154058e-001
    outer loop
      vertex -1.100000e+002 -1.287619e+002  9.681096e+001
      vertex -9.600000e+001 -1.287619e+002  9.681096e+001
      vertex -9.600000e+001 -1.289392e+002  9.642260e+001
    endloop
  endfacet
  facet normal  0.000000e+000  9.096361e-001 -4.154058e-001
    outer loop
      vertex -1.100000e+002 -1.287619e+002  9.681096e+001
      vertex -9.600000e+001 -1.289392e+002  9.642260e+001
      vertex -1.100000e+002 -1.289392e+002  9.642260e+001
    endloop
  endfacet
  facet normal  0.000000e+000  9.898216e-001 -1.423144e-001
    outer loop
      vertex -1.100000e+002 -1.289392e+002  9.642260e+001
      vertex -9.600000e+001 -1.289392e+002  9.642260e+001
      vertex -9.600000e+001 -1.290000e+002  9.600000e+001
    endloop
  endfacet
  facet normal  0.000000e+000  9.898216e-001 -1.423144e-001
    outer loop
      vertex -1.100000e+002 -1.289392e+002  9.642260e+001
      vertex -9.600000e+001 -1.290000e+002  9.600000e+001
      vertex -1.100000e+002 -1.290000e+002  9.600000e+001
    endloop
  endfacet
  facet normal  0.000000e+000  2.817329e-001 -9.594929e-001
    outer loop
      vertex -9.600000e+001 -1.281231e+002  9.736445e+001
      vertex -1.100000e+002 -1.277135e+002  9.748473e+001
      vertex -9.600000e+001 -1.277135e+002  9.748473e+001
    endloop
  endfacet
  facet normal  0.000000e+000  0.000000e+000 -1.000000e+000
    outer loop
      vertex -9.600000e+001 -1.277135e+002  9.748473e+001
      vertex -1.100000e+002 -1.277135e+002  9.748473e+001
      vertex -1.100000e+002 -1.272865e+002  9.748473e+001
    endloop
  endfacet
  facet normal  0.000000e+000  0.000000e+000 -1.000000e+000
    outer loop
      vertex -9.600000e+001 -1.277135e+002  9.748473e+001
      vertex -1.100000e+002 -1.272865e+002  9.748473e+001
      vertex -9.600000e+001 -1.272865e+002  9.748473e+001
    endloop
  endfacet
  facet normal  -0.000000e+000 -2.817329e-001 -9.594929e-001
    outer loop
      vertex -9.600000e+001 -1.272865e+002  9.748473e+001
      vertex -1.100000e+002 -1.272865e+002  9.748473e+001
      vertex -1.100000e+002 -1.268769e+002  9.736445e+001
    endloop
  endfacet
  facet normal  0.000000e+000 -2.817329e-001 -9.594929e-001
    outer loop
      vertex -9.600000e+001 -1.272865e+002  9.748473e+001
      vertex -1.100000e+002 -1.268769e+002  9.736445e+001
      vertex -9.600000e+001 -1.268769e+002  9.736445e+001
    endloop
  endfacet
  facet normal  -0.000000e+000 -5.406465e-001 -8.412498e-001
    outer loop
      vertex -9.600000e+001 -1.268769e+002  9.736445e+001
      vertex -1.100000e+002 -1.268769e+002  9.736445e+001
      vertex -1.100000e+002 -1.265177e+002  9.713362e+001
    endloop
  endfacet
  facet normal  0.000000e+000 -5.406465e-001 -8.412498e-001
    outer loop
      vertex -9.600000e+001 -1.268769e+002  9.736445e+001
      vertex -1.100000e+002 -1.265177e+002  9.713362e+001
      vertex -9.600000e+001 -1.265177e+002  9.713362e+001
    endloop
  endfacet
  facet normal  -0.000000e+000 -7.557516e-001 -6.548584e-001
    outer loop
      vertex -9.600000e+001 -1.265177e+002  9.713362e+001
      vertex -1.100000e+002 -1.265177e+002  9.713362e+001
      vertex -1.100000e+002 -1.262381e+002  9.681096e+001
    endloop
  endfacet
  facet normal  0.000000e+000 -7.557516e-001 -6.548584e-001
    outer loop
      vertex -9.600000e+001 -1.265177e+002  9.713362e+001
      vertex -1.100000e+002 -1.262381e+002  9.681096e+001
      vertex -9.600000e+001 -1.262381e+002  9.681096e+001
    endloop
  endfacet
  facet normal  -0.000000e+000 -9.096295e-001 -4.154206e-001
    outer loop
      vertex -9.600000e+001 -1.262381e+002  9.681096e+001
      vertex -1.100000e+002 -1.262381e+002  9.681096e+001
      vertex -1.100000e+002 -1.260608e+002  9.642260e+001
    endloop
  endfacet
  facet normal  0.000000e+000 -9.096295e-001 -4.154206e-001
    outer loop
      vertex -9.600000e+001 -1.262381e+002  9.681096e+001
      vertex -1.100000e+002 -1.260608e+002  9.642260e+001
      vertex -9.600000e+001 -1.260608e+002  9.642260e+001
    endloop
  endfacet
  facet normal  -0.000000e+000 -9.898216e-001 -1.423144e-001
    outer loop
      vertex -9.600000e+001 -1.260608e+002  9.642260e+001
      vertex -1.100000e+002 -1.260608e+002  9.642260e+001
      vertex -1.100000e+002 -1.260000e+002  9.600000e+001
    endloop
  endfacet
  facet normal  0.000000e+000 -9.898216e-001 -1.423144e-001
    outer loop
      vertex -9.600000e+001 -1.260608e+002  9.642260e+001
      vertex -1.100000e+002 -1.260000e+002  9.600000e+001
      vertex -9.600000e+001 -1.260000e+002  9.600000e+001
    endloop
  endfacet
  facet normal  0.000000e+000 -2.817329e-001  9.594929e-001
    outer loop
      vertex -1.100000e+002 -1.272865e+002  9.451527e+001
      vertex -9.600000e+001 -1.268769e+002  9.463555e+001
      vertex -1.100000e+002 -1.268769e+002  9.463555e+001
    endloop
  endfacet
  facet normal  0.000000e+000 -5.406465e-001  8.412498e-001
    outer loop
      vertex -1.100000e+002 -1.268769e+002  9.463555e+001
      vertex -9.600000e+001 -1.268769e+002  9.463555e+001
      vertex -9.600000e+001 -1.265177e+002  9.486638e+001
    endloop
  endfacet
  facet normal  0.000000e+000 -5.406465e-001  8.412498e-001
    outer loop
      vertex -1.100000e+002 -1.268769e+002  9.463555e+001
      vertex -9.600000e+001 -1.265177e+002  9.486638e+001
      vertex -1.100000e+002 -1.265177e+002  9.486638e+001
    endloop
  endfacet
  facet normal  0.000000e+000 -7.557516e-001  6.548584e-001
    outer loop
      vertex -1.100000e+002 -1.265177e+002  9.486638e+001
      vertex -9.600000e+001 -1.265177e+002  9.486638e+001
      vertex -9.600000e+001 -1.262381e+002  9.518904e+001
    endloop
  endfacet
  facet normal  0.000000e+000 -7.557516e-001  6.548584e-001
    outer loop
      vertex -1.100000e+002 -1.265177e+002  9.486638e+001
      vertex -9.600000e+001 -1.262381e+002  9.518904e+001
      vertex -1.100000e+002 -1.262381e+002  9.518904e+001
    endloop
  endfacet
  facet normal  0.000000e+000 -9.096295e-001  4.154206e-001
    outer loop
      vertex -1.100000e+002 -1.262381e+002  9.518904e+001
      vertex -9.600000e+001 -1.262381e+002  9.518904e+001
      vertex -9.600000e+001 -1.260608e+002  9.557740e+001
    endloop
  endfacet
  facet normal  0.000000e+000 -9.096295e-001  4.154206e-001
    outer loop
      vertex -1.100000e+002 -1.262381e+002  9.518904e+001
      vertex -9.600000e+001 -1.260608e+002  9.557740e+001
      vertex -1.100000e+002 -1.260608e+002  9.557740e+001
    endloop
  endfacet
  facet normal  0.000000e+000 -9.898216e-001  1.423144e-001
    outer loop
      vertex -1.100000e+002 -1.260608e+002  9.557740e+001
      vertex -9.600000e+001 -1.260608e+002  9.557740e+001
      vertex -9.600000e+001 -1.260000e+002  9.600000e+001
    endloop
  endfacet
  facet normal  0.000000e+000 -9.898216e-001  1.423144e-001
    outer loop
      vertex -1.100000e+002 -1.260608e+002  9.557740e+001
      vertex -9.600000e+001 -1.260000e+002  9.600000e+001
      vertex -1.100000e+002 -1.260000e+002  9.600000e+001
    endloop
  endfacet
  facet normal  0.000000e+000 -2.817329e-001  9.594929e-001
    outer loop
      vertex -9.600000e+001 -1.268769e+002  9.463555e+001
      vertex -1.100000e+002 -1.272865e+002  9.451527e+001
      vertex -9.600000e+001 -1.272865e+002  9.451527e+001
    endloop
  endfacet
  facet normal  0.000000e+000  0.000000e+000  1.000000e+000
    outer loop
      vertex -9.600000e+001 -1.272865e+002  9.451527e+001
      vertex -1.100000e+002 -1.272865e+002  9.451527e+001
      vertex -1.100000e+002 -1.277135e+002  9.451527e+001
    endloop
  endfacet
  facet normal  0.000000e+000  0.000000e+000  1.000000e+000
    outer loop
      vertex -9.600000e+001 -1.272865e+002  9.451527e+001
      vertex -1.100000e+002 -1.277135e+002  9.451527e+001
      vertex -9.600000e+001 -1.277135e+002  9.451527e+001
    endloop
  endfacet
  facet normal  0.000000e+000  2.817329e-001  9.594929e-001
    outer loop
      vertex -9.600000e+001 -1.277135e+002  9.451527e+001
      vertex -1.100000e+002 -1.277135e+002  9.451527e+001
      vertex -1.100000e+002 -1.281231e+002  9.463555e+001
    endloop
  endfacet
  facet normal  -0.000000e+000  2.817329e-001  9.594929e-001
    outer loop
      vertex -9.600000e+001 -1.277135e+002  9.451527e+001
      vertex -1.100000e+002 -1.281231e+002  9.463555e+001
      vertex -9.600000e+001 -1.281231e+002  9.463555e+001
    endloop
  endfacet
  facet normal  0.000000e+000  5.406547e-001  8.412447e-001
    outer loop
      vertex -9.600000e+001 -1.281231e+002  9.463555e+001
      vertex -1.100000e+002 -1.281231e+002  9.463555e+001
      vertex -1.100000e+002 -1.284823e+002  9.486638e+001
    endloop
  endfacet
  facet normal  -0.000000e+000  5.406547e-001  8.412447e-001
    outer loop
      vertex -9.600000e+001 -1.281231e+002  9.463555e+001
      vertex -1.100000e+002 -1.284823e+002  9.486638e+001
      vertex -9.600000e+001 -1.284823e+002  9.486638e+001
    endloop
  endfacet
  facet normal  0.000000e+000  7.557338e-001  6.548788e-001
    outer loop
      vertex -9.600000e+001 -1.284823e+002  9.486638e+001
      vertex -1.100000e+002 -1.284823e+002  9.486638e+001
      vertex -1.100000e+002 -1.287619e+002  9.518904e+001
    endloop
  endfacet
  facet normal  -0.000000e+000  7.557338e-001  6.548788e-001
    outer loop
      vertex -9.600000e+001 -1.284823e+002  9.486638e+001
      vertex -1.100000e+002 -1.287619e+002  9.518904e+001
      vertex -9.600000e+001 -1.287619e+002  9.518904e+001
    endloop
  endfacet
  facet normal  0.000000e+000  9.096361e-001  4.154058e-001
    outer loop
      vertex -9.600000e+001 -1.287619e+002  9.518904e+001
      vertex -1.100000e+002 -1.287619e+002  9.518904e+001
      vertex -1.100000e+002 -1.289392e+002  9.557740e+001
    endloop
  endfacet
  facet normal  -0.000000e+000  9.096361e-001  4.154058e-001
    outer loop
      vertex -9.600000e+001 -1.287619e+002  9.518904e+001
      vertex -1.100000e+002 -1.289392e+002  9.557740e+001
      vertex -9.600000e+001 -1.289392e+002  9.557740e+001
    endloop
  endfacet
  facet normal  0.000000e+000  9.898216e-001  1.423144e-001
    outer loop
      vertex -9.600000e+001 -1.289392e+002  9.557740e+001
      vertex -1.100000e+002 -1.289392e+002  9.557740e+001
      vertex -1.100000e+002 -1.290000e+002  9.600000e+001
    endloop
  endfacet
  facet normal  -0.000000e+000  9.898216e-001  1.423144e-001
    outer loop
      vertex -9.600000e+001 -1.289392e+002  9.557740e+001
      vertex -1.100000e+002 -1.290000e+002  9.600000e+001
      vertex -9.600000e+001 -1.290000e+002  9.600000e+001
    endloop
  endfacet
  facet normal  0.000000e+000  2.817329e-001 -9.594929e-001
    outer loop
      vertex -1.100000e+002 -1.277135e+002  5.448473e+001
      vertex -9.600000e+001 -1.281231e+002  5.436445e+001
      vertex -1.100000e+002 -1.281231e+002  5.436445e+001
    endloop
  endfacet
  facet normal  0.000000e+000  5.406483e-001 -8.412487e-001
    outer loop
      vertex -1.100000e+002 -1.281231e+002  5.436445e+001
      vertex -9.600000e+001 -1.281231e+002  5.436445e+001
      vertex -9.600000e+001 -1.284823e+002  5.413363e+001
    endloop
  endfacet
  facet normal  0.000000e+000  5.406483e-001 -8.412487e-001
    outer loop
      vertex -1.100000e+002 -1.281231e+002  5.436445e+001
      vertex -9.600000e+001 -1.284823e+002  5.413363e+001
      vertex -1.100000e+002 -1.284823e+002  5.413363e+001
    endloop
  endfacet
  facet normal  0.000000e+000  7.557338e-001 -6.548788e-001
    outer loop
      vertex -1.100000e+002 -1.284823e+002  5.413363e+001
      vertex -9.600000e+001 -1.284823e+002  5.413363e+001
      vertex -9.600000e+001 -1.287619e+002  5.381096e+001
    endloop
  endfacet
  facet normal  0.000000e+000  7.557338e-001 -6.548788e-001
    outer loop
      vertex -1.100000e+002 -1.284823e+002  5.413363e+001
      vertex -9.600000e+001 -1.287619e+002  5.381096e+001
      vertex -1.100000e+002 -1.287619e+002  5.381096e+001
    endloop
  endfacet
  facet normal  0.000000e+000  9.096377e-001 -4.154024e-001
    outer loop
      vertex -1.100000e+002 -1.287619e+002  5.381096e+001
      vertex -9.600000e+001 -1.287619e+002  5.381096e+001
      vertex -9.600000e+001 -1.289392e+002  5.342260e+001
    endloop
  endfacet
  facet normal  0.000000e+000  9.096377e-001 -4.154024e-001
    outer loop
      vertex -1.100000e+002 -1.287619e+002  5.381096e+001
      vertex -9.600000e+001 -1.289392e+002  5.342260e+001
      vertex -1.100000e+002 -1.289392e+002  5.342260e+001
    endloop
  endfacet
  facet normal  0.000000e+000  9.898216e-001 -1.423144e-001
    outer loop
      vertex -1.100000e+002 -1.289392e+002  5.342260e+001
      vertex -9.600000e+001 -1.289392e+002  5.342260e+001
      vertex -9.600000e+001 -1.290000e+002  5.300000e+001
    endloop
  endfacet
  facet normal  0.000000e+000  9.898216e-001 -1.423144e-001
    outer loop
      vertex -1.100000e+002 -1.289392e+002  5.342260e+001
      vertex -9.600000e+001 -1.290000e+002  5.300000e+001
      vertex -1.100000e+002 -1.290000e+002  5.300000e+001
    endloop
  endfacet
  facet normal  0.000000e+000  2.817329e-001 -9.594929e-001
    outer loop
      vertex -9.600000e+001 -1.281231e+002  5.436445e+001
      vertex -1.100000e+002 -1.277135e+002  5.448473e+001
      vertex -9.600000e+001 -1.277135e+002  5.448473e+001
    endloop
  endfacet
  facet normal  0.000000e+000  0.000000e+000 -1.000000e+000
    outer loop
      vertex -9.600000e+001 -1.277135e+002  5.448473e+001
      vertex -1.100000e+002 -1.277135e+002  5.448473e+001
      vertex -1.100000e+002 -1.272865e+002  5.448473e+001
    endloop
  endfacet
  facet normal  0.000000e+000  0.000000e+000 -1.000000e+000
    outer loop
      vertex -9.600000e+001 -1.277135e+002  5.448473e+001
      vertex -1.100000e+002 -1.272865e+002  5.448473e+001
      vertex -9.600000e+001 -1.272865e+002  5.448473e+001
    endloop
  endfacet
  facet normal  -0.000000e+000 -2.817329e-001 -9.594929e-001
    outer loop
      vertex -9.600000e+001 -1.272865e+002  5.448473e+001
      vertex -1.100000e+002 -1.272865e+002  5.448473e+001
      vertex -1.100000e+002 -1.268769e+002  5.436445e+001
    endloop
  endfacet
  facet normal  0.000000e+000 -2.817329e-001 -9.594929e-001
    outer loop
      vertex -9.600000e+001 -1.272865e+002  5.448473e+001
      vertex -1.100000e+002 -1.268769e+002  5.436445e+001
      vertex -9.600000e+001 -1.268769e+002  5.436445e+001
    endloop
  endfacet
  facet normal  -0.000000e+000 -5.406401e-001 -8.412539e-001
    outer loop
      vertex -9.600000e+001 -1.268769e+002  5.436445e+001
      vertex -1.100000e+002 -1.268769e+002  5.436445e+001
      vertex -1.100000e+002 -1.265177e+002  5.413363e+001
    endloop
  endfacet
  facet normal  0.000000e+000 -5.406401e-001 -8.412539e-001
    outer loop
      vertex -9.600000e+001 -1.268769e+002  5.436445e+001
      vertex -1.100000e+002 -1.265177e+002  5.413363e+001
      vertex -9.600000e+001 -1.265177e+002  5.413363e+001
    endloop
  endfacet
  facet normal  -0.000000e+000 -7.557516e-001 -6.548584e-001
    outer loop
      vertex -9.600000e+001 -1.265177e+002  5.413363e+001
      vertex -1.100000e+002 -1.265177e+002  5.413363e+001
      vertex -1.100000e+002 -1.262381e+002  5.381096e+001
    endloop
  endfacet
  facet normal  0.000000e+000 -7.557516e-001 -6.548584e-001
    outer loop
      vertex -9.600000e+001 -1.265177e+002  5.413363e+001
      vertex -1.100000e+002 -1.262381e+002  5.381096e+001
      vertex -9.600000e+001 -1.262381e+002  5.381096e+001
    endloop
  endfacet
  facet normal  -0.000000e+000 -9.096310e-001 -4.154173e-001
    outer loop
      vertex -9.600000e+001 -1.262381e+002  5.381096e+001
      vertex -1.100000e+002 -1.262381e+002  5.381096e+001
      vertex -1.100000e+002 -1.260608e+002  5.342260e+001
    endloop
  endfacet
  facet normal  0.000000e+000 -9.096310e-001 -4.154173e-001
    outer loop
      vertex -9.600000e+001 -1.262381e+002  5.381096e+001
      vertex -1.100000e+002 -1.260608e+002  5.342260e+001
      vertex -9.600000e+001 -1.260608e+002  5.342260e+001
    endloop
  endfacet
  facet normal  -0.000000e+000 -9.898216e-001 -1.423144e-001
    outer loop
      vertex -9.600000e+001 -1.260608e+002  5.342260e+001
      vertex -1.100000e+002 -1.260608e+002  5.342260e+001
      vertex -1.100000e+002 -1.260000e+002  5.300000e+001
    endloop
  endfacet
  facet normal  0.000000e+000 -9.898216e-001 -1.423144e-001
    outer loop
      vertex -9.600000e+001 -1.260608e+002  5.342260e+001
      vertex -1.100000e+002 -1.260000e+002  5.300000e+001
      vertex -9.600000e+001 -1.260000e+002  5.300000e+001
    endloop
  endfacet
  facet normal  0.000000e+000 -2.817329e-001  9.594929e-001
    outer loop
      vertex -1.100000e+002 -1.272865e+002  5.151527e+001
      vertex -9.600000e+001 -1.268769e+002  5.163555e+001
      vertex -1.100000e+002 -1.268769e+002  5.163555e+001
    endloop
  endfacet
  facet normal  0.000000e+000 -5.406401e-001  8.412539e-001
    outer loop
      vertex -1.100000e+002 -1.268769e+002  5.163555e+001
      vertex -9.600000e+001 -1.268769e+002  5.163555e+001
      vertex -9.600000e+001 -1.265177e+002  5.186637e+001
    endloop
  endfacet
  facet normal  0.000000e+000 -5.406401e-001  8.412539e-001
    outer loop
      vertex -1.100000e+002 -1.268769e+002  5.163555e+001
      vertex -9.600000e+001 -1.265177e+002  5.186637e+001
      vertex -1.100000e+002 -1.265177e+002  5.186637e+001
    endloop
  endfacet
  facet normal  0.000000e+000 -7.557516e-001  6.548584e-001
    outer loop
      vertex -1.100000e+002 -1.265177e+002  5.186637e+001
      vertex -9.600000e+001 -1.265177e+002  5.186637e+001
      vertex -9.600000e+001 -1.262381e+002  5.218904e+001
    endloop
  endfacet
  facet normal  0.000000e+000 -7.557516e-001  6.548584e-001
    outer loop
      vertex -1.100000e+002 -1.265177e+002  5.186637e+001
      vertex -9.600000e+001 -1.262381e+002  5.218904e+001
      vertex -1.100000e+002 -1.262381e+002  5.218904e+001
    endloop
  endfacet
  facet normal  0.000000e+000 -9.096310e-001  4.154173e-001
    outer loop
      vertex -1.100000e+002 -1.262381e+002  5.218904e+001
      vertex -9.600000e+001 -1.262381e+002  5.218904e+001
      vertex -9.600000e+001 -1.260608e+002  5.257740e+001
    endloop
  endfacet
  facet normal  0.000000e+000 -9.096310e-001  4.154173e-001
    outer loop
      vertex -1.100000e+002 -1.262381e+002  5.218904e+001
      vertex -9.600000e+001 -1.260608e+002  5.257740e+001
      vertex -1.100000e+002 -1.260608e+002  5.257740e+001
    endloop
  endfacet
  facet normal  0.000000e+000 -9.898216e-001  1.423144e-001
    outer loop
      vertex -1.100000e+002 -1.260608e+002  5.257740e+001
      vertex -9.600000e+001 -1.260608e+002  5.257740e+001
      vertex -9.600000e+001 -1.260000e+002  5.300000e+001
    endloop
  endfacet
  facet normal  0.000000e+000 -9.898216e-001  1.423144e-001
    outer loop
      vertex -1.100000e+002 -1.260608e+002  5.257740e+001
      vertex -9.600000e+001 -1.260000e+002  5.300000e+001
      vertex -1.100000e+002 -1.260000e+002  5.300000e+001
    endloop
  endfacet
  facet normal  0.000000e+000 -2.817329e-001  9.594929e-001
    outer loop
      vertex -9.600000e+001 -1.268769e+002  5.163555e+001
      vertex -1.100000e+002 -1.272865e+002  5.151527e+001
      vertex -9.600000e+001 -1.272865e+002  5.151527e+001
    endloop
  endfacet
  facet normal  0.000000e+000  0.000000e+000  1.000000e+000
    outer loop
      vertex -9.600000e+001 -1.272865e+002  5.151527e+001
      vertex -1.100000e+002 -1.272865e+002  5.151527e+001
      vertex -1.100000e+002 -1.277135e+002  5.151527e+001
    endloop
  endfacet
  facet normal  0.000000e+000  0.000000e+000  1.000000e+000
    outer loop
      vertex -9.600000e+001 -1.272865e+002  5.151527e+001
      vertex -1.100000e+002 -1.277135e+002  5.151527e+001
      vertex -9.600000e+001 -1.277135e+002  5.151527e+001
    endloop
  endfacet
  facet normal  0.000000e+000  2.817329e-001  9.594929e-001
    outer loop
      vertex -9.600000e+001 -1.277135e+002  5.151527e+001
      vertex -1.100000e+002 -1.277135e+002  5.151527e+001
      vertex -1.100000e+002 -1.281231e+002  5.163555e+001
    endloop
  endfacet
  facet normal  -0.000000e+000  2.817329e-001  9.594929e-001
    outer loop
      vertex -9.600000e+001 -1.277135e+002  5.151527e+001
      vertex -1.100000e+002 -1.281231e+002  5.163555e+001
      vertex -9.600000e+001 -1.281231e+002  5.163555e+001
    endloop
  endfacet
  facet normal  0.000000e+000  5.406483e-001  8.412487e-001
    outer loop
      vertex -9.600000e+001 -1.281231e+002  5.163555e+001
      vertex -1.100000e+002 -1.281231e+002  5.163555e+001
      vertex -1.100000e+002 -1.284823e+002  5.186637e+001
    endloop
  endfacet
  facet normal  -0.000000e+000  5.406483e-001  8.412487e-001
    outer loop
      vertex -9.600000e+001 -1.281231e+002  5.163555e+001
      vertex -1.100000e+002 -1.284823e+002  5.186637e+001
      vertex -9.600000e+001 -1.284823e+002  5.186637e+001
    endloop
  endfacet
  facet normal  0.000000e+000  7.557338e-001  6.548788e-001
    outer loop
      vertex -9.600000e+001 -1.284823e+002  5.186637e+001
      vertex -1.100000e+002 -1.284823e+002  5.186637e+001
      vertex -1.100000e+002 -1.287619e+002  5.218904e+001
    endloop
  endfacet
  facet normal  -0.000000e+000  7.557338e-001  6.548788e-001
    outer loop
      vertex -9.600000e+001 -1.284823e+002  5.186637e+001
      vertex -1.100000e+002 -1.287619e+002  5.218904e+001
      vertex -9.600000e+001 -1.287619e+002  5.218904e+001
    endloop
  endfacet
  facet normal  0.000000e+000  9.096377e-001  4.154024e-001
    outer loop
      vertex -9.600000e+001 -1.287619e+002  5.218904e+001
      vertex -1.100000e+002 -1.287619e+002  5.218904e+001
      vertex -1.100000e+002 -1.289392e+002  5.257740e+001
    endloop
  endfacet
  facet normal  -0.000000e+000  9.096377e-001  4.154024e-001
    outer loop
      vertex -9.600000e+001 -1.287619e+002  5.218904e+001
      vertex -1.100000e+002 -1.289392e+002  5.257740e+001
      vertex -9.600000e+001 -1.289392e+002  5.257740e+001
    endloop
  endfacet
  facet normal  0.000000e+000  9.898216e-001  1.423144e-001
    outer loop
      vertex -9.600000e+001 -1.289392e+002  5.257740e+001
      vertex -1.100000e+002 -1.289392e+002  5.257740e+001
      vertex -1.100000e+002 -1.290000e+002  5.300000e+001
    endloop
  endfacet
  facet normal  -0.000000e+000  9.898216e-001  1.423144e-001
    outer loop
      vertex -9.600000e+001 -1.289392e+002  5.257740e+001
      vertex -1.100000e+002 -1.290000e+002  5.300000e+001
      vertex -9.600000e+001 -1.290000e+002  5.300000e+001
    endloop
  endfacet
  facet normal  0.000000e+000  1.000000e+000  -0.000000e+000
    outer loop
      vertex -9.500000e+001 -1.300000e+002  1.000000e+002
      vertex -9.500000e+001 -1.300000e+002  5.000000e+001
      vertex -9.600000e+001 -1.300000e+002  1.000000e+002
    endloop
  endfacet
  facet normal  0.000000e+000  1.000000e+000  0.000000e+000
    outer loop
      vertex -9.600000e+001 -1.300000e+002  1.000000e+002
      vertex -9.500000e+001 -1.300000e+002  5.000000e+001
      vertex -9.600000e+001 -1.300000e+002  5.000000e+001
    endloop
  endfacet
  facet normal -1.119571e-001  -0.000000e+000 -9.937130e-001
    outer loop
      vertex  8.185500e+001 -1.650000e+002  1.159500e+002
      vertex  8.241130e+001 -1.490000e+002  1.158873e+002
      vertex  8.241130e+001 -1.650000e+002  1.158873e+002
    endloop
  endfacet
  facet normal -3.302776e-001  0.000000e+000 -9.438839e-001
    outer loop
      vertex  8.241130e+001 -1.650000e+002  1.158873e+002
      vertex  8.241130e+001 -1.490000e+002  1.158873e+002
      vertex  8.293971e+001 -1.490000e+002  1.157024e+002
    endloop
  endfacet
  facet normal -3.302776e-001  -0.000000e+000 -9.438839e-001
    outer loop
      vertex  8.241130e+001 -1.650000e+002  1.158873e+002
      vertex  8.293971e+001 -1.490000e+002  1.157024e+002
      vertex  8.293971e+001 -1.650000e+002  1.157024e+002
    endloop
  endfacet
  facet normal -5.320334e-001  0.000000e+000 -8.467234e-001
    outer loop
      vertex  8.293971e+001 -1.650000e+002  1.157024e+002
      vertex  8.293971e+001 -1.490000e+002  1.157024e+002
      vertex  8.341373e+001 -1.490000e+002  1.154046e+002
    endloop
  endfacet
  facet normal -5.320334e-001  -0.000000e+000 -8.467234e-001
    outer loop
      vertex  8.293971e+001 -1.650000e+002  1.157024e+002
      vertex  8.341373e+001 -1.490000e+002  1.154046e+002
      vertex  8.341373e+001 -1.650000e+002  1.154046e+002
    endloop
  endfacet
  facet normal -7.071068e-001  0.000000e+000 -7.071068e-001
    outer loop
      vertex  8.341373e+001 -1.650000e+002  1.154046e+002
      vertex  8.341373e+001 -1.490000e+002  1.154046e+002
      vertex  8.380958e+001 -1.490000e+002  1.150087e+002
    endloop
  endfacet
  facet normal -7.071068e-001  -0.000000e+000 -7.071068e-001
    outer loop
      vertex  8.341373e+001 -1.650000e+002  1.154046e+002
      vertex  8.380958e+001 -1.490000e+002  1.150087e+002
      vertex  8.380958e+001 -1.650000e+002  1.150087e+002
    endloop
  endfacet
  facet normal -8.467273e-001  0.000000e+000 -5.320272e-001
    outer loop
      vertex  8.380958e+001 -1.650000e+002  1.150087e+002
      vertex  8.380958e+001 -1.490000e+002  1.150087e+002
      vertex  8.410742e+001 -1.490000e+002  1.145347e+002
    endloop
  endfacet
  facet normal -8.467273e-001  -0.000000e+000 -5.320272e-001
    outer loop
      vertex  8.380958e+001 -1.650000e+002  1.150087e+002
      vertex  8.410742e+001 -1.490000e+002  1.145347e+002
      vertex  8.410742e+001 -1.650000e+002  1.145347e+002
    endloop
  endfacet
  facet normal -9.438824e-001  0.000000e+000 -3.302819e-001
    outer loop
      vertex  8.410742e+001 -1.650000e+002  1.145347e+002
      vertex  8.410742e+001 -1.490000e+002  1.145347e+002
      vertex  8.429232e+001 -1.490000e+002  1.140063e+002
    endloop
  endfacet
  facet normal -9.438824e-001  -0.000000e+000 -3.302819e-001
    outer loop
      vertex  8.410742e+001 -1.650000e+002  1.145347e+002
      vertex  8.429232e+001 -1.490000e+002  1.140063e+002
      vertex  8.429232e+001 -1.650000e+002  1.140063e+002
    endloop
  endfacet
  facet normal -9.937117e-001  0.000000e+000 -1.119690e-001
    outer loop
      vertex  8.429232e+001 -1.650000e+002  1.140063e+002
      vertex  8.429232e+001 -1.490000e+002  1.140063e+002
      vertex  8.435500e+001 -1.490000e+002  1.134500e+002
    endloop
  endfacet
  facet normal -9.937117e-001  -0.000000e+000 -1.119690e-001
    outer loop
      vertex  8.429232e+001 -1.650000e+002  1.140063e+002
      vertex  8.435500e+001 -1.490000e+002  1.134500e+002
      vertex  8.435500e+001 -1.650000e+002  1.134500e+002
    endloop
  endfacet
  facet normal -1.119571e-001  0.000000e+000 -9.937130e-001
    outer loop
      vertex  8.241130e+001 -1.490000e+002  1.158873e+002
      vertex  8.185500e+001 -1.650000e+002  1.159500e+002
      vertex  8.185500e+001 -1.490000e+002  1.159500e+002
    endloop
  endfacet
  facet normal  1.119556e-001  0.000000e+000 -9.937133e-001
    outer loop
      vertex  8.185500e+001 -1.490000e+002  1.159500e+002
      vertex  8.185500e+001 -1.650000e+002  1.159500e+002
      vertex  8.129870e+001 -1.650000e+002  1.158873e+002
    endloop
  endfacet
  facet normal  1.119556e-001  0.000000e+000 -9.937133e-001
    outer loop
      vertex  8.185500e+001 -1.490000e+002  1.159500e+002
      vertex  8.129870e+001 -1.650000e+002  1.158873e+002
      vertex  8.129870e+001 -1.490000e+002  1.158873e+002
    endloop
  endfacet
  facet normal  3.302819e-001  0.000000e+000 -9.438824e-001
    outer loop
      vertex  8.129870e+001 -1.490000e+002  1.158873e+002
      vertex  8.129870e+001 -1.650000e+002  1.158873e+002
      vertex  8.077029e+001 -1.650000e+002  1.157024e+002
    endloop
  endfacet
  facet normal  3.302819e-001  0.000000e+000 -9.438824e-001
    outer loop
      vertex  8.129870e+001 -1.490000e+002  1.158873e+002
      vertex  8.077029e+001 -1.650000e+002  1.157024e+002
      vertex  8.077029e+001 -1.490000e+002  1.157024e+002
    endloop
  endfacet
  facet normal  5.320272e-001  0.000000e+000 -8.467273e-001
    outer loop
      vertex  8.077029e+001 -1.490000e+002  1.157024e+002
      vertex  8.077029e+001 -1.650000e+002  1.157024e+002
      vertex  8.029627e+001 -1.650000e+002  1.154046e+002
    endloop
  endfacet
  facet normal  5.320272e-001  0.000000e+000 -8.467273e-001
    outer loop
      vertex  8.077029e+001 -1.490000e+002  1.157024e+002
      vertex  8.029627e+001 -1.650000e+002  1.154046e+002
      vertex  8.029627e+001 -1.490000e+002  1.154046e+002
    endloop
  endfacet
  facet normal  7.071068e-001  0.000000e+000 -7.071068e-001
    outer loop
      vertex  8.029627e+001 -1.490000e+002  1.154046e+002
      vertex  8.029627e+001 -1.650000e+002  1.154046e+002
      vertex  7.990042e+001 -1.650000e+002  1.150087e+002
    endloop
  endfacet
  facet normal  7.071068e-001  0.000000e+000 -7.071068e-001
    outer loop
      vertex  8.029627e+001 -1.490000e+002  1.154046e+002
      vertex  7.990042e+001 -1.650000e+002  1.150087e+002
      vertex  7.990042e+001 -1.490000e+002  1.150087e+002
    endloop
  endfacet
  facet normal  8.467273e-001  0.000000e+000 -5.320272e-001
    outer loop
      vertex  7.990042e+001 -1.490000e+002  1.150087e+002
      vertex  7.990042e+001 -1.650000e+002  1.150087e+002
      vertex  7.960258e+001 -1.650000e+002  1.145347e+002
    endloop
  endfacet
  facet normal  8.467273e-001  0.000000e+000 -5.320272e-001
    outer loop
      vertex  7.990042e+001 -1.490000e+002  1.150087e+002
      vertex  7.960258e+001 -1.650000e+002  1.145347e+002
      vertex  7.960258e+001 -1.490000e+002  1.145347e+002
    endloop
  endfacet
  facet normal  9.438824e-001  0.000000e+000 -3.302819e-001
    outer loop
      vertex  7.960258e+001 -1.490000e+002  1.145347e+002
      vertex  7.960258e+001 -1.650000e+002  1.145347e+002
      vertex  7.941768e+001 -1.650000e+002  1.140063e+002
    endloop
  endfacet
  facet normal  9.438824e-001  0.000000e+000 -3.302819e-001
    outer loop
      vertex  7.960258e+001 -1.490000e+002  1.145347e+002
      vertex  7.941768e+001 -1.650000e+002  1.140063e+002
      vertex  7.941768e+001 -1.490000e+002  1.140063e+002
    endloop
  endfacet
  facet normal  9.937133e-001  0.000000e+000 -1.119556e-001
    outer loop
      vertex  7.941768e+001 -1.490000e+002  1.140063e+002
      vertex  7.941768e+001 -1.650000e+002  1.140063e+002
      vertex  7.935500e+001 -1.650000e+002  1.134500e+002
    endloop
  endfacet
  facet normal  9.937133e-001  0.000000e+000 -1.119556e-001
    outer loop
      vertex  7.941768e+001 -1.490000e+002  1.140063e+002
      vertex  7.935500e+001 -1.650000e+002  1.134500e+002
      vertex  7.935500e+001 -1.490000e+002  1.134500e+002
    endloop
  endfacet
  facet normal  1.119690e-001  0.000000e+000  9.937117e-001
    outer loop
      vertex  8.185500e+001 -1.650000e+002  1.109500e+002
      vertex  8.129870e+001 -1.490000e+002  1.110127e+002
      vertex  8.129870e+001 -1.650000e+002  1.110127e+002
    endloop
  endfacet
  facet normal  3.302819e-001  -0.000000e+000  9.438824e-001
    outer loop
      vertex  8.129870e+001 -1.650000e+002  1.110127e+002
      vertex  8.129870e+001 -1.490000e+002  1.110127e+002
      vertex  8.077029e+001 -1.490000e+002  1.111976e+002
    endloop
  endfacet
  facet normal  3.302819e-001  0.000000e+000  9.438824e-001
    outer loop
      vertex  8.129870e+001 -1.650000e+002  1.110127e+002
      vertex  8.077029e+001 -1.490000e+002  1.111976e+002
      vertex  8.077029e+001 -1.650000e+002  1.111976e+002
    endloop
  endfacet
  facet normal  5.320272e-001  -0.000000e+000  8.467273e-001
    outer loop
      vertex  8.077029e+001 -1.650000e+002  1.111976e+002
      vertex  8.077029e+001 -1.490000e+002  1.111976e+002
      vertex  8.029627e+001 -1.490000e+002  1.114954e+002
    endloop
  endfacet
  facet normal  5.320272e-001  0.000000e+000  8.467273e-001
    outer loop
      vertex  8.077029e+001 -1.650000e+002  1.111976e+002
      vertex  8.029627e+001 -1.490000e+002  1.114954e+002
      vertex  8.029627e+001 -1.650000e+002  1.114954e+002
    endloop
  endfacet
  facet normal  7.071068e-001  -0.000000e+000  7.071068e-001
    outer loop
      vertex  8.029627e+001 -1.650000e+002  1.114954e+002
      vertex  8.029627e+001 -1.490000e+002  1.114954e+002
      vertex  7.990042e+001 -1.490000e+002  1.118913e+002
    endloop
  endfacet
  facet normal  7.071068e-001  0.000000e+000  7.071068e-001
    outer loop
      vertex  8.029627e+001 -1.650000e+002  1.114954e+002
      vertex  7.990042e+001 -1.490000e+002  1.118913e+002
      vertex  7.990042e+001 -1.650000e+002  1.118913e+002
    endloop
  endfacet
  facet normal  8.467234e-001  -0.000000e+000  5.320334e-001
    outer loop
      vertex  7.990042e+001 -1.650000e+002  1.118913e+002
      vertex  7.990042e+001 -1.490000e+002  1.118913e+002
      vertex  7.960258e+001 -1.490000e+002  1.123653e+002
    endloop
  endfacet
  facet normal  8.467234e-001  0.000000e+000  5.320334e-001
    outer loop
      vertex  7.990042e+001 -1.650000e+002  1.118913e+002
      vertex  7.960258e+001 -1.490000e+002  1.123653e+002
      vertex  7.960258e+001 -1.650000e+002  1.123653e+002
    endloop
  endfacet
  facet normal  9.438839e-001  -0.000000e+000  3.302776e-001
    outer loop
      vertex  7.960258e+001 -1.650000e+002  1.123653e+002
      vertex  7.960258e+001 -1.490000e+002  1.123653e+002
      vertex  7.941768e+001 -1.490000e+002  1.128937e+002
    endloop
  endfacet
  facet normal  9.438839e-001  0.000000e+000  3.302776e-001
    outer loop
      vertex  7.960258e+001 -1.650000e+002  1.123653e+002
      vertex  7.941768e+001 -1.490000e+002  1.128937e+002
      vertex  7.941768e+001 -1.650000e+002  1.128937e+002
    endloop
  endfacet
  facet normal  9.937130e-001  -0.000000e+000  1.119571e-001
    outer loop
      vertex  7.941768e+001 -1.650000e+002  1.128937e+002
      vertex  7.941768e+001 -1.490000e+002  1.128937e+002
      vertex  7.935500e+001 -1.490000e+002  1.134500e+002
    endloop
  endfacet
  facet normal  9.937130e-001  0.000000e+000  1.119571e-001
    outer loop
      vertex  7.941768e+001 -1.650000e+002  1.128937e+002
      vertex  7.935500e+001 -1.490000e+002  1.134500e+002
      vertex  7.935500e+001 -1.650000e+002  1.134500e+002
    endloop
  endfacet
  facet normal  1.119690e-001  -0.000000e+000  9.937117e-001
    outer loop
      vertex  8.129870e+001 -1.490000e+002  1.110127e+002
      vertex  8.185500e+001 -1.650000e+002  1.109500e+002
      vertex  8.185500e+001 -1.490000e+002  1.109500e+002
    endloop
  endfacet
  facet normal -1.119706e-001  0.000000e+000  9.937116e-001
    outer loop
      vertex  8.185500e+001 -1.490000e+002  1.109500e+002
      vertex  8.185500e+001 -1.650000e+002  1.109500e+002
      vertex  8.241130e+001 -1.650000e+002  1.110127e+002
    endloop
  endfacet
  facet normal -1.119706e-001  0.000000e+000  9.937116e-001
    outer loop
      vertex  8.185500e+001 -1.490000e+002  1.109500e+002
      vertex  8.241130e+001 -1.650000e+002  1.110127e+002
      vertex  8.241130e+001 -1.490000e+002  1.110127e+002
    endloop
  endfacet
  facet normal -3.302776e-001  0.000000e+000  9.438839e-001
    outer loop
      vertex  8.241130e+001 -1.490000e+002  1.110127e+002
      vertex  8.241130e+001 -1.650000e+002  1.110127e+002
      vertex  8.293971e+001 -1.650000e+002  1.111976e+002
    endloop
  endfacet
  facet normal -3.302776e-001  0.000000e+000  9.438839e-001
    outer loop
      vertex  8.241130e+001 -1.490000e+002  1.110127e+002
      vertex  8.293971e+001 -1.650000e+002  1.111976e+002
      vertex  8.293971e+001 -1.490000e+002  1.111976e+002
    endloop
  endfacet
  facet normal -5.320334e-001  0.000000e+000  8.467234e-001
    outer loop
      vertex  8.293971e+001 -1.490000e+002  1.111976e+002
      vertex  8.293971e+001 -1.650000e+002  1.111976e+002
      vertex  8.341373e+001 -1.650000e+002  1.114954e+002
    endloop
  endfacet
  facet normal -5.320334e-001  0.000000e+000  8.467234e-001
    outer loop
      vertex  8.293971e+001 -1.490000e+002  1.111976e+002
      vertex  8.341373e+001 -1.650000e+002  1.114954e+002
      vertex  8.341373e+001 -1.490000e+002  1.114954e+002
    endloop
  endfacet
  facet normal -7.071068e-001  0.000000e+000  7.071068e-001
    outer loop
      vertex  8.341373e+001 -1.490000e+002  1.114954e+002
      vertex  8.341373e+001 -1.650000e+002  1.114954e+002
      vertex  8.380958e+001 -1.650000e+002  1.118913e+002
    endloop
  endfacet
  facet normal -7.071068e-001  0.000000e+000  7.071068e-001
    outer loop
      vertex  8.341373e+001 -1.490000e+002  1.114954e+002
      vertex  8.380958e+001 -1.650000e+002  1.118913e+002
      vertex  8.380958e+001 -1.490000e+002  1.118913e+002
    endloop
  endfacet
  facet normal -8.467234e-001  0.000000e+000  5.320334e-001
    outer loop
      vertex  8.380958e+001 -1.490000e+002  1.118913e+002
      vertex  8.380958e+001 -1.650000e+002  1.118913e+002
      vertex  8.410742e+001 -1.650000e+002  1.123653e+002
    endloop
  endfacet
  facet normal -8.467234e-001  0.000000e+000  5.320334e-001
    outer loop
      vertex  8.380958e+001 -1.490000e+002  1.118913e+002
      vertex  8.410742e+001 -1.650000e+002  1.123653e+002
      vertex  8.410742e+001 -1.490000e+002  1.123653e+002
    endloop
  endfacet
  facet normal -9.438839e-001  0.000000e+000  3.302776e-001
    outer loop
      vertex  8.410742e+001 -1.490000e+002  1.123653e+002
      vertex  8.410742e+001 -1.650000e+002  1.123653e+002
      vertex  8.429232e+001 -1.650000e+002  1.128937e+002
    endloop
  endfacet
  facet normal -9.438839e-001  0.000000e+000  3.302776e-001
    outer loop
      vertex  8.410742e+001 -1.490000e+002  1.123653e+002
      vertex  8.429232e+001 -1.650000e+002  1.128937e+002
      vertex  8.429232e+001 -1.490000e+002  1.128937e+002
    endloop
  endfacet
  facet normal -9.937116e-001  0.000000e+000  1.119706e-001
    outer loop
      vertex  8.429232e+001 -1.490000e+002  1.128937e+002
      vertex  8.429232e+001 -1.650000e+002  1.128937e+002
      vertex  8.435500e+001 -1.650000e+002  1.134500e+002
    endloop
  endfacet
  facet normal -9.937116e-001  0.000000e+000  1.119706e-001
    outer loop
      vertex  8.429232e+001 -1.490000e+002  1.128937e+002
      vertex  8.435500e+001 -1.650000e+002  1.134500e+002
      vertex  8.435500e+001 -1.490000e+002  1.134500e+002
    endloop
  endfacet
  facet normal -1.119638e-001  -0.000000e+000 -9.937123e-001
    outer loop
      vertex  8.185500e+001 -1.650000e+002  3.595000e+001
      vertex  8.241130e+001 -1.490000e+002  3.588732e+001
      vertex  8.241130e+001 -1.650000e+002  3.588732e+001
    endloop
  endfacet
  facet normal -3.302776e-001  0.000000e+000 -9.438839e-001
    outer loop
      vertex  8.241130e+001 -1.650000e+002  3.588732e+001
      vertex  8.241130e+001 -1.490000e+002  3.588732e+001
      vertex  8.293971e+001 -1.490000e+002  3.570242e+001
    endloop
  endfacet
  facet normal -3.302776e-001  -0.000000e+000 -9.438839e-001
    outer loop
      vertex  8.241130e+001 -1.650000e+002  3.588732e+001
      vertex  8.293971e+001 -1.490000e+002  3.570242e+001
      vertex  8.293971e+001 -1.650000e+002  3.570242e+001
    endloop
  endfacet
  facet normal -5.320334e-001  0.000000e+000 -8.467234e-001
    outer loop
      vertex  8.293971e+001 -1.650000e+002  3.570242e+001
      vertex  8.293971e+001 -1.490000e+002  3.570242e+001
      vertex  8.341373e+001 -1.490000e+002  3.540458e+001
    endloop
  endfacet
  facet normal -5.320334e-001  -0.000000e+000 -8.467234e-001
    outer loop
      vertex  8.293971e+001 -1.650000e+002  3.570242e+001
      vertex  8.341373e+001 -1.490000e+002  3.540458e+001
      vertex  8.341373e+001 -1.650000e+002  3.540458e+001
    endloop
  endfacet
  facet normal -7.071102e-001  0.000000e+000 -7.071034e-001
    outer loop
      vertex  8.341373e+001 -1.650000e+002  3.540458e+001
      vertex  8.341373e+001 -1.490000e+002  3.540458e+001
      vertex  8.380958e+001 -1.490000e+002  3.500872e+001
    endloop
  endfacet
  facet normal -7.071102e-001  -0.000000e+000 -7.071034e-001
    outer loop
      vertex  8.341373e+001 -1.650000e+002  3.540458e+001
      vertex  8.380958e+001 -1.490000e+002  3.500872e+001
      vertex  8.380958e+001 -1.650000e+002  3.500872e+001
    endloop
  endfacet
  facet normal -8.467234e-001  0.000000e+000 -5.320334e-001
    outer loop
      vertex  8.380958e+001 -1.650000e+002  3.500872e+001
      vertex  8.380958e+001 -1.490000e+002  3.500872e+001
      vertex  8.410742e+001 -1.490000e+002  3.453471e+001
    endloop
  endfacet
  facet normal -8.467234e-001  -0.000000e+000 -5.320334e-001
    outer loop
      vertex  8.380958e+001 -1.650000e+002  3.500872e+001
      vertex  8.410742e+001 -1.490000e+002  3.453471e+001
      vertex  8.410742e+001 -1.650000e+002  3.453471e+001
    endloop
  endfacet
  facet normal -9.438831e-001  0.000000e+000 -3.302797e-001
    outer loop
      vertex  8.410742e+001 -1.650000e+002  3.453471e+001
      vertex  8.410742e+001 -1.490000e+002  3.453471e+001
      vertex  8.429232e+001 -1.490000e+002  3.400630e+001
    endloop
  endfacet
  facet normal -9.438831e-001  -0.000000e+000 -3.302797e-001
    outer loop
      vertex  8.410742e+001 -1.650000e+002  3.453471e+001
      vertex  8.429232e+001 -1.490000e+002  3.400630e+001
      vertex  8.429232e+001 -1.650000e+002  3.400630e+001
    endloop
  endfacet
  facet normal -9.937117e-001  0.000000e+000 -1.119698e-001
    outer loop
      vertex  8.429232e+001 -1.650000e+002  3.400630e+001
      vertex  8.429232e+001 -1.490000e+002  3.400630e+001
      vertex  8.435500e+001 -1.490000e+002  3.345000e+001
    endloop
  endfacet
  facet normal -9.937117e-001  -0.000000e+000 -1.119698e-001
    outer loop
      vertex  8.429232e+001 -1.650000e+002  3.400630e+001
      vertex  8.435500e+001 -1.490000e+002  3.345000e+001
      vertex  8.435500e+001 -1.650000e+002  3.345000e+001
    endloop
  endfacet
  facet normal -1.119638e-001  0.000000e+000 -9.937123e-001
    outer loop
      vertex  8.241130e+001 -1.490000e+002  3.588732e+001
      vertex  8.185500e+001 -1.650000e+002  3.595000e+001
      vertex  8.185500e+001 -1.490000e+002  3.595000e+001
    endloop
  endfacet
  facet normal  1.119623e-001  0.000000e+000 -9.937124e-001
    outer loop
      vertex  8.185500e+001 -1.490000e+002  3.595000e+001
      vertex  8.185500e+001 -1.650000e+002  3.595000e+001
      vertex  8.129870e+001 -1.650000e+002  3.588732e+001
    endloop
  endfacet
  facet normal  1.119623e-001  0.000000e+000 -9.937124e-001
    outer loop
      vertex  8.185500e+001 -1.490000e+002  3.595000e+001
      vertex  8.129870e+001 -1.650000e+002  3.588732e+001
      vertex  8.129870e+001 -1.490000e+002  3.588732e+001
    endloop
  endfacet
  facet normal  3.302819e-001  0.000000e+000 -9.438824e-001
    outer loop
      vertex  8.129870e+001 -1.490000e+002  3.588732e+001
      vertex  8.129870e+001 -1.650000e+002  3.588732e+001
      vertex  8.077029e+001 -1.650000e+002  3.570242e+001
    endloop
  endfacet
  facet normal  3.302819e-001  0.000000e+000 -9.438824e-001
    outer loop
      vertex  8.129870e+001 -1.490000e+002  3.588732e+001
      vertex  8.077029e+001 -1.650000e+002  3.570242e+001
      vertex  8.077029e+001 -1.490000e+002  3.570242e+001
    endloop
  endfacet
  facet normal  5.320272e-001  0.000000e+000 -8.467273e-001
    outer loop
      vertex  8.077029e+001 -1.490000e+002  3.570242e+001
      vertex  8.077029e+001 -1.650000e+002  3.570242e+001
      vertex  8.029627e+001 -1.650000e+002  3.540458e+001
    endloop
  endfacet
  facet normal  5.320272e-001  0.000000e+000 -8.467273e-001
    outer loop
      vertex  8.077029e+001 -1.490000e+002  3.570242e+001
      vertex  8.029627e+001 -1.650000e+002  3.540458e+001
      vertex  8.029627e+001 -1.490000e+002  3.540458e+001
    endloop
  endfacet
  facet normal  7.071102e-001  0.000000e+000 -7.071034e-001
    outer loop
      vertex  8.029627e+001 -1.490000e+002  3.540458e+001
      vertex  8.029627e+001 -1.650000e+002  3.540458e+001
      vertex  7.990042e+001 -1.650000e+002  3.500872e+001
    endloop
  endfacet
  facet normal  7.071102e-001  0.000000e+000 -7.071034e-001
    outer loop
      vertex  8.029627e+001 -1.490000e+002  3.540458e+001
      vertex  7.990042e+001 -1.650000e+002  3.500872e+001
      vertex  7.990042e+001 -1.490000e+002  3.500872e+001
    endloop
  endfacet
  facet normal  8.467234e-001  0.000000e+000 -5.320334e-001
    outer loop
      vertex  7.990042e+001 -1.490000e+002  3.500872e+001
      vertex  7.990042e+001 -1.650000e+002  3.500872e+001
      vertex  7.960258e+001 -1.650000e+002  3.453471e+001
    endloop
  endfacet
  facet normal  8.467234e-001  0.000000e+000 -5.320334e-001
    outer loop
      vertex  7.990042e+001 -1.490000e+002  3.500872e+001
      vertex  7.960258e+001 -1.650000e+002  3.453471e+001
      vertex  7.960258e+001 -1.490000e+002  3.453471e+001
    endloop
  endfacet
  facet normal  9.438831e-001  0.000000e+000 -3.302797e-001
    outer loop
      vertex  7.960258e+001 -1.490000e+002  3.453471e+001
      vertex  7.960258e+001 -1.650000e+002  3.453471e+001
      vertex  7.941768e+001 -1.650000e+002  3.400630e+001
    endloop
  endfacet
  facet normal  9.438831e-001  0.000000e+000 -3.302797e-001
    outer loop
      vertex  7.960258e+001 -1.490000e+002  3.453471e+001
      vertex  7.941768e+001 -1.650000e+002  3.400630e+001
      vertex  7.941768e+001 -1.490000e+002  3.400630e+001
    endloop
  endfacet
  facet normal  9.937131e-001  0.000000e+000 -1.119564e-001
    outer loop
      vertex  7.941768e+001 -1.490000e+002  3.400630e+001
      vertex  7.941768e+001 -1.650000e+002  3.400630e+001
      vertex  7.935500e+001 -1.650000e+002  3.345000e+001
    endloop
  endfacet
  facet normal  9.937131e-001  0.000000e+000 -1.119564e-001
    outer loop
      vertex  7.941768e+001 -1.490000e+002  3.400630e+001
      vertex  7.935500e+001 -1.650000e+002  3.345000e+001
      vertex  7.935500e+001 -1.490000e+002  3.345000e+001
    endloop
  endfacet
  facet normal  1.119623e-001  0.000000e+000  9.937124e-001
    outer loop
      vertex  8.185500e+001 -1.650000e+002  3.095000e+001
      vertex  8.129870e+001 -1.490000e+002  3.101268e+001
      vertex  8.129870e+001 -1.650000e+002  3.101268e+001
    endloop
  endfacet
  facet normal  3.302819e-001  -0.000000e+000  9.438824e-001
    outer loop
      vertex  8.129870e+001 -1.650000e+002  3.101268e+001
      vertex  8.129870e+001 -1.490000e+002  3.101268e+001
      vertex  8.077029e+001 -1.490000e+002  3.119758e+001
    endloop
  endfacet
  facet normal  3.302819e-001  0.000000e+000  9.438824e-001
    outer loop
      vertex  8.129870e+001 -1.650000e+002  3.101268e+001
      vertex  8.077029e+001 -1.490000e+002  3.119758e+001
      vertex  8.077029e+001 -1.650000e+002  3.119758e+001
    endloop
  endfacet
  facet normal  5.320248e-001  -0.000000e+000  8.467287e-001
    outer loop
      vertex  8.077029e+001 -1.650000e+002  3.119758e+001
      vertex  8.077029e+001 -1.490000e+002  3.119758e+001
      vertex  8.029627e+001 -1.490000e+002  3.149542e+001
    endloop
  endfacet
  facet normal  5.320248e-001  0.000000e+000  8.467287e-001
    outer loop
      vertex  8.077029e+001 -1.650000e+002  3.119758e+001
      vertex  8.029627e+001 -1.490000e+002  3.149542e+001
      vertex  8.029627e+001 -1.650000e+002  3.149542e+001
    endloop
  endfacet
  facet normal  7.071102e-001  -0.000000e+000  7.071034e-001
    outer loop
      vertex  8.029627e+001 -1.650000e+002  3.149542e+001
      vertex  8.029627e+001 -1.490000e+002  3.149542e+001
      vertex  7.990042e+001 -1.490000e+002  3.189128e+001
    endloop
  endfacet
  facet normal  7.071102e-001  0.000000e+000  7.071034e-001
    outer loop
      vertex  8.029627e+001 -1.650000e+002  3.149542e+001
      vertex  7.990042e+001 -1.490000e+002  3.189128e+001
      vertex  7.990042e+001 -1.650000e+002  3.189128e+001
    endloop
  endfacet
  facet normal  8.467243e-001  -0.000000e+000  5.320318e-001
    outer loop
      vertex  7.990042e+001 -1.650000e+002  3.189128e+001
      vertex  7.990042e+001 -1.490000e+002  3.189128e+001
      vertex  7.960258e+001 -1.490000e+002  3.236529e+001
    endloop
  endfacet
  facet normal  8.467243e-001  0.000000e+000  5.320318e-001
    outer loop
      vertex  7.990042e+001 -1.650000e+002  3.189128e+001
      vertex  7.960258e+001 -1.490000e+002  3.236529e+001
      vertex  7.960258e+001 -1.650000e+002  3.236529e+001
    endloop
  endfacet
  facet normal  9.438824e-001  -0.000000e+000  3.302819e-001
    outer loop
      vertex  7.960258e+001 -1.650000e+002  3.236529e+001
      vertex  7.960258e+001 -1.490000e+002  3.236529e+001
      vertex  7.941768e+001 -1.490000e+002  3.289370e+001
    endloop
  endfacet
  facet normal  9.438824e-001  0.000000e+000  3.302819e-001
    outer loop
      vertex  7.960258e+001 -1.650000e+002  3.236529e+001
      vertex  7.941768e+001 -1.490000e+002  3.289370e+001
      vertex  7.941768e+001 -1.650000e+002  3.289370e+001
    endloop
  endfacet
  facet normal  9.937133e-001  -0.000000e+000  1.119556e-001
    outer loop
      vertex  7.941768e+001 -1.650000e+002  3.289370e+001
      vertex  7.941768e+001 -1.490000e+002  3.289370e+001
      vertex  7.935500e+001 -1.490000e+002  3.345000e+001
    endloop
  endfacet
  facet normal  9.937133e-001  0.000000e+000  1.119556e-001
    outer loop
      vertex  7.941768e+001 -1.650000e+002  3.289370e+001
      vertex  7.935500e+001 -1.490000e+002  3.345000e+001
      vertex  7.935500e+001 -1.650000e+002  3.345000e+001
    endloop
  endfacet
  facet normal  1.119623e-001  -0.000000e+000  9.937124e-001
    outer loop
      vertex  8.129870e+001 -1.490000e+002  3.101268e+001
      vertex  8.185500e+001 -1.650000e+002  3.095000e+001
      vertex  8.185500e+001 -1.490000e+002  3.095000e+001
    endloop
  endfacet
  facet normal -1.119638e-001  0.000000e+000  9.937123e-001
    outer loop
      vertex  8.185500e+001 -1.490000e+002  3.095000e+001
      vertex  8.185500e+001 -1.650000e+002  3.095000e+001
      vertex  8.241130e+001 -1.650000e+002  3.101268e+001
    endloop
  endfacet
  facet normal -1.119638e-001  0.000000e+000  9.937123e-001
    outer loop
      vertex  8.185500e+001 -1.490000e+002  3.095000e+001
      vertex  8.241130e+001 -1.650000e+002  3.101268e+001
      vertex  8.241130e+001 -1.490000e+002  3.101268e+001
    endloop
  endfacet
  facet normal -3.302776e-001  0.000000e+000  9.438839e-001
    outer loop
      vertex  8.241130e+001 -1.490000e+002  3.101268e+001
      vertex  8.241130e+001 -1.650000e+002  3.101268e+001
      vertex  8.293971e+001 -1.650000e+002  3.119758e+001
    endloop
  endfacet
  facet normal -3.302776e-001  0.000000e+000  9.438839e-001
    outer loop
      vertex  8.241130e+001 -1.490000e+002  3.101268e+001
      vertex  8.293971e+001 -1.650000e+002  3.119758e+001
      vertex  8.293971e+001 -1.490000e+002  3.119758e+001
    endloop
  endfacet
  facet normal -5.320309e-001  0.000000e+000  8.467249e-001
    outer loop
      vertex  8.293971e+001 -1.490000e+002  3.119758e+001
      vertex  8.293971e+001 -1.650000e+002  3.119758e+001
      vertex  8.341373e+001 -1.650000e+002  3.149542e+001
    endloop
  endfacet
  facet normal -5.320309e-001  0.000000e+000  8.467249e-001
    outer loop
      vertex  8.293971e+001 -1.490000e+002  3.119758e+001
      vertex  8.341373e+001 -1.650000e+002  3.149542e+001
      vertex  8.341373e+001 -1.490000e+002  3.149542e+001
    endloop
  endfacet
  facet normal -7.071102e-001  0.000000e+000  7.071034e-001
    outer loop
      vertex  8.341373e+001 -1.490000e+002  3.149542e+001
      vertex  8.341373e+001 -1.650000e+002  3.149542e+001
      vertex  8.380958e+001 -1.650000e+002  3.189128e+001
    endloop
  endfacet
  facet normal -7.071102e-001  0.000000e+000  7.071034e-001
    outer loop
      vertex  8.341373e+001 -1.490000e+002  3.149542e+001
      vertex  8.380958e+001 -1.650000e+002  3.189128e+001
      vertex  8.380958e+001 -1.490000e+002  3.189128e+001
    endloop
  endfacet
  facet normal -8.467243e-001  0.000000e+000  5.320318e-001
    outer loop
      vertex  8.380958e+001 -1.490000e+002  3.189128e+001
      vertex  8.380958e+001 -1.650000e+002  3.189128e+001
      vertex  8.410742e+001 -1.650000e+002  3.236529e+001
    endloop
  endfacet
  facet normal -8.467243e-001  0.000000e+000  5.320318e-001
    outer loop
      vertex  8.380958e+001 -1.490000e+002  3.189128e+001
      vertex  8.410742e+001 -1.650000e+002  3.236529e+001
      vertex  8.410742e+001 -1.490000e+002  3.236529e+001
    endloop
  endfacet
  facet normal -9.438824e-001  0.000000e+000  3.302819e-001
    outer loop
      vertex  8.410742e+001 -1.490000e+002  3.236529e+001
      vertex  8.410742e+001 -1.650000e+002  3.236529e+001
      vertex  8.429232e+001 -1.650000e+002  3.289370e+001
    endloop
  endfacet
  facet normal -9.438824e-001  0.000000e+000  3.302819e-001
    outer loop
      vertex  8.410742e+001 -1.490000e+002  3.236529e+001
      vertex  8.429232e+001 -1.650000e+002  3.289370e+001
      vertex  8.429232e+001 -1.490000e+002  3.289370e+001
    endloop
  endfacet
  facet normal -9.937117e-001  0.000000e+000  1.119690e-001
    outer loop
      vertex  8.429232e+001 -1.490000e+002  3.289370e+001
      vertex  8.429232e+001 -1.650000e+002  3.289370e+001
      vertex  8.435500e+001 -1.650000e+002  3.345000e+001
    endloop
  endfacet
  facet normal -9.937117e-001  0.000000e+000  1.119690e-001
    outer loop
      vertex  8.429232e+001 -1.490000e+002  3.289370e+001
      vertex  8.435500e+001 -1.650000e+002  3.345000e+001
      vertex  8.435500e+001 -1.490000e+002  3.345000e+001
    endloop
  endfacet
  facet normal -1.119561e-001  -0.000000e+000 -9.937131e-001
    outer loop
      vertex  6.855000e+000 -1.650000e+002  1.159500e+002
      vertex  7.411303e+000 -1.490000e+002  1.158873e+002
      vertex  7.411303e+000 -1.650000e+002  1.158873e+002
    endloop
  endfacet
  facet normal -3.302805e-001  0.000000e+000 -9.438828e-001
    outer loop
      vertex  7.411303e+000 -1.650000e+002  1.158873e+002
      vertex  7.411303e+000 -1.490000e+002  1.158873e+002
      vertex  7.939709e+000 -1.490000e+002  1.157024e+002
    endloop
  endfacet
  facet normal -3.302805e-001  -0.000000e+000 -9.438828e-001
    outer loop
      vertex  7.411303e+000 -1.650000e+002  1.158873e+002
      vertex  7.939709e+000 -1.490000e+002  1.157024e+002
      vertex  7.939709e+000 -1.650000e+002  1.157024e+002
    endloop
  endfacet
  facet normal -5.320323e-001  0.000000e+000 -8.467242e-001
    outer loop
      vertex  7.939709e+000 -1.650000e+002  1.157024e+002
      vertex  7.939709e+000 -1.490000e+002  1.157024e+002
      vertex  8.413725e+000 -1.490000e+002  1.154046e+002
    endloop
  endfacet
  facet normal -5.320323e-001  -0.000000e+000 -8.467242e-001
    outer loop
      vertex  7.939709e+000 -1.650000e+002  1.157024e+002
      vertex  8.413725e+000 -1.490000e+002  1.154046e+002
      vertex  8.413725e+000 -1.650000e+002  1.154046e+002
    endloop
  endfacet
  facet normal -7.071043e-001  0.000000e+000 -7.071093e-001
    outer loop
      vertex  8.413725e+000 -1.650000e+002  1.154046e+002
      vertex  8.413725e+000 -1.490000e+002  1.154046e+002
      vertex  8.809579e+000 -1.490000e+002  1.150087e+002
    endloop
  endfacet
  facet normal -7.071043e-001  -0.000000e+000 -7.071093e-001
    outer loop
      vertex  8.413725e+000 -1.650000e+002  1.154046e+002
      vertex  8.809579e+000 -1.490000e+002  1.150087e+002
      vertex  8.809579e+000 -1.650000e+002  1.150087e+002
    endloop
  endfacet
  facet normal -8.467280e-001  0.000000e+000 -5.320260e-001
    outer loop
      vertex  8.809579e+000 -1.650000e+002  1.150087e+002
      vertex  8.809579e+000 -1.490000e+002  1.150087e+002
      vertex  9.107422e+000 -1.490000e+002  1.145347e+002
    endloop
  endfacet
  facet normal -8.467280e-001  -0.000000e+000 -5.320260e-001
    outer loop
      vertex  8.809579e+000 -1.650000e+002  1.150087e+002
      vertex  9.107422e+000 -1.490000e+002  1.145347e+002
      vertex  9.107422e+000 -1.650000e+002  1.145347e+002
    endloop
  endfacet
  facet normal -9.438824e-001  0.000000e+000 -3.302819e-001
    outer loop
      vertex  9.107422e+000 -1.650000e+002  1.145347e+002
      vertex  9.107422e+000 -1.490000e+002  1.145347e+002
      vertex  9.292320e+000 -1.490000e+002  1.140063e+002
    endloop
  endfacet
  facet normal -9.438824e-001  -0.000000e+000 -3.302819e-001
    outer loop
      vertex  9.107422e+000 -1.650000e+002  1.145347e+002
      vertex  9.292320e+000 -1.490000e+002  1.140063e+002
      vertex  9.292320e+000 -1.650000e+002  1.140063e+002
    endloop
  endfacet
  facet normal -9.937124e-001  0.000000e+000 -1.119623e-001
    outer loop
      vertex  9.292320e+000 -1.650000e+002  1.140063e+002
      vertex  9.292320e+000 -1.490000e+002  1.140063e+002
      vertex  9.355000e+000 -1.490000e+002  1.134500e+002
    endloop
  endfacet
  facet normal -9.937124e-001  -0.000000e+000 -1.119623e-001
    outer loop
      vertex  9.292320e+000 -1.650000e+002  1.140063e+002
      vertex  9.355000e+000 -1.490000e+002  1.134500e+002
      vertex  9.355000e+000 -1.650000e+002  1.134500e+002
    endloop
  endfacet
  facet normal -1.119561e-001  0.000000e+000 -9.937131e-001
    outer loop
      vertex  7.411303e+000 -1.490000e+002  1.158873e+002
      vertex  6.855000e+000 -1.650000e+002  1.159500e+002
      vertex  6.855000e+000 -1.490000e+002  1.159500e+002
    endloop
  endfacet
  facet normal  1.119561e-001  0.000000e+000 -9.937131e-001
    outer loop
      vertex  6.855000e+000 -1.490000e+002  1.159500e+002
      vertex  6.855000e+000 -1.650000e+002  1.159500e+002
      vertex  6.298697e+000 -1.650000e+002  1.158873e+002
    endloop
  endfacet
  facet normal  1.119561e-001  0.000000e+000 -9.937131e-001
    outer loop
      vertex  6.855000e+000 -1.490000e+002  1.159500e+002
      vertex  6.298697e+000 -1.650000e+002  1.158873e+002
      vertex  6.298697e+000 -1.490000e+002  1.158873e+002
    endloop
  endfacet
  facet normal  3.302805e-001  0.000000e+000 -9.438828e-001
    outer loop
      vertex  6.298697e+000 -1.490000e+002  1.158873e+002
      vertex  6.298697e+000 -1.650000e+002  1.158873e+002
      vertex  5.770291e+000 -1.650000e+002  1.157024e+002
    endloop
  endfacet
  facet normal  3.302805e-001  0.000000e+000 -9.438828e-001
    outer loop
      vertex  6.298697e+000 -1.490000e+002  1.158873e+002
      vertex  5.770291e+000 -1.650000e+002  1.157024e+002
      vertex  5.770291e+000 -1.490000e+002  1.157024e+002
    endloop
  endfacet
  facet normal  5.320326e-001  0.000000e+000 -8.467239e-001
    outer loop
      vertex  5.770291e+000 -1.490000e+002  1.157024e+002
      vertex  5.770291e+000 -1.650000e+002  1.157024e+002
      vertex  5.296276e+000 -1.650000e+002  1.154046e+002
    endloop
  endfacet
  facet normal  5.320326e-001  0.000000e+000 -8.467239e-001
    outer loop
      vertex  5.770291e+000 -1.490000e+002  1.157024e+002
      vertex  5.296276e+000 -1.650000e+002  1.154046e+002
      vertex  5.296276e+000 -1.490000e+002  1.154046e+002
    endloop
  endfacet
  facet normal  7.071038e-001  0.000000e+000 -7.071097e-001
    outer loop
      vertex  5.296276e+000 -1.490000e+002  1.154046e+002
      vertex  5.296276e+000 -1.650000e+002  1.154046e+002
      vertex  4.900421e+000 -1.650000e+002  1.150087e+002
    endloop
  endfacet
  facet normal  7.071038e-001  0.000000e+000 -7.071097e-001
    outer loop
      vertex  5.296276e+000 -1.490000e+002  1.154046e+002
      vertex  4.900421e+000 -1.650000e+002  1.150087e+002
      vertex  4.900421e+000 -1.490000e+002  1.150087e+002
    endloop
  endfacet
  facet normal  8.467276e-001  0.000000e+000 -5.320266e-001
    outer loop
      vertex  4.900421e+000 -1.490000e+002  1.150087e+002
      vertex  4.900421e+000 -1.650000e+002  1.150087e+002
      vertex  4.602578e+000 -1.650000e+002  1.145347e+002
    endloop
  endfacet
  facet normal  8.467276e-001  0.000000e+000 -5.320266e-001
    outer loop
      vertex  4.900421e+000 -1.490000e+002  1.150087e+002
      vertex  4.602578e+000 -1.650000e+002  1.145347e+002
      vertex  4.602578e+000 -1.490000e+002  1.145347e+002
    endloop
  endfacet
  facet normal  9.438829e-001  0.000000e+000 -3.302803e-001
    outer loop
      vertex  4.602578e+000 -1.490000e+002  1.145347e+002
      vertex  4.602578e+000 -1.650000e+002  1.145347e+002
      vertex  4.417680e+000 -1.650000e+002  1.140063e+002
    endloop
  endfacet
  facet normal  9.438829e-001  0.000000e+000 -3.302803e-001
    outer loop
      vertex  4.602578e+000 -1.490000e+002  1.145347e+002
      vertex  4.417680e+000 -1.650000e+002  1.140063e+002
      vertex  4.417680e+000 -1.490000e+002  1.140063e+002
    endloop
  endfacet
  facet normal  9.937123e-001  0.000000e+000 -1.119640e-001
    outer loop
      vertex  4.417680e+000 -1.490000e+002  1.140063e+002
      vertex  4.417680e+000 -1.650000e+002  1.140063e+002
      vertex  4.355000e+000 -1.650000e+002  1.134500e+002
    endloop
  endfacet
  facet normal  9.937123e-001  0.000000e+000 -1.119640e-001
    outer loop
      vertex  4.417680e+000 -1.490000e+002  1.140063e+002
      vertex  4.355000e+000 -1.650000e+002  1.134500e+002
      vertex  4.355000e+000 -1.490000e+002  1.134500e+002
    endloop
  endfacet
  facet normal  1.119695e-001  0.000000e+000  9.937117e-001
    outer loop
      vertex  6.855000e+000 -1.650000e+002  1.109500e+002
      vertex  6.298697e+000 -1.490000e+002  1.110127e+002
      vertex  6.298697e+000 -1.650000e+002  1.110127e+002
    endloop
  endfacet
  facet normal  3.302805e-001  -0.000000e+000  9.438828e-001
    outer loop
      vertex  6.298697e+000 -1.650000e+002  1.110127e+002
      vertex  6.298697e+000 -1.490000e+002  1.110127e+002
      vertex  5.770291e+000 -1.490000e+002  1.111976e+002
    endloop
  endfacet
  facet normal  3.302805e-001  0.000000e+000  9.438828e-001
    outer loop
      vertex  6.298697e+000 -1.650000e+002  1.110127e+002
      vertex  5.770291e+000 -1.490000e+002  1.111976e+002
      vertex  5.770291e+000 -1.650000e+002  1.111976e+002
    endloop
  endfacet
  facet normal  5.320326e-001  -0.000000e+000  8.467239e-001
    outer loop
      vertex  5.770291e+000 -1.650000e+002  1.111976e+002
      vertex  5.770291e+000 -1.490000e+002  1.111976e+002
      vertex  5.296276e+000 -1.490000e+002  1.114954e+002
    endloop
  endfacet
  facet normal  5.320326e-001  0.000000e+000  8.467239e-001
    outer loop
      vertex  5.770291e+000 -1.650000e+002  1.111976e+002
      vertex  5.296276e+000 -1.490000e+002  1.114954e+002
      vertex  5.296276e+000 -1.650000e+002  1.114954e+002
    endloop
  endfacet
  facet normal  7.071038e-001  -0.000000e+000  7.071097e-001
    outer loop
      vertex  5.296276e+000 -1.650000e+002  1.114954e+002
      vertex  5.296276e+000 -1.490000e+002  1.114954e+002
      vertex  4.900421e+000 -1.490000e+002  1.118913e+002
    endloop
  endfacet
  facet normal  7.071038e-001  0.000000e+000  7.071097e-001
    outer loop
      vertex  5.296276e+000 -1.650000e+002  1.114954e+002
      vertex  4.900421e+000 -1.490000e+002  1.118913e+002
      vertex  4.900421e+000 -1.650000e+002  1.118913e+002
    endloop
  endfacet
  facet normal  8.467237e-001  -0.000000e+000  5.320327e-001
    outer loop
      vertex  4.900421e+000 -1.650000e+002  1.118913e+002
      vertex  4.900421e+000 -1.490000e+002  1.118913e+002
      vertex  4.602578e+000 -1.490000e+002  1.123653e+002
    endloop
  endfacet
  facet normal  8.467237e-001  0.000000e+000  5.320327e-001
    outer loop
      vertex  4.900421e+000 -1.650000e+002  1.118913e+002
      vertex  4.602578e+000 -1.490000e+002  1.123653e+002
      vertex  4.602578e+000 -1.650000e+002  1.123653e+002
    endloop
  endfacet
  facet normal  9.438844e-001  -0.000000e+000  3.302761e-001
    outer loop
      vertex  4.602578e+000 -1.650000e+002  1.123653e+002
      vertex  4.602578e+000 -1.490000e+002  1.123653e+002
      vertex  4.417680e+000 -1.490000e+002  1.128937e+002
    endloop
  endfacet
  facet normal  9.438844e-001  0.000000e+000  3.302761e-001
    outer loop
      vertex  4.602578e+000 -1.650000e+002  1.123653e+002
      vertex  4.417680e+000 -1.490000e+002  1.128937e+002
      vertex  4.417680e+000 -1.650000e+002  1.128937e+002
    endloop
  endfacet
  facet normal  9.937121e-001  -0.000000e+000  1.119655e-001
    outer loop
      vertex  4.417680e+000 -1.650000e+002  1.128937e+002
      vertex  4.417680e+000 -1.490000e+002  1.128937e+002
      vertex  4.355000e+000 -1.490000e+002  1.134500e+002
    endloop
  endfacet
  facet normal  9.937121e-001  0.000000e+000  1.119655e-001
    outer loop
      vertex  4.417680e+000 -1.650000e+002  1.128937e+002
      vertex  4.355000e+000 -1.490000e+002  1.134500e+002
      vertex  4.355000e+000 -1.650000e+002  1.134500e+002
    endloop
  endfacet
  facet normal  1.119695e-001  -0.000000e+000  9.937117e-001
    outer loop
      vertex  6.298697e+000 -1.490000e+002  1.110127e+002
      vertex  6.855000e+000 -1.650000e+002  1.109500e+002
      vertex  6.855000e+000 -1.490000e+002  1.109500e+002
    endloop
  endfacet
  facet normal -1.119695e-001  0.000000e+000  9.937117e-001
    outer loop
      vertex  6.855000e+000 -1.490000e+002  1.109500e+002
      vertex  6.855000e+000 -1.650000e+002  1.109500e+002
      vertex  7.411303e+000 -1.650000e+002  1.110127e+002
    endloop
  endfacet
  facet normal -1.119695e-001  0.000000e+000  9.937117e-001
    outer loop
      vertex  6.855000e+000 -1.490000e+002  1.109500e+002
      vertex  7.411303e+000 -1.650000e+002  1.110127e+002
      vertex  7.411303e+000 -1.490000e+002  1.110127e+002
    endloop
  endfacet
  facet normal -3.302805e-001  0.000000e+000  9.438828e-001
    outer loop
      vertex  7.411303e+000 -1.490000e+002  1.110127e+002
      vertex  7.411303e+000 -1.650000e+002  1.110127e+002
      vertex  7.939709e+000 -1.650000e+002  1.111976e+002
    endloop
  endfacet
  facet normal -3.302805e-001  0.000000e+000  9.438828e-001
    outer loop
      vertex  7.411303e+000 -1.490000e+002  1.110127e+002
      vertex  7.939709e+000 -1.650000e+002  1.111976e+002
      vertex  7.939709e+000 -1.490000e+002  1.111976e+002
    endloop
  endfacet
  facet normal -5.320323e-001  0.000000e+000  8.467242e-001
    outer loop
      vertex  7.939709e+000 -1.490000e+002  1.111976e+002
      vertex  7.939709e+000 -1.650000e+002  1.111976e+002
      vertex  8.413725e+000 -1.650000e+002  1.114954e+002
    endloop
  endfacet
  facet normal -5.320323e-001  0.000000e+000  8.467242e-001
    outer loop
      vertex  7.939709e+000 -1.490000e+002  1.111976e+002
      vertex  8.413725e+000 -1.650000e+002  1.114954e+002
      vertex  8.413725e+000 -1.490000e+002  1.114954e+002
    endloop
  endfacet
  facet normal -7.071043e-001  0.000000e+000  7.071093e-001
    outer loop
      vertex  8.413725e+000 -1.490000e+002  1.114954e+002
      vertex  8.413725e+000 -1.650000e+002  1.114954e+002
      vertex  8.809579e+000 -1.650000e+002  1.118913e+002
    endloop
  endfacet
  facet normal -7.071043e-001  0.000000e+000  7.071093e-001
    outer loop
      vertex  8.413725e+000 -1.490000e+002  1.114954e+002
      vertex  8.809579e+000 -1.650000e+002  1.118913e+002
      vertex  8.809579e+000 -1.490000e+002  1.118913e+002
    endloop
  endfacet
  facet normal -8.467242e-001  0.000000e+000  5.320322e-001
    outer loop
      vertex  8.809579e+000 -1.490000e+002  1.118913e+002
      vertex  8.809579e+000 -1.650000e+002  1.118913e+002
      vertex  9.107422e+000 -1.650000e+002  1.123653e+002
    endloop
  endfacet
  facet normal -8.467242e-001  0.000000e+000  5.320322e-001
    outer loop
      vertex  8.809579e+000 -1.490000e+002  1.118913e+002
      vertex  9.107422e+000 -1.650000e+002  1.123653e+002
      vertex  9.107422e+000 -1.490000e+002  1.123653e+002
    endloop
  endfacet
  facet normal -9.438839e-001  0.000000e+000  3.302776e-001
    outer loop
      vertex  9.107422e+000 -1.490000e+002  1.123653e+002
      vertex  9.107422e+000 -1.650000e+002  1.123653e+002
      vertex  9.292320e+000 -1.650000e+002  1.128937e+002
    endloop
  endfacet
  facet normal -9.438839e-001  0.000000e+000  3.302776e-001
    outer loop
      vertex  9.107422e+000 -1.490000e+002  1.123653e+002
      vertex  9.292320e+000 -1.650000e+002  1.128937e+002
      vertex  9.292320e+000 -1.490000e+002  1.128937e+002
    endloop
  endfacet
  facet normal -9.937123e-001  0.000000e+000  1.119638e-001
    outer loop
      vertex  9.292320e+000 -1.490000e+002  1.128937e+002
      vertex  9.292320e+000 -1.650000e+002  1.128937e+002
      vertex  9.355000e+000 -1.650000e+002  1.134500e+002
    endloop
  endfacet
  facet normal -9.937123e-001  0.000000e+000  1.119638e-001
    outer loop
      vertex  9.292320e+000 -1.490000e+002  1.128937e+002
      vertex  9.355000e+000 -1.650000e+002  1.134500e+002
      vertex  9.355000e+000 -1.490000e+002  1.134500e+002
    endloop
  endfacet
  facet normal -1.119628e-001  -0.000000e+000 -9.937124e-001
    outer loop
      vertex  6.855000e+000 -1.650000e+002  3.595000e+001
      vertex  7.411303e+000 -1.490000e+002  3.588732e+001
      vertex  7.411303e+000 -1.650000e+002  3.588732e+001
    endloop
  endfacet
  facet normal -3.302805e-001  0.000000e+000 -9.438828e-001
    outer loop
      vertex  7.411303e+000 -1.650000e+002  3.588732e+001
      vertex  7.411303e+000 -1.490000e+002  3.588732e+001
      vertex  7.939709e+000 -1.490000e+002  3.570242e+001
    endloop
  endfacet
  facet normal -3.302805e-001  -0.000000e+000 -9.438828e-001
    outer loop
      vertex  7.411303e+000 -1.650000e+002  3.588732e+001
      vertex  7.939709e+000 -1.490000e+002  3.570242e+001
      vertex  7.939709e+000 -1.650000e+002  3.570242e+001
    endloop
  endfacet
  facet normal -5.320323e-001  0.000000e+000 -8.467242e-001
    outer loop
      vertex  7.939709e+000 -1.650000e+002  3.570242e+001
      vertex  7.939709e+000 -1.490000e+002  3.570242e+001
      vertex  8.413725e+000 -1.490000e+002  3.540458e+001
    endloop
  endfacet
  facet normal -5.320323e-001  -0.000000e+000 -8.467242e-001
    outer loop
      vertex  7.939709e+000 -1.650000e+002  3.570242e+001
      vertex  8.413725e+000 -1.490000e+002  3.540458e+001
      vertex  8.413725e+000 -1.650000e+002  3.540458e+001
    endloop
  endfacet
  facet normal -7.071077e-001  0.000000e+000 -7.071059e-001
    outer loop
      vertex  8.413725e+000 -1.650000e+002  3.540458e+001
      vertex  8.413725e+000 -1.490000e+002  3.540458e+001
      vertex  8.809579e+000 -1.490000e+002  3.500872e+001
    endloop
  endfacet
  facet normal -7.071077e-001  -0.000000e+000 -7.071059e-001
    outer loop
      vertex  8.413725e+000 -1.650000e+002  3.540458e+001
      vertex  8.809579e+000 -1.490000e+002  3.500872e+001
      vertex  8.809579e+000 -1.650000e+002  3.500872e+001
    endloop
  endfacet
  facet normal -8.467242e-001  0.000000e+000 -5.320322e-001
    outer loop
      vertex  8.809579e+000 -1.650000e+002  3.500872e+001
      vertex  8.809579e+000 -1.490000e+002  3.500872e+001
      vertex  9.107422e+000 -1.490000e+002  3.453471e+001
    endloop
  endfacet
  facet normal -8.467242e-001  -0.000000e+000 -5.320322e-001
    outer loop
      vertex  8.809579e+000 -1.650000e+002  3.500872e+001
      vertex  9.107422e+000 -1.490000e+002  3.453471e+001
      vertex  9.107422e+000 -1.650000e+002  3.453471e+001
    endloop
  endfacet
  facet normal -9.438831e-001  0.000000e+000 -3.302797e-001
    outer loop
      vertex  9.107422e+000 -1.650000e+002  3.453471e+001
      vertex  9.107422e+000 -1.490000e+002  3.453471e+001
      vertex  9.292320e+000 -1.490000e+002  3.400630e+001
    endloop
  endfacet
  facet normal -9.438831e-001  -0.000000e+000 -3.302797e-001
    outer loop
      vertex  9.107422e+000 -1.650000e+002  3.453471e+001
      vertex  9.292320e+000 -1.490000e+002  3.400630e+001
      vertex  9.292320e+000 -1.650000e+002  3.400630e+001
    endloop
  endfacet
  facet normal -9.937124e-001  0.000000e+000 -1.119631e-001
    outer loop
      vertex  9.292320e+000 -1.650000e+002  3.400630e+001
      vertex  9.292320e+000 -1.490000e+002  3.400630e+001
      vertex  9.355000e+000 -1.490000e+002  3.345000e+001
    endloop
  endfacet
  facet normal -9.937124e-001  -0.000000e+000 -1.119631e-001
    outer loop
      vertex  9.292320e+000 -1.650000e+002  3.400630e+001
      vertex  9.355000e+000 -1.490000e+002  3.345000e+001
      vertex  9.355000e+000 -1.650000e+002  3.345000e+001
    endloop
  endfacet
  facet normal -1.119628e-001  0.000000e+000 -9.937124e-001
    outer loop
      vertex  7.411303e+000 -1.490000e+002  3.588732e+001
      vertex  6.855000e+000 -1.650000e+002  3.595000e+001
      vertex  6.855000e+000 -1.490000e+002  3.595000e+001
    endloop
  endfacet
  facet normal  1.119628e-001  0.000000e+000 -9.937124e-001
    outer loop
      vertex  6.855000e+000 -1.490000e+002  3.595000e+001
      vertex  6.855000e+000 -1.650000e+002  3.595000e+001
      vertex  6.298697e+000 -1.650000e+002  3.588732e+001
    endloop
  endfacet
  facet normal  1.119628e-001  0.000000e+000 -9.937124e-001
    outer loop
      vertex  6.855000e+000 -1.490000e+002  3.595000e+001
      vertex  6.298697e+000 -1.650000e+002  3.588732e+001
      vertex  6.298697e+000 -1.490000e+002  3.588732e+001
    endloop
  endfacet
  facet normal  3.302805e-001  0.000000e+000 -9.438828e-001
    outer loop
      vertex  6.298697e+000 -1.490000e+002  3.588732e+001
      vertex  6.298697e+000 -1.650000e+002  3.588732e+001
      vertex  5.770291e+000 -1.650000e+002  3.570242e+001
    endloop
  endfacet
  facet normal  3.302805e-001  0.000000e+000 -9.438828e-001
    outer loop
      vertex  6.298697e+000 -1.490000e+002  3.588732e+001
      vertex  5.770291e+000 -1.650000e+002  3.570242e+001
      vertex  5.770291e+000 -1.490000e+002  3.570242e+001
    endloop
  endfacet
  facet normal  5.320326e-001  0.000000e+000 -8.467239e-001
    outer loop
      vertex  5.770291e+000 -1.490000e+002  3.570242e+001
      vertex  5.770291e+000 -1.650000e+002  3.570242e+001
      vertex  5.296276e+000 -1.650000e+002  3.540458e+001
    endloop
  endfacet
  facet normal  5.320326e-001  0.000000e+000 -8.467239e-001
    outer loop
      vertex  5.770291e+000 -1.490000e+002  3.570242e+001
      vertex  5.296276e+000 -1.650000e+002  3.540458e+001
      vertex  5.296276e+000 -1.490000e+002  3.540458e+001
    endloop
  endfacet
  facet normal  7.071072e-001  0.000000e+000 -7.071064e-001
    outer loop
      vertex  5.296276e+000 -1.490000e+002  3.540458e+001
      vertex  5.296276e+000 -1.650000e+002  3.540458e+001
      vertex  4.900421e+000 -1.650000e+002  3.500872e+001
    endloop
  endfacet
  facet normal  7.071072e-001  0.000000e+000 -7.071064e-001
    outer loop
      vertex  5.296276e+000 -1.490000e+002  3.540458e+001
      vertex  4.900421e+000 -1.650000e+002  3.500872e+001
      vertex  4.900421e+000 -1.490000e+002  3.500872e+001
    endloop
  endfacet
  facet normal  8.467237e-001  0.000000e+000 -5.320327e-001
    outer loop
      vertex  4.900421e+000 -1.490000e+002  3.500872e+001
      vertex  4.900421e+000 -1.650000e+002  3.500872e+001
      vertex  4.602578e+000 -1.650000e+002  3.453471e+001
    endloop
  endfacet
  facet normal  8.467237e-001  0.000000e+000 -5.320327e-001
    outer loop
      vertex  4.900421e+000 -1.490000e+002  3.500872e+001
      vertex  4.602578e+000 -1.650000e+002  3.453471e+001
      vertex  4.602578e+000 -1.490000e+002  3.453471e+001
    endloop
  endfacet
  facet normal  9.438837e-001  0.000000e+000 -3.302782e-001
    outer loop
      vertex  4.602578e+000 -1.490000e+002  3.453471e+001
      vertex  4.602578e+000 -1.650000e+002  3.453471e+001
      vertex  4.417680e+000 -1.650000e+002  3.400630e+001
    endloop
  endfacet
  facet normal  9.438837e-001  0.000000e+000 -3.302782e-001
    outer loop
      vertex  4.602578e+000 -1.490000e+002  3.453471e+001
      vertex  4.417680e+000 -1.650000e+002  3.400630e+001
      vertex  4.417680e+000 -1.490000e+002  3.400630e+001
    endloop
  endfacet
  facet normal  9.937122e-001  0.000000e+000 -1.119648e-001
    outer loop
      vertex  4.417680e+000 -1.490000e+002  3.400630e+001
      vertex  4.417680e+000 -1.650000e+002  3.400630e+001
      vertex  4.355000e+000 -1.650000e+002  3.345000e+001
    endloop
  endfacet
  facet normal  9.937122e-001  0.000000e+000 -1.119648e-001
    outer loop
      vertex  4.417680e+000 -1.490000e+002  3.400630e+001
      vertex  4.355000e+000 -1.650000e+002  3.345000e+001
      vertex  4.355000e+000 -1.490000e+002  3.345000e+001
    endloop
  endfacet
  facet normal  1.119628e-001  0.000000e+000  9.937124e-001
    outer loop
      vertex  6.855000e+000 -1.650000e+002  3.095000e+001
      vertex  6.298697e+000 -1.490000e+002  3.101268e+001
      vertex  6.298697e+000 -1.650000e+002  3.101268e+001
    endloop
  endfacet
  facet normal  3.302805e-001  -0.000000e+000  9.438828e-001
    outer loop
      vertex  6.298697e+000 -1.650000e+002  3.101268e+001
      vertex  6.298697e+000 -1.490000e+002  3.101268e+001
      vertex  5.770291e+000 -1.490000e+002  3.119758e+001
    endloop
  endfacet
  facet normal  3.302805e-001  0.000000e+000  9.438828e-001
    outer loop
      vertex  6.298697e+000 -1.650000e+002  3.101268e+001
      vertex  5.770291e+000 -1.490000e+002  3.119758e+001
      vertex  5.770291e+000 -1.650000e+002  3.119758e+001
    endloop
  endfacet
  facet normal  5.320302e-001  -0.000000e+000  8.467254e-001
    outer loop
      vertex  5.770291e+000 -1.650000e+002  3.119758e+001
      vertex  5.770291e+000 -1.490000e+002  3.119758e+001
      vertex  5.296276e+000 -1.490000e+002  3.149542e+001
    endloop
  endfacet
  facet normal  5.320302e-001  0.000000e+000  8.467254e-001
    outer loop
      vertex  5.770291e+000 -1.650000e+002  3.119758e+001
      vertex  5.296276e+000 -1.490000e+002  3.149542e+001
      vertex  5.296276e+000 -1.650000e+002  3.149542e+001
    endloop
  endfacet
  facet normal  7.071072e-001  -0.000000e+000  7.071064e-001
    outer loop
      vertex  5.296276e+000 -1.650000e+002  3.149542e+001
      vertex  5.296276e+000 -1.490000e+002  3.149542e+001
      vertex  4.900421e+000 -1.490000e+002  3.189128e+001
    endloop
  endfacet
  facet normal  7.071072e-001  0.000000e+000  7.071064e-001
    outer loop
      vertex  5.296276e+000 -1.650000e+002  3.149542e+001
      vertex  4.900421e+000 -1.490000e+002  3.189128e+001
      vertex  4.900421e+000 -1.650000e+002  3.189128e+001
    endloop
  endfacet
  facet normal  8.467248e-001  -0.000000e+000  5.320313e-001
    outer loop
      vertex  4.900421e+000 -1.650000e+002  3.189128e+001
      vertex  4.900421e+000 -1.490000e+002  3.189128e+001
      vertex  4.602578e+000 -1.490000e+002  3.236529e+001
    endloop
  endfacet
  facet normal  8.467248e-001  0.000000e+000  5.320313e-001
    outer loop
      vertex  4.900421e+000 -1.650000e+002  3.189128e+001
      vertex  4.602578e+000 -1.490000e+002  3.236529e+001
      vertex  4.602578e+000 -1.650000e+002  3.236529e+001
    endloop
  endfacet
  facet normal  9.438829e-001  -0.000000e+000  3.302803e-001
    outer loop
      vertex  4.602578e+000 -1.650000e+002  3.236529e+001
      vertex  4.602578e+000 -1.490000e+002  3.236529e+001
      vertex  4.417680e+000 -1.490000e+002  3.289370e+001
    endloop
  endfacet
  facet normal  9.438829e-001  0.000000e+000  3.302803e-001
    outer loop
      vertex  4.602578e+000 -1.650000e+002  3.236529e+001
      vertex  4.417680e+000 -1.490000e+002  3.289370e+001
      vertex  4.417680e+000 -1.650000e+002  3.289370e+001
    endloop
  endfacet
  facet normal  9.937123e-001  -0.000000e+000  1.119640e-001
    outer loop
      vertex  4.417680e+000 -1.650000e+002  3.289370e+001
      vertex  4.417680e+000 -1.490000e+002  3.289370e+001
      vertex  4.355000e+000 -1.490000e+002  3.345000e+001
    endloop
  endfacet
  facet normal  9.937123e-001  0.000000e+000  1.119640e-001
    outer loop
      vertex  4.417680e+000 -1.650000e+002  3.289370e+001
      vertex  4.355000e+000 -1.490000e+002  3.345000e+001
      vertex  4.355000e+000 -1.650000e+002  3.345000e+001
    endloop
  endfacet
  facet normal  1.119628e-001  -0.000000e+000  9.937124e-001
    outer loop
      vertex  6.298697e+000 -1.490000e+002  3.101268e+001
      vertex  6.855000e+000 -1.650000e+002  3.095000e+001
      vertex  6.855000e+000 -1.490000e+002  3.095000e+001
    endloop
  endfacet
  facet normal -1.119628e-001  0.000000e+000  9.937124e-001
    outer loop
      vertex  6.855000e+000 -1.490000e+002  3.095000e+001
      vertex  6.855000e+000 -1.650000e+002  3.095000e+001
      vertex  7.411303e+000 -1.650000e+002  3.101268e+001
    endloop
  endfacet
  facet normal -1.119628e-001  0.000000e+000  9.937124e-001
    outer loop
      vertex  6.855000e+000 -1.490000e+002  3.095000e+001
      vertex  7.411303e+000 -1.650000e+002  3.101268e+001
      vertex  7.411303e+000 -1.490000e+002  3.101268e+001
    endloop
  endfacet
  facet normal -3.302805e-001  0.000000e+000  9.438828e-001
    outer loop
      vertex  7.411303e+000 -1.490000e+002  3.101268e+001
      vertex  7.411303e+000 -1.650000e+002  3.101268e+001
      vertex  7.939709e+000 -1.650000e+002  3.119758e+001
    endloop
  endfacet
  facet normal -3.302805e-001  0.000000e+000  9.438828e-001
    outer loop
      vertex  7.411303e+000 -1.490000e+002  3.101268e+001
      vertex  7.939709e+000 -1.650000e+002  3.119758e+001
      vertex  7.939709e+000 -1.490000e+002  3.119758e+001
    endloop
  endfacet
  facet normal -5.320298e-001  0.000000e+000  8.467256e-001
    outer loop
      vertex  7.939709e+000 -1.490000e+002  3.119758e+001
      vertex  7.939709e+000 -1.650000e+002  3.119758e+001
      vertex  8.413725e+000 -1.650000e+002  3.149542e+001
    endloop
  endfacet
  facet normal -5.320298e-001  0.000000e+000  8.467256e-001
    outer loop
      vertex  7.939709e+000 -1.490000e+002  3.119758e+001
      vertex  8.413725e+000 -1.650000e+002  3.149542e+001
      vertex  8.413725e+000 -1.490000e+002  3.149542e+001
    endloop
  endfacet
  facet normal -7.071077e-001  0.000000e+000  7.071059e-001
    outer loop
      vertex  8.413725e+000 -1.490000e+002  3.149542e+001
      vertex  8.413725e+000 -1.650000e+002  3.149542e+001
      vertex  8.809579e+000 -1.650000e+002  3.189128e+001
    endloop
  endfacet
  facet normal -7.071077e-001  0.000000e+000  7.071059e-001
    outer loop
      vertex  8.413725e+000 -1.490000e+002  3.149542e+001
      vertex  8.809579e+000 -1.650000e+002  3.189128e+001
      vertex  8.809579e+000 -1.490000e+002  3.189128e+001
    endloop
  endfacet
  facet normal -8.467252e-001  0.000000e+000  5.320306e-001
    outer loop
      vertex  8.809579e+000 -1.490000e+002  3.189128e+001
      vertex  8.809579e+000 -1.650000e+002  3.189128e+001
      vertex  9.107422e+000 -1.650000e+002  3.236529e+001
    endloop
  endfacet
  facet normal -8.467252e-001  0.000000e+000  5.320306e-001
    outer loop
      vertex  8.809579e+000 -1.490000e+002  3.189128e+001
      vertex  9.107422e+000 -1.650000e+002  3.236529e+001
      vertex  9.107422e+000 -1.490000e+002  3.236529e+001
    endloop
  endfacet
  facet normal -9.438824e-001  0.000000e+000  3.302819e-001
    outer loop
      vertex  9.107422e+000 -1.490000e+002  3.236529e+001
      vertex  9.107422e+000 -1.650000e+002  3.236529e+001
      vertex  9.292320e+000 -1.650000e+002  3.289370e+001
    endloop
  endfacet
  facet normal -9.438824e-001  0.000000e+000  3.302819e-001
    outer loop
      vertex  9.107422e+000 -1.490000e+002  3.236529e+001
      vertex  9.292320e+000 -1.650000e+002  3.289370e+001
      vertex  9.292320e+000 -1.490000e+002  3.289370e+001
    endloop
  endfacet
  facet normal -9.937124e-001  0.000000e+000  1.119623e-001
    outer loop
      vertex  9.292320e+000 -1.490000e+002  3.289370e+001
      vertex  9.292320e+000 -1.650000e+002  3.289370e+001
      vertex  9.355000e+000 -1.650000e+002  3.345000e+001
    endloop
  endfacet
  facet normal -9.937124e-001  0.000000e+000  1.119623e-001
    outer loop
      vertex  9.292320e+000 -1.490000e+002  3.289370e+001
      vertex  9.355000e+000 -1.650000e+002  3.345000e+001
      vertex  9.355000e+000 -1.490000e+002  3.345000e+001
    endloop
  endfacet
  facet normal -1.119564e-001  -0.000000e+000 -9.937131e-001
    outer loop
      vertex -5.314500e+001 -1.650000e+002  1.189500e+002
      vertex -5.258870e+001 -1.490000e+002  1.188873e+002
      vertex -5.258870e+001 -1.650000e+002  1.188873e+002
    endloop
  endfacet
  facet normal -3.302797e-001  0.000000e+000 -9.438831e-001
    outer loop
      vertex -5.258870e+001 -1.650000e+002  1.188873e+002
      vertex -5.258870e+001 -1.490000e+002  1.188873e+002
      vertex -5.206029e+001 -1.490000e+002  1.187024e+002
    endloop
  endfacet
  facet normal -3.302797e-001  -0.000000e+000 -9.438831e-001
    outer loop
      vertex -5.258870e+001 -1.650000e+002  1.188873e+002
      vertex -5.206029e+001 -1.490000e+002  1.187024e+002
      vertex -5.206029e+001 -1.650000e+002  1.187024e+002
    endloop
  endfacet
  facet normal -5.320334e-001  0.000000e+000 -8.467234e-001
    outer loop
      vertex -5.206029e+001 -1.650000e+002  1.187024e+002
      vertex -5.206029e+001 -1.490000e+002  1.187024e+002
      vertex -5.158628e+001 -1.490000e+002  1.184046e+002
    endloop
  endfacet
  facet normal -5.320334e-001  -0.000000e+000 -8.467234e-001
    outer loop
      vertex -5.206029e+001 -1.650000e+002  1.187024e+002
      vertex -5.158628e+001 -1.490000e+002  1.184046e+002
      vertex -5.158628e+001 -1.650000e+002  1.184046e+002
    endloop
  endfacet
  facet normal -7.071034e-001  0.000000e+000 -7.071102e-001
    outer loop
      vertex -5.158628e+001 -1.650000e+002  1.184046e+002
      vertex -5.158628e+001 -1.490000e+002  1.184046e+002
      vertex -5.119042e+001 -1.490000e+002  1.180087e+002
    endloop
  endfacet
  facet normal -7.071034e-001  -0.000000e+000 -7.071102e-001
    outer loop
      vertex -5.158628e+001 -1.650000e+002  1.184046e+002
      vertex -5.119042e+001 -1.490000e+002  1.180087e+002
      vertex -5.119042e+001 -1.650000e+002  1.180087e+002
    endloop
  endfacet
  facet normal -8.467273e-001  0.000000e+000 -5.320272e-001
    outer loop
      vertex -5.119042e+001 -1.650000e+002  1.180087e+002
      vertex -5.119042e+001 -1.490000e+002  1.180087e+002
      vertex -5.089258e+001 -1.490000e+002  1.175347e+002
    endloop
  endfacet
  facet normal -8.467273e-001  -0.000000e+000 -5.320272e-001
    outer loop
      vertex -5.119042e+001 -1.650000e+002  1.180087e+002
      vertex -5.089258e+001 -1.490000e+002  1.175347e+002
      vertex -5.089258e+001 -1.650000e+002  1.175347e+002
    endloop
  endfacet
  facet normal -9.438824e-001  0.000000e+000 -3.302819e-001
    outer loop
      vertex -5.089258e+001 -1.650000e+002  1.175347e+002
      vertex -5.089258e+001 -1.490000e+002  1.175347e+002
      vertex -5.070768e+001 -1.490000e+002  1.170063e+002
    endloop
  endfacet
  facet normal -9.438824e-001  -0.000000e+000 -3.302819e-001
    outer loop
      vertex -5.089258e+001 -1.650000e+002  1.175347e+002
      vertex -5.070768e+001 -1.490000e+002  1.170063e+002
      vertex -5.070768e+001 -1.650000e+002  1.170063e+002
    endloop
  endfacet
  facet normal -9.937124e-001  0.000000e+000 -1.119623e-001
    outer loop
      vertex -5.070768e+001 -1.650000e+002  1.170063e+002
      vertex -5.070768e+001 -1.490000e+002  1.170063e+002
      vertex -5.064500e+001 -1.490000e+002  1.164500e+002
    endloop
  endfacet
  facet normal -9.937124e-001  -0.000000e+000 -1.119623e-001
    outer loop
      vertex -5.070768e+001 -1.650000e+002  1.170063e+002
      vertex -5.064500e+001 -1.490000e+002  1.164500e+002
      vertex -5.064500e+001 -1.650000e+002  1.164500e+002
    endloop
  endfacet
  facet normal -1.119564e-001  0.000000e+000 -9.937131e-001
    outer loop
      vertex -5.258870e+001 -1.490000e+002  1.188873e+002
      vertex -5.314500e+001 -1.650000e+002  1.189500e+002
      vertex -5.314500e+001 -1.490000e+002  1.189500e+002
    endloop
  endfacet
  facet normal  1.119564e-001  0.000000e+000 -9.937131e-001
    outer loop
      vertex -5.314500e+001 -1.490000e+002  1.189500e+002
      vertex -5.314500e+001 -1.650000e+002  1.189500e+002
      vertex -5.370130e+001 -1.650000e+002  1.188873e+002
    endloop
  endfacet
  facet normal  1.119564e-001  0.000000e+000 -9.937131e-001
    outer loop
      vertex -5.314500e+001 -1.490000e+002  1.189500e+002
      vertex -5.370130e+001 -1.650000e+002  1.188873e+002
      vertex -5.370130e+001 -1.490000e+002  1.188873e+002
    endloop
  endfacet
  facet normal  3.302797e-001  0.000000e+000 -9.438831e-001
    outer loop
      vertex -5.370130e+001 -1.490000e+002  1.188873e+002
      vertex -5.370130e+001 -1.650000e+002  1.188873e+002
      vertex -5.422971e+001 -1.650000e+002  1.187024e+002
    endloop
  endfacet
  facet normal  3.302797e-001  0.000000e+000 -9.438831e-001
    outer loop
      vertex -5.370130e+001 -1.490000e+002  1.188873e+002
      vertex -5.422971e+001 -1.650000e+002  1.187024e+002
      vertex -5.422971e+001 -1.490000e+002  1.187024e+002
    endloop
  endfacet
  facet normal  5.320334e-001  0.000000e+000 -8.467234e-001
    outer loop
      vertex -5.422971e+001 -1.490000e+002  1.187024e+002
      vertex -5.422971e+001 -1.650000e+002  1.187024e+002
      vertex -5.470372e+001 -1.650000e+002  1.184046e+002
    endloop
  endfacet
  facet normal  5.320334e-001  0.000000e+000 -8.467234e-001
    outer loop
      vertex -5.422971e+001 -1.490000e+002  1.187024e+002
      vertex -5.470372e+001 -1.650000e+002  1.184046e+002
      vertex -5.470372e+001 -1.490000e+002  1.184046e+002
    endloop
  endfacet
  facet normal  7.071034e-001  0.000000e+000 -7.071102e-001
    outer loop
      vertex -5.470372e+001 -1.490000e+002  1.184046e+002
      vertex -5.470372e+001 -1.650000e+002  1.184046e+002
      vertex -5.509958e+001 -1.650000e+002  1.180087e+002
    endloop
  endfacet
  facet normal  7.071034e-001  0.000000e+000 -7.071102e-001
    outer loop
      vertex -5.470372e+001 -1.490000e+002  1.184046e+002
      vertex -5.509958e+001 -1.650000e+002  1.180087e+002
      vertex -5.509958e+001 -1.490000e+002  1.180087e+002
    endloop
  endfacet
  facet normal  8.467273e-001  0.000000e+000 -5.320272e-001
    outer loop
      vertex -5.509958e+001 -1.490000e+002  1.180087e+002
      vertex -5.509958e+001 -1.650000e+002  1.180087e+002
      vertex -5.539742e+001 -1.650000e+002  1.175347e+002
    endloop
  endfacet
  facet normal  8.467273e-001  0.000000e+000 -5.320272e-001
    outer loop
      vertex -5.509958e+001 -1.490000e+002  1.180087e+002
      vertex -5.539742e+001 -1.650000e+002  1.175347e+002
      vertex -5.539742e+001 -1.490000e+002  1.175347e+002
    endloop
  endfacet
  facet normal  9.438824e-001  0.000000e+000 -3.302819e-001
    outer loop
      vertex -5.539742e+001 -1.490000e+002  1.175347e+002
      vertex -5.539742e+001 -1.650000e+002  1.175347e+002
      vertex -5.558232e+001 -1.650000e+002  1.170063e+002
    endloop
  endfacet
  facet normal  9.438824e-001  0.000000e+000 -3.302819e-001
    outer loop
      vertex -5.539742e+001 -1.490000e+002  1.175347e+002
      vertex -5.558232e+001 -1.650000e+002  1.170063e+002
      vertex -5.558232e+001 -1.490000e+002  1.170063e+002
    endloop
  endfacet
  facet normal  9.937124e-001  0.000000e+000 -1.119623e-001
    outer loop
      vertex -5.558232e+001 -1.490000e+002  1.170063e+002
      vertex -5.558232e+001 -1.650000e+002  1.170063e+002
      vertex -5.564500e+001 -1.650000e+002  1.164500e+002
    endloop
  endfacet
  facet normal  9.937124e-001  0.000000e+000 -1.119623e-001
    outer loop
      vertex -5.558232e+001 -1.490000e+002  1.170063e+002
      vertex -5.564500e+001 -1.650000e+002  1.164500e+002
      vertex -5.564500e+001 -1.490000e+002  1.164500e+002
    endloop
  endfacet
  facet normal  1.119698e-001  0.000000e+000  9.937117e-001
    outer loop
      vertex -5.314500e+001 -1.650000e+002  1.139500e+002
      vertex -5.370130e+001 -1.490000e+002  1.140127e+002
      vertex -5.370130e+001 -1.650000e+002  1.140127e+002
    endloop
  endfacet
  facet normal  3.302797e-001  -0.000000e+000  9.438831e-001
    outer loop
      vertex -5.370130e+001 -1.650000e+002  1.140127e+002
      vertex -5.370130e+001 -1.490000e+002  1.140127e+002
      vertex -5.422971e+001 -1.490000e+002  1.141976e+002
    endloop
  endfacet
  facet normal  3.302797e-001  0.000000e+000  9.438831e-001
    outer loop
      vertex -5.370130e+001 -1.650000e+002  1.140127e+002
      vertex -5.422971e+001 -1.490000e+002  1.141976e+002
      vertex -5.422971e+001 -1.650000e+002  1.141976e+002
    endloop
  endfacet
  facet normal  5.320334e-001  -0.000000e+000  8.467234e-001
    outer loop
      vertex -5.422971e+001 -1.650000e+002  1.141976e+002
      vertex -5.422971e+001 -1.490000e+002  1.141976e+002
      vertex -5.470372e+001 -1.490000e+002  1.144954e+002
    endloop
  endfacet
  facet normal  5.320334e-001  0.000000e+000  8.467234e-001
    outer loop
      vertex -5.422971e+001 -1.650000e+002  1.141976e+002
      vertex -5.470372e+001 -1.490000e+002  1.144954e+002
      vertex -5.470372e+001 -1.650000e+002  1.144954e+002
    endloop
  endfacet
  facet normal  7.071034e-001  -0.000000e+000  7.071102e-001
    outer loop
      vertex -5.470372e+001 -1.650000e+002  1.144954e+002
      vertex -5.470372e+001 -1.490000e+002  1.144954e+002
      vertex -5.509958e+001 -1.490000e+002  1.148913e+002
    endloop
  endfacet
  facet normal  7.071034e-001  0.000000e+000  7.071102e-001
    outer loop
      vertex -5.470372e+001 -1.650000e+002  1.144954e+002
      vertex -5.509958e+001 -1.490000e+002  1.148913e+002
      vertex -5.509958e+001 -1.650000e+002  1.148913e+002
    endloop
  endfacet
  facet normal  8.467234e-001  -0.000000e+000  5.320334e-001
    outer loop
      vertex -5.509958e+001 -1.650000e+002  1.148913e+002
      vertex -5.509958e+001 -1.490000e+002  1.148913e+002
      vertex -5.539742e+001 -1.490000e+002  1.153653e+002
    endloop
  endfacet
  facet normal  8.467234e-001  0.000000e+000  5.320334e-001
    outer loop
      vertex -5.509958e+001 -1.650000e+002  1.148913e+002
      vertex -5.539742e+001 -1.490000e+002  1.153653e+002
      vertex -5.539742e+001 -1.650000e+002  1.153653e+002
    endloop
  endfacet
  facet normal  9.438839e-001  -0.000000e+000  3.302776e-001
    outer loop
      vertex -5.539742e+001 -1.650000e+002  1.153653e+002
      vertex -5.539742e+001 -1.490000e+002  1.153653e+002
      vertex -5.558232e+001 -1.490000e+002  1.158937e+002
    endloop
  endfacet
  facet normal  9.438839e-001  0.000000e+000  3.302776e-001
    outer loop
      vertex -5.539742e+001 -1.650000e+002  1.153653e+002
      vertex -5.558232e+001 -1.490000e+002  1.158937e+002
      vertex -5.558232e+001 -1.650000e+002  1.158937e+002
    endloop
  endfacet
  facet normal  9.937123e-001  -0.000000e+000  1.119638e-001
    outer loop
      vertex -5.558232e+001 -1.650000e+002  1.158937e+002
      vertex -5.558232e+001 -1.490000e+002  1.158937e+002
      vertex -5.564500e+001 -1.490000e+002  1.164500e+002
    endloop
  endfacet
  facet normal  9.937123e-001  0.000000e+000  1.119638e-001
    outer loop
      vertex -5.558232e+001 -1.650000e+002  1.158937e+002
      vertex -5.564500e+001 -1.490000e+002  1.164500e+002
      vertex -5.564500e+001 -1.650000e+002  1.164500e+002
    endloop
  endfacet
  facet normal  1.119698e-001  -0.000000e+000  9.937117e-001
    outer loop
      vertex -5.370130e+001 -1.490000e+002  1.140127e+002
      vertex -5.314500e+001 -1.650000e+002  1.139500e+002
      vertex -5.314500e+001 -1.490000e+002  1.139500e+002
    endloop
  endfacet
  facet normal -1.119698e-001  0.000000e+000  9.937117e-001
    outer loop
      vertex -5.314500e+001 -1.490000e+002  1.139500e+002
      vertex -5.314500e+001 -1.650000e+002  1.139500e+002
      vertex -5.258870e+001 -1.650000e+002  1.140127e+002
    endloop
  endfacet
  facet normal -1.119698e-001  0.000000e+000  9.937117e-001
    outer loop
      vertex -5.314500e+001 -1.490000e+002  1.139500e+002
      vertex -5.258870e+001 -1.650000e+002  1.140127e+002
      vertex -5.258870e+001 -1.490000e+002  1.140127e+002
    endloop
  endfacet
  facet normal -3.302797e-001  0.000000e+000  9.438831e-001
    outer loop
      vertex -5.258870e+001 -1.490000e+002  1.140127e+002
      vertex -5.258870e+001 -1.650000e+002  1.140127e+002
      vertex -5.206029e+001 -1.650000e+002  1.141976e+002
    endloop
  endfacet
  facet normal -3.302797e-001  0.000000e+000  9.438831e-001
    outer loop
      vertex -5.258870e+001 -1.490000e+002  1.140127e+002
      vertex -5.206029e+001 -1.650000e+002  1.141976e+002
      vertex -5.206029e+001 -1.490000e+002  1.141976e+002
    endloop
  endfacet
  facet normal -5.320334e-001  0.000000e+000  8.467234e-001
    outer loop
      vertex -5.206029e+001 -1.490000e+002  1.141976e+002
      vertex -5.206029e+001 -1.650000e+002  1.141976e+002
      vertex -5.158628e+001 -1.650000e+002  1.144954e+002
    endloop
  endfacet
  facet normal -5.320334e-001  0.000000e+000  8.467234e-001
    outer loop
      vertex -5.206029e+001 -1.490000e+002  1.141976e+002
      vertex -5.158628e+001 -1.650000e+002  1.144954e+002
      vertex -5.158628e+001 -1.490000e+002  1.144954e+002
    endloop
  endfacet
  facet normal -7.071034e-001  0.000000e+000  7.071102e-001
    outer loop
      vertex -5.158628e+001 -1.490000e+002  1.144954e+002
      vertex -5.158628e+001 -1.650000e+002  1.144954e+002
      vertex -5.119042e+001 -1.650000e+002  1.148913e+002
    endloop
  endfacet
  facet normal -7.071034e-001  0.000000e+000  7.071102e-001
    outer loop
      vertex -5.158628e+001 -1.490000e+002  1.144954e+002
      vertex -5.119042e+001 -1.650000e+002  1.148913e+002
      vertex -5.119042e+001 -1.490000e+002  1.148913e+002
    endloop
  endfacet
  facet normal -8.467234e-001  0.000000e+000  5.320334e-001
    outer loop
      vertex -5.119042e+001 -1.490000e+002  1.148913e+002
      vertex -5.119042e+001 -1.650000e+002  1.148913e+002
      vertex -5.089258e+001 -1.650000e+002  1.153653e+002
    endloop
  endfacet
  facet normal -8.467234e-001  0.000000e+000  5.320334e-001
    outer loop
      vertex -5.119042e+001 -1.490000e+002  1.148913e+002
      vertex -5.089258e+001 -1.650000e+002  1.153653e+002
      vertex -5.089258e+001 -1.490000e+002  1.153653e+002
    endloop
  endfacet
  facet normal -9.438839e-001  0.000000e+000  3.302776e-001
    outer loop
      vertex -5.089258e+001 -1.490000e+002  1.153653e+002
      vertex -5.089258e+001 -1.650000e+002  1.153653e+002
      vertex -5.070768e+001 -1.650000e+002  1.158937e+002
    endloop
  endfacet
  facet normal -9.438839e-001  0.000000e+000  3.302776e-001
    outer loop
      vertex -5.089258e+001 -1.490000e+002  1.153653e+002
      vertex -5.070768e+001 -1.650000e+002  1.158937e+002
      vertex -5.070768e+001 -1.490000e+002  1.158937e+002
    endloop
  endfacet
  facet normal -9.937123e-001  0.000000e+000  1.119638e-001
    outer loop
      vertex -5.070768e+001 -1.490000e+002  1.158937e+002
      vertex -5.070768e+001 -1.650000e+002  1.158937e+002
      vertex -5.064500e+001 -1.650000e+002  1.164500e+002
    endloop
  endfacet
  facet normal -9.937123e-001  0.000000e+000  1.119638e-001
    outer loop
      vertex -5.070768e+001 -1.490000e+002  1.158937e+002
      vertex -5.064500e+001 -1.650000e+002  1.164500e+002
      vertex -5.064500e+001 -1.490000e+002  1.164500e+002
    endloop
  endfacet
  facet normal -1.119631e-001  -0.000000e+000 -9.937124e-001
    outer loop
      vertex -5.314500e+001 -1.650000e+002  3.295000e+001
      vertex -5.258870e+001 -1.490000e+002  3.288732e+001
      vertex -5.258870e+001 -1.650000e+002  3.288732e+001
    endloop
  endfacet
  facet normal -3.302797e-001  0.000000e+000 -9.438831e-001
    outer loop
      vertex -5.258870e+001 -1.650000e+002  3.288732e+001
      vertex -5.258870e+001 -1.490000e+002  3.288732e+001
      vertex -5.206029e+001 -1.490000e+002  3.270242e+001
    endloop
  endfacet
  facet normal -3.302797e-001  -0.000000e+000 -9.438831e-001
    outer loop
      vertex -5.258870e+001 -1.650000e+002  3.288732e+001
      vertex -5.206029e+001 -1.490000e+002  3.270242e+001
      vertex -5.206029e+001 -1.650000e+002  3.270242e+001
    endloop
  endfacet
  facet normal -5.320334e-001  0.000000e+000 -8.467234e-001
    outer loop
      vertex -5.206029e+001 -1.650000e+002  3.270242e+001
      vertex -5.206029e+001 -1.490000e+002  3.270242e+001
      vertex -5.158628e+001 -1.490000e+002  3.240458e+001
    endloop
  endfacet
  facet normal -5.320334e-001  -0.000000e+000 -8.467234e-001
    outer loop
      vertex -5.206029e+001 -1.650000e+002  3.270242e+001
      vertex -5.158628e+001 -1.490000e+002  3.240458e+001
      vertex -5.158628e+001 -1.650000e+002  3.240458e+001
    endloop
  endfacet
  facet normal -7.071068e-001  0.000000e+000 -7.071068e-001
    outer loop
      vertex -5.158628e+001 -1.650000e+002  3.240458e+001
      vertex -5.158628e+001 -1.490000e+002  3.240458e+001
      vertex -5.119042e+001 -1.490000e+002  3.200872e+001
    endloop
  endfacet
  facet normal -7.071068e-001  -0.000000e+000 -7.071068e-001
    outer loop
      vertex -5.158628e+001 -1.650000e+002  3.240458e+001
      vertex -5.119042e+001 -1.490000e+002  3.200872e+001
      vertex -5.119042e+001 -1.650000e+002  3.200872e+001
    endloop
  endfacet
  facet normal -8.467234e-001  0.000000e+000 -5.320334e-001
    outer loop
      vertex -5.119042e+001 -1.650000e+002  3.200872e+001
      vertex -5.119042e+001 -1.490000e+002  3.200872e+001
      vertex -5.089258e+001 -1.490000e+002  3.153471e+001
    endloop
  endfacet
  facet normal -8.467234e-001  -0.000000e+000 -5.320334e-001
    outer loop
      vertex -5.119042e+001 -1.650000e+002  3.200872e+001
      vertex -5.089258e+001 -1.490000e+002  3.153471e+001
      vertex -5.089258e+001 -1.650000e+002  3.153471e+001
    endloop
  endfacet
  facet normal -9.438831e-001  0.000000e+000 -3.302797e-001
    outer loop
      vertex -5.089258e+001 -1.650000e+002  3.153471e+001
      vertex -5.089258e+001 -1.490000e+002  3.153471e+001
      vertex -5.070768e+001 -1.490000e+002  3.100630e+001
    endloop
  endfacet
  facet normal -9.438831e-001  -0.000000e+000 -3.302797e-001
    outer loop
      vertex -5.089258e+001 -1.650000e+002  3.153471e+001
      vertex -5.070768e+001 -1.490000e+002  3.100630e+001
      vertex -5.070768e+001 -1.650000e+002  3.100630e+001
    endloop
  endfacet
  facet normal -9.937124e-001  0.000000e+000 -1.119631e-001
    outer loop
      vertex -5.070768e+001 -1.650000e+002  3.100630e+001
      vertex -5.070768e+001 -1.490000e+002  3.100630e+001
      vertex -5.064500e+001 -1.490000e+002  3.045000e+001
    endloop
  endfacet
  facet normal -9.937124e-001  -0.000000e+000 -1.119631e-001
    outer loop
      vertex -5.070768e+001 -1.650000e+002  3.100630e+001
      vertex -5.064500e+001 -1.490000e+002  3.045000e+001
      vertex -5.064500e+001 -1.650000e+002  3.045000e+001
    endloop
  endfacet
  facet normal -1.119631e-001  0.000000e+000 -9.937124e-001
    outer loop
      vertex -5.258870e+001 -1.490000e+002  3.288732e+001
      vertex -5.314500e+001 -1.650000e+002  3.295000e+001
      vertex -5.314500e+001 -1.490000e+002  3.295000e+001
    endloop
  endfacet
  facet normal  1.119631e-001  0.000000e+000 -9.937124e-001
    outer loop
      vertex -5.314500e+001 -1.490000e+002  3.295000e+001
      vertex -5.314500e+001 -1.650000e+002  3.295000e+001
      vertex -5.370130e+001 -1.650000e+002  3.288732e+001
    endloop
  endfacet
  facet normal  1.119631e-001  0.000000e+000 -9.937124e-001
    outer loop
      vertex -5.314500e+001 -1.490000e+002  3.295000e+001
      vertex -5.370130e+001 -1.650000e+002  3.288732e+001
      vertex -5.370130e+001 -1.490000e+002  3.288732e+001
    endloop
  endfacet
  facet normal  3.302797e-001  0.000000e+000 -9.438831e-001
    outer loop
      vertex -5.370130e+001 -1.490000e+002  3.288732e+001
      vertex -5.370130e+001 -1.650000e+002  3.288732e+001
      vertex -5.422971e+001 -1.650000e+002  3.270242e+001
    endloop
  endfacet
  facet normal  3.302797e-001  0.000000e+000 -9.438831e-001
    outer loop
      vertex -5.370130e+001 -1.490000e+002  3.288732e+001
      vertex -5.422971e+001 -1.650000e+002  3.270242e+001
      vertex -5.422971e+001 -1.490000e+002  3.270242e+001
    endloop
  endfacet
  facet normal  5.320334e-001  0.000000e+000 -8.467234e-001
    outer loop
      vertex -5.422971e+001 -1.490000e+002  3.270242e+001
      vertex -5.422971e+001 -1.650000e+002  3.270242e+001
      vertex -5.470372e+001 -1.650000e+002  3.240458e+001
    endloop
  endfacet
  facet normal  5.320334e-001  0.000000e+000 -8.467234e-001
    outer loop
      vertex -5.422971e+001 -1.490000e+002  3.270242e+001
      vertex -5.470372e+001 -1.650000e+002  3.240458e+001
      vertex -5.470372e+001 -1.490000e+002  3.240458e+001
    endloop
  endfacet
  facet normal  7.071068e-001  0.000000e+000 -7.071068e-001
    outer loop
      vertex -5.470372e+001 -1.490000e+002  3.240458e+001
      vertex -5.470372e+001 -1.650000e+002  3.240458e+001
      vertex -5.509958e+001 -1.650000e+002  3.200872e+001
    endloop
  endfacet
  facet normal  7.071068e-001  0.000000e+000 -7.071068e-001
    outer loop
      vertex -5.470372e+001 -1.490000e+002  3.240458e+001
      vertex -5.509958e+001 -1.650000e+002  3.200872e+001
      vertex -5.509958e+001 -1.490000e+002  3.200872e+001
    endloop
  endfacet
  facet normal  8.467234e-001  0.000000e+000 -5.320334e-001
    outer loop
      vertex -5.509958e+001 -1.490000e+002  3.200872e+001
      vertex -5.509958e+001 -1.650000e+002  3.200872e+001
      vertex -5.539742e+001 -1.650000e+002  3.153471e+001
    endloop
  endfacet
  facet normal  8.467234e-001  0.000000e+000 -5.320334e-001
    outer loop
      vertex -5.509958e+001 -1.490000e+002  3.200872e+001
      vertex -5.539742e+001 -1.650000e+002  3.153471e+001
      vertex -5.539742e+001 -1.490000e+002  3.153471e+001
    endloop
  endfacet
  facet normal  9.438831e-001  0.000000e+000 -3.302797e-001
    outer loop
      vertex -5.539742e+001 -1.490000e+002  3.153471e+001
      vertex -5.539742e+001 -1.650000e+002  3.153471e+001
      vertex -5.558232e+001 -1.650000e+002  3.100630e+001
    endloop
  endfacet
  facet normal  9.438831e-001  0.000000e+000 -3.302797e-001
    outer loop
      vertex -5.539742e+001 -1.490000e+002  3.153471e+001
      vertex -5.558232e+001 -1.650000e+002  3.100630e+001
      vertex -5.558232e+001 -1.490000e+002  3.100630e+001
    endloop
  endfacet
  facet normal  9.937124e-001  0.000000e+000 -1.119631e-001
    outer loop
      vertex -5.558232e+001 -1.490000e+002  3.100630e+001
      vertex -5.558232e+001 -1.650000e+002  3.100630e+001
      vertex -5.564500e+001 -1.650000e+002  3.045000e+001
    endloop
  endfacet
  facet normal  9.937124e-001  0.000000e+000 -1.119631e-001
    outer loop
      vertex -5.558232e+001 -1.490000e+002  3.100630e+001
      vertex -5.564500e+001 -1.650000e+002  3.045000e+001
      vertex -5.564500e+001 -1.490000e+002  3.045000e+001
    endloop
  endfacet
  facet normal  1.119631e-001  0.000000e+000  9.937124e-001
    outer loop
      vertex -5.314500e+001 -1.650000e+002  2.795000e+001
      vertex -5.370130e+001 -1.490000e+002  2.801268e+001
      vertex -5.370130e+001 -1.650000e+002  2.801268e+001
    endloop
  endfacet
  facet normal  3.302797e-001  -0.000000e+000  9.438831e-001
    outer loop
      vertex -5.370130e+001 -1.650000e+002  2.801268e+001
      vertex -5.370130e+001 -1.490000e+002  2.801268e+001
      vertex -5.422971e+001 -1.490000e+002  2.819758e+001
    endloop
  endfacet
  facet normal  3.302797e-001  0.000000e+000  9.438831e-001
    outer loop
      vertex -5.370130e+001 -1.650000e+002  2.801268e+001
      vertex -5.422971e+001 -1.490000e+002  2.819758e+001
      vertex -5.422971e+001 -1.650000e+002  2.819758e+001
    endloop
  endfacet
  facet normal  5.320309e-001  -0.000000e+000  8.467249e-001
    outer loop
      vertex -5.422971e+001 -1.650000e+002  2.819758e+001
      vertex -5.422971e+001 -1.490000e+002  2.819758e+001
      vertex -5.470372e+001 -1.490000e+002  2.849542e+001
    endloop
  endfacet
  facet normal  5.320309e-001  0.000000e+000  8.467249e-001
    outer loop
      vertex -5.422971e+001 -1.650000e+002  2.819758e+001
      vertex -5.470372e+001 -1.490000e+002  2.849542e+001
      vertex -5.470372e+001 -1.650000e+002  2.849542e+001
    endloop
  endfacet
  facet normal  7.071068e-001  -0.000000e+000  7.071068e-001
    outer loop
      vertex -5.470372e+001 -1.650000e+002  2.849542e+001
      vertex -5.470372e+001 -1.490000e+002  2.849542e+001
      vertex -5.509958e+001 -1.490000e+002  2.889128e+001
    endloop
  endfacet
  facet normal  7.071068e-001  0.000000e+000  7.071068e-001
    outer loop
      vertex -5.470372e+001 -1.650000e+002  2.849542e+001
      vertex -5.509958e+001 -1.490000e+002  2.889128e+001
      vertex -5.509958e+001 -1.650000e+002  2.889128e+001
    endloop
  endfacet
  facet normal  8.467243e-001  -0.000000e+000  5.320318e-001
    outer loop
      vertex -5.509958e+001 -1.650000e+002  2.889128e+001
      vertex -5.509958e+001 -1.490000e+002  2.889128e+001
      vertex -5.539742e+001 -1.490000e+002  2.936529e+001
    endloop
  endfacet
  facet normal  8.467243e-001  0.000000e+000  5.320318e-001
    outer loop
      vertex -5.509958e+001 -1.650000e+002  2.889128e+001
      vertex -5.539742e+001 -1.490000e+002  2.936529e+001
      vertex -5.539742e+001 -1.650000e+002  2.936529e+001
    endloop
  endfacet
  facet normal  9.438828e-001  -0.000000e+000  3.302808e-001
    outer loop
      vertex -5.539742e+001 -1.650000e+002  2.936529e+001
      vertex -5.539742e+001 -1.490000e+002  2.936529e+001
      vertex -5.558232e+001 -1.490000e+002  2.989370e+001
    endloop
  endfacet
  facet normal  9.438828e-001  0.000000e+000  3.302808e-001
    outer loop
      vertex -5.539742e+001 -1.650000e+002  2.936529e+001
      vertex -5.558232e+001 -1.490000e+002  2.989370e+001
      vertex -5.558232e+001 -1.650000e+002  2.989370e+001
    endloop
  endfacet
  facet normal  9.937124e-001  -0.000000e+000  1.119627e-001
    outer loop
      vertex -5.558232e+001 -1.650000e+002  2.989370e+001
      vertex -5.558232e+001 -1.490000e+002  2.989370e+001
      vertex -5.564500e+001 -1.490000e+002  3.045000e+001
    endloop
  endfacet
  facet normal  9.937124e-001  0.000000e+000  1.119627e-001
    outer loop
      vertex -5.558232e+001 -1.650000e+002  2.989370e+001
      vertex -5.564500e+001 -1.490000e+002  3.045000e+001
      vertex -5.564500e+001 -1.650000e+002  3.045000e+001
    endloop
  endfacet
  facet normal  1.119631e-001  -0.000000e+000  9.937124e-001
    outer loop
      vertex -5.370130e+001 -1.490000e+002  2.801268e+001
      vertex -5.314500e+001 -1.650000e+002  2.795000e+001
      vertex -5.314500e+001 -1.490000e+002  2.795000e+001
    endloop
  endfacet
  facet normal -1.119631e-001  0.000000e+000  9.937124e-001
    outer loop
      vertex -5.314500e+001 -1.490000e+002  2.795000e+001
      vertex -5.314500e+001 -1.650000e+002  2.795000e+001
      vertex -5.258870e+001 -1.650000e+002  2.801268e+001
    endloop
  endfacet
  facet normal -1.119631e-001  0.000000e+000  9.937124e-001
    outer loop
      vertex -5.314500e+001 -1.490000e+002  2.795000e+001
      vertex -5.258870e+001 -1.650000e+002  2.801268e+001
      vertex -5.258870e+001 -1.490000e+002  2.801268e+001
    endloop
  endfacet
  facet normal -3.302797e-001  0.000000e+000  9.438831e-001
    outer loop
      vertex -5.258870e+001 -1.490000e+002  2.801268e+001
      vertex -5.258870e+001 -1.650000e+002  2.801268e+001
      vertex -5.206029e+001 -1.650000e+002  2.819758e+001
    endloop
  endfacet
  facet normal -3.302797e-001  0.000000e+000  9.438831e-001
    outer loop
      vertex -5.258870e+001 -1.490000e+002  2.801268e+001
      vertex -5.206029e+001 -1.650000e+002  2.819758e+001
      vertex -5.206029e+001 -1.490000e+002  2.819758e+001
    endloop
  endfacet
  facet normal -5.320309e-001  0.000000e+000  8.467249e-001
    outer loop
      vertex -5.206029e+001 -1.490000e+002  2.819758e+001
      vertex -5.206029e+001 -1.650000e+002  2.819758e+001
      vertex -5.158628e+001 -1.650000e+002  2.849542e+001
    endloop
  endfacet
  facet normal -5.320309e-001  0.000000e+000  8.467249e-001
    outer loop
      vertex -5.206029e+001 -1.490000e+002  2.819758e+001
      vertex -5.158628e+001 -1.650000e+002  2.849542e+001
      vertex -5.158628e+001 -1.490000e+002  2.849542e+001
    endloop
  endfacet
  facet normal -7.071068e-001  0.000000e+000  7.071068e-001
    outer loop
      vertex -5.158628e+001 -1.490000e+002  2.849542e+001
      vertex -5.158628e+001 -1.650000e+002  2.849542e+001
      vertex -5.119042e+001 -1.650000e+002  2.889128e+001
    endloop
  endfacet
  facet normal -7.071068e-001  0.000000e+000  7.071068e-001
    outer loop
      vertex -5.158628e+001 -1.490000e+002  2.849542e+001
      vertex -5.119042e+001 -1.650000e+002  2.889128e+001
      vertex -5.119042e+001 -1.490000e+002  2.889128e+001
    endloop
  endfacet
  facet normal -8.467243e-001  0.000000e+000  5.320318e-001
    outer loop
      vertex -5.119042e+001 -1.490000e+002  2.889128e+001
      vertex -5.119042e+001 -1.650000e+002  2.889128e+001
      vertex -5.089258e+001 -1.650000e+002  2.936529e+001
    endloop
  endfacet
  facet normal -8.467243e-001  0.000000e+000  5.320318e-001
    outer loop
      vertex -5.119042e+001 -1.490000e+002  2.889128e+001
      vertex -5.089258e+001 -1.650000e+002  2.936529e+001
      vertex -5.089258e+001 -1.490000e+002  2.936529e+001
    endloop
  endfacet
  facet normal -9.438828e-001  0.000000e+000  3.302808e-001
    outer loop
      vertex -5.089258e+001 -1.490000e+002  2.936529e+001
      vertex -5.089258e+001 -1.650000e+002  2.936529e+001
      vertex -5.070768e+001 -1.650000e+002  2.989370e+001
    endloop
  endfacet
  facet normal -9.438828e-001  0.000000e+000  3.302808e-001
    outer loop
      vertex -5.089258e+001 -1.490000e+002  2.936529e+001
      vertex -5.070768e+001 -1.650000e+002  2.989370e+001
      vertex -5.070768e+001 -1.490000e+002  2.989370e+001
    endloop
  endfacet
  facet normal -9.937124e-001  0.000000e+000  1.119627e-001
    outer loop
      vertex -5.070768e+001 -1.490000e+002  2.989370e+001
      vertex -5.070768e+001 -1.650000e+002  2.989370e+001
      vertex -5.064500e+001 -1.650000e+002  3.045000e+001
    endloop
  endfacet
  facet normal -9.937124e-001  0.000000e+000  1.119627e-001
    outer loop
      vertex -5.070768e+001 -1.490000e+002  2.989370e+001
      vertex -5.064500e+001 -1.650000e+002  3.045000e+001
      vertex -5.064500e+001 -1.490000e+002  3.045000e+001
    endloop
  endfacet
  facet normal -9.999999e-001  0.000000e+000  0.000000e+000
    outer loop
      vertex  9.000000e+001 -1.450000e+002  2.000000e+001
      vertex  9.000000e+001 -1.490000e+002  2.000000e+001
      vertex  9.000000e+001 -1.450000e+002  1.269000e+002
    endloop
  endfacet
  facet normal -9.999999e-001  -0.000000e+000  0.000000e+000
    outer loop
      vertex  9.000000e+001 -1.450000e+002  1.269000e+002
      vertex  9.000000e+001 -1.490000e+002  2.000000e+001
      vertex  9.000000e+001 -1.490000e+002  1.269000e+002
    endloop
  endfacet
  facet normal -9.937117e-001 -1.119694e-001  -0.000000e+000
    outer loop
      vertex -8.750000e+001 -3.000000e+001  0.000000e+000
      vertex -8.756268e+001 -2.944370e+001  1.000000e+001
      vertex -8.756268e+001 -2.944370e+001  0.000000e+000
    endloop
  endfacet
  facet normal -9.438827e-001 -3.302808e-001  0.000000e+000
    outer loop
      vertex -8.756268e+001 -2.944370e+001  0.000000e+000
      vertex -8.756268e+001 -2.944370e+001  1.000000e+001
      vertex -8.774758e+001 -2.891529e+001  1.000000e+001
    endloop
  endfacet
  facet normal -9.438827e-001 -3.302808e-001  -0.000000e+000
    outer loop
      vertex -8.756268e+001 -2.944370e+001  0.000000e+000
      vertex -8.774758e+001 -2.891529e+001  1.000000e+001
      vertex -8.774758e+001 -2.891529e+001  0.000000e+000
    endloop
  endfacet
  facet normal -8.467304e-001 -5.320221e-001  0.000000e+000
    outer loop
      vertex -8.774758e+001 -2.891529e+001  0.000000e+000
      vertex -8.774758e+001 -2.891529e+001  1.000000e+001
      vertex -8.804542e+001 -2.844127e+001  1.000000e+001
    endloop
  endfacet
  facet normal -8.467304e-001 -5.320221e-001  -0.000000e+000
    outer loop
      vertex -8.774758e+001 -2.891529e+001  0.000000e+000
      vertex -8.804542e+001 -2.844127e+001  1.000000e+001
      vertex -8.804542e+001 -2.844127e+001  0.000000e+000
    endloop
  endfacet
  facet normal -7.071017e-001 -7.071120e-001  0.000000e+000
    outer loop
      vertex -8.804542e+001 -2.844127e+001  0.000000e+000
      vertex -8.804542e+001 -2.844127e+001  1.000000e+001
      vertex -8.844128e+001 -2.804542e+001  1.000000e+001
    endloop
  endfacet
  facet normal -7.071017e-001 -7.071120e-001  -0.000000e+000
    outer loop
      vertex -8.804542e+001 -2.844127e+001  0.000000e+000
      vertex -8.844128e+001 -2.804542e+001  1.000000e+001
      vertex -8.844128e+001 -2.804542e+001  0.000000e+000
    endloop
  endfacet
  facet normal -5.320334e-001 -8.467234e-001  0.000000e+000
    outer loop
      vertex -8.844128e+001 -2.804542e+001  0.000000e+000
      vertex -8.844128e+001 -2.804542e+001  1.000000e+001
      vertex -8.891529e+001 -2.774758e+001  1.000000e+001
    endloop
  endfacet
  facet normal -5.320334e-001 -8.467234e-001  -0.000000e+000
    outer loop
      vertex -8.844128e+001 -2.804542e+001  0.000000e+000
      vertex -8.891529e+001 -2.774758e+001  1.000000e+001
      vertex -8.891529e+001 -2.774758e+001  0.000000e+000
    endloop
  endfacet
  facet normal -3.302818e-001 -9.438823e-001  0.000000e+000
    outer loop
      vertex -8.891529e+001 -2.774758e+001  0.000000e+000
      vertex -8.891529e+001 -2.774758e+001  1.000000e+001
      vertex -8.944370e+001 -2.756268e+001  1.000000e+001
    endloop
  endfacet
  facet normal -3.302818e-001 -9.438823e-001  -0.000000e+000
    outer loop
      vertex -8.891529e+001 -2.774758e+001  0.000000e+000
      vertex -8.944370e+001 -2.756268e+001  1.000000e+001
      vertex -8.944370e+001 -2.756268e+001  0.000000e+000
    endloop
  endfacet
  facet normal -1.119623e-001 -9.937125e-001  0.000000e+000
    outer loop
      vertex -8.944370e+001 -2.756268e+001  0.000000e+000
      vertex -8.944370e+001 -2.756268e+001  1.000000e+001
      vertex -9.000000e+001 -2.750000e+001  1.000000e+001
    endloop
  endfacet
  facet normal -1.119623e-001 -9.937125e-001  -0.000000e+000
    outer loop
      vertex -8.944370e+001 -2.756268e+001  0.000000e+000
      vertex -9.000000e+001 -2.750000e+001  1.000000e+001
      vertex -9.000000e+001 -2.750000e+001  0.000000e+000
    endloop
  endfacet
  facet normal -9.937117e-001 -1.119694e-001  0.000000e+000
    outer loop
      vertex -8.756268e+001 -2.944370e+001  1.000000e+001
      vertex -8.750000e+001 -3.000000e+001  0.000000e+000
      vertex -8.750000e+001 -3.000000e+001  1.000000e+001
    endloop
  endfacet
  facet normal -9.937117e-001  1.119694e-001  0.000000e+000
    outer loop
      vertex -8.750000e+001 -3.000000e+001  1.000000e+001
      vertex -8.750000e+001 -3.000000e+001  0.000000e+000
      vertex -8.756268e+001 -3.055630e+001  0.000000e+000
    endloop
  endfacet
  facet normal -9.937117e-001  1.119694e-001  0.000000e+000
    outer loop
      vertex -8.750000e+001 -3.000000e+001  1.000000e+001
      vertex -8.756268e+001 -3.055630e+001  0.000000e+000
      vertex -8.756268e+001 -3.055630e+001  1.000000e+001
    endloop
  endfacet
  facet normal -9.438827e-001  3.302808e-001  0.000000e+000
    outer loop
      vertex -8.756268e+001 -3.055630e+001  1.000000e+001
      vertex -8.756268e+001 -3.055630e+001  0.000000e+000
      vertex -8.774758e+001 -3.108471e+001  0.000000e+000
    endloop
  endfacet
  facet normal -9.438827e-001  3.302808e-001  0.000000e+000
    outer loop
      vertex -8.756268e+001 -3.055630e+001  1.000000e+001
      vertex -8.774758e+001 -3.108471e+001  0.000000e+000
      vertex -8.774758e+001 -3.108471e+001  1.000000e+001
    endloop
  endfacet
  facet normal -8.467304e-001  5.320221e-001  0.000000e+000
    outer loop
      vertex -8.774758e+001 -3.108471e+001  1.000000e+001
      vertex -8.774758e+001 -3.108471e+001  0.000000e+000
      vertex -8.804542e+001 -3.155873e+001  0.000000e+000
    endloop
  endfacet
  facet normal -8.467304e-001  5.320221e-001  0.000000e+000
    outer loop
      vertex -8.774758e+001 -3.108471e+001  1.000000e+001
      vertex -8.804542e+001 -3.155873e+001  0.000000e+000
      vertex -8.804542e+001 -3.155873e+001  1.000000e+001
    endloop
  endfacet
  facet normal -7.071017e-001  7.071120e-001  0.000000e+000
    outer loop
      vertex -8.804542e+001 -3.155873e+001  1.000000e+001
      vertex -8.804542e+001 -3.155873e+001  0.000000e+000
      vertex -8.844128e+001 -3.195458e+001  0.000000e+000
    endloop
  endfacet
  facet normal -7.071017e-001  7.071120e-001  0.000000e+000
    outer loop
      vertex -8.804542e+001 -3.155873e+001  1.000000e+001
      vertex -8.844128e+001 -3.195458e+001  0.000000e+000
      vertex -8.844128e+001 -3.195458e+001  1.000000e+001
    endloop
  endfacet
  facet normal -5.320334e-001  8.467234e-001  0.000000e+000
    outer loop
      vertex -8.844128e+001 -3.195458e+001  1.000000e+001
      vertex -8.844128e+001 -3.195458e+001  0.000000e+000
      vertex -8.891529e+001 -3.225242e+001  0.000000e+000
    endloop
  endfacet
  facet normal -5.320334e-001  8.467234e-001  0.000000e+000
    outer loop
      vertex -8.844128e+001 -3.195458e+001  1.000000e+001
      vertex -8.891529e+001 -3.225242e+001  0.000000e+000
      vertex -8.891529e+001 -3.225242e+001  1.000000e+001
    endloop
  endfacet
  facet normal -3.302818e-001  9.438823e-001  0.000000e+000
    outer loop
      vertex -8.891529e+001 -3.225242e+001  1.000000e+001
      vertex -8.891529e+001 -3.225242e+001  0.000000e+000
      vertex -8.944370e+001 -3.243732e+001  0.000000e+000
    endloop
  endfacet
  facet normal -3.302818e-001  9.438823e-001  0.000000e+000
    outer loop
      vertex -8.891529e+001 -3.225242e+001  1.000000e+001
      vertex -8.944370e+001 -3.243732e+001  0.000000e+000
      vertex -8.944370e+001 -3.243732e+001  1.000000e+001
    endloop
  endfacet
  facet normal -1.119623e-001  9.937125e-001  0.000000e+000
    outer loop
      vertex -8.944370e+001 -3.243732e+001  1.000000e+001
      vertex -8.944370e+001 -3.243732e+001  0.000000e+000
      vertex -9.000000e+001 -3.250000e+001  0.000000e+000
    endloop
  endfacet
  facet normal -1.119623e-001  9.937125e-001  0.000000e+000
    outer loop
      vertex -8.944370e+001 -3.243732e+001  1.000000e+001
      vertex -9.000000e+001 -3.250000e+001  0.000000e+000
      vertex -9.000000e+001 -3.250000e+001  1.000000e+001
    endloop
  endfacet
  facet normal -9.937117e-001 -1.119691e-001  -0.000000e+000
    outer loop
      vertex -8.750000e+001 -8.000000e+001  0.000000e+000
      vertex -8.756268e+001 -7.944370e+001  1.000000e+001
      vertex -8.756268e+001 -7.944370e+001  0.000000e+000
    endloop
  endfacet
  facet normal -9.438823e-001 -3.302818e-001  0.000000e+000
    outer loop
      vertex -8.756268e+001 -7.944370e+001  0.000000e+000
      vertex -8.756268e+001 -7.944370e+001  1.000000e+001
      vertex -8.774758e+001 -7.891529e+001  1.000000e+001
    endloop
  endfacet
  facet normal -9.438823e-001 -3.302818e-001  -0.000000e+000
    outer loop
      vertex -8.756268e+001 -7.944370e+001  0.000000e+000
      vertex -8.774758e+001 -7.891529e+001  1.000000e+001
      vertex -8.774758e+001 -7.891529e+001  0.000000e+000
    endloop
  endfacet
  facet normal -8.467295e-001 -5.320236e-001  0.000000e+000
    outer loop
      vertex -8.774758e+001 -7.891529e+001  0.000000e+000
      vertex -8.774758e+001 -7.891529e+001  1.000000e+001
      vertex -8.804542e+001 -7.844128e+001  1.000000e+001
    endloop
  endfacet
  facet normal -8.467295e-001 -5.320236e-001  -0.000000e+000
    outer loop
      vertex -8.774758e+001 -7.891529e+001  0.000000e+000
      vertex -8.804542e+001 -7.844128e+001  1.000000e+001
      vertex -8.804542e+001 -7.844128e+001  0.000000e+000
    endloop
  endfacet
  facet normal -7.071068e-001 -7.071068e-001  0.000000e+000
    outer loop
      vertex -8.804542e+001 -7.844128e+001  0.000000e+000
      vertex -8.804542e+001 -7.844128e+001  1.000000e+001
      vertex -8.844128e+001 -7.804542e+001  1.000000e+001
    endloop
  endfacet
  facet normal -7.071068e-001 -7.071068e-001  -0.000000e+000
    outer loop
      vertex -8.804542e+001 -7.844128e+001  0.000000e+000
      vertex -8.844128e+001 -7.804542e+001  1.000000e+001
      vertex -8.844128e+001 -7.804542e+001  0.000000e+000
    endloop
  endfacet
  facet normal -5.320236e-001 -8.467295e-001  0.000000e+000
    outer loop
      vertex -8.844128e+001 -7.804542e+001  0.000000e+000
      vertex -8.844128e+001 -7.804542e+001  1.000000e+001
      vertex -8.891529e+001 -7.774758e+001  1.000000e+001
    endloop
  endfacet
  facet normal -5.320236e-001 -8.467295e-001  -0.000000e+000
    outer loop
      vertex -8.844128e+001 -7.804542e+001  0.000000e+000
      vertex -8.891529e+001 -7.774758e+001  1.000000e+001
      vertex -8.891529e+001 -7.774758e+001  0.000000e+000
    endloop
  endfacet
  facet normal -3.302818e-001 -9.438823e-001  0.000000e+000
    outer loop
      vertex -8.891529e+001 -7.774758e+001  0.000000e+000
      vertex -8.891529e+001 -7.774758e+001  1.000000e+001
      vertex -8.944370e+001 -7.756268e+001  1.000000e+001
    endloop
  endfacet
  facet normal -3.302818e-001 -9.438823e-001  -0.000000e+000
    outer loop
      vertex -8.891529e+001 -7.774758e+001  0.000000e+000
      vertex -8.944370e+001 -7.756268e+001  1.000000e+001
      vertex -8.944370e+001 -7.756268e+001  0.000000e+000
    endloop
  endfacet
  facet normal -1.119691e-001 -9.937117e-001  0.000000e+000
    outer loop
      vertex -8.944370e+001 -7.756268e+001  0.000000e+000
      vertex -8.944370e+001 -7.756268e+001  1.000000e+001
      vertex -9.000000e+001 -7.750000e+001  1.000000e+001
    endloop
  endfacet
  facet normal -1.119691e-001 -9.937117e-001  -0.000000e+000
    outer loop
      vertex -8.944370e+001 -7.756268e+001  0.000000e+000
      vertex -9.000000e+001 -7.750000e+001  1.000000e+001
      vertex -9.000000e+001 -7.750000e+001  0.000000e+000
    endloop
  endfacet
  facet normal -9.937117e-001 -1.119691e-001  0.000000e+000
    outer loop
      vertex -8.756268e+001 -7.944370e+001  1.000000e+001
      vertex -8.750000e+001 -8.000000e+001  0.000000e+000
      vertex -8.750000e+001 -8.000000e+001  1.000000e+001
    endloop
  endfacet
  facet normal -9.937117e-001  1.119691e-001  0.000000e+000
    outer loop
      vertex -8.750000e+001 -8.000000e+001  1.000000e+001
      vertex -8.750000e+001 -8.000000e+001  0.000000e+000
      vertex -8.756268e+001 -8.055630e+001  0.000000e+000
    endloop
  endfacet
  facet normal -9.937117e-001  1.119691e-001  0.000000e+000
    outer loop
      vertex -8.750000e+001 -8.000000e+001  1.000000e+001
      vertex -8.756268e+001 -8.055630e+001  0.000000e+000
      vertex -8.756268e+001 -8.055630e+001  1.000000e+001
    endloop
  endfacet
  facet normal -9.438823e-001  3.302818e-001  0.000000e+000
    outer loop
      vertex -8.756268e+001 -8.055630e+001  1.000000e+001
      vertex -8.756268e+001 -8.055630e+001  0.000000e+000
      vertex -8.774758e+001 -8.108471e+001  0.000000e+000
    endloop
  endfacet
  facet normal -9.438823e-001  3.302818e-001  0.000000e+000
    outer loop
      vertex -8.756268e+001 -8.055630e+001  1.000000e+001
      vertex -8.774758e+001 -8.108471e+001  0.000000e+000
      vertex -8.774758e+001 -8.108471e+001  1.000000e+001
    endloop
  endfacet
  facet normal -8.467295e-001  5.320236e-001  0.000000e+000
    outer loop
      vertex -8.774758e+001 -8.108471e+001  1.000000e+001
      vertex -8.774758e+001 -8.108471e+001  0.000000e+000
      vertex -8.804542e+001 -8.155872e+001  0.000000e+000
    endloop
  endfacet
  facet normal -8.467295e-001  5.320236e-001  0.000000e+000
    outer loop
      vertex -8.774758e+001 -8.108471e+001  1.000000e+001
      vertex -8.804542e+001 -8.155872e+001  0.000000e+000
      vertex -8.804542e+001 -8.155872e+001  1.000000e+001
    endloop
  endfacet
  facet normal -7.071068e-001  7.071068e-001  0.000000e+000
    outer loop
      vertex -8.804542e+001 -8.155872e+001  1.000000e+001
      vertex -8.804542e+001 -8.155872e+001  0.000000e+000
      vertex -8.844128e+001 -8.195458e+001  0.000000e+000
    endloop
  endfacet
  facet normal -7.071068e-001  7.071068e-001  0.000000e+000
    outer loop
      vertex -8.804542e+001 -8.155872e+001  1.000000e+001
      vertex -8.844128e+001 -8.195458e+001  0.000000e+000
      vertex -8.844128e+001 -8.195458e+001  1.000000e+001
    endloop
  endfacet
  facet normal -5.320236e-001  8.467295e-001  0.000000e+000
    outer loop
      vertex -8.844128e+001 -8.195458e+001  1.000000e+001
      vertex -8.844128e+001 -8.195458e+001  0.000000e+000
      vertex -8.891529e+001 -8.225242e+001  0.000000e+000
    endloop
  endfacet
  facet normal -5.320236e-001  8.467295e-001  0.000000e+000
    outer loop
      vertex -8.844128e+001 -8.195458e+001  1.000000e+001
      vertex -8.891529e+001 -8.225242e+001  0.000000e+000
      vertex -8.891529e+001 -8.225242e+001  1.000000e+001
    endloop
  endfacet
  facet normal -3.302818e-001  9.438823e-001  0.000000e+000
    outer loop
      vertex -8.891529e+001 -8.225242e+001  1.000000e+001
      vertex -8.891529e+001 -8.225242e+001  0.000000e+000
      vertex -8.944370e+001 -8.243732e+001  0.000000e+000
    endloop
  endfacet
  facet normal -3.302818e-001  9.438823e-001  0.000000e+000
    outer loop
      vertex -8.891529e+001 -8.225242e+001  1.000000e+001
      vertex -8.944370e+001 -8.243732e+001  0.000000e+000
      vertex -8.944370e+001 -8.243732e+001  1.000000e+001
    endloop
  endfacet
  facet normal -1.119691e-001  9.937117e-001  0.000000e+000
    outer loop
      vertex -8.944370e+001 -8.243732e+001  1.000000e+001
      vertex -8.944370e+001 -8.243732e+001  0.000000e+000
      vertex -9.000000e+001 -8.250000e+001  0.000000e+000
    endloop
  endfacet
  facet normal -1.119691e-001  9.937117e-001  0.000000e+000
    outer loop
      vertex -8.944370e+001 -8.243732e+001  1.000000e+001
      vertex -9.000000e+001 -8.250000e+001  0.000000e+000
      vertex -9.000000e+001 -8.250000e+001  1.000000e+001
    endloop
  endfacet
  facet normal -9.937117e-001 -1.119691e-001  -0.000000e+000
    outer loop
      vertex -8.750000e+001 -1.300000e+002  0.000000e+000
      vertex -8.756268e+001 -1.294437e+002  1.000000e+001
      vertex -8.756268e+001 -1.294437e+002  0.000000e+000
    endloop
  endfacet
  facet normal -9.438838e-001 -3.302776e-001  0.000000e+000
    outer loop
      vertex -8.756268e+001 -1.294437e+002  0.000000e+000
      vertex -8.756268e+001 -1.294437e+002  1.000000e+001
      vertex -8.774758e+001 -1.289153e+002  1.000000e+001
    endloop
  endfacet
  facet normal -9.438838e-001 -3.302776e-001  -0.000000e+000
    outer loop
      vertex -8.756268e+001 -1.294437e+002  0.000000e+000
      vertex -8.774758e+001 -1.289153e+002  1.000000e+001
      vertex -8.774758e+001 -1.289153e+002  0.000000e+000
    endloop
  endfacet
  facet normal -8.467295e-001 -5.320236e-001  0.000000e+000
    outer loop
      vertex -8.774758e+001 -1.289153e+002  0.000000e+000
      vertex -8.774758e+001 -1.289153e+002  1.000000e+001
      vertex -8.804542e+001 -1.284413e+002  1.000000e+001
    endloop
  endfacet
  facet normal -8.467295e-001 -5.320236e-001  -0.000000e+000
    outer loop
      vertex -8.774758e+001 -1.289153e+002  0.000000e+000
      vertex -8.804542e+001 -1.284413e+002  1.000000e+001
      vertex -8.804542e+001 -1.284413e+002  0.000000e+000
    endloop
  endfacet
  facet normal -7.070932e-001 -7.071204e-001  0.000000e+000
    outer loop
      vertex -8.804542e+001 -1.284413e+002  0.000000e+000
      vertex -8.804542e+001 -1.284413e+002  1.000000e+001
      vertex -8.844128e+001 -1.280454e+002  1.000000e+001
    endloop
  endfacet
  facet normal -7.070932e-001 -7.071204e-001  -0.000000e+000
    outer loop
      vertex -8.804542e+001 -1.284413e+002  0.000000e+000
      vertex -8.844128e+001 -1.280454e+002  1.000000e+001
      vertex -8.844128e+001 -1.280454e+002  0.000000e+000
    endloop
  endfacet
  facet normal -5.320334e-001 -8.467234e-001  0.000000e+000
    outer loop
      vertex -8.844128e+001 -1.280454e+002  0.000000e+000
      vertex -8.844128e+001 -1.280454e+002  1.000000e+001
      vertex -8.891529e+001 -1.277476e+002  1.000000e+001
    endloop
  endfacet
  facet normal -5.320334e-001 -8.467234e-001  -0.000000e+000
    outer loop
      vertex -8.844128e+001 -1.280454e+002  0.000000e+000
      vertex -8.891529e+001 -1.277476e+002  1.000000e+001
      vertex -8.891529e+001 -1.277476e+002  0.000000e+000
    endloop
  endfacet
  facet normal -3.302818e-001 -9.438823e-001  0.000000e+000
    outer loop
      vertex -8.891529e+001 -1.277476e+002  0.000000e+000
      vertex -8.891529e+001 -1.277476e+002  1.000000e+001
      vertex -8.944370e+001 -1.275627e+002  1.000000e+001
    endloop
  endfacet
  facet normal -3.302818e-001 -9.438823e-001  -0.000000e+000
    outer loop
      vertex -8.891529e+001 -1.277476e+002  0.000000e+000
      vertex -8.944370e+001 -1.275627e+002  1.000000e+001
      vertex -8.944370e+001 -1.275627e+002  0.000000e+000
    endloop
  endfacet
  facet normal -1.119691e-001 -9.937117e-001  0.000000e+000
    outer loop
      vertex -8.944370e+001 -1.275627e+002  0.000000e+000
      vertex -8.944370e+001 -1.275627e+002  1.000000e+001
      vertex -9.000000e+001 -1.275000e+002  1.000000e+001
    endloop
  endfacet
  facet normal -1.119691e-001 -9.937117e-001  -0.000000e+000
    outer loop
      vertex -8.944370e+001 -1.275627e+002  0.000000e+000
      vertex -9.000000e+001 -1.275000e+002  1.000000e+001
      vertex -9.000000e+001 -1.275000e+002  0.000000e+000
    endloop
  endfacet
  facet normal -9.937117e-001 -1.119691e-001  0.000000e+000
    outer loop
      vertex -8.756268e+001 -1.294437e+002  1.000000e+001
      vertex -8.750000e+001 -1.300000e+002  0.000000e+000
      vertex -8.750000e+001 -1.300000e+002  1.000000e+001
    endloop
  endfacet
  facet normal -9.937117e-001  1.119691e-001  0.000000e+000
    outer loop
      vertex -8.750000e+001 -1.300000e+002  1.000000e+001
      vertex -8.750000e+001 -1.300000e+002  0.000000e+000
      vertex -8.756268e+001 -1.305563e+002  0.000000e+000
    endloop
  endfacet
  facet normal -9.937117e-001  1.119691e-001  0.000000e+000
    outer loop
      vertex -8.750000e+001 -1.300000e+002  1.000000e+001
      vertex -8.756268e+001 -1.305563e+002  0.000000e+000
      vertex -8.756268e+001 -1.305563e+002  1.000000e+001
    endloop
  endfacet
  facet normal -9.438838e-001  3.302776e-001  0.000000e+000
    outer loop
      vertex -8.756268e+001 -1.305563e+002  1.000000e+001
      vertex -8.756268e+001 -1.305563e+002  0.000000e+000
      vertex -8.774758e+001 -1.310847e+002  0.000000e+000
    endloop
  endfacet
  facet normal -9.438838e-001  3.302776e-001  0.000000e+000
    outer loop
      vertex -8.756268e+001 -1.305563e+002  1.000000e+001
      vertex -8.774758e+001 -1.310847e+002  0.000000e+000
      vertex -8.774758e+001 -1.310847e+002  1.000000e+001
    endloop
  endfacet
  facet normal -8.467295e-001  5.320236e-001  0.000000e+000
    outer loop
      vertex -8.774758e+001 -1.310847e+002  1.000000e+001
      vertex -8.774758e+001 -1.310847e+002  0.000000e+000
      vertex -8.804542e+001 -1.315587e+002  0.000000e+000
    endloop
  endfacet
  facet normal -8.467295e-001  5.320236e-001  0.000000e+000
    outer loop
      vertex -8.774758e+001 -1.310847e+002  1.000000e+001
      vertex -8.804542e+001 -1.315587e+002  0.000000e+000
      vertex -8.804542e+001 -1.315587e+002  1.000000e+001
    endloop
  endfacet
  facet normal -7.070932e-001  7.071204e-001  0.000000e+000
    outer loop
      vertex -8.804542e+001 -1.315587e+002  1.000000e+001
      vertex -8.804542e+001 -1.315587e+002  0.000000e+000
      vertex -8.844128e+001 -1.319546e+002  0.000000e+000
    endloop
  endfacet
  facet normal -7.070932e-001  7.071204e-001  0.000000e+000
    outer loop
      vertex -8.804542e+001 -1.315587e+002  1.000000e+001
      vertex -8.844128e+001 -1.319546e+002  0.000000e+000
      vertex -8.844128e+001 -1.319546e+002  1.000000e+001
    endloop
  endfacet
  facet normal -5.320432e-001  8.467173e-001  0.000000e+000
    outer loop
      vertex -8.844128e+001 -1.319546e+002  1.000000e+001
      vertex -8.844128e+001 -1.319546e+002  0.000000e+000
      vertex -8.891529e+001 -1.322524e+002  0.000000e+000
    endloop
  endfacet
  facet normal -5.320432e-001  8.467173e-001  0.000000e+000
    outer loop
      vertex -8.844128e+001 -1.319546e+002  1.000000e+001
      vertex -8.891529e+001 -1.322524e+002  0.000000e+000
      vertex -8.891529e+001 -1.322524e+002  1.000000e+001
    endloop
  endfacet
  facet normal -3.302697e-001  9.438866e-001  0.000000e+000
    outer loop
      vertex -8.891529e+001 -1.322524e+002  1.000000e+001
      vertex -8.891529e+001 -1.322524e+002  0.000000e+000
      vertex -8.944370e+001 -1.324373e+002  0.000000e+000
    endloop
  endfacet
  facet normal -3.302697e-001  9.438866e-001  0.000000e+000
    outer loop
      vertex -8.891529e+001 -1.322524e+002  1.000000e+001
      vertex -8.944370e+001 -1.324373e+002  0.000000e+000
      vertex -8.944370e+001 -1.324373e+002  1.000000e+001
    endloop
  endfacet
  facet normal -1.119691e-001  9.937117e-001  0.000000e+000
    outer loop
      vertex -8.944370e+001 -1.324373e+002  1.000000e+001
      vertex -8.944370e+001 -1.324373e+002  0.000000e+000
      vertex -9.000000e+001 -1.325000e+002  0.000000e+000
    endloop
  endfacet
  facet normal -1.119691e-001  9.937117e-001  0.000000e+000
    outer loop
      vertex -8.944370e+001 -1.324373e+002  1.000000e+001
      vertex -9.000000e+001 -1.325000e+002  0.000000e+000
      vertex -9.000000e+001 -1.325000e+002  1.000000e+001
    endloop
  endfacet
  facet normal  0.000000e+000  1.000000e+000  -0.000000e+000
    outer loop
      vertex -9.600000e+001 -1.280000e+002  9.000000e+001
      vertex -9.600000e+001 -1.280000e+002  7.300000e+001
      vertex -1.010000e+002 -1.280000e+002  9.000000e+001
    endloop
  endfacet
  facet normal  0.000000e+000  1.000000e+000  0.000000e+000
    outer loop
      vertex -1.010000e+002 -1.280000e+002  9.000000e+001
      vertex -9.600000e+001 -1.280000e+002  7.300000e+001
      vertex -1.010000e+002 -1.280000e+002  7.300000e+001
    endloop
  endfacet
  facet normal  -0.000000e+000  0.000000e+000  1.000000e+000
    outer loop
      vertex -9.600000e+001 -5.000000e+000  7.300000e+001
      vertex -1.010000e+002 -5.000000e+000  7.300000e+001
      vertex -9.600000e+001 -1.280000e+002  7.300000e+001
    endloop
  endfacet
  facet normal  0.000000e+000  0.000000e+000  1.000000e+000
    outer loop
      vertex -9.600000e+001 -1.280000e+002  7.300000e+001
      vertex -1.010000e+002 -5.000000e+000  7.300000e+001
      vertex -1.010000e+002 -1.280000e+002  7.300000e+001
    endloop
  endfacet
  facet normal  0.000000e+000 -1.000000e+000  -0.000000e+000
    outer loop
      vertex -9.600000e+001 -5.000000e+000  7.300000e+001
      vertex -9.600000e+001 -5.000000e+000  9.000000e+001
      vertex -1.010000e+002 -5.000000e+000  7.300000e+001
    endloop
  endfacet
  facet normal  0.000000e+000 -1.000000e+000  0.000000e+000
    outer loop
      vertex -1.010000e+002 -5.000000e+000  7.300000e+001
      vertex -9.600000e+001 -5.000000e+000  9.000000e+001
      vertex -1.010000e+002 -5.000000e+000  9.000000e+001
    endloop
  endfacet
  facet normal  0.000000e+000  0.000000e+000 -1.000000e+000
    outer loop
      vertex -9.600000e+001 -1.280000e+002  9.000000e+001
      vertex -1.010000e+002 -1.280000e+002  9.000000e+001
      vertex -9.600000e+001 -5.000000e+000  9.000000e+001
    endloop
  endfacet
  facet normal  -0.000000e+000  0.000000e+000 -1.000000e+000
    outer loop
      vertex -9.600000e+001 -5.000000e+000  9.000000e+001
      vertex -1.010000e+002 -1.280000e+002  9.000000e+001
      vertex -1.010000e+002 -5.000000e+000  9.000000e+001
    endloop
  endfacet
  facet normal  1.000000e+000  0.000000e+000  0.000000e+000
    outer loop
      vertex -1.010000e+002 -1.280000e+002  7.300000e+001
      vertex -1.010000e+002 -5.000000e+000  7.300000e+001
      vertex -1.010000e+002 -1.280000e+002  9.000000e+001
    endloop
  endfacet
  facet normal  1.000000e+000  -0.000000e+000  0.000000e+000
    outer loop
      vertex -1.010000e+002 -1.280000e+002  9.000000e+001
      vertex -1.010000e+002 -5.000000e+000  7.300000e+001
      vertex -1.010000e+002 -5.000000e+000  9.000000e+001
    endloop
  endfacet
  facet normal  -0.000000e+000  9.999999e-001  0.000000e+000
    outer loop
      vertex  1.100000e+002 -1.350000e+002  0.000000e+000
      vertex -8.500000e+001 -1.350000e+002  7.105427e-015
      vertex  1.100000e+002 -1.350000e+002  1.000000e+001
    endloop
  endfacet
  facet normal  0.000000e+000  9.999999e-001  0.000000e+000
    outer loop
      vertex  1.100000e+002 -1.350000e+002  1.000000e+001
      vertex -8.500000e+001 -1.350000e+002  7.105427e-015
      vertex -8.500000e+001 -1.350000e+002  1.000000e+001
    endloop
  endfacet
endsolid CATIA STL
