solid CATIA STL
  facet normal -3.998998e-001 -9.165589e-001  0.000000e+000
    outer loop
      vertex -4.880338e+001 -2.500000e+001 -4.000000e+000
      vertex -4.900000e+001 -2.491421e+001 -5.000000e+000
      vertex -4.880338e+001 -2.500000e+001 -5.000000e+000
    endloop
  endfacet
  facet normal -5.676215e-001 -8.232894e-001 -7.590319e-004
    outer loop
      vertex -4.857526e+001 -2.514738e+001 -4.000000e+000
      vertex -4.854342e+001 -2.517303e+001  0.000000e+000
      vertex -4.876030e+001 -2.502350e+001  0.000000e+000
    endloop
  endfacet
  facet normal -6.852388e-001 -7.283182e-001  7.863764e-004
    outer loop
      vertex -4.854342e+001 -2.517303e+001  0.000000e+000
      vertex -4.857526e+001 -2.514738e+001 -4.000000e+000
      vertex -4.837746e+001 -2.533348e+001 -4.000000e+000
    endloop
  endfacet
  facet normal -7.028985e-001 -7.112898e-001 -6.293477e-004
    outer loop
      vertex -4.837746e+001 -2.533348e+001 -4.000000e+000
      vertex -4.835603e+001 -2.535820e+001  0.000000e+000
      vertex -4.854342e+001 -2.517303e+001  0.000000e+000
    endloop
  endfacet
  facet normal -8.053338e-001 -5.928213e-001  6.515308e-004
    outer loop
      vertex -4.835603e+001 -2.535820e+001  0.000000e+000
      vertex -4.837746e+001 -2.533348e+001 -4.000000e+000
      vertex -4.821646e+001 -2.555220e+001 -4.000000e+000
    endloop
  endfacet
  facet normal -5.426770e-001 -8.399410e-001  9.106010e-004
    outer loop
      vertex -4.857526e+001 -2.514738e+001 -4.000000e+000
      vertex -4.876030e+001 -2.502350e+001  0.000000e+000
      vertex -4.880338e+001 -2.500000e+001 -4.000000e+000
    endloop
  endfacet
  facet normal -4.148368e-001 -9.098954e-001 -8.771411e-004
    outer loop
      vertex -4.880338e+001 -2.500000e+001 -4.000000e+000
      vertex -4.876030e+001 -2.502350e+001  0.000000e+000
      vertex -4.900000e+001 -2.491421e+001  0.000000e+000
    endloop
  endfacet
  facet normal -3.998998e-001 -9.165589e-001  -0.000000e+000
    outer loop
      vertex -4.880338e+001 -2.500000e+001 -4.000000e+000
      vertex -4.900000e+001 -2.491421e+001  0.000000e+000
      vertex -4.900000e+001 -2.491421e+001 -5.000000e+000
    endloop
  endfacet
  facet normal -8.164960e-001 -5.773510e-001 -4.882387e-004
    outer loop
      vertex -4.835603e+001 -2.535820e+001  0.000000e+000
      vertex -4.821646e+001 -2.555220e+001 -4.000000e+000
      vertex -4.820394e+001 -2.557330e+001  0.000000e+000
    endloop
  endfacet
  facet normal -8.990225e-001 -4.379021e-001  5.057841e-004
    outer loop
      vertex -4.820394e+001 -2.557330e+001  0.000000e+000
      vertex -4.821646e+001 -2.555220e+001 -4.000000e+000
      vertex -4.809754e+001 -2.579636e+001 -4.000000e+000
    endloop
  endfacet
  facet normal -9.049121e-001 -4.255982e-001 -3.370072e-004
    outer loop
      vertex -4.820394e+001 -2.557330e+001  0.000000e+000
      vertex -4.809754e+001 -2.579636e+001 -4.000000e+000
      vertex -4.809182e+001 -2.581168e+001  0.000000e+000
    endloop
  endfacet
  facet normal -9.632468e-001 -2.686177e-001  3.478386e-004
    outer loop
      vertex -4.809182e+001 -2.581168e+001  0.000000e+000
      vertex -4.809754e+001 -2.579636e+001 -4.000000e+000
      vertex -4.802459e+001 -2.605796e+001 -4.000000e+000
    endloop
  endfacet
  facet normal -9.654106e-001 -2.607347e-001 -1.738823e-004
    outer loop
      vertex -4.809182e+001 -2.581168e+001  0.000000e+000
      vertex -4.802459e+001 -2.605796e+001 -4.000000e+000
      vertex -4.802313e+001 -2.606601e+001  0.000000e+000
    endloop
  endfacet
  facet normal -9.958940e-001 -9.052751e-002  1.796937e-004
    outer loop
      vertex -4.802313e+001 -2.606601e+001  0.000000e+000
      vertex -4.802459e+001 -2.605796e+001 -4.000000e+000
      vertex -4.800000e+001 -2.632843e+001 -4.000000e+000
    endloop
  endfacet
  facet normal -9.961373e-001 -8.780993e-002  0.000000e+000
    outer loop
      vertex -4.802313e+001 -2.606601e+001  0.000000e+000
      vertex -4.800000e+001 -2.632843e+001 -4.000000e+000
      vertex -4.800000e+001 -2.632843e+001  0.000000e+000
    endloop
  endfacet
  facet normal -1.000000e+000  0.000000e+000  0.000000e+000
    outer loop
      vertex -4.800000e+001 -2.632843e+001 -4.000000e+000
      vertex -4.800000e+001 -2.867157e+001 -4.000000e+000
      vertex -4.800000e+001 -2.632843e+001  0.000000e+000
    endloop
  endfacet
  facet normal -1.000000e+000  -0.000000e+000  0.000000e+000
    outer loop
      vertex -4.800000e+001 -2.632843e+001  0.000000e+000
      vertex -4.800000e+001 -2.867157e+001 -4.000000e+000
      vertex -4.800000e+001 -2.867157e+001  0.000000e+000
    endloop
  endfacet
  facet normal -8.053338e-001  5.928213e-001  6.515308e-004
    outer loop
      vertex -4.837746e+001 -2.966652e+001 -4.000000e+000
      vertex -4.835603e+001 -2.964180e+001  0.000000e+000
      vertex -4.821646e+001 -2.944780e+001 -4.000000e+000
    endloop
  endfacet
  facet normal -7.028985e-001  7.112898e-001 -6.293477e-004
    outer loop
      vertex -4.854342e+001 -2.982697e+001  0.000000e+000
      vertex -4.835603e+001 -2.964180e+001  0.000000e+000
      vertex -4.837746e+001 -2.966652e+001 -4.000000e+000
    endloop
  endfacet
  facet normal -6.852388e-001  7.283182e-001  7.863769e-004
    outer loop
      vertex -4.857526e+001 -2.985262e+001 -4.000000e+000
      vertex -4.854342e+001 -2.982697e+001  0.000000e+000
      vertex -4.837746e+001 -2.966652e+001 -4.000000e+000
    endloop
  endfacet
  facet normal -5.676215e-001  8.232894e-001 -7.590319e-004
    outer loop
      vertex -4.876030e+001 -2.997650e+001  0.000000e+000
      vertex -4.854342e+001 -2.982697e+001  0.000000e+000
      vertex -4.857526e+001 -2.985262e+001 -4.000000e+000
    endloop
  endfacet
  facet normal -3.998998e-001  9.165589e-001  0.000000e+000
    outer loop
      vertex -4.880338e+001 -3.000000e+001 -4.000000e+000
      vertex -4.880338e+001 -3.000000e+001 -5.000000e+000
      vertex -4.900000e+001 -3.008579e+001 -5.000000e+000
    endloop
  endfacet
  facet normal -3.998998e-001  9.165589e-001  0.000000e+000
    outer loop
      vertex -4.880338e+001 -3.000000e+001 -4.000000e+000
      vertex -4.900000e+001 -3.008579e+001 -5.000000e+000
      vertex -4.900000e+001 -3.008579e+001  0.000000e+000
    endloop
  endfacet
  facet normal -4.148368e-001  9.098954e-001 -8.771420e-004
    outer loop
      vertex -4.880338e+001 -3.000000e+001 -4.000000e+000
      vertex -4.900000e+001 -3.008579e+001  0.000000e+000
      vertex -4.876030e+001 -2.997650e+001  0.000000e+000
    endloop
  endfacet
  facet normal -5.426770e-001  8.399410e-001  9.106010e-004
    outer loop
      vertex -4.880338e+001 -3.000000e+001 -4.000000e+000
      vertex -4.876030e+001 -2.997650e+001  0.000000e+000
      vertex -4.857526e+001 -2.985262e+001 -4.000000e+000
    endloop
  endfacet
  facet normal -8.164960e-001  5.773510e-001 -4.882387e-004
    outer loop
      vertex -4.835603e+001 -2.964180e+001  0.000000e+000
      vertex -4.820394e+001 -2.942670e+001  0.000000e+000
      vertex -4.821646e+001 -2.944780e+001 -4.000000e+000
    endloop
  endfacet
  facet normal -9.049120e-001  4.255982e-001  5.891299e-004
    outer loop
      vertex -4.821646e+001 -2.944780e+001 -4.000000e+000
      vertex -4.820394e+001 -2.942670e+001  0.000000e+000
      vertex -4.809182e+001 -2.918832e+001  0.000000e+000
    endloop
  endfacet
  facet normal -8.990226e-001  4.379022e-001 -3.925678e-004
    outer loop
      vertex -4.821646e+001 -2.944780e+001 -4.000000e+000
      vertex -4.809182e+001 -2.918832e+001  0.000000e+000
      vertex -4.809754e+001 -2.920364e+001 -4.000000e+000
    endloop
  endfacet
  facet normal -9.654104e-001  2.607347e-001  3.811347e-004
    outer loop
      vertex -4.809754e+001 -2.920364e+001 -4.000000e+000
      vertex -4.809182e+001 -2.918832e+001  0.000000e+000
      vertex -4.802313e+001 -2.893399e+001  0.000000e+000
    endloop
  endfacet
  facet normal -9.632468e-001  2.686177e-001 -1.905312e-004
    outer loop
      vertex -4.809754e+001 -2.920364e+001 -4.000000e+000
      vertex -4.802313e+001 -2.893399e+001  0.000000e+000
      vertex -4.802459e+001 -2.894204e+001 -4.000000e+000
    endloop
  endfacet
  facet normal -9.961373e-001  8.780993e-002  1.852506e-004
    outer loop
      vertex -4.802459e+001 -2.894204e+001 -4.000000e+000
      vertex -4.802313e+001 -2.893399e+001  0.000000e+000
      vertex -4.800000e+001 -2.867157e+001  0.000000e+000
    endloop
  endfacet
  facet normal -9.958940e-001  9.052751e-002  0.000000e+000
    outer loop
      vertex -4.802459e+001 -2.894204e+001 -4.000000e+000
      vertex -4.800000e+001 -2.867157e+001  0.000000e+000
      vertex -4.800000e+001 -2.867157e+001 -4.000000e+000
    endloop
  endfacet
  facet normal -8.053338e-001  5.928213e-001  6.515308e-004
    outer loop
      vertex -4.837746e+001  2.533348e+001 -4.000000e+000
      vertex -4.835603e+001  2.535820e+001  0.000000e+000
      vertex -4.821646e+001  2.555220e+001 -4.000000e+000
    endloop
  endfacet
  facet normal -7.028985e-001  7.112898e-001 -6.293477e-004
    outer loop
      vertex -4.854342e+001  2.517303e+001  0.000000e+000
      vertex -4.835603e+001  2.535820e+001  0.000000e+000
      vertex -4.837746e+001  2.533348e+001 -4.000000e+000
    endloop
  endfacet
  facet normal -6.852388e-001  7.283182e-001  7.863769e-004
    outer loop
      vertex -4.857526e+001  2.514738e+001 -4.000000e+000
      vertex -4.854342e+001  2.517303e+001  0.000000e+000
      vertex -4.837746e+001  2.533348e+001 -4.000000e+000
    endloop
  endfacet
  facet normal -5.676215e-001  8.232894e-001 -7.590319e-004
    outer loop
      vertex -4.876030e+001  2.502350e+001  0.000000e+000
      vertex -4.854342e+001  2.517303e+001  0.000000e+000
      vertex -4.857526e+001  2.514738e+001 -4.000000e+000
    endloop
  endfacet
  facet normal -3.998998e-001  9.165589e-001  0.000000e+000
    outer loop
      vertex -4.880338e+001  2.500000e+001 -4.000000e+000
      vertex -4.880338e+001  2.500000e+001 -5.000000e+000
      vertex -4.900000e+001  2.491421e+001 -5.000000e+000
    endloop
  endfacet
  facet normal -3.998998e-001  9.165589e-001  0.000000e+000
    outer loop
      vertex -4.880338e+001  2.500000e+001 -4.000000e+000
      vertex -4.900000e+001  2.491421e+001 -5.000000e+000
      vertex -4.900000e+001  2.491421e+001  0.000000e+000
    endloop
  endfacet
  facet normal -4.148368e-001  9.098954e-001 -8.771420e-004
    outer loop
      vertex -4.880338e+001  2.500000e+001 -4.000000e+000
      vertex -4.900000e+001  2.491421e+001  0.000000e+000
      vertex -4.876030e+001  2.502350e+001  0.000000e+000
    endloop
  endfacet
  facet normal -5.426770e-001  8.399410e-001  9.106010e-004
    outer loop
      vertex -4.880338e+001  2.500000e+001 -4.000000e+000
      vertex -4.876030e+001  2.502350e+001  0.000000e+000
      vertex -4.857526e+001  2.514738e+001 -4.000000e+000
    endloop
  endfacet
  facet normal -8.164960e-001  5.773510e-001 -4.882387e-004
    outer loop
      vertex -4.835603e+001  2.535820e+001  0.000000e+000
      vertex -4.820394e+001  2.557330e+001  0.000000e+000
      vertex -4.821646e+001  2.555220e+001 -4.000000e+000
    endloop
  endfacet
  facet normal -9.049120e-001  4.255982e-001  5.891299e-004
    outer loop
      vertex -4.821646e+001  2.555220e+001 -4.000000e+000
      vertex -4.820394e+001  2.557330e+001  0.000000e+000
      vertex -4.809182e+001  2.581168e+001  0.000000e+000
    endloop
  endfacet
  facet normal -8.990226e-001  4.379022e-001 -3.925678e-004
    outer loop
      vertex -4.821646e+001  2.555220e+001 -4.000000e+000
      vertex -4.809182e+001  2.581168e+001  0.000000e+000
      vertex -4.809754e+001  2.579636e+001 -4.000000e+000
    endloop
  endfacet
  facet normal -9.654104e-001  2.607347e-001  3.811347e-004
    outer loop
      vertex -4.809754e+001  2.579636e+001 -4.000000e+000
      vertex -4.809182e+001  2.581168e+001  0.000000e+000
      vertex -4.802313e+001  2.606601e+001  0.000000e+000
    endloop
  endfacet
  facet normal -9.632468e-001  2.686177e-001 -1.905312e-004
    outer loop
      vertex -4.809754e+001  2.579636e+001 -4.000000e+000
      vertex -4.802313e+001  2.606601e+001  0.000000e+000
      vertex -4.802459e+001  2.605796e+001 -4.000000e+000
    endloop
  endfacet
  facet normal -9.961373e-001  8.780993e-002  1.852506e-004
    outer loop
      vertex -4.802459e+001  2.605796e+001 -4.000000e+000
      vertex -4.802313e+001  2.606601e+001  0.000000e+000
      vertex -4.800000e+001  2.632843e+001  0.000000e+000
    endloop
  endfacet
  facet normal -9.958940e-001  9.052751e-002  0.000000e+000
    outer loop
      vertex -4.802459e+001  2.605796e+001 -4.000000e+000
      vertex -4.800000e+001  2.632843e+001  0.000000e+000
      vertex -4.800000e+001  2.632843e+001 -4.000000e+000
    endloop
  endfacet
  facet normal -1.000000e+000  0.000000e+000  0.000000e+000
    outer loop
      vertex -4.800000e+001  2.850000e+001 -4.000000e+000
      vertex -4.800000e+001  2.632843e+001 -4.000000e+000
      vertex -4.800000e+001  2.850000e+001  0.000000e+000
    endloop
  endfacet
  facet normal -1.000000e+000  -0.000000e+000  0.000000e+000
    outer loop
      vertex -4.800000e+001  2.850000e+001  0.000000e+000
      vertex -4.800000e+001  2.632843e+001 -4.000000e+000
      vertex -4.800000e+001  2.632843e+001  0.000000e+000
    endloop
  endfacet
  facet normal -9.049135e-001 -4.255955e-001  0.000000e+000
    outer loop
      vertex -4.820394e+001  2.925513e+001  0.000000e+000
      vertex -4.809182e+001  2.901674e+001 -4.000000e+000
      vertex -4.809182e+001  2.901674e+001  0.000000e+000
    endloop
  endfacet
  facet normal -9.654106e-001 -2.607347e-001  -0.000000e+000
    outer loop
      vertex -4.809182e+001  2.901674e+001  0.000000e+000
      vertex -4.809182e+001  2.901674e+001 -4.000000e+000
      vertex -4.802313e+001  2.876242e+001 -4.000000e+000
    endloop
  endfacet
  facet normal -9.654106e-001 -2.607347e-001  0.000000e+000
    outer loop
      vertex -4.809182e+001  2.901674e+001  0.000000e+000
      vertex -4.802313e+001  2.876242e+001 -4.000000e+000
      vertex -4.802313e+001  2.876242e+001  0.000000e+000
    endloop
  endfacet
  facet normal -9.961373e-001 -8.780993e-002  -0.000000e+000
    outer loop
      vertex -4.802313e+001  2.876242e+001  0.000000e+000
      vertex -4.802313e+001  2.876242e+001 -4.000000e+000
      vertex -4.800000e+001  2.850000e+001 -4.000000e+000
    endloop
  endfacet
  facet normal -9.961373e-001 -8.780993e-002  0.000000e+000
    outer loop
      vertex -4.802313e+001  2.876242e+001  0.000000e+000
      vertex -4.800000e+001  2.850000e+001 -4.000000e+000
      vertex -4.800000e+001  2.850000e+001  0.000000e+000
    endloop
  endfacet
  facet normal -9.049135e-001 -4.255955e-001  -0.000000e+000
    outer loop
      vertex -4.809182e+001  2.901674e+001 -4.000000e+000
      vertex -4.820394e+001  2.925513e+001  0.000000e+000
      vertex -4.820394e+001  2.925513e+001 -4.000000e+000
    endloop
  endfacet
  facet normal -8.164961e-001 -5.773510e-001  0.000000e+000
    outer loop
      vertex -4.820394e+001  2.925513e+001 -4.000000e+000
      vertex -4.820394e+001  2.925513e+001  0.000000e+000
      vertex -4.835603e+001  2.947023e+001  0.000000e+000
    endloop
  endfacet
  facet normal -8.164961e-001 -5.773510e-001  -0.000000e+000
    outer loop
      vertex -4.820394e+001  2.925513e+001 -4.000000e+000
      vertex -4.835603e+001  2.947023e+001  0.000000e+000
      vertex -4.835603e+001  2.947023e+001 -4.000000e+000
    endloop
  endfacet
  facet normal -7.028950e-001 -7.112936e-001  0.000000e+000
    outer loop
      vertex -4.835603e+001  2.947023e+001 -4.000000e+000
      vertex -4.835603e+001  2.947023e+001  0.000000e+000
      vertex -4.854342e+001  2.965540e+001  0.000000e+000
    endloop
  endfacet
  facet normal -7.028950e-001 -7.112936e-001  -0.000000e+000
    outer loop
      vertex -4.835603e+001  2.947023e+001 -4.000000e+000
      vertex -4.854342e+001  2.965540e+001  0.000000e+000
      vertex -4.854342e+001  2.965540e+001 -4.000000e+000
    endloop
  endfacet
  facet normal -5.676216e-001 -8.232896e-001  0.000000e+000
    outer loop
      vertex -4.854342e+001  2.965540e+001 -4.000000e+000
      vertex -4.854342e+001  2.965540e+001  0.000000e+000
      vertex -4.876030e+001  2.980493e+001  0.000000e+000
    endloop
  endfacet
  facet normal -5.676216e-001 -8.232896e-001  -0.000000e+000
    outer loop
      vertex -4.854342e+001  2.965540e+001 -4.000000e+000
      vertex -4.876030e+001  2.980493e+001  0.000000e+000
      vertex -4.876030e+001  2.980493e+001 -4.000000e+000
    endloop
  endfacet
  facet normal -4.148369e-001 -9.098958e-001  0.000000e+000
    outer loop
      vertex -4.876030e+001  2.980493e+001 -4.000000e+000
      vertex -4.876030e+001  2.980493e+001  0.000000e+000
      vertex -4.900000e+001  2.991421e+001  0.000000e+000
    endloop
  endfacet
  facet normal -4.148369e-001 -9.098958e-001  -0.000000e+000
    outer loop
      vertex -4.876030e+001  2.980493e+001 -4.000000e+000
      vertex -4.900000e+001  2.991421e+001  0.000000e+000
      vertex -4.900000e+001  2.991421e+001 -4.000000e+000
    endloop
  endfacet
  facet normal -5.676215e-001 -8.232895e-001  6.072255e-004
    outer loop
      vertex -4.923970e+001  3.002350e+001  0.000000e+000
      vertex -4.945658e+001  3.017303e+001  0.000000e+000
      vertex -4.942474e+001  3.014738e+001 -5.000000e+000
    endloop
  endfacet
  facet normal -6.852388e-001 -7.283182e-001 -6.291012e-004
    outer loop
      vertex -4.962254e+001  3.033348e+001 -5.000000e+000
      vertex -4.942474e+001  3.014738e+001 -5.000000e+000
      vertex -4.945658e+001  3.017303e+001  0.000000e+000
    endloop
  endfacet
  facet normal -7.028986e-001 -7.112899e-001  5.034783e-004
    outer loop
      vertex -4.945658e+001  3.017303e+001  0.000000e+000
      vertex -4.964397e+001  3.035820e+001  0.000000e+000
      vertex -4.962254e+001  3.033348e+001 -5.000000e+000
    endloop
  endfacet
  facet normal -8.053339e-001 -5.928214e-001 -5.212247e-004
    outer loop
      vertex -4.978354e+001  3.055220e+001 -5.000000e+000
      vertex -4.962254e+001  3.033348e+001 -5.000000e+000
      vertex -4.964397e+001  3.035820e+001  0.000000e+000
    endloop
  endfacet
  facet normal -3.998998e-001 -9.165589e-001  -0.000000e+000
    outer loop
      vertex -4.900000e+001  2.991421e+001 -4.000000e+000
      vertex -4.900000e+001  2.991421e+001  0.000000e+000
      vertex -4.919662e+001  3.000000e+001 -4.000000e+000
    endloop
  endfacet
  facet normal -4.148368e-001 -9.098954e-001  8.771411e-004
    outer loop
      vertex -4.919662e+001  3.000000e+001 -4.000000e+000
      vertex -4.900000e+001  2.991421e+001  0.000000e+000
      vertex -4.923970e+001  3.002350e+001  0.000000e+000
    endloop
  endfacet
  facet normal -4.788331e-001 -8.779060e-001  0.000000e+000
    outer loop
      vertex -4.919662e+001  3.000000e+001 -4.000000e+000
      vertex -4.923970e+001  3.002350e+001  0.000000e+000
      vertex -4.919662e+001  3.000000e+001 -5.000000e+000
    endloop
  endfacet
  facet normal -5.426771e-001 -8.399411e-001 -7.284809e-004
    outer loop
      vertex -4.919662e+001  3.000000e+001 -5.000000e+000
      vertex -4.923970e+001  3.002350e+001  0.000000e+000
      vertex -4.942474e+001  3.014738e+001 -5.000000e+000
    endloop
  endfacet
  facet normal -9.961373e-001 -8.780992e-002  0.000000e+000
    outer loop
      vertex -5.000000e+001  3.132843e+001  0.000000e+000
      vertex -5.000000e+001  3.132843e+001 -5.000000e+000
      vertex -4.997687e+001  3.106601e+001  0.000000e+000
    endloop
  endfacet
  facet normal -9.958940e-001 -9.052752e-002 -1.437550e-004
    outer loop
      vertex -4.997687e+001  3.106601e+001  0.000000e+000
      vertex -5.000000e+001  3.132843e+001 -5.000000e+000
      vertex -4.997541e+001  3.105796e+001 -5.000000e+000
    endloop
  endfacet
  facet normal -9.654105e-001 -2.607347e-001  1.391058e-004
    outer loop
      vertex -4.997687e+001  3.106601e+001  0.000000e+000
      vertex -4.997541e+001  3.105796e+001 -5.000000e+000
      vertex -4.990818e+001  3.081168e+001  0.000000e+000
    endloop
  endfacet
  facet normal -9.632469e-001 -2.686177e-001 -2.782709e-004
    outer loop
      vertex -4.990818e+001  3.081168e+001  0.000000e+000
      vertex -4.997541e+001  3.105796e+001 -5.000000e+000
      vertex -4.990246e+001  3.079636e+001 -5.000000e+000
    endloop
  endfacet
  facet normal -9.049122e-001 -4.255983e-001  2.696057e-004
    outer loop
      vertex -4.990818e+001  3.081168e+001  0.000000e+000
      vertex -4.990246e+001  3.079636e+001 -5.000000e+000
      vertex -4.979606e+001  3.057330e+001  0.000000e+000
    endloop
  endfacet
  facet normal -8.990226e-001 -4.379022e-001 -4.046273e-004
    outer loop
      vertex -4.979606e+001  3.057330e+001  0.000000e+000
      vertex -4.990246e+001  3.079636e+001 -5.000000e+000
      vertex -4.978354e+001  3.055220e+001 -5.000000e+000
    endloop
  endfacet
  facet normal -8.164960e-001 -5.773510e-001  3.905910e-004
    outer loop
      vertex -4.979606e+001  3.057330e+001  0.000000e+000
      vertex -4.978354e+001  3.055220e+001 -5.000000e+000
      vertex -4.964397e+001  3.035820e+001  0.000000e+000
    endloop
  endfacet
  facet normal  7.206483e-001  6.933008e-001  -0.000000e+000
    outer loop
      vertex -1.948380e+001  7.628670e+001  0.000000e+000
      vertex -1.966953e+001  7.647975e+001 -4.000000e+000
      vertex -1.966953e+001  7.647975e+001  0.000000e+000
    endloop
  endfacet
  facet normal  8.324937e-001  5.540346e-001  0.000000e+000
    outer loop
      vertex -1.966953e+001  7.647975e+001  0.000000e+000
      vertex -1.966953e+001  7.647975e+001 -4.000000e+000
      vertex -1.981796e+001  7.670277e+001 -4.000000e+000
    endloop
  endfacet
  facet normal  8.324937e-001  5.540346e-001  -0.000000e+000
    outer loop
      vertex -1.966953e+001  7.647975e+001  0.000000e+000
      vertex -1.981796e+001  7.670277e+001 -4.000000e+000
      vertex -1.981796e+001  7.670277e+001  0.000000e+000
    endloop
  endfacet
  facet normal  9.177670e-001  3.971195e-001  0.000000e+000
    outer loop
      vertex -1.981796e+001  7.670277e+001  0.000000e+000
      vertex -1.981796e+001  7.670277e+001 -4.000000e+000
      vertex -1.992434e+001  7.694864e+001 -4.000000e+000
    endloop
  endfacet
  facet normal  9.177670e-001  3.971195e-001  -0.000000e+000
    outer loop
      vertex -1.981796e+001  7.670277e+001  0.000000e+000
      vertex -1.992434e+001  7.694864e+001 -4.000000e+000
      vertex -1.992434e+001  7.694864e+001  0.000000e+000
    endloop
  endfacet
  facet normal  9.737695e-001  2.275366e-001  0.000000e+000
    outer loop
      vertex -1.992434e+001  7.694864e+001  0.000000e+000
      vertex -1.992434e+001  7.694864e+001 -4.000000e+000
      vertex -1.998530e+001  7.720950e+001 -4.000000e+000
    endloop
  endfacet
  facet normal  9.737695e-001  2.275366e-001  -0.000000e+000
    outer loop
      vertex -1.992434e+001  7.694864e+001  0.000000e+000
      vertex -1.998530e+001  7.720950e+001 -4.000000e+000
      vertex -1.998530e+001  7.720950e+001  0.000000e+000
    endloop
  endfacet
  facet normal  7.206483e-001  6.933008e-001  0.000000e+000
    outer loop
      vertex -1.966953e+001  7.647975e+001 -4.000000e+000
      vertex -1.948380e+001  7.628670e+001  0.000000e+000
      vertex -1.948380e+001  7.628670e+001 -4.000000e+000
    endloop
  endfacet
  facet normal  5.858443e-001  8.104236e-001  -0.000000e+000
    outer loop
      vertex -1.948380e+001  7.628670e+001 -4.000000e+000
      vertex -1.948380e+001  7.628670e+001  0.000000e+000
      vertex -1.926670e+001  7.612975e+001  0.000000e+000
    endloop
  endfacet
  facet normal  5.858443e-001  8.104236e-001  0.000000e+000
    outer loop
      vertex -1.948380e+001  7.628670e+001 -4.000000e+000
      vertex -1.926670e+001  7.612975e+001  0.000000e+000
      vertex -1.926670e+001  7.612975e+001 -4.000000e+000
    endloop
  endfacet
  facet normal  4.323431e-001  9.017092e-001  -0.000000e+000
    outer loop
      vertex -1.926670e+001  7.612975e+001 -4.000000e+000
      vertex -1.926670e+001  7.612975e+001  0.000000e+000
      vertex -1.902514e+001  7.601393e+001  0.000000e+000
    endloop
  endfacet
  facet normal  4.323431e-001  9.017092e-001  0.000000e+000
    outer loop
      vertex -1.926670e+001  7.612975e+001 -4.000000e+000
      vertex -1.902514e+001  7.601393e+001  0.000000e+000
      vertex -1.902514e+001  7.601393e+001 -4.000000e+000
    endloop
  endfacet
  facet normal  2.650290e-001  9.642404e-001  -0.000000e+000
    outer loop
      vertex -1.902514e+001  7.601393e+001 -4.000000e+000
      vertex -1.902514e+001  7.601393e+001  0.000000e+000
      vertex -1.876682e+001  7.594293e+001  0.000000e+000
    endloop
  endfacet
  facet normal  2.650290e-001  9.642404e-001  0.000000e+000
    outer loop
      vertex -1.902514e+001  7.601393e+001 -4.000000e+000
      vertex -1.876682e+001  7.594293e+001  0.000000e+000
      vertex -1.876682e+001  7.594293e+001 -4.000000e+000
    endloop
  endfacet
  facet normal  8.931083e-002  9.960037e-001  -0.000000e+000
    outer loop
      vertex -1.876682e+001  7.594293e+001 -4.000000e+000
      vertex -1.876682e+001  7.594293e+001  0.000000e+000
      vertex -1.850000e+001  7.591901e+001  0.000000e+000
    endloop
  endfacet
  facet normal  8.931083e-002  9.960037e-001  0.000000e+000
    outer loop
      vertex -1.876682e+001  7.594293e+001 -4.000000e+000
      vertex -1.850000e+001  7.591901e+001  0.000000e+000
      vertex -1.850000e+001  7.591901e+001 -4.000000e+000
    endloop
  endfacet
  facet normal  2.898689e-001  9.570661e-001 -8.343284e-004
    outer loop
      vertex -2.117838e+001  7.847126e+001 -5.000000e+000
      vertex -2.094546e+001  7.840508e+001  0.000000e+000
      vertex -2.089735e+001  7.838615e+001 -5.000000e+000
    endloop
  endfacet
  facet normal  4.323430e-001  9.017090e-001  7.459879e-004
    outer loop
      vertex -2.089735e+001  7.838615e+001 -5.000000e+000
      vertex -2.094546e+001  7.840508e+001  0.000000e+000
      vertex -2.070390e+001  7.828925e+001  0.000000e+000
    endloop
  endfacet
  facet normal  4.707862e-001  8.822466e-001 -1.118583e-003
    outer loop
      vertex -2.089735e+001  7.838615e+001 -5.000000e+000
      vertex -2.070390e+001  7.828925e+001  0.000000e+000
      vertex -2.063830e+001  7.824791e+001 -5.000000e+000
    endloop
  endfacet
  facet normal  5.858440e-001  8.104233e-001  9.848068e-004
    outer loop
      vertex -2.063830e+001  7.824791e+001 -5.000000e+000
      vertex -2.070390e+001  7.828925e+001  0.000000e+000
      vertex -2.048679e+001  7.813231e+001  0.000000e+000
    endloop
  endfacet
  facet normal  6.336238e-001  7.736402e-001 -1.313446e-003
    outer loop
      vertex -2.063830e+001  7.824791e+001 -5.000000e+000
      vertex -2.048679e+001  7.813231e+001  0.000000e+000
      vertex -2.041114e+001  7.806186e+001 -5.000000e+000
    endloop
  endfacet
  facet normal  7.206479e-001  6.933004e-001  1.135267e-003
    outer loop
      vertex -2.041114e+001  7.806186e+001 -5.000000e+000
      vertex -2.048679e+001  7.813231e+001  0.000000e+000
      vertex -2.030106e+001  7.793925e+001  0.000000e+000
    endloop
  endfacet
  facet normal  7.721968e-001  6.353819e-001 -1.419792e-003
    outer loop
      vertex -2.041114e+001  7.806186e+001 -5.000000e+000
      vertex -2.030106e+001  7.793925e+001  0.000000e+000
      vertex -2.022457e+001  7.783512e+001 -5.000000e+000
    endloop
  endfacet
  facet normal  8.324930e-001  5.540342e-001  1.196830e-003
    outer loop
      vertex -2.022457e+001  7.783512e+001 -5.000000e+000
      vertex -2.030106e+001  7.793925e+001  0.000000e+000
      vertex -2.015264e+001  7.771623e+001  0.000000e+000
    endloop
  endfacet
  facet normal  8.811864e-001  4.727666e-001 -1.436072e-003
    outer loop
      vertex -2.022457e+001  7.783512e+001 -5.000000e+000
      vertex -2.015264e+001  7.771623e+001  0.000000e+000
      vertex -2.008575e+001  7.757638e+001 -5.000000e+000
    endloop
  endfacet
  facet normal  9.177663e-001  3.971192e-001  1.169184e-003
    outer loop
      vertex -2.015264e+001  7.771623e+001  0.000000e+000
      vertex -2.004625e+001  7.747037e+001  0.000000e+000
      vertex -2.008575e+001  7.757638e+001 -5.000000e+000
    endloop
  endfacet
  facet normal  9.787836e-002  9.951984e-001  0.000000e+000
    outer loop
      vertex -2.147059e+001  7.850000e+001 -5.000000e+000
      vertex -2.147059e+001  7.850000e+001  0.000000e+000
      vertex -2.117838e+001  7.847126e+001 -5.000000e+000
    endloop
  endfacet
  facet normal  8.931082e-002  9.960036e-001 -5.053480e-004
    outer loop
      vertex -2.117838e+001  7.847126e+001 -5.000000e+000
      vertex -2.147059e+001  7.850000e+001  0.000000e+000
      vertex -2.120377e+001  7.847607e+001  0.000000e+000
    endloop
  endfacet
  facet normal  2.650290e-001  9.642403e-001  4.177548e-004
    outer loop
      vertex -2.117838e+001  7.847126e+001 -5.000000e+000
      vertex -2.120377e+001  7.847607e+001  0.000000e+000
      vertex -2.094546e+001  7.840508e+001  0.000000e+000
    endloop
  endfacet
  facet normal  9.564034e-001  2.920489e-001  0.000000e+000
    outer loop
      vertex -2.000000e+001  7.729556e+001 -5.000000e+000
      vertex -2.008575e+001  7.757638e+001 -5.000000e+000
      vertex -2.000000e+001  7.729556e+001 -4.000000e+000
    endloop
  endfacet
  facet normal  9.578596e-001  2.872326e-001 -1.477388e-003
    outer loop
      vertex -2.000000e+001  7.729556e+001 -4.000000e+000
      vertex -2.008575e+001  7.757638e+001 -5.000000e+000
      vertex -2.004625e+001  7.747037e+001  0.000000e+000
    endloop
  endfacet
  facet normal  9.857093e-001  1.684069e-001  4.037682e-003
    outer loop
      vertex -2.000000e+001  7.729556e+001 -4.000000e+000
      vertex -2.004625e+001  7.747037e+001  0.000000e+000
      vertex -1.998530e+001  7.720950e+001 -4.000000e+000
    endloop
  endfacet
  facet normal  9.737712e-001  2.275299e-001  -0.000000e+000
    outer loop
      vertex -1.998530e+001  7.720950e+001 -4.000000e+000
      vertex -2.004625e+001  7.747037e+001  0.000000e+000
      vertex -1.998530e+001  7.720950e+001  0.000000e+000
    endloop
  endfacet
  facet normal  0.000000e+000  1.000000e+000  0.000000e+000
    outer loop
      vertex -1.850000e+001  7.591901e+001 -4.000000e+000
      vertex -1.850000e+001  7.591901e+001  0.000000e+000
      vertex -1.650000e+001  7.591901e+001 -4.000000e+000
    endloop
  endfacet
  facet normal  0.000000e+000  1.000000e+000  -0.000000e+000
    outer loop
      vertex -1.650000e+001  7.591901e+001 -4.000000e+000
      vertex -1.850000e+001  7.591901e+001  0.000000e+000
      vertex -1.650000e+001  7.591901e+001  0.000000e+000
    endloop
  endfacet
  facet normal -5.858459e-001  8.104224e-001  0.000000e+000
    outer loop
      vertex -1.551620e+001  7.628670e+001  0.000000e+000
      vertex -1.573330e+001  7.612975e+001 -4.000000e+000
      vertex -1.573330e+001  7.612975e+001  0.000000e+000
    endloop
  endfacet
  facet normal -4.323417e-001  9.017098e-001  0.000000e+000
    outer loop
      vertex -1.573330e+001  7.612975e+001  0.000000e+000
      vertex -1.573330e+001  7.612975e+001 -4.000000e+000
      vertex -1.597486e+001  7.601393e+001 -4.000000e+000
    endloop
  endfacet
  facet normal -4.323417e-001  9.017098e-001  0.000000e+000
    outer loop
      vertex -1.573330e+001  7.612975e+001  0.000000e+000
      vertex -1.597486e+001  7.601393e+001 -4.000000e+000
      vertex -1.597486e+001  7.601393e+001  0.000000e+000
    endloop
  endfacet
  facet normal -2.650290e-001  9.642404e-001  0.000000e+000
    outer loop
      vertex -1.597486e+001  7.601393e+001  0.000000e+000
      vertex -1.597486e+001  7.601393e+001 -4.000000e+000
      vertex -1.623318e+001  7.594293e+001 -4.000000e+000
    endloop
  endfacet
  facet normal -2.650290e-001  9.642404e-001  0.000000e+000
    outer loop
      vertex -1.597486e+001  7.601393e+001  0.000000e+000
      vertex -1.623318e+001  7.594293e+001 -4.000000e+000
      vertex -1.623318e+001  7.594293e+001  0.000000e+000
    endloop
  endfacet
  facet normal -8.931083e-002  9.960037e-001  0.000000e+000
    outer loop
      vertex -1.623318e+001  7.594293e+001  0.000000e+000
      vertex -1.623318e+001  7.594293e+001 -4.000000e+000
      vertex -1.650000e+001  7.591901e+001 -4.000000e+000
    endloop
  endfacet
  facet normal -8.931083e-002  9.960037e-001  0.000000e+000
    outer loop
      vertex -1.623318e+001  7.594293e+001  0.000000e+000
      vertex -1.650000e+001  7.591901e+001 -4.000000e+000
      vertex -1.650000e+001  7.591901e+001  0.000000e+000
    endloop
  endfacet
  facet normal -5.858459e-001  8.104224e-001  0.000000e+000
    outer loop
      vertex -1.573330e+001  7.612975e+001 -4.000000e+000
      vertex -1.551620e+001  7.628670e+001  0.000000e+000
      vertex -1.551620e+001  7.628670e+001 -4.000000e+000
    endloop
  endfacet
  facet normal -7.206483e-001  6.933008e-001  0.000000e+000
    outer loop
      vertex -1.551620e+001  7.628670e+001 -4.000000e+000
      vertex -1.551620e+001  7.628670e+001  0.000000e+000
      vertex -1.533047e+001  7.647975e+001  0.000000e+000
    endloop
  endfacet
  facet normal -7.206483e-001  6.933008e-001  0.000000e+000
    outer loop
      vertex -1.551620e+001  7.628670e+001 -4.000000e+000
      vertex -1.533047e+001  7.647975e+001  0.000000e+000
      vertex -1.533047e+001  7.647975e+001 -4.000000e+000
    endloop
  endfacet
  facet normal -8.324937e-001  5.540346e-001  0.000000e+000
    outer loop
      vertex -1.533047e+001  7.647975e+001 -4.000000e+000
      vertex -1.533047e+001  7.647975e+001  0.000000e+000
      vertex -1.518204e+001  7.670277e+001  0.000000e+000
    endloop
  endfacet
  facet normal -8.324937e-001  5.540346e-001  0.000000e+000
    outer loop
      vertex -1.533047e+001  7.647975e+001 -4.000000e+000
      vertex -1.518204e+001  7.670277e+001  0.000000e+000
      vertex -1.518204e+001  7.670277e+001 -4.000000e+000
    endloop
  endfacet
  facet normal -9.177670e-001  3.971195e-001  0.000000e+000
    outer loop
      vertex -1.518204e+001  7.670277e+001 -4.000000e+000
      vertex -1.518204e+001  7.670277e+001  0.000000e+000
      vertex -1.507566e+001  7.694864e+001  0.000000e+000
    endloop
  endfacet
  facet normal -9.177670e-001  3.971195e-001  0.000000e+000
    outer loop
      vertex -1.518204e+001  7.670277e+001 -4.000000e+000
      vertex -1.507566e+001  7.694864e+001  0.000000e+000
      vertex -1.507566e+001  7.694864e+001 -4.000000e+000
    endloop
  endfacet
  facet normal -9.737703e-001  2.275332e-001  0.000000e+000
    outer loop
      vertex -1.507566e+001  7.694864e+001 -4.000000e+000
      vertex -1.507566e+001  7.694864e+001  0.000000e+000
      vertex -1.501470e+001  7.720950e+001  0.000000e+000
    endloop
  endfacet
  facet normal -9.737703e-001  2.275332e-001  0.000000e+000
    outer loop
      vertex -1.507566e+001  7.694864e+001 -4.000000e+000
      vertex -1.501470e+001  7.720950e+001  0.000000e+000
      vertex -1.501470e+001  7.720950e+001 -4.000000e+000
    endloop
  endfacet
  facet normal -8.811864e-001  4.727666e-001 -1.436072e-003
    outer loop
      vertex -1.491425e+001  7.757638e+001 -5.000000e+000
      vertex -1.484736e+001  7.771623e+001  0.000000e+000
      vertex -1.477543e+001  7.783512e+001 -5.000000e+000
    endloop
  endfacet
  facet normal -8.324947e-001  5.540317e-001  1.196746e-003
    outer loop
      vertex -1.484736e+001  7.771623e+001  0.000000e+000
      vertex -1.469894e+001  7.793925e+001  0.000000e+000
      vertex -1.477543e+001  7.783512e+001 -5.000000e+000
    endloop
  endfacet
  facet normal -7.721984e-001  6.353799e-001 -1.419876e-003
    outer loop
      vertex -1.458886e+001  7.806186e+001 -5.000000e+000
      vertex -1.477543e+001  7.783512e+001 -5.000000e+000
      vertex -1.469894e+001  7.793925e+001  0.000000e+000
    endloop
  endfacet
  facet normal -7.206479e-001  6.933004e-001  1.135267e-003
    outer loop
      vertex -1.469894e+001  7.793925e+001  0.000000e+000
      vertex -1.451321e+001  7.813231e+001  0.000000e+000
      vertex -1.458886e+001  7.806186e+001 -5.000000e+000
    endloop
  endfacet
  facet normal -6.336238e-001  7.736402e-001 -1.313446e-003
    outer loop
      vertex -1.436170e+001  7.824791e+001 -5.000000e+000
      vertex -1.458886e+001  7.806186e+001 -5.000000e+000
      vertex -1.451321e+001  7.813231e+001  0.000000e+000
    endloop
  endfacet
  facet normal -5.858440e-001  8.104233e-001  9.848068e-004
    outer loop
      vertex -1.451321e+001  7.813231e+001  0.000000e+000
      vertex -1.429610e+001  7.828925e+001  0.000000e+000
      vertex -1.436170e+001  7.824791e+001 -5.000000e+000
    endloop
  endfacet
  facet normal -4.707848e-001  8.822473e-001 -1.118607e-003
    outer loop
      vertex -1.410264e+001  7.838615e+001 -5.000000e+000
      vertex -1.436170e+001  7.824791e+001 -5.000000e+000
      vertex -1.429610e+001  7.828925e+001  0.000000e+000
    endloop
  endfacet
  facet normal -4.323430e-001  9.017090e-001  7.459055e-004
    outer loop
      vertex -1.429610e+001  7.828925e+001  0.000000e+000
      vertex -1.405454e+001  7.840508e+001  0.000000e+000
      vertex -1.410264e+001  7.838615e+001 -5.000000e+000
    endloop
  endfacet
  facet normal -2.898689e-001  9.570661e-001 -8.343834e-004
    outer loop
      vertex -1.382162e+001  7.847126e+001 -5.000000e+000
      vertex -1.410264e+001  7.838615e+001 -5.000000e+000
      vertex -1.405454e+001  7.840508e+001  0.000000e+000
    endloop
  endfacet
  facet normal -9.177663e-001  3.971192e-001  1.169183e-003
    outer loop
      vertex -1.495375e+001  7.747037e+001  0.000000e+000
      vertex -1.484736e+001  7.771623e+001  0.000000e+000
      vertex -1.491425e+001  7.757638e+001 -5.000000e+000
    endloop
  endfacet
  facet normal -9.564016e-001  2.920516e-001 -1.363697e-003
    outer loop
      vertex -1.495375e+001  7.747037e+001  0.000000e+000
      vertex -1.491425e+001  7.757638e+001 -5.000000e+000
      vertex -1.500000e+001  7.729556e+001 -5.000000e+000
    endloop
  endfacet
  facet normal -9.667348e-001  2.557809e-001  0.000000e+000
    outer loop
      vertex -1.495375e+001  7.747037e+001  0.000000e+000
      vertex -1.500000e+001  7.729556e+001 -5.000000e+000
      vertex -1.500000e+001  7.729556e+001 -4.000000e+000
    endloop
  endfacet
  facet normal -9.857075e-001  1.684176e-001  4.037432e-003
    outer loop
      vertex -1.495375e+001  7.747037e+001  0.000000e+000
      vertex -1.500000e+001  7.729556e+001 -4.000000e+000
      vertex -1.501470e+001  7.720950e+001 -4.000000e+000
    endloop
  endfacet
  facet normal -9.737695e-001  2.275366e-001  0.000000e+000
    outer loop
      vertex -1.495375e+001  7.747037e+001  0.000000e+000
      vertex -1.501470e+001  7.720950e+001 -4.000000e+000
      vertex -1.501470e+001  7.720950e+001  0.000000e+000
    endloop
  endfacet
  facet normal -8.931084e-002  9.960038e-001  0.000000e+000
    outer loop
      vertex -1.352941e+001  7.850000e+001  0.000000e+000
      vertex -1.352941e+001  7.850000e+001 -5.000000e+000
      vertex -1.379623e+001  7.847607e+001  0.000000e+000
    endloop
  endfacet
  facet normal -9.787866e-002  9.951982e-001 -4.610729e-004
    outer loop
      vertex -1.379623e+001  7.847607e+001  0.000000e+000
      vertex -1.352941e+001  7.850000e+001 -5.000000e+000
      vertex -1.382162e+001  7.847126e+001 -5.000000e+000
    endloop
  endfacet
  facet normal -2.650290e-001  9.642403e-001  4.177042e-004
    outer loop
      vertex -1.379623e+001  7.847607e+001  0.000000e+000
      vertex -1.382162e+001  7.847126e+001 -5.000000e+000
      vertex -1.405454e+001  7.840508e+001  0.000000e+000
    endloop
  endfacet
  facet normal -9.177660e-001  3.971190e-001 -1.461479e-003
    outer loop
      vertex  1.984736e+001  7.670277e+001  0.000000e+000
      vertex  1.995375e+001  7.694864e+001  0.000000e+000
      vertex  1.991425e+001  7.684263e+001 -4.000000e+000
    endloop
  endfacet
  facet normal -8.811860e-001  4.727664e-001  1.795089e-003
    outer loop
      vertex  1.977543e+001  7.658389e+001 -4.000000e+000
      vertex  1.984736e+001  7.670277e+001  0.000000e+000
      vertex  1.991425e+001  7.684263e+001 -4.000000e+000
    endloop
  endfacet
  facet normal -8.324927e-001  5.540340e-001 -1.496037e-003
    outer loop
      vertex  1.977543e+001  7.658389e+001 -4.000000e+000
      vertex  1.969894e+001  7.647975e+001  0.000000e+000
      vertex  1.984736e+001  7.670277e+001  0.000000e+000
    endloop
  endfacet
  facet normal -7.721964e-001  6.353815e-001  1.774740e-003
    outer loop
      vertex  1.969894e+001  7.647975e+001  0.000000e+000
      vertex  1.977543e+001  7.658389e+001 -4.000000e+000
      vertex  1.958886e+001  7.635715e+001 -4.000000e+000
    endloop
  endfacet
  facet normal -7.206477e-001  6.933001e-001 -1.419084e-003
    outer loop
      vertex  1.958886e+001  7.635715e+001 -4.000000e+000
      vertex  1.951321e+001  7.628670e+001  0.000000e+000
      vertex  1.969894e+001  7.647975e+001  0.000000e+000
    endloop
  endfacet
  facet normal -6.336235e-001  7.736399e-001  1.641806e-003
    outer loop
      vertex  1.951321e+001  7.628670e+001  0.000000e+000
      vertex  1.958886e+001  7.635715e+001 -4.000000e+000
      vertex  1.936170e+001  7.617110e+001 -4.000000e+000
    endloop
  endfacet
  facet normal -5.858439e-001  8.104230e-001 -1.231008e-003
    outer loop
      vertex  1.936170e+001  7.617110e+001 -4.000000e+000
      vertex  1.929610e+001  7.612975e+001  0.000000e+000
      vertex  1.951321e+001  7.628670e+001  0.000000e+000
    endloop
  endfacet
  facet normal -4.707860e-001  8.822464e-001  1.398229e-003
    outer loop
      vertex  1.929610e+001  7.612975e+001  0.000000e+000
      vertex  1.936170e+001  7.617110e+001 -4.000000e+000
      vertex  1.910265e+001  7.603286e+001 -4.000000e+000
    endloop
  endfacet
  facet normal -4.323429e-001  9.017088e-001 -9.324847e-004
    outer loop
      vertex  1.910265e+001  7.603286e+001 -4.000000e+000
      vertex  1.905454e+001  7.601393e+001  0.000000e+000
      vertex  1.929610e+001  7.612975e+001  0.000000e+000
    endloop
  endfacet
  facet normal -2.898687e-001  9.570658e-001  1.042910e-003
    outer loop
      vertex  1.905454e+001  7.601393e+001  0.000000e+000
      vertex  1.910265e+001  7.603286e+001 -4.000000e+000
      vertex  1.882162e+001  7.594775e+001 -4.000000e+000
    endloop
  endfacet
  facet normal -9.564020e-001  2.920485e-001  1.704709e-003
    outer loop
      vertex  2.000000e+001  7.712345e+001 -4.000000e+000
      vertex  1.991425e+001  7.684263e+001 -4.000000e+000
      vertex  1.995375e+001  7.694864e+001  0.000000e+000
    endloop
  endfacet
  facet normal -9.737703e-001  2.275297e-001 -1.315788e-003
    outer loop
      vertex  2.000000e+001  7.712345e+001 -4.000000e+000
      vertex  1.995375e+001  7.694864e+001  0.000000e+000
      vertex  2.001470e+001  7.720950e+001  0.000000e+000
    endloop
  endfacet
  facet normal -9.857172e-001  1.684083e-001  0.000000e+000
    outer loop
      vertex  2.000000e+001  7.712345e+001 -4.000000e+000
      vertex  2.001470e+001  7.720950e+001  0.000000e+000
      vertex  2.001470e+001  7.720950e+001 -5.000000e+000
    endloop
  endfacet
  facet normal -9.857174e-001  1.684083e-001  0.000000e+000
    outer loop
      vertex  2.000000e+001  7.712345e+001 -4.000000e+000
      vertex  2.001470e+001  7.720950e+001 -5.000000e+000
      vertex  2.000000e+001  7.712345e+001 -5.000000e+000
    endloop
  endfacet
  facet normal -2.650290e-001  9.642403e-001 -5.221933e-004
    outer loop
      vertex  1.905454e+001  7.601393e+001  0.000000e+000
      vertex  1.882162e+001  7.594775e+001 -4.000000e+000
      vertex  1.879623e+001  7.594293e+001  0.000000e+000
    endloop
  endfacet
  facet normal -9.787834e-002  9.951982e-001  5.763198e-004
    outer loop
      vertex  1.879623e+001  7.594293e+001  0.000000e+000
      vertex  1.882162e+001  7.594775e+001 -4.000000e+000
      vertex  1.852941e+001  7.591901e+001 -4.000000e+000
    endloop
  endfacet
  facet normal -8.931083e-002  9.960037e-001  0.000000e+000
    outer loop
      vertex  1.879623e+001  7.594293e+001  0.000000e+000
      vertex  1.852941e+001  7.591901e+001 -4.000000e+000
      vertex  1.852941e+001  7.591901e+001  0.000000e+000
    endloop
  endfacet
  facet normal  0.000000e+000  1.000000e+000  0.000000e+000
    outer loop
      vertex  1.650000e+001  7.591901e+001 -4.000000e+000
      vertex  1.650000e+001  7.591901e+001  0.000000e+000
      vertex  1.852941e+001  7.591901e+001 -4.000000e+000
    endloop
  endfacet
  facet normal  0.000000e+000  1.000000e+000  -0.000000e+000
    outer loop
      vertex  1.852941e+001  7.591901e+001 -4.000000e+000
      vertex  1.650000e+001  7.591901e+001  0.000000e+000
      vertex  1.852941e+001  7.591901e+001  0.000000e+000
    endloop
  endfacet
  facet normal  7.206483e-001  6.933008e-001  -0.000000e+000
    outer loop
      vertex  1.551620e+001  7.628670e+001  0.000000e+000
      vertex  1.533047e+001  7.647975e+001 -4.000000e+000
      vertex  1.533047e+001  7.647975e+001  0.000000e+000
    endloop
  endfacet
  facet normal  8.324937e-001  5.540346e-001  0.000000e+000
    outer loop
      vertex  1.533047e+001  7.647975e+001  0.000000e+000
      vertex  1.533047e+001  7.647975e+001 -4.000000e+000
      vertex  1.518204e+001  7.670277e+001 -4.000000e+000
    endloop
  endfacet
  facet normal  8.324937e-001  5.540346e-001  -0.000000e+000
    outer loop
      vertex  1.533047e+001  7.647975e+001  0.000000e+000
      vertex  1.518204e+001  7.670277e+001 -4.000000e+000
      vertex  1.518204e+001  7.670277e+001  0.000000e+000
    endloop
  endfacet
  facet normal  9.177670e-001  3.971195e-001  0.000000e+000
    outer loop
      vertex  1.518204e+001  7.670277e+001  0.000000e+000
      vertex  1.518204e+001  7.670277e+001 -4.000000e+000
      vertex  1.507566e+001  7.694864e+001 -4.000000e+000
    endloop
  endfacet
  facet normal  9.177670e-001  3.971195e-001  -0.000000e+000
    outer loop
      vertex  1.518204e+001  7.670277e+001  0.000000e+000
      vertex  1.507566e+001  7.694864e+001 -4.000000e+000
      vertex  1.507566e+001  7.694864e+001  0.000000e+000
    endloop
  endfacet
  facet normal  9.737703e-001  2.275332e-001  0.000000e+000
    outer loop
      vertex  1.507566e+001  7.694864e+001  0.000000e+000
      vertex  1.507566e+001  7.694864e+001 -4.000000e+000
      vertex  1.501470e+001  7.720950e+001 -4.000000e+000
    endloop
  endfacet
  facet normal  9.737703e-001  2.275332e-001  -0.000000e+000
    outer loop
      vertex  1.507566e+001  7.694864e+001  0.000000e+000
      vertex  1.501470e+001  7.720950e+001 -4.000000e+000
      vertex  1.501470e+001  7.720950e+001  0.000000e+000
    endloop
  endfacet
  facet normal  7.206483e-001  6.933008e-001  0.000000e+000
    outer loop
      vertex  1.533047e+001  7.647975e+001 -4.000000e+000
      vertex  1.551620e+001  7.628670e+001  0.000000e+000
      vertex  1.551620e+001  7.628670e+001 -4.000000e+000
    endloop
  endfacet
  facet normal  5.858459e-001  8.104224e-001  -0.000000e+000
    outer loop
      vertex  1.551620e+001  7.628670e+001 -4.000000e+000
      vertex  1.551620e+001  7.628670e+001  0.000000e+000
      vertex  1.573330e+001  7.612975e+001  0.000000e+000
    endloop
  endfacet
  facet normal  5.858459e-001  8.104224e-001  0.000000e+000
    outer loop
      vertex  1.551620e+001  7.628670e+001 -4.000000e+000
      vertex  1.573330e+001  7.612975e+001  0.000000e+000
      vertex  1.573330e+001  7.612975e+001 -4.000000e+000
    endloop
  endfacet
  facet normal  4.323417e-001  9.017098e-001  -0.000000e+000
    outer loop
      vertex  1.573330e+001  7.612975e+001 -4.000000e+000
      vertex  1.573330e+001  7.612975e+001  0.000000e+000
      vertex  1.597486e+001  7.601393e+001  0.000000e+000
    endloop
  endfacet
  facet normal  4.323417e-001  9.017098e-001  0.000000e+000
    outer loop
      vertex  1.573330e+001  7.612975e+001 -4.000000e+000
      vertex  1.597486e+001  7.601393e+001  0.000000e+000
      vertex  1.597486e+001  7.601393e+001 -4.000000e+000
    endloop
  endfacet
  facet normal  2.650290e-001  9.642404e-001  -0.000000e+000
    outer loop
      vertex  1.597486e+001  7.601393e+001 -4.000000e+000
      vertex  1.597486e+001  7.601393e+001  0.000000e+000
      vertex  1.623318e+001  7.594293e+001  0.000000e+000
    endloop
  endfacet
  facet normal  2.650290e-001  9.642404e-001  0.000000e+000
    outer loop
      vertex  1.597486e+001  7.601393e+001 -4.000000e+000
      vertex  1.623318e+001  7.594293e+001  0.000000e+000
      vertex  1.623318e+001  7.594293e+001 -4.000000e+000
    endloop
  endfacet
  facet normal  8.931083e-002  9.960037e-001  -0.000000e+000
    outer loop
      vertex  1.623318e+001  7.594293e+001 -4.000000e+000
      vertex  1.623318e+001  7.594293e+001  0.000000e+000
      vertex  1.650000e+001  7.591901e+001  0.000000e+000
    endloop
  endfacet
  facet normal  8.931083e-002  9.960037e-001  0.000000e+000
    outer loop
      vertex  1.623318e+001  7.594293e+001 -4.000000e+000
      vertex  1.650000e+001  7.591901e+001  0.000000e+000
      vertex  1.650000e+001  7.591901e+001 -4.000000e+000
    endloop
  endfacet
  facet normal  2.898689e-001  9.570661e-001 -8.343834e-004
    outer loop
      vertex  1.382162e+001  7.847126e+001 -5.000000e+000
      vertex  1.405454e+001  7.840508e+001  0.000000e+000
      vertex  1.410264e+001  7.838615e+001 -5.000000e+000
    endloop
  endfacet
  facet normal  4.323430e-001  9.017090e-001  7.459055e-004
    outer loop
      vertex  1.410264e+001  7.838615e+001 -5.000000e+000
      vertex  1.405454e+001  7.840508e+001  0.000000e+000
      vertex  1.429610e+001  7.828925e+001  0.000000e+000
    endloop
  endfacet
  facet normal  4.707848e-001  8.822473e-001 -1.118608e-003
    outer loop
      vertex  1.410264e+001  7.838615e+001 -5.000000e+000
      vertex  1.429610e+001  7.828925e+001  0.000000e+000
      vertex  1.436170e+001  7.824791e+001 -5.000000e+000
    endloop
  endfacet
  facet normal  5.858440e-001  8.104233e-001  9.848068e-004
    outer loop
      vertex  1.436170e+001  7.824791e+001 -5.000000e+000
      vertex  1.429610e+001  7.828925e+001  0.000000e+000
      vertex  1.451321e+001  7.813231e+001  0.000000e+000
    endloop
  endfacet
  facet normal  6.336238e-001  7.736402e-001 -1.313446e-003
    outer loop
      vertex  1.436170e+001  7.824791e+001 -5.000000e+000
      vertex  1.451321e+001  7.813231e+001  0.000000e+000
      vertex  1.458886e+001  7.806186e+001 -5.000000e+000
    endloop
  endfacet
  facet normal  7.206479e-001  6.933004e-001  1.135267e-003
    outer loop
      vertex  1.458886e+001  7.806186e+001 -5.000000e+000
      vertex  1.451321e+001  7.813231e+001  0.000000e+000
      vertex  1.469894e+001  7.793925e+001  0.000000e+000
    endloop
  endfacet
  facet normal  7.721984e-001  6.353799e-001 -1.419875e-003
    outer loop
      vertex  1.458886e+001  7.806186e+001 -5.000000e+000
      vertex  1.469894e+001  7.793925e+001  0.000000e+000
      vertex  1.477543e+001  7.783512e+001 -5.000000e+000
    endloop
  endfacet
  facet normal  8.324947e-001  5.540317e-001  1.196746e-003
    outer loop
      vertex  1.477543e+001  7.783512e+001 -5.000000e+000
      vertex  1.469894e+001  7.793925e+001  0.000000e+000
      vertex  1.484736e+001  7.771623e+001  0.000000e+000
    endloop
  endfacet
  facet normal  8.811864e-001  4.727666e-001 -1.436072e-003
    outer loop
      vertex  1.477543e+001  7.783512e+001 -5.000000e+000
      vertex  1.484736e+001  7.771623e+001  0.000000e+000
      vertex  1.491425e+001  7.757638e+001 -5.000000e+000
    endloop
  endfacet
  facet normal  9.177663e-001  3.971192e-001  1.169184e-003
    outer loop
      vertex  1.484736e+001  7.771623e+001  0.000000e+000
      vertex  1.495375e+001  7.747037e+001  0.000000e+000
      vertex  1.491425e+001  7.757638e+001 -5.000000e+000
    endloop
  endfacet
  facet normal  9.787867e-002  9.951983e-001  0.000000e+000
    outer loop
      vertex  1.352941e+001  7.850000e+001 -5.000000e+000
      vertex  1.352941e+001  7.850000e+001  0.000000e+000
      vertex  1.382162e+001  7.847126e+001 -5.000000e+000
    endloop
  endfacet
  facet normal  8.931082e-002  9.960036e-001 -5.053651e-004
    outer loop
      vertex  1.382162e+001  7.847126e+001 -5.000000e+000
      vertex  1.352941e+001  7.850000e+001  0.000000e+000
      vertex  1.379623e+001  7.847607e+001  0.000000e+000
    endloop
  endfacet
  facet normal  2.650290e-001  9.642403e-001  4.177042e-004
    outer loop
      vertex  1.382162e+001  7.847126e+001 -5.000000e+000
      vertex  1.379623e+001  7.847607e+001  0.000000e+000
      vertex  1.405454e+001  7.840508e+001  0.000000e+000
    endloop
  endfacet
  facet normal  9.564025e-001  2.920519e-001  0.000000e+000
    outer loop
      vertex  1.500000e+001  7.729556e+001 -5.000000e+000
      vertex  1.491425e+001  7.757638e+001 -5.000000e+000
      vertex  1.500000e+001  7.729556e+001 -4.000000e+000
    endloop
  endfacet
  facet normal  9.578587e-001  2.872359e-001 -1.477311e-003
    outer loop
      vertex  1.500000e+001  7.729556e+001 -4.000000e+000
      vertex  1.491425e+001  7.757638e+001 -5.000000e+000
      vertex  1.495375e+001  7.747037e+001  0.000000e+000
    endloop
  endfacet
  facet normal  9.857075e-001  1.684176e-001  4.037432e-003
    outer loop
      vertex  1.500000e+001  7.729556e+001 -4.000000e+000
      vertex  1.495375e+001  7.747037e+001  0.000000e+000
      vertex  1.501470e+001  7.720950e+001 -4.000000e+000
    endloop
  endfacet
  facet normal  9.737695e-001  2.275366e-001  -0.000000e+000
    outer loop
      vertex  1.501470e+001  7.720950e+001 -4.000000e+000
      vertex  1.495375e+001  7.747037e+001  0.000000e+000
      vertex  1.501470e+001  7.720950e+001  0.000000e+000
    endloop
  endfacet
  facet normal  9.049135e-001  4.255955e-001  -0.000000e+000
    outer loop
      vertex  4.820394e+001  2.574487e+001  0.000000e+000
      vertex  4.809182e+001  2.598326e+001 -4.000000e+000
      vertex  4.809182e+001  2.598326e+001  0.000000e+000
    endloop
  endfacet
  facet normal  9.654106e-001  2.607347e-001  0.000000e+000
    outer loop
      vertex  4.809182e+001  2.598326e+001  0.000000e+000
      vertex  4.809182e+001  2.598326e+001 -4.000000e+000
      vertex  4.802313e+001  2.623758e+001 -4.000000e+000
    endloop
  endfacet
  facet normal  9.654106e-001  2.607347e-001  -0.000000e+000
    outer loop
      vertex  4.809182e+001  2.598326e+001  0.000000e+000
      vertex  4.802313e+001  2.623758e+001 -4.000000e+000
      vertex  4.802313e+001  2.623758e+001  0.000000e+000
    endloop
  endfacet
  facet normal  9.961373e-001  8.780993e-002  0.000000e+000
    outer loop
      vertex  4.802313e+001  2.623758e+001  0.000000e+000
      vertex  4.802313e+001  2.623758e+001 -4.000000e+000
      vertex  4.800000e+001  2.650000e+001 -4.000000e+000
    endloop
  endfacet
  facet normal  9.961373e-001  8.780993e-002  -0.000000e+000
    outer loop
      vertex  4.802313e+001  2.623758e+001  0.000000e+000
      vertex  4.800000e+001  2.650000e+001 -4.000000e+000
      vertex  4.800000e+001  2.650000e+001  0.000000e+000
    endloop
  endfacet
  facet normal  9.049135e-001  4.255955e-001  0.000000e+000
    outer loop
      vertex  4.809182e+001  2.598326e+001 -4.000000e+000
      vertex  4.820394e+001  2.574487e+001  0.000000e+000
      vertex  4.820394e+001  2.574487e+001 -4.000000e+000
    endloop
  endfacet
  facet normal  8.164961e-001  5.773510e-001  -0.000000e+000
    outer loop
      vertex  4.820394e+001  2.574487e+001 -4.000000e+000
      vertex  4.820394e+001  2.574487e+001  0.000000e+000
      vertex  4.835603e+001  2.552977e+001  0.000000e+000
    endloop
  endfacet
  facet normal  8.164961e-001  5.773510e-001  0.000000e+000
    outer loop
      vertex  4.820394e+001  2.574487e+001 -4.000000e+000
      vertex  4.835603e+001  2.552977e+001  0.000000e+000
      vertex  4.835603e+001  2.552977e+001 -4.000000e+000
    endloop
  endfacet
  facet normal  7.028950e-001  7.112936e-001  -0.000000e+000
    outer loop
      vertex  4.835603e+001  2.552977e+001 -4.000000e+000
      vertex  4.835603e+001  2.552977e+001  0.000000e+000
      vertex  4.854342e+001  2.534460e+001  0.000000e+000
    endloop
  endfacet
  facet normal  7.028950e-001  7.112936e-001  0.000000e+000
    outer loop
      vertex  4.835603e+001  2.552977e+001 -4.000000e+000
      vertex  4.854342e+001  2.534460e+001  0.000000e+000
      vertex  4.854342e+001  2.534460e+001 -4.000000e+000
    endloop
  endfacet
  facet normal  5.676216e-001  8.232896e-001  -0.000000e+000
    outer loop
      vertex  4.854342e+001  2.534460e+001 -4.000000e+000
      vertex  4.854342e+001  2.534460e+001  0.000000e+000
      vertex  4.876030e+001  2.519507e+001  0.000000e+000
    endloop
  endfacet
  facet normal  5.676216e-001  8.232896e-001  0.000000e+000
    outer loop
      vertex  4.854342e+001  2.534460e+001 -4.000000e+000
      vertex  4.876030e+001  2.519507e+001  0.000000e+000
      vertex  4.876030e+001  2.519507e+001 -4.000000e+000
    endloop
  endfacet
  facet normal  4.148369e-001  9.098958e-001  -0.000000e+000
    outer loop
      vertex  4.876030e+001  2.519507e+001 -4.000000e+000
      vertex  4.876030e+001  2.519507e+001  0.000000e+000
      vertex  4.900000e+001  2.508579e+001  0.000000e+000
    endloop
  endfacet
  facet normal  4.148369e-001  9.098958e-001  0.000000e+000
    outer loop
      vertex  4.876030e+001  2.519507e+001 -4.000000e+000
      vertex  4.900000e+001  2.508579e+001  0.000000e+000
      vertex  4.900000e+001  2.508579e+001 -4.000000e+000
    endloop
  endfacet
  facet normal  5.676215e-001  8.232895e-001  6.072255e-004
    outer loop
      vertex  4.923970e+001  2.497650e+001  0.000000e+000
      vertex  4.945658e+001  2.482697e+001  0.000000e+000
      vertex  4.942474e+001  2.485262e+001 -5.000000e+000
    endloop
  endfacet
  facet normal  6.852388e-001  7.283182e-001 -6.291012e-004
    outer loop
      vertex  4.962254e+001  2.466652e+001 -5.000000e+000
      vertex  4.942474e+001  2.485262e+001 -5.000000e+000
      vertex  4.945658e+001  2.482697e+001  0.000000e+000
    endloop
  endfacet
  facet normal  7.028986e-001  7.112899e-001  5.034783e-004
    outer loop
      vertex  4.945658e+001  2.482697e+001  0.000000e+000
      vertex  4.964397e+001  2.464180e+001  0.000000e+000
      vertex  4.962254e+001  2.466652e+001 -5.000000e+000
    endloop
  endfacet
  facet normal  8.053339e-001  5.928214e-001 -5.212247e-004
    outer loop
      vertex  4.978354e+001  2.444780e+001 -5.000000e+000
      vertex  4.962254e+001  2.466652e+001 -5.000000e+000
      vertex  4.964397e+001  2.464180e+001  0.000000e+000
    endloop
  endfacet
  facet normal  3.998998e-001  9.165589e-001  0.000000e+000
    outer loop
      vertex  4.900000e+001  2.508579e+001 -4.000000e+000
      vertex  4.900000e+001  2.508579e+001  0.000000e+000
      vertex  4.919662e+001  2.500000e+001 -4.000000e+000
    endloop
  endfacet
  facet normal  4.148368e-001  9.098954e-001  8.771411e-004
    outer loop
      vertex  4.919662e+001  2.500000e+001 -4.000000e+000
      vertex  4.900000e+001  2.508579e+001  0.000000e+000
      vertex  4.923970e+001  2.497650e+001  0.000000e+000
    endloop
  endfacet
  facet normal  4.788331e-001  8.779060e-001  0.000000e+000
    outer loop
      vertex  4.919662e+001  2.500000e+001 -4.000000e+000
      vertex  4.923970e+001  2.497650e+001  0.000000e+000
      vertex  4.919662e+001  2.500000e+001 -5.000000e+000
    endloop
  endfacet
  facet normal  5.426771e-001  8.399411e-001 -7.284809e-004
    outer loop
      vertex  4.919662e+001  2.500000e+001 -5.000000e+000
      vertex  4.923970e+001  2.497650e+001  0.000000e+000
      vertex  4.942474e+001  2.485262e+001 -5.000000e+000
    endloop
  endfacet
  facet normal  9.961373e-001  8.780992e-002  -0.000000e+000
    outer loop
      vertex  5.000000e+001  2.367157e+001  0.000000e+000
      vertex  5.000000e+001  2.367157e+001 -5.000000e+000
      vertex  4.997687e+001  2.393399e+001  0.000000e+000
    endloop
  endfacet
  facet normal  9.958940e-001  9.052752e-002 -1.437550e-004
    outer loop
      vertex  4.997687e+001  2.393399e+001  0.000000e+000
      vertex  5.000000e+001  2.367157e+001 -5.000000e+000
      vertex  4.997541e+001  2.394204e+001 -5.000000e+000
    endloop
  endfacet
  facet normal  9.654105e-001  2.607347e-001  1.391058e-004
    outer loop
      vertex  4.997687e+001  2.393399e+001  0.000000e+000
      vertex  4.997541e+001  2.394204e+001 -5.000000e+000
      vertex  4.990818e+001  2.418832e+001  0.000000e+000
    endloop
  endfacet
  facet normal  9.632469e-001  2.686177e-001 -2.782709e-004
    outer loop
      vertex  4.990818e+001  2.418832e+001  0.000000e+000
      vertex  4.997541e+001  2.394204e+001 -5.000000e+000
      vertex  4.990246e+001  2.420364e+001 -5.000000e+000
    endloop
  endfacet
  facet normal  9.049122e-001  4.255983e-001  2.696057e-004
    outer loop
      vertex  4.990818e+001  2.418832e+001  0.000000e+000
      vertex  4.990246e+001  2.420364e+001 -5.000000e+000
      vertex  4.979606e+001  2.442670e+001  0.000000e+000
    endloop
  endfacet
  facet normal  8.990226e-001  4.379022e-001 -4.046273e-004
    outer loop
      vertex  4.979606e+001  2.442670e+001  0.000000e+000
      vertex  4.990246e+001  2.420364e+001 -5.000000e+000
      vertex  4.978354e+001  2.444780e+001 -5.000000e+000
    endloop
  endfacet
  facet normal  8.164960e-001  5.773510e-001  3.905910e-004
    outer loop
      vertex  4.979606e+001  2.442670e+001  0.000000e+000
      vertex  4.978354e+001  2.444780e+001 -5.000000e+000
      vertex  4.964397e+001  2.464180e+001  0.000000e+000
    endloop
  endfacet
  facet normal  1.000000e+000  0.000000e+000  0.000000e+000
    outer loop
      vertex  4.800000e+001  2.867157e+001 -4.000000e+000
      vertex  4.800000e+001  2.867157e+001  0.000000e+000
      vertex  4.800000e+001  2.650000e+001 -4.000000e+000
    endloop
  endfacet
  facet normal  1.000000e+000  0.000000e+000  0.000000e+000
    outer loop
      vertex  4.800000e+001  2.650000e+001 -4.000000e+000
      vertex  4.800000e+001  2.867157e+001  0.000000e+000
      vertex  4.800000e+001  2.650000e+001  0.000000e+000
    endloop
  endfacet
  facet normal  8.053338e-001 -5.928213e-001  6.515308e-004
    outer loop
      vertex  4.837746e+001  2.966652e+001 -4.000000e+000
      vertex  4.835603e+001  2.964180e+001  0.000000e+000
      vertex  4.821646e+001  2.944780e+001 -4.000000e+000
    endloop
  endfacet
  facet normal  7.028985e-001 -7.112898e-001 -6.293477e-004
    outer loop
      vertex  4.854342e+001  2.982697e+001  0.000000e+000
      vertex  4.835603e+001  2.964180e+001  0.000000e+000
      vertex  4.837746e+001  2.966652e+001 -4.000000e+000
    endloop
  endfacet
  facet normal  6.852388e-001 -7.283182e-001  7.863769e-004
    outer loop
      vertex  4.857526e+001  2.985262e+001 -4.000000e+000
      vertex  4.854342e+001  2.982697e+001  0.000000e+000
      vertex  4.837746e+001  2.966652e+001 -4.000000e+000
    endloop
  endfacet
  facet normal  5.676215e-001 -8.232894e-001 -7.590319e-004
    outer loop
      vertex  4.876030e+001  2.997650e+001  0.000000e+000
      vertex  4.854342e+001  2.982697e+001  0.000000e+000
      vertex  4.857526e+001  2.985262e+001 -4.000000e+000
    endloop
  endfacet
  facet normal  3.998998e-001 -9.165589e-001  0.000000e+000
    outer loop
      vertex  4.880338e+001  3.000000e+001 -4.000000e+000
      vertex  4.880338e+001  3.000000e+001 -5.000000e+000
      vertex  4.900000e+001  3.008579e+001 -5.000000e+000
    endloop
  endfacet
  facet normal  3.998998e-001 -9.165589e-001  0.000000e+000
    outer loop
      vertex  4.880338e+001  3.000000e+001 -4.000000e+000
      vertex  4.900000e+001  3.008579e+001 -5.000000e+000
      vertex  4.900000e+001  3.008579e+001  0.000000e+000
    endloop
  endfacet
  facet normal  4.148368e-001 -9.098954e-001 -8.771420e-004
    outer loop
      vertex  4.880338e+001  3.000000e+001 -4.000000e+000
      vertex  4.900000e+001  3.008579e+001  0.000000e+000
      vertex  4.876030e+001  2.997650e+001  0.000000e+000
    endloop
  endfacet
  facet normal  5.426770e-001 -8.399410e-001  9.106010e-004
    outer loop
      vertex  4.880338e+001  3.000000e+001 -4.000000e+000
      vertex  4.876030e+001  2.997650e+001  0.000000e+000
      vertex  4.857526e+001  2.985262e+001 -4.000000e+000
    endloop
  endfacet
  facet normal  8.164960e-001 -5.773510e-001 -4.882387e-004
    outer loop
      vertex  4.835603e+001  2.964180e+001  0.000000e+000
      vertex  4.820394e+001  2.942670e+001  0.000000e+000
      vertex  4.821646e+001  2.944780e+001 -4.000000e+000
    endloop
  endfacet
  facet normal  9.049120e-001 -4.255982e-001  5.891299e-004
    outer loop
      vertex  4.821646e+001  2.944780e+001 -4.000000e+000
      vertex  4.820394e+001  2.942670e+001  0.000000e+000
      vertex  4.809182e+001  2.918832e+001  0.000000e+000
    endloop
  endfacet
  facet normal  8.990226e-001 -4.379022e-001 -3.925678e-004
    outer loop
      vertex  4.821646e+001  2.944780e+001 -4.000000e+000
      vertex  4.809182e+001  2.918832e+001  0.000000e+000
      vertex  4.809754e+001  2.920364e+001 -4.000000e+000
    endloop
  endfacet
  facet normal  9.654104e-001 -2.607347e-001  3.811347e-004
    outer loop
      vertex  4.809754e+001  2.920364e+001 -4.000000e+000
      vertex  4.809182e+001  2.918832e+001  0.000000e+000
      vertex  4.802313e+001  2.893399e+001  0.000000e+000
    endloop
  endfacet
  facet normal  9.632468e-001 -2.686177e-001 -1.905312e-004
    outer loop
      vertex  4.809754e+001  2.920364e+001 -4.000000e+000
      vertex  4.802313e+001  2.893399e+001  0.000000e+000
      vertex  4.802459e+001  2.894204e+001 -4.000000e+000
    endloop
  endfacet
  facet normal  9.961373e-001 -8.780993e-002  1.852506e-004
    outer loop
      vertex  4.802459e+001  2.894204e+001 -4.000000e+000
      vertex  4.802313e+001  2.893399e+001  0.000000e+000
      vertex  4.800000e+001  2.867157e+001  0.000000e+000
    endloop
  endfacet
  facet normal  9.958940e-001 -9.052751e-002  0.000000e+000
    outer loop
      vertex  4.802459e+001  2.894204e+001 -4.000000e+000
      vertex  4.800000e+001  2.867157e+001  0.000000e+000
      vertex  4.800000e+001  2.867157e+001 -4.000000e+000
    endloop
  endfacet
  facet normal  7.028950e-001 -7.112936e-001  0.000000e+000
    outer loop
      vertex  4.835603e+001 -2.552977e+001  0.000000e+000
      vertex  4.854342e+001 -2.534460e+001 -4.000000e+000
      vertex  4.854342e+001 -2.534460e+001  0.000000e+000
    endloop
  endfacet
  facet normal  5.676216e-001 -8.232896e-001  0.000000e+000
    outer loop
      vertex  4.854342e+001 -2.534460e+001  0.000000e+000
      vertex  4.854342e+001 -2.534460e+001 -4.000000e+000
      vertex  4.876030e+001 -2.519507e+001 -4.000000e+000
    endloop
  endfacet
  facet normal  5.676216e-001 -8.232896e-001  0.000000e+000
    outer loop
      vertex  4.854342e+001 -2.534460e+001  0.000000e+000
      vertex  4.876030e+001 -2.519507e+001 -4.000000e+000
      vertex  4.876030e+001 -2.519507e+001  0.000000e+000
    endloop
  endfacet
  facet normal  4.148369e-001 -9.098958e-001  0.000000e+000
    outer loop
      vertex  4.876030e+001 -2.519507e+001  0.000000e+000
      vertex  4.876030e+001 -2.519507e+001 -4.000000e+000
      vertex  4.900000e+001 -2.508579e+001 -4.000000e+000
    endloop
  endfacet
  facet normal  4.148369e-001 -9.098958e-001  0.000000e+000
    outer loop
      vertex  4.876030e+001 -2.519507e+001  0.000000e+000
      vertex  4.900000e+001 -2.508579e+001 -4.000000e+000
      vertex  4.900000e+001 -2.508579e+001  0.000000e+000
    endloop
  endfacet
  facet normal  7.028950e-001 -7.112936e-001  0.000000e+000
    outer loop
      vertex  4.854342e+001 -2.534460e+001 -4.000000e+000
      vertex  4.835603e+001 -2.552977e+001  0.000000e+000
      vertex  4.835603e+001 -2.552977e+001 -4.000000e+000
    endloop
  endfacet
  facet normal  8.164961e-001 -5.773510e-001  0.000000e+000
    outer loop
      vertex  4.835603e+001 -2.552977e+001 -4.000000e+000
      vertex  4.835603e+001 -2.552977e+001  0.000000e+000
      vertex  4.820394e+001 -2.574487e+001  0.000000e+000
    endloop
  endfacet
  facet normal  8.164961e-001 -5.773510e-001  0.000000e+000
    outer loop
      vertex  4.835603e+001 -2.552977e+001 -4.000000e+000
      vertex  4.820394e+001 -2.574487e+001  0.000000e+000
      vertex  4.820394e+001 -2.574487e+001 -4.000000e+000
    endloop
  endfacet
  facet normal  9.049135e-001 -4.255955e-001  0.000000e+000
    outer loop
      vertex  4.820394e+001 -2.574487e+001 -4.000000e+000
      vertex  4.820394e+001 -2.574487e+001  0.000000e+000
      vertex  4.809182e+001 -2.598326e+001  0.000000e+000
    endloop
  endfacet
  facet normal  9.049135e-001 -4.255955e-001  0.000000e+000
    outer loop
      vertex  4.820394e+001 -2.574487e+001 -4.000000e+000
      vertex  4.809182e+001 -2.598326e+001  0.000000e+000
      vertex  4.809182e+001 -2.598326e+001 -4.000000e+000
    endloop
  endfacet
  facet normal  9.654106e-001 -2.607347e-001  0.000000e+000
    outer loop
      vertex  4.809182e+001 -2.598326e+001 -4.000000e+000
      vertex  4.809182e+001 -2.598326e+001  0.000000e+000
      vertex  4.802313e+001 -2.623758e+001  0.000000e+000
    endloop
  endfacet
  facet normal  9.654106e-001 -2.607347e-001  0.000000e+000
    outer loop
      vertex  4.809182e+001 -2.598326e+001 -4.000000e+000
      vertex  4.802313e+001 -2.623758e+001  0.000000e+000
      vertex  4.802313e+001 -2.623758e+001 -4.000000e+000
    endloop
  endfacet
  facet normal  9.961373e-001 -8.780993e-002  0.000000e+000
    outer loop
      vertex  4.802313e+001 -2.623758e+001 -4.000000e+000
      vertex  4.802313e+001 -2.623758e+001  0.000000e+000
      vertex  4.800000e+001 -2.650000e+001  0.000000e+000
    endloop
  endfacet
  facet normal  9.961373e-001 -8.780993e-002  0.000000e+000
    outer loop
      vertex  4.802313e+001 -2.623758e+001 -4.000000e+000
      vertex  4.800000e+001 -2.650000e+001  0.000000e+000
      vertex  4.800000e+001 -2.650000e+001 -4.000000e+000
    endloop
  endfacet
  facet normal  8.053339e-001 -5.928214e-001 -5.212247e-004
    outer loop
      vertex  4.978354e+001 -2.444780e+001 -5.000000e+000
      vertex  4.964397e+001 -2.464180e+001  0.000000e+000
      vertex  4.962254e+001 -2.466652e+001 -5.000000e+000
    endloop
  endfacet
  facet normal  7.028986e-001 -7.112899e-001  5.034783e-004
    outer loop
      vertex  4.962254e+001 -2.466652e+001 -5.000000e+000
      vertex  4.964397e+001 -2.464180e+001  0.000000e+000
      vertex  4.945658e+001 -2.482697e+001  0.000000e+000
    endloop
  endfacet
  facet normal  6.852388e-001 -7.283182e-001 -6.291015e-004
    outer loop
      vertex  4.962254e+001 -2.466652e+001 -5.000000e+000
      vertex  4.945658e+001 -2.482697e+001  0.000000e+000
      vertex  4.942474e+001 -2.485262e+001 -5.000000e+000
    endloop
  endfacet
  facet normal  5.676215e-001 -8.232895e-001  6.072255e-004
    outer loop
      vertex  4.942474e+001 -2.485262e+001 -5.000000e+000
      vertex  4.945658e+001 -2.482697e+001  0.000000e+000
      vertex  4.923970e+001 -2.497650e+001  0.000000e+000
    endloop
  endfacet
  facet normal  4.148369e-001 -9.098958e-001  0.000000e+000
    outer loop
      vertex  4.900000e+001 -2.508579e+001  0.000000e+000
      vertex  4.900000e+001 -2.508579e+001 -4.000000e+000
      vertex  4.923970e+001 -2.497650e+001  0.000000e+000
    endloop
  endfacet
  facet normal  3.998995e-001 -9.165584e-001  1.077152e-003
    outer loop
      vertex  4.923970e+001 -2.497650e+001  0.000000e+000
      vertex  4.900000e+001 -2.508579e+001 -4.000000e+000
      vertex  4.919662e+001 -2.500000e+001 -4.000000e+000
    endloop
  endfacet
  facet normal  5.399793e-001 -8.416778e-001 -8.713457e-004
    outer loop
      vertex  4.923970e+001 -2.497650e+001  0.000000e+000
      vertex  4.919662e+001 -2.500000e+001 -4.000000e+000
      vertex  4.942474e+001 -2.485262e+001 -5.000000e+000
    endloop
  endfacet
  facet normal  5.426772e-001 -8.399414e-001  0.000000e+000
    outer loop
      vertex  4.942474e+001 -2.485262e+001 -5.000000e+000
      vertex  4.919662e+001 -2.500000e+001 -4.000000e+000
      vertex  4.919662e+001 -2.500000e+001 -5.000000e+000
    endloop
  endfacet
  facet normal  9.958940e-001 -9.052752e-002  0.000000e+000
    outer loop
      vertex  5.000000e+001 -2.367157e+001 -5.000000e+000
      vertex  5.000000e+001 -2.367157e+001  0.000000e+000
      vertex  4.997541e+001 -2.394204e+001 -5.000000e+000
    endloop
  endfacet
  facet normal  9.961373e-001 -8.780992e-002 -1.482005e-004
    outer loop
      vertex  4.997541e+001 -2.394204e+001 -5.000000e+000
      vertex  5.000000e+001 -2.367157e+001  0.000000e+000
      vertex  4.997687e+001 -2.393399e+001  0.000000e+000
    endloop
  endfacet
  facet normal  9.632469e-001 -2.686177e-001  1.524249e-004
    outer loop
      vertex  4.997541e+001 -2.394204e+001 -5.000000e+000
      vertex  4.997687e+001 -2.393399e+001  0.000000e+000
      vertex  4.990246e+001 -2.420364e+001 -5.000000e+000
    endloop
  endfacet
  facet normal  9.654105e-001 -2.607347e-001 -3.049078e-004
    outer loop
      vertex  4.990246e+001 -2.420364e+001 -5.000000e+000
      vertex  4.997687e+001 -2.393399e+001  0.000000e+000
      vertex  4.990818e+001 -2.418832e+001  0.000000e+000
    endloop
  endfacet
  facet normal  8.990226e-001 -4.379022e-001  3.140542e-004
    outer loop
      vertex  4.990246e+001 -2.420364e+001 -5.000000e+000
      vertex  4.990818e+001 -2.418832e+001  0.000000e+000
      vertex  4.978354e+001 -2.444780e+001 -5.000000e+000
    endloop
  endfacet
  facet normal  9.049121e-001 -4.255982e-001 -4.713040e-004
    outer loop
      vertex  4.978354e+001 -2.444780e+001 -5.000000e+000
      vertex  4.990818e+001 -2.418832e+001  0.000000e+000
      vertex  4.979606e+001 -2.442670e+001  0.000000e+000
    endloop
  endfacet
  facet normal  8.164960e-001 -5.773510e-001  3.905910e-004
    outer loop
      vertex  4.978354e+001 -2.444780e+001 -5.000000e+000
      vertex  4.979606e+001 -2.442670e+001  0.000000e+000
      vertex  4.964397e+001 -2.464180e+001  0.000000e+000
    endloop
  endfacet
  facet normal  1.000000e+000  0.000000e+000  0.000000e+000
    outer loop
      vertex  4.800000e+001 -2.650000e+001 -4.000000e+000
      vertex  4.800000e+001 -2.650000e+001  0.000000e+000
      vertex  4.800000e+001 -2.850000e+001 -4.000000e+000
    endloop
  endfacet
  facet normal  1.000000e+000  0.000000e+000  0.000000e+000
    outer loop
      vertex  4.800000e+001 -2.850000e+001 -4.000000e+000
      vertex  4.800000e+001 -2.650000e+001  0.000000e+000
      vertex  4.800000e+001 -2.850000e+001  0.000000e+000
    endloop
  endfacet
  facet normal  9.049135e-001  4.255955e-001  -0.000000e+000
    outer loop
      vertex  4.820394e+001 -2.925513e+001  0.000000e+000
      vertex  4.809182e+001 -2.901674e+001 -4.000000e+000
      vertex  4.809182e+001 -2.901674e+001  0.000000e+000
    endloop
  endfacet
  facet normal  9.654106e-001  2.607347e-001  0.000000e+000
    outer loop
      vertex  4.809182e+001 -2.901674e+001  0.000000e+000
      vertex  4.809182e+001 -2.901674e+001 -4.000000e+000
      vertex  4.802313e+001 -2.876242e+001 -4.000000e+000
    endloop
  endfacet
  facet normal  9.654106e-001  2.607347e-001  -0.000000e+000
    outer loop
      vertex  4.809182e+001 -2.901674e+001  0.000000e+000
      vertex  4.802313e+001 -2.876242e+001 -4.000000e+000
      vertex  4.802313e+001 -2.876242e+001  0.000000e+000
    endloop
  endfacet
  facet normal  9.961373e-001  8.780993e-002  0.000000e+000
    outer loop
      vertex  4.802313e+001 -2.876242e+001  0.000000e+000
      vertex  4.802313e+001 -2.876242e+001 -4.000000e+000
      vertex  4.800000e+001 -2.850000e+001 -4.000000e+000
    endloop
  endfacet
  facet normal  9.961373e-001  8.780993e-002  -0.000000e+000
    outer loop
      vertex  4.802313e+001 -2.876242e+001  0.000000e+000
      vertex  4.800000e+001 -2.850000e+001 -4.000000e+000
      vertex  4.800000e+001 -2.850000e+001  0.000000e+000
    endloop
  endfacet
  facet normal  9.049135e-001  4.255955e-001  0.000000e+000
    outer loop
      vertex  4.809182e+001 -2.901674e+001 -4.000000e+000
      vertex  4.820394e+001 -2.925513e+001  0.000000e+000
      vertex  4.820394e+001 -2.925513e+001 -4.000000e+000
    endloop
  endfacet
  facet normal  8.164961e-001  5.773510e-001  -0.000000e+000
    outer loop
      vertex  4.820394e+001 -2.925513e+001 -4.000000e+000
      vertex  4.820394e+001 -2.925513e+001  0.000000e+000
      vertex  4.835603e+001 -2.947023e+001  0.000000e+000
    endloop
  endfacet
  facet normal  8.164961e-001  5.773510e-001  0.000000e+000
    outer loop
      vertex  4.820394e+001 -2.925513e+001 -4.000000e+000
      vertex  4.835603e+001 -2.947023e+001  0.000000e+000
      vertex  4.835603e+001 -2.947023e+001 -4.000000e+000
    endloop
  endfacet
  facet normal  7.028950e-001  7.112936e-001  -0.000000e+000
    outer loop
      vertex  4.835603e+001 -2.947023e+001 -4.000000e+000
      vertex  4.835603e+001 -2.947023e+001  0.000000e+000
      vertex  4.854342e+001 -2.965540e+001  0.000000e+000
    endloop
  endfacet
  facet normal  7.028950e-001  7.112936e-001  0.000000e+000
    outer loop
      vertex  4.835603e+001 -2.947023e+001 -4.000000e+000
      vertex  4.854342e+001 -2.965540e+001  0.000000e+000
      vertex  4.854342e+001 -2.965540e+001 -4.000000e+000
    endloop
  endfacet
  facet normal  5.676216e-001  8.232896e-001  -0.000000e+000
    outer loop
      vertex  4.854342e+001 -2.965540e+001 -4.000000e+000
      vertex  4.854342e+001 -2.965540e+001  0.000000e+000
      vertex  4.876030e+001 -2.980493e+001  0.000000e+000
    endloop
  endfacet
  facet normal  5.676216e-001  8.232896e-001  0.000000e+000
    outer loop
      vertex  4.854342e+001 -2.965540e+001 -4.000000e+000
      vertex  4.876030e+001 -2.980493e+001  0.000000e+000
      vertex  4.876030e+001 -2.980493e+001 -4.000000e+000
    endloop
  endfacet
  facet normal  4.148369e-001  9.098958e-001  -0.000000e+000
    outer loop
      vertex  4.876030e+001 -2.980493e+001 -4.000000e+000
      vertex  4.876030e+001 -2.980493e+001  0.000000e+000
      vertex  4.900000e+001 -2.991421e+001  0.000000e+000
    endloop
  endfacet
  facet normal  4.148369e-001  9.098958e-001  0.000000e+000
    outer loop
      vertex  4.876030e+001 -2.980493e+001 -4.000000e+000
      vertex  4.900000e+001 -2.991421e+001  0.000000e+000
      vertex  4.900000e+001 -2.991421e+001 -4.000000e+000
    endloop
  endfacet
  facet normal  5.676215e-001  8.232895e-001  6.072255e-004
    outer loop
      vertex  4.923970e+001 -3.002350e+001  0.000000e+000
      vertex  4.945658e+001 -3.017303e+001  0.000000e+000
      vertex  4.942474e+001 -3.014738e+001 -5.000000e+000
    endloop
  endfacet
  facet normal  6.852388e-001  7.283182e-001 -6.291012e-004
    outer loop
      vertex  4.962254e+001 -3.033348e+001 -5.000000e+000
      vertex  4.942474e+001 -3.014738e+001 -5.000000e+000
      vertex  4.945658e+001 -3.017303e+001  0.000000e+000
    endloop
  endfacet
  facet normal  7.028986e-001  7.112899e-001  5.034783e-004
    outer loop
      vertex  4.945658e+001 -3.017303e+001  0.000000e+000
      vertex  4.964397e+001 -3.035820e+001  0.000000e+000
      vertex  4.962254e+001 -3.033348e+001 -5.000000e+000
    endloop
  endfacet
  facet normal  8.053339e-001  5.928214e-001 -5.212247e-004
    outer loop
      vertex  4.978354e+001 -3.055220e+001 -5.000000e+000
      vertex  4.962254e+001 -3.033348e+001 -5.000000e+000
      vertex  4.964397e+001 -3.035820e+001  0.000000e+000
    endloop
  endfacet
  facet normal  3.998998e-001  9.165589e-001  0.000000e+000
    outer loop
      vertex  4.900000e+001 -2.991421e+001 -4.000000e+000
      vertex  4.900000e+001 -2.991421e+001  0.000000e+000
      vertex  4.919662e+001 -3.000000e+001 -4.000000e+000
    endloop
  endfacet
  facet normal  4.148368e-001  9.098954e-001  8.771411e-004
    outer loop
      vertex  4.919662e+001 -3.000000e+001 -4.000000e+000
      vertex  4.900000e+001 -2.991421e+001  0.000000e+000
      vertex  4.923970e+001 -3.002350e+001  0.000000e+000
    endloop
  endfacet
  facet normal  4.788331e-001  8.779060e-001  0.000000e+000
    outer loop
      vertex  4.919662e+001 -3.000000e+001 -4.000000e+000
      vertex  4.923970e+001 -3.002350e+001  0.000000e+000
      vertex  4.919662e+001 -3.000000e+001 -5.000000e+000
    endloop
  endfacet
  facet normal  5.426771e-001  8.399411e-001 -7.284809e-004
    outer loop
      vertex  4.919662e+001 -3.000000e+001 -5.000000e+000
      vertex  4.923970e+001 -3.002350e+001  0.000000e+000
      vertex  4.942474e+001 -3.014738e+001 -5.000000e+000
    endloop
  endfacet
  facet normal  9.961373e-001  8.780992e-002  -0.000000e+000
    outer loop
      vertex  5.000000e+001 -3.132843e+001  0.000000e+000
      vertex  5.000000e+001 -3.132843e+001 -5.000000e+000
      vertex  4.997687e+001 -3.106601e+001  0.000000e+000
    endloop
  endfacet
  facet normal  9.958940e-001  9.052752e-002 -1.437550e-004
    outer loop
      vertex  4.997687e+001 -3.106601e+001  0.000000e+000
      vertex  5.000000e+001 -3.132843e+001 -5.000000e+000
      vertex  4.997541e+001 -3.105796e+001 -5.000000e+000
    endloop
  endfacet
  facet normal  9.654105e-001  2.607347e-001  1.391058e-004
    outer loop
      vertex  4.997687e+001 -3.106601e+001  0.000000e+000
      vertex  4.997541e+001 -3.105796e+001 -5.000000e+000
      vertex  4.990818e+001 -3.081168e+001  0.000000e+000
    endloop
  endfacet
  facet normal  9.632469e-001  2.686177e-001 -2.782709e-004
    outer loop
      vertex  4.990818e+001 -3.081168e+001  0.000000e+000
      vertex  4.997541e+001 -3.105796e+001 -5.000000e+000
      vertex  4.990246e+001 -3.079636e+001 -5.000000e+000
    endloop
  endfacet
  facet normal  9.049122e-001  4.255983e-001  2.696057e-004
    outer loop
      vertex  4.990818e+001 -3.081168e+001  0.000000e+000
      vertex  4.990246e+001 -3.079636e+001 -5.000000e+000
      vertex  4.979606e+001 -3.057330e+001  0.000000e+000
    endloop
  endfacet
  facet normal  8.990226e-001  4.379022e-001 -4.046273e-004
    outer loop
      vertex  4.979606e+001 -3.057330e+001  0.000000e+000
      vertex  4.990246e+001 -3.079636e+001 -5.000000e+000
      vertex  4.978354e+001 -3.055220e+001 -5.000000e+000
    endloop
  endfacet
  facet normal  8.164960e-001  5.773510e-001  3.905910e-004
    outer loop
      vertex  4.979606e+001 -3.057330e+001  0.000000e+000
      vertex  4.978354e+001 -3.055220e+001 -5.000000e+000
      vertex  4.964397e+001 -3.035820e+001  0.000000e+000
    endloop
  endfacet
  facet normal  5.858459e-001 -8.104224e-001  0.000000e+000
    outer loop
      vertex  1.551620e+001 -7.628670e+001  0.000000e+000
      vertex  1.573330e+001 -7.612975e+001 -4.000000e+000
      vertex  1.573330e+001 -7.612975e+001  0.000000e+000
    endloop
  endfacet
  facet normal  4.323417e-001 -9.017098e-001  0.000000e+000
    outer loop
      vertex  1.573330e+001 -7.612975e+001  0.000000e+000
      vertex  1.573330e+001 -7.612975e+001 -4.000000e+000
      vertex  1.597486e+001 -7.601393e+001 -4.000000e+000
    endloop
  endfacet
  facet normal  4.323417e-001 -9.017098e-001  0.000000e+000
    outer loop
      vertex  1.573330e+001 -7.612975e+001  0.000000e+000
      vertex  1.597486e+001 -7.601393e+001 -4.000000e+000
      vertex  1.597486e+001 -7.601393e+001  0.000000e+000
    endloop
  endfacet
  facet normal  2.650290e-001 -9.642404e-001  0.000000e+000
    outer loop
      vertex  1.597486e+001 -7.601393e+001  0.000000e+000
      vertex  1.597486e+001 -7.601393e+001 -4.000000e+000
      vertex  1.623318e+001 -7.594293e+001 -4.000000e+000
    endloop
  endfacet
  facet normal  2.650290e-001 -9.642404e-001  0.000000e+000
    outer loop
      vertex  1.597486e+001 -7.601393e+001  0.000000e+000
      vertex  1.623318e+001 -7.594293e+001 -4.000000e+000
      vertex  1.623318e+001 -7.594293e+001  0.000000e+000
    endloop
  endfacet
  facet normal  8.931083e-002 -9.960037e-001  0.000000e+000
    outer loop
      vertex  1.623318e+001 -7.594293e+001  0.000000e+000
      vertex  1.623318e+001 -7.594293e+001 -4.000000e+000
      vertex  1.650000e+001 -7.591901e+001 -4.000000e+000
    endloop
  endfacet
  facet normal  8.931083e-002 -9.960037e-001  0.000000e+000
    outer loop
      vertex  1.623318e+001 -7.594293e+001  0.000000e+000
      vertex  1.650000e+001 -7.591901e+001 -4.000000e+000
      vertex  1.650000e+001 -7.591901e+001  0.000000e+000
    endloop
  endfacet
  facet normal  5.858459e-001 -8.104224e-001  0.000000e+000
    outer loop
      vertex  1.573330e+001 -7.612975e+001 -4.000000e+000
      vertex  1.551620e+001 -7.628670e+001  0.000000e+000
      vertex  1.551620e+001 -7.628670e+001 -4.000000e+000
    endloop
  endfacet
  facet normal  7.206483e-001 -6.933008e-001  0.000000e+000
    outer loop
      vertex  1.551620e+001 -7.628670e+001 -4.000000e+000
      vertex  1.551620e+001 -7.628670e+001  0.000000e+000
      vertex  1.533047e+001 -7.647975e+001  0.000000e+000
    endloop
  endfacet
  facet normal  7.206483e-001 -6.933008e-001  0.000000e+000
    outer loop
      vertex  1.551620e+001 -7.628670e+001 -4.000000e+000
      vertex  1.533047e+001 -7.647975e+001  0.000000e+000
      vertex  1.533047e+001 -7.647975e+001 -4.000000e+000
    endloop
  endfacet
  facet normal  8.324937e-001 -5.540346e-001  0.000000e+000
    outer loop
      vertex  1.533047e+001 -7.647975e+001 -4.000000e+000
      vertex  1.533047e+001 -7.647975e+001  0.000000e+000
      vertex  1.518204e+001 -7.670277e+001  0.000000e+000
    endloop
  endfacet
  facet normal  8.324937e-001 -5.540346e-001  0.000000e+000
    outer loop
      vertex  1.533047e+001 -7.647975e+001 -4.000000e+000
      vertex  1.518204e+001 -7.670277e+001  0.000000e+000
      vertex  1.518204e+001 -7.670277e+001 -4.000000e+000
    endloop
  endfacet
  facet normal  9.177670e-001 -3.971195e-001  0.000000e+000
    outer loop
      vertex  1.518204e+001 -7.670277e+001 -4.000000e+000
      vertex  1.518204e+001 -7.670277e+001  0.000000e+000
      vertex  1.507566e+001 -7.694864e+001  0.000000e+000
    endloop
  endfacet
  facet normal  9.177670e-001 -3.971195e-001  0.000000e+000
    outer loop
      vertex  1.518204e+001 -7.670277e+001 -4.000000e+000
      vertex  1.507566e+001 -7.694864e+001  0.000000e+000
      vertex  1.507566e+001 -7.694864e+001 -4.000000e+000
    endloop
  endfacet
  facet normal  9.737703e-001 -2.275332e-001  0.000000e+000
    outer loop
      vertex  1.507566e+001 -7.694864e+001 -4.000000e+000
      vertex  1.507566e+001 -7.694864e+001  0.000000e+000
      vertex  1.501470e+001 -7.720950e+001  0.000000e+000
    endloop
  endfacet
  facet normal  9.737703e-001 -2.275332e-001  0.000000e+000
    outer loop
      vertex  1.507566e+001 -7.694864e+001 -4.000000e+000
      vertex  1.501470e+001 -7.720950e+001  0.000000e+000
      vertex  1.501470e+001 -7.720950e+001 -4.000000e+000
    endloop
  endfacet
  facet normal  8.811864e-001 -4.727666e-001 -1.436072e-003
    outer loop
      vertex  1.491425e+001 -7.757638e+001 -5.000000e+000
      vertex  1.484736e+001 -7.771623e+001  0.000000e+000
      vertex  1.477543e+001 -7.783512e+001 -5.000000e+000
    endloop
  endfacet
  facet normal  8.324947e-001 -5.540317e-001  1.196746e-003
    outer loop
      vertex  1.484736e+001 -7.771623e+001  0.000000e+000
      vertex  1.469894e+001 -7.793925e+001  0.000000e+000
      vertex  1.477543e+001 -7.783512e+001 -5.000000e+000
    endloop
  endfacet
  facet normal  7.721984e-001 -6.353799e-001 -1.419876e-003
    outer loop
      vertex  1.458886e+001 -7.806186e+001 -5.000000e+000
      vertex  1.477543e+001 -7.783512e+001 -5.000000e+000
      vertex  1.469894e+001 -7.793925e+001  0.000000e+000
    endloop
  endfacet
  facet normal  7.206479e-001 -6.933004e-001  1.135267e-003
    outer loop
      vertex  1.469894e+001 -7.793925e+001  0.000000e+000
      vertex  1.451321e+001 -7.813231e+001  0.000000e+000
      vertex  1.458886e+001 -7.806186e+001 -5.000000e+000
    endloop
  endfacet
  facet normal  6.336238e-001 -7.736402e-001 -1.313446e-003
    outer loop
      vertex  1.436170e+001 -7.824791e+001 -5.000000e+000
      vertex  1.458886e+001 -7.806186e+001 -5.000000e+000
      vertex  1.451321e+001 -7.813231e+001  0.000000e+000
    endloop
  endfacet
  facet normal  5.858440e-001 -8.104233e-001  9.848068e-004
    outer loop
      vertex  1.451321e+001 -7.813231e+001  0.000000e+000
      vertex  1.429610e+001 -7.828925e+001  0.000000e+000
      vertex  1.436170e+001 -7.824791e+001 -5.000000e+000
    endloop
  endfacet
  facet normal  4.707848e-001 -8.822473e-001 -1.118607e-003
    outer loop
      vertex  1.410264e+001 -7.838615e+001 -5.000000e+000
      vertex  1.436170e+001 -7.824791e+001 -5.000000e+000
      vertex  1.429610e+001 -7.828925e+001  0.000000e+000
    endloop
  endfacet
  facet normal  4.323430e-001 -9.017090e-001  7.459055e-004
    outer loop
      vertex  1.429610e+001 -7.828925e+001  0.000000e+000
      vertex  1.405454e+001 -7.840508e+001  0.000000e+000
      vertex  1.410264e+001 -7.838615e+001 -5.000000e+000
    endloop
  endfacet
  facet normal  2.898689e-001 -9.570661e-001 -8.343834e-004
    outer loop
      vertex  1.382162e+001 -7.847126e+001 -5.000000e+000
      vertex  1.410264e+001 -7.838615e+001 -5.000000e+000
      vertex  1.405454e+001 -7.840508e+001  0.000000e+000
    endloop
  endfacet
  facet normal  9.177663e-001 -3.971192e-001  1.169183e-003
    outer loop
      vertex  1.495375e+001 -7.747037e+001  0.000000e+000
      vertex  1.484736e+001 -7.771623e+001  0.000000e+000
      vertex  1.491425e+001 -7.757638e+001 -5.000000e+000
    endloop
  endfacet
  facet normal  9.564016e-001 -2.920516e-001 -1.363697e-003
    outer loop
      vertex  1.495375e+001 -7.747037e+001  0.000000e+000
      vertex  1.491425e+001 -7.757638e+001 -5.000000e+000
      vertex  1.500000e+001 -7.729556e+001 -5.000000e+000
    endloop
  endfacet
  facet normal  9.667348e-001 -2.557809e-001  0.000000e+000
    outer loop
      vertex  1.495375e+001 -7.747037e+001  0.000000e+000
      vertex  1.500000e+001 -7.729556e+001 -5.000000e+000
      vertex  1.500000e+001 -7.729556e+001 -4.000000e+000
    endloop
  endfacet
  facet normal  9.857075e-001 -1.684176e-001  4.037432e-003
    outer loop
      vertex  1.495375e+001 -7.747037e+001  0.000000e+000
      vertex  1.500000e+001 -7.729556e+001 -4.000000e+000
      vertex  1.501470e+001 -7.720950e+001 -4.000000e+000
    endloop
  endfacet
  facet normal  9.737695e-001 -2.275366e-001  0.000000e+000
    outer loop
      vertex  1.495375e+001 -7.747037e+001  0.000000e+000
      vertex  1.501470e+001 -7.720950e+001 -4.000000e+000
      vertex  1.501470e+001 -7.720950e+001  0.000000e+000
    endloop
  endfacet
  facet normal  8.931084e-002 -9.960038e-001  0.000000e+000
    outer loop
      vertex  1.352941e+001 -7.850000e+001  0.000000e+000
      vertex  1.352941e+001 -7.850000e+001 -5.000000e+000
      vertex  1.379623e+001 -7.847607e+001  0.000000e+000
    endloop
  endfacet
  facet normal  9.787866e-002 -9.951982e-001 -4.610729e-004
    outer loop
      vertex  1.379623e+001 -7.847607e+001  0.000000e+000
      vertex  1.352941e+001 -7.850000e+001 -5.000000e+000
      vertex  1.382162e+001 -7.847126e+001 -5.000000e+000
    endloop
  endfacet
  facet normal  2.650290e-001 -9.642403e-001  4.177042e-004
    outer loop
      vertex  1.379623e+001 -7.847607e+001  0.000000e+000
      vertex  1.382162e+001 -7.847126e+001 -5.000000e+000
      vertex  1.405454e+001 -7.840508e+001  0.000000e+000
    endloop
  endfacet
  facet normal  0.000000e+000 -1.000000e+000  0.000000e+000
    outer loop
      vertex  1.650000e+001 -7.591901e+001 -4.000000e+000
      vertex  1.852941e+001 -7.591901e+001 -4.000000e+000
      vertex  1.650000e+001 -7.591901e+001  0.000000e+000
    endloop
  endfacet
  facet normal  0.000000e+000 -1.000000e+000  0.000000e+000
    outer loop
      vertex  1.650000e+001 -7.591901e+001  0.000000e+000
      vertex  1.852941e+001 -7.591901e+001 -4.000000e+000
      vertex  1.852941e+001 -7.591901e+001  0.000000e+000
    endloop
  endfacet
  facet normal -2.898687e-001 -9.570658e-001  1.042910e-003
    outer loop
      vertex  1.910265e+001 -7.603286e+001 -4.000000e+000
      vertex  1.905454e+001 -7.601393e+001  0.000000e+000
      vertex  1.882162e+001 -7.594775e+001 -4.000000e+000
    endloop
  endfacet
  facet normal -4.323429e-001 -9.017088e-001 -9.324847e-004
    outer loop
      vertex  1.929610e+001 -7.612975e+001  0.000000e+000
      vertex  1.905454e+001 -7.601393e+001  0.000000e+000
      vertex  1.910265e+001 -7.603286e+001 -4.000000e+000
    endloop
  endfacet
  facet normal -4.707860e-001 -8.822464e-001  1.398229e-003
    outer loop
      vertex  1.936170e+001 -7.617110e+001 -4.000000e+000
      vertex  1.929610e+001 -7.612975e+001  0.000000e+000
      vertex  1.910265e+001 -7.603286e+001 -4.000000e+000
    endloop
  endfacet
  facet normal -5.858439e-001 -8.104230e-001 -1.231008e-003
    outer loop
      vertex  1.951321e+001 -7.628670e+001  0.000000e+000
      vertex  1.929610e+001 -7.612975e+001  0.000000e+000
      vertex  1.936170e+001 -7.617110e+001 -4.000000e+000
    endloop
  endfacet
  facet normal -6.336235e-001 -7.736399e-001  1.641807e-003
    outer loop
      vertex  1.958886e+001 -7.635715e+001 -4.000000e+000
      vertex  1.951321e+001 -7.628670e+001  0.000000e+000
      vertex  1.936170e+001 -7.617110e+001 -4.000000e+000
    endloop
  endfacet
  facet normal -7.206477e-001 -6.933001e-001 -1.419084e-003
    outer loop
      vertex  1.969894e+001 -7.647975e+001  0.000000e+000
      vertex  1.951321e+001 -7.628670e+001  0.000000e+000
      vertex  1.958886e+001 -7.635715e+001 -4.000000e+000
    endloop
  endfacet
  facet normal -7.721964e-001 -6.353815e-001  1.774739e-003
    outer loop
      vertex  1.977543e+001 -7.658389e+001 -4.000000e+000
      vertex  1.969894e+001 -7.647975e+001  0.000000e+000
      vertex  1.958886e+001 -7.635715e+001 -4.000000e+000
    endloop
  endfacet
  facet normal -8.324927e-001 -5.540340e-001 -1.496037e-003
    outer loop
      vertex  1.984736e+001 -7.670277e+001  0.000000e+000
      vertex  1.969894e+001 -7.647975e+001  0.000000e+000
      vertex  1.977543e+001 -7.658389e+001 -4.000000e+000
    endloop
  endfacet
  facet normal -8.811860e-001 -4.727664e-001  1.795089e-003
    outer loop
      vertex  1.991425e+001 -7.684263e+001 -4.000000e+000
      vertex  1.984736e+001 -7.670277e+001  0.000000e+000
      vertex  1.977543e+001 -7.658389e+001 -4.000000e+000
    endloop
  endfacet
  facet normal -9.177660e-001 -3.971190e-001 -1.461479e-003
    outer loop
      vertex  1.991425e+001 -7.684263e+001 -4.000000e+000
      vertex  1.995375e+001 -7.694864e+001  0.000000e+000
      vertex  1.984736e+001 -7.670277e+001  0.000000e+000
    endloop
  endfacet
  facet normal -9.857174e-001 -1.684083e-001  0.000000e+000
    outer loop
      vertex  2.000000e+001 -7.712345e+001 -4.000000e+000
      vertex  2.000000e+001 -7.712345e+001 -5.000000e+000
      vertex  2.001470e+001 -7.720950e+001 -5.000000e+000
    endloop
  endfacet
  facet normal -9.857172e-001 -1.684083e-001  0.000000e+000
    outer loop
      vertex  2.000000e+001 -7.712345e+001 -4.000000e+000
      vertex  2.001470e+001 -7.720950e+001 -5.000000e+000
      vertex  2.001470e+001 -7.720950e+001  0.000000e+000
    endloop
  endfacet
  facet normal -9.737703e-001 -2.275297e-001 -1.315788e-003
    outer loop
      vertex  2.000000e+001 -7.712345e+001 -4.000000e+000
      vertex  2.001470e+001 -7.720950e+001  0.000000e+000
      vertex  1.995375e+001 -7.694864e+001  0.000000e+000
    endloop
  endfacet
  facet normal -9.564020e-001 -2.920485e-001  1.704708e-003
    outer loop
      vertex  2.000000e+001 -7.712345e+001 -4.000000e+000
      vertex  1.995375e+001 -7.694864e+001  0.000000e+000
      vertex  1.991425e+001 -7.684263e+001 -4.000000e+000
    endloop
  endfacet
  facet normal -2.650290e-001 -9.642403e-001 -5.221934e-004
    outer loop
      vertex  1.905454e+001 -7.601393e+001  0.000000e+000
      vertex  1.879623e+001 -7.594293e+001  0.000000e+000
      vertex  1.882162e+001 -7.594775e+001 -4.000000e+000
    endloop
  endfacet
  facet normal -8.931082e-002 -9.960036e-001  6.316850e-004
    outer loop
      vertex  1.882162e+001 -7.594775e+001 -4.000000e+000
      vertex  1.879623e+001 -7.594293e+001  0.000000e+000
      vertex  1.852941e+001 -7.591901e+001  0.000000e+000
    endloop
  endfacet
  facet normal -9.787836e-002 -9.951984e-001  -0.000000e+000
    outer loop
      vertex  1.882162e+001 -7.594775e+001 -4.000000e+000
      vertex  1.852941e+001 -7.591901e+001  0.000000e+000
      vertex  1.852941e+001 -7.591901e+001 -4.000000e+000
    endloop
  endfacet
  facet normal -7.206483e-001 -6.933008e-001  0.000000e+000
    outer loop
      vertex -1.551620e+001 -7.628670e+001  0.000000e+000
      vertex -1.533047e+001 -7.647975e+001 -4.000000e+000
      vertex -1.533047e+001 -7.647975e+001  0.000000e+000
    endloop
  endfacet
  facet normal -8.324937e-001 -5.540346e-001  -0.000000e+000
    outer loop
      vertex -1.533047e+001 -7.647975e+001  0.000000e+000
      vertex -1.533047e+001 -7.647975e+001 -4.000000e+000
      vertex -1.518204e+001 -7.670277e+001 -4.000000e+000
    endloop
  endfacet
  facet normal -8.324937e-001 -5.540346e-001  0.000000e+000
    outer loop
      vertex -1.533047e+001 -7.647975e+001  0.000000e+000
      vertex -1.518204e+001 -7.670277e+001 -4.000000e+000
      vertex -1.518204e+001 -7.670277e+001  0.000000e+000
    endloop
  endfacet
  facet normal -9.177670e-001 -3.971195e-001  -0.000000e+000
    outer loop
      vertex -1.518204e+001 -7.670277e+001  0.000000e+000
      vertex -1.518204e+001 -7.670277e+001 -4.000000e+000
      vertex -1.507566e+001 -7.694864e+001 -4.000000e+000
    endloop
  endfacet
  facet normal -9.177670e-001 -3.971195e-001  0.000000e+000
    outer loop
      vertex -1.518204e+001 -7.670277e+001  0.000000e+000
      vertex -1.507566e+001 -7.694864e+001 -4.000000e+000
      vertex -1.507566e+001 -7.694864e+001  0.000000e+000
    endloop
  endfacet
  facet normal -9.737703e-001 -2.275332e-001  -0.000000e+000
    outer loop
      vertex -1.507566e+001 -7.694864e+001  0.000000e+000
      vertex -1.507566e+001 -7.694864e+001 -4.000000e+000
      vertex -1.501470e+001 -7.720950e+001 -4.000000e+000
    endloop
  endfacet
  facet normal -9.737703e-001 -2.275332e-001  0.000000e+000
    outer loop
      vertex -1.507566e+001 -7.694864e+001  0.000000e+000
      vertex -1.501470e+001 -7.720950e+001 -4.000000e+000
      vertex -1.501470e+001 -7.720950e+001  0.000000e+000
    endloop
  endfacet
  facet normal -7.206483e-001 -6.933008e-001  -0.000000e+000
    outer loop
      vertex -1.533047e+001 -7.647975e+001 -4.000000e+000
      vertex -1.551620e+001 -7.628670e+001  0.000000e+000
      vertex -1.551620e+001 -7.628670e+001 -4.000000e+000
    endloop
  endfacet
  facet normal -5.858459e-001 -8.104224e-001  0.000000e+000
    outer loop
      vertex -1.551620e+001 -7.628670e+001 -4.000000e+000
      vertex -1.551620e+001 -7.628670e+001  0.000000e+000
      vertex -1.573330e+001 -7.612975e+001  0.000000e+000
    endloop
  endfacet
  facet normal -5.858459e-001 -8.104224e-001  -0.000000e+000
    outer loop
      vertex -1.551620e+001 -7.628670e+001 -4.000000e+000
      vertex -1.573330e+001 -7.612975e+001  0.000000e+000
      vertex -1.573330e+001 -7.612975e+001 -4.000000e+000
    endloop
  endfacet
  facet normal -4.323417e-001 -9.017098e-001  0.000000e+000
    outer loop
      vertex -1.573330e+001 -7.612975e+001 -4.000000e+000
      vertex -1.573330e+001 -7.612975e+001  0.000000e+000
      vertex -1.597486e+001 -7.601393e+001  0.000000e+000
    endloop
  endfacet
  facet normal -4.323417e-001 -9.017098e-001  -0.000000e+000
    outer loop
      vertex -1.573330e+001 -7.612975e+001 -4.000000e+000
      vertex -1.597486e+001 -7.601393e+001  0.000000e+000
      vertex -1.597486e+001 -7.601393e+001 -4.000000e+000
    endloop
  endfacet
  facet normal -2.650290e-001 -9.642404e-001  0.000000e+000
    outer loop
      vertex -1.597486e+001 -7.601393e+001 -4.000000e+000
      vertex -1.597486e+001 -7.601393e+001  0.000000e+000
      vertex -1.623318e+001 -7.594293e+001  0.000000e+000
    endloop
  endfacet
  facet normal -2.650290e-001 -9.642404e-001  -0.000000e+000
    outer loop
      vertex -1.597486e+001 -7.601393e+001 -4.000000e+000
      vertex -1.623318e+001 -7.594293e+001  0.000000e+000
      vertex -1.623318e+001 -7.594293e+001 -4.000000e+000
    endloop
  endfacet
  facet normal -8.931083e-002 -9.960037e-001  0.000000e+000
    outer loop
      vertex -1.623318e+001 -7.594293e+001 -4.000000e+000
      vertex -1.623318e+001 -7.594293e+001  0.000000e+000
      vertex -1.650000e+001 -7.591901e+001  0.000000e+000
    endloop
  endfacet
  facet normal -8.931083e-002 -9.960037e-001  -0.000000e+000
    outer loop
      vertex -1.623318e+001 -7.594293e+001 -4.000000e+000
      vertex -1.650000e+001 -7.591901e+001  0.000000e+000
      vertex -1.650000e+001 -7.591901e+001 -4.000000e+000
    endloop
  endfacet
  facet normal -2.898689e-001 -9.570661e-001 -8.343834e-004
    outer loop
      vertex -1.382162e+001 -7.847126e+001 -5.000000e+000
      vertex -1.405454e+001 -7.840508e+001  0.000000e+000
      vertex -1.410264e+001 -7.838615e+001 -5.000000e+000
    endloop
  endfacet
  facet normal -4.323430e-001 -9.017090e-001  7.459055e-004
    outer loop
      vertex -1.410264e+001 -7.838615e+001 -5.000000e+000
      vertex -1.405454e+001 -7.840508e+001  0.000000e+000
      vertex -1.429610e+001 -7.828925e+001  0.000000e+000
    endloop
  endfacet
  facet normal -4.707848e-001 -8.822473e-001 -1.118608e-003
    outer loop
      vertex -1.410264e+001 -7.838615e+001 -5.000000e+000
      vertex -1.429610e+001 -7.828925e+001  0.000000e+000
      vertex -1.436170e+001 -7.824791e+001 -5.000000e+000
    endloop
  endfacet
  facet normal -5.858440e-001 -8.104233e-001  9.848068e-004
    outer loop
      vertex -1.436170e+001 -7.824791e+001 -5.000000e+000
      vertex -1.429610e+001 -7.828925e+001  0.000000e+000
      vertex -1.451321e+001 -7.813231e+001  0.000000e+000
    endloop
  endfacet
  facet normal -6.336238e-001 -7.736402e-001 -1.313446e-003
    outer loop
      vertex -1.436170e+001 -7.824791e+001 -5.000000e+000
      vertex -1.451321e+001 -7.813231e+001  0.000000e+000
      vertex -1.458886e+001 -7.806186e+001 -5.000000e+000
    endloop
  endfacet
  facet normal -7.206479e-001 -6.933004e-001  1.135267e-003
    outer loop
      vertex -1.458886e+001 -7.806186e+001 -5.000000e+000
      vertex -1.451321e+001 -7.813231e+001  0.000000e+000
      vertex -1.469894e+001 -7.793925e+001  0.000000e+000
    endloop
  endfacet
  facet normal -7.721984e-001 -6.353799e-001 -1.419875e-003
    outer loop
      vertex -1.458886e+001 -7.806186e+001 -5.000000e+000
      vertex -1.469894e+001 -7.793925e+001  0.000000e+000
      vertex -1.477543e+001 -7.783512e+001 -5.000000e+000
    endloop
  endfacet
  facet normal -8.324947e-001 -5.540317e-001  1.196746e-003
    outer loop
      vertex -1.477543e+001 -7.783512e+001 -5.000000e+000
      vertex -1.469894e+001 -7.793925e+001  0.000000e+000
      vertex -1.484736e+001 -7.771623e+001  0.000000e+000
    endloop
  endfacet
  facet normal -8.811864e-001 -4.727666e-001 -1.436072e-003
    outer loop
      vertex -1.477543e+001 -7.783512e+001 -5.000000e+000
      vertex -1.484736e+001 -7.771623e+001  0.000000e+000
      vertex -1.491425e+001 -7.757638e+001 -5.000000e+000
    endloop
  endfacet
  facet normal -9.177663e-001 -3.971192e-001  1.169184e-003
    outer loop
      vertex -1.484736e+001 -7.771623e+001  0.000000e+000
      vertex -1.495375e+001 -7.747037e+001  0.000000e+000
      vertex -1.491425e+001 -7.757638e+001 -5.000000e+000
    endloop
  endfacet
  facet normal -9.787867e-002 -9.951983e-001  -0.000000e+000
    outer loop
      vertex -1.352941e+001 -7.850000e+001 -5.000000e+000
      vertex -1.352941e+001 -7.850000e+001  0.000000e+000
      vertex -1.382162e+001 -7.847126e+001 -5.000000e+000
    endloop
  endfacet
  facet normal -8.931082e-002 -9.960036e-001 -5.053651e-004
    outer loop
      vertex -1.382162e+001 -7.847126e+001 -5.000000e+000
      vertex -1.352941e+001 -7.850000e+001  0.000000e+000
      vertex -1.379623e+001 -7.847607e+001  0.000000e+000
    endloop
  endfacet
  facet normal -2.650290e-001 -9.642403e-001  4.177042e-004
    outer loop
      vertex -1.382162e+001 -7.847126e+001 -5.000000e+000
      vertex -1.379623e+001 -7.847607e+001  0.000000e+000
      vertex -1.405454e+001 -7.840508e+001  0.000000e+000
    endloop
  endfacet
  facet normal -9.564025e-001 -2.920519e-001  0.000000e+000
    outer loop
      vertex -1.500000e+001 -7.729556e+001 -5.000000e+000
      vertex -1.491425e+001 -7.757638e+001 -5.000000e+000
      vertex -1.500000e+001 -7.729556e+001 -4.000000e+000
    endloop
  endfacet
  facet normal -9.578587e-001 -2.872359e-001 -1.477311e-003
    outer loop
      vertex -1.500000e+001 -7.729556e+001 -4.000000e+000
      vertex -1.491425e+001 -7.757638e+001 -5.000000e+000
      vertex -1.495375e+001 -7.747037e+001  0.000000e+000
    endloop
  endfacet
  facet normal -9.857075e-001 -1.684176e-001  4.037432e-003
    outer loop
      vertex -1.500000e+001 -7.729556e+001 -4.000000e+000
      vertex -1.495375e+001 -7.747037e+001  0.000000e+000
      vertex -1.501470e+001 -7.720950e+001 -4.000000e+000
    endloop
  endfacet
  facet normal -9.737695e-001 -2.275366e-001  0.000000e+000
    outer loop
      vertex -1.501470e+001 -7.720950e+001 -4.000000e+000
      vertex -1.495375e+001 -7.747037e+001  0.000000e+000
      vertex -1.501470e+001 -7.720950e+001  0.000000e+000
    endloop
  endfacet
  facet normal  0.000000e+000  0.000000e+000 -1.000000e+000
    outer loop
      vertex  2.150000e+001 -7.850000e+001 -5.000000e+000
      vertex  2.123318e+001 -7.847607e+001 -5.000000e+000
      vertex  2.097486e+001 -7.840508e+001 -5.000000e+000
    endloop
  endfacet
  facet normal  0.000000e+000  0.000000e+000 -9.999999e-001
    outer loop
      vertex  2.150000e+001 -7.850000e+001 -5.000000e+000
      vertex  2.097486e+001 -7.840508e+001 -5.000000e+000
      vertex  2.073330e+001 -7.828925e+001 -5.000000e+000
    endloop
  endfacet
  facet normal  0.000000e+000  0.000000e+000 -1.000000e+000
    outer loop
      vertex  2.150000e+001 -7.850000e+001 -5.000000e+000
      vertex  2.073330e+001 -7.828925e+001 -5.000000e+000
      vertex  2.051620e+001 -7.813231e+001 -5.000000e+000
    endloop
  endfacet
  facet normal  0.000000e+000  0.000000e+000 -9.999999e-001
    outer loop
      vertex  2.150000e+001 -7.850000e+001 -5.000000e+000
      vertex  2.051620e+001 -7.813231e+001 -5.000000e+000
      vertex  2.033047e+001 -7.793925e+001 -5.000000e+000
    endloop
  endfacet
  facet normal  0.000000e+000  0.000000e+000 -1.000000e+000
    outer loop
      vertex  2.150000e+001 -7.850000e+001 -5.000000e+000
      vertex  2.033047e+001 -7.793925e+001 -5.000000e+000
      vertex  2.018204e+001 -7.771623e+001 -5.000000e+000
    endloop
  endfacet
  facet normal  0.000000e+000  0.000000e+000 -1.000000e+000
    outer loop
      vertex  2.150000e+001 -7.850000e+001 -5.000000e+000
      vertex  2.018204e+001 -7.771623e+001 -5.000000e+000
      vertex  2.007566e+001 -7.747037e+001 -5.000000e+000
    endloop
  endfacet
  facet normal  0.000000e+000  0.000000e+000 -1.000000e+000
    outer loop
      vertex  2.150000e+001 -7.850000e+001 -5.000000e+000
      vertex  2.007566e+001 -7.747037e+001 -5.000000e+000
      vertex  2.001470e+001 -7.720950e+001 -5.000000e+000
    endloop
  endfacet
  facet normal  0.000000e+000  0.000000e+000 -1.000000e+000
    outer loop
      vertex  2.150000e+001 -7.850000e+001 -5.000000e+000
      vertex  2.001470e+001 -7.720950e+001 -5.000000e+000
      vertex  2.000000e+001 -7.712345e+001 -5.000000e+000
    endloop
  endfacet
  facet normal  0.000000e+000  0.000000e+000 -1.000000e+000
    outer loop
      vertex  2.150000e+001 -7.850000e+001 -5.000000e+000
      vertex  2.000000e+001 -7.712345e+001 -5.000000e+000
      vertex  2.000000e+001 -3.000000e+001 -5.000000e+000
    endloop
  endfacet
  facet normal  0.000000e+000  0.000000e+000 -9.999999e-001
    outer loop
      vertex  2.150000e+001 -7.850000e+001 -5.000000e+000
      vertex  2.000000e+001 -3.000000e+001 -5.000000e+000
      vertex  4.919662e+001 -3.000000e+001 -5.000000e+000
    endloop
  endfacet
  facet normal  0.000000e+000  0.000000e+000 -9.999999e-001
    outer loop
      vertex  2.150000e+001 -7.850000e+001 -5.000000e+000
      vertex  4.919662e+001 -3.000000e+001 -5.000000e+000
      vertex  4.700000e+001 -7.850000e+001 -5.000000e+000
    endloop
  endfacet
  facet normal  -0.000000e+000  -0.000000e+000 -1.000000e+000
    outer loop
      vertex  4.919662e+001 -3.000000e+001 -5.000000e+000
      vertex  4.942474e+001 -3.014738e+001 -5.000000e+000
      vertex  4.942705e+001 -7.726336e+001 -5.000000e+000
    endloop
  endfacet
  facet normal  -0.000000e+000  0.000000e+000 -1.000000e+000
    outer loop
      vertex  4.919662e+001 -3.000000e+001 -5.000000e+000
      vertex  4.942705e+001 -7.726336e+001 -5.000000e+000
      vertex  4.912132e+001 -7.762132e+001 -5.000000e+000
    endloop
  endfacet
  facet normal  -0.000000e+000  0.000000e+000 -1.000000e+000
    outer loop
      vertex  4.919662e+001 -3.000000e+001 -5.000000e+000
      vertex  4.912132e+001 -7.762132e+001 -5.000000e+000
      vertex  4.876336e+001 -7.792705e+001 -5.000000e+000
    endloop
  endfacet
  facet normal  -0.000000e+000  0.000000e+000 -1.000000e+000
    outer loop
      vertex  4.919662e+001 -3.000000e+001 -5.000000e+000
      vertex  4.876336e+001 -7.792705e+001 -5.000000e+000
      vertex  4.836197e+001 -7.817302e+001 -5.000000e+000
    endloop
  endfacet
  facet normal  -0.000000e+000  0.000000e+000 -1.000000e+000
    outer loop
      vertex  4.919662e+001 -3.000000e+001 -5.000000e+000
      vertex  4.836197e+001 -7.817302e+001 -5.000000e+000
      vertex  4.792705e+001 -7.835317e+001 -5.000000e+000
    endloop
  endfacet
  facet normal  -0.000000e+000  0.000000e+000 -9.999999e-001
    outer loop
      vertex  4.919662e+001 -3.000000e+001 -5.000000e+000
      vertex  4.792705e+001 -7.835317e+001 -5.000000e+000
      vertex  4.746930e+001 -7.846307e+001 -5.000000e+000
    endloop
  endfacet
  facet normal  -0.000000e+000  0.000000e+000 -9.999999e-001
    outer loop
      vertex  4.919662e+001 -3.000000e+001 -5.000000e+000
      vertex  4.746930e+001 -7.846307e+001 -5.000000e+000
      vertex  4.700000e+001 -7.850000e+001 -5.000000e+000
    endloop
  endfacet
  facet normal  0.000000e+000  0.000000e+000 -1.000000e+000
    outer loop
      vertex  4.990246e+001 -3.079636e+001 -5.000000e+000
      vertex  4.985317e+001 -7.642705e+001 -5.000000e+000
      vertex  4.978354e+001 -3.055220e+001 -5.000000e+000
    endloop
  endfacet
  facet normal  0.000000e+000  -0.000000e+000 -1.000000e+000
    outer loop
      vertex  4.978354e+001 -3.055220e+001 -5.000000e+000
      vertex  4.985317e+001 -7.642705e+001 -5.000000e+000
      vertex  4.967302e+001 -7.686197e+001 -5.000000e+000
    endloop
  endfacet
  facet normal  0.000000e+000  0.000000e+000 -9.999999e-001
    outer loop
      vertex  4.978354e+001 -3.055220e+001 -5.000000e+000
      vertex  4.967302e+001 -7.686197e+001 -5.000000e+000
      vertex  4.962254e+001 -3.033348e+001 -5.000000e+000
    endloop
  endfacet
  facet normal  0.000000e+000  -0.000000e+000 -1.000000e+000
    outer loop
      vertex  4.962254e+001 -3.033348e+001 -5.000000e+000
      vertex  4.967302e+001 -7.686197e+001 -5.000000e+000
      vertex  4.942705e+001 -7.726336e+001 -5.000000e+000
    endloop
  endfacet
  facet normal  0.000000e+000  0.000000e+000 -1.000000e+000
    outer loop
      vertex  4.962254e+001 -3.033348e+001 -5.000000e+000
      vertex  4.942705e+001 -7.726336e+001 -5.000000e+000
      vertex  4.942474e+001 -3.014738e+001 -5.000000e+000
    endloop
  endfacet
  facet normal  -0.000000e+000  0.000000e+000 -1.000000e+000
    outer loop
      vertex  4.990246e+001 -3.079636e+001 -5.000000e+000
      vertex  4.997541e+001 -3.105796e+001 -5.000000e+000
      vertex  4.985317e+001 -7.642705e+001 -5.000000e+000
    endloop
  endfacet
  facet normal  0.000000e+000  0.000000e+000 -1.000000e+000
    outer loop
      vertex  4.985317e+001 -7.642705e+001 -5.000000e+000
      vertex  4.997541e+001 -3.105796e+001 -5.000000e+000
      vertex  4.996307e+001 -7.596931e+001 -5.000000e+000
    endloop
  endfacet
  facet normal  -0.000000e+000  0.000000e+000 -1.000000e+000
    outer loop
      vertex  4.997541e+001 -3.105796e+001 -5.000000e+000
      vertex  5.000000e+001 -3.132843e+001 -5.000000e+000
      vertex  4.996307e+001 -7.596931e+001 -5.000000e+000
    endloop
  endfacet
  facet normal  0.000000e+000  0.000000e+000 -1.000000e+000
    outer loop
      vertex  4.996307e+001 -7.596931e+001 -5.000000e+000
      vertex  5.000000e+001 -3.132843e+001 -5.000000e+000
      vertex  5.000000e+001 -7.550000e+001 -5.000000e+000
    endloop
  endfacet
  facet normal  0.000000e+000  0.000000e+000 -1.000000e+000
    outer loop
      vertex  4.919662e+001 -2.500000e+001 -5.000000e+000
      vertex  4.165077e+001 -8.550504e-001 -5.000000e+000
      vertex  4.183494e+001 -1.250000e+000 -5.000000e+000
    endloop
  endfacet
  facet normal  0.000000e+000  0.000000e+000 -1.000000e+000
    outer loop
      vertex  4.919662e+001 -2.500000e+001 -5.000000e+000
      vertex  4.183494e+001 -1.250000e+000 -5.000000e+000
      vertex  4.208489e+001 -1.606969e+000 -5.000000e+000
    endloop
  endfacet
  facet normal  0.000000e+000  0.000000e+000 -1.000000e+000
    outer loop
      vertex  4.919662e+001 -2.500000e+001 -5.000000e+000
      vertex  4.208489e+001 -1.606969e+000 -5.000000e+000
      vertex  4.239303e+001 -1.915111e+000 -5.000000e+000
    endloop
  endfacet
  facet normal  0.000000e+000  0.000000e+000 -1.000000e+000
    outer loop
      vertex  4.919662e+001 -2.500000e+001 -5.000000e+000
      vertex  4.239303e+001 -1.915111e+000 -5.000000e+000
      vertex  4.275000e+001 -2.165064e+000 -5.000000e+000
    endloop
  endfacet
  facet normal  0.000000e+000  0.000000e+000 -9.999999e-001
    outer loop
      vertex  4.919662e+001 -2.500000e+001 -5.000000e+000
      vertex  4.275000e+001 -2.165064e+000 -5.000000e+000
      vertex  4.314495e+001 -2.349231e+000 -5.000000e+000
    endloop
  endfacet
  facet normal  0.000000e+000  0.000000e+000 -1.000000e+000
    outer loop
      vertex  4.919662e+001 -2.500000e+001 -5.000000e+000
      vertex  4.314495e+001 -2.349231e+000 -5.000000e+000
      vertex  4.356588e+001 -2.462019e+000 -5.000000e+000
    endloop
  endfacet
  facet normal  0.000000e+000  0.000000e+000 -1.000000e+000
    outer loop
      vertex  4.919662e+001 -2.500000e+001 -5.000000e+000
      vertex  4.356588e+001 -2.462019e+000 -5.000000e+000
      vertex  4.400000e+001 -2.500000e+000 -5.000000e+000
    endloop
  endfacet
  facet normal  0.000000e+000  0.000000e+000 -1.000000e+000
    outer loop
      vertex  4.919662e+001 -2.500000e+001 -5.000000e+000
      vertex  4.400000e+001 -2.500000e+000 -5.000000e+000
      vertex  4.443412e+001 -2.462019e+000 -5.000000e+000
    endloop
  endfacet
  facet normal  0.000000e+000  0.000000e+000 -1.000000e+000
    outer loop
      vertex  4.919662e+001 -2.500000e+001 -5.000000e+000
      vertex  4.443412e+001 -2.462019e+000 -5.000000e+000
      vertex  4.485505e+001 -2.349231e+000 -5.000000e+000
    endloop
  endfacet
  facet normal  0.000000e+000  0.000000e+000 -1.000000e+000
    outer loop
      vertex  4.919662e+001 -2.500000e+001 -5.000000e+000
      vertex  4.485505e+001 -2.349231e+000 -5.000000e+000
      vertex  4.525000e+001 -2.165064e+000 -5.000000e+000
    endloop
  endfacet
  facet normal  0.000000e+000  0.000000e+000 -1.000000e+000
    outer loop
      vertex  4.919662e+001 -2.500000e+001 -5.000000e+000
      vertex  4.525000e+001 -2.165064e+000 -5.000000e+000
      vertex  4.560697e+001 -1.915111e+000 -5.000000e+000
    endloop
  endfacet
  facet normal  0.000000e+000  0.000000e+000 -1.000000e+000
    outer loop
      vertex  4.919662e+001 -2.500000e+001 -5.000000e+000
      vertex  4.560697e+001 -1.915111e+000 -5.000000e+000
      vertex  4.591511e+001 -1.606969e+000 -5.000000e+000
    endloop
  endfacet
  facet normal  0.000000e+000  0.000000e+000 -1.000000e+000
    outer loop
      vertex  4.919662e+001 -2.500000e+001 -5.000000e+000
      vertex  4.591511e+001 -1.606969e+000 -5.000000e+000
      vertex  4.616506e+001 -1.250000e+000 -5.000000e+000
    endloop
  endfacet
  facet normal  0.000000e+000  0.000000e+000 -1.000000e+000
    outer loop
      vertex  4.919662e+001 -2.500000e+001 -5.000000e+000
      vertex  4.616506e+001 -1.250000e+000 -5.000000e+000
      vertex  4.634923e+001 -8.550504e-001 -5.000000e+000
    endloop
  endfacet
  facet normal  0.000000e+000  0.000000e+000 -1.000000e+000
    outer loop
      vertex  4.919662e+001 -2.500000e+001 -5.000000e+000
      vertex  4.634923e+001 -8.550504e-001 -5.000000e+000
      vertex  4.646202e+001 -4.341204e-001 -5.000000e+000
    endloop
  endfacet
  facet normal  0.000000e+000  0.000000e+000 -1.000000e+000
    outer loop
      vertex  4.919662e+001 -2.500000e+001 -5.000000e+000
      vertex  4.646202e+001 -4.341204e-001 -5.000000e+000
      vertex  4.650000e+001 -4.592425e-016 -5.000000e+000
    endloop
  endfacet
  facet normal  0.000000e+000  0.000000e+000 -1.000000e+000
    outer loop
      vertex  4.919662e+001 -2.500000e+001 -5.000000e+000
      vertex  4.650000e+001 -4.592425e-016 -5.000000e+000
      vertex  5.000000e+001  2.367157e+001 -5.000000e+000
    endloop
  endfacet
  facet normal  0.000000e+000  -0.000000e+000 -1.000000e+000
    outer loop
      vertex  4.919662e+001 -2.500000e+001 -5.000000e+000
      vertex  5.000000e+001  2.367157e+001 -5.000000e+000
      vertex  5.000000e+001 -2.367157e+001 -5.000000e+000
    endloop
  endfacet
  facet normal  0.000000e+000  0.000000e+000 -9.999999e-001
    outer loop
      vertex  4.919662e+001 -2.500000e+001 -5.000000e+000
      vertex  5.000000e+001 -2.367157e+001 -5.000000e+000
      vertex  4.997541e+001 -2.394204e+001 -5.000000e+000
    endloop
  endfacet
  facet normal  0.000000e+000  0.000000e+000 -1.000000e+000
    outer loop
      vertex  4.919662e+001 -2.500000e+001 -5.000000e+000
      vertex  4.997541e+001 -2.394204e+001 -5.000000e+000
      vertex  4.990246e+001 -2.420364e+001 -5.000000e+000
    endloop
  endfacet
  facet normal  0.000000e+000  0.000000e+000 -9.999999e-001
    outer loop
      vertex  4.919662e+001 -2.500000e+001 -5.000000e+000
      vertex  4.990246e+001 -2.420364e+001 -5.000000e+000
      vertex  4.978354e+001 -2.444780e+001 -5.000000e+000
    endloop
  endfacet
  facet normal  0.000000e+000  0.000000e+000 -1.000000e+000
    outer loop
      vertex  4.919662e+001 -2.500000e+001 -5.000000e+000
      vertex  4.978354e+001 -2.444780e+001 -5.000000e+000
      vertex  4.962254e+001 -2.466652e+001 -5.000000e+000
    endloop
  endfacet
  facet normal  0.000000e+000  0.000000e+000 -1.000000e+000
    outer loop
      vertex  4.919662e+001 -2.500000e+001 -5.000000e+000
      vertex  4.962254e+001 -2.466652e+001 -5.000000e+000
      vertex  4.942474e+001 -2.485262e+001 -5.000000e+000
    endloop
  endfacet
  facet normal  0.000000e+000  -0.000000e+000 -1.000000e+000
    outer loop
      vertex  4.650000e+001 -4.592425e-016 -5.000000e+000
      vertex  4.919662e+001  2.500000e+001 -5.000000e+000
      vertex  4.942474e+001  2.485262e+001 -5.000000e+000
    endloop
  endfacet
  facet normal  0.000000e+000  -0.000000e+000 -1.000000e+000
    outer loop
      vertex  4.650000e+001 -4.592425e-016 -5.000000e+000
      vertex  4.942474e+001  2.485262e+001 -5.000000e+000
      vertex  4.962254e+001  2.466652e+001 -5.000000e+000
    endloop
  endfacet
  facet normal  0.000000e+000  -0.000000e+000 -1.000000e+000
    outer loop
      vertex  4.650000e+001 -4.592425e-016 -5.000000e+000
      vertex  4.962254e+001  2.466652e+001 -5.000000e+000
      vertex  4.978354e+001  2.444780e+001 -5.000000e+000
    endloop
  endfacet
  facet normal  0.000000e+000  -0.000000e+000 -9.999999e-001
    outer loop
      vertex  4.650000e+001 -4.592425e-016 -5.000000e+000
      vertex  4.978354e+001  2.444780e+001 -5.000000e+000
      vertex  4.990246e+001  2.420364e+001 -5.000000e+000
    endloop
  endfacet
  facet normal  0.000000e+000  -0.000000e+000 -1.000000e+000
    outer loop
      vertex  4.650000e+001 -4.592425e-016 -5.000000e+000
      vertex  4.990246e+001  2.420364e+001 -5.000000e+000
      vertex  4.997541e+001  2.394204e+001 -5.000000e+000
    endloop
  endfacet
  facet normal  0.000000e+000  -0.000000e+000 -1.000000e+000
    outer loop
      vertex  4.650000e+001 -4.592425e-016 -5.000000e+000
      vertex  4.997541e+001  2.394204e+001 -5.000000e+000
      vertex  5.000000e+001  2.367157e+001 -5.000000e+000
    endloop
  endfacet
  facet normal  0.000000e+000  0.000000e+000 -1.000000e+000
    outer loop
      vertex  2.000000e+001 -2.500000e+001 -5.000000e+000
      vertex  2.000000e+001  2.500000e+001 -5.000000e+000
      vertex  4.150000e+001  5.971700e-016 -5.000000e+000
    endloop
  endfacet
  facet normal  0.000000e+000  -0.000000e+000 -1.000000e+000
    outer loop
      vertex  2.000000e+001 -2.500000e+001 -5.000000e+000
      vertex  4.150000e+001  5.971700e-016 -5.000000e+000
      vertex  4.153798e+001 -4.341204e-001 -5.000000e+000
    endloop
  endfacet
  facet normal  0.000000e+000  -0.000000e+000 -1.000000e+000
    outer loop
      vertex  2.000000e+001 -2.500000e+001 -5.000000e+000
      vertex  4.153798e+001 -4.341204e-001 -5.000000e+000
      vertex  4.165077e+001 -8.550504e-001 -5.000000e+000
    endloop
  endfacet
  facet normal  0.000000e+000  -0.000000e+000 -1.000000e+000
    outer loop
      vertex  2.000000e+001 -2.500000e+001 -5.000000e+000
      vertex  4.165077e+001 -8.550504e-001 -5.000000e+000
      vertex  4.919662e+001 -2.500000e+001 -5.000000e+000
    endloop
  endfacet
  facet normal  0.000000e+000  0.000000e+000 -1.000000e+000
    outer loop
      vertex  4.919662e+001  2.500000e+001 -5.000000e+000
      vertex  4.650000e+001 -4.592425e-016 -5.000000e+000
      vertex  4.646202e+001  4.341204e-001 -5.000000e+000
    endloop
  endfacet
  facet normal  0.000000e+000  0.000000e+000 -1.000000e+000
    outer loop
      vertex  4.919662e+001  2.500000e+001 -5.000000e+000
      vertex  4.646202e+001  4.341204e-001 -5.000000e+000
      vertex  4.634923e+001  8.550504e-001 -5.000000e+000
    endloop
  endfacet
  facet normal  0.000000e+000  0.000000e+000 -1.000000e+000
    outer loop
      vertex  4.919662e+001  2.500000e+001 -5.000000e+000
      vertex  4.634923e+001  8.550504e-001 -5.000000e+000
      vertex  4.616506e+001  1.250000e+000 -5.000000e+000
    endloop
  endfacet
  facet normal  0.000000e+000  0.000000e+000 -1.000000e+000
    outer loop
      vertex  4.919662e+001  2.500000e+001 -5.000000e+000
      vertex  4.616506e+001  1.250000e+000 -5.000000e+000
      vertex  4.591511e+001  1.606969e+000 -5.000000e+000
    endloop
  endfacet
  facet normal  0.000000e+000  0.000000e+000 -1.000000e+000
    outer loop
      vertex  4.919662e+001  2.500000e+001 -5.000000e+000
      vertex  4.591511e+001  1.606969e+000 -5.000000e+000
      vertex  4.560697e+001  1.915111e+000 -5.000000e+000
    endloop
  endfacet
  facet normal  0.000000e+000  0.000000e+000 -1.000000e+000
    outer loop
      vertex  4.919662e+001  2.500000e+001 -5.000000e+000
      vertex  4.560697e+001  1.915111e+000 -5.000000e+000
      vertex  4.525000e+001  2.165064e+000 -5.000000e+000
    endloop
  endfacet
  facet normal  0.000000e+000  0.000000e+000 -1.000000e+000
    outer loop
      vertex  4.919662e+001  2.500000e+001 -5.000000e+000
      vertex  4.525000e+001  2.165064e+000 -5.000000e+000
      vertex  4.485505e+001  2.349231e+000 -5.000000e+000
    endloop
  endfacet
  facet normal  0.000000e+000  0.000000e+000 -1.000000e+000
    outer loop
      vertex  4.919662e+001  2.500000e+001 -5.000000e+000
      vertex  4.485505e+001  2.349231e+000 -5.000000e+000
      vertex  4.443412e+001  2.462019e+000 -5.000000e+000
    endloop
  endfacet
  facet normal  0.000000e+000  0.000000e+000 -1.000000e+000
    outer loop
      vertex  4.919662e+001  2.500000e+001 -5.000000e+000
      vertex  4.443412e+001  2.462019e+000 -5.000000e+000
      vertex  4.400000e+001  2.500000e+000 -5.000000e+000
    endloop
  endfacet
  facet normal  -0.000000e+000  0.000000e+000 -1.000000e+000
    outer loop
      vertex  4.919662e+001  2.500000e+001 -5.000000e+000
      vertex  4.400000e+001  2.500000e+000 -5.000000e+000
      vertex  4.356588e+001  2.462019e+000 -5.000000e+000
    endloop
  endfacet
  facet normal  -0.000000e+000  0.000000e+000 -1.000000e+000
    outer loop
      vertex  4.919662e+001  2.500000e+001 -5.000000e+000
      vertex  4.356588e+001  2.462019e+000 -5.000000e+000
      vertex  4.314495e+001  2.349231e+000 -5.000000e+000
    endloop
  endfacet
  facet normal  -0.000000e+000  0.000000e+000 -1.000000e+000
    outer loop
      vertex  4.919662e+001  2.500000e+001 -5.000000e+000
      vertex  4.314495e+001  2.349231e+000 -5.000000e+000
      vertex  4.275000e+001  2.165064e+000 -5.000000e+000
    endloop
  endfacet
  facet normal  -0.000000e+000  0.000000e+000 -1.000000e+000
    outer loop
      vertex  4.919662e+001  2.500000e+001 -5.000000e+000
      vertex  4.275000e+001  2.165064e+000 -5.000000e+000
      vertex  4.239303e+001  1.915111e+000 -5.000000e+000
    endloop
  endfacet
  facet normal  -0.000000e+000  0.000000e+000 -1.000000e+000
    outer loop
      vertex  4.919662e+001  2.500000e+001 -5.000000e+000
      vertex  4.239303e+001  1.915111e+000 -5.000000e+000
      vertex  4.208489e+001  1.606969e+000 -5.000000e+000
    endloop
  endfacet
  facet normal  -0.000000e+000  0.000000e+000 -1.000000e+000
    outer loop
      vertex  4.919662e+001  2.500000e+001 -5.000000e+000
      vertex  4.208489e+001  1.606969e+000 -5.000000e+000
      vertex  4.183494e+001  1.250000e+000 -5.000000e+000
    endloop
  endfacet
  facet normal  -0.000000e+000  0.000000e+000 -1.000000e+000
    outer loop
      vertex  4.919662e+001  2.500000e+001 -5.000000e+000
      vertex  4.183494e+001  1.250000e+000 -5.000000e+000
      vertex  4.165077e+001  8.550504e-001 -5.000000e+000
    endloop
  endfacet
  facet normal  -0.000000e+000  0.000000e+000 -1.000000e+000
    outer loop
      vertex  2.000000e+001  2.500000e+001 -5.000000e+000
      vertex  4.919662e+001  2.500000e+001 -5.000000e+000
      vertex  4.165077e+001  8.550504e-001 -5.000000e+000
    endloop
  endfacet
  facet normal  -0.000000e+000  0.000000e+000 -1.000000e+000
    outer loop
      vertex  2.000000e+001  2.500000e+001 -5.000000e+000
      vertex  4.165077e+001  8.550504e-001 -5.000000e+000
      vertex  4.153798e+001  4.341204e-001 -5.000000e+000
    endloop
  endfacet
  facet normal  -0.000000e+000  0.000000e+000 -1.000000e+000
    outer loop
      vertex  2.000000e+001  2.500000e+001 -5.000000e+000
      vertex  4.153798e+001  4.341204e-001 -5.000000e+000
      vertex  4.150000e+001  5.971700e-016 -5.000000e+000
    endloop
  endfacet
  facet normal  -0.000000e+000  0.000000e+000 -1.000000e+000
    outer loop
      vertex  4.912132e+001  7.762132e+001 -5.000000e+000
      vertex  4.923970e+001  3.019507e+001 -5.000000e+000
      vertex  4.900000e+001  3.008579e+001 -5.000000e+000
    endloop
  endfacet
  facet normal  -0.000000e+000  -0.000000e+000 -9.999999e-001
    outer loop
      vertex  2.150000e+001  7.850000e+001 -5.000000e+000
      vertex  4.700000e+001  7.850000e+001 -5.000000e+000
      vertex  4.880338e+001  3.000000e+001 -5.000000e+000
    endloop
  endfacet
  facet normal  0.000000e+000  0.000000e+000 -9.999999e-001
    outer loop
      vertex  2.150000e+001  7.850000e+001 -5.000000e+000
      vertex  4.880338e+001  3.000000e+001 -5.000000e+000
      vertex  2.000000e+001  3.000000e+001 -5.000000e+000
    endloop
  endfacet
  facet normal  0.000000e+000  0.000000e+000 -1.000000e+000
    outer loop
      vertex  2.150000e+001  7.850000e+001 -5.000000e+000
      vertex  2.000000e+001  3.000000e+001 -5.000000e+000
      vertex  2.000000e+001  7.712345e+001 -5.000000e+000
    endloop
  endfacet
  facet normal  0.000000e+000  0.000000e+000 -1.000000e+000
    outer loop
      vertex  2.150000e+001  7.850000e+001 -5.000000e+000
      vertex  2.000000e+001  7.712345e+001 -5.000000e+000
      vertex  2.001470e+001  7.720950e+001 -5.000000e+000
    endloop
  endfacet
  facet normal  0.000000e+000  0.000000e+000 -1.000000e+000
    outer loop
      vertex  2.150000e+001  7.850000e+001 -5.000000e+000
      vertex  2.001470e+001  7.720950e+001 -5.000000e+000
      vertex  2.007566e+001  7.747037e+001 -5.000000e+000
    endloop
  endfacet
  facet normal  0.000000e+000  0.000000e+000 -1.000000e+000
    outer loop
      vertex  2.150000e+001  7.850000e+001 -5.000000e+000
      vertex  2.007566e+001  7.747037e+001 -5.000000e+000
      vertex  2.018204e+001  7.771623e+001 -5.000000e+000
    endloop
  endfacet
  facet normal  0.000000e+000  0.000000e+000 -1.000000e+000
    outer loop
      vertex  2.150000e+001  7.850000e+001 -5.000000e+000
      vertex  2.018204e+001  7.771623e+001 -5.000000e+000
      vertex  2.033047e+001  7.793925e+001 -5.000000e+000
    endloop
  endfacet
  facet normal  0.000000e+000  0.000000e+000 -1.000000e+000
    outer loop
      vertex  2.150000e+001  7.850000e+001 -5.000000e+000
      vertex  2.033047e+001  7.793925e+001 -5.000000e+000
      vertex  2.051620e+001  7.813231e+001 -5.000000e+000
    endloop
  endfacet
  facet normal  0.000000e+000  0.000000e+000 -1.000000e+000
    outer loop
      vertex  2.150000e+001  7.850000e+001 -5.000000e+000
      vertex  2.051620e+001  7.813231e+001 -5.000000e+000
      vertex  2.073330e+001  7.828925e+001 -5.000000e+000
    endloop
  endfacet
  facet normal  0.000000e+000  0.000000e+000 -9.999999e-001
    outer loop
      vertex  2.150000e+001  7.850000e+001 -5.000000e+000
      vertex  2.073330e+001  7.828925e+001 -5.000000e+000
      vertex  2.097486e+001  7.840508e+001 -5.000000e+000
    endloop
  endfacet
  facet normal  0.000000e+000  0.000000e+000 -1.000000e+000
    outer loop
      vertex  2.150000e+001  7.850000e+001 -5.000000e+000
      vertex  2.097486e+001  7.840508e+001 -5.000000e+000
      vertex  2.123318e+001  7.847607e+001 -5.000000e+000
    endloop
  endfacet
  facet normal  0.000000e+000  0.000000e+000 -1.000000e+000
    outer loop
      vertex  4.880338e+001  3.000000e+001 -5.000000e+000
      vertex  4.700000e+001  7.850000e+001 -5.000000e+000
      vertex  4.746930e+001  7.846307e+001 -5.000000e+000
    endloop
  endfacet
  facet normal  0.000000e+000  0.000000e+000 -1.000000e+000
    outer loop
      vertex  4.880338e+001  3.000000e+001 -5.000000e+000
      vertex  4.746930e+001  7.846307e+001 -5.000000e+000
      vertex  4.792705e+001  7.835317e+001 -5.000000e+000
    endloop
  endfacet
  facet normal  0.000000e+000  0.000000e+000 -1.000000e+000
    outer loop
      vertex  4.880338e+001  3.000000e+001 -5.000000e+000
      vertex  4.792705e+001  7.835317e+001 -5.000000e+000
      vertex  4.836197e+001  7.817302e+001 -5.000000e+000
    endloop
  endfacet
  facet normal  0.000000e+000  0.000000e+000 -1.000000e+000
    outer loop
      vertex  4.880338e+001  3.000000e+001 -5.000000e+000
      vertex  4.836197e+001  7.817302e+001 -5.000000e+000
      vertex  4.876336e+001  7.792705e+001 -5.000000e+000
    endloop
  endfacet
  facet normal  0.000000e+000  0.000000e+000 -1.000000e+000
    outer loop
      vertex  4.880338e+001  3.000000e+001 -5.000000e+000
      vertex  4.876336e+001  7.792705e+001 -5.000000e+000
      vertex  4.912132e+001  7.762132e+001 -5.000000e+000
    endloop
  endfacet
  facet normal  0.000000e+000  0.000000e+000 -1.000000e+000
    outer loop
      vertex  4.880338e+001  3.000000e+001 -5.000000e+000
      vertex  4.912132e+001  7.762132e+001 -5.000000e+000
      vertex  4.900000e+001  3.008579e+001 -5.000000e+000
    endloop
  endfacet
  facet normal  0.000000e+000  0.000000e+000 -9.999999e-001
    outer loop
      vertex  4.990818e+001  3.098326e+001 -5.000000e+000
      vertex  4.979606e+001  3.074487e+001 -5.000000e+000
      vertex  4.985317e+001  7.642705e+001 -5.000000e+000
    endloop
  endfacet
  facet normal  0.000000e+000  0.000000e+000 -1.000000e+000
    outer loop
      vertex  4.985317e+001  7.642705e+001 -5.000000e+000
      vertex  4.979606e+001  3.074487e+001 -5.000000e+000
      vertex  4.964397e+001  3.052977e+001 -5.000000e+000
    endloop
  endfacet
  facet normal  0.000000e+000  0.000000e+000 -1.000000e+000
    outer loop
      vertex  4.985317e+001  7.642705e+001 -5.000000e+000
      vertex  4.964397e+001  3.052977e+001 -5.000000e+000
      vertex  4.967302e+001  7.686197e+001 -5.000000e+000
    endloop
  endfacet
  facet normal  0.000000e+000  0.000000e+000 -1.000000e+000
    outer loop
      vertex  4.967302e+001  7.686197e+001 -5.000000e+000
      vertex  4.964397e+001  3.052977e+001 -5.000000e+000
      vertex  4.945658e+001  3.034460e+001 -5.000000e+000
    endloop
  endfacet
  facet normal  0.000000e+000  0.000000e+000 -1.000000e+000
    outer loop
      vertex  4.967302e+001  7.686197e+001 -5.000000e+000
      vertex  4.945658e+001  3.034460e+001 -5.000000e+000
      vertex  4.942705e+001  7.726336e+001 -5.000000e+000
    endloop
  endfacet
  facet normal  0.000000e+000  -0.000000e+000 -1.000000e+000
    outer loop
      vertex  4.942705e+001  7.726336e+001 -5.000000e+000
      vertex  4.945658e+001  3.034460e+001 -5.000000e+000
      vertex  4.923970e+001  3.019507e+001 -5.000000e+000
    endloop
  endfacet
  facet normal  0.000000e+000  0.000000e+000 -1.000000e+000
    outer loop
      vertex  4.942705e+001  7.726336e+001 -5.000000e+000
      vertex  4.923970e+001  3.019507e+001 -5.000000e+000
      vertex  4.912132e+001  7.762132e+001 -5.000000e+000
    endloop
  endfacet
  facet normal  -0.000000e+000  0.000000e+000 -1.000000e+000
    outer loop
      vertex  4.985317e+001  7.642705e+001 -5.000000e+000
      vertex  4.996307e+001  7.596931e+001 -5.000000e+000
      vertex  4.990818e+001  3.098326e+001 -5.000000e+000
    endloop
  endfacet
  facet normal  0.000000e+000  0.000000e+000 -1.000000e+000
    outer loop
      vertex  4.990818e+001  3.098326e+001 -5.000000e+000
      vertex  4.996307e+001  7.596931e+001 -5.000000e+000
      vertex  4.997687e+001  3.123758e+001 -5.000000e+000
    endloop
  endfacet
  facet normal  -0.000000e+000  0.000000e+000 -1.000000e+000
    outer loop
      vertex  4.996307e+001  7.596931e+001 -5.000000e+000
      vertex  5.000000e+001  7.550000e+001 -5.000000e+000
      vertex  4.997687e+001  3.123758e+001 -5.000000e+000
    endloop
  endfacet
  facet normal  0.000000e+000  0.000000e+000 -1.000000e+000
    outer loop
      vertex  4.997687e+001  3.123758e+001 -5.000000e+000
      vertex  5.000000e+001  7.550000e+001 -5.000000e+000
      vertex  5.000000e+001  3.150000e+001 -5.000000e+000
    endloop
  endfacet
  facet normal  0.000000e+000  -0.000000e+000 -1.000000e+000
    outer loop
      vertex  2.500000e+000  7.200000e+001 -5.000000e+000
      vertex  1.352941e+001  7.850000e+001 -5.000000e+000
      vertex  1.382162e+001  7.847126e+001 -5.000000e+000
    endloop
  endfacet
  facet normal  0.000000e+000  -0.000000e+000 -1.000000e+000
    outer loop
      vertex  2.500000e+000  7.200000e+001 -5.000000e+000
      vertex  1.382162e+001  7.847126e+001 -5.000000e+000
      vertex  1.410264e+001  7.838615e+001 -5.000000e+000
    endloop
  endfacet
  facet normal  0.000000e+000  -0.000000e+000 -1.000000e+000
    outer loop
      vertex  2.500000e+000  7.200000e+001 -5.000000e+000
      vertex  1.410264e+001  7.838615e+001 -5.000000e+000
      vertex  1.436170e+001  7.824791e+001 -5.000000e+000
    endloop
  endfacet
  facet normal  0.000000e+000  -0.000000e+000 -1.000000e+000
    outer loop
      vertex  2.500000e+000  7.200000e+001 -5.000000e+000
      vertex  1.436170e+001  7.824791e+001 -5.000000e+000
      vertex  1.458886e+001  7.806186e+001 -5.000000e+000
    endloop
  endfacet
  facet normal  0.000000e+000  -0.000000e+000 -9.999999e-001
    outer loop
      vertex  2.500000e+000  7.200000e+001 -5.000000e+000
      vertex  1.458886e+001  7.806186e+001 -5.000000e+000
      vertex  1.477543e+001  7.783512e+001 -5.000000e+000
    endloop
  endfacet
  facet normal  0.000000e+000  -0.000000e+000 -1.000000e+000
    outer loop
      vertex  2.500000e+000  7.200000e+001 -5.000000e+000
      vertex  1.477543e+001  7.783512e+001 -5.000000e+000
      vertex  1.491425e+001  7.757638e+001 -5.000000e+000
    endloop
  endfacet
  facet normal  0.000000e+000  -0.000000e+000 -1.000000e+000
    outer loop
      vertex  2.500000e+000  7.200000e+001 -5.000000e+000
      vertex  1.491425e+001  7.757638e+001 -5.000000e+000
      vertex  1.500000e+001  7.729556e+001 -5.000000e+000
    endloop
  endfacet
  facet normal  0.000000e+000  -0.000000e+000 -1.000000e+000
    outer loop
      vertex  2.500000e+000  7.200000e+001 -5.000000e+000
      vertex  1.500000e+001  7.729556e+001 -5.000000e+000
      vertex  1.500000e+001  3.000000e+001 -5.000000e+000
    endloop
  endfacet
  facet normal  0.000000e+000  0.000000e+000 -1.000000e+000
    outer loop
      vertex -1.500000e+001  3.000000e+001 -5.000000e+000
      vertex -1.500000e+001  7.729556e+001 -5.000000e+000
      vertex -2.500000e+000  7.200000e+001 -5.000000e+000
    endloop
  endfacet
  facet normal  0.000000e+000  -0.000000e+000 -9.999999e-001
    outer loop
      vertex -1.500000e+001  3.000000e+001 -5.000000e+000
      vertex -2.500000e+000  7.200000e+001 -5.000000e+000
      vertex -2.462019e+000  7.156588e+001 -5.000000e+000
    endloop
  endfacet
  facet normal  0.000000e+000  -0.000000e+000 -9.999999e-001
    outer loop
      vertex -1.500000e+001  3.000000e+001 -5.000000e+000
      vertex -2.462019e+000  7.156588e+001 -5.000000e+000
      vertex -2.349231e+000  7.114495e+001 -5.000000e+000
    endloop
  endfacet
  facet normal  0.000000e+000  -0.000000e+000 -1.000000e+000
    outer loop
      vertex -1.500000e+001  3.000000e+001 -5.000000e+000
      vertex -2.349231e+000  7.114495e+001 -5.000000e+000
      vertex  1.500000e+001  3.000000e+001 -5.000000e+000
    endloop
  endfacet
  facet normal  0.000000e+000  0.000000e+000 -1.000000e+000
    outer loop
      vertex  1.500000e+001  3.000000e+001 -5.000000e+000
      vertex -2.349231e+000  7.114495e+001 -5.000000e+000
      vertex -2.165064e+000  7.075000e+001 -5.000000e+000
    endloop
  endfacet
  facet normal  0.000000e+000  0.000000e+000 -1.000000e+000
    outer loop
      vertex  1.500000e+001  3.000000e+001 -5.000000e+000
      vertex -2.165064e+000  7.075000e+001 -5.000000e+000
      vertex -1.915111e+000  7.039303e+001 -5.000000e+000
    endloop
  endfacet
  facet normal  0.000000e+000  0.000000e+000 -1.000000e+000
    outer loop
      vertex  1.500000e+001  3.000000e+001 -5.000000e+000
      vertex -1.915111e+000  7.039303e+001 -5.000000e+000
      vertex -1.606969e+000  7.008489e+001 -5.000000e+000
    endloop
  endfacet
  facet normal  0.000000e+000  0.000000e+000 -1.000000e+000
    outer loop
      vertex  1.500000e+001  3.000000e+001 -5.000000e+000
      vertex -1.606969e+000  7.008489e+001 -5.000000e+000
      vertex -1.250000e+000  6.983494e+001 -5.000000e+000
    endloop
  endfacet
  facet normal  0.000000e+000  0.000000e+000 -1.000000e+000
    outer loop
      vertex  1.500000e+001  3.000000e+001 -5.000000e+000
      vertex -1.250000e+000  6.983494e+001 -5.000000e+000
      vertex -8.550504e-001  6.965077e+001 -5.000000e+000
    endloop
  endfacet
  facet normal  0.000000e+000  0.000000e+000 -9.999999e-001
    outer loop
      vertex  1.500000e+001  3.000000e+001 -5.000000e+000
      vertex -8.550504e-001  6.965077e+001 -5.000000e+000
      vertex -4.341204e-001  6.953798e+001 -5.000000e+000
    endloop
  endfacet
  facet normal  0.000000e+000  0.000000e+000 -1.000000e+000
    outer loop
      vertex  1.500000e+001  3.000000e+001 -5.000000e+000
      vertex -4.341204e-001  6.953798e+001 -5.000000e+000
      vertex -3.061617e-016  6.950000e+001 -5.000000e+000
    endloop
  endfacet
  facet normal  0.000000e+000  0.000000e+000 -1.000000e+000
    outer loop
      vertex  1.500000e+001  3.000000e+001 -5.000000e+000
      vertex -3.061617e-016  6.950000e+001 -5.000000e+000
      vertex  4.341204e-001  6.953798e+001 -5.000000e+000
    endloop
  endfacet
  facet normal  0.000000e+000  0.000000e+000 -1.000000e+000
    outer loop
      vertex  1.500000e+001  3.000000e+001 -5.000000e+000
      vertex  4.341204e-001  6.953798e+001 -5.000000e+000
      vertex  8.550504e-001  6.965077e+001 -5.000000e+000
    endloop
  endfacet
  facet normal  0.000000e+000  0.000000e+000 -1.000000e+000
    outer loop
      vertex  1.500000e+001  3.000000e+001 -5.000000e+000
      vertex  8.550504e-001  6.965077e+001 -5.000000e+000
      vertex  1.250000e+000  6.983494e+001 -5.000000e+000
    endloop
  endfacet
  facet normal  0.000000e+000  0.000000e+000 -1.000000e+000
    outer loop
      vertex  1.500000e+001  3.000000e+001 -5.000000e+000
      vertex  1.250000e+000  6.983494e+001 -5.000000e+000
      vertex  1.606969e+000  7.008489e+001 -5.000000e+000
    endloop
  endfacet
  facet normal  0.000000e+000  0.000000e+000 -1.000000e+000
    outer loop
      vertex  1.500000e+001  3.000000e+001 -5.000000e+000
      vertex  1.606969e+000  7.008489e+001 -5.000000e+000
      vertex  1.915111e+000  7.039303e+001 -5.000000e+000
    endloop
  endfacet
  facet normal  0.000000e+000  0.000000e+000 -1.000000e+000
    outer loop
      vertex  1.500000e+001  3.000000e+001 -5.000000e+000
      vertex  1.915111e+000  7.039303e+001 -5.000000e+000
      vertex  2.165064e+000  7.075000e+001 -5.000000e+000
    endloop
  endfacet
  facet normal  0.000000e+000  0.000000e+000 -1.000000e+000
    outer loop
      vertex  1.500000e+001  3.000000e+001 -5.000000e+000
      vertex  2.165064e+000  7.075000e+001 -5.000000e+000
      vertex  2.349231e+000  7.114495e+001 -5.000000e+000
    endloop
  endfacet
  facet normal  0.000000e+000  0.000000e+000 -1.000000e+000
    outer loop
      vertex  1.500000e+001  3.000000e+001 -5.000000e+000
      vertex  2.349231e+000  7.114495e+001 -5.000000e+000
      vertex  2.462019e+000  7.156588e+001 -5.000000e+000
    endloop
  endfacet
  facet normal  0.000000e+000  0.000000e+000 -1.000000e+000
    outer loop
      vertex  1.500000e+001  3.000000e+001 -5.000000e+000
      vertex  2.462019e+000  7.156588e+001 -5.000000e+000
      vertex  2.500000e+000  7.200000e+001 -5.000000e+000
    endloop
  endfacet
  facet normal  0.000000e+000  0.000000e+000 -1.000000e+000
    outer loop
      vertex  1.352941e+001  7.850000e+001 -5.000000e+000
      vertex  2.500000e+000  7.200000e+001 -5.000000e+000
      vertex  2.462019e+000  7.243412e+001 -5.000000e+000
    endloop
  endfacet
  facet normal  0.000000e+000  0.000000e+000 -1.000000e+000
    outer loop
      vertex  1.352941e+001  7.850000e+001 -5.000000e+000
      vertex  2.462019e+000  7.243412e+001 -5.000000e+000
      vertex  2.349231e+000  7.285505e+001 -5.000000e+000
    endloop
  endfacet
  facet normal  0.000000e+000  0.000000e+000 -1.000000e+000
    outer loop
      vertex  1.352941e+001  7.850000e+001 -5.000000e+000
      vertex  2.349231e+000  7.285505e+001 -5.000000e+000
      vertex  2.165064e+000  7.325000e+001 -5.000000e+000
    endloop
  endfacet
  facet normal  0.000000e+000  0.000000e+000 -1.000000e+000
    outer loop
      vertex  1.352941e+001  7.850000e+001 -5.000000e+000
      vertex  2.165064e+000  7.325000e+001 -5.000000e+000
      vertex  1.915111e+000  7.360697e+001 -5.000000e+000
    endloop
  endfacet
  facet normal  0.000000e+000  0.000000e+000 -1.000000e+000
    outer loop
      vertex  1.352941e+001  7.850000e+001 -5.000000e+000
      vertex  1.915111e+000  7.360697e+001 -5.000000e+000
      vertex  1.606969e+000  7.391511e+001 -5.000000e+000
    endloop
  endfacet
  facet normal  0.000000e+000  0.000000e+000 -9.999999e-001
    outer loop
      vertex  1.352941e+001  7.850000e+001 -5.000000e+000
      vertex  1.606969e+000  7.391511e+001 -5.000000e+000
      vertex  1.250000e+000  7.416506e+001 -5.000000e+000
    endloop
  endfacet
  facet normal  0.000000e+000  0.000000e+000 -9.999999e-001
    outer loop
      vertex  1.352941e+001  7.850000e+001 -5.000000e+000
      vertex  1.250000e+000  7.416506e+001 -5.000000e+000
      vertex  8.550504e-001  7.434923e+001 -5.000000e+000
    endloop
  endfacet
  facet normal  0.000000e+000  0.000000e+000 -9.999999e-001
    outer loop
      vertex  1.352941e+001  7.850000e+001 -5.000000e+000
      vertex  8.550504e-001  7.434923e+001 -5.000000e+000
      vertex  4.341204e-001  7.446202e+001 -5.000000e+000
    endloop
  endfacet
  facet normal  0.000000e+000  0.000000e+000 -1.000000e+000
    outer loop
      vertex  1.352941e+001  7.850000e+001 -5.000000e+000
      vertex  4.341204e-001  7.446202e+001 -5.000000e+000
      vertex  0.000000e+000  7.450000e+001 -5.000000e+000
    endloop
  endfacet
  facet normal  -0.000000e+000  0.000000e+000 -1.000000e+000
    outer loop
      vertex  1.352941e+001  7.850000e+001 -5.000000e+000
      vertex  0.000000e+000  7.450000e+001 -5.000000e+000
      vertex -4.341204e-001  7.446202e+001 -5.000000e+000
    endloop
  endfacet
  facet normal  -0.000000e+000  0.000000e+000 -1.000000e+000
    outer loop
      vertex -1.352941e+001  7.850000e+001 -5.000000e+000
      vertex  1.352941e+001  7.850000e+001 -5.000000e+000
      vertex -4.341204e-001  7.446202e+001 -5.000000e+000
    endloop
  endfacet
  facet normal  -0.000000e+000  0.000000e+000 -9.999999e-001
    outer loop
      vertex -1.352941e+001  7.850000e+001 -5.000000e+000
      vertex -4.341204e-001  7.446202e+001 -5.000000e+000
      vertex -8.550504e-001  7.434923e+001 -5.000000e+000
    endloop
  endfacet
  facet normal  -0.000000e+000  0.000000e+000 -1.000000e+000
    outer loop
      vertex -1.352941e+001  7.850000e+001 -5.000000e+000
      vertex -8.550504e-001  7.434923e+001 -5.000000e+000
      vertex -1.250000e+000  7.416506e+001 -5.000000e+000
    endloop
  endfacet
  facet normal  -0.000000e+000  0.000000e+000 -9.999999e-001
    outer loop
      vertex -1.352941e+001  7.850000e+001 -5.000000e+000
      vertex -1.250000e+000  7.416506e+001 -5.000000e+000
      vertex -1.606969e+000  7.391511e+001 -5.000000e+000
    endloop
  endfacet
  facet normal  -0.000000e+000  0.000000e+000 -1.000000e+000
    outer loop
      vertex -1.352941e+001  7.850000e+001 -5.000000e+000
      vertex -1.606969e+000  7.391511e+001 -5.000000e+000
      vertex -1.915111e+000  7.360697e+001 -5.000000e+000
    endloop
  endfacet
  facet normal  -0.000000e+000  0.000000e+000 -1.000000e+000
    outer loop
      vertex -1.352941e+001  7.850000e+001 -5.000000e+000
      vertex -1.915111e+000  7.360697e+001 -5.000000e+000
      vertex -2.165064e+000  7.325000e+001 -5.000000e+000
    endloop
  endfacet
  facet normal  -0.000000e+000  0.000000e+000 -1.000000e+000
    outer loop
      vertex -1.352941e+001  7.850000e+001 -5.000000e+000
      vertex -2.165064e+000  7.325000e+001 -5.000000e+000
      vertex -2.349231e+000  7.285505e+001 -5.000000e+000
    endloop
  endfacet
  facet normal  -0.000000e+000  0.000000e+000 -9.999999e-001
    outer loop
      vertex -1.352941e+001  7.850000e+001 -5.000000e+000
      vertex -2.349231e+000  7.285505e+001 -5.000000e+000
      vertex -2.462019e+000  7.243412e+001 -5.000000e+000
    endloop
  endfacet
  facet normal  -0.000000e+000  0.000000e+000 -1.000000e+000
    outer loop
      vertex -1.352941e+001  7.850000e+001 -5.000000e+000
      vertex -2.462019e+000  7.243412e+001 -5.000000e+000
      vertex -2.500000e+000  7.200000e+001 -5.000000e+000
    endloop
  endfacet
  facet normal  0.000000e+000  0.000000e+000 -1.000000e+000
    outer loop
      vertex -2.500000e+000  7.200000e+001 -5.000000e+000
      vertex -1.500000e+001  7.729556e+001 -5.000000e+000
      vertex -1.491425e+001  7.757638e+001 -5.000000e+000
    endloop
  endfacet
  facet normal  0.000000e+000  0.000000e+000 -1.000000e+000
    outer loop
      vertex -2.500000e+000  7.200000e+001 -5.000000e+000
      vertex -1.491425e+001  7.757638e+001 -5.000000e+000
      vertex -1.477543e+001  7.783512e+001 -5.000000e+000
    endloop
  endfacet
  facet normal  0.000000e+000  0.000000e+000 -1.000000e+000
    outer loop
      vertex -2.500000e+000  7.200000e+001 -5.000000e+000
      vertex -1.477543e+001  7.783512e+001 -5.000000e+000
      vertex -1.458886e+001  7.806186e+001 -5.000000e+000
    endloop
  endfacet
  facet normal  0.000000e+000  0.000000e+000 -1.000000e+000
    outer loop
      vertex -2.500000e+000  7.200000e+001 -5.000000e+000
      vertex -1.458886e+001  7.806186e+001 -5.000000e+000
      vertex -1.436170e+001  7.824791e+001 -5.000000e+000
    endloop
  endfacet
  facet normal  0.000000e+000  0.000000e+000 -1.000000e+000
    outer loop
      vertex -2.500000e+000  7.200000e+001 -5.000000e+000
      vertex -1.436170e+001  7.824791e+001 -5.000000e+000
      vertex -1.410264e+001  7.838615e+001 -5.000000e+000
    endloop
  endfacet
  facet normal  0.000000e+000  0.000000e+000 -1.000000e+000
    outer loop
      vertex -2.500000e+000  7.200000e+001 -5.000000e+000
      vertex -1.410264e+001  7.838615e+001 -5.000000e+000
      vertex -1.382162e+001  7.847126e+001 -5.000000e+000
    endloop
  endfacet
  facet normal  0.000000e+000  0.000000e+000 -1.000000e+000
    outer loop
      vertex -2.500000e+000  7.200000e+001 -5.000000e+000
      vertex -1.382162e+001  7.847126e+001 -5.000000e+000
      vertex -1.352941e+001  7.850000e+001 -5.000000e+000
    endloop
  endfacet
  facet normal  -0.000000e+000  -0.000000e+000 -9.999999e-001
    outer loop
      vertex -4.700000e+001  7.850000e+001 -5.000000e+000
      vertex -2.147059e+001  7.850000e+001 -5.000000e+000
      vertex -2.000000e+001  3.000000e+001 -5.000000e+000
    endloop
  endfacet
  facet normal  0.000000e+000  0.000000e+000 -9.999999e-001
    outer loop
      vertex -4.700000e+001  7.850000e+001 -5.000000e+000
      vertex -2.000000e+001  3.000000e+001 -5.000000e+000
      vertex -4.919662e+001  3.000000e+001 -5.000000e+000
    endloop
  endfacet
  facet normal  0.000000e+000  0.000000e+000 -1.000000e+000
    outer loop
      vertex -4.700000e+001  7.850000e+001 -5.000000e+000
      vertex -4.919662e+001  3.000000e+001 -5.000000e+000
      vertex -4.912132e+001  7.762132e+001 -5.000000e+000
    endloop
  endfacet
  facet normal  0.000000e+000  0.000000e+000 -1.000000e+000
    outer loop
      vertex -4.700000e+001  7.850000e+001 -5.000000e+000
      vertex -4.912132e+001  7.762132e+001 -5.000000e+000
      vertex -4.876336e+001  7.792705e+001 -5.000000e+000
    endloop
  endfacet
  facet normal  0.000000e+000  0.000000e+000 -1.000000e+000
    outer loop
      vertex -4.700000e+001  7.850000e+001 -5.000000e+000
      vertex -4.876336e+001  7.792705e+001 -5.000000e+000
      vertex -4.836197e+001  7.817302e+001 -5.000000e+000
    endloop
  endfacet
  facet normal  0.000000e+000  0.000000e+000 -1.000000e+000
    outer loop
      vertex -4.700000e+001  7.850000e+001 -5.000000e+000
      vertex -4.836197e+001  7.817302e+001 -5.000000e+000
      vertex -4.792705e+001  7.835317e+001 -5.000000e+000
    endloop
  endfacet
  facet normal  0.000000e+000  0.000000e+000 -1.000000e+000
    outer loop
      vertex -4.700000e+001  7.850000e+001 -5.000000e+000
      vertex -4.792705e+001  7.835317e+001 -5.000000e+000
      vertex -4.746930e+001  7.846307e+001 -5.000000e+000
    endloop
  endfacet
  facet normal  0.000000e+000  0.000000e+000 -1.000000e+000
    outer loop
      vertex -2.000000e+001  3.000000e+001 -5.000000e+000
      vertex -2.147059e+001  7.850000e+001 -5.000000e+000
      vertex -2.117838e+001  7.847126e+001 -5.000000e+000
    endloop
  endfacet
  facet normal  0.000000e+000  0.000000e+000 -1.000000e+000
    outer loop
      vertex -2.000000e+001  3.000000e+001 -5.000000e+000
      vertex -2.117838e+001  7.847126e+001 -5.000000e+000
      vertex -2.089735e+001  7.838615e+001 -5.000000e+000
    endloop
  endfacet
  facet normal  0.000000e+000  0.000000e+000 -9.999999e-001
    outer loop
      vertex -2.000000e+001  3.000000e+001 -5.000000e+000
      vertex -2.089735e+001  7.838615e+001 -5.000000e+000
      vertex -2.063830e+001  7.824791e+001 -5.000000e+000
    endloop
  endfacet
  facet normal  0.000000e+000  0.000000e+000 -1.000000e+000
    outer loop
      vertex -2.000000e+001  3.000000e+001 -5.000000e+000
      vertex -2.063830e+001  7.824791e+001 -5.000000e+000
      vertex -2.041114e+001  7.806186e+001 -5.000000e+000
    endloop
  endfacet
  facet normal  0.000000e+000  0.000000e+000 -1.000000e+000
    outer loop
      vertex -2.000000e+001  3.000000e+001 -5.000000e+000
      vertex -2.041114e+001  7.806186e+001 -5.000000e+000
      vertex -2.022457e+001  7.783512e+001 -5.000000e+000
    endloop
  endfacet
  facet normal  0.000000e+000  0.000000e+000 -1.000000e+000
    outer loop
      vertex -2.000000e+001  3.000000e+001 -5.000000e+000
      vertex -2.022457e+001  7.783512e+001 -5.000000e+000
      vertex -2.008575e+001  7.757638e+001 -5.000000e+000
    endloop
  endfacet
  facet normal  0.000000e+000  0.000000e+000 -1.000000e+000
    outer loop
      vertex -2.000000e+001  3.000000e+001 -5.000000e+000
      vertex -2.008575e+001  7.757638e+001 -5.000000e+000
      vertex -2.000000e+001  7.729556e+001 -5.000000e+000
    endloop
  endfacet
  facet normal  0.000000e+000  0.000000e+000 -9.999999e-001
    outer loop
      vertex -4.962254e+001  3.033348e+001 -5.000000e+000
      vertex -4.978354e+001  3.055220e+001 -5.000000e+000
      vertex -4.967302e+001  7.686197e+001 -5.000000e+000
    endloop
  endfacet
  facet normal  0.000000e+000  0.000000e+000 -1.000000e+000
    outer loop
      vertex -4.967302e+001  7.686197e+001 -5.000000e+000
      vertex -4.978354e+001  3.055220e+001 -5.000000e+000
      vertex -4.990246e+001  3.079636e+001 -5.000000e+000
    endloop
  endfacet
  facet normal  0.000000e+000  0.000000e+000 -1.000000e+000
    outer loop
      vertex -4.967302e+001  7.686197e+001 -5.000000e+000
      vertex -4.990246e+001  3.079636e+001 -5.000000e+000
      vertex -4.985317e+001  7.642705e+001 -5.000000e+000
    endloop
  endfacet
  facet normal  0.000000e+000  0.000000e+000 -1.000000e+000
    outer loop
      vertex -4.985317e+001  7.642705e+001 -5.000000e+000
      vertex -4.990246e+001  3.079636e+001 -5.000000e+000
      vertex -4.997541e+001  3.105796e+001 -5.000000e+000
    endloop
  endfacet
  facet normal  0.000000e+000  0.000000e+000 -1.000000e+000
    outer loop
      vertex -4.985317e+001  7.642705e+001 -5.000000e+000
      vertex -4.997541e+001  3.105796e+001 -5.000000e+000
      vertex -4.996307e+001  7.596931e+001 -5.000000e+000
    endloop
  endfacet
  facet normal  0.000000e+000  0.000000e+000 -1.000000e+000
    outer loop
      vertex -4.996307e+001  7.596931e+001 -5.000000e+000
      vertex -4.997541e+001  3.105796e+001 -5.000000e+000
      vertex -5.000000e+001  3.132843e+001 -5.000000e+000
    endloop
  endfacet
  facet normal  0.000000e+000  0.000000e+000 -1.000000e+000
    outer loop
      vertex -4.996307e+001  7.596931e+001 -5.000000e+000
      vertex -5.000000e+001  3.132843e+001 -5.000000e+000
      vertex -5.000000e+001  7.550000e+001 -5.000000e+000
    endloop
  endfacet
  facet normal  0.000000e+000  0.000000e+000 -1.000000e+000
    outer loop
      vertex -4.967302e+001  7.686197e+001 -5.000000e+000
      vertex -4.942705e+001  7.726336e+001 -5.000000e+000
      vertex -4.962254e+001  3.033348e+001 -5.000000e+000
    endloop
  endfacet
  facet normal  0.000000e+000  0.000000e+000 -1.000000e+000
    outer loop
      vertex -4.962254e+001  3.033348e+001 -5.000000e+000
      vertex -4.942705e+001  7.726336e+001 -5.000000e+000
      vertex -4.942474e+001  3.014738e+001 -5.000000e+000
    endloop
  endfacet
  facet normal  0.000000e+000  0.000000e+000 -1.000000e+000
    outer loop
      vertex -4.942705e+001  7.726336e+001 -5.000000e+000
      vertex -4.912132e+001  7.762132e+001 -5.000000e+000
      vertex -4.942474e+001  3.014738e+001 -5.000000e+000
    endloop
  endfacet
  facet normal  0.000000e+000  0.000000e+000 -1.000000e+000
    outer loop
      vertex -4.942474e+001  3.014738e+001 -5.000000e+000
      vertex -4.912132e+001  7.762132e+001 -5.000000e+000
      vertex -4.919662e+001  3.000000e+001 -5.000000e+000
    endloop
  endfacet
  facet normal  0.000000e+000  0.000000e+000 -1.000000e+000
    outer loop
      vertex -2.000000e+001 -2.500000e+001 -5.000000e+000
      vertex -4.560697e+001 -1.915111e+000 -5.000000e+000
      vertex -4.525000e+001 -2.165064e+000 -5.000000e+000
    endloop
  endfacet
  facet normal  0.000000e+000  0.000000e+000 -1.000000e+000
    outer loop
      vertex -2.000000e+001 -2.500000e+001 -5.000000e+000
      vertex -4.525000e+001 -2.165064e+000 -5.000000e+000
      vertex -4.485505e+001 -2.349231e+000 -5.000000e+000
    endloop
  endfacet
  facet normal  0.000000e+000  0.000000e+000 -1.000000e+000
    outer loop
      vertex -2.000000e+001 -2.500000e+001 -5.000000e+000
      vertex -4.485505e+001 -2.349231e+000 -5.000000e+000
      vertex -4.443412e+001 -2.462019e+000 -5.000000e+000
    endloop
  endfacet
  facet normal  0.000000e+000  0.000000e+000 -1.000000e+000
    outer loop
      vertex -2.000000e+001 -2.500000e+001 -5.000000e+000
      vertex -4.443412e+001 -2.462019e+000 -5.000000e+000
      vertex -4.400000e+001 -2.500000e+000 -5.000000e+000
    endloop
  endfacet
  facet normal  0.000000e+000  0.000000e+000 -9.999999e-001
    outer loop
      vertex -2.000000e+001 -2.500000e+001 -5.000000e+000
      vertex -4.400000e+001 -2.500000e+000 -5.000000e+000
      vertex -4.356588e+001 -2.462019e+000 -5.000000e+000
    endloop
  endfacet
  facet normal  0.000000e+000  0.000000e+000 -1.000000e+000
    outer loop
      vertex -2.000000e+001 -2.500000e+001 -5.000000e+000
      vertex -4.356588e+001 -2.462019e+000 -5.000000e+000
      vertex -4.314495e+001 -2.349231e+000 -5.000000e+000
    endloop
  endfacet
  facet normal  0.000000e+000  0.000000e+000 -1.000000e+000
    outer loop
      vertex -2.000000e+001 -2.500000e+001 -5.000000e+000
      vertex -4.314495e+001 -2.349231e+000 -5.000000e+000
      vertex -4.275000e+001 -2.165064e+000 -5.000000e+000
    endloop
  endfacet
  facet normal  0.000000e+000  0.000000e+000 -1.000000e+000
    outer loop
      vertex -2.000000e+001 -2.500000e+001 -5.000000e+000
      vertex -4.275000e+001 -2.165064e+000 -5.000000e+000
      vertex -4.239303e+001 -1.915111e+000 -5.000000e+000
    endloop
  endfacet
  facet normal  0.000000e+000  0.000000e+000 -9.999999e-001
    outer loop
      vertex -2.000000e+001 -2.500000e+001 -5.000000e+000
      vertex -4.239303e+001 -1.915111e+000 -5.000000e+000
      vertex -4.208489e+001 -1.606969e+000 -5.000000e+000
    endloop
  endfacet
  facet normal  0.000000e+000  0.000000e+000 -1.000000e+000
    outer loop
      vertex -2.000000e+001 -2.500000e+001 -5.000000e+000
      vertex -4.208489e+001 -1.606969e+000 -5.000000e+000
      vertex -4.183494e+001 -1.250000e+000 -5.000000e+000
    endloop
  endfacet
  facet normal  0.000000e+000  0.000000e+000 -1.000000e+000
    outer loop
      vertex -2.000000e+001 -2.500000e+001 -5.000000e+000
      vertex -4.183494e+001 -1.250000e+000 -5.000000e+000
      vertex -4.165077e+001 -8.550504e-001 -5.000000e+000
    endloop
  endfacet
  facet normal  0.000000e+000  0.000000e+000 -1.000000e+000
    outer loop
      vertex -2.000000e+001 -2.500000e+001 -5.000000e+000
      vertex -4.165077e+001 -8.550504e-001 -5.000000e+000
      vertex -4.153798e+001 -4.341204e-001 -5.000000e+000
    endloop
  endfacet
  facet normal  0.000000e+000  0.000000e+000 -1.000000e+000
    outer loop
      vertex -2.000000e+001 -2.500000e+001 -5.000000e+000
      vertex -4.153798e+001 -4.341204e-001 -5.000000e+000
      vertex -4.150000e+001 -4.592425e-016 -5.000000e+000
    endloop
  endfacet
  facet normal  0.000000e+000  0.000000e+000 -1.000000e+000
    outer loop
      vertex -2.000000e+001 -2.500000e+001 -5.000000e+000
      vertex -4.150000e+001 -4.592425e-016 -5.000000e+000
      vertex -2.000000e+001  2.500000e+001 -5.000000e+000
    endloop
  endfacet
  facet normal  0.000000e+000  -0.000000e+000 -1.000000e+000
    outer loop
      vertex -4.880338e+001 -2.500000e+001 -5.000000e+000
      vertex -4.650000e+001  5.971700e-016 -5.000000e+000
      vertex -4.646202e+001 -4.341204e-001 -5.000000e+000
    endloop
  endfacet
  facet normal  0.000000e+000  -0.000000e+000 -9.999999e-001
    outer loop
      vertex -4.880338e+001 -2.500000e+001 -5.000000e+000
      vertex -4.646202e+001 -4.341204e-001 -5.000000e+000
      vertex -4.634923e+001 -8.550504e-001 -5.000000e+000
    endloop
  endfacet
  facet normal  0.000000e+000  -0.000000e+000 -9.999999e-001
    outer loop
      vertex -4.880338e+001 -2.500000e+001 -5.000000e+000
      vertex -4.634923e+001 -8.550504e-001 -5.000000e+000
      vertex -4.616506e+001 -1.250000e+000 -5.000000e+000
    endloop
  endfacet
  facet normal  0.000000e+000  -0.000000e+000 -1.000000e+000
    outer loop
      vertex -4.880338e+001 -2.500000e+001 -5.000000e+000
      vertex -4.616506e+001 -1.250000e+000 -5.000000e+000
      vertex -4.591511e+001 -1.606969e+000 -5.000000e+000
    endloop
  endfacet
  facet normal  0.000000e+000  -0.000000e+000 -1.000000e+000
    outer loop
      vertex -4.880338e+001 -2.500000e+001 -5.000000e+000
      vertex -4.591511e+001 -1.606969e+000 -5.000000e+000
      vertex -4.560697e+001 -1.915111e+000 -5.000000e+000
    endloop
  endfacet
  facet normal  0.000000e+000  -0.000000e+000 -1.000000e+000
    outer loop
      vertex -4.880338e+001 -2.500000e+001 -5.000000e+000
      vertex -4.560697e+001 -1.915111e+000 -5.000000e+000
      vertex -2.000000e+001 -2.500000e+001 -5.000000e+000
    endloop
  endfacet
  facet normal  0.000000e+000  0.000000e+000 -1.000000e+000
    outer loop
      vertex -4.650000e+001  5.971700e-016 -5.000000e+000
      vertex -4.880338e+001 -2.500000e+001 -5.000000e+000
      vertex -4.900000e+001 -2.491421e+001 -5.000000e+000
    endloop
  endfacet
  facet normal  0.000000e+000  0.000000e+000 -1.000000e+000
    outer loop
      vertex -4.650000e+001  5.971700e-016 -5.000000e+000
      vertex -4.900000e+001 -2.491421e+001 -5.000000e+000
      vertex -4.923970e+001 -2.480493e+001 -5.000000e+000
    endloop
  endfacet
  facet normal  0.000000e+000  0.000000e+000 -1.000000e+000
    outer loop
      vertex -4.650000e+001  5.971700e-016 -5.000000e+000
      vertex -4.923970e+001 -2.480493e+001 -5.000000e+000
      vertex -4.945658e+001 -2.465540e+001 -5.000000e+000
    endloop
  endfacet
  facet normal  0.000000e+000  0.000000e+000 -1.000000e+000
    outer loop
      vertex -4.650000e+001  5.971700e-016 -5.000000e+000
      vertex -4.945658e+001 -2.465540e+001 -5.000000e+000
      vertex -4.964397e+001 -2.447023e+001 -5.000000e+000
    endloop
  endfacet
  facet normal  0.000000e+000  0.000000e+000 -1.000000e+000
    outer loop
      vertex -4.650000e+001  5.971700e-016 -5.000000e+000
      vertex -4.964397e+001 -2.447023e+001 -5.000000e+000
      vertex -4.979606e+001 -2.425513e+001 -5.000000e+000
    endloop
  endfacet
  facet normal  0.000000e+000  0.000000e+000 -9.999999e-001
    outer loop
      vertex -4.650000e+001  5.971700e-016 -5.000000e+000
      vertex -4.979606e+001 -2.425513e+001 -5.000000e+000
      vertex -4.990818e+001 -2.401674e+001 -5.000000e+000
    endloop
  endfacet
  facet normal  0.000000e+000  0.000000e+000 -9.999999e-001
    outer loop
      vertex -4.650000e+001  5.971700e-016 -5.000000e+000
      vertex -4.990818e+001 -2.401674e+001 -5.000000e+000
      vertex -4.997687e+001 -2.376242e+001 -5.000000e+000
    endloop
  endfacet
  facet normal  0.000000e+000  0.000000e+000 -9.999999e-001
    outer loop
      vertex -4.650000e+001  5.971700e-016 -5.000000e+000
      vertex -4.997687e+001 -2.376242e+001 -5.000000e+000
      vertex -5.000000e+001 -2.350000e+001 -5.000000e+000
    endloop
  endfacet
  facet normal  0.000000e+000  0.000000e+000 -1.000000e+000
    outer loop
      vertex -4.650000e+001  5.971700e-016 -5.000000e+000
      vertex -5.000000e+001 -2.350000e+001 -5.000000e+000
      vertex -5.000000e+001  2.350000e+001 -5.000000e+000
    endloop
  endfacet
  facet normal  0.000000e+000  0.000000e+000 -9.999999e-001
    outer loop
      vertex -4.650000e+001  5.971700e-016 -5.000000e+000
      vertex -5.000000e+001  2.350000e+001 -5.000000e+000
      vertex -4.997687e+001  2.376242e+001 -5.000000e+000
    endloop
  endfacet
  facet normal  0.000000e+000  0.000000e+000 -9.999999e-001
    outer loop
      vertex -4.650000e+001  5.971700e-016 -5.000000e+000
      vertex -4.997687e+001  2.376242e+001 -5.000000e+000
      vertex -4.990818e+001  2.401674e+001 -5.000000e+000
    endloop
  endfacet
  facet normal  0.000000e+000  0.000000e+000 -9.999999e-001
    outer loop
      vertex -4.650000e+001  5.971700e-016 -5.000000e+000
      vertex -4.990818e+001  2.401674e+001 -5.000000e+000
      vertex -4.979606e+001  2.425513e+001 -5.000000e+000
    endloop
  endfacet
  facet normal  0.000000e+000  0.000000e+000 -1.000000e+000
    outer loop
      vertex -4.650000e+001  5.971700e-016 -5.000000e+000
      vertex -4.979606e+001  2.425513e+001 -5.000000e+000
      vertex -4.964397e+001  2.447023e+001 -5.000000e+000
    endloop
  endfacet
  facet normal  0.000000e+000  0.000000e+000 -1.000000e+000
    outer loop
      vertex -4.650000e+001  5.971700e-016 -5.000000e+000
      vertex -4.964397e+001  2.447023e+001 -5.000000e+000
      vertex -4.945658e+001  2.465540e+001 -5.000000e+000
    endloop
  endfacet
  facet normal  0.000000e+000  0.000000e+000 -1.000000e+000
    outer loop
      vertex -4.650000e+001  5.971700e-016 -5.000000e+000
      vertex -4.945658e+001  2.465540e+001 -5.000000e+000
      vertex -4.923970e+001  2.480493e+001 -5.000000e+000
    endloop
  endfacet
  facet normal  0.000000e+000  0.000000e+000 -1.000000e+000
    outer loop
      vertex -4.650000e+001  5.971700e-016 -5.000000e+000
      vertex -4.923970e+001  2.480493e+001 -5.000000e+000
      vertex -4.900000e+001  2.491421e+001 -5.000000e+000
    endloop
  endfacet
  facet normal  0.000000e+000  0.000000e+000 -1.000000e+000
    outer loop
      vertex -4.650000e+001  5.971700e-016 -5.000000e+000
      vertex -4.900000e+001  2.491421e+001 -5.000000e+000
      vertex -4.880338e+001  2.500000e+001 -5.000000e+000
    endloop
  endfacet
  facet normal  0.000000e+000  0.000000e+000 -1.000000e+000
    outer loop
      vertex -2.000000e+001  2.500000e+001 -5.000000e+000
      vertex -4.150000e+001 -4.592425e-016 -5.000000e+000
      vertex -4.153798e+001  4.341204e-001 -5.000000e+000
    endloop
  endfacet
  facet normal  0.000000e+000  0.000000e+000 -1.000000e+000
    outer loop
      vertex -2.000000e+001  2.500000e+001 -5.000000e+000
      vertex -4.153798e+001  4.341204e-001 -5.000000e+000
      vertex -4.165077e+001  8.550504e-001 -5.000000e+000
    endloop
  endfacet
  facet normal  0.000000e+000  0.000000e+000 -1.000000e+000
    outer loop
      vertex -2.000000e+001  2.500000e+001 -5.000000e+000
      vertex -4.165077e+001  8.550504e-001 -5.000000e+000
      vertex -4.183494e+001  1.250000e+000 -5.000000e+000
    endloop
  endfacet
  facet normal  0.000000e+000  0.000000e+000 -1.000000e+000
    outer loop
      vertex -2.000000e+001  2.500000e+001 -5.000000e+000
      vertex -4.183494e+001  1.250000e+000 -5.000000e+000
      vertex -4.208489e+001  1.606969e+000 -5.000000e+000
    endloop
  endfacet
  facet normal  0.000000e+000  0.000000e+000 -9.999999e-001
    outer loop
      vertex -2.000000e+001  2.500000e+001 -5.000000e+000
      vertex -4.208489e+001  1.606969e+000 -5.000000e+000
      vertex -4.239303e+001  1.915111e+000 -5.000000e+000
    endloop
  endfacet
  facet normal  0.000000e+000  0.000000e+000 -1.000000e+000
    outer loop
      vertex -2.000000e+001  2.500000e+001 -5.000000e+000
      vertex -4.239303e+001  1.915111e+000 -5.000000e+000
      vertex -4.275000e+001  2.165064e+000 -5.000000e+000
    endloop
  endfacet
  facet normal  0.000000e+000  0.000000e+000 -9.999999e-001
    outer loop
      vertex -2.000000e+001  2.500000e+001 -5.000000e+000
      vertex -4.275000e+001  2.165064e+000 -5.000000e+000
      vertex -4.314495e+001  2.349231e+000 -5.000000e+000
    endloop
  endfacet
  facet normal  0.000000e+000  0.000000e+000 -1.000000e+000
    outer loop
      vertex -2.000000e+001  2.500000e+001 -5.000000e+000
      vertex -4.314495e+001  2.349231e+000 -5.000000e+000
      vertex -4.356588e+001  2.462019e+000 -5.000000e+000
    endloop
  endfacet
  facet normal  0.000000e+000  0.000000e+000 -9.999999e-001
    outer loop
      vertex -2.000000e+001  2.500000e+001 -5.000000e+000
      vertex -4.356588e+001  2.462019e+000 -5.000000e+000
      vertex -4.400000e+001  2.500000e+000 -5.000000e+000
    endloop
  endfacet
  facet normal  -0.000000e+000  0.000000e+000 -1.000000e+000
    outer loop
      vertex -2.000000e+001  2.500000e+001 -5.000000e+000
      vertex -4.400000e+001  2.500000e+000 -5.000000e+000
      vertex -4.443412e+001  2.462019e+000 -5.000000e+000
    endloop
  endfacet
  facet normal  -0.000000e+000  0.000000e+000 -1.000000e+000
    outer loop
      vertex -2.000000e+001  2.500000e+001 -5.000000e+000
      vertex -4.443412e+001  2.462019e+000 -5.000000e+000
      vertex -4.485505e+001  2.349231e+000 -5.000000e+000
    endloop
  endfacet
  facet normal  -0.000000e+000  0.000000e+000 -1.000000e+000
    outer loop
      vertex -2.000000e+001  2.500000e+001 -5.000000e+000
      vertex -4.485505e+001  2.349231e+000 -5.000000e+000
      vertex -4.525000e+001  2.165064e+000 -5.000000e+000
    endloop
  endfacet
  facet normal  -0.000000e+000  0.000000e+000 -1.000000e+000
    outer loop
      vertex -2.000000e+001  2.500000e+001 -5.000000e+000
      vertex -4.525000e+001  2.165064e+000 -5.000000e+000
      vertex -4.560697e+001  1.915111e+000 -5.000000e+000
    endloop
  endfacet
  facet normal  -0.000000e+000  0.000000e+000 -1.000000e+000
    outer loop
      vertex -4.880338e+001  2.500000e+001 -5.000000e+000
      vertex -2.000000e+001  2.500000e+001 -5.000000e+000
      vertex -4.560697e+001  1.915111e+000 -5.000000e+000
    endloop
  endfacet
  facet normal  -0.000000e+000  0.000000e+000 -1.000000e+000
    outer loop
      vertex -4.880338e+001  2.500000e+001 -5.000000e+000
      vertex -4.560697e+001  1.915111e+000 -5.000000e+000
      vertex -4.591511e+001  1.606969e+000 -5.000000e+000
    endloop
  endfacet
  facet normal  -0.000000e+000  0.000000e+000 -1.000000e+000
    outer loop
      vertex -4.880338e+001  2.500000e+001 -5.000000e+000
      vertex -4.591511e+001  1.606969e+000 -5.000000e+000
      vertex -4.616506e+001  1.250000e+000 -5.000000e+000
    endloop
  endfacet
  facet normal  -0.000000e+000  0.000000e+000 -9.999999e-001
    outer loop
      vertex -4.880338e+001  2.500000e+001 -5.000000e+000
      vertex -4.616506e+001  1.250000e+000 -5.000000e+000
      vertex -4.634923e+001  8.550504e-001 -5.000000e+000
    endloop
  endfacet
  facet normal  -0.000000e+000  0.000000e+000 -1.000000e+000
    outer loop
      vertex -4.880338e+001  2.500000e+001 -5.000000e+000
      vertex -4.634923e+001  8.550504e-001 -5.000000e+000
      vertex -4.646202e+001  4.341204e-001 -5.000000e+000
    endloop
  endfacet
  facet normal  -0.000000e+000  0.000000e+000 -1.000000e+000
    outer loop
      vertex -4.880338e+001  2.500000e+001 -5.000000e+000
      vertex -4.646202e+001  4.341204e-001 -5.000000e+000
      vertex -4.650000e+001  5.971700e-016 -5.000000e+000
    endloop
  endfacet
  facet normal  -0.000000e+000  0.000000e+000 -9.999999e-001
    outer loop
      vertex -4.880338e+001 -3.000000e+001 -5.000000e+000
      vertex -2.000000e+001 -3.000000e+001 -5.000000e+000
      vertex -2.150000e+001 -7.850000e+001 -5.000000e+000
    endloop
  endfacet
  facet normal  0.000000e+000  0.000000e+000 -9.999999e-001
    outer loop
      vertex -4.880338e+001 -3.000000e+001 -5.000000e+000
      vertex -2.150000e+001 -7.850000e+001 -5.000000e+000
      vertex -4.700000e+001 -7.850000e+001 -5.000000e+000
    endloop
  endfacet
  facet normal  0.000000e+000  0.000000e+000 -1.000000e+000
    outer loop
      vertex -4.880338e+001 -3.000000e+001 -5.000000e+000
      vertex -4.700000e+001 -7.850000e+001 -5.000000e+000
      vertex -4.876336e+001 -7.792705e+001 -5.000000e+000
    endloop
  endfacet
  facet normal  0.000000e+000  0.000000e+000 -1.000000e+000
    outer loop
      vertex -4.880338e+001 -3.000000e+001 -5.000000e+000
      vertex -4.876336e+001 -7.792705e+001 -5.000000e+000
      vertex -4.900000e+001 -3.008579e+001 -5.000000e+000
    endloop
  endfacet
  facet normal  0.000000e+000  0.000000e+000 -1.000000e+000
    outer loop
      vertex -4.700000e+001 -7.850000e+001 -5.000000e+000
      vertex -4.746930e+001 -7.846307e+001 -5.000000e+000
      vertex -4.792705e+001 -7.835317e+001 -5.000000e+000
    endloop
  endfacet
  facet normal  0.000000e+000  0.000000e+000 -9.999999e-001
    outer loop
      vertex -4.700000e+001 -7.850000e+001 -5.000000e+000
      vertex -4.792705e+001 -7.835317e+001 -5.000000e+000
      vertex -4.836197e+001 -7.817302e+001 -5.000000e+000
    endloop
  endfacet
  facet normal  0.000000e+000  0.000000e+000 -1.000000e+000
    outer loop
      vertex -4.700000e+001 -7.850000e+001 -5.000000e+000
      vertex -4.836197e+001 -7.817302e+001 -5.000000e+000
      vertex -4.876336e+001 -7.792705e+001 -5.000000e+000
    endloop
  endfacet
  facet normal  -0.000000e+000  0.000000e+000 -1.000000e+000
    outer loop
      vertex -2.000000e+001 -3.000000e+001 -5.000000e+000
      vertex -2.000000e+001 -7.712345e+001 -5.000000e+000
      vertex -2.001470e+001 -7.720950e+001 -5.000000e+000
    endloop
  endfacet
  facet normal  -0.000000e+000  0.000000e+000 -1.000000e+000
    outer loop
      vertex -2.000000e+001 -3.000000e+001 -5.000000e+000
      vertex -2.001470e+001 -7.720950e+001 -5.000000e+000
      vertex -2.007566e+001 -7.747037e+001 -5.000000e+000
    endloop
  endfacet
  facet normal  -0.000000e+000  0.000000e+000 -9.999999e-001
    outer loop
      vertex -2.000000e+001 -3.000000e+001 -5.000000e+000
      vertex -2.007566e+001 -7.747037e+001 -5.000000e+000
      vertex -2.018204e+001 -7.771623e+001 -5.000000e+000
    endloop
  endfacet
  facet normal  -0.000000e+000  0.000000e+000 -9.999999e-001
    outer loop
      vertex -2.000000e+001 -3.000000e+001 -5.000000e+000
      vertex -2.018204e+001 -7.771623e+001 -5.000000e+000
      vertex -2.033047e+001 -7.793925e+001 -5.000000e+000
    endloop
  endfacet
  facet normal  -0.000000e+000  0.000000e+000 -1.000000e+000
    outer loop
      vertex -2.000000e+001 -3.000000e+001 -5.000000e+000
      vertex -2.033047e+001 -7.793925e+001 -5.000000e+000
      vertex -2.051620e+001 -7.813231e+001 -5.000000e+000
    endloop
  endfacet
  facet normal  -0.000000e+000  0.000000e+000 -1.000000e+000
    outer loop
      vertex -2.000000e+001 -3.000000e+001 -5.000000e+000
      vertex -2.051620e+001 -7.813231e+001 -5.000000e+000
      vertex -2.073330e+001 -7.828925e+001 -5.000000e+000
    endloop
  endfacet
  facet normal  -0.000000e+000  0.000000e+000 -1.000000e+000
    outer loop
      vertex -2.000000e+001 -3.000000e+001 -5.000000e+000
      vertex -2.073330e+001 -7.828925e+001 -5.000000e+000
      vertex -2.097486e+001 -7.840508e+001 -5.000000e+000
    endloop
  endfacet
  facet normal  -0.000000e+000  0.000000e+000 -9.999999e-001
    outer loop
      vertex -2.000000e+001 -3.000000e+001 -5.000000e+000
      vertex -2.097486e+001 -7.840508e+001 -5.000000e+000
      vertex -2.123318e+001 -7.847607e+001 -5.000000e+000
    endloop
  endfacet
  facet normal  -0.000000e+000  0.000000e+000 -9.999999e-001
    outer loop
      vertex -2.000000e+001 -3.000000e+001 -5.000000e+000
      vertex -2.123318e+001 -7.847607e+001 -5.000000e+000
      vertex -2.150000e+001 -7.850000e+001 -5.000000e+000
    endloop
  endfacet
  facet normal  0.000000e+000  0.000000e+000 -1.000000e+000
    outer loop
      vertex -4.990818e+001 -3.098326e+001 -5.000000e+000
      vertex -4.996307e+001 -7.596931e+001 -5.000000e+000
      vertex -4.997687e+001 -3.123758e+001 -5.000000e+000
    endloop
  endfacet
  facet normal  0.000000e+000  -0.000000e+000 -1.000000e+000
    outer loop
      vertex -4.997687e+001 -3.123758e+001 -5.000000e+000
      vertex -4.996307e+001 -7.596931e+001 -5.000000e+000
      vertex -5.000000e+001 -7.550000e+001 -5.000000e+000
    endloop
  endfacet
  facet normal  0.000000e+000  0.000000e+000 -1.000000e+000
    outer loop
      vertex -4.997687e+001 -3.123758e+001 -5.000000e+000
      vertex -5.000000e+001 -7.550000e+001 -5.000000e+000
      vertex -5.000000e+001 -3.150000e+001 -5.000000e+000
    endloop
  endfacet
  facet normal  0.000000e+000  0.000000e+000 -1.000000e+000
    outer loop
      vertex -4.964397e+001 -3.052977e+001 -5.000000e+000
      vertex -4.985317e+001 -7.642705e+001 -5.000000e+000
      vertex -4.979606e+001 -3.074487e+001 -5.000000e+000
    endloop
  endfacet
  facet normal  0.000000e+000  0.000000e+000 -1.000000e+000
    outer loop
      vertex -4.979606e+001 -3.074487e+001 -5.000000e+000
      vertex -4.985317e+001 -7.642705e+001 -5.000000e+000
      vertex -4.996307e+001 -7.596931e+001 -5.000000e+000
    endloop
  endfacet
  facet normal  0.000000e+000  0.000000e+000 -9.999999e-001
    outer loop
      vertex -4.979606e+001 -3.074487e+001 -5.000000e+000
      vertex -4.996307e+001 -7.596931e+001 -5.000000e+000
      vertex -4.990818e+001 -3.098326e+001 -5.000000e+000
    endloop
  endfacet
  facet normal  0.000000e+000  0.000000e+000 -1.000000e+000
    outer loop
      vertex -4.985317e+001 -7.642705e+001 -5.000000e+000
      vertex -4.964397e+001 -3.052977e+001 -5.000000e+000
      vertex -4.967302e+001 -7.686197e+001 -5.000000e+000
    endloop
  endfacet
  facet normal  0.000000e+000  0.000000e+000 -1.000000e+000
    outer loop
      vertex -4.967302e+001 -7.686197e+001 -5.000000e+000
      vertex -4.964397e+001 -3.052977e+001 -5.000000e+000
      vertex -4.945658e+001 -3.034460e+001 -5.000000e+000
    endloop
  endfacet
  facet normal  0.000000e+000  -0.000000e+000 -1.000000e+000
    outer loop
      vertex -4.967302e+001 -7.686197e+001 -5.000000e+000
      vertex -4.945658e+001 -3.034460e+001 -5.000000e+000
      vertex -4.942705e+001 -7.726336e+001 -5.000000e+000
    endloop
  endfacet
  facet normal  0.000000e+000  0.000000e+000 -1.000000e+000
    outer loop
      vertex -4.942705e+001 -7.726336e+001 -5.000000e+000
      vertex -4.945658e+001 -3.034460e+001 -5.000000e+000
      vertex -4.923970e+001 -3.019507e+001 -5.000000e+000
    endloop
  endfacet
  facet normal  0.000000e+000  -0.000000e+000 -1.000000e+000
    outer loop
      vertex -4.942705e+001 -7.726336e+001 -5.000000e+000
      vertex -4.923970e+001 -3.019507e+001 -5.000000e+000
      vertex -4.912132e+001 -7.762132e+001 -5.000000e+000
    endloop
  endfacet
  facet normal  0.000000e+000  0.000000e+000 -1.000000e+000
    outer loop
      vertex -4.912132e+001 -7.762132e+001 -5.000000e+000
      vertex -4.923970e+001 -3.019507e+001 -5.000000e+000
      vertex -4.900000e+001 -3.008579e+001 -5.000000e+000
    endloop
  endfacet
  facet normal  0.000000e+000  -0.000000e+000 -1.000000e+000
    outer loop
      vertex -4.912132e+001 -7.762132e+001 -5.000000e+000
      vertex -4.900000e+001 -3.008579e+001 -5.000000e+000
      vertex -4.876336e+001 -7.792705e+001 -5.000000e+000
    endloop
  endfacet
  facet normal  0.000000e+000  0.000000e+000 -1.000000e+000
    outer loop
      vertex  1.352941e+001 -7.850000e+001 -5.000000e+000
      vertex -4.341204e-001 -7.446202e+001 -5.000000e+000
      vertex -3.061617e-016 -7.450000e+001 -5.000000e+000
    endloop
  endfacet
  facet normal  0.000000e+000  0.000000e+000 -1.000000e+000
    outer loop
      vertex  1.352941e+001 -7.850000e+001 -5.000000e+000
      vertex -3.061617e-016 -7.450000e+001 -5.000000e+000
      vertex  4.341204e-001 -7.446202e+001 -5.000000e+000
    endloop
  endfacet
  facet normal  0.000000e+000  0.000000e+000 -9.999999e-001
    outer loop
      vertex  1.352941e+001 -7.850000e+001 -5.000000e+000
      vertex  4.341204e-001 -7.446202e+001 -5.000000e+000
      vertex  8.550504e-001 -7.434923e+001 -5.000000e+000
    endloop
  endfacet
  facet normal  0.000000e+000  0.000000e+000 -1.000000e+000
    outer loop
      vertex  1.352941e+001 -7.850000e+001 -5.000000e+000
      vertex  8.550504e-001 -7.434923e+001 -5.000000e+000
      vertex  1.250000e+000 -7.416506e+001 -5.000000e+000
    endloop
  endfacet
  facet normal  0.000000e+000  0.000000e+000 -9.999999e-001
    outer loop
      vertex  1.352941e+001 -7.850000e+001 -5.000000e+000
      vertex  1.250000e+000 -7.416506e+001 -5.000000e+000
      vertex  1.606969e+000 -7.391511e+001 -5.000000e+000
    endloop
  endfacet
  facet normal  0.000000e+000  0.000000e+000 -1.000000e+000
    outer loop
      vertex  1.352941e+001 -7.850000e+001 -5.000000e+000
      vertex  1.606969e+000 -7.391511e+001 -5.000000e+000
      vertex  1.915111e+000 -7.360697e+001 -5.000000e+000
    endloop
  endfacet
  facet normal  0.000000e+000  0.000000e+000 -1.000000e+000
    outer loop
      vertex  1.352941e+001 -7.850000e+001 -5.000000e+000
      vertex  1.915111e+000 -7.360697e+001 -5.000000e+000
      vertex  2.165064e+000 -7.325000e+001 -5.000000e+000
    endloop
  endfacet
  facet normal  0.000000e+000  0.000000e+000 -1.000000e+000
    outer loop
      vertex  1.352941e+001 -7.850000e+001 -5.000000e+000
      vertex  2.165064e+000 -7.325000e+001 -5.000000e+000
      vertex  2.349231e+000 -7.285505e+001 -5.000000e+000
    endloop
  endfacet
  facet normal  0.000000e+000  0.000000e+000 -9.999999e-001
    outer loop
      vertex  1.352941e+001 -7.850000e+001 -5.000000e+000
      vertex  2.349231e+000 -7.285505e+001 -5.000000e+000
      vertex  2.462019e+000 -7.243412e+001 -5.000000e+000
    endloop
  endfacet
  facet normal  0.000000e+000  0.000000e+000 -1.000000e+000
    outer loop
      vertex  1.352941e+001 -7.850000e+001 -5.000000e+000
      vertex  2.462019e+000 -7.243412e+001 -5.000000e+000
      vertex  2.500000e+000 -7.200000e+001 -5.000000e+000
    endloop
  endfacet
  facet normal  0.000000e+000  0.000000e+000 -1.000000e+000
    outer loop
      vertex  1.352941e+001 -7.850000e+001 -5.000000e+000
      vertex  2.500000e+000 -7.200000e+001 -5.000000e+000
      vertex  1.500000e+001 -3.000000e+001 -5.000000e+000
    endloop
  endfacet
  facet normal  0.000000e+000  -0.000000e+000 -1.000000e+000
    outer loop
      vertex  1.352941e+001 -7.850000e+001 -5.000000e+000
      vertex  1.500000e+001 -3.000000e+001 -5.000000e+000
      vertex  1.500000e+001 -7.729556e+001 -5.000000e+000
    endloop
  endfacet
  facet normal  0.000000e+000  0.000000e+000 -1.000000e+000
    outer loop
      vertex  1.352941e+001 -7.850000e+001 -5.000000e+000
      vertex  1.500000e+001 -7.729556e+001 -5.000000e+000
      vertex  1.491425e+001 -7.757638e+001 -5.000000e+000
    endloop
  endfacet
  facet normal  0.000000e+000  0.000000e+000 -1.000000e+000
    outer loop
      vertex  1.352941e+001 -7.850000e+001 -5.000000e+000
      vertex  1.491425e+001 -7.757638e+001 -5.000000e+000
      vertex  1.477543e+001 -7.783512e+001 -5.000000e+000
    endloop
  endfacet
  facet normal  0.000000e+000  0.000000e+000 -1.000000e+000
    outer loop
      vertex  1.352941e+001 -7.850000e+001 -5.000000e+000
      vertex  1.477543e+001 -7.783512e+001 -5.000000e+000
      vertex  1.458886e+001 -7.806186e+001 -5.000000e+000
    endloop
  endfacet
  facet normal  0.000000e+000  0.000000e+000 -9.999999e-001
    outer loop
      vertex  1.352941e+001 -7.850000e+001 -5.000000e+000
      vertex  1.458886e+001 -7.806186e+001 -5.000000e+000
      vertex  1.436170e+001 -7.824791e+001 -5.000000e+000
    endloop
  endfacet
  facet normal  0.000000e+000  0.000000e+000 -1.000000e+000
    outer loop
      vertex  1.352941e+001 -7.850000e+001 -5.000000e+000
      vertex  1.436170e+001 -7.824791e+001 -5.000000e+000
      vertex  1.410264e+001 -7.838615e+001 -5.000000e+000
    endloop
  endfacet
  facet normal  0.000000e+000  0.000000e+000 -1.000000e+000
    outer loop
      vertex  1.352941e+001 -7.850000e+001 -5.000000e+000
      vertex  1.410264e+001 -7.838615e+001 -5.000000e+000
      vertex  1.382162e+001 -7.847126e+001 -5.000000e+000
    endloop
  endfacet
  facet normal  0.000000e+000  -0.000000e+000 -1.000000e+000
    outer loop
      vertex -1.352941e+001 -7.850000e+001 -5.000000e+000
      vertex -2.500000e+000 -7.200000e+001 -5.000000e+000
      vertex -2.462019e+000 -7.243412e+001 -5.000000e+000
    endloop
  endfacet
  facet normal  0.000000e+000  -0.000000e+000 -1.000000e+000
    outer loop
      vertex -1.352941e+001 -7.850000e+001 -5.000000e+000
      vertex -2.462019e+000 -7.243412e+001 -5.000000e+000
      vertex -2.349231e+000 -7.285505e+001 -5.000000e+000
    endloop
  endfacet
  facet normal  0.000000e+000  -0.000000e+000 -1.000000e+000
    outer loop
      vertex -1.352941e+001 -7.850000e+001 -5.000000e+000
      vertex -2.349231e+000 -7.285505e+001 -5.000000e+000
      vertex -2.165064e+000 -7.325000e+001 -5.000000e+000
    endloop
  endfacet
  facet normal  0.000000e+000  -0.000000e+000 -1.000000e+000
    outer loop
      vertex -1.352941e+001 -7.850000e+001 -5.000000e+000
      vertex -2.165064e+000 -7.325000e+001 -5.000000e+000
      vertex -1.915111e+000 -7.360697e+001 -5.000000e+000
    endloop
  endfacet
  facet normal  0.000000e+000  -0.000000e+000 -1.000000e+000
    outer loop
      vertex -1.352941e+001 -7.850000e+001 -5.000000e+000
      vertex -1.915111e+000 -7.360697e+001 -5.000000e+000
      vertex -1.606969e+000 -7.391511e+001 -5.000000e+000
    endloop
  endfacet
  facet normal  0.000000e+000  -0.000000e+000 -9.999999e-001
    outer loop
      vertex -1.352941e+001 -7.850000e+001 -5.000000e+000
      vertex -1.606969e+000 -7.391511e+001 -5.000000e+000
      vertex -1.250000e+000 -7.416506e+001 -5.000000e+000
    endloop
  endfacet
  facet normal  0.000000e+000  -0.000000e+000 -9.999999e-001
    outer loop
      vertex -1.352941e+001 -7.850000e+001 -5.000000e+000
      vertex -1.250000e+000 -7.416506e+001 -5.000000e+000
      vertex -8.550504e-001 -7.434923e+001 -5.000000e+000
    endloop
  endfacet
  facet normal  0.000000e+000  -0.000000e+000 -9.999999e-001
    outer loop
      vertex -1.352941e+001 -7.850000e+001 -5.000000e+000
      vertex -8.550504e-001 -7.434923e+001 -5.000000e+000
      vertex -4.341204e-001 -7.446202e+001 -5.000000e+000
    endloop
  endfacet
  facet normal  0.000000e+000  -0.000000e+000 -1.000000e+000
    outer loop
      vertex -1.352941e+001 -7.850000e+001 -5.000000e+000
      vertex -4.341204e-001 -7.446202e+001 -5.000000e+000
      vertex  1.352941e+001 -7.850000e+001 -5.000000e+000
    endloop
  endfacet
  facet normal  0.000000e+000  0.000000e+000 -1.000000e+000
    outer loop
      vertex -2.500000e+000 -7.200000e+001 -5.000000e+000
      vertex -1.352941e+001 -7.850000e+001 -5.000000e+000
      vertex -1.382162e+001 -7.847126e+001 -5.000000e+000
    endloop
  endfacet
  facet normal  0.000000e+000  0.000000e+000 -1.000000e+000
    outer loop
      vertex -2.500000e+000 -7.200000e+001 -5.000000e+000
      vertex -1.382162e+001 -7.847126e+001 -5.000000e+000
      vertex -1.410264e+001 -7.838615e+001 -5.000000e+000
    endloop
  endfacet
  facet normal  0.000000e+000  0.000000e+000 -1.000000e+000
    outer loop
      vertex -2.500000e+000 -7.200000e+001 -5.000000e+000
      vertex -1.410264e+001 -7.838615e+001 -5.000000e+000
      vertex -1.436170e+001 -7.824791e+001 -5.000000e+000
    endloop
  endfacet
  facet normal  0.000000e+000  0.000000e+000 -1.000000e+000
    outer loop
      vertex -2.500000e+000 -7.200000e+001 -5.000000e+000
      vertex -1.436170e+001 -7.824791e+001 -5.000000e+000
      vertex -1.458886e+001 -7.806186e+001 -5.000000e+000
    endloop
  endfacet
  facet normal  0.000000e+000  0.000000e+000 -9.999999e-001
    outer loop
      vertex -2.500000e+000 -7.200000e+001 -5.000000e+000
      vertex -1.458886e+001 -7.806186e+001 -5.000000e+000
      vertex -1.477543e+001 -7.783512e+001 -5.000000e+000
    endloop
  endfacet
  facet normal  0.000000e+000  0.000000e+000 -1.000000e+000
    outer loop
      vertex -2.500000e+000 -7.200000e+001 -5.000000e+000
      vertex -1.477543e+001 -7.783512e+001 -5.000000e+000
      vertex -1.491425e+001 -7.757638e+001 -5.000000e+000
    endloop
  endfacet
  facet normal  0.000000e+000  0.000000e+000 -1.000000e+000
    outer loop
      vertex -2.500000e+000 -7.200000e+001 -5.000000e+000
      vertex -1.491425e+001 -7.757638e+001 -5.000000e+000
      vertex -1.500000e+001 -7.729556e+001 -5.000000e+000
    endloop
  endfacet
  facet normal  0.000000e+000  0.000000e+000 -1.000000e+000
    outer loop
      vertex -2.500000e+000 -7.200000e+001 -5.000000e+000
      vertex -1.500000e+001 -7.729556e+001 -5.000000e+000
      vertex -1.500000e+001 -3.000000e+001 -5.000000e+000
    endloop
  endfacet
  facet normal  0.000000e+000  0.000000e+000 -9.999999e-001
    outer loop
      vertex  1.500000e+001 -3.000000e+001 -5.000000e+000
      vertex  2.500000e+000 -7.200000e+001 -5.000000e+000
      vertex  2.462019e+000 -7.156588e+001 -5.000000e+000
    endloop
  endfacet
  facet normal  0.000000e+000  0.000000e+000 -9.999999e-001
    outer loop
      vertex  1.500000e+001 -3.000000e+001 -5.000000e+000
      vertex  2.462019e+000 -7.156588e+001 -5.000000e+000
      vertex  2.349231e+000 -7.114495e+001 -5.000000e+000
    endloop
  endfacet
  facet normal  0.000000e+000  0.000000e+000 -1.000000e+000
    outer loop
      vertex  1.500000e+001 -3.000000e+001 -5.000000e+000
      vertex  2.349231e+000 -7.114495e+001 -5.000000e+000
      vertex  2.165064e+000 -7.075000e+001 -5.000000e+000
    endloop
  endfacet
  facet normal  0.000000e+000  0.000000e+000 -1.000000e+000
    outer loop
      vertex  1.500000e+001 -3.000000e+001 -5.000000e+000
      vertex  2.165064e+000 -7.075000e+001 -5.000000e+000
      vertex  1.915111e+000 -7.039303e+001 -5.000000e+000
    endloop
  endfacet
  facet normal  0.000000e+000  0.000000e+000 -1.000000e+000
    outer loop
      vertex  1.500000e+001 -3.000000e+001 -5.000000e+000
      vertex  1.915111e+000 -7.039303e+001 -5.000000e+000
      vertex  1.606969e+000 -7.008489e+001 -5.000000e+000
    endloop
  endfacet
  facet normal  0.000000e+000  0.000000e+000 -1.000000e+000
    outer loop
      vertex  1.500000e+001 -3.000000e+001 -5.000000e+000
      vertex  1.606969e+000 -7.008489e+001 -5.000000e+000
      vertex  1.250000e+000 -6.983494e+001 -5.000000e+000
    endloop
  endfacet
  facet normal  0.000000e+000  0.000000e+000 -1.000000e+000
    outer loop
      vertex  1.500000e+001 -3.000000e+001 -5.000000e+000
      vertex  1.250000e+000 -6.983494e+001 -5.000000e+000
      vertex  8.550504e-001 -6.965077e+001 -5.000000e+000
    endloop
  endfacet
  facet normal  0.000000e+000  0.000000e+000 -1.000000e+000
    outer loop
      vertex  1.500000e+001 -3.000000e+001 -5.000000e+000
      vertex  8.550504e-001 -6.965077e+001 -5.000000e+000
      vertex  4.341204e-001 -6.953798e+001 -5.000000e+000
    endloop
  endfacet
  facet normal  0.000000e+000  0.000000e+000 -1.000000e+000
    outer loop
      vertex  1.500000e+001 -3.000000e+001 -5.000000e+000
      vertex  4.341204e-001 -6.953798e+001 -5.000000e+000
      vertex  6.123234e-016 -6.950000e+001 -5.000000e+000
    endloop
  endfacet
  facet normal  -0.000000e+000  0.000000e+000 -1.000000e+000
    outer loop
      vertex  1.500000e+001 -3.000000e+001 -5.000000e+000
      vertex  6.123234e-016 -6.950000e+001 -5.000000e+000
      vertex -4.341204e-001 -6.953798e+001 -5.000000e+000
    endloop
  endfacet
  facet normal  -0.000000e+000  0.000000e+000 -9.999999e-001
    outer loop
      vertex  1.500000e+001 -3.000000e+001 -5.000000e+000
      vertex -4.341204e-001 -6.953798e+001 -5.000000e+000
      vertex -8.550504e-001 -6.965077e+001 -5.000000e+000
    endloop
  endfacet
  facet normal  -0.000000e+000  0.000000e+000 -1.000000e+000
    outer loop
      vertex  1.500000e+001 -3.000000e+001 -5.000000e+000
      vertex -8.550504e-001 -6.965077e+001 -5.000000e+000
      vertex -1.250000e+000 -6.983494e+001 -5.000000e+000
    endloop
  endfacet
  facet normal  -0.000000e+000  0.000000e+000 -1.000000e+000
    outer loop
      vertex  1.500000e+001 -3.000000e+001 -5.000000e+000
      vertex -1.250000e+000 -6.983494e+001 -5.000000e+000
      vertex -1.606969e+000 -7.008489e+001 -5.000000e+000
    endloop
  endfacet
  facet normal  -0.000000e+000  0.000000e+000 -1.000000e+000
    outer loop
      vertex  1.500000e+001 -3.000000e+001 -5.000000e+000
      vertex -1.606969e+000 -7.008489e+001 -5.000000e+000
      vertex -1.915111e+000 -7.039303e+001 -5.000000e+000
    endloop
  endfacet
  facet normal  -0.000000e+000  0.000000e+000 -1.000000e+000
    outer loop
      vertex  1.500000e+001 -3.000000e+001 -5.000000e+000
      vertex -1.915111e+000 -7.039303e+001 -5.000000e+000
      vertex -2.165064e+000 -7.075000e+001 -5.000000e+000
    endloop
  endfacet
  facet normal  -0.000000e+000  0.000000e+000 -1.000000e+000
    outer loop
      vertex  1.500000e+001 -3.000000e+001 -5.000000e+000
      vertex -2.165064e+000 -7.075000e+001 -5.000000e+000
      vertex -2.349231e+000 -7.114495e+001 -5.000000e+000
    endloop
  endfacet
  facet normal  -0.000000e+000  0.000000e+000 -1.000000e+000
    outer loop
      vertex -1.500000e+001 -3.000000e+001 -5.000000e+000
      vertex  1.500000e+001 -3.000000e+001 -5.000000e+000
      vertex -2.349231e+000 -7.114495e+001 -5.000000e+000
    endloop
  endfacet
  facet normal  -0.000000e+000  0.000000e+000 -1.000000e+000
    outer loop
      vertex -1.500000e+001 -3.000000e+001 -5.000000e+000
      vertex -2.349231e+000 -7.114495e+001 -5.000000e+000
      vertex -2.462019e+000 -7.156588e+001 -5.000000e+000
    endloop
  endfacet
  facet normal  -0.000000e+000  0.000000e+000 -1.000000e+000
    outer loop
      vertex -1.500000e+001 -3.000000e+001 -5.000000e+000
      vertex -2.462019e+000 -7.156588e+001 -5.000000e+000
      vertex -2.500000e+000 -7.200000e+001 -5.000000e+000
    endloop
  endfacet
  facet normal  0.000000e+000  0.000000e+000 -1.000000e+000
    outer loop
      vertex  1.500000e+001 -2.500000e+001 -5.000000e+000
      vertex -1.500000e+001 -2.500000e+001 -5.000000e+000
      vertex  1.500000e+001  2.500000e+001 -5.000000e+000
    endloop
  endfacet
  facet normal  -0.000000e+000  0.000000e+000 -1.000000e+000
    outer loop
      vertex  1.500000e+001  2.500000e+001 -5.000000e+000
      vertex -1.500000e+001 -2.500000e+001 -5.000000e+000
      vertex -1.500000e+001  2.500000e+001 -5.000000e+000
    endloop
  endfacet
  facet normal  0.000000e+000 -1.000000e+000  0.000000e+000
    outer loop
      vertex -1.852941e+001 -7.591901e+001 -4.000000e+000
      vertex -1.650000e+001 -7.591901e+001 -4.000000e+000
      vertex -1.852941e+001 -7.591901e+001  0.000000e+000
    endloop
  endfacet
  facet normal  0.000000e+000 -1.000000e+000  0.000000e+000
    outer loop
      vertex -1.852941e+001 -7.591901e+001  0.000000e+000
      vertex -1.650000e+001 -7.591901e+001 -4.000000e+000
      vertex -1.650000e+001 -7.591901e+001  0.000000e+000
    endloop
  endfacet
  facet normal  9.177660e-001 -3.971190e-001 -1.461479e-003
    outer loop
      vertex -1.984736e+001 -7.670277e+001  0.000000e+000
      vertex -1.995375e+001 -7.694864e+001  0.000000e+000
      vertex -1.991425e+001 -7.684263e+001 -4.000000e+000
    endloop
  endfacet
  facet normal  8.811860e-001 -4.727664e-001  1.795089e-003
    outer loop
      vertex -1.977543e+001 -7.658389e+001 -4.000000e+000
      vertex -1.984736e+001 -7.670277e+001  0.000000e+000
      vertex -1.991425e+001 -7.684263e+001 -4.000000e+000
    endloop
  endfacet
  facet normal  8.324927e-001 -5.540340e-001 -1.496037e-003
    outer loop
      vertex -1.977543e+001 -7.658389e+001 -4.000000e+000
      vertex -1.969894e+001 -7.647975e+001  0.000000e+000
      vertex -1.984736e+001 -7.670277e+001  0.000000e+000
    endloop
  endfacet
  facet normal  7.721964e-001 -6.353815e-001  1.774740e-003
    outer loop
      vertex -1.969894e+001 -7.647975e+001  0.000000e+000
      vertex -1.977543e+001 -7.658389e+001 -4.000000e+000
      vertex -1.958886e+001 -7.635715e+001 -4.000000e+000
    endloop
  endfacet
  facet normal  7.206477e-001 -6.933001e-001 -1.419084e-003
    outer loop
      vertex -1.958886e+001 -7.635715e+001 -4.000000e+000
      vertex -1.951321e+001 -7.628670e+001  0.000000e+000
      vertex -1.969894e+001 -7.647975e+001  0.000000e+000
    endloop
  endfacet
  facet normal  6.336235e-001 -7.736399e-001  1.641806e-003
    outer loop
      vertex -1.951321e+001 -7.628670e+001  0.000000e+000
      vertex -1.958886e+001 -7.635715e+001 -4.000000e+000
      vertex -1.936170e+001 -7.617110e+001 -4.000000e+000
    endloop
  endfacet
  facet normal  5.858439e-001 -8.104230e-001 -1.231008e-003
    outer loop
      vertex -1.936170e+001 -7.617110e+001 -4.000000e+000
      vertex -1.929610e+001 -7.612975e+001  0.000000e+000
      vertex -1.951321e+001 -7.628670e+001  0.000000e+000
    endloop
  endfacet
  facet normal  4.707860e-001 -8.822464e-001  1.398229e-003
    outer loop
      vertex -1.929610e+001 -7.612975e+001  0.000000e+000
      vertex -1.936170e+001 -7.617110e+001 -4.000000e+000
      vertex -1.910265e+001 -7.603286e+001 -4.000000e+000
    endloop
  endfacet
  facet normal  4.323429e-001 -9.017088e-001 -9.324847e-004
    outer loop
      vertex -1.910265e+001 -7.603286e+001 -4.000000e+000
      vertex -1.905454e+001 -7.601393e+001  0.000000e+000
      vertex -1.929610e+001 -7.612975e+001  0.000000e+000
    endloop
  endfacet
  facet normal  2.898687e-001 -9.570658e-001  1.042910e-003
    outer loop
      vertex -1.905454e+001 -7.601393e+001  0.000000e+000
      vertex -1.910265e+001 -7.603286e+001 -4.000000e+000
      vertex -1.882162e+001 -7.594775e+001 -4.000000e+000
    endloop
  endfacet
  facet normal  9.564020e-001 -2.920485e-001  1.704709e-003
    outer loop
      vertex -2.000000e+001 -7.712345e+001 -4.000000e+000
      vertex -1.991425e+001 -7.684263e+001 -4.000000e+000
      vertex -1.995375e+001 -7.694864e+001  0.000000e+000
    endloop
  endfacet
  facet normal  9.737703e-001 -2.275297e-001 -1.315788e-003
    outer loop
      vertex -2.000000e+001 -7.712345e+001 -4.000000e+000
      vertex -1.995375e+001 -7.694864e+001  0.000000e+000
      vertex -2.001470e+001 -7.720950e+001  0.000000e+000
    endloop
  endfacet
  facet normal  9.857172e-001 -1.684083e-001  0.000000e+000
    outer loop
      vertex -2.000000e+001 -7.712345e+001 -4.000000e+000
      vertex -2.001470e+001 -7.720950e+001  0.000000e+000
      vertex -2.001470e+001 -7.720950e+001 -5.000000e+000
    endloop
  endfacet
  facet normal  9.857174e-001 -1.684083e-001  0.000000e+000
    outer loop
      vertex -2.000000e+001 -7.712345e+001 -4.000000e+000
      vertex -2.001470e+001 -7.720950e+001 -5.000000e+000
      vertex -2.000000e+001 -7.712345e+001 -5.000000e+000
    endloop
  endfacet
  facet normal  2.650290e-001 -9.642403e-001 -5.221933e-004
    outer loop
      vertex -1.905454e+001 -7.601393e+001  0.000000e+000
      vertex -1.882162e+001 -7.594775e+001 -4.000000e+000
      vertex -1.879623e+001 -7.594293e+001  0.000000e+000
    endloop
  endfacet
  facet normal  9.787834e-002 -9.951982e-001  5.763198e-004
    outer loop
      vertex -1.879623e+001 -7.594293e+001  0.000000e+000
      vertex -1.882162e+001 -7.594775e+001 -4.000000e+000
      vertex -1.852941e+001 -7.591901e+001 -4.000000e+000
    endloop
  endfacet
  facet normal  8.931083e-002 -9.960037e-001  0.000000e+000
    outer loop
      vertex -1.879623e+001 -7.594293e+001  0.000000e+000
      vertex -1.852941e+001 -7.591901e+001 -4.000000e+000
      vertex -1.852941e+001 -7.591901e+001  0.000000e+000
    endloop
  endfacet
  facet normal  0.000000e+000  1.000000e+000  0.000000e+000
    outer loop
      vertex  2.000000e+001  2.500000e+001 -4.000000e+000
      vertex  4.919662e+001  2.500000e+001 -4.000000e+000
      vertex  2.000000e+001  2.500000e+001 -5.000000e+000
    endloop
  endfacet
  facet normal  0.000000e+000  1.000000e+000  0.000000e+000
    outer loop
      vertex  2.000000e+001  2.500000e+001 -5.000000e+000
      vertex  4.919662e+001  2.500000e+001 -4.000000e+000
      vertex  4.919662e+001  2.500000e+001 -5.000000e+000
    endloop
  endfacet
  facet normal  0.000000e+000 -1.000000e+000  0.000000e+000
    outer loop
      vertex  2.000000e+001 -2.500000e+001 -4.000000e+000
      vertex  2.000000e+001 -2.500000e+001 -5.000000e+000
      vertex  4.919662e+001 -2.500000e+001 -4.000000e+000
    endloop
  endfacet
  facet normal  0.000000e+000 -1.000000e+000  -0.000000e+000
    outer loop
      vertex  4.919662e+001 -2.500000e+001 -4.000000e+000
      vertex  2.000000e+001 -2.500000e+001 -5.000000e+000
      vertex  4.919662e+001 -2.500000e+001 -5.000000e+000
    endloop
  endfacet
  facet normal  0.000000e+000  1.000000e+000  -0.000000e+000
    outer loop
      vertex  4.919662e+001 -3.000000e+001 -4.000000e+000
      vertex  4.919662e+001 -3.000000e+001 -5.000000e+000
      vertex  2.000000e+001 -3.000000e+001 -4.000000e+000
    endloop
  endfacet
  facet normal  0.000000e+000  1.000000e+000  0.000000e+000
    outer loop
      vertex  2.000000e+001 -3.000000e+001 -4.000000e+000
      vertex  4.919662e+001 -3.000000e+001 -5.000000e+000
      vertex  2.000000e+001 -3.000000e+001 -5.000000e+000
    endloop
  endfacet
  facet normal -1.000000e+000  0.000000e+000  0.000000e+000
    outer loop
      vertex  2.000000e+001 -3.000000e+001 -4.000000e+000
      vertex  2.000000e+001 -3.000000e+001 -5.000000e+000
      vertex  2.000000e+001 -7.712345e+001 -4.000000e+000
    endloop
  endfacet
  facet normal -1.000000e+000  0.000000e+000  0.000000e+000
    outer loop
      vertex  2.000000e+001 -7.712345e+001 -4.000000e+000
      vertex  2.000000e+001 -3.000000e+001 -5.000000e+000
      vertex  2.000000e+001 -7.712345e+001 -5.000000e+000
    endloop
  endfacet
  facet normal  1.000000e+000  0.000000e+000  0.000000e+000
    outer loop
      vertex  1.500000e+001 -7.729556e+001 -4.000000e+000
      vertex  1.500000e+001 -7.729556e+001 -5.000000e+000
      vertex  1.500000e+001 -3.000000e+001 -4.000000e+000
    endloop
  endfacet
  facet normal  1.000000e+000  0.000000e+000  0.000000e+000
    outer loop
      vertex  1.500000e+001 -3.000000e+001 -4.000000e+000
      vertex  1.500000e+001 -7.729556e+001 -5.000000e+000
      vertex  1.500000e+001 -3.000000e+001 -5.000000e+000
    endloop
  endfacet
  facet normal -1.000000e+000  -0.000000e+000  0.000000e+000
    outer loop
      vertex -1.500000e+001 -7.729556e+001 -4.000000e+000
      vertex -1.500000e+001 -3.000000e+001 -4.000000e+000
      vertex -1.500000e+001 -7.729556e+001 -5.000000e+000
    endloop
  endfacet
  facet normal -1.000000e+000  0.000000e+000  0.000000e+000
    outer loop
      vertex -1.500000e+001 -7.729556e+001 -5.000000e+000
      vertex -1.500000e+001 -3.000000e+001 -4.000000e+000
      vertex -1.500000e+001 -3.000000e+001 -5.000000e+000
    endloop
  endfacet
  facet normal  1.000000e+000  -0.000000e+000  0.000000e+000
    outer loop
      vertex -2.000000e+001 -3.000000e+001 -4.000000e+000
      vertex -2.000000e+001 -7.712345e+001 -4.000000e+000
      vertex -2.000000e+001 -3.000000e+001 -5.000000e+000
    endloop
  endfacet
  facet normal  1.000000e+000  0.000000e+000  0.000000e+000
    outer loop
      vertex -2.000000e+001 -3.000000e+001 -5.000000e+000
      vertex -2.000000e+001 -7.712345e+001 -4.000000e+000
      vertex -2.000000e+001 -7.712345e+001 -5.000000e+000
    endloop
  endfacet
  facet normal  0.000000e+000  1.000000e+000  -0.000000e+000
    outer loop
      vertex -2.000000e+001 -3.000000e+001 -4.000000e+000
      vertex -2.000000e+001 -3.000000e+001 -5.000000e+000
      vertex -4.880338e+001 -3.000000e+001 -4.000000e+000
    endloop
  endfacet
  facet normal  0.000000e+000  1.000000e+000  0.000000e+000
    outer loop
      vertex -4.880338e+001 -3.000000e+001 -4.000000e+000
      vertex -2.000000e+001 -3.000000e+001 -5.000000e+000
      vertex -4.880338e+001 -3.000000e+001 -5.000000e+000
    endloop
  endfacet
  facet normal  0.000000e+000 -1.000000e+000  0.000000e+000
    outer loop
      vertex -4.880338e+001 -2.500000e+001 -4.000000e+000
      vertex -4.880338e+001 -2.500000e+001 -5.000000e+000
      vertex -2.000000e+001 -2.500000e+001 -4.000000e+000
    endloop
  endfacet
  facet normal  0.000000e+000 -1.000000e+000  -0.000000e+000
    outer loop
      vertex -2.000000e+001 -2.500000e+001 -4.000000e+000
      vertex -4.880338e+001 -2.500000e+001 -5.000000e+000
      vertex -2.000000e+001 -2.500000e+001 -5.000000e+000
    endloop
  endfacet
  facet normal  0.000000e+000  1.000000e+000  0.000000e+000
    outer loop
      vertex -4.880338e+001  2.500000e+001 -4.000000e+000
      vertex -2.000000e+001  2.500000e+001 -4.000000e+000
      vertex -4.880338e+001  2.500000e+001 -5.000000e+000
    endloop
  endfacet
  facet normal  0.000000e+000  1.000000e+000  0.000000e+000
    outer loop
      vertex -4.880338e+001  2.500000e+001 -5.000000e+000
      vertex -2.000000e+001  2.500000e+001 -4.000000e+000
      vertex -2.000000e+001  2.500000e+001 -5.000000e+000
    endloop
  endfacet
  facet normal  0.000000e+000 -1.000000e+000  0.000000e+000
    outer loop
      vertex -2.000000e+001  3.000000e+001 -4.000000e+000
      vertex -4.919662e+001  3.000000e+001 -4.000000e+000
      vertex -2.000000e+001  3.000000e+001 -5.000000e+000
    endloop
  endfacet
  facet normal  0.000000e+000 -1.000000e+000  0.000000e+000
    outer loop
      vertex -2.000000e+001  3.000000e+001 -5.000000e+000
      vertex -4.919662e+001  3.000000e+001 -4.000000e+000
      vertex -4.919662e+001  3.000000e+001 -5.000000e+000
    endloop
  endfacet
  facet normal  1.000000e+000  -0.000000e+000  0.000000e+000
    outer loop
      vertex -2.000000e+001  7.729556e+001 -4.000000e+000
      vertex -2.000000e+001  3.000000e+001 -4.000000e+000
      vertex -2.000000e+001  7.729556e+001 -5.000000e+000
    endloop
  endfacet
  facet normal  1.000000e+000  0.000000e+000  0.000000e+000
    outer loop
      vertex -2.000000e+001  7.729556e+001 -5.000000e+000
      vertex -2.000000e+001  3.000000e+001 -4.000000e+000
      vertex -2.000000e+001  3.000000e+001 -5.000000e+000
    endloop
  endfacet
  facet normal -1.000000e+000  -0.000000e+000  0.000000e+000
    outer loop
      vertex -1.500000e+001  3.000000e+001 -4.000000e+000
      vertex -1.500000e+001  7.729556e+001 -4.000000e+000
      vertex -1.500000e+001  3.000000e+001 -5.000000e+000
    endloop
  endfacet
  facet normal -1.000000e+000  0.000000e+000  0.000000e+000
    outer loop
      vertex -1.500000e+001  3.000000e+001 -5.000000e+000
      vertex -1.500000e+001  7.729556e+001 -4.000000e+000
      vertex -1.500000e+001  7.729556e+001 -5.000000e+000
    endloop
  endfacet
  facet normal  1.000000e+000  0.000000e+000  0.000000e+000
    outer loop
      vertex  1.500000e+001  3.000000e+001 -4.000000e+000
      vertex  1.500000e+001  3.000000e+001 -5.000000e+000
      vertex  1.500000e+001  7.729556e+001 -4.000000e+000
    endloop
  endfacet
  facet normal  1.000000e+000  0.000000e+000  0.000000e+000
    outer loop
      vertex  1.500000e+001  7.729556e+001 -4.000000e+000
      vertex  1.500000e+001  3.000000e+001 -5.000000e+000
      vertex  1.500000e+001  7.729556e+001 -5.000000e+000
    endloop
  endfacet
  facet normal -1.000000e+000  0.000000e+000  0.000000e+000
    outer loop
      vertex  2.000000e+001  7.712345e+001 -4.000000e+000
      vertex  2.000000e+001  7.712345e+001 -5.000000e+000
      vertex  2.000000e+001  3.000000e+001 -4.000000e+000
    endloop
  endfacet
  facet normal -1.000000e+000  0.000000e+000  0.000000e+000
    outer loop
      vertex  2.000000e+001  3.000000e+001 -4.000000e+000
      vertex  2.000000e+001  7.712345e+001 -5.000000e+000
      vertex  2.000000e+001  3.000000e+001 -5.000000e+000
    endloop
  endfacet
  facet normal  0.000000e+000 -1.000000e+000  0.000000e+000
    outer loop
      vertex  4.880338e+001  3.000000e+001 -4.000000e+000
      vertex  2.000000e+001  3.000000e+001 -4.000000e+000
      vertex  4.880338e+001  3.000000e+001 -5.000000e+000
    endloop
  endfacet
  facet normal  0.000000e+000 -1.000000e+000  0.000000e+000
    outer loop
      vertex  4.880338e+001  3.000000e+001 -5.000000e+000
      vertex  2.000000e+001  3.000000e+001 -4.000000e+000
      vertex  2.000000e+001  3.000000e+001 -5.000000e+000
    endloop
  endfacet
  facet normal  0.000000e+000  0.000000e+000 -1.000000e+000
    outer loop
      vertex -4.857526e+001  2.514738e+001 -4.000000e+000
      vertex -2.000000e+001  2.500000e+001 -4.000000e+000
      vertex -4.880338e+001  2.500000e+001 -4.000000e+000
    endloop
  endfacet
  facet normal  0.000000e+000  0.000000e+000 -1.000000e+000
    outer loop
      vertex -4.857526e+001  2.514738e+001 -4.000000e+000
      vertex -1.500000e+001  2.500000e+001 -4.000000e+000
      vertex -2.000000e+001  2.500000e+001 -4.000000e+000
    endloop
  endfacet
  facet normal  0.000000e+000  0.000000e+000 -1.000000e+000
    outer loop
      vertex  4.900000e+001 -2.508579e+001 -4.000000e+000
      vertex  2.000000e+001 -2.500000e+001 -4.000000e+000
      vertex  4.919662e+001 -2.500000e+001 -4.000000e+000
    endloop
  endfacet
  facet normal  0.000000e+000  0.000000e+000 -1.000000e+000
    outer loop
      vertex  4.900000e+001 -2.991421e+001 -4.000000e+000
      vertex  4.919662e+001 -3.000000e+001 -4.000000e+000
      vertex  2.000000e+001 -3.000000e+001 -4.000000e+000
    endloop
  endfacet
  facet normal  0.000000e+000  0.000000e+000 -1.000000e+000
    outer loop
      vertex -1.500000e+001 -3.000000e+001 -4.000000e+000
      vertex -1.500000e+001 -7.729556e+001 -4.000000e+000
      vertex -1.501470e+001 -7.720950e+001 -4.000000e+000
    endloop
  endfacet
  facet normal  0.000000e+000  0.000000e+000 -1.000000e+000
    outer loop
      vertex  4.900000e+001  2.508579e+001 -4.000000e+000
      vertex  2.000000e+001  2.500000e+001 -4.000000e+000
      vertex  1.500000e+001  2.500000e+001 -4.000000e+000
    endloop
  endfacet
  facet normal  0.000000e+000  0.000000e+000 -1.000000e+000
    outer loop
      vertex  4.900000e+001  2.508579e+001 -4.000000e+000
      vertex  4.919662e+001  2.500000e+001 -4.000000e+000
      vertex  2.000000e+001  2.500000e+001 -4.000000e+000
    endloop
  endfacet
  facet normal  -0.000000e+000  0.000000e+000 -1.000000e+000
    outer loop
      vertex  1.500000e+001 -3.000000e+001 -4.000000e+000
      vertex  1.501470e+001 -7.720950e+001 -4.000000e+000
      vertex  1.500000e+001 -7.729556e+001 -4.000000e+000
    endloop
  endfacet
  facet normal  -0.000000e+000  0.000000e+000 -1.000000e+000
    outer loop
      vertex  2.000000e+001  3.000000e+001 -4.000000e+000
      vertex  4.880338e+001  3.000000e+001 -4.000000e+000
      vertex  4.857526e+001  2.985262e+001 -4.000000e+000
    endloop
  endfacet
  facet normal  -0.000000e+000  0.000000e+000 -1.000000e+000
    outer loop
      vertex  2.000000e+001  3.000000e+001 -4.000000e+000
      vertex  4.857526e+001  2.985262e+001 -4.000000e+000
      vertex  4.837746e+001  2.966652e+001 -4.000000e+000
    endloop
  endfacet
  facet normal  -0.000000e+000  0.000000e+000 -1.000000e+000
    outer loop
      vertex  2.000000e+001  3.000000e+001 -4.000000e+000
      vertex  4.837746e+001  2.966652e+001 -4.000000e+000
      vertex  4.821646e+001  2.944780e+001 -4.000000e+000
    endloop
  endfacet
  facet normal  -0.000000e+000  0.000000e+000 -9.999999e-001
    outer loop
      vertex  2.000000e+001  3.000000e+001 -4.000000e+000
      vertex  4.821646e+001  2.944780e+001 -4.000000e+000
      vertex  4.809754e+001  2.920364e+001 -4.000000e+000
    endloop
  endfacet
  facet normal  -0.000000e+000  0.000000e+000 -1.000000e+000
    outer loop
      vertex  2.000000e+001  3.000000e+001 -4.000000e+000
      vertex  4.809754e+001  2.920364e+001 -4.000000e+000
      vertex  4.802459e+001  2.894204e+001 -4.000000e+000
    endloop
  endfacet
  facet normal  -0.000000e+000  0.000000e+000 -1.000000e+000
    outer loop
      vertex  2.000000e+001  3.000000e+001 -4.000000e+000
      vertex  4.802459e+001  2.894204e+001 -4.000000e+000
      vertex  4.800000e+001  2.867157e+001 -4.000000e+000
    endloop
  endfacet
  facet normal  -0.000000e+000  -0.000000e+000 -1.000000e+000
    outer loop
      vertex  2.000000e+001  3.000000e+001 -4.000000e+000
      vertex  4.800000e+001  2.867157e+001 -4.000000e+000
      vertex  4.800000e+001  2.650000e+001 -4.000000e+000
    endloop
  endfacet
  facet normal  -0.000000e+000  -0.000000e+000 -1.000000e+000
    outer loop
      vertex  2.000000e+001  3.000000e+001 -4.000000e+000
      vertex  4.800000e+001  2.650000e+001 -4.000000e+000
      vertex  4.802313e+001  2.623758e+001 -4.000000e+000
    endloop
  endfacet
  facet normal  -0.000000e+000  -0.000000e+000 -1.000000e+000
    outer loop
      vertex  2.000000e+001  3.000000e+001 -4.000000e+000
      vertex  4.802313e+001  2.623758e+001 -4.000000e+000
      vertex  4.809182e+001  2.598326e+001 -4.000000e+000
    endloop
  endfacet
  facet normal  -0.000000e+000  -0.000000e+000 -1.000000e+000
    outer loop
      vertex  2.000000e+001  3.000000e+001 -4.000000e+000
      vertex  4.809182e+001  2.598326e+001 -4.000000e+000
      vertex  4.820394e+001  2.574487e+001 -4.000000e+000
    endloop
  endfacet
  facet normal  -0.000000e+000  -0.000000e+000 -9.999999e-001
    outer loop
      vertex  2.000000e+001  3.000000e+001 -4.000000e+000
      vertex  4.820394e+001  2.574487e+001 -4.000000e+000
      vertex  4.835603e+001  2.552977e+001 -4.000000e+000
    endloop
  endfacet
  facet normal  -0.000000e+000  -0.000000e+000 -1.000000e+000
    outer loop
      vertex  2.000000e+001  3.000000e+001 -4.000000e+000
      vertex  4.835603e+001  2.552977e+001 -4.000000e+000
      vertex  4.854342e+001  2.534460e+001 -4.000000e+000
    endloop
  endfacet
  facet normal  -0.000000e+000  -0.000000e+000 -1.000000e+000
    outer loop
      vertex  2.000000e+001  3.000000e+001 -4.000000e+000
      vertex  4.854342e+001  2.534460e+001 -4.000000e+000
      vertex  4.876030e+001  2.519507e+001 -4.000000e+000
    endloop
  endfacet
  facet normal  -0.000000e+000  -0.000000e+000 -1.000000e+000
    outer loop
      vertex  2.000000e+001  3.000000e+001 -4.000000e+000
      vertex  4.876030e+001  2.519507e+001 -4.000000e+000
      vertex  4.900000e+001  2.508579e+001 -4.000000e+000
    endloop
  endfacet
  facet normal  0.000000e+000  0.000000e+000 -1.000000e+000
    outer loop
      vertex -2.000000e+001 -2.500000e+001 -4.000000e+000
      vertex -2.000000e+001  2.500000e+001 -4.000000e+000
      vertex -1.500000e+001  2.500000e+001 -4.000000e+000
    endloop
  endfacet
  facet normal  0.000000e+000  -0.000000e+000 -1.000000e+000
    outer loop
      vertex -2.000000e+001 -2.500000e+001 -4.000000e+000
      vertex -1.500000e+001  2.500000e+001 -4.000000e+000
      vertex -1.500000e+001 -2.500000e+001 -4.000000e+000
    endloop
  endfacet
  facet normal  -0.000000e+000  0.000000e+000 -1.000000e+000
    outer loop
      vertex -2.000000e+001 -2.500000e+001 -4.000000e+000
      vertex -1.500000e+001 -2.500000e+001 -4.000000e+000
      vertex -4.857526e+001 -2.514738e+001 -4.000000e+000
    endloop
  endfacet
  facet normal  0.000000e+000  0.000000e+000 -1.000000e+000
    outer loop
      vertex -2.000000e+001 -2.500000e+001 -4.000000e+000
      vertex -4.857526e+001 -2.514738e+001 -4.000000e+000
      vertex -4.880338e+001 -2.500000e+001 -4.000000e+000
    endloop
  endfacet
  facet normal  0.000000e+000  0.000000e+000 -1.000000e+000
    outer loop
      vertex  2.000000e+001 -3.000000e+001 -4.000000e+000
      vertex  2.000000e+001 -7.712345e+001 -4.000000e+000
      vertex  1.991425e+001 -7.684263e+001 -4.000000e+000
    endloop
  endfacet
  facet normal  0.000000e+000  0.000000e+000 -1.000000e+000
    outer loop
      vertex  2.000000e+001 -3.000000e+001 -4.000000e+000
      vertex  1.991425e+001 -7.684263e+001 -4.000000e+000
      vertex  1.977543e+001 -7.658389e+001 -4.000000e+000
    endloop
  endfacet
  facet normal  0.000000e+000  0.000000e+000 -1.000000e+000
    outer loop
      vertex  2.000000e+001 -3.000000e+001 -4.000000e+000
      vertex  1.977543e+001 -7.658389e+001 -4.000000e+000
      vertex  1.958886e+001 -7.635715e+001 -4.000000e+000
    endloop
  endfacet
  facet normal  0.000000e+000  0.000000e+000 -1.000000e+000
    outer loop
      vertex  2.000000e+001 -3.000000e+001 -4.000000e+000
      vertex  1.958886e+001 -7.635715e+001 -4.000000e+000
      vertex  1.936170e+001 -7.617110e+001 -4.000000e+000
    endloop
  endfacet
  facet normal  0.000000e+000  0.000000e+000 -1.000000e+000
    outer loop
      vertex  2.000000e+001 -3.000000e+001 -4.000000e+000
      vertex  1.936170e+001 -7.617110e+001 -4.000000e+000
      vertex  1.910265e+001 -7.603286e+001 -4.000000e+000
    endloop
  endfacet
  facet normal  0.000000e+000  0.000000e+000 -1.000000e+000
    outer loop
      vertex  2.000000e+001 -3.000000e+001 -4.000000e+000
      vertex  1.910265e+001 -7.603286e+001 -4.000000e+000
      vertex  1.882162e+001 -7.594775e+001 -4.000000e+000
    endloop
  endfacet
  facet normal  0.000000e+000  0.000000e+000 -9.999999e-001
    outer loop
      vertex  2.000000e+001 -3.000000e+001 -4.000000e+000
      vertex  1.882162e+001 -7.594775e+001 -4.000000e+000
      vertex  1.852941e+001 -7.591901e+001 -4.000000e+000
    endloop
  endfacet
  facet normal  0.000000e+000  0.000000e+000 -1.000000e+000
    outer loop
      vertex  2.000000e+001 -3.000000e+001 -4.000000e+000
      vertex  1.852941e+001 -7.591901e+001 -4.000000e+000
      vertex  1.650000e+001 -7.591901e+001 -4.000000e+000
    endloop
  endfacet
  facet normal  -0.000000e+000  0.000000e+000 -1.000000e+000
    outer loop
      vertex  2.000000e+001 -3.000000e+001 -4.000000e+000
      vertex  1.650000e+001 -7.591901e+001 -4.000000e+000
      vertex  1.623318e+001 -7.594293e+001 -4.000000e+000
    endloop
  endfacet
  facet normal  -0.000000e+000  0.000000e+000 -1.000000e+000
    outer loop
      vertex  2.000000e+001 -3.000000e+001 -4.000000e+000
      vertex  1.623318e+001 -7.594293e+001 -4.000000e+000
      vertex  1.597486e+001 -7.601393e+001 -4.000000e+000
    endloop
  endfacet
  facet normal  -0.000000e+000  0.000000e+000 -1.000000e+000
    outer loop
      vertex  2.000000e+001 -3.000000e+001 -4.000000e+000
      vertex  1.597486e+001 -7.601393e+001 -4.000000e+000
      vertex  1.573330e+001 -7.612975e+001 -4.000000e+000
    endloop
  endfacet
  facet normal  -0.000000e+000  0.000000e+000 -1.000000e+000
    outer loop
      vertex  2.000000e+001 -3.000000e+001 -4.000000e+000
      vertex  1.573330e+001 -7.612975e+001 -4.000000e+000
      vertex  1.551620e+001 -7.628670e+001 -4.000000e+000
    endloop
  endfacet
  facet normal  -0.000000e+000  0.000000e+000 -1.000000e+000
    outer loop
      vertex  2.000000e+001 -3.000000e+001 -4.000000e+000
      vertex  1.551620e+001 -7.628670e+001 -4.000000e+000
      vertex  1.533047e+001 -7.647975e+001 -4.000000e+000
    endloop
  endfacet
  facet normal  -0.000000e+000  0.000000e+000 -1.000000e+000
    outer loop
      vertex  2.000000e+001 -3.000000e+001 -4.000000e+000
      vertex  1.533047e+001 -7.647975e+001 -4.000000e+000
      vertex  1.518204e+001 -7.670277e+001 -4.000000e+000
    endloop
  endfacet
  facet normal  -0.000000e+000  0.000000e+000 -9.999999e-001
    outer loop
      vertex  2.000000e+001 -3.000000e+001 -4.000000e+000
      vertex  1.518204e+001 -7.670277e+001 -4.000000e+000
      vertex  1.507566e+001 -7.694864e+001 -4.000000e+000
    endloop
  endfacet
  facet normal  -0.000000e+000  0.000000e+000 -1.000000e+000
    outer loop
      vertex  2.000000e+001 -3.000000e+001 -4.000000e+000
      vertex  1.507566e+001 -7.694864e+001 -4.000000e+000
      vertex  1.501470e+001 -7.720950e+001 -4.000000e+000
    endloop
  endfacet
  facet normal  0.000000e+000  0.000000e+000 -9.999999e-001
    outer loop
      vertex  2.000000e+001 -3.000000e+001 -4.000000e+000
      vertex  1.501470e+001 -7.720950e+001 -4.000000e+000
      vertex  1.500000e+001 -3.000000e+001 -4.000000e+000
    endloop
  endfacet
  facet normal  0.000000e+000  0.000000e+000 -1.000000e+000
    outer loop
      vertex -1.500000e+001 -3.000000e+001 -4.000000e+000
      vertex -4.857526e+001 -2.985262e+001 -4.000000e+000
      vertex -4.837746e+001 -2.966652e+001 -4.000000e+000
    endloop
  endfacet
  facet normal  0.000000e+000  0.000000e+000 -1.000000e+000
    outer loop
      vertex -1.500000e+001 -3.000000e+001 -4.000000e+000
      vertex -4.837746e+001 -2.966652e+001 -4.000000e+000
      vertex -4.821646e+001 -2.944780e+001 -4.000000e+000
    endloop
  endfacet
  facet normal  0.000000e+000  0.000000e+000 -1.000000e+000
    outer loop
      vertex -1.500000e+001 -3.000000e+001 -4.000000e+000
      vertex -4.821646e+001 -2.944780e+001 -4.000000e+000
      vertex -4.809754e+001 -2.920364e+001 -4.000000e+000
    endloop
  endfacet
  facet normal  0.000000e+000  0.000000e+000 -1.000000e+000
    outer loop
      vertex -1.500000e+001 -3.000000e+001 -4.000000e+000
      vertex -4.809754e+001 -2.920364e+001 -4.000000e+000
      vertex -4.802459e+001 -2.894204e+001 -4.000000e+000
    endloop
  endfacet
  facet normal  0.000000e+000  0.000000e+000 -1.000000e+000
    outer loop
      vertex -1.500000e+001 -3.000000e+001 -4.000000e+000
      vertex -4.802459e+001 -2.894204e+001 -4.000000e+000
      vertex -4.800000e+001 -2.867157e+001 -4.000000e+000
    endloop
  endfacet
  facet normal  0.000000e+000  0.000000e+000 -9.999999e-001
    outer loop
      vertex -1.500000e+001 -3.000000e+001 -4.000000e+000
      vertex -4.800000e+001 -2.867157e+001 -4.000000e+000
      vertex -1.500000e+001 -2.500000e+001 -4.000000e+000
    endloop
  endfacet
  facet normal  0.000000e+000  0.000000e+000 -1.000000e+000
    outer loop
      vertex -1.500000e+001 -3.000000e+001 -4.000000e+000
      vertex -1.500000e+001 -2.500000e+001 -4.000000e+000
      vertex  1.500000e+001 -2.500000e+001 -4.000000e+000
    endloop
  endfacet
  facet normal  0.000000e+000  -0.000000e+000 -1.000000e+000
    outer loop
      vertex -1.500000e+001 -3.000000e+001 -4.000000e+000
      vertex  1.500000e+001 -2.500000e+001 -4.000000e+000
      vertex  1.500000e+001 -3.000000e+001 -4.000000e+000
    endloop
  endfacet
  facet normal  0.000000e+000  0.000000e+000 -1.000000e+000
    outer loop
      vertex  1.500000e+001 -2.500000e+001 -4.000000e+000
      vertex  1.500000e+001  2.500000e+001 -4.000000e+000
      vertex  2.000000e+001  2.500000e+001 -4.000000e+000
    endloop
  endfacet
  facet normal  0.000000e+000  -0.000000e+000 -1.000000e+000
    outer loop
      vertex  1.500000e+001 -2.500000e+001 -4.000000e+000
      vertex  2.000000e+001  2.500000e+001 -4.000000e+000
      vertex  2.000000e+001 -2.500000e+001 -4.000000e+000
    endloop
  endfacet
  facet normal  -0.000000e+000  -0.000000e+000 -1.000000e+000
    outer loop
      vertex  1.500000e+001 -2.500000e+001 -4.000000e+000
      vertex  2.000000e+001 -2.500000e+001 -4.000000e+000
      vertex  4.900000e+001 -2.508579e+001 -4.000000e+000
    endloop
  endfacet
  facet normal  -0.000000e+000  0.000000e+000 -9.999999e-001
    outer loop
      vertex  1.500000e+001 -2.500000e+001 -4.000000e+000
      vertex  4.900000e+001 -2.508579e+001 -4.000000e+000
      vertex  4.876030e+001 -2.519507e+001 -4.000000e+000
    endloop
  endfacet
  facet normal  -0.000000e+000  0.000000e+000 -9.999999e-001
    outer loop
      vertex  1.500000e+001 -2.500000e+001 -4.000000e+000
      vertex  4.876030e+001 -2.519507e+001 -4.000000e+000
      vertex  4.854342e+001 -2.534460e+001 -4.000000e+000
    endloop
  endfacet
  facet normal  -0.000000e+000  0.000000e+000 -1.000000e+000
    outer loop
      vertex  1.500000e+001 -2.500000e+001 -4.000000e+000
      vertex  4.854342e+001 -2.534460e+001 -4.000000e+000
      vertex  4.835603e+001 -2.552977e+001 -4.000000e+000
    endloop
  endfacet
  facet normal  -0.000000e+000  0.000000e+000 -1.000000e+000
    outer loop
      vertex  1.500000e+001 -2.500000e+001 -4.000000e+000
      vertex  4.835603e+001 -2.552977e+001 -4.000000e+000
      vertex  4.820394e+001 -2.574487e+001 -4.000000e+000
    endloop
  endfacet
  facet normal  -0.000000e+000  0.000000e+000 -1.000000e+000
    outer loop
      vertex  1.500000e+001 -2.500000e+001 -4.000000e+000
      vertex  4.820394e+001 -2.574487e+001 -4.000000e+000
      vertex  4.809182e+001 -2.598326e+001 -4.000000e+000
    endloop
  endfacet
  facet normal  -0.000000e+000  0.000000e+000 -1.000000e+000
    outer loop
      vertex  1.500000e+001 -2.500000e+001 -4.000000e+000
      vertex  4.809182e+001 -2.598326e+001 -4.000000e+000
      vertex  4.802313e+001 -2.623758e+001 -4.000000e+000
    endloop
  endfacet
  facet normal  -0.000000e+000  0.000000e+000 -1.000000e+000
    outer loop
      vertex  1.500000e+001 -2.500000e+001 -4.000000e+000
      vertex  4.802313e+001 -2.623758e+001 -4.000000e+000
      vertex  4.800000e+001 -2.650000e+001 -4.000000e+000
    endloop
  endfacet
  facet normal  -0.000000e+000  -0.000000e+000 -1.000000e+000
    outer loop
      vertex  1.500000e+001 -2.500000e+001 -4.000000e+000
      vertex  4.800000e+001 -2.650000e+001 -4.000000e+000
      vertex  4.800000e+001 -2.850000e+001 -4.000000e+000
    endloop
  endfacet
  facet normal  -0.000000e+000  -0.000000e+000 -1.000000e+000
    outer loop
      vertex  1.500000e+001 -2.500000e+001 -4.000000e+000
      vertex  4.800000e+001 -2.850000e+001 -4.000000e+000
      vertex  4.802313e+001 -2.876242e+001 -4.000000e+000
    endloop
  endfacet
  facet normal  -0.000000e+000  0.000000e+000 -1.000000e+000
    outer loop
      vertex  1.500000e+001 -2.500000e+001 -4.000000e+000
      vertex  4.802313e+001 -2.876242e+001 -4.000000e+000
      vertex  1.500000e+001 -3.000000e+001 -4.000000e+000
    endloop
  endfacet
  facet normal  0.000000e+000  0.000000e+000 -1.000000e+000
    outer loop
      vertex -1.500000e+001 -2.500000e+001 -4.000000e+000
      vertex -4.800000e+001 -2.867157e+001 -4.000000e+000
      vertex -4.800000e+001 -2.632843e+001 -4.000000e+000
    endloop
  endfacet
  facet normal  0.000000e+000  0.000000e+000 -1.000000e+000
    outer loop
      vertex -1.500000e+001 -2.500000e+001 -4.000000e+000
      vertex -4.800000e+001 -2.632843e+001 -4.000000e+000
      vertex -4.802459e+001 -2.605796e+001 -4.000000e+000
    endloop
  endfacet
  facet normal  0.000000e+000  0.000000e+000 -1.000000e+000
    outer loop
      vertex -1.500000e+001 -2.500000e+001 -4.000000e+000
      vertex -4.802459e+001 -2.605796e+001 -4.000000e+000
      vertex -4.809754e+001 -2.579636e+001 -4.000000e+000
    endloop
  endfacet
  facet normal  0.000000e+000  0.000000e+000 -1.000000e+000
    outer loop
      vertex -1.500000e+001 -2.500000e+001 -4.000000e+000
      vertex -4.809754e+001 -2.579636e+001 -4.000000e+000
      vertex -4.821646e+001 -2.555220e+001 -4.000000e+000
    endloop
  endfacet
  facet normal  0.000000e+000  0.000000e+000 -1.000000e+000
    outer loop
      vertex -1.500000e+001 -2.500000e+001 -4.000000e+000
      vertex -4.821646e+001 -2.555220e+001 -4.000000e+000
      vertex -4.837746e+001 -2.533348e+001 -4.000000e+000
    endloop
  endfacet
  facet normal  0.000000e+000  0.000000e+000 -1.000000e+000
    outer loop
      vertex -1.500000e+001 -2.500000e+001 -4.000000e+000
      vertex -4.837746e+001 -2.533348e+001 -4.000000e+000
      vertex -4.857526e+001 -2.514738e+001 -4.000000e+000
    endloop
  endfacet
  facet normal  0.000000e+000  -0.000000e+000 -1.000000e+000
    outer loop
      vertex  1.500000e+001 -3.000000e+001 -4.000000e+000
      vertex  4.802313e+001 -2.876242e+001 -4.000000e+000
      vertex  4.809182e+001 -2.901674e+001 -4.000000e+000
    endloop
  endfacet
  facet normal  0.000000e+000  -0.000000e+000 -1.000000e+000
    outer loop
      vertex  1.500000e+001 -3.000000e+001 -4.000000e+000
      vertex  4.809182e+001 -2.901674e+001 -4.000000e+000
      vertex  4.820394e+001 -2.925513e+001 -4.000000e+000
    endloop
  endfacet
  facet normal  0.000000e+000  -0.000000e+000 -1.000000e+000
    outer loop
      vertex  1.500000e+001 -3.000000e+001 -4.000000e+000
      vertex  4.820394e+001 -2.925513e+001 -4.000000e+000
      vertex  4.835603e+001 -2.947023e+001 -4.000000e+000
    endloop
  endfacet
  facet normal  0.000000e+000  -0.000000e+000 -1.000000e+000
    outer loop
      vertex  1.500000e+001 -3.000000e+001 -4.000000e+000
      vertex  4.835603e+001 -2.947023e+001 -4.000000e+000
      vertex  4.854342e+001 -2.965540e+001 -4.000000e+000
    endloop
  endfacet
  facet normal  0.000000e+000  -0.000000e+000 -9.999999e-001
    outer loop
      vertex  1.500000e+001 -3.000000e+001 -4.000000e+000
      vertex  4.854342e+001 -2.965540e+001 -4.000000e+000
      vertex  4.876030e+001 -2.980493e+001 -4.000000e+000
    endloop
  endfacet
  facet normal  0.000000e+000  -0.000000e+000 -9.999999e-001
    outer loop
      vertex  1.500000e+001 -3.000000e+001 -4.000000e+000
      vertex  4.876030e+001 -2.980493e+001 -4.000000e+000
      vertex  4.900000e+001 -2.991421e+001 -4.000000e+000
    endloop
  endfacet
  facet normal  0.000000e+000  0.000000e+000 -1.000000e+000
    outer loop
      vertex  1.500000e+001 -3.000000e+001 -4.000000e+000
      vertex  4.900000e+001 -2.991421e+001 -4.000000e+000
      vertex  2.000000e+001 -3.000000e+001 -4.000000e+000
    endloop
  endfacet
  facet normal  0.000000e+000  0.000000e+000 -1.000000e+000
    outer loop
      vertex -1.500000e+001  2.500000e+001 -4.000000e+000
      vertex -4.857526e+001  2.514738e+001 -4.000000e+000
      vertex -4.837746e+001  2.533348e+001 -4.000000e+000
    endloop
  endfacet
  facet normal  0.000000e+000  0.000000e+000 -1.000000e+000
    outer loop
      vertex -1.500000e+001  2.500000e+001 -4.000000e+000
      vertex -4.837746e+001  2.533348e+001 -4.000000e+000
      vertex -4.821646e+001  2.555220e+001 -4.000000e+000
    endloop
  endfacet
  facet normal  0.000000e+000  0.000000e+000 -1.000000e+000
    outer loop
      vertex -1.500000e+001  2.500000e+001 -4.000000e+000
      vertex -4.821646e+001  2.555220e+001 -4.000000e+000
      vertex -4.809754e+001  2.579636e+001 -4.000000e+000
    endloop
  endfacet
  facet normal  0.000000e+000  0.000000e+000 -1.000000e+000
    outer loop
      vertex -1.500000e+001  2.500000e+001 -4.000000e+000
      vertex -4.809754e+001  2.579636e+001 -4.000000e+000
      vertex -4.802459e+001  2.605796e+001 -4.000000e+000
    endloop
  endfacet
  facet normal  0.000000e+000  0.000000e+000 -1.000000e+000
    outer loop
      vertex -1.500000e+001  2.500000e+001 -4.000000e+000
      vertex -4.802459e+001  2.605796e+001 -4.000000e+000
      vertex -4.800000e+001  2.632843e+001 -4.000000e+000
    endloop
  endfacet
  facet normal  0.000000e+000  0.000000e+000 -1.000000e+000
    outer loop
      vertex -1.500000e+001  2.500000e+001 -4.000000e+000
      vertex -4.800000e+001  2.632843e+001 -4.000000e+000
      vertex -4.800000e+001  2.850000e+001 -4.000000e+000
    endloop
  endfacet
  facet normal  0.000000e+000  0.000000e+000 -1.000000e+000
    outer loop
      vertex -1.500000e+001  2.500000e+001 -4.000000e+000
      vertex -4.800000e+001  2.850000e+001 -4.000000e+000
      vertex -2.000000e+001  3.000000e+001 -4.000000e+000
    endloop
  endfacet
  facet normal  0.000000e+000  0.000000e+000 -1.000000e+000
    outer loop
      vertex -1.500000e+001  2.500000e+001 -4.000000e+000
      vertex -2.000000e+001  3.000000e+001 -4.000000e+000
      vertex -1.500000e+001  3.000000e+001 -4.000000e+000
    endloop
  endfacet
  facet normal  0.000000e+000  0.000000e+000 -1.000000e+000
    outer loop
      vertex -2.000000e+001  3.000000e+001 -4.000000e+000
      vertex -4.800000e+001  2.850000e+001 -4.000000e+000
      vertex -4.802313e+001  2.876242e+001 -4.000000e+000
    endloop
  endfacet
  facet normal  0.000000e+000  0.000000e+000 -1.000000e+000
    outer loop
      vertex -2.000000e+001  3.000000e+001 -4.000000e+000
      vertex -4.802313e+001  2.876242e+001 -4.000000e+000
      vertex -4.809182e+001  2.901674e+001 -4.000000e+000
    endloop
  endfacet
  facet normal  0.000000e+000  0.000000e+000 -1.000000e+000
    outer loop
      vertex -2.000000e+001  3.000000e+001 -4.000000e+000
      vertex -4.809182e+001  2.901674e+001 -4.000000e+000
      vertex -4.820394e+001  2.925513e+001 -4.000000e+000
    endloop
  endfacet
  facet normal  0.000000e+000  0.000000e+000 -1.000000e+000
    outer loop
      vertex -2.000000e+001  3.000000e+001 -4.000000e+000
      vertex -4.820394e+001  2.925513e+001 -4.000000e+000
      vertex -4.835603e+001  2.947023e+001 -4.000000e+000
    endloop
  endfacet
  facet normal  0.000000e+000  0.000000e+000 -9.999999e-001
    outer loop
      vertex -2.000000e+001  3.000000e+001 -4.000000e+000
      vertex -4.835603e+001  2.947023e+001 -4.000000e+000
      vertex -4.854342e+001  2.965540e+001 -4.000000e+000
    endloop
  endfacet
  facet normal  0.000000e+000  0.000000e+000 -1.000000e+000
    outer loop
      vertex -2.000000e+001  3.000000e+001 -4.000000e+000
      vertex -4.854342e+001  2.965540e+001 -4.000000e+000
      vertex -4.876030e+001  2.980493e+001 -4.000000e+000
    endloop
  endfacet
  facet normal  0.000000e+000  0.000000e+000 -1.000000e+000
    outer loop
      vertex -2.000000e+001  3.000000e+001 -4.000000e+000
      vertex -4.876030e+001  2.980493e+001 -4.000000e+000
      vertex -4.900000e+001  2.991421e+001 -4.000000e+000
    endloop
  endfacet
  facet normal  0.000000e+000  0.000000e+000 -1.000000e+000
    outer loop
      vertex -2.000000e+001  3.000000e+001 -4.000000e+000
      vertex -4.900000e+001  2.991421e+001 -4.000000e+000
      vertex -4.919662e+001  3.000000e+001 -4.000000e+000
    endloop
  endfacet
  facet normal  0.000000e+000  0.000000e+000 -1.000000e+000
    outer loop
      vertex  1.500000e+001  3.000000e+001 -4.000000e+000
      vertex  1.500000e+001  7.729556e+001 -4.000000e+000
      vertex  1.501470e+001  7.720950e+001 -4.000000e+000
    endloop
  endfacet
  facet normal  0.000000e+000  -0.000000e+000 -9.999999e-001
    outer loop
      vertex  1.500000e+001  3.000000e+001 -4.000000e+000
      vertex  1.501470e+001  7.720950e+001 -4.000000e+000
      vertex  1.507566e+001  7.694864e+001 -4.000000e+000
    endloop
  endfacet
  facet normal  0.000000e+000  -0.000000e+000 -1.000000e+000
    outer loop
      vertex  1.500000e+001  3.000000e+001 -4.000000e+000
      vertex  1.507566e+001  7.694864e+001 -4.000000e+000
      vertex  1.518204e+001  7.670277e+001 -4.000000e+000
    endloop
  endfacet
  facet normal  0.000000e+000  -0.000000e+000 -1.000000e+000
    outer loop
      vertex  1.500000e+001  3.000000e+001 -4.000000e+000
      vertex  1.518204e+001  7.670277e+001 -4.000000e+000
      vertex  1.533047e+001  7.647975e+001 -4.000000e+000
    endloop
  endfacet
  facet normal  0.000000e+000  -0.000000e+000 -1.000000e+000
    outer loop
      vertex  1.500000e+001  3.000000e+001 -4.000000e+000
      vertex  1.533047e+001  7.647975e+001 -4.000000e+000
      vertex  1.551620e+001  7.628670e+001 -4.000000e+000
    endloop
  endfacet
  facet normal  0.000000e+000  -0.000000e+000 -1.000000e+000
    outer loop
      vertex  1.500000e+001  3.000000e+001 -4.000000e+000
      vertex  1.551620e+001  7.628670e+001 -4.000000e+000
      vertex  1.573330e+001  7.612975e+001 -4.000000e+000
    endloop
  endfacet
  facet normal  0.000000e+000  -0.000000e+000 -1.000000e+000
    outer loop
      vertex  1.500000e+001  3.000000e+001 -4.000000e+000
      vertex  1.573330e+001  7.612975e+001 -4.000000e+000
      vertex  1.597486e+001  7.601393e+001 -4.000000e+000
    endloop
  endfacet
  facet normal  0.000000e+000  -0.000000e+000 -1.000000e+000
    outer loop
      vertex  1.500000e+001  3.000000e+001 -4.000000e+000
      vertex  1.597486e+001  7.601393e+001 -4.000000e+000
      vertex  1.623318e+001  7.594293e+001 -4.000000e+000
    endloop
  endfacet
  facet normal  0.000000e+000  -0.000000e+000 -1.000000e+000
    outer loop
      vertex  1.500000e+001  3.000000e+001 -4.000000e+000
      vertex  1.623318e+001  7.594293e+001 -4.000000e+000
      vertex  1.650000e+001  7.591901e+001 -4.000000e+000
    endloop
  endfacet
  facet normal  0.000000e+000  -0.000000e+000 -1.000000e+000
    outer loop
      vertex  1.500000e+001  3.000000e+001 -4.000000e+000
      vertex  1.650000e+001  7.591901e+001 -4.000000e+000
      vertex  2.000000e+001  3.000000e+001 -4.000000e+000
    endloop
  endfacet
  facet normal  0.000000e+000  0.000000e+000 -1.000000e+000
    outer loop
      vertex  2.000000e+001  3.000000e+001 -4.000000e+000
      vertex  1.650000e+001  7.591901e+001 -4.000000e+000
      vertex  1.852941e+001  7.591901e+001 -4.000000e+000
    endloop
  endfacet
  facet normal  0.000000e+000  0.000000e+000 -1.000000e+000
    outer loop
      vertex  2.000000e+001  3.000000e+001 -4.000000e+000
      vertex  1.852941e+001  7.591901e+001 -4.000000e+000
      vertex  1.882162e+001  7.594775e+001 -4.000000e+000
    endloop
  endfacet
  facet normal  0.000000e+000  0.000000e+000 -1.000000e+000
    outer loop
      vertex  2.000000e+001  3.000000e+001 -4.000000e+000
      vertex  1.882162e+001  7.594775e+001 -4.000000e+000
      vertex  1.910265e+001  7.603286e+001 -4.000000e+000
    endloop
  endfacet
  facet normal  0.000000e+000  0.000000e+000 -1.000000e+000
    outer loop
      vertex  2.000000e+001  3.000000e+001 -4.000000e+000
      vertex  1.910265e+001  7.603286e+001 -4.000000e+000
      vertex  1.936170e+001  7.617110e+001 -4.000000e+000
    endloop
  endfacet
  facet normal  0.000000e+000  0.000000e+000 -1.000000e+000
    outer loop
      vertex  2.000000e+001  3.000000e+001 -4.000000e+000
      vertex  1.936170e+001  7.617110e+001 -4.000000e+000
      vertex  1.958886e+001  7.635715e+001 -4.000000e+000
    endloop
  endfacet
  facet normal  0.000000e+000  0.000000e+000 -1.000000e+000
    outer loop
      vertex  2.000000e+001  3.000000e+001 -4.000000e+000
      vertex  1.958886e+001  7.635715e+001 -4.000000e+000
      vertex  1.977543e+001  7.658389e+001 -4.000000e+000
    endloop
  endfacet
  facet normal  0.000000e+000  0.000000e+000 -1.000000e+000
    outer loop
      vertex  2.000000e+001  3.000000e+001 -4.000000e+000
      vertex  1.977543e+001  7.658389e+001 -4.000000e+000
      vertex  1.991425e+001  7.684263e+001 -4.000000e+000
    endloop
  endfacet
  facet normal  0.000000e+000  0.000000e+000 -1.000000e+000
    outer loop
      vertex  2.000000e+001  3.000000e+001 -4.000000e+000
      vertex  1.991425e+001  7.684263e+001 -4.000000e+000
      vertex  2.000000e+001  7.712345e+001 -4.000000e+000
    endloop
  endfacet
  facet normal  0.000000e+000  0.000000e+000 -1.000000e+000
    outer loop
      vertex -2.000000e+001  3.000000e+001 -4.000000e+000
      vertex -2.000000e+001  7.729556e+001 -4.000000e+000
      vertex -1.998530e+001  7.720950e+001 -4.000000e+000
    endloop
  endfacet
  facet normal  0.000000e+000  -0.000000e+000 -1.000000e+000
    outer loop
      vertex -2.000000e+001  3.000000e+001 -4.000000e+000
      vertex -1.998530e+001  7.720950e+001 -4.000000e+000
      vertex -1.992434e+001  7.694864e+001 -4.000000e+000
    endloop
  endfacet
  facet normal  0.000000e+000  -0.000000e+000 -1.000000e+000
    outer loop
      vertex -2.000000e+001  3.000000e+001 -4.000000e+000
      vertex -1.992434e+001  7.694864e+001 -4.000000e+000
      vertex -1.981796e+001  7.670277e+001 -4.000000e+000
    endloop
  endfacet
  facet normal  0.000000e+000  -0.000000e+000 -1.000000e+000
    outer loop
      vertex -2.000000e+001  3.000000e+001 -4.000000e+000
      vertex -1.981796e+001  7.670277e+001 -4.000000e+000
      vertex -1.966953e+001  7.647975e+001 -4.000000e+000
    endloop
  endfacet
  facet normal  0.000000e+000  -0.000000e+000 -1.000000e+000
    outer loop
      vertex -2.000000e+001  3.000000e+001 -4.000000e+000
      vertex -1.966953e+001  7.647975e+001 -4.000000e+000
      vertex -1.948380e+001  7.628670e+001 -4.000000e+000
    endloop
  endfacet
  facet normal  0.000000e+000  -0.000000e+000 -1.000000e+000
    outer loop
      vertex -2.000000e+001  3.000000e+001 -4.000000e+000
      vertex -1.948380e+001  7.628670e+001 -4.000000e+000
      vertex -1.926670e+001  7.612975e+001 -4.000000e+000
    endloop
  endfacet
  facet normal  0.000000e+000  -0.000000e+000 -9.999999e-001
    outer loop
      vertex -2.000000e+001  3.000000e+001 -4.000000e+000
      vertex -1.926670e+001  7.612975e+001 -4.000000e+000
      vertex -1.902514e+001  7.601393e+001 -4.000000e+000
    endloop
  endfacet
  facet normal  0.000000e+000  -0.000000e+000 -1.000000e+000
    outer loop
      vertex -2.000000e+001  3.000000e+001 -4.000000e+000
      vertex -1.902514e+001  7.601393e+001 -4.000000e+000
      vertex -1.876682e+001  7.594293e+001 -4.000000e+000
    endloop
  endfacet
  facet normal  0.000000e+000  -0.000000e+000 -1.000000e+000
    outer loop
      vertex -2.000000e+001  3.000000e+001 -4.000000e+000
      vertex -1.876682e+001  7.594293e+001 -4.000000e+000
      vertex -1.850000e+001  7.591901e+001 -4.000000e+000
    endloop
  endfacet
  facet normal  0.000000e+000  -0.000000e+000 -1.000000e+000
    outer loop
      vertex -2.000000e+001  3.000000e+001 -4.000000e+000
      vertex -1.850000e+001  7.591901e+001 -4.000000e+000
      vertex -1.650000e+001  7.591901e+001 -4.000000e+000
    endloop
  endfacet
  facet normal  0.000000e+000  -0.000000e+000 -1.000000e+000
    outer loop
      vertex -2.000000e+001  3.000000e+001 -4.000000e+000
      vertex -1.650000e+001  7.591901e+001 -4.000000e+000
      vertex -1.500000e+001  3.000000e+001 -4.000000e+000
    endloop
  endfacet
  facet normal  0.000000e+000  0.000000e+000 -1.000000e+000
    outer loop
      vertex -1.500000e+001  3.000000e+001 -4.000000e+000
      vertex -1.650000e+001  7.591901e+001 -4.000000e+000
      vertex -1.623318e+001  7.594293e+001 -4.000000e+000
    endloop
  endfacet
  facet normal  0.000000e+000  0.000000e+000 -1.000000e+000
    outer loop
      vertex -1.500000e+001  3.000000e+001 -4.000000e+000
      vertex -1.623318e+001  7.594293e+001 -4.000000e+000
      vertex -1.597486e+001  7.601393e+001 -4.000000e+000
    endloop
  endfacet
  facet normal  0.000000e+000  0.000000e+000 -1.000000e+000
    outer loop
      vertex -1.500000e+001  3.000000e+001 -4.000000e+000
      vertex -1.597486e+001  7.601393e+001 -4.000000e+000
      vertex -1.573330e+001  7.612975e+001 -4.000000e+000
    endloop
  endfacet
  facet normal  0.000000e+000  0.000000e+000 -1.000000e+000
    outer loop
      vertex -1.500000e+001  3.000000e+001 -4.000000e+000
      vertex -1.573330e+001  7.612975e+001 -4.000000e+000
      vertex -1.551620e+001  7.628670e+001 -4.000000e+000
    endloop
  endfacet
  facet normal  0.000000e+000  0.000000e+000 -1.000000e+000
    outer loop
      vertex -1.500000e+001  3.000000e+001 -4.000000e+000
      vertex -1.551620e+001  7.628670e+001 -4.000000e+000
      vertex -1.533047e+001  7.647975e+001 -4.000000e+000
    endloop
  endfacet
  facet normal  0.000000e+000  0.000000e+000 -9.999999e-001
    outer loop
      vertex -1.500000e+001  3.000000e+001 -4.000000e+000
      vertex -1.533047e+001  7.647975e+001 -4.000000e+000
      vertex -1.518204e+001  7.670277e+001 -4.000000e+000
    endloop
  endfacet
  facet normal  0.000000e+000  0.000000e+000 -1.000000e+000
    outer loop
      vertex -1.500000e+001  3.000000e+001 -4.000000e+000
      vertex -1.518204e+001  7.670277e+001 -4.000000e+000
      vertex -1.507566e+001  7.694864e+001 -4.000000e+000
    endloop
  endfacet
  facet normal  0.000000e+000  0.000000e+000 -9.999999e-001
    outer loop
      vertex -1.500000e+001  3.000000e+001 -4.000000e+000
      vertex -1.507566e+001  7.694864e+001 -4.000000e+000
      vertex -1.501470e+001  7.720950e+001 -4.000000e+000
    endloop
  endfacet
  facet normal  0.000000e+000  0.000000e+000 -1.000000e+000
    outer loop
      vertex -1.500000e+001  3.000000e+001 -4.000000e+000
      vertex -1.501470e+001  7.720950e+001 -4.000000e+000
      vertex -1.500000e+001  7.729556e+001 -4.000000e+000
    endloop
  endfacet
  facet normal  0.000000e+000  0.000000e+000 -1.000000e+000
    outer loop
      vertex -2.000000e+001 -3.000000e+001 -4.000000e+000
      vertex -4.880338e+001 -3.000000e+001 -4.000000e+000
      vertex -4.857526e+001 -2.985262e+001 -4.000000e+000
    endloop
  endfacet
  facet normal  0.000000e+000  0.000000e+000 -1.000000e+000
    outer loop
      vertex -2.000000e+001 -3.000000e+001 -4.000000e+000
      vertex -4.857526e+001 -2.985262e+001 -4.000000e+000
      vertex -1.500000e+001 -3.000000e+001 -4.000000e+000
    endloop
  endfacet
  facet normal  -0.000000e+000  0.000000e+000 -9.999999e-001
    outer loop
      vertex -2.000000e+001 -3.000000e+001 -4.000000e+000
      vertex -1.500000e+001 -3.000000e+001 -4.000000e+000
      vertex -1.501470e+001 -7.720950e+001 -4.000000e+000
    endloop
  endfacet
  facet normal  0.000000e+000  0.000000e+000 -1.000000e+000
    outer loop
      vertex -2.000000e+001 -3.000000e+001 -4.000000e+000
      vertex -1.501470e+001 -7.720950e+001 -4.000000e+000
      vertex -1.507566e+001 -7.694864e+001 -4.000000e+000
    endloop
  endfacet
  facet normal  0.000000e+000  0.000000e+000 -9.999999e-001
    outer loop
      vertex -2.000000e+001 -3.000000e+001 -4.000000e+000
      vertex -1.507566e+001 -7.694864e+001 -4.000000e+000
      vertex -1.518204e+001 -7.670277e+001 -4.000000e+000
    endloop
  endfacet
  facet normal  0.000000e+000  0.000000e+000 -1.000000e+000
    outer loop
      vertex -2.000000e+001 -3.000000e+001 -4.000000e+000
      vertex -1.518204e+001 -7.670277e+001 -4.000000e+000
      vertex -1.533047e+001 -7.647975e+001 -4.000000e+000
    endloop
  endfacet
  facet normal  0.000000e+000  0.000000e+000 -9.999999e-001
    outer loop
      vertex -2.000000e+001 -3.000000e+001 -4.000000e+000
      vertex -1.533047e+001 -7.647975e+001 -4.000000e+000
      vertex -1.551620e+001 -7.628670e+001 -4.000000e+000
    endloop
  endfacet
  facet normal  0.000000e+000  0.000000e+000 -1.000000e+000
    outer loop
      vertex -2.000000e+001 -3.000000e+001 -4.000000e+000
      vertex -1.551620e+001 -7.628670e+001 -4.000000e+000
      vertex -1.573330e+001 -7.612975e+001 -4.000000e+000
    endloop
  endfacet
  facet normal  0.000000e+000  0.000000e+000 -1.000000e+000
    outer loop
      vertex -2.000000e+001 -3.000000e+001 -4.000000e+000
      vertex -1.573330e+001 -7.612975e+001 -4.000000e+000
      vertex -1.597486e+001 -7.601393e+001 -4.000000e+000
    endloop
  endfacet
  facet normal  0.000000e+000  0.000000e+000 -1.000000e+000
    outer loop
      vertex -2.000000e+001 -3.000000e+001 -4.000000e+000
      vertex -1.597486e+001 -7.601393e+001 -4.000000e+000
      vertex -1.623318e+001 -7.594293e+001 -4.000000e+000
    endloop
  endfacet
  facet normal  0.000000e+000  0.000000e+000 -1.000000e+000
    outer loop
      vertex -2.000000e+001 -3.000000e+001 -4.000000e+000
      vertex -1.623318e+001 -7.594293e+001 -4.000000e+000
      vertex -1.650000e+001 -7.591901e+001 -4.000000e+000
    endloop
  endfacet
  facet normal  0.000000e+000  0.000000e+000 -1.000000e+000
    outer loop
      vertex -2.000000e+001 -3.000000e+001 -4.000000e+000
      vertex -1.650000e+001 -7.591901e+001 -4.000000e+000
      vertex -1.852941e+001 -7.591901e+001 -4.000000e+000
    endloop
  endfacet
  facet normal  -0.000000e+000  0.000000e+000 -1.000000e+000
    outer loop
      vertex -2.000000e+001 -3.000000e+001 -4.000000e+000
      vertex -1.852941e+001 -7.591901e+001 -4.000000e+000
      vertex -1.882162e+001 -7.594775e+001 -4.000000e+000
    endloop
  endfacet
  facet normal  -0.000000e+000  0.000000e+000 -1.000000e+000
    outer loop
      vertex -2.000000e+001 -3.000000e+001 -4.000000e+000
      vertex -1.882162e+001 -7.594775e+001 -4.000000e+000
      vertex -1.910265e+001 -7.603286e+001 -4.000000e+000
    endloop
  endfacet
  facet normal  -0.000000e+000  0.000000e+000 -1.000000e+000
    outer loop
      vertex -2.000000e+001 -3.000000e+001 -4.000000e+000
      vertex -1.910265e+001 -7.603286e+001 -4.000000e+000
      vertex -1.936170e+001 -7.617110e+001 -4.000000e+000
    endloop
  endfacet
  facet normal  -0.000000e+000  0.000000e+000 -1.000000e+000
    outer loop
      vertex -2.000000e+001 -3.000000e+001 -4.000000e+000
      vertex -1.936170e+001 -7.617110e+001 -4.000000e+000
      vertex -1.958886e+001 -7.635715e+001 -4.000000e+000
    endloop
  endfacet
  facet normal  -0.000000e+000  0.000000e+000 -1.000000e+000
    outer loop
      vertex -2.000000e+001 -3.000000e+001 -4.000000e+000
      vertex -1.958886e+001 -7.635715e+001 -4.000000e+000
      vertex -1.977543e+001 -7.658389e+001 -4.000000e+000
    endloop
  endfacet
  facet normal  -0.000000e+000  0.000000e+000 -1.000000e+000
    outer loop
      vertex -2.000000e+001 -3.000000e+001 -4.000000e+000
      vertex -1.977543e+001 -7.658389e+001 -4.000000e+000
      vertex -1.991425e+001 -7.684263e+001 -4.000000e+000
    endloop
  endfacet
  facet normal  -0.000000e+000  0.000000e+000 -1.000000e+000
    outer loop
      vertex -2.000000e+001 -3.000000e+001 -4.000000e+000
      vertex -1.991425e+001 -7.684263e+001 -4.000000e+000
      vertex -2.000000e+001 -7.712345e+001 -4.000000e+000
    endloop
  endfacet
  facet normal  0.000000e+000  0.000000e+000 -1.000000e+000
    outer loop
      vertex -1.500000e+001  2.500000e+001 -4.000000e+000
      vertex -1.500000e+001  3.000000e+001 -4.000000e+000
      vertex  1.500000e+001  2.500000e+001 -4.000000e+000
    endloop
  endfacet
  facet normal  0.000000e+000  0.000000e+000 -1.000000e+000
    outer loop
      vertex  1.500000e+001  2.500000e+001 -4.000000e+000
      vertex -1.500000e+001  3.000000e+001 -4.000000e+000
      vertex  1.500000e+001  3.000000e+001 -4.000000e+000
    endloop
  endfacet
  facet normal  0.000000e+000  0.000000e+000 -1.000000e+000
    outer loop
      vertex  1.500000e+001  2.500000e+001 -4.000000e+000
      vertex  1.500000e+001  3.000000e+001 -4.000000e+000
      vertex  4.900000e+001  2.508579e+001 -4.000000e+000
    endloop
  endfacet
  facet normal  0.000000e+000  0.000000e+000 -1.000000e+000
    outer loop
      vertex  4.900000e+001  2.508579e+001 -4.000000e+000
      vertex  1.500000e+001  3.000000e+001 -4.000000e+000
      vertex  2.000000e+001  3.000000e+001 -4.000000e+000
    endloop
  endfacet
  facet normal  1.000000e+000  0.000000e+000  0.000000e+000
    outer loop
      vertex  1.500000e+001 -2.500000e+001 -4.000000e+000
      vertex  1.500000e+001 -2.500000e+001 -5.000000e+000
      vertex  1.500000e+001  2.500000e+001 -4.000000e+000
    endloop
  endfacet
  facet normal  1.000000e+000  0.000000e+000  0.000000e+000
    outer loop
      vertex  1.500000e+001  2.500000e+001 -4.000000e+000
      vertex  1.500000e+001 -2.500000e+001 -5.000000e+000
      vertex  1.500000e+001  2.500000e+001 -5.000000e+000
    endloop
  endfacet
  facet normal  0.000000e+000 -1.000000e+000  0.000000e+000
    outer loop
      vertex -1.500000e+001 -2.500000e+001 -4.000000e+000
      vertex -1.500000e+001 -2.500000e+001 -5.000000e+000
      vertex  1.500000e+001 -2.500000e+001 -4.000000e+000
    endloop
  endfacet
  facet normal  0.000000e+000 -1.000000e+000  -0.000000e+000
    outer loop
      vertex  1.500000e+001 -2.500000e+001 -4.000000e+000
      vertex -1.500000e+001 -2.500000e+001 -5.000000e+000
      vertex  1.500000e+001 -2.500000e+001 -5.000000e+000
    endloop
  endfacet
  facet normal -1.000000e+000  -0.000000e+000  0.000000e+000
    outer loop
      vertex -1.500000e+001 -2.500000e+001 -4.000000e+000
      vertex -1.500000e+001  2.500000e+001 -4.000000e+000
      vertex -1.500000e+001 -2.500000e+001 -5.000000e+000
    endloop
  endfacet
  facet normal -1.000000e+000  0.000000e+000  0.000000e+000
    outer loop
      vertex -1.500000e+001 -2.500000e+001 -5.000000e+000
      vertex -1.500000e+001  2.500000e+001 -4.000000e+000
      vertex -1.500000e+001  2.500000e+001 -5.000000e+000
    endloop
  endfacet
  facet normal  0.000000e+000  1.000000e+000  0.000000e+000
    outer loop
      vertex -1.500000e+001  2.500000e+001 -4.000000e+000
      vertex  1.500000e+001  2.500000e+001 -4.000000e+000
      vertex -1.500000e+001  2.500000e+001 -5.000000e+000
    endloop
  endfacet
  facet normal  0.000000e+000  1.000000e+000  0.000000e+000
    outer loop
      vertex -1.500000e+001  2.500000e+001 -5.000000e+000
      vertex  1.500000e+001  2.500000e+001 -4.000000e+000
      vertex  1.500000e+001  2.500000e+001 -5.000000e+000
    endloop
  endfacet
  facet normal  0.000000e+000 -1.000000e+000  0.000000e+000
    outer loop
      vertex  1.500000e+001  3.000000e+001 -4.000000e+000
      vertex -1.500000e+001  3.000000e+001 -4.000000e+000
      vertex  1.500000e+001  3.000000e+001 -5.000000e+000
    endloop
  endfacet
  facet normal  0.000000e+000 -1.000000e+000  0.000000e+000
    outer loop
      vertex  1.500000e+001  3.000000e+001 -5.000000e+000
      vertex -1.500000e+001  3.000000e+001 -4.000000e+000
      vertex -1.500000e+001  3.000000e+001 -5.000000e+000
    endloop
  endfacet
  facet normal  1.000000e+000  -0.000000e+000  0.000000e+000
    outer loop
      vertex -2.000000e+001  2.500000e+001 -4.000000e+000
      vertex -2.000000e+001 -2.500000e+001 -4.000000e+000
      vertex -2.000000e+001  2.500000e+001 -5.000000e+000
    endloop
  endfacet
  facet normal  1.000000e+000  0.000000e+000  0.000000e+000
    outer loop
      vertex -2.000000e+001  2.500000e+001 -5.000000e+000
      vertex -2.000000e+001 -2.500000e+001 -4.000000e+000
      vertex -2.000000e+001 -2.500000e+001 -5.000000e+000
    endloop
  endfacet
  facet normal  0.000000e+000  1.000000e+000  -0.000000e+000
    outer loop
      vertex  1.500000e+001 -3.000000e+001 -4.000000e+000
      vertex  1.500000e+001 -3.000000e+001 -5.000000e+000
      vertex -1.500000e+001 -3.000000e+001 -4.000000e+000
    endloop
  endfacet
  facet normal  0.000000e+000  1.000000e+000  0.000000e+000
    outer loop
      vertex -1.500000e+001 -3.000000e+001 -4.000000e+000
      vertex  1.500000e+001 -3.000000e+001 -5.000000e+000
      vertex -1.500000e+001 -3.000000e+001 -5.000000e+000
    endloop
  endfacet
  facet normal -1.000000e+000  0.000000e+000  0.000000e+000
    outer loop
      vertex  2.000000e+001  2.500000e+001 -4.000000e+000
      vertex  2.000000e+001  2.500000e+001 -5.000000e+000
      vertex  2.000000e+001 -2.500000e+001 -4.000000e+000
    endloop
  endfacet
  facet normal -1.000000e+000  0.000000e+000  0.000000e+000
    outer loop
      vertex  2.000000e+001 -2.500000e+001 -4.000000e+000
      vertex  2.000000e+001  2.500000e+001 -5.000000e+000
      vertex  2.000000e+001 -2.500000e+001 -5.000000e+000
    endloop
  endfacet
  facet normal  8.931084e-002 -9.960038e-001  0.000000e+000
    outer loop
      vertex -2.150000e+001 -7.850000e+001  0.000000e+000
      vertex -2.150000e+001 -7.850000e+001 -5.000000e+000
      vertex -2.123318e+001 -7.847607e+001  0.000000e+000
    endloop
  endfacet
  facet normal  8.931084e-002 -9.960038e-001  0.000000e+000
    outer loop
      vertex -2.123318e+001 -7.847607e+001  0.000000e+000
      vertex -2.150000e+001 -7.850000e+001 -5.000000e+000
      vertex -2.123318e+001 -7.847607e+001 -5.000000e+000
    endloop
  endfacet
  facet normal  2.650290e-001 -9.642404e-001  0.000000e+000
    outer loop
      vertex -2.123318e+001 -7.847607e+001  0.000000e+000
      vertex -2.123318e+001 -7.847607e+001 -5.000000e+000
      vertex -2.097486e+001 -7.840508e+001  0.000000e+000
    endloop
  endfacet
  facet normal  2.650290e-001 -9.642404e-001  0.000000e+000
    outer loop
      vertex -2.097486e+001 -7.840508e+001  0.000000e+000
      vertex -2.123318e+001 -7.847607e+001 -5.000000e+000
      vertex -2.097486e+001 -7.840508e+001 -5.000000e+000
    endloop
  endfacet
  facet normal  4.323431e-001 -9.017092e-001  0.000000e+000
    outer loop
      vertex -2.097486e+001 -7.840508e+001  0.000000e+000
      vertex -2.097486e+001 -7.840508e+001 -5.000000e+000
      vertex -2.073330e+001 -7.828925e+001  0.000000e+000
    endloop
  endfacet
  facet normal  4.323431e-001 -9.017092e-001  0.000000e+000
    outer loop
      vertex -2.073330e+001 -7.828925e+001  0.000000e+000
      vertex -2.097486e+001 -7.840508e+001 -5.000000e+000
      vertex -2.073330e+001 -7.828925e+001 -5.000000e+000
    endloop
  endfacet
  facet normal  5.858443e-001 -8.104236e-001  0.000000e+000
    outer loop
      vertex -2.073330e+001 -7.828925e+001  0.000000e+000
      vertex -2.073330e+001 -7.828925e+001 -5.000000e+000
      vertex -2.051620e+001 -7.813231e+001  0.000000e+000
    endloop
  endfacet
  facet normal  5.858443e-001 -8.104236e-001  0.000000e+000
    outer loop
      vertex -2.051620e+001 -7.813231e+001  0.000000e+000
      vertex -2.073330e+001 -7.828925e+001 -5.000000e+000
      vertex -2.051620e+001 -7.813231e+001 -5.000000e+000
    endloop
  endfacet
  facet normal  7.206483e-001 -6.933008e-001  0.000000e+000
    outer loop
      vertex -2.051620e+001 -7.813231e+001  0.000000e+000
      vertex -2.051620e+001 -7.813231e+001 -5.000000e+000
      vertex -2.033047e+001 -7.793925e+001  0.000000e+000
    endloop
  endfacet
  facet normal  7.206483e-001 -6.933008e-001  0.000000e+000
    outer loop
      vertex -2.033047e+001 -7.793925e+001  0.000000e+000
      vertex -2.051620e+001 -7.813231e+001 -5.000000e+000
      vertex -2.033047e+001 -7.793925e+001 -5.000000e+000
    endloop
  endfacet
  facet normal  8.324936e-001 -5.540346e-001  0.000000e+000
    outer loop
      vertex -2.033047e+001 -7.793925e+001  0.000000e+000
      vertex -2.033047e+001 -7.793925e+001 -5.000000e+000
      vertex -2.018204e+001 -7.771623e+001  0.000000e+000
    endloop
  endfacet
  facet normal  8.324936e-001 -5.540346e-001  0.000000e+000
    outer loop
      vertex -2.018204e+001 -7.771623e+001  0.000000e+000
      vertex -2.033047e+001 -7.793925e+001 -5.000000e+000
      vertex -2.018204e+001 -7.771623e+001 -5.000000e+000
    endloop
  endfacet
  facet normal  9.177669e-001 -3.971195e-001  0.000000e+000
    outer loop
      vertex -2.018204e+001 -7.771623e+001  0.000000e+000
      vertex -2.018204e+001 -7.771623e+001 -5.000000e+000
      vertex -2.007566e+001 -7.747037e+001  0.000000e+000
    endloop
  endfacet
  facet normal  9.177669e-001 -3.971195e-001  0.000000e+000
    outer loop
      vertex -2.007566e+001 -7.747037e+001  0.000000e+000
      vertex -2.018204e+001 -7.771623e+001 -5.000000e+000
      vertex -2.007566e+001 -7.747037e+001 -5.000000e+000
    endloop
  endfacet
  facet normal  9.737695e-001 -2.275366e-001  0.000000e+000
    outer loop
      vertex -2.007566e+001 -7.747037e+001  0.000000e+000
      vertex -2.007566e+001 -7.747037e+001 -5.000000e+000
      vertex -2.001470e+001 -7.720950e+001  0.000000e+000
    endloop
  endfacet
  facet normal  9.737695e-001 -2.275366e-001  0.000000e+000
    outer loop
      vertex -2.001470e+001 -7.720950e+001  0.000000e+000
      vertex -2.007566e+001 -7.747037e+001 -5.000000e+000
      vertex -2.001470e+001 -7.720950e+001 -5.000000e+000
    endloop
  endfacet
  facet normal  0.000000e+000  -0.000000e+000  1.000000e+000
    outer loop
      vertex -5.000000e+001  3.132843e+001  0.000000e+000
      vertex -4.250000e+001  6.900000e+001  0.000000e+000
      vertex -4.246307e+001  6.946931e+001  0.000000e+000
    endloop
  endfacet
  facet normal  0.000000e+000  0.000000e+000  9.999999e-001
    outer loop
      vertex  1.350000e+001  6.700000e+001  0.000000e+000
      vertex  3.589018e+001  6.696157e+001  0.000000e+000
      vertex  3.550000e+001  6.700000e+001  0.000000e+000
    endloop
  endfacet
  facet normal  0.000000e+000  0.000000e+000  1.000000e+000
    outer loop
      vertex -4.900000e+001  2.991421e+001  0.000000e+000
      vertex -4.945658e+001  3.017303e+001  0.000000e+000
      vertex -4.923970e+001  3.002350e+001  0.000000e+000
    endloop
  endfacet
  facet normal  0.000000e+000  0.000000e+000  1.000000e+000
    outer loop
      vertex  4.250000e+001  6.900000e+001  0.000000e+000
      vertex  5.000000e+001  3.150000e+001  0.000000e+000
      vertex  4.246307e+001  6.946931e+001  0.000000e+000
    endloop
  endfacet
  facet normal  0.000000e+000  -0.000000e+000  1.000000e+000
    outer loop
      vertex  4.900000e+001  3.008579e+001  0.000000e+000
      vertex  4.923970e+001  3.019507e+001  0.000000e+000
      vertex  4.945658e+001  3.034460e+001  0.000000e+000
    endloop
  endfacet
  facet normal  0.000000e+000  -0.000000e+000  1.000000e+000
    outer loop
      vertex  4.900000e+001 -2.508579e+001  0.000000e+000
      vertex  4.923970e+001 -2.497650e+001  0.000000e+000
      vertex  4.945658e+001 -2.482697e+001  0.000000e+000
    endloop
  endfacet
  facet normal  0.000000e+000  0.000000e+000  1.000000e+000
    outer loop
      vertex  4.400000e+001 -2.500000e+000  0.000000e+000
      vertex  4.802313e+001 -2.876242e+001  0.000000e+000
      vertex  4.443412e+001 -2.462019e+000  0.000000e+000
    endloop
  endfacet
  facet normal  0.000000e+000  0.000000e+000  1.000000e+000
    outer loop
      vertex -2.001470e+001 -7.720950e+001  0.000000e+000
      vertex -2.018204e+001 -7.771623e+001  0.000000e+000
      vertex -2.007566e+001 -7.747037e+001  0.000000e+000
    endloop
  endfacet
  facet normal  0.000000e+000  0.000000e+000  1.000000e+000
    outer loop
      vertex  1.501470e+001 -7.720950e+001  0.000000e+000
      vertex  1.484736e+001 -7.771623e+001  0.000000e+000
      vertex  1.495375e+001 -7.747037e+001  0.000000e+000
    endloop
  endfacet
  facet normal  0.000000e+000  0.000000e+000  1.000000e+000
    outer loop
      vertex -4.208489e+001 -1.606969e+000  0.000000e+000
      vertex -4.233147e+001 -3.744443e+001  0.000000e+000
      vertex -4.220711e+001 -3.729289e+001  0.000000e+000
    endloop
  endfacet
  facet normal  0.000000e+000  0.000000e+000  1.000000e+000
    outer loop
      vertex  4.233147e+001 -3.744443e+001  0.000000e+000
      vertex  4.242388e+001 -3.761732e+001  0.000000e+000
      vertex  4.239303e+001 -1.915111e+000  0.000000e+000
    endloop
  endfacet
  facet normal  0.000000e+000  0.000000e+000  1.000000e+000
    outer loop
      vertex -4.233147e+001  3.744443e+001  0.000000e+000
      vertex -4.208489e+001  1.606969e+000  0.000000e+000
      vertex -4.220711e+001  3.729289e+001  0.000000e+000
    endloop
  endfacet
  facet normal  0.000000e+000  -0.000000e+000  1.000000e+000
    outer loop
      vertex  4.233147e+001  3.744443e+001  0.000000e+000
      vertex  4.239303e+001  1.915111e+000  0.000000e+000
      vertex  4.242388e+001  3.761732e+001  0.000000e+000
    endloop
  endfacet
  facet normal  0.000000e+000  0.000000e+000  1.000000e+000
    outer loop
      vertex -1.998530e+001  7.720950e+001  0.000000e+000
      vertex -2.004625e+001  7.747037e+001  0.000000e+000
      vertex -2.015264e+001  7.771623e+001  0.000000e+000
    endloop
  endfacet
  facet normal  0.000000e+000  0.000000e+000  1.000000e+000
    outer loop
      vertex  1.501470e+001  7.720950e+001  0.000000e+000
      vertex  1.495375e+001  7.747037e+001  0.000000e+000
      vertex  1.484736e+001  7.771623e+001  0.000000e+000
    endloop
  endfacet
  facet normal  0.000000e+000  0.000000e+000  1.000000e+000
    outer loop
      vertex -4.150000e+001 -3.700000e+001  0.000000e+000
      vertex -3.850000e+001 -3.700000e+001  0.000000e+000
      vertex -4.150000e+001 -4.592425e-016  0.000000e+000
    endloop
  endfacet
  facet normal  0.000000e+000  0.000000e+000  9.999999e-001
    outer loop
      vertex -4.150000e+001 -3.700000e+001  0.000000e+000
      vertex -4.150000e+001 -4.592425e-016  0.000000e+000
      vertex -4.153798e+001 -4.341204e-001  0.000000e+000
    endloop
  endfacet
  facet normal  0.000000e+000  0.000000e+000  1.000000e+000
    outer loop
      vertex -4.150000e+001 -3.700000e+001  0.000000e+000
      vertex -4.153798e+001 -4.341204e-001  0.000000e+000
      vertex -4.165077e+001 -8.550504e-001  0.000000e+000
    endloop
  endfacet
  facet normal  0.000000e+000  0.000000e+000  1.000000e+000
    outer loop
      vertex -4.150000e+001 -3.700000e+001  0.000000e+000
      vertex -4.165077e+001 -8.550504e-001  0.000000e+000
      vertex -4.169509e+001 -3.701921e+001  0.000000e+000
    endloop
  endfacet
  facet normal  -0.000000e+000  0.000000e+000  1.000000e+000
    outer loop
      vertex -1.350000e+001 -7.200000e+001  0.000000e+000
      vertex -3.950000e+001 -7.200000e+001  0.000000e+000
      vertex -1.852941e+001 -7.591901e+001  0.000000e+000
    endloop
  endfacet
  facet normal  0.000000e+000  0.000000e+000  1.000000e+000
    outer loop
      vertex -1.350000e+001 -7.200000e+001  0.000000e+000
      vertex -1.852941e+001 -7.591901e+001  0.000000e+000
      vertex -1.650000e+001 -7.591901e+001  0.000000e+000
    endloop
  endfacet
  facet normal  -0.000000e+000  0.000000e+000  1.000000e+000
    outer loop
      vertex -1.350000e+001 -7.200000e+001  0.000000e+000
      vertex -1.650000e+001 -7.591901e+001  0.000000e+000
      vertex -1.623318e+001 -7.594293e+001  0.000000e+000
    endloop
  endfacet
  facet normal  -0.000000e+000  0.000000e+000  1.000000e+000
    outer loop
      vertex -1.350000e+001 -7.200000e+001  0.000000e+000
      vertex -1.623318e+001 -7.594293e+001  0.000000e+000
      vertex -1.597486e+001 -7.601393e+001  0.000000e+000
    endloop
  endfacet
  facet normal  -0.000000e+000  0.000000e+000  1.000000e+000
    outer loop
      vertex -1.350000e+001 -7.200000e+001  0.000000e+000
      vertex -1.597486e+001 -7.601393e+001  0.000000e+000
      vertex -1.573330e+001 -7.612975e+001  0.000000e+000
    endloop
  endfacet
  facet normal  -0.000000e+000  0.000000e+000  1.000000e+000
    outer loop
      vertex -1.350000e+001 -7.200000e+001  0.000000e+000
      vertex -1.573330e+001 -7.612975e+001  0.000000e+000
      vertex -1.551620e+001 -7.628670e+001  0.000000e+000
    endloop
  endfacet
  facet normal  -0.000000e+000  0.000000e+000  1.000000e+000
    outer loop
      vertex -1.350000e+001 -7.200000e+001  0.000000e+000
      vertex -1.551620e+001 -7.628670e+001  0.000000e+000
      vertex -1.533047e+001 -7.647975e+001  0.000000e+000
    endloop
  endfacet
  facet normal  -0.000000e+000  0.000000e+000  1.000000e+000
    outer loop
      vertex -1.350000e+001 -7.200000e+001  0.000000e+000
      vertex -1.533047e+001 -7.647975e+001  0.000000e+000
      vertex -1.518204e+001 -7.670277e+001  0.000000e+000
    endloop
  endfacet
  facet normal  -0.000000e+000  0.000000e+000  9.999999e-001
    outer loop
      vertex -1.350000e+001 -7.200000e+001  0.000000e+000
      vertex -1.518204e+001 -7.670277e+001  0.000000e+000
      vertex -1.507566e+001 -7.694864e+001  0.000000e+000
    endloop
  endfacet
  facet normal  -0.000000e+000  0.000000e+000  1.000000e+000
    outer loop
      vertex -1.350000e+001 -7.200000e+001  0.000000e+000
      vertex -1.507566e+001 -7.694864e+001  0.000000e+000
      vertex -1.501470e+001 -7.720950e+001  0.000000e+000
    endloop
  endfacet
  facet normal  -0.000000e+000  0.000000e+000  1.000000e+000
    outer loop
      vertex -1.350000e+001 -7.200000e+001  0.000000e+000
      vertex -1.501470e+001 -7.720950e+001  0.000000e+000
      vertex -1.495375e+001 -7.747037e+001  0.000000e+000
    endloop
  endfacet
  facet normal  -0.000000e+000  0.000000e+000  1.000000e+000
    outer loop
      vertex -1.350000e+001 -7.200000e+001  0.000000e+000
      vertex -1.495375e+001 -7.747037e+001  0.000000e+000
      vertex -1.484736e+001 -7.771623e+001  0.000000e+000
    endloop
  endfacet
  facet normal  -0.000000e+000  0.000000e+000  1.000000e+000
    outer loop
      vertex -1.350000e+001 -7.200000e+001  0.000000e+000
      vertex -1.484736e+001 -7.771623e+001  0.000000e+000
      vertex -1.469894e+001 -7.793925e+001  0.000000e+000
    endloop
  endfacet
  facet normal  -0.000000e+000  0.000000e+000  1.000000e+000
    outer loop
      vertex -1.350000e+001 -7.200000e+001  0.000000e+000
      vertex -1.469894e+001 -7.793925e+001  0.000000e+000
      vertex -1.451321e+001 -7.813231e+001  0.000000e+000
    endloop
  endfacet
  facet normal  -0.000000e+000  0.000000e+000  1.000000e+000
    outer loop
      vertex -1.350000e+001 -7.200000e+001  0.000000e+000
      vertex -1.451321e+001 -7.813231e+001  0.000000e+000
      vertex -1.429610e+001 -7.828925e+001  0.000000e+000
    endloop
  endfacet
  facet normal  -0.000000e+000  0.000000e+000  1.000000e+000
    outer loop
      vertex -1.350000e+001 -7.200000e+001  0.000000e+000
      vertex -1.429610e+001 -7.828925e+001  0.000000e+000
      vertex -1.405454e+001 -7.840508e+001  0.000000e+000
    endloop
  endfacet
  facet normal  -0.000000e+000  0.000000e+000  9.999999e-001
    outer loop
      vertex -1.350000e+001 -7.200000e+001  0.000000e+000
      vertex -1.405454e+001 -7.840508e+001  0.000000e+000
      vertex -1.379623e+001 -7.847607e+001  0.000000e+000
    endloop
  endfacet
  facet normal  -0.000000e+000  0.000000e+000  1.000000e+000
    outer loop
      vertex -1.350000e+001 -7.200000e+001  0.000000e+000
      vertex -1.379623e+001 -7.847607e+001  0.000000e+000
      vertex -1.352941e+001 -7.850000e+001  0.000000e+000
    endloop
  endfacet
  facet normal  0.000000e+000  0.000000e+000  9.999999e-001
    outer loop
      vertex -1.350000e+001 -7.200000e+001  0.000000e+000
      vertex -1.352941e+001 -7.850000e+001  0.000000e+000
      vertex  1.352941e+001 -7.850000e+001  0.000000e+000
    endloop
  endfacet
  facet normal  0.000000e+000  0.000000e+000  1.000000e+000
    outer loop
      vertex -1.350000e+001 -7.200000e+001  0.000000e+000
      vertex  1.352941e+001 -7.850000e+001  0.000000e+000
      vertex -4.341204e-001 -7.446202e+001  0.000000e+000
    endloop
  endfacet
  facet normal  0.000000e+000  0.000000e+000  1.000000e+000
    outer loop
      vertex -1.350000e+001 -7.200000e+001  0.000000e+000
      vertex -4.341204e-001 -7.446202e+001  0.000000e+000
      vertex -8.550504e-001 -7.434923e+001  0.000000e+000
    endloop
  endfacet
  facet normal  0.000000e+000  0.000000e+000  1.000000e+000
    outer loop
      vertex -1.350000e+001 -7.200000e+001  0.000000e+000
      vertex -8.550504e-001 -7.434923e+001  0.000000e+000
      vertex -1.250000e+000 -7.416506e+001  0.000000e+000
    endloop
  endfacet
  facet normal  0.000000e+000  0.000000e+000  1.000000e+000
    outer loop
      vertex -1.350000e+001 -7.200000e+001  0.000000e+000
      vertex -1.250000e+000 -7.416506e+001  0.000000e+000
      vertex -1.606969e+000 -7.391511e+001  0.000000e+000
    endloop
  endfacet
  facet normal  0.000000e+000  0.000000e+000  1.000000e+000
    outer loop
      vertex -1.350000e+001 -7.200000e+001  0.000000e+000
      vertex -1.606969e+000 -7.391511e+001  0.000000e+000
      vertex -1.915111e+000 -7.360697e+001  0.000000e+000
    endloop
  endfacet
  facet normal  0.000000e+000  0.000000e+000  1.000000e+000
    outer loop
      vertex -1.350000e+001 -7.200000e+001  0.000000e+000
      vertex -1.915111e+000 -7.360697e+001  0.000000e+000
      vertex -2.165064e+000 -7.325000e+001  0.000000e+000
    endloop
  endfacet
  facet normal  0.000000e+000  0.000000e+000  1.000000e+000
    outer loop
      vertex -1.350000e+001 -7.200000e+001  0.000000e+000
      vertex -2.165064e+000 -7.325000e+001  0.000000e+000
      vertex -2.349231e+000 -7.285505e+001  0.000000e+000
    endloop
  endfacet
  facet normal  0.000000e+000  0.000000e+000  1.000000e+000
    outer loop
      vertex -1.350000e+001 -7.200000e+001  0.000000e+000
      vertex -2.349231e+000 -7.285505e+001  0.000000e+000
      vertex -2.462019e+000 -7.243412e+001  0.000000e+000
    endloop
  endfacet
  facet normal  0.000000e+000  0.000000e+000  1.000000e+000
    outer loop
      vertex -1.350000e+001 -7.200000e+001  0.000000e+000
      vertex -2.462019e+000 -7.243412e+001  0.000000e+000
      vertex -2.500000e+000 -7.200000e+001  0.000000e+000
    endloop
  endfacet
  facet normal  0.000000e+000  -0.000000e+000  1.000000e+000
    outer loop
      vertex -1.250000e+001 -6.800000e+001  0.000000e+000
      vertex -2.500000e+000 -7.200000e+001  0.000000e+000
      vertex -2.462019e+000 -7.156588e+001  0.000000e+000
    endloop
  endfacet
  facet normal  0.000000e+000  -0.000000e+000  1.000000e+000
    outer loop
      vertex -1.250000e+001 -6.800000e+001  0.000000e+000
      vertex -2.462019e+000 -7.156588e+001  0.000000e+000
      vertex -2.349231e+000 -7.114495e+001  0.000000e+000
    endloop
  endfacet
  facet normal  0.000000e+000  -0.000000e+000  1.000000e+000
    outer loop
      vertex -1.250000e+001 -6.800000e+001  0.000000e+000
      vertex -2.349231e+000 -7.114495e+001  0.000000e+000
      vertex -2.165064e+000 -7.075000e+001  0.000000e+000
    endloop
  endfacet
  facet normal  0.000000e+000  -0.000000e+000  1.000000e+000
    outer loop
      vertex -1.250000e+001 -6.800000e+001  0.000000e+000
      vertex -2.165064e+000 -7.075000e+001  0.000000e+000
      vertex -1.915111e+000 -7.039303e+001  0.000000e+000
    endloop
  endfacet
  facet normal  0.000000e+000  -0.000000e+000  1.000000e+000
    outer loop
      vertex -1.250000e+001 -6.800000e+001  0.000000e+000
      vertex -1.915111e+000 -7.039303e+001  0.000000e+000
      vertex -1.606969e+000 -7.008489e+001  0.000000e+000
    endloop
  endfacet
  facet normal  0.000000e+000  -0.000000e+000  1.000000e+000
    outer loop
      vertex -1.250000e+001 -6.800000e+001  0.000000e+000
      vertex -1.606969e+000 -7.008489e+001  0.000000e+000
      vertex -1.250000e+000 -6.983494e+001  0.000000e+000
    endloop
  endfacet
  facet normal  0.000000e+000  -0.000000e+000  1.000000e+000
    outer loop
      vertex -1.250000e+001 -6.800000e+001  0.000000e+000
      vertex -1.250000e+000 -6.983494e+001  0.000000e+000
      vertex -8.550504e-001 -6.965077e+001  0.000000e+000
    endloop
  endfacet
  facet normal  0.000000e+000  -0.000000e+000  1.000000e+000
    outer loop
      vertex -1.250000e+001 -6.800000e+001  0.000000e+000
      vertex -8.550504e-001 -6.965077e+001  0.000000e+000
      vertex -4.341204e-001 -6.953798e+001  0.000000e+000
    endloop
  endfacet
  facet normal  0.000000e+000  -0.000000e+000  1.000000e+000
    outer loop
      vertex -1.250000e+001 -6.800000e+001  0.000000e+000
      vertex -4.341204e-001 -6.953798e+001  0.000000e+000
      vertex  6.123234e-016 -6.950000e+001  0.000000e+000
    endloop
  endfacet
  facet normal  0.000000e+000  0.000000e+000  1.000000e+000
    outer loop
      vertex -1.250000e+001  6.800000e+001  0.000000e+000
      vertex -3.061617e-016  6.950000e+001  0.000000e+000
      vertex -4.341204e-001  6.953798e+001  0.000000e+000
    endloop
  endfacet
  facet normal  0.000000e+000  0.000000e+000  1.000000e+000
    outer loop
      vertex -1.250000e+001  6.800000e+001  0.000000e+000
      vertex -4.341204e-001  6.953798e+001  0.000000e+000
      vertex -8.550504e-001  6.965077e+001  0.000000e+000
    endloop
  endfacet
  facet normal  0.000000e+000  0.000000e+000  1.000000e+000
    outer loop
      vertex -1.250000e+001  6.800000e+001  0.000000e+000
      vertex -8.550504e-001  6.965077e+001  0.000000e+000
      vertex -1.250000e+000  6.983494e+001  0.000000e+000
    endloop
  endfacet
  facet normal  0.000000e+000  0.000000e+000  1.000000e+000
    outer loop
      vertex -1.250000e+001  6.800000e+001  0.000000e+000
      vertex -1.250000e+000  6.983494e+001  0.000000e+000
      vertex -1.606969e+000  7.008489e+001  0.000000e+000
    endloop
  endfacet
  facet normal  0.000000e+000  0.000000e+000  1.000000e+000
    outer loop
      vertex -1.250000e+001  6.800000e+001  0.000000e+000
      vertex -1.606969e+000  7.008489e+001  0.000000e+000
      vertex -1.915111e+000  7.039303e+001  0.000000e+000
    endloop
  endfacet
  facet normal  0.000000e+000  0.000000e+000  1.000000e+000
    outer loop
      vertex -1.250000e+001  6.800000e+001  0.000000e+000
      vertex -1.915111e+000  7.039303e+001  0.000000e+000
      vertex -2.165064e+000  7.075000e+001  0.000000e+000
    endloop
  endfacet
  facet normal  0.000000e+000  0.000000e+000  1.000000e+000
    outer loop
      vertex -1.250000e+001  6.800000e+001  0.000000e+000
      vertex -2.165064e+000  7.075000e+001  0.000000e+000
      vertex -2.349231e+000  7.114495e+001  0.000000e+000
    endloop
  endfacet
  facet normal  0.000000e+000  0.000000e+000  1.000000e+000
    outer loop
      vertex -1.250000e+001  6.800000e+001  0.000000e+000
      vertex -2.349231e+000  7.114495e+001  0.000000e+000
      vertex -2.462019e+000  7.156588e+001  0.000000e+000
    endloop
  endfacet
  facet normal  0.000000e+000  0.000000e+000  1.000000e+000
    outer loop
      vertex -1.250000e+001  6.800000e+001  0.000000e+000
      vertex -2.462019e+000  7.156588e+001  0.000000e+000
      vertex -2.500000e+000  7.200000e+001  0.000000e+000
    endloop
  endfacet
  facet normal  0.000000e+000  -0.000000e+000  1.000000e+000
    outer loop
      vertex -1.350000e+001  7.200000e+001  0.000000e+000
      vertex -1.330491e+001  7.198078e+001  0.000000e+000
      vertex -2.500000e+000  7.200000e+001  0.000000e+000
    endloop
  endfacet
  facet normal  0.000000e+000  -0.000000e+000  1.000000e+000
    outer loop
      vertex -1.350000e+001  7.200000e+001  0.000000e+000
      vertex -2.500000e+000  7.200000e+001  0.000000e+000
      vertex -2.462019e+000  7.243412e+001  0.000000e+000
    endloop
  endfacet
  facet normal  0.000000e+000  -0.000000e+000  1.000000e+000
    outer loop
      vertex -1.350000e+001  7.200000e+001  0.000000e+000
      vertex -2.462019e+000  7.243412e+001  0.000000e+000
      vertex -2.349231e+000  7.285505e+001  0.000000e+000
    endloop
  endfacet
  facet normal  0.000000e+000  -0.000000e+000  1.000000e+000
    outer loop
      vertex -1.350000e+001  7.200000e+001  0.000000e+000
      vertex -2.349231e+000  7.285505e+001  0.000000e+000
      vertex -2.165064e+000  7.325000e+001  0.000000e+000
    endloop
  endfacet
  facet normal  0.000000e+000  -0.000000e+000  1.000000e+000
    outer loop
      vertex -1.350000e+001  7.200000e+001  0.000000e+000
      vertex -2.165064e+000  7.325000e+001  0.000000e+000
      vertex -1.915111e+000  7.360697e+001  0.000000e+000
    endloop
  endfacet
  facet normal  0.000000e+000  -0.000000e+000  1.000000e+000
    outer loop
      vertex -1.350000e+001  7.200000e+001  0.000000e+000
      vertex -1.915111e+000  7.360697e+001  0.000000e+000
      vertex -1.606969e+000  7.391511e+001  0.000000e+000
    endloop
  endfacet
  facet normal  0.000000e+000  -0.000000e+000  1.000000e+000
    outer loop
      vertex -1.350000e+001  7.200000e+001  0.000000e+000
      vertex -1.606969e+000  7.391511e+001  0.000000e+000
      vertex -1.250000e+000  7.416506e+001  0.000000e+000
    endloop
  endfacet
  facet normal  0.000000e+000  -0.000000e+000  1.000000e+000
    outer loop
      vertex -1.350000e+001  7.200000e+001  0.000000e+000
      vertex -1.250000e+000  7.416506e+001  0.000000e+000
      vertex -8.550504e-001  7.434923e+001  0.000000e+000
    endloop
  endfacet
  facet normal  0.000000e+000  -0.000000e+000  1.000000e+000
    outer loop
      vertex -1.350000e+001  7.200000e+001  0.000000e+000
      vertex -8.550504e-001  7.434923e+001  0.000000e+000
      vertex -4.341204e-001  7.446202e+001  0.000000e+000
    endloop
  endfacet
  facet normal  0.000000e+000  -0.000000e+000  1.000000e+000
    outer loop
      vertex -1.350000e+001  7.200000e+001  0.000000e+000
      vertex -4.341204e-001  7.446202e+001  0.000000e+000
      vertex  1.352941e+001  7.850000e+001  0.000000e+000
    endloop
  endfacet
  facet normal  0.000000e+000  0.000000e+000  9.999999e-001
    outer loop
      vertex -1.350000e+001  7.200000e+001  0.000000e+000
      vertex  1.352941e+001  7.850000e+001  0.000000e+000
      vertex -1.352941e+001  7.850000e+001  0.000000e+000
    endloop
  endfacet
  facet normal  0.000000e+000  0.000000e+000  1.000000e+000
    outer loop
      vertex -1.350000e+001  7.200000e+001  0.000000e+000
      vertex -1.352941e+001  7.850000e+001  0.000000e+000
      vertex -1.379623e+001  7.847607e+001  0.000000e+000
    endloop
  endfacet
  facet normal  0.000000e+000  0.000000e+000  9.999999e-001
    outer loop
      vertex -1.350000e+001  7.200000e+001  0.000000e+000
      vertex -1.379623e+001  7.847607e+001  0.000000e+000
      vertex -1.405454e+001  7.840508e+001  0.000000e+000
    endloop
  endfacet
  facet normal  0.000000e+000  0.000000e+000  1.000000e+000
    outer loop
      vertex -1.350000e+001  7.200000e+001  0.000000e+000
      vertex -1.405454e+001  7.840508e+001  0.000000e+000
      vertex -1.429610e+001  7.828925e+001  0.000000e+000
    endloop
  endfacet
  facet normal  0.000000e+000  0.000000e+000  1.000000e+000
    outer loop
      vertex -1.350000e+001  7.200000e+001  0.000000e+000
      vertex -1.429610e+001  7.828925e+001  0.000000e+000
      vertex -1.451321e+001  7.813231e+001  0.000000e+000
    endloop
  endfacet
  facet normal  0.000000e+000  0.000000e+000  1.000000e+000
    outer loop
      vertex -1.350000e+001  7.200000e+001  0.000000e+000
      vertex -1.451321e+001  7.813231e+001  0.000000e+000
      vertex -1.469894e+001  7.793925e+001  0.000000e+000
    endloop
  endfacet
  facet normal  0.000000e+000  0.000000e+000  1.000000e+000
    outer loop
      vertex -1.350000e+001  7.200000e+001  0.000000e+000
      vertex -1.469894e+001  7.793925e+001  0.000000e+000
      vertex -1.484736e+001  7.771623e+001  0.000000e+000
    endloop
  endfacet
  facet normal  0.000000e+000  0.000000e+000  1.000000e+000
    outer loop
      vertex -1.350000e+001  7.200000e+001  0.000000e+000
      vertex -1.484736e+001  7.771623e+001  0.000000e+000
      vertex -1.495375e+001  7.747037e+001  0.000000e+000
    endloop
  endfacet
  facet normal  0.000000e+000  0.000000e+000  1.000000e+000
    outer loop
      vertex -1.350000e+001  7.200000e+001  0.000000e+000
      vertex -1.495375e+001  7.747037e+001  0.000000e+000
      vertex -1.501470e+001  7.720950e+001  0.000000e+000
    endloop
  endfacet
  facet normal  0.000000e+000  0.000000e+000  1.000000e+000
    outer loop
      vertex -1.350000e+001  7.200000e+001  0.000000e+000
      vertex -1.501470e+001  7.720950e+001  0.000000e+000
      vertex -1.507566e+001  7.694864e+001  0.000000e+000
    endloop
  endfacet
  facet normal  0.000000e+000  0.000000e+000  9.999999e-001
    outer loop
      vertex -1.350000e+001  7.200000e+001  0.000000e+000
      vertex -1.507566e+001  7.694864e+001  0.000000e+000
      vertex -1.518204e+001  7.670277e+001  0.000000e+000
    endloop
  endfacet
  facet normal  0.000000e+000  0.000000e+000  1.000000e+000
    outer loop
      vertex -1.350000e+001  7.200000e+001  0.000000e+000
      vertex -1.518204e+001  7.670277e+001  0.000000e+000
      vertex -1.533047e+001  7.647975e+001  0.000000e+000
    endloop
  endfacet
  facet normal  0.000000e+000  0.000000e+000  1.000000e+000
    outer loop
      vertex -1.350000e+001  7.200000e+001  0.000000e+000
      vertex -1.533047e+001  7.647975e+001  0.000000e+000
      vertex -1.551620e+001  7.628670e+001  0.000000e+000
    endloop
  endfacet
  facet normal  0.000000e+000  0.000000e+000  1.000000e+000
    outer loop
      vertex -1.350000e+001  7.200000e+001  0.000000e+000
      vertex -1.551620e+001  7.628670e+001  0.000000e+000
      vertex -1.573330e+001  7.612975e+001  0.000000e+000
    endloop
  endfacet
  facet normal  0.000000e+000  0.000000e+000  1.000000e+000
    outer loop
      vertex -1.350000e+001  7.200000e+001  0.000000e+000
      vertex -1.573330e+001  7.612975e+001  0.000000e+000
      vertex -1.597486e+001  7.601393e+001  0.000000e+000
    endloop
  endfacet
  facet normal  0.000000e+000  0.000000e+000  1.000000e+000
    outer loop
      vertex -1.350000e+001  7.200000e+001  0.000000e+000
      vertex -1.597486e+001  7.601393e+001  0.000000e+000
      vertex -1.623318e+001  7.594293e+001  0.000000e+000
    endloop
  endfacet
  facet normal  0.000000e+000  0.000000e+000  1.000000e+000
    outer loop
      vertex -1.350000e+001  7.200000e+001  0.000000e+000
      vertex -1.623318e+001  7.594293e+001  0.000000e+000
      vertex -1.650000e+001  7.591901e+001  0.000000e+000
    endloop
  endfacet
  facet normal  0.000000e+000  0.000000e+000  9.999999e-001
    outer loop
      vertex -1.350000e+001  7.200000e+001  0.000000e+000
      vertex -1.650000e+001  7.591901e+001  0.000000e+000
      vertex -1.850000e+001  7.591901e+001  0.000000e+000
    endloop
  endfacet
  facet normal  0.000000e+000  0.000000e+000  1.000000e+000
    outer loop
      vertex -1.350000e+001  7.200000e+001  0.000000e+000
      vertex -1.850000e+001  7.591901e+001  0.000000e+000
      vertex -3.950000e+001  7.200000e+001  0.000000e+000
    endloop
  endfacet
  facet normal  0.000000e+000  0.000000e+000  1.000000e+000
    outer loop
      vertex -4.150000e+001  3.700000e+001  0.000000e+000
      vertex -4.169509e+001  3.701921e+001  0.000000e+000
      vertex -4.165077e+001  8.550504e-001  0.000000e+000
    endloop
  endfacet
  facet normal  -0.000000e+000  0.000000e+000  1.000000e+000
    outer loop
      vertex -4.150000e+001  3.700000e+001  0.000000e+000
      vertex -4.165077e+001  8.550504e-001  0.000000e+000
      vertex -4.153798e+001  4.341204e-001  0.000000e+000
    endloop
  endfacet
  facet normal  -0.000000e+000  0.000000e+000  9.999999e-001
    outer loop
      vertex -4.150000e+001  3.700000e+001  0.000000e+000
      vertex -4.153798e+001  4.341204e-001  0.000000e+000
      vertex -4.150000e+001 -4.592425e-016  0.000000e+000
    endloop
  endfacet
  facet normal  0.000000e+000  0.000000e+000  1.000000e+000
    outer loop
      vertex -4.150000e+001  3.700000e+001  0.000000e+000
      vertex -4.150000e+001 -4.592425e-016  0.000000e+000
      vertex -3.850000e+001  3.700000e+001  0.000000e+000
    endloop
  endfacet
  facet normal  0.000000e+000  -0.000000e+000  1.000000e+000
    outer loop
      vertex -4.800000e+001  2.850000e+001  0.000000e+000
      vertex -4.650000e+001  1.530808e-016  0.000000e+000
      vertex -4.646202e+001  4.341204e-001  0.000000e+000
    endloop
  endfacet
  facet normal  0.000000e+000  -0.000000e+000  1.000000e+000
    outer loop
      vertex -4.800000e+001  2.850000e+001  0.000000e+000
      vertex -4.646202e+001  4.341204e-001  0.000000e+000
      vertex -4.634923e+001  8.550504e-001  0.000000e+000
    endloop
  endfacet
  facet normal  0.000000e+000  -0.000000e+000  1.000000e+000
    outer loop
      vertex -4.800000e+001  2.850000e+001  0.000000e+000
      vertex -4.634923e+001  8.550504e-001  0.000000e+000
      vertex -4.616506e+001  1.250000e+000  0.000000e+000
    endloop
  endfacet
  facet normal  0.000000e+000  -0.000000e+000  1.000000e+000
    outer loop
      vertex -4.800000e+001  2.850000e+001  0.000000e+000
      vertex -4.616506e+001  1.250000e+000  0.000000e+000
      vertex -4.591511e+001  1.606969e+000  0.000000e+000
    endloop
  endfacet
  facet normal  0.000000e+000  -0.000000e+000  1.000000e+000
    outer loop
      vertex -4.800000e+001  2.850000e+001  0.000000e+000
      vertex -4.591511e+001  1.606969e+000  0.000000e+000
      vertex -4.560697e+001  1.915111e+000  0.000000e+000
    endloop
  endfacet
  facet normal  0.000000e+000  -0.000000e+000  1.000000e+000
    outer loop
      vertex -4.800000e+001  2.850000e+001  0.000000e+000
      vertex -4.560697e+001  1.915111e+000  0.000000e+000
      vertex -4.525000e+001  2.165064e+000  0.000000e+000
    endloop
  endfacet
  facet normal  0.000000e+000  -0.000000e+000  1.000000e+000
    outer loop
      vertex -4.800000e+001  2.850000e+001  0.000000e+000
      vertex -4.525000e+001  2.165064e+000  0.000000e+000
      vertex -4.485505e+001  2.349231e+000  0.000000e+000
    endloop
  endfacet
  facet normal  0.000000e+000  -0.000000e+000  1.000000e+000
    outer loop
      vertex -4.800000e+001  2.850000e+001  0.000000e+000
      vertex -4.485505e+001  2.349231e+000  0.000000e+000
      vertex -4.443412e+001  2.462019e+000  0.000000e+000
    endloop
  endfacet
  facet normal  0.000000e+000  -0.000000e+000  9.999999e-001
    outer loop
      vertex -4.800000e+001  2.850000e+001  0.000000e+000
      vertex -4.443412e+001  2.462019e+000  0.000000e+000
      vertex -4.400000e+001  2.500000e+000  0.000000e+000
    endloop
  endfacet
  facet normal  -0.000000e+000  -0.000000e+000  1.000000e+000
    outer loop
      vertex -4.800000e+001  2.850000e+001  0.000000e+000
      vertex -4.400000e+001  2.500000e+000  0.000000e+000
      vertex -4.356588e+001  2.462019e+000  0.000000e+000
    endloop
  endfacet
  facet normal  -0.000000e+000  -0.000000e+000  1.000000e+000
    outer loop
      vertex -4.800000e+001  2.850000e+001  0.000000e+000
      vertex -4.356588e+001  2.462019e+000  0.000000e+000
      vertex -4.314495e+001  2.349231e+000  0.000000e+000
    endloop
  endfacet
  facet normal  -0.000000e+000  -0.000000e+000  1.000000e+000
    outer loop
      vertex -4.800000e+001  2.850000e+001  0.000000e+000
      vertex -4.314495e+001  2.349231e+000  0.000000e+000
      vertex -4.275000e+001  2.165064e+000  0.000000e+000
    endloop
  endfacet
  facet normal  0.000000e+000  0.000000e+000  1.000000e+000
    outer loop
      vertex -4.800000e+001  2.850000e+001  0.000000e+000
      vertex -4.275000e+001  2.165064e+000  0.000000e+000
      vertex -4.802313e+001  2.876242e+001  0.000000e+000
    endloop
  endfacet
  facet normal  0.000000e+000  -0.000000e+000  1.000000e+000
    outer loop
      vertex  4.700000e+001 -7.850000e+001  0.000000e+000
      vertex  4.746930e+001 -7.846307e+001  0.000000e+000
      vertex  4.792705e+001 -7.835317e+001  0.000000e+000
    endloop
  endfacet
  facet normal  0.000000e+000  -0.000000e+000  9.999999e-001
    outer loop
      vertex  4.700000e+001 -7.850000e+001  0.000000e+000
      vertex  4.792705e+001 -7.835317e+001  0.000000e+000
      vertex  4.836197e+001 -7.817302e+001  0.000000e+000
    endloop
  endfacet
  facet normal  0.000000e+000  -0.000000e+000  1.000000e+000
    outer loop
      vertex  4.700000e+001 -7.850000e+001  0.000000e+000
      vertex  4.836197e+001 -7.817302e+001  0.000000e+000
      vertex  4.876336e+001 -7.792705e+001  0.000000e+000
    endloop
  endfacet
  facet normal  0.000000e+000  -0.000000e+000  1.000000e+000
    outer loop
      vertex  4.700000e+001 -7.850000e+001  0.000000e+000
      vertex  4.876336e+001 -7.792705e+001  0.000000e+000
      vertex  4.912132e+001 -7.762132e+001  0.000000e+000
    endloop
  endfacet
  facet normal  0.000000e+000  -0.000000e+000  9.999999e-001
    outer loop
      vertex  4.700000e+001 -7.850000e+001  0.000000e+000
      vertex  4.912132e+001 -7.762132e+001  0.000000e+000
      vertex  4.942705e+001 -7.726336e+001  0.000000e+000
    endloop
  endfacet
  facet normal  0.000000e+000  -0.000000e+000  1.000000e+000
    outer loop
      vertex  4.700000e+001 -7.850000e+001  0.000000e+000
      vertex  4.942705e+001 -7.726336e+001  0.000000e+000
      vertex  4.967302e+001 -7.686197e+001  0.000000e+000
    endloop
  endfacet
  facet normal  0.000000e+000  -0.000000e+000  1.000000e+000
    outer loop
      vertex  4.700000e+001 -7.850000e+001  0.000000e+000
      vertex  4.967302e+001 -7.686197e+001  0.000000e+000
      vertex  4.985317e+001 -7.642705e+001  0.000000e+000
    endloop
  endfacet
  facet normal  0.000000e+000  -0.000000e+000  1.000000e+000
    outer loop
      vertex  4.700000e+001 -7.850000e+001  0.000000e+000
      vertex  4.985317e+001 -7.642705e+001  0.000000e+000
      vertex  4.996307e+001 -7.596931e+001  0.000000e+000
    endloop
  endfacet
  facet normal  0.000000e+000  -0.000000e+000  1.000000e+000
    outer loop
      vertex  4.700000e+001 -7.850000e+001  0.000000e+000
      vertex  4.996307e+001 -7.596931e+001  0.000000e+000
      vertex  5.000000e+001 -7.550000e+001  0.000000e+000
    endloop
  endfacet
  facet normal  0.000000e+000  0.000000e+000  1.000000e+000
    outer loop
      vertex  4.700000e+001 -7.850000e+001  0.000000e+000
      vertex  5.000000e+001 -7.550000e+001  0.000000e+000
      vertex  3.950000e+001 -7.200000e+001  0.000000e+000
    endloop
  endfacet
  facet normal  0.000000e+000  0.000000e+000  1.000000e+000
    outer loop
      vertex  4.700000e+001 -7.850000e+001  0.000000e+000
      vertex  3.950000e+001 -7.200000e+001  0.000000e+000
      vertex  2.150000e+001 -7.850000e+001  0.000000e+000
    endloop
  endfacet
  facet normal  -0.000000e+000  0.000000e+000  1.000000e+000
    outer loop
      vertex  4.250000e+001 -3.800000e+001  0.000000e+000
      vertex  4.250000e+001 -6.900000e+001  0.000000e+000
      vertex  5.000000e+001 -7.550000e+001  0.000000e+000
    endloop
  endfacet
  facet normal  0.000000e+000  -0.000000e+000  1.000000e+000
    outer loop
      vertex  4.250000e+001 -3.800000e+001  0.000000e+000
      vertex  5.000000e+001 -7.550000e+001  0.000000e+000
      vertex  5.000000e+001 -3.132843e+001  0.000000e+000
    endloop
  endfacet
  facet normal  0.000000e+000  0.000000e+000  1.000000e+000
    outer loop
      vertex  4.250000e+001 -3.800000e+001  0.000000e+000
      vertex  5.000000e+001 -3.132843e+001  0.000000e+000
      vertex  4.997687e+001 -3.106601e+001  0.000000e+000
    endloop
  endfacet
  facet normal  0.000000e+000  0.000000e+000  1.000000e+000
    outer loop
      vertex  4.250000e+001 -3.800000e+001  0.000000e+000
      vertex  4.997687e+001 -3.106601e+001  0.000000e+000
      vertex  4.990818e+001 -3.081168e+001  0.000000e+000
    endloop
  endfacet
  facet normal  0.000000e+000  0.000000e+000  1.000000e+000
    outer loop
      vertex  4.250000e+001 -3.800000e+001  0.000000e+000
      vertex  4.990818e+001 -3.081168e+001  0.000000e+000
      vertex  4.979606e+001 -3.057330e+001  0.000000e+000
    endloop
  endfacet
  facet normal  0.000000e+000  0.000000e+000  1.000000e+000
    outer loop
      vertex  4.250000e+001 -3.800000e+001  0.000000e+000
      vertex  4.979606e+001 -3.057330e+001  0.000000e+000
      vertex  4.964397e+001 -3.035820e+001  0.000000e+000
    endloop
  endfacet
  facet normal  0.000000e+000  0.000000e+000  1.000000e+000
    outer loop
      vertex  4.250000e+001 -3.800000e+001  0.000000e+000
      vertex  4.964397e+001 -3.035820e+001  0.000000e+000
      vertex  4.945658e+001 -3.017303e+001  0.000000e+000
    endloop
  endfacet
  facet normal  0.000000e+000  0.000000e+000  1.000000e+000
    outer loop
      vertex  4.250000e+001 -3.800000e+001  0.000000e+000
      vertex  4.945658e+001 -3.017303e+001  0.000000e+000
      vertex  4.923970e+001 -3.002350e+001  0.000000e+000
    endloop
  endfacet
  facet normal  0.000000e+000  0.000000e+000  9.999999e-001
    outer loop
      vertex  4.250000e+001 -3.800000e+001  0.000000e+000
      vertex  4.923970e+001 -3.002350e+001  0.000000e+000
      vertex  4.900000e+001 -2.991421e+001  0.000000e+000
    endloop
  endfacet
  facet normal  0.000000e+000  0.000000e+000  9.999999e-001
    outer loop
      vertex  4.250000e+001 -3.800000e+001  0.000000e+000
      vertex  4.900000e+001 -2.991421e+001  0.000000e+000
      vertex  4.876030e+001 -2.980493e+001  0.000000e+000
    endloop
  endfacet
  facet normal  0.000000e+000  0.000000e+000  1.000000e+000
    outer loop
      vertex  4.250000e+001 -3.800000e+001  0.000000e+000
      vertex  4.876030e+001 -2.980493e+001  0.000000e+000
      vertex  4.854342e+001 -2.965540e+001  0.000000e+000
    endloop
  endfacet
  facet normal  0.000000e+000  0.000000e+000  1.000000e+000
    outer loop
      vertex  4.250000e+001 -3.800000e+001  0.000000e+000
      vertex  4.854342e+001 -2.965540e+001  0.000000e+000
      vertex  4.835603e+001 -2.947023e+001  0.000000e+000
    endloop
  endfacet
  facet normal  0.000000e+000  0.000000e+000  1.000000e+000
    outer loop
      vertex  4.250000e+001 -3.800000e+001  0.000000e+000
      vertex  4.835603e+001 -2.947023e+001  0.000000e+000
      vertex  4.820394e+001 -2.925513e+001  0.000000e+000
    endloop
  endfacet
  facet normal  0.000000e+000  0.000000e+000  1.000000e+000
    outer loop
      vertex  4.250000e+001 -3.800000e+001  0.000000e+000
      vertex  4.820394e+001 -2.925513e+001  0.000000e+000
      vertex  4.809182e+001 -2.901674e+001  0.000000e+000
    endloop
  endfacet
  facet normal  0.000000e+000  0.000000e+000  1.000000e+000
    outer loop
      vertex  4.250000e+001 -3.800000e+001  0.000000e+000
      vertex  4.809182e+001 -2.901674e+001  0.000000e+000
      vertex  4.802313e+001 -2.876242e+001  0.000000e+000
    endloop
  endfacet
  facet normal  0.000000e+000  0.000000e+000  9.999999e-001
    outer loop
      vertex  4.250000e+001 -3.800000e+001  0.000000e+000
      vertex  4.802313e+001 -2.876242e+001  0.000000e+000
      vertex  4.400000e+001 -2.500000e+000  0.000000e+000
    endloop
  endfacet
  facet normal  0.000000e+000  0.000000e+000  9.999999e-001
    outer loop
      vertex  4.250000e+001 -3.800000e+001  0.000000e+000
      vertex  4.400000e+001 -2.500000e+000  0.000000e+000
      vertex  4.356588e+001 -2.462019e+000  0.000000e+000
    endloop
  endfacet
  facet normal  0.000000e+000  0.000000e+000  9.999999e-001
    outer loop
      vertex  4.250000e+001 -3.800000e+001  0.000000e+000
      vertex  4.356588e+001 -2.462019e+000  0.000000e+000
      vertex  4.314495e+001 -2.349231e+000  0.000000e+000
    endloop
  endfacet
  facet normal  0.000000e+000  0.000000e+000  1.000000e+000
    outer loop
      vertex  4.250000e+001 -3.800000e+001  0.000000e+000
      vertex  4.314495e+001 -2.349231e+000  0.000000e+000
      vertex  4.275000e+001 -2.165064e+000  0.000000e+000
    endloop
  endfacet
  facet normal  0.000000e+000  0.000000e+000  1.000000e+000
    outer loop
      vertex  4.341204e-001 -6.953798e+001  0.000000e+000
      vertex -1.294443e+001 -6.716853e+001  0.000000e+000
      vertex -1.279289e+001 -6.729289e+001  0.000000e+000
    endloop
  endfacet
  facet normal  0.000000e+000  0.000000e+000  1.000000e+000
    outer loop
      vertex  4.341204e-001 -6.953798e+001  0.000000e+000
      vertex -1.279289e+001 -6.729289e+001  0.000000e+000
      vertex -1.266853e+001 -6.744443e+001  0.000000e+000
    endloop
  endfacet
  facet normal  0.000000e+000  0.000000e+000  1.000000e+000
    outer loop
      vertex  4.341204e-001 -6.953798e+001  0.000000e+000
      vertex -1.266853e+001 -6.744443e+001  0.000000e+000
      vertex -1.257612e+001 -6.761732e+001  0.000000e+000
    endloop
  endfacet
  facet normal  0.000000e+000  0.000000e+000  1.000000e+000
    outer loop
      vertex  4.341204e-001 -6.953798e+001  0.000000e+000
      vertex -1.257612e+001 -6.761732e+001  0.000000e+000
      vertex -1.251921e+001 -6.780491e+001  0.000000e+000
    endloop
  endfacet
  facet normal  0.000000e+000  0.000000e+000  1.000000e+000
    outer loop
      vertex  4.341204e-001 -6.953798e+001  0.000000e+000
      vertex -1.251921e+001 -6.780491e+001  0.000000e+000
      vertex -1.250000e+001 -6.800000e+001  0.000000e+000
    endloop
  endfacet
  facet normal  0.000000e+000  0.000000e+000  1.000000e+000
    outer loop
      vertex  4.341204e-001 -6.953798e+001  0.000000e+000
      vertex -1.250000e+001 -6.800000e+001  0.000000e+000
      vertex  6.123234e-016 -6.950000e+001  0.000000e+000
    endloop
  endfacet
  facet normal  -0.000000e+000  0.000000e+000  1.000000e+000
    outer loop
      vertex  1.311732e+001 -6.707612e+001  0.000000e+000
      vertex -1.311732e+001 -6.707612e+001  0.000000e+000
      vertex -1.294443e+001 -6.716853e+001  0.000000e+000
    endloop
  endfacet
  facet normal  -0.000000e+000  0.000000e+000  1.000000e+000
    outer loop
      vertex  1.311732e+001 -6.707612e+001  0.000000e+000
      vertex -1.294443e+001 -6.716853e+001  0.000000e+000
      vertex  4.341204e-001 -6.953798e+001  0.000000e+000
    endloop
  endfacet
  facet normal  -0.000000e+000  0.000000e+000  1.000000e+000
    outer loop
      vertex  1.311732e+001 -6.707612e+001  0.000000e+000
      vertex  4.341204e-001 -6.953798e+001  0.000000e+000
      vertex  8.550504e-001 -6.965077e+001  0.000000e+000
    endloop
  endfacet
  facet normal  -0.000000e+000  0.000000e+000  1.000000e+000
    outer loop
      vertex  1.311732e+001 -6.707612e+001  0.000000e+000
      vertex  8.550504e-001 -6.965077e+001  0.000000e+000
      vertex  1.250000e+000 -6.983494e+001  0.000000e+000
    endloop
  endfacet
  facet normal  -0.000000e+000  0.000000e+000  1.000000e+000
    outer loop
      vertex  1.311732e+001 -6.707612e+001  0.000000e+000
      vertex  1.250000e+000 -6.983494e+001  0.000000e+000
      vertex  1.606969e+000 -7.008489e+001  0.000000e+000
    endloop
  endfacet
  facet normal  -0.000000e+000  0.000000e+000  1.000000e+000
    outer loop
      vertex  1.311732e+001 -6.707612e+001  0.000000e+000
      vertex  1.606969e+000 -7.008489e+001  0.000000e+000
      vertex  1.915111e+000 -7.039303e+001  0.000000e+000
    endloop
  endfacet
  facet normal  -0.000000e+000  0.000000e+000  9.999999e-001
    outer loop
      vertex  1.311732e+001 -6.707612e+001  0.000000e+000
      vertex  1.915111e+000 -7.039303e+001  0.000000e+000
      vertex  2.165064e+000 -7.075000e+001  0.000000e+000
    endloop
  endfacet
  facet normal  -0.000000e+000  0.000000e+000  1.000000e+000
    outer loop
      vertex  1.311732e+001 -6.707612e+001  0.000000e+000
      vertex  2.165064e+000 -7.075000e+001  0.000000e+000
      vertex  2.349231e+000 -7.114495e+001  0.000000e+000
    endloop
  endfacet
  facet normal  -0.000000e+000  0.000000e+000  1.000000e+000
    outer loop
      vertex  1.311732e+001 -6.707612e+001  0.000000e+000
      vertex  2.349231e+000 -7.114495e+001  0.000000e+000
      vertex  2.462019e+000 -7.156588e+001  0.000000e+000
    endloop
  endfacet
  facet normal  -0.000000e+000  0.000000e+000  1.000000e+000
    outer loop
      vertex  1.311732e+001 -6.707612e+001  0.000000e+000
      vertex  2.462019e+000 -7.156588e+001  0.000000e+000
      vertex  2.500000e+000 -7.200000e+001  0.000000e+000
    endloop
  endfacet
  facet normal  0.000000e+000  0.000000e+000  1.000000e+000
    outer loop
      vertex  1.311732e+001 -6.707612e+001  0.000000e+000
      vertex  2.500000e+000 -7.200000e+001  0.000000e+000
      vertex  1.294443e+001 -6.716853e+001  0.000000e+000
    endloop
  endfacet
  facet normal  -0.000000e+000  0.000000e+000  1.000000e+000
    outer loop
      vertex  3.589018e+001 -6.696157e+001  0.000000e+000
      vertex -3.589018e+001 -6.696157e+001  0.000000e+000
      vertex -3.550000e+001 -6.700000e+001  0.000000e+000
    endloop
  endfacet
  facet normal  0.000000e+000  0.000000e+000  9.999999e-001
    outer loop
      vertex  3.589018e+001 -6.696157e+001  0.000000e+000
      vertex -3.550000e+001 -6.700000e+001  0.000000e+000
      vertex -1.350000e+001 -6.700000e+001  0.000000e+000
    endloop
  endfacet
  facet normal  0.000000e+000  0.000000e+000  1.000000e+000
    outer loop
      vertex  3.589018e+001 -6.696157e+001  0.000000e+000
      vertex -1.350000e+001 -6.700000e+001  0.000000e+000
      vertex  1.350000e+001 -6.700000e+001  0.000000e+000
    endloop
  endfacet
  facet normal  0.000000e+000  0.000000e+000  9.999999e-001
    outer loop
      vertex  3.589018e+001 -6.696157e+001  0.000000e+000
      vertex  1.350000e+001 -6.700000e+001  0.000000e+000
      vertex  3.550000e+001 -6.700000e+001  0.000000e+000
    endloop
  endfacet
  facet normal  0.000000e+000  -0.000000e+000  1.000000e+000
    outer loop
      vertex -3.750000e+001 -3.800000e+001  0.000000e+000
      vertex  3.750000e+001 -3.800000e+001  0.000000e+000
      vertex  3.751921e+001 -3.780491e+001  0.000000e+000
    endloop
  endfacet
  facet normal  0.000000e+000  -0.000000e+000  1.000000e+000
    outer loop
      vertex -3.750000e+001 -3.800000e+001  0.000000e+000
      vertex  3.751921e+001 -3.780491e+001  0.000000e+000
      vertex  3.757612e+001 -3.761732e+001  0.000000e+000
    endloop
  endfacet
  facet normal  0.000000e+000  -0.000000e+000  1.000000e+000
    outer loop
      vertex -3.750000e+001 -3.800000e+001  0.000000e+000
      vertex  3.757612e+001 -3.761732e+001  0.000000e+000
      vertex  3.766853e+001 -3.744443e+001  0.000000e+000
    endloop
  endfacet
  facet normal  0.000000e+000  -0.000000e+000  1.000000e+000
    outer loop
      vertex -3.750000e+001 -3.800000e+001  0.000000e+000
      vertex  3.766853e+001 -3.744443e+001  0.000000e+000
      vertex  3.779289e+001 -3.729289e+001  0.000000e+000
    endloop
  endfacet
  facet normal  0.000000e+000  -0.000000e+000  1.000000e+000
    outer loop
      vertex -3.750000e+001 -3.800000e+001  0.000000e+000
      vertex  3.779289e+001 -3.729289e+001  0.000000e+000
      vertex  3.794443e+001 -3.716853e+001  0.000000e+000
    endloop
  endfacet
  facet normal  0.000000e+000  -0.000000e+000  9.999999e-001
    outer loop
      vertex -3.750000e+001 -3.800000e+001  0.000000e+000
      vertex  3.794443e+001 -3.716853e+001  0.000000e+000
      vertex  3.811732e+001 -3.707612e+001  0.000000e+000
    endloop
  endfacet
  facet normal  0.000000e+000  -0.000000e+000  1.000000e+000
    outer loop
      vertex -3.750000e+001 -3.800000e+001  0.000000e+000
      vertex  3.811732e+001 -3.707612e+001  0.000000e+000
      vertex  3.830491e+001 -3.701921e+001  0.000000e+000
    endloop
  endfacet
  facet normal  0.000000e+000  -0.000000e+000  1.000000e+000
    outer loop
      vertex -4.250000e+001 -3.800000e+001  0.000000e+000
      vertex -4.248079e+001 -3.780491e+001  0.000000e+000
      vertex -4.239303e+001 -1.915111e+000  0.000000e+000
    endloop
  endfacet
  facet normal  0.000000e+000  0.000000e+000  1.000000e+000
    outer loop
      vertex -4.250000e+001 -3.800000e+001  0.000000e+000
      vertex -4.239303e+001 -1.915111e+000  0.000000e+000
      vertex -4.275000e+001 -2.165064e+000  0.000000e+000
    endloop
  endfacet
  facet normal  0.000000e+000  0.000000e+000  1.000000e+000
    outer loop
      vertex -4.250000e+001 -3.800000e+001  0.000000e+000
      vertex -4.275000e+001 -2.165064e+000  0.000000e+000
      vertex -4.314495e+001 -2.349231e+000  0.000000e+000
    endloop
  endfacet
  facet normal  0.000000e+000  0.000000e+000  1.000000e+000
    outer loop
      vertex -4.250000e+001 -3.800000e+001  0.000000e+000
      vertex -4.314495e+001 -2.349231e+000  0.000000e+000
      vertex -4.356588e+001 -2.462019e+000  0.000000e+000
    endloop
  endfacet
  facet normal  0.000000e+000  0.000000e+000  1.000000e+000
    outer loop
      vertex -4.250000e+001 -3.800000e+001  0.000000e+000
      vertex -4.356588e+001 -2.462019e+000  0.000000e+000
      vertex -4.400000e+001 -2.500000e+000  0.000000e+000
    endloop
  endfacet
  facet normal  0.000000e+000  0.000000e+000  1.000000e+000
    outer loop
      vertex -4.250000e+001 -3.800000e+001  0.000000e+000
      vertex -4.400000e+001 -2.500000e+000  0.000000e+000
      vertex -4.800000e+001 -2.632843e+001  0.000000e+000
    endloop
  endfacet
  facet normal  0.000000e+000  0.000000e+000  1.000000e+000
    outer loop
      vertex -4.250000e+001 -3.800000e+001  0.000000e+000
      vertex -4.800000e+001 -2.632843e+001  0.000000e+000
      vertex -4.800000e+001 -2.867157e+001  0.000000e+000
    endloop
  endfacet
  facet normal  0.000000e+000  0.000000e+000  1.000000e+000
    outer loop
      vertex -4.250000e+001 -3.800000e+001  0.000000e+000
      vertex -4.800000e+001 -2.867157e+001  0.000000e+000
      vertex -4.802313e+001 -2.893399e+001  0.000000e+000
    endloop
  endfacet
  facet normal  0.000000e+000  0.000000e+000  1.000000e+000
    outer loop
      vertex -4.250000e+001 -3.800000e+001  0.000000e+000
      vertex -4.802313e+001 -2.893399e+001  0.000000e+000
      vertex -4.809182e+001 -2.918832e+001  0.000000e+000
    endloop
  endfacet
  facet normal  0.000000e+000  0.000000e+000  1.000000e+000
    outer loop
      vertex -4.250000e+001 -3.800000e+001  0.000000e+000
      vertex -4.809182e+001 -2.918832e+001  0.000000e+000
      vertex -4.820394e+001 -2.942670e+001  0.000000e+000
    endloop
  endfacet
  facet normal  0.000000e+000  0.000000e+000  1.000000e+000
    outer loop
      vertex -4.250000e+001 -3.800000e+001  0.000000e+000
      vertex -4.820394e+001 -2.942670e+001  0.000000e+000
      vertex -4.835603e+001 -2.964180e+001  0.000000e+000
    endloop
  endfacet
  facet normal  0.000000e+000  0.000000e+000  1.000000e+000
    outer loop
      vertex -4.250000e+001 -3.800000e+001  0.000000e+000
      vertex -4.835603e+001 -2.964180e+001  0.000000e+000
      vertex -4.854342e+001 -2.982697e+001  0.000000e+000
    endloop
  endfacet
  facet normal  0.000000e+000  0.000000e+000  1.000000e+000
    outer loop
      vertex -4.250000e+001 -3.800000e+001  0.000000e+000
      vertex -4.854342e+001 -2.982697e+001  0.000000e+000
      vertex -4.876030e+001 -2.997650e+001  0.000000e+000
    endloop
  endfacet
  facet normal  0.000000e+000  0.000000e+000  1.000000e+000
    outer loop
      vertex -4.250000e+001 -3.800000e+001  0.000000e+000
      vertex -4.876030e+001 -2.997650e+001  0.000000e+000
      vertex -4.900000e+001 -3.008579e+001  0.000000e+000
    endloop
  endfacet
  facet normal  0.000000e+000  0.000000e+000  1.000000e+000
    outer loop
      vertex -4.250000e+001 -3.800000e+001  0.000000e+000
      vertex -4.900000e+001 -3.008579e+001  0.000000e+000
      vertex -4.923970e+001 -3.019507e+001  0.000000e+000
    endloop
  endfacet
  facet normal  0.000000e+000  0.000000e+000  1.000000e+000
    outer loop
      vertex -4.250000e+001 -3.800000e+001  0.000000e+000
      vertex -4.923970e+001 -3.019507e+001  0.000000e+000
      vertex -4.945658e+001 -3.034460e+001  0.000000e+000
    endloop
  endfacet
  facet normal  0.000000e+000  0.000000e+000  1.000000e+000
    outer loop
      vertex -4.250000e+001 -3.800000e+001  0.000000e+000
      vertex -4.945658e+001 -3.034460e+001  0.000000e+000
      vertex -4.964397e+001 -3.052977e+001  0.000000e+000
    endloop
  endfacet
  facet normal  0.000000e+000  0.000000e+000  1.000000e+000
    outer loop
      vertex -4.250000e+001 -3.800000e+001  0.000000e+000
      vertex -4.964397e+001 -3.052977e+001  0.000000e+000
      vertex -4.979606e+001 -3.074487e+001  0.000000e+000
    endloop
  endfacet
  facet normal  0.000000e+000  0.000000e+000  1.000000e+000
    outer loop
      vertex -4.250000e+001 -3.800000e+001  0.000000e+000
      vertex -4.979606e+001 -3.074487e+001  0.000000e+000
      vertex -4.990818e+001 -3.098326e+001  0.000000e+000
    endloop
  endfacet
  facet normal  0.000000e+000  0.000000e+000  1.000000e+000
    outer loop
      vertex -4.250000e+001 -3.800000e+001  0.000000e+000
      vertex -4.990818e+001 -3.098326e+001  0.000000e+000
      vertex -4.997687e+001 -3.123758e+001  0.000000e+000
    endloop
  endfacet
  facet normal  0.000000e+000  0.000000e+000  1.000000e+000
    outer loop
      vertex -4.250000e+001 -3.800000e+001  0.000000e+000
      vertex -4.997687e+001 -3.123758e+001  0.000000e+000
      vertex -5.000000e+001 -3.150000e+001  0.000000e+000
    endloop
  endfacet
  facet normal  0.000000e+000  0.000000e+000  9.999999e-001
    outer loop
      vertex -4.250000e+001 -3.800000e+001  0.000000e+000
      vertex -5.000000e+001 -3.150000e+001  0.000000e+000
      vertex -5.000000e+001 -7.550000e+001  0.000000e+000
    endloop
  endfacet
  facet normal  0.000000e+000  0.000000e+000  1.000000e+000
    outer loop
      vertex -4.250000e+001 -3.800000e+001  0.000000e+000
      vertex -5.000000e+001 -7.550000e+001  0.000000e+000
      vertex -4.250000e+001 -6.900000e+001  0.000000e+000
    endloop
  endfacet
  facet normal  0.000000e+000  0.000000e+000  1.000000e+000
    outer loop
      vertex -4.800000e+001 -2.632843e+001  0.000000e+000
      vertex -4.400000e+001 -2.500000e+000  0.000000e+000
      vertex -4.443412e+001 -2.462019e+000  0.000000e+000
    endloop
  endfacet
  facet normal  0.000000e+000  0.000000e+000  1.000000e+000
    outer loop
      vertex -4.800000e+001 -2.632843e+001  0.000000e+000
      vertex -4.443412e+001 -2.462019e+000  0.000000e+000
      vertex -4.485505e+001 -2.349231e+000  0.000000e+000
    endloop
  endfacet
  facet normal  0.000000e+000  0.000000e+000  1.000000e+000
    outer loop
      vertex -4.800000e+001 -2.632843e+001  0.000000e+000
      vertex -4.485505e+001 -2.349231e+000  0.000000e+000
      vertex -4.525000e+001 -2.165064e+000  0.000000e+000
    endloop
  endfacet
  facet normal  0.000000e+000  0.000000e+000  1.000000e+000
    outer loop
      vertex -4.800000e+001 -2.632843e+001  0.000000e+000
      vertex -4.525000e+001 -2.165064e+000  0.000000e+000
      vertex -4.560697e+001 -1.915111e+000  0.000000e+000
    endloop
  endfacet
  facet normal  0.000000e+000  0.000000e+000  1.000000e+000
    outer loop
      vertex -4.800000e+001 -2.632843e+001  0.000000e+000
      vertex -4.560697e+001 -1.915111e+000  0.000000e+000
      vertex -4.591511e+001 -1.606969e+000  0.000000e+000
    endloop
  endfacet
  facet normal  0.000000e+000  0.000000e+000  1.000000e+000
    outer loop
      vertex -4.800000e+001 -2.632843e+001  0.000000e+000
      vertex -4.591511e+001 -1.606969e+000  0.000000e+000
      vertex -4.616506e+001 -1.250000e+000  0.000000e+000
    endloop
  endfacet
  facet normal  0.000000e+000  0.000000e+000  9.999999e-001
    outer loop
      vertex -4.800000e+001 -2.632843e+001  0.000000e+000
      vertex -4.616506e+001 -1.250000e+000  0.000000e+000
      vertex -4.634923e+001 -8.550504e-001  0.000000e+000
    endloop
  endfacet
  facet normal  0.000000e+000  0.000000e+000  1.000000e+000
    outer loop
      vertex -4.800000e+001 -2.632843e+001  0.000000e+000
      vertex -4.634923e+001 -8.550504e-001  0.000000e+000
      vertex -4.646202e+001 -4.341204e-001  0.000000e+000
    endloop
  endfacet
  facet normal  0.000000e+000  0.000000e+000  1.000000e+000
    outer loop
      vertex -4.800000e+001 -2.632843e+001  0.000000e+000
      vertex -4.646202e+001 -4.341204e-001  0.000000e+000
      vertex -4.650000e+001  1.530808e-016  0.000000e+000
    endloop
  endfacet
  facet normal  0.000000e+000  -0.000000e+000  1.000000e+000
    outer loop
      vertex  4.250000e+001  3.800000e+001  0.000000e+000
      vertex  4.275000e+001  2.165064e+000  0.000000e+000
      vertex  4.802313e+001  2.893399e+001  0.000000e+000
    endloop
  endfacet
  facet normal  0.000000e+000  -0.000000e+000  1.000000e+000
    outer loop
      vertex  4.250000e+001  3.800000e+001  0.000000e+000
      vertex  4.802313e+001  2.893399e+001  0.000000e+000
      vertex  4.809182e+001  2.918832e+001  0.000000e+000
    endloop
  endfacet
  facet normal  0.000000e+000  -0.000000e+000  1.000000e+000
    outer loop
      vertex  4.250000e+001  3.800000e+001  0.000000e+000
      vertex  4.809182e+001  2.918832e+001  0.000000e+000
      vertex  4.820394e+001  2.942670e+001  0.000000e+000
    endloop
  endfacet
  facet normal  0.000000e+000  -0.000000e+000  1.000000e+000
    outer loop
      vertex  4.250000e+001  3.800000e+001  0.000000e+000
      vertex  4.820394e+001  2.942670e+001  0.000000e+000
      vertex  4.835603e+001  2.964180e+001  0.000000e+000
    endloop
  endfacet
  facet normal  0.000000e+000  -0.000000e+000  1.000000e+000
    outer loop
      vertex  4.250000e+001  3.800000e+001  0.000000e+000
      vertex  4.835603e+001  2.964180e+001  0.000000e+000
      vertex  5.000000e+001  3.150000e+001  0.000000e+000
    endloop
  endfacet
  facet normal  0.000000e+000  0.000000e+000  1.000000e+000
    outer loop
      vertex  4.250000e+001  3.800000e+001  0.000000e+000
      vertex  5.000000e+001  3.150000e+001  0.000000e+000
      vertex  4.250000e+001  6.900000e+001  0.000000e+000
    endloop
  endfacet
  facet normal  0.000000e+000  0.000000e+000  1.000000e+000
    outer loop
      vertex  1.311732e+001  6.707612e+001  0.000000e+000
      vertex  1.294443e+001  6.716853e+001  0.000000e+000
      vertex  2.500000e+000  7.200000e+001  0.000000e+000
    endloop
  endfacet
  facet normal  0.000000e+000  0.000000e+000  1.000000e+000
    outer loop
      vertex  1.311732e+001  6.707612e+001  0.000000e+000
      vertex  2.500000e+000  7.200000e+001  0.000000e+000
      vertex  2.462019e+000  7.156588e+001  0.000000e+000
    endloop
  endfacet
  facet normal  0.000000e+000  0.000000e+000  1.000000e+000
    outer loop
      vertex  1.311732e+001  6.707612e+001  0.000000e+000
      vertex  2.462019e+000  7.156588e+001  0.000000e+000
      vertex  2.349231e+000  7.114495e+001  0.000000e+000
    endloop
  endfacet
  facet normal  0.000000e+000  0.000000e+000  1.000000e+000
    outer loop
      vertex  1.311732e+001  6.707612e+001  0.000000e+000
      vertex  2.349231e+000  7.114495e+001  0.000000e+000
      vertex  2.165064e+000  7.075000e+001  0.000000e+000
    endloop
  endfacet
  facet normal  0.000000e+000  0.000000e+000  9.999999e-001
    outer loop
      vertex  1.311732e+001  6.707612e+001  0.000000e+000
      vertex  2.165064e+000  7.075000e+001  0.000000e+000
      vertex  1.915111e+000  7.039303e+001  0.000000e+000
    endloop
  endfacet
  facet normal  0.000000e+000  0.000000e+000  1.000000e+000
    outer loop
      vertex  1.311732e+001  6.707612e+001  0.000000e+000
      vertex  1.915111e+000  7.039303e+001  0.000000e+000
      vertex  1.606969e+000  7.008489e+001  0.000000e+000
    endloop
  endfacet
  facet normal  0.000000e+000  0.000000e+000  9.999999e-001
    outer loop
      vertex  1.311732e+001  6.707612e+001  0.000000e+000
      vertex  1.606969e+000  7.008489e+001  0.000000e+000
      vertex  1.250000e+000  6.983494e+001  0.000000e+000
    endloop
  endfacet
  facet normal  0.000000e+000  0.000000e+000  1.000000e+000
    outer loop
      vertex  1.311732e+001  6.707612e+001  0.000000e+000
      vertex  1.250000e+000  6.983494e+001  0.000000e+000
      vertex  8.550504e-001  6.965077e+001  0.000000e+000
    endloop
  endfacet
  facet normal  0.000000e+000  0.000000e+000  1.000000e+000
    outer loop
      vertex  1.311732e+001  6.707612e+001  0.000000e+000
      vertex  8.550504e-001  6.965077e+001  0.000000e+000
      vertex  4.341204e-001  6.953798e+001  0.000000e+000
    endloop
  endfacet
  facet normal  0.000000e+000  0.000000e+000  1.000000e+000
    outer loop
      vertex  1.311732e+001  6.707612e+001  0.000000e+000
      vertex  4.341204e-001  6.953798e+001  0.000000e+000
      vertex -3.061617e-016  6.950000e+001  0.000000e+000
    endloop
  endfacet
  facet normal  0.000000e+000  0.000000e+000  1.000000e+000
    outer loop
      vertex  1.311732e+001  6.707612e+001  0.000000e+000
      vertex -3.061617e-016  6.950000e+001  0.000000e+000
      vertex -1.250000e+001  6.800000e+001  0.000000e+000
    endloop
  endfacet
  facet normal  0.000000e+000  0.000000e+000  1.000000e+000
    outer loop
      vertex  1.311732e+001  6.707612e+001  0.000000e+000
      vertex -1.250000e+001  6.800000e+001  0.000000e+000
      vertex -1.251921e+001  6.780491e+001  0.000000e+000
    endloop
  endfacet
  facet normal  0.000000e+000  0.000000e+000  1.000000e+000
    outer loop
      vertex  1.311732e+001  6.707612e+001  0.000000e+000
      vertex -1.251921e+001  6.780491e+001  0.000000e+000
      vertex -1.257612e+001  6.761732e+001  0.000000e+000
    endloop
  endfacet
  facet normal  0.000000e+000  0.000000e+000  1.000000e+000
    outer loop
      vertex  1.311732e+001  6.707612e+001  0.000000e+000
      vertex -1.257612e+001  6.761732e+001  0.000000e+000
      vertex -1.266853e+001  6.744443e+001  0.000000e+000
    endloop
  endfacet
  facet normal  0.000000e+000  0.000000e+000  1.000000e+000
    outer loop
      vertex  1.311732e+001  6.707612e+001  0.000000e+000
      vertex -1.266853e+001  6.744443e+001  0.000000e+000
      vertex -1.279289e+001  6.729289e+001  0.000000e+000
    endloop
  endfacet
  facet normal  0.000000e+000  0.000000e+000  9.999999e-001
    outer loop
      vertex  1.311732e+001  6.707612e+001  0.000000e+000
      vertex -1.279289e+001  6.729289e+001  0.000000e+000
      vertex -1.294443e+001  6.716853e+001  0.000000e+000
    endloop
  endfacet
  facet normal  0.000000e+000  0.000000e+000  1.000000e+000
    outer loop
      vertex  1.311732e+001  6.707612e+001  0.000000e+000
      vertex -1.294443e+001  6.716853e+001  0.000000e+000
      vertex -1.311732e+001  6.707612e+001  0.000000e+000
    endloop
  endfacet
  facet normal  0.000000e+000  0.000000e+000  1.000000e+000
    outer loop
      vertex -3.750000e+001  3.800000e+001  0.000000e+000
      vertex  3.830491e+001  3.701921e+001  0.000000e+000
      vertex  3.811732e+001  3.707612e+001  0.000000e+000
    endloop
  endfacet
  facet normal  0.000000e+000  0.000000e+000  1.000000e+000
    outer loop
      vertex -3.750000e+001  3.800000e+001  0.000000e+000
      vertex  3.811732e+001  3.707612e+001  0.000000e+000
      vertex  3.794443e+001  3.716853e+001  0.000000e+000
    endloop
  endfacet
  facet normal  0.000000e+000  0.000000e+000  1.000000e+000
    outer loop
      vertex -3.750000e+001  3.800000e+001  0.000000e+000
      vertex  3.794443e+001  3.716853e+001  0.000000e+000
      vertex  3.779289e+001  3.729289e+001  0.000000e+000
    endloop
  endfacet
  facet normal  0.000000e+000  0.000000e+000  1.000000e+000
    outer loop
      vertex -3.750000e+001  3.800000e+001  0.000000e+000
      vertex  3.779289e+001  3.729289e+001  0.000000e+000
      vertex  3.766853e+001  3.744443e+001  0.000000e+000
    endloop
  endfacet
  facet normal  0.000000e+000  0.000000e+000  1.000000e+000
    outer loop
      vertex -3.750000e+001  3.800000e+001  0.000000e+000
      vertex  3.766853e+001  3.744443e+001  0.000000e+000
      vertex  3.757612e+001  3.761732e+001  0.000000e+000
    endloop
  endfacet
  facet normal  0.000000e+000  0.000000e+000  1.000000e+000
    outer loop
      vertex -3.750000e+001  3.800000e+001  0.000000e+000
      vertex  3.757612e+001  3.761732e+001  0.000000e+000
      vertex  3.751921e+001  3.780491e+001  0.000000e+000
    endloop
  endfacet
  facet normal  0.000000e+000  0.000000e+000  1.000000e+000
    outer loop
      vertex -3.750000e+001  3.800000e+001  0.000000e+000
      vertex  3.751921e+001  3.780491e+001  0.000000e+000
      vertex  3.750000e+001  3.800000e+001  0.000000e+000
    endloop
  endfacet
  facet normal  0.000000e+000  0.000000e+000  1.000000e+000
    outer loop
      vertex -4.876030e+001  2.980493e+001  0.000000e+000
      vertex -4.990818e+001  3.081168e+001  0.000000e+000
      vertex -4.979606e+001  3.057330e+001  0.000000e+000
    endloop
  endfacet
  facet normal  0.000000e+000  0.000000e+000  1.000000e+000
    outer loop
      vertex -4.876030e+001  2.980493e+001  0.000000e+000
      vertex -4.979606e+001  3.057330e+001  0.000000e+000
      vertex -4.964397e+001  3.035820e+001  0.000000e+000
    endloop
  endfacet
  facet normal  0.000000e+000  0.000000e+000  1.000000e+000
    outer loop
      vertex -4.876030e+001  2.980493e+001  0.000000e+000
      vertex -4.964397e+001  3.035820e+001  0.000000e+000
      vertex -4.945658e+001  3.017303e+001  0.000000e+000
    endloop
  endfacet
  facet normal  0.000000e+000  0.000000e+000  1.000000e+000
    outer loop
      vertex -4.876030e+001  2.980493e+001  0.000000e+000
      vertex -4.945658e+001  3.017303e+001  0.000000e+000
      vertex -4.900000e+001  2.991421e+001  0.000000e+000
    endloop
  endfacet
  facet normal  0.000000e+000  0.000000e+000  1.000000e+000
    outer loop
      vertex -4.854342e+001  2.965540e+001  0.000000e+000
      vertex -4.835603e+001  2.947023e+001  0.000000e+000
      vertex -5.000000e+001  3.132843e+001  0.000000e+000
    endloop
  endfacet
  facet normal  0.000000e+000  0.000000e+000  9.999999e-001
    outer loop
      vertex -4.854342e+001  2.965540e+001  0.000000e+000
      vertex -5.000000e+001  3.132843e+001  0.000000e+000
      vertex -4.997687e+001  3.106601e+001  0.000000e+000
    endloop
  endfacet
  facet normal  0.000000e+000  0.000000e+000  1.000000e+000
    outer loop
      vertex -4.854342e+001  2.965540e+001  0.000000e+000
      vertex -4.997687e+001  3.106601e+001  0.000000e+000
      vertex -4.990818e+001  3.081168e+001  0.000000e+000
    endloop
  endfacet
  facet normal  0.000000e+000  0.000000e+000  1.000000e+000
    outer loop
      vertex -4.854342e+001  2.965540e+001  0.000000e+000
      vertex -4.990818e+001  3.081168e+001  0.000000e+000
      vertex -4.876030e+001  2.980493e+001  0.000000e+000
    endloop
  endfacet
  facet normal  0.000000e+000  0.000000e+000  1.000000e+000
    outer loop
      vertex -4.250000e+001  3.800000e+001  0.000000e+000
      vertex -4.250000e+001  6.900000e+001  0.000000e+000
      vertex -5.000000e+001  3.132843e+001  0.000000e+000
    endloop
  endfacet
  facet normal  -0.000000e+000  0.000000e+000  1.000000e+000
    outer loop
      vertex -4.250000e+001  3.800000e+001  0.000000e+000
      vertex -5.000000e+001  3.132843e+001  0.000000e+000
      vertex -4.835603e+001  2.947023e+001  0.000000e+000
    endloop
  endfacet
  facet normal  -0.000000e+000  0.000000e+000  1.000000e+000
    outer loop
      vertex -4.250000e+001  3.800000e+001  0.000000e+000
      vertex -4.835603e+001  2.947023e+001  0.000000e+000
      vertex -4.820394e+001  2.925513e+001  0.000000e+000
    endloop
  endfacet
  facet normal  -0.000000e+000  0.000000e+000  1.000000e+000
    outer loop
      vertex -4.250000e+001  3.800000e+001  0.000000e+000
      vertex -4.820394e+001  2.925513e+001  0.000000e+000
      vertex -4.809182e+001  2.901674e+001  0.000000e+000
    endloop
  endfacet
  facet normal  -0.000000e+000  0.000000e+000  1.000000e+000
    outer loop
      vertex -4.250000e+001  3.800000e+001  0.000000e+000
      vertex -4.809182e+001  2.901674e+001  0.000000e+000
      vertex -4.802313e+001  2.876242e+001  0.000000e+000
    endloop
  endfacet
  facet normal  -0.000000e+000  0.000000e+000  1.000000e+000
    outer loop
      vertex -4.250000e+001  3.800000e+001  0.000000e+000
      vertex -4.802313e+001  2.876242e+001  0.000000e+000
      vertex -4.275000e+001  2.165064e+000  0.000000e+000
    endloop
  endfacet
  facet normal  -0.000000e+000  0.000000e+000  1.000000e+000
    outer loop
      vertex -4.250000e+001  3.800000e+001  0.000000e+000
      vertex -4.275000e+001  2.165064e+000  0.000000e+000
      vertex -4.239303e+001  1.915111e+000  0.000000e+000
    endloop
  endfacet
  facet normal  0.000000e+000  0.000000e+000  1.000000e+000
    outer loop
      vertex -4.250000e+001  3.800000e+001  0.000000e+000
      vertex -4.239303e+001  1.915111e+000  0.000000e+000
      vertex -4.248079e+001  3.780491e+001  0.000000e+000
    endloop
  endfacet
  facet normal  0.000000e+000  -0.000000e+000  1.000000e+000
    outer loop
      vertex  4.876030e+001  2.997650e+001  0.000000e+000
      vertex  4.900000e+001  3.008579e+001  0.000000e+000
      vertex  4.945658e+001  3.034460e+001  0.000000e+000
    endloop
  endfacet
  facet normal  0.000000e+000  -0.000000e+000  1.000000e+000
    outer loop
      vertex  4.876030e+001  2.997650e+001  0.000000e+000
      vertex  4.945658e+001  3.034460e+001  0.000000e+000
      vertex  4.964397e+001  3.052977e+001  0.000000e+000
    endloop
  endfacet
  facet normal  0.000000e+000  -0.000000e+000  1.000000e+000
    outer loop
      vertex  4.876030e+001  2.997650e+001  0.000000e+000
      vertex  4.964397e+001  3.052977e+001  0.000000e+000
      vertex  4.979606e+001  3.074487e+001  0.000000e+000
    endloop
  endfacet
  facet normal  0.000000e+000  -0.000000e+000  1.000000e+000
    outer loop
      vertex  4.876030e+001  2.997650e+001  0.000000e+000
      vertex  4.979606e+001  3.074487e+001  0.000000e+000
      vertex  4.990818e+001  3.098326e+001  0.000000e+000
    endloop
  endfacet
  facet normal  0.000000e+000  -0.000000e+000  1.000000e+000
    outer loop
      vertex  4.854342e+001  2.982697e+001  0.000000e+000
      vertex  4.876030e+001  2.997650e+001  0.000000e+000
      vertex  4.990818e+001  3.098326e+001  0.000000e+000
    endloop
  endfacet
  facet normal  0.000000e+000  -0.000000e+000  1.000000e+000
    outer loop
      vertex  4.854342e+001  2.982697e+001  0.000000e+000
      vertex  4.990818e+001  3.098326e+001  0.000000e+000
      vertex  4.997687e+001  3.123758e+001  0.000000e+000
    endloop
  endfacet
  facet normal  0.000000e+000  -0.000000e+000  9.999999e-001
    outer loop
      vertex  4.854342e+001  2.982697e+001  0.000000e+000
      vertex  4.997687e+001  3.123758e+001  0.000000e+000
      vertex  5.000000e+001  3.150000e+001  0.000000e+000
    endloop
  endfacet
  facet normal  0.000000e+000  0.000000e+000  1.000000e+000
    outer loop
      vertex  4.854342e+001  2.982697e+001  0.000000e+000
      vertex  5.000000e+001  3.150000e+001  0.000000e+000
      vertex  4.835603e+001  2.964180e+001  0.000000e+000
    endloop
  endfacet
  facet normal  -0.000000e+000  0.000000e+000  1.000000e+000
    outer loop
      vertex  5.000000e+001  7.550000e+001  0.000000e+000
      vertex  3.950000e+001  7.200000e+001  0.000000e+000
      vertex  3.996930e+001  7.196307e+001  0.000000e+000
    endloop
  endfacet
  facet normal  -0.000000e+000  0.000000e+000  1.000000e+000
    outer loop
      vertex  5.000000e+001  7.550000e+001  0.000000e+000
      vertex  3.996930e+001  7.196307e+001  0.000000e+000
      vertex  4.042705e+001  7.185317e+001  0.000000e+000
    endloop
  endfacet
  facet normal  -0.000000e+000  0.000000e+000  1.000000e+000
    outer loop
      vertex  5.000000e+001  7.550000e+001  0.000000e+000
      vertex  4.042705e+001  7.185317e+001  0.000000e+000
      vertex  4.086197e+001  7.167302e+001  0.000000e+000
    endloop
  endfacet
  facet normal  -0.000000e+000  0.000000e+000  1.000000e+000
    outer loop
      vertex  5.000000e+001  7.550000e+001  0.000000e+000
      vertex  4.086197e+001  7.167302e+001  0.000000e+000
      vertex  4.126336e+001  7.142705e+001  0.000000e+000
    endloop
  endfacet
  facet normal  -0.000000e+000  0.000000e+000  1.000000e+000
    outer loop
      vertex  5.000000e+001  7.550000e+001  0.000000e+000
      vertex  4.126336e+001  7.142705e+001  0.000000e+000
      vertex  4.162132e+001  7.112132e+001  0.000000e+000
    endloop
  endfacet
  facet normal  -0.000000e+000  0.000000e+000  1.000000e+000
    outer loop
      vertex  5.000000e+001  7.550000e+001  0.000000e+000
      vertex  4.162132e+001  7.112132e+001  0.000000e+000
      vertex  4.192705e+001  7.076336e+001  0.000000e+000
    endloop
  endfacet
  facet normal  -0.000000e+000  0.000000e+000  1.000000e+000
    outer loop
      vertex  5.000000e+001  7.550000e+001  0.000000e+000
      vertex  4.192705e+001  7.076336e+001  0.000000e+000
      vertex  4.217302e+001  7.036197e+001  0.000000e+000
    endloop
  endfacet
  facet normal  -0.000000e+000  0.000000e+000  1.000000e+000
    outer loop
      vertex  5.000000e+001  7.550000e+001  0.000000e+000
      vertex  4.217302e+001  7.036197e+001  0.000000e+000
      vertex  4.235317e+001  6.992705e+001  0.000000e+000
    endloop
  endfacet
  facet normal  -0.000000e+000  0.000000e+000  1.000000e+000
    outer loop
      vertex  5.000000e+001  7.550000e+001  0.000000e+000
      vertex  4.235317e+001  6.992705e+001  0.000000e+000
      vertex  4.246307e+001  6.946931e+001  0.000000e+000
    endloop
  endfacet
  facet normal  -0.000000e+000  0.000000e+000  1.000000e+000
    outer loop
      vertex  5.000000e+001  7.550000e+001  0.000000e+000
      vertex  4.246307e+001  6.946931e+001  0.000000e+000
      vertex  5.000000e+001  3.150000e+001  0.000000e+000
    endloop
  endfacet
  facet normal  0.000000e+000  0.000000e+000  1.000000e+000
    outer loop
      vertex  3.950000e+001  7.200000e+001  0.000000e+000
      vertex  5.000000e+001  7.550000e+001  0.000000e+000
      vertex  4.996307e+001  7.596931e+001  0.000000e+000
    endloop
  endfacet
  facet normal  0.000000e+000  0.000000e+000  1.000000e+000
    outer loop
      vertex  3.950000e+001  7.200000e+001  0.000000e+000
      vertex  4.996307e+001  7.596931e+001  0.000000e+000
      vertex  4.985317e+001  7.642705e+001  0.000000e+000
    endloop
  endfacet
  facet normal  0.000000e+000  0.000000e+000  1.000000e+000
    outer loop
      vertex  3.950000e+001  7.200000e+001  0.000000e+000
      vertex  4.985317e+001  7.642705e+001  0.000000e+000
      vertex  4.967302e+001  7.686197e+001  0.000000e+000
    endloop
  endfacet
  facet normal  0.000000e+000  0.000000e+000  9.999999e-001
    outer loop
      vertex  3.950000e+001  7.200000e+001  0.000000e+000
      vertex  4.967302e+001  7.686197e+001  0.000000e+000
      vertex  4.942705e+001  7.726336e+001  0.000000e+000
    endloop
  endfacet
  facet normal  0.000000e+000  0.000000e+000  1.000000e+000
    outer loop
      vertex  3.950000e+001  7.200000e+001  0.000000e+000
      vertex  4.942705e+001  7.726336e+001  0.000000e+000
      vertex  4.912132e+001  7.762132e+001  0.000000e+000
    endloop
  endfacet
  facet normal  0.000000e+000  0.000000e+000  1.000000e+000
    outer loop
      vertex  3.950000e+001  7.200000e+001  0.000000e+000
      vertex  4.912132e+001  7.762132e+001  0.000000e+000
      vertex  4.876336e+001  7.792705e+001  0.000000e+000
    endloop
  endfacet
  facet normal  0.000000e+000  0.000000e+000  1.000000e+000
    outer loop
      vertex  3.950000e+001  7.200000e+001  0.000000e+000
      vertex  4.876336e+001  7.792705e+001  0.000000e+000
      vertex  4.836197e+001  7.817302e+001  0.000000e+000
    endloop
  endfacet
  facet normal  0.000000e+000  0.000000e+000  1.000000e+000
    outer loop
      vertex  3.950000e+001  7.200000e+001  0.000000e+000
      vertex  4.836197e+001  7.817302e+001  0.000000e+000
      vertex  4.792705e+001  7.835317e+001  0.000000e+000
    endloop
  endfacet
  facet normal  0.000000e+000  0.000000e+000  1.000000e+000
    outer loop
      vertex  3.950000e+001  7.200000e+001  0.000000e+000
      vertex  4.792705e+001  7.835317e+001  0.000000e+000
      vertex  4.746930e+001  7.846307e+001  0.000000e+000
    endloop
  endfacet
  facet normal  0.000000e+000  0.000000e+000  1.000000e+000
    outer loop
      vertex  3.950000e+001  7.200000e+001  0.000000e+000
      vertex  4.746930e+001  7.846307e+001  0.000000e+000
      vertex  4.700000e+001  7.850000e+001  0.000000e+000
    endloop
  endfacet
  facet normal  0.000000e+000  0.000000e+000  1.000000e+000
    outer loop
      vertex  3.950000e+001  7.200000e+001  0.000000e+000
      vertex  4.700000e+001  7.850000e+001  0.000000e+000
      vertex  2.150000e+001  7.850000e+001  0.000000e+000
    endloop
  endfacet
  facet normal  0.000000e+000  0.000000e+000  1.000000e+000
    outer loop
      vertex  3.950000e+001  7.200000e+001  0.000000e+000
      vertex  2.150000e+001  7.850000e+001  0.000000e+000
      vertex  2.123318e+001  7.847607e+001  0.000000e+000
    endloop
  endfacet
  facet normal  0.000000e+000  0.000000e+000  1.000000e+000
    outer loop
      vertex  3.950000e+001  7.200000e+001  0.000000e+000
      vertex  2.123318e+001  7.847607e+001  0.000000e+000
      vertex  2.097486e+001  7.840508e+001  0.000000e+000
    endloop
  endfacet
  facet normal  0.000000e+000  0.000000e+000  1.000000e+000
    outer loop
      vertex  3.950000e+001  7.200000e+001  0.000000e+000
      vertex  2.097486e+001  7.840508e+001  0.000000e+000
      vertex  2.073330e+001  7.828925e+001  0.000000e+000
    endloop
  endfacet
  facet normal  0.000000e+000  0.000000e+000  1.000000e+000
    outer loop
      vertex  3.950000e+001  7.200000e+001  0.000000e+000
      vertex  2.073330e+001  7.828925e+001  0.000000e+000
      vertex  2.051620e+001  7.813231e+001  0.000000e+000
    endloop
  endfacet
  facet normal  0.000000e+000  0.000000e+000  1.000000e+000
    outer loop
      vertex  3.950000e+001  7.200000e+001  0.000000e+000
      vertex  2.051620e+001  7.813231e+001  0.000000e+000
      vertex  2.033047e+001  7.793925e+001  0.000000e+000
    endloop
  endfacet
  facet normal  0.000000e+000  0.000000e+000  9.999999e-001
    outer loop
      vertex  3.950000e+001  7.200000e+001  0.000000e+000
      vertex  2.033047e+001  7.793925e+001  0.000000e+000
      vertex  2.018204e+001  7.771623e+001  0.000000e+000
    endloop
  endfacet
  facet normal  0.000000e+000  0.000000e+000  1.000000e+000
    outer loop
      vertex  3.950000e+001  7.200000e+001  0.000000e+000
      vertex  2.018204e+001  7.771623e+001  0.000000e+000
      vertex  2.007566e+001  7.747037e+001  0.000000e+000
    endloop
  endfacet
  facet normal  0.000000e+000  0.000000e+000  1.000000e+000
    outer loop
      vertex  3.950000e+001  7.200000e+001  0.000000e+000
      vertex  2.007566e+001  7.747037e+001  0.000000e+000
      vertex  2.001470e+001  7.720950e+001  0.000000e+000
    endloop
  endfacet
  facet normal  0.000000e+000  0.000000e+000  1.000000e+000
    outer loop
      vertex  3.950000e+001  7.200000e+001  0.000000e+000
      vertex  2.001470e+001  7.720950e+001  0.000000e+000
      vertex  1.995375e+001  7.694864e+001  0.000000e+000
    endloop
  endfacet
  facet normal  0.000000e+000  0.000000e+000  9.999999e-001
    outer loop
      vertex  3.950000e+001  7.200000e+001  0.000000e+000
      vertex  1.995375e+001  7.694864e+001  0.000000e+000
      vertex  1.984736e+001  7.670277e+001  0.000000e+000
    endloop
  endfacet
  facet normal  0.000000e+000  0.000000e+000  1.000000e+000
    outer loop
      vertex  3.950000e+001  7.200000e+001  0.000000e+000
      vertex  1.984736e+001  7.670277e+001  0.000000e+000
      vertex  1.969894e+001  7.647975e+001  0.000000e+000
    endloop
  endfacet
  facet normal  0.000000e+000  0.000000e+000  1.000000e+000
    outer loop
      vertex  3.950000e+001  7.200000e+001  0.000000e+000
      vertex  1.969894e+001  7.647975e+001  0.000000e+000
      vertex  1.951321e+001  7.628670e+001  0.000000e+000
    endloop
  endfacet
  facet normal  0.000000e+000  0.000000e+000  1.000000e+000
    outer loop
      vertex  3.950000e+001  7.200000e+001  0.000000e+000
      vertex  1.951321e+001  7.628670e+001  0.000000e+000
      vertex  1.929610e+001  7.612975e+001  0.000000e+000
    endloop
  endfacet
  facet normal  0.000000e+000  0.000000e+000  1.000000e+000
    outer loop
      vertex  3.950000e+001  7.200000e+001  0.000000e+000
      vertex  1.929610e+001  7.612975e+001  0.000000e+000
      vertex  1.905454e+001  7.601393e+001  0.000000e+000
    endloop
  endfacet
  facet normal  0.000000e+000  0.000000e+000  1.000000e+000
    outer loop
      vertex  3.950000e+001  7.200000e+001  0.000000e+000
      vertex  1.905454e+001  7.601393e+001  0.000000e+000
      vertex  1.879623e+001  7.594293e+001  0.000000e+000
    endloop
  endfacet
  facet normal  0.000000e+000  0.000000e+000  9.999999e-001
    outer loop
      vertex  3.950000e+001  7.200000e+001  0.000000e+000
      vertex  1.879623e+001  7.594293e+001  0.000000e+000
      vertex  1.852941e+001  7.591901e+001  0.000000e+000
    endloop
  endfacet
  facet normal  0.000000e+000  0.000000e+000  1.000000e+000
    outer loop
      vertex  3.950000e+001  7.200000e+001  0.000000e+000
      vertex  1.852941e+001  7.591901e+001  0.000000e+000
      vertex  1.650000e+001  7.591901e+001  0.000000e+000
    endloop
  endfacet
  facet normal  0.000000e+000  0.000000e+000  1.000000e+000
    outer loop
      vertex  3.950000e+001  7.200000e+001  0.000000e+000
      vertex  1.650000e+001  7.591901e+001  0.000000e+000
      vertex  1.623318e+001  7.594293e+001  0.000000e+000
    endloop
  endfacet
  facet normal  0.000000e+000  0.000000e+000  1.000000e+000
    outer loop
      vertex -5.000000e+001  7.550000e+001  0.000000e+000
      vertex -5.000000e+001  3.132843e+001  0.000000e+000
      vertex -4.246307e+001  6.946931e+001  0.000000e+000
    endloop
  endfacet
  facet normal  0.000000e+000  -0.000000e+000  1.000000e+000
    outer loop
      vertex -5.000000e+001  7.550000e+001  0.000000e+000
      vertex -4.246307e+001  6.946931e+001  0.000000e+000
      vertex -4.235317e+001  6.992705e+001  0.000000e+000
    endloop
  endfacet
  facet normal  0.000000e+000  -0.000000e+000  1.000000e+000
    outer loop
      vertex -5.000000e+001  7.550000e+001  0.000000e+000
      vertex -4.235317e+001  6.992705e+001  0.000000e+000
      vertex -4.217302e+001  7.036197e+001  0.000000e+000
    endloop
  endfacet
  facet normal  0.000000e+000  -0.000000e+000  1.000000e+000
    outer loop
      vertex -5.000000e+001  7.550000e+001  0.000000e+000
      vertex -4.217302e+001  7.036197e+001  0.000000e+000
      vertex -4.192705e+001  7.076336e+001  0.000000e+000
    endloop
  endfacet
  facet normal  0.000000e+000  -0.000000e+000  1.000000e+000
    outer loop
      vertex -5.000000e+001  7.550000e+001  0.000000e+000
      vertex -4.192705e+001  7.076336e+001  0.000000e+000
      vertex -4.162132e+001  7.112132e+001  0.000000e+000
    endloop
  endfacet
  facet normal  0.000000e+000  -0.000000e+000  1.000000e+000
    outer loop
      vertex -5.000000e+001  7.550000e+001  0.000000e+000
      vertex -4.162132e+001  7.112132e+001  0.000000e+000
      vertex -4.126336e+001  7.142705e+001  0.000000e+000
    endloop
  endfacet
  facet normal  0.000000e+000  -0.000000e+000  1.000000e+000
    outer loop
      vertex -5.000000e+001  7.550000e+001  0.000000e+000
      vertex -4.126336e+001  7.142705e+001  0.000000e+000
      vertex -4.086197e+001  7.167302e+001  0.000000e+000
    endloop
  endfacet
  facet normal  0.000000e+000  -0.000000e+000  1.000000e+000
    outer loop
      vertex -5.000000e+001  7.550000e+001  0.000000e+000
      vertex -4.086197e+001  7.167302e+001  0.000000e+000
      vertex -4.042705e+001  7.185317e+001  0.000000e+000
    endloop
  endfacet
  facet normal  0.000000e+000  -0.000000e+000  1.000000e+000
    outer loop
      vertex -5.000000e+001  7.550000e+001  0.000000e+000
      vertex -4.042705e+001  7.185317e+001  0.000000e+000
      vertex -3.996930e+001  7.196307e+001  0.000000e+000
    endloop
  endfacet
  facet normal  0.000000e+000  -0.000000e+000  1.000000e+000
    outer loop
      vertex -5.000000e+001  7.550000e+001  0.000000e+000
      vertex -3.996930e+001  7.196307e+001  0.000000e+000
      vertex -3.950000e+001  7.200000e+001  0.000000e+000
    endloop
  endfacet
  facet normal  0.000000e+000  -0.000000e+000  1.000000e+000
    outer loop
      vertex  4.876030e+001 -2.519507e+001  0.000000e+000
      vertex  4.900000e+001 -2.508579e+001  0.000000e+000
      vertex  4.945658e+001 -2.482697e+001  0.000000e+000
    endloop
  endfacet
  facet normal  0.000000e+000  -0.000000e+000  1.000000e+000
    outer loop
      vertex  4.876030e+001 -2.519507e+001  0.000000e+000
      vertex  4.945658e+001 -2.482697e+001  0.000000e+000
      vertex  4.964397e+001 -2.464180e+001  0.000000e+000
    endloop
  endfacet
  facet normal  0.000000e+000  -0.000000e+000  1.000000e+000
    outer loop
      vertex  4.876030e+001 -2.519507e+001  0.000000e+000
      vertex  4.964397e+001 -2.464180e+001  0.000000e+000
      vertex  4.979606e+001 -2.442670e+001  0.000000e+000
    endloop
  endfacet
  facet normal  0.000000e+000  -0.000000e+000  9.999999e-001
    outer loop
      vertex  4.876030e+001 -2.519507e+001  0.000000e+000
      vertex  4.979606e+001 -2.442670e+001  0.000000e+000
      vertex  4.990818e+001 -2.418832e+001  0.000000e+000
    endloop
  endfacet
  facet normal  0.000000e+000  -0.000000e+000  1.000000e+000
    outer loop
      vertex  4.854342e+001 -2.534460e+001  0.000000e+000
      vertex  4.876030e+001 -2.519507e+001  0.000000e+000
      vertex  4.990818e+001 -2.418832e+001  0.000000e+000
    endloop
  endfacet
  facet normal  0.000000e+000  -0.000000e+000  1.000000e+000
    outer loop
      vertex  4.854342e+001 -2.534460e+001  0.000000e+000
      vertex  4.990818e+001 -2.418832e+001  0.000000e+000
      vertex  4.997687e+001 -2.393399e+001  0.000000e+000
    endloop
  endfacet
  facet normal  0.000000e+000  -0.000000e+000  9.999999e-001
    outer loop
      vertex  4.854342e+001 -2.534460e+001  0.000000e+000
      vertex  4.997687e+001 -2.393399e+001  0.000000e+000
      vertex  5.000000e+001 -2.367157e+001  0.000000e+000
    endloop
  endfacet
  facet normal  0.000000e+000  0.000000e+000  1.000000e+000
    outer loop
      vertex  4.854342e+001 -2.534460e+001  0.000000e+000
      vertex  5.000000e+001 -2.367157e+001  0.000000e+000
      vertex  4.835603e+001 -2.552977e+001  0.000000e+000
    endloop
  endfacet
  facet normal  0.000000e+000  -0.000000e+000  1.000000e+000
    outer loop
      vertex  4.650000e+001 -4.592425e-016  0.000000e+000
      vertex  4.800000e+001 -2.650000e+001  0.000000e+000
      vertex  4.802313e+001 -2.623758e+001  0.000000e+000
    endloop
  endfacet
  facet normal  0.000000e+000  -0.000000e+000  1.000000e+000
    outer loop
      vertex  4.650000e+001 -4.592425e-016  0.000000e+000
      vertex  4.802313e+001 -2.623758e+001  0.000000e+000
      vertex  4.809182e+001 -2.598326e+001  0.000000e+000
    endloop
  endfacet
  facet normal  0.000000e+000  -0.000000e+000  1.000000e+000
    outer loop
      vertex  4.650000e+001 -4.592425e-016  0.000000e+000
      vertex  4.809182e+001 -2.598326e+001  0.000000e+000
      vertex  4.820394e+001 -2.574487e+001  0.000000e+000
    endloop
  endfacet
  facet normal  0.000000e+000  -0.000000e+000  1.000000e+000
    outer loop
      vertex  4.650000e+001 -4.592425e-016  0.000000e+000
      vertex  4.820394e+001 -2.574487e+001  0.000000e+000
      vertex  4.835603e+001 -2.552977e+001  0.000000e+000
    endloop
  endfacet
  facet normal  0.000000e+000  -0.000000e+000  1.000000e+000
    outer loop
      vertex  4.650000e+001 -4.592425e-016  0.000000e+000
      vertex  4.835603e+001 -2.552977e+001  0.000000e+000
      vertex  5.000000e+001 -2.367157e+001  0.000000e+000
    endloop
  endfacet
  facet normal  0.000000e+000  -0.000000e+000  1.000000e+000
    outer loop
      vertex  4.650000e+001 -4.592425e-016  0.000000e+000
      vertex  5.000000e+001 -2.367157e+001  0.000000e+000
      vertex  5.000000e+001  2.367157e+001  0.000000e+000
    endloop
  endfacet
  facet normal  0.000000e+000  0.000000e+000  1.000000e+000
    outer loop
      vertex  4.650000e+001 -4.592425e-016  0.000000e+000
      vertex  5.000000e+001  2.367157e+001  0.000000e+000
      vertex  4.997687e+001  2.393399e+001  0.000000e+000
    endloop
  endfacet
  facet normal  0.000000e+000  0.000000e+000  1.000000e+000
    outer loop
      vertex  4.650000e+001 -4.592425e-016  0.000000e+000
      vertex  4.997687e+001  2.393399e+001  0.000000e+000
      vertex  4.990818e+001  2.418832e+001  0.000000e+000
    endloop
  endfacet
  facet normal  0.000000e+000  0.000000e+000  9.999999e-001
    outer loop
      vertex  4.650000e+001 -4.592425e-016  0.000000e+000
      vertex  4.990818e+001  2.418832e+001  0.000000e+000
      vertex  4.979606e+001  2.442670e+001  0.000000e+000
    endloop
  endfacet
  facet normal  0.000000e+000  0.000000e+000  1.000000e+000
    outer loop
      vertex  4.650000e+001 -4.592425e-016  0.000000e+000
      vertex  4.979606e+001  2.442670e+001  0.000000e+000
      vertex  4.964397e+001  2.464180e+001  0.000000e+000
    endloop
  endfacet
  facet normal  0.000000e+000  0.000000e+000  1.000000e+000
    outer loop
      vertex  4.650000e+001 -4.592425e-016  0.000000e+000
      vertex  4.964397e+001  2.464180e+001  0.000000e+000
      vertex  4.945658e+001  2.482697e+001  0.000000e+000
    endloop
  endfacet
  facet normal  0.000000e+000  0.000000e+000  9.999999e-001
    outer loop
      vertex  4.650000e+001 -4.592425e-016  0.000000e+000
      vertex  4.945658e+001  2.482697e+001  0.000000e+000
      vertex  4.923970e+001  2.497650e+001  0.000000e+000
    endloop
  endfacet
  facet normal  0.000000e+000  0.000000e+000  1.000000e+000
    outer loop
      vertex  4.650000e+001 -4.592425e-016  0.000000e+000
      vertex  4.923970e+001  2.497650e+001  0.000000e+000
      vertex  4.900000e+001  2.508579e+001  0.000000e+000
    endloop
  endfacet
  facet normal  0.000000e+000  0.000000e+000  1.000000e+000
    outer loop
      vertex  4.650000e+001 -4.592425e-016  0.000000e+000
      vertex  4.900000e+001  2.508579e+001  0.000000e+000
      vertex  4.876030e+001  2.519507e+001  0.000000e+000
    endloop
  endfacet
  facet normal  0.000000e+000  0.000000e+000  1.000000e+000
    outer loop
      vertex  4.650000e+001 -4.592425e-016  0.000000e+000
      vertex  4.876030e+001  2.519507e+001  0.000000e+000
      vertex  4.854342e+001  2.534460e+001  0.000000e+000
    endloop
  endfacet
  facet normal  0.000000e+000  0.000000e+000  1.000000e+000
    outer loop
      vertex  4.650000e+001 -4.592425e-016  0.000000e+000
      vertex  4.854342e+001  2.534460e+001  0.000000e+000
      vertex  4.835603e+001  2.552977e+001  0.000000e+000
    endloop
  endfacet
  facet normal  0.000000e+000  0.000000e+000  1.000000e+000
    outer loop
      vertex  4.650000e+001 -4.592425e-016  0.000000e+000
      vertex  4.835603e+001  2.552977e+001  0.000000e+000
      vertex  4.820394e+001  2.574487e+001  0.000000e+000
    endloop
  endfacet
  facet normal  0.000000e+000  0.000000e+000  1.000000e+000
    outer loop
      vertex  4.650000e+001 -4.592425e-016  0.000000e+000
      vertex  4.820394e+001  2.574487e+001  0.000000e+000
      vertex  4.809182e+001  2.598326e+001  0.000000e+000
    endloop
  endfacet
  facet normal  0.000000e+000  0.000000e+000  1.000000e+000
    outer loop
      vertex  4.650000e+001 -4.592425e-016  0.000000e+000
      vertex  4.809182e+001  2.598326e+001  0.000000e+000
      vertex  4.802313e+001  2.623758e+001  0.000000e+000
    endloop
  endfacet
  facet normal  0.000000e+000  0.000000e+000  1.000000e+000
    outer loop
      vertex  4.650000e+001 -4.592425e-016  0.000000e+000
      vertex  4.802313e+001  2.623758e+001  0.000000e+000
      vertex  4.800000e+001  2.650000e+001  0.000000e+000
    endloop
  endfacet
  facet normal  0.000000e+000  -0.000000e+000  1.000000e+000
    outer loop
      vertex  4.650000e+001 -4.592425e-016  0.000000e+000
      vertex  4.800000e+001  2.650000e+001  0.000000e+000
      vertex  4.800000e+001  2.867157e+001  0.000000e+000
    endloop
  endfacet
  facet normal  0.000000e+000  0.000000e+000  1.000000e+000
    outer loop
      vertex  5.000000e+001 -7.550000e+001  0.000000e+000
      vertex  4.250000e+001 -6.900000e+001  0.000000e+000
      vertex  4.246307e+001 -6.946931e+001  0.000000e+000
    endloop
  endfacet
  facet normal  0.000000e+000  0.000000e+000  1.000000e+000
    outer loop
      vertex  5.000000e+001 -7.550000e+001  0.000000e+000
      vertex  4.246307e+001 -6.946931e+001  0.000000e+000
      vertex  4.235317e+001 -6.992705e+001  0.000000e+000
    endloop
  endfacet
  facet normal  0.000000e+000  0.000000e+000  1.000000e+000
    outer loop
      vertex  5.000000e+001 -7.550000e+001  0.000000e+000
      vertex  4.235317e+001 -6.992705e+001  0.000000e+000
      vertex  4.217302e+001 -7.036197e+001  0.000000e+000
    endloop
  endfacet
  facet normal  0.000000e+000  0.000000e+000  1.000000e+000
    outer loop
      vertex  5.000000e+001 -7.550000e+001  0.000000e+000
      vertex  4.217302e+001 -7.036197e+001  0.000000e+000
      vertex  4.192705e+001 -7.076336e+001  0.000000e+000
    endloop
  endfacet
  facet normal  0.000000e+000  0.000000e+000  1.000000e+000
    outer loop
      vertex  5.000000e+001 -7.550000e+001  0.000000e+000
      vertex  4.192705e+001 -7.076336e+001  0.000000e+000
      vertex  4.162132e+001 -7.112132e+001  0.000000e+000
    endloop
  endfacet
  facet normal  0.000000e+000  0.000000e+000  1.000000e+000
    outer loop
      vertex  5.000000e+001 -7.550000e+001  0.000000e+000
      vertex  4.162132e+001 -7.112132e+001  0.000000e+000
      vertex  4.126336e+001 -7.142705e+001  0.000000e+000
    endloop
  endfacet
  facet normal  0.000000e+000  0.000000e+000  1.000000e+000
    outer loop
      vertex  5.000000e+001 -7.550000e+001  0.000000e+000
      vertex  4.126336e+001 -7.142705e+001  0.000000e+000
      vertex  4.086197e+001 -7.167302e+001  0.000000e+000
    endloop
  endfacet
  facet normal  0.000000e+000  0.000000e+000  1.000000e+000
    outer loop
      vertex  5.000000e+001 -7.550000e+001  0.000000e+000
      vertex  4.086197e+001 -7.167302e+001  0.000000e+000
      vertex  4.042705e+001 -7.185317e+001  0.000000e+000
    endloop
  endfacet
  facet normal  0.000000e+000  0.000000e+000  1.000000e+000
    outer loop
      vertex  5.000000e+001 -7.550000e+001  0.000000e+000
      vertex  4.042705e+001 -7.185317e+001  0.000000e+000
      vertex  3.996930e+001 -7.196307e+001  0.000000e+000
    endloop
  endfacet
  facet normal  0.000000e+000  0.000000e+000  1.000000e+000
    outer loop
      vertex  5.000000e+001 -7.550000e+001  0.000000e+000
      vertex  3.996930e+001 -7.196307e+001  0.000000e+000
      vertex  3.950000e+001 -7.200000e+001  0.000000e+000
    endloop
  endfacet
  facet normal  0.000000e+000  -0.000000e+000  1.000000e+000
    outer loop
      vertex -5.000000e+001 -7.550000e+001  0.000000e+000
      vertex -4.996307e+001 -7.596931e+001  0.000000e+000
      vertex -3.950000e+001 -7.200000e+001  0.000000e+000
    endloop
  endfacet
  facet normal  0.000000e+000  0.000000e+000  1.000000e+000
    outer loop
      vertex -5.000000e+001 -7.550000e+001  0.000000e+000
      vertex -3.950000e+001 -7.200000e+001  0.000000e+000
      vertex -3.996930e+001 -7.196307e+001  0.000000e+000
    endloop
  endfacet
  facet normal  0.000000e+000  0.000000e+000  1.000000e+000
    outer loop
      vertex -5.000000e+001 -7.550000e+001  0.000000e+000
      vertex -3.996930e+001 -7.196307e+001  0.000000e+000
      vertex -4.042705e+001 -7.185317e+001  0.000000e+000
    endloop
  endfacet
  facet normal  0.000000e+000  0.000000e+000  1.000000e+000
    outer loop
      vertex -5.000000e+001 -7.550000e+001  0.000000e+000
      vertex -4.042705e+001 -7.185317e+001  0.000000e+000
      vertex -4.086197e+001 -7.167302e+001  0.000000e+000
    endloop
  endfacet
  facet normal  0.000000e+000  0.000000e+000  1.000000e+000
    outer loop
      vertex -5.000000e+001 -7.550000e+001  0.000000e+000
      vertex -4.086197e+001 -7.167302e+001  0.000000e+000
      vertex -4.126336e+001 -7.142705e+001  0.000000e+000
    endloop
  endfacet
  facet normal  0.000000e+000  0.000000e+000  1.000000e+000
    outer loop
      vertex -5.000000e+001 -7.550000e+001  0.000000e+000
      vertex -4.126336e+001 -7.142705e+001  0.000000e+000
      vertex -4.162132e+001 -7.112132e+001  0.000000e+000
    endloop
  endfacet
  facet normal  0.000000e+000  0.000000e+000  1.000000e+000
    outer loop
      vertex -5.000000e+001 -7.550000e+001  0.000000e+000
      vertex -4.162132e+001 -7.112132e+001  0.000000e+000
      vertex -4.192705e+001 -7.076336e+001  0.000000e+000
    endloop
  endfacet
  facet normal  0.000000e+000  0.000000e+000  1.000000e+000
    outer loop
      vertex -5.000000e+001 -7.550000e+001  0.000000e+000
      vertex -4.192705e+001 -7.076336e+001  0.000000e+000
      vertex -4.217302e+001 -7.036197e+001  0.000000e+000
    endloop
  endfacet
  facet normal  0.000000e+000  0.000000e+000  1.000000e+000
    outer loop
      vertex -5.000000e+001 -7.550000e+001  0.000000e+000
      vertex -4.217302e+001 -7.036197e+001  0.000000e+000
      vertex -4.235317e+001 -6.992705e+001  0.000000e+000
    endloop
  endfacet
  facet normal  0.000000e+000  0.000000e+000  1.000000e+000
    outer loop
      vertex -5.000000e+001 -7.550000e+001  0.000000e+000
      vertex -4.235317e+001 -6.992705e+001  0.000000e+000
      vertex -4.246307e+001 -6.946931e+001  0.000000e+000
    endloop
  endfacet
  facet normal  0.000000e+000  0.000000e+000  1.000000e+000
    outer loop
      vertex -5.000000e+001 -7.550000e+001  0.000000e+000
      vertex -4.246307e+001 -6.946931e+001  0.000000e+000
      vertex -4.250000e+001 -6.900000e+001  0.000000e+000
    endloop
  endfacet
  facet normal  0.000000e+000  0.000000e+000  1.000000e+000
    outer loop
      vertex  2.500000e+000 -7.200000e+001  0.000000e+000
      vertex  1.350000e+001 -7.200000e+001  0.000000e+000
      vertex  1.330491e+001 -7.198078e+001  0.000000e+000
    endloop
  endfacet
  facet normal  0.000000e+000  0.000000e+000  1.000000e+000
    outer loop
      vertex  2.500000e+000 -7.200000e+001  0.000000e+000
      vertex  1.330491e+001 -7.198078e+001  0.000000e+000
      vertex  1.311732e+001 -7.192388e+001  0.000000e+000
    endloop
  endfacet
  facet normal  0.000000e+000  0.000000e+000  1.000000e+000
    outer loop
      vertex  2.500000e+000 -7.200000e+001  0.000000e+000
      vertex  1.311732e+001 -7.192388e+001  0.000000e+000
      vertex  1.294443e+001 -7.183147e+001  0.000000e+000
    endloop
  endfacet
  facet normal  0.000000e+000  0.000000e+000  1.000000e+000
    outer loop
      vertex  2.500000e+000 -7.200000e+001  0.000000e+000
      vertex  1.294443e+001 -7.183147e+001  0.000000e+000
      vertex  1.279289e+001 -7.170711e+001  0.000000e+000
    endloop
  endfacet
  facet normal  0.000000e+000  0.000000e+000  1.000000e+000
    outer loop
      vertex  2.500000e+000 -7.200000e+001  0.000000e+000
      vertex  1.279289e+001 -7.170711e+001  0.000000e+000
      vertex  1.266853e+001 -7.155557e+001  0.000000e+000
    endloop
  endfacet
  facet normal  0.000000e+000  0.000000e+000  1.000000e+000
    outer loop
      vertex  2.500000e+000 -7.200000e+001  0.000000e+000
      vertex  1.266853e+001 -7.155557e+001  0.000000e+000
      vertex  1.257612e+001 -7.138268e+001  0.000000e+000
    endloop
  endfacet
  facet normal  0.000000e+000  0.000000e+000  9.999999e-001
    outer loop
      vertex  2.500000e+000 -7.200000e+001  0.000000e+000
      vertex  1.257612e+001 -7.138268e+001  0.000000e+000
      vertex  1.251921e+001 -7.119509e+001  0.000000e+000
    endloop
  endfacet
  facet normal  0.000000e+000  0.000000e+000  1.000000e+000
    outer loop
      vertex  2.500000e+000 -7.200000e+001  0.000000e+000
      vertex  1.251921e+001 -7.119509e+001  0.000000e+000
      vertex  1.250000e+001 -7.100000e+001  0.000000e+000
    endloop
  endfacet
  facet normal  0.000000e+000  -0.000000e+000  1.000000e+000
    outer loop
      vertex  2.500000e+000 -7.200000e+001  0.000000e+000
      vertex  1.250000e+001 -7.100000e+001  0.000000e+000
      vertex  1.250000e+001 -6.800000e+001  0.000000e+000
    endloop
  endfacet
  facet normal  0.000000e+000  -0.000000e+000  1.000000e+000
    outer loop
      vertex  2.500000e+000 -7.200000e+001  0.000000e+000
      vertex  1.250000e+001 -6.800000e+001  0.000000e+000
      vertex  1.251921e+001 -6.780491e+001  0.000000e+000
    endloop
  endfacet
  facet normal  0.000000e+000  -0.000000e+000  1.000000e+000
    outer loop
      vertex  2.500000e+000 -7.200000e+001  0.000000e+000
      vertex  1.251921e+001 -6.780491e+001  0.000000e+000
      vertex  1.257612e+001 -6.761732e+001  0.000000e+000
    endloop
  endfacet
  facet normal  0.000000e+000  -0.000000e+000  1.000000e+000
    outer loop
      vertex  2.500000e+000 -7.200000e+001  0.000000e+000
      vertex  1.257612e+001 -6.761732e+001  0.000000e+000
      vertex  1.266853e+001 -6.744443e+001  0.000000e+000
    endloop
  endfacet
  facet normal  0.000000e+000  -0.000000e+000  1.000000e+000
    outer loop
      vertex  2.500000e+000 -7.200000e+001  0.000000e+000
      vertex  1.266853e+001 -6.744443e+001  0.000000e+000
      vertex  1.279289e+001 -6.729289e+001  0.000000e+000
    endloop
  endfacet
  facet normal  0.000000e+000  -0.000000e+000  1.000000e+000
    outer loop
      vertex  2.500000e+000 -7.200000e+001  0.000000e+000
      vertex  1.279289e+001 -6.729289e+001  0.000000e+000
      vertex  1.294443e+001 -6.716853e+001  0.000000e+000
    endloop
  endfacet
  facet normal  0.000000e+000  0.000000e+000  1.000000e+000
    outer loop
      vertex -2.500000e+000 -7.200000e+001  0.000000e+000
      vertex -1.250000e+001 -6.800000e+001  0.000000e+000
      vertex -1.250000e+001 -7.100000e+001  0.000000e+000
    endloop
  endfacet
  facet normal  0.000000e+000  0.000000e+000  1.000000e+000
    outer loop
      vertex -2.500000e+000 -7.200000e+001  0.000000e+000
      vertex -1.250000e+001 -7.100000e+001  0.000000e+000
      vertex -1.251921e+001 -7.119509e+001  0.000000e+000
    endloop
  endfacet
  facet normal  0.000000e+000  0.000000e+000  9.999999e-001
    outer loop
      vertex -2.500000e+000 -7.200000e+001  0.000000e+000
      vertex -1.251921e+001 -7.119509e+001  0.000000e+000
      vertex -1.257612e+001 -7.138268e+001  0.000000e+000
    endloop
  endfacet
  facet normal  0.000000e+000  0.000000e+000  1.000000e+000
    outer loop
      vertex -2.500000e+000 -7.200000e+001  0.000000e+000
      vertex -1.257612e+001 -7.138268e+001  0.000000e+000
      vertex -1.266853e+001 -7.155557e+001  0.000000e+000
    endloop
  endfacet
  facet normal  0.000000e+000  0.000000e+000  1.000000e+000
    outer loop
      vertex -2.500000e+000 -7.200000e+001  0.000000e+000
      vertex -1.266853e+001 -7.155557e+001  0.000000e+000
      vertex -1.279289e+001 -7.170711e+001  0.000000e+000
    endloop
  endfacet
  facet normal  0.000000e+000  0.000000e+000  1.000000e+000
    outer loop
      vertex -2.500000e+000 -7.200000e+001  0.000000e+000
      vertex -1.279289e+001 -7.170711e+001  0.000000e+000
      vertex -1.294443e+001 -7.183147e+001  0.000000e+000
    endloop
  endfacet
  facet normal  0.000000e+000  0.000000e+000  1.000000e+000
    outer loop
      vertex -2.500000e+000 -7.200000e+001  0.000000e+000
      vertex -1.294443e+001 -7.183147e+001  0.000000e+000
      vertex -1.311732e+001 -7.192388e+001  0.000000e+000
    endloop
  endfacet
  facet normal  0.000000e+000  0.000000e+000  1.000000e+000
    outer loop
      vertex -2.500000e+000 -7.200000e+001  0.000000e+000
      vertex -1.311732e+001 -7.192388e+001  0.000000e+000
      vertex -1.330491e+001 -7.198078e+001  0.000000e+000
    endloop
  endfacet
  facet normal  0.000000e+000  0.000000e+000  1.000000e+000
    outer loop
      vertex -2.500000e+000 -7.200000e+001  0.000000e+000
      vertex -1.330491e+001 -7.198078e+001  0.000000e+000
      vertex -1.350000e+001 -7.200000e+001  0.000000e+000
    endloop
  endfacet
  facet normal  0.000000e+000  0.000000e+000  9.999999e-001
    outer loop
      vertex -1.995375e+001 -7.694864e+001  0.000000e+000
      vertex -2.073330e+001 -7.828925e+001  0.000000e+000
      vertex -2.051620e+001 -7.813231e+001  0.000000e+000
    endloop
  endfacet
  facet normal  0.000000e+000  0.000000e+000  1.000000e+000
    outer loop
      vertex -1.995375e+001 -7.694864e+001  0.000000e+000
      vertex -2.051620e+001 -7.813231e+001  0.000000e+000
      vertex -2.033047e+001 -7.793925e+001  0.000000e+000
    endloop
  endfacet
  facet normal  0.000000e+000  0.000000e+000  1.000000e+000
    outer loop
      vertex -1.995375e+001 -7.694864e+001  0.000000e+000
      vertex -2.033047e+001 -7.793925e+001  0.000000e+000
      vertex -2.018204e+001 -7.771623e+001  0.000000e+000
    endloop
  endfacet
  facet normal  0.000000e+000  0.000000e+000  1.000000e+000
    outer loop
      vertex -1.995375e+001 -7.694864e+001  0.000000e+000
      vertex -2.018204e+001 -7.771623e+001  0.000000e+000
      vertex -2.001470e+001 -7.720950e+001  0.000000e+000
    endloop
  endfacet
  facet normal  0.000000e+000  0.000000e+000  1.000000e+000
    outer loop
      vertex -1.984736e+001 -7.670277e+001  0.000000e+000
      vertex -1.969894e+001 -7.647975e+001  0.000000e+000
      vertex -2.150000e+001 -7.850000e+001  0.000000e+000
    endloop
  endfacet
  facet normal  0.000000e+000  0.000000e+000  1.000000e+000
    outer loop
      vertex -1.984736e+001 -7.670277e+001  0.000000e+000
      vertex -2.150000e+001 -7.850000e+001  0.000000e+000
      vertex -2.123318e+001 -7.847607e+001  0.000000e+000
    endloop
  endfacet
  facet normal  0.000000e+000  0.000000e+000  1.000000e+000
    outer loop
      vertex -1.984736e+001 -7.670277e+001  0.000000e+000
      vertex -2.123318e+001 -7.847607e+001  0.000000e+000
      vertex -2.097486e+001 -7.840508e+001  0.000000e+000
    endloop
  endfacet
  facet normal  0.000000e+000  0.000000e+000  1.000000e+000
    outer loop
      vertex -1.984736e+001 -7.670277e+001  0.000000e+000
      vertex -2.097486e+001 -7.840508e+001  0.000000e+000
      vertex -2.073330e+001 -7.828925e+001  0.000000e+000
    endloop
  endfacet
  facet normal  0.000000e+000  0.000000e+000  1.000000e+000
    outer loop
      vertex -1.984736e+001 -7.670277e+001  0.000000e+000
      vertex -2.073330e+001 -7.828925e+001  0.000000e+000
      vertex -1.995375e+001 -7.694864e+001  0.000000e+000
    endloop
  endfacet
  facet normal  -0.000000e+000  0.000000e+000  1.000000e+000
    outer loop
      vertex -3.950000e+001 -7.200000e+001  0.000000e+000
      vertex -4.996307e+001 -7.596931e+001  0.000000e+000
      vertex -4.985317e+001 -7.642705e+001  0.000000e+000
    endloop
  endfacet
  facet normal  -0.000000e+000  0.000000e+000  1.000000e+000
    outer loop
      vertex -3.950000e+001 -7.200000e+001  0.000000e+000
      vertex -4.985317e+001 -7.642705e+001  0.000000e+000
      vertex -4.967302e+001 -7.686197e+001  0.000000e+000
    endloop
  endfacet
  facet normal  -0.000000e+000  0.000000e+000  9.999999e-001
    outer loop
      vertex -3.950000e+001 -7.200000e+001  0.000000e+000
      vertex -4.967302e+001 -7.686197e+001  0.000000e+000
      vertex -4.942705e+001 -7.726336e+001  0.000000e+000
    endloop
  endfacet
  facet normal  -0.000000e+000  0.000000e+000  1.000000e+000
    outer loop
      vertex -3.950000e+001 -7.200000e+001  0.000000e+000
      vertex -4.942705e+001 -7.726336e+001  0.000000e+000
      vertex -4.912132e+001 -7.762132e+001  0.000000e+000
    endloop
  endfacet
  facet normal  -0.000000e+000  0.000000e+000  1.000000e+000
    outer loop
      vertex -3.950000e+001 -7.200000e+001  0.000000e+000
      vertex -4.912132e+001 -7.762132e+001  0.000000e+000
      vertex -4.876336e+001 -7.792705e+001  0.000000e+000
    endloop
  endfacet
  facet normal  -0.000000e+000  0.000000e+000  1.000000e+000
    outer loop
      vertex -3.950000e+001 -7.200000e+001  0.000000e+000
      vertex -4.876336e+001 -7.792705e+001  0.000000e+000
      vertex -4.836197e+001 -7.817302e+001  0.000000e+000
    endloop
  endfacet
  facet normal  -0.000000e+000  0.000000e+000  1.000000e+000
    outer loop
      vertex -3.950000e+001 -7.200000e+001  0.000000e+000
      vertex -4.836197e+001 -7.817302e+001  0.000000e+000
      vertex -4.792705e+001 -7.835317e+001  0.000000e+000
    endloop
  endfacet
  facet normal  -0.000000e+000  0.000000e+000  1.000000e+000
    outer loop
      vertex -3.950000e+001 -7.200000e+001  0.000000e+000
      vertex -4.792705e+001 -7.835317e+001  0.000000e+000
      vertex -4.746930e+001 -7.846307e+001  0.000000e+000
    endloop
  endfacet
  facet normal  -0.000000e+000  0.000000e+000  1.000000e+000
    outer loop
      vertex -3.950000e+001 -7.200000e+001  0.000000e+000
      vertex -4.746930e+001 -7.846307e+001  0.000000e+000
      vertex -4.700000e+001 -7.850000e+001  0.000000e+000
    endloop
  endfacet
  facet normal  0.000000e+000  0.000000e+000  1.000000e+000
    outer loop
      vertex -3.950000e+001 -7.200000e+001  0.000000e+000
      vertex -4.700000e+001 -7.850000e+001  0.000000e+000
      vertex -2.150000e+001 -7.850000e+001  0.000000e+000
    endloop
  endfacet
  facet normal  0.000000e+000  -0.000000e+000  1.000000e+000
    outer loop
      vertex -3.950000e+001 -7.200000e+001  0.000000e+000
      vertex -2.150000e+001 -7.850000e+001  0.000000e+000
      vertex -1.969894e+001 -7.647975e+001  0.000000e+000
    endloop
  endfacet
  facet normal  0.000000e+000  -0.000000e+000  1.000000e+000
    outer loop
      vertex -3.950000e+001 -7.200000e+001  0.000000e+000
      vertex -1.969894e+001 -7.647975e+001  0.000000e+000
      vertex -1.951321e+001 -7.628670e+001  0.000000e+000
    endloop
  endfacet
  facet normal  0.000000e+000  -0.000000e+000  1.000000e+000
    outer loop
      vertex -3.950000e+001 -7.200000e+001  0.000000e+000
      vertex -1.951321e+001 -7.628670e+001  0.000000e+000
      vertex -1.929610e+001 -7.612975e+001  0.000000e+000
    endloop
  endfacet
  facet normal  0.000000e+000  -0.000000e+000  1.000000e+000
    outer loop
      vertex -3.950000e+001 -7.200000e+001  0.000000e+000
      vertex -1.929610e+001 -7.612975e+001  0.000000e+000
      vertex -1.905454e+001 -7.601393e+001  0.000000e+000
    endloop
  endfacet
  facet normal  0.000000e+000  -0.000000e+000  1.000000e+000
    outer loop
      vertex -3.950000e+001 -7.200000e+001  0.000000e+000
      vertex -1.905454e+001 -7.601393e+001  0.000000e+000
      vertex -1.879623e+001 -7.594293e+001  0.000000e+000
    endloop
  endfacet
  facet normal  0.000000e+000  -0.000000e+000  9.999999e-001
    outer loop
      vertex -3.950000e+001 -7.200000e+001  0.000000e+000
      vertex -1.879623e+001 -7.594293e+001  0.000000e+000
      vertex -1.852941e+001 -7.591901e+001  0.000000e+000
    endloop
  endfacet
  facet normal  0.000000e+000  -0.000000e+000  1.000000e+000
    outer loop
      vertex  1.352941e+001 -7.850000e+001  0.000000e+000
      vertex  1.379623e+001 -7.847607e+001  0.000000e+000
      vertex  1.533047e+001 -7.647975e+001  0.000000e+000
    endloop
  endfacet
  facet normal  0.000000e+000  0.000000e+000  1.000000e+000
    outer loop
      vertex  1.352941e+001 -7.850000e+001  0.000000e+000
      vertex  1.533047e+001 -7.647975e+001  0.000000e+000
      vertex  1.350000e+001 -7.200000e+001  0.000000e+000
    endloop
  endfacet
  facet normal  0.000000e+000  0.000000e+000  1.000000e+000
    outer loop
      vertex  1.352941e+001 -7.850000e+001  0.000000e+000
      vertex  1.350000e+001 -7.200000e+001  0.000000e+000
      vertex  2.500000e+000 -7.200000e+001  0.000000e+000
    endloop
  endfacet
  facet normal  0.000000e+000  0.000000e+000  1.000000e+000
    outer loop
      vertex  1.352941e+001 -7.850000e+001  0.000000e+000
      vertex  2.500000e+000 -7.200000e+001  0.000000e+000
      vertex  2.462019e+000 -7.243412e+001  0.000000e+000
    endloop
  endfacet
  facet normal  0.000000e+000  0.000000e+000  1.000000e+000
    outer loop
      vertex  1.352941e+001 -7.850000e+001  0.000000e+000
      vertex  2.462019e+000 -7.243412e+001  0.000000e+000
      vertex  2.349231e+000 -7.285505e+001  0.000000e+000
    endloop
  endfacet
  facet normal  0.000000e+000  0.000000e+000  1.000000e+000
    outer loop
      vertex  1.352941e+001 -7.850000e+001  0.000000e+000
      vertex  2.349231e+000 -7.285505e+001  0.000000e+000
      vertex  2.165064e+000 -7.325000e+001  0.000000e+000
    endloop
  endfacet
  facet normal  0.000000e+000  0.000000e+000  1.000000e+000
    outer loop
      vertex  1.352941e+001 -7.850000e+001  0.000000e+000
      vertex  2.165064e+000 -7.325000e+001  0.000000e+000
      vertex  1.915111e+000 -7.360697e+001  0.000000e+000
    endloop
  endfacet
  facet normal  0.000000e+000  0.000000e+000  1.000000e+000
    outer loop
      vertex  1.352941e+001 -7.850000e+001  0.000000e+000
      vertex  1.915111e+000 -7.360697e+001  0.000000e+000
      vertex  1.606969e+000 -7.391511e+001  0.000000e+000
    endloop
  endfacet
  facet normal  0.000000e+000  0.000000e+000  9.999999e-001
    outer loop
      vertex  1.352941e+001 -7.850000e+001  0.000000e+000
      vertex  1.606969e+000 -7.391511e+001  0.000000e+000
      vertex  1.250000e+000 -7.416506e+001  0.000000e+000
    endloop
  endfacet
  facet normal  0.000000e+000  0.000000e+000  9.999999e-001
    outer loop
      vertex  1.352941e+001 -7.850000e+001  0.000000e+000
      vertex  1.250000e+000 -7.416506e+001  0.000000e+000
      vertex  8.550504e-001 -7.434923e+001  0.000000e+000
    endloop
  endfacet
  facet normal  0.000000e+000  0.000000e+000  9.999999e-001
    outer loop
      vertex  1.352941e+001 -7.850000e+001  0.000000e+000
      vertex  8.550504e-001 -7.434923e+001  0.000000e+000
      vertex  4.341204e-001 -7.446202e+001  0.000000e+000
    endloop
  endfacet
  facet normal  0.000000e+000  0.000000e+000  1.000000e+000
    outer loop
      vertex  1.352941e+001 -7.850000e+001  0.000000e+000
      vertex  4.341204e-001 -7.446202e+001  0.000000e+000
      vertex -3.061617e-016 -7.450000e+001  0.000000e+000
    endloop
  endfacet
  facet normal  0.000000e+000  0.000000e+000  1.000000e+000
    outer loop
      vertex  1.352941e+001 -7.850000e+001  0.000000e+000
      vertex -3.061617e-016 -7.450000e+001  0.000000e+000
      vertex -4.341204e-001 -7.446202e+001  0.000000e+000
    endloop
  endfacet
  facet normal  0.000000e+000  0.000000e+000  1.000000e+000
    outer loop
      vertex  3.950000e+001 -7.200000e+001  0.000000e+000
      vertex  1.623318e+001 -7.594293e+001  0.000000e+000
      vertex  1.650000e+001 -7.591901e+001  0.000000e+000
    endloop
  endfacet
  facet normal  0.000000e+000  0.000000e+000  1.000000e+000
    outer loop
      vertex  3.950000e+001 -7.200000e+001  0.000000e+000
      vertex  1.650000e+001 -7.591901e+001  0.000000e+000
      vertex  1.852941e+001 -7.591901e+001  0.000000e+000
    endloop
  endfacet
  facet normal  -0.000000e+000  0.000000e+000  1.000000e+000
    outer loop
      vertex  3.950000e+001 -7.200000e+001  0.000000e+000
      vertex  1.852941e+001 -7.591901e+001  0.000000e+000
      vertex  1.879623e+001 -7.594293e+001  0.000000e+000
    endloop
  endfacet
  facet normal  -0.000000e+000  0.000000e+000  1.000000e+000
    outer loop
      vertex  3.950000e+001 -7.200000e+001  0.000000e+000
      vertex  1.879623e+001 -7.594293e+001  0.000000e+000
      vertex  1.905454e+001 -7.601393e+001  0.000000e+000
    endloop
  endfacet
  facet normal  -0.000000e+000  0.000000e+000  1.000000e+000
    outer loop
      vertex  3.950000e+001 -7.200000e+001  0.000000e+000
      vertex  1.905454e+001 -7.601393e+001  0.000000e+000
      vertex  1.929610e+001 -7.612975e+001  0.000000e+000
    endloop
  endfacet
  facet normal  -0.000000e+000  0.000000e+000  1.000000e+000
    outer loop
      vertex  3.950000e+001 -7.200000e+001  0.000000e+000
      vertex  1.929610e+001 -7.612975e+001  0.000000e+000
      vertex  1.951321e+001 -7.628670e+001  0.000000e+000
    endloop
  endfacet
  facet normal  -0.000000e+000  0.000000e+000  1.000000e+000
    outer loop
      vertex  3.950000e+001 -7.200000e+001  0.000000e+000
      vertex  1.951321e+001 -7.628670e+001  0.000000e+000
      vertex  1.969894e+001 -7.647975e+001  0.000000e+000
    endloop
  endfacet
  facet normal  -0.000000e+000  0.000000e+000  1.000000e+000
    outer loop
      vertex  3.950000e+001 -7.200000e+001  0.000000e+000
      vertex  1.969894e+001 -7.647975e+001  0.000000e+000
      vertex  1.984736e+001 -7.670277e+001  0.000000e+000
    endloop
  endfacet
  facet normal  -0.000000e+000  0.000000e+000  1.000000e+000
    outer loop
      vertex  3.950000e+001 -7.200000e+001  0.000000e+000
      vertex  1.984736e+001 -7.670277e+001  0.000000e+000
      vertex  1.995375e+001 -7.694864e+001  0.000000e+000
    endloop
  endfacet
  facet normal  -0.000000e+000  0.000000e+000  1.000000e+000
    outer loop
      vertex  3.950000e+001 -7.200000e+001  0.000000e+000
      vertex  1.995375e+001 -7.694864e+001  0.000000e+000
      vertex  2.001470e+001 -7.720950e+001  0.000000e+000
    endloop
  endfacet
  facet normal  -0.000000e+000  0.000000e+000  1.000000e+000
    outer loop
      vertex  3.950000e+001 -7.200000e+001  0.000000e+000
      vertex  2.001470e+001 -7.720950e+001  0.000000e+000
      vertex  2.007566e+001 -7.747037e+001  0.000000e+000
    endloop
  endfacet
  facet normal  -0.000000e+000  0.000000e+000  1.000000e+000
    outer loop
      vertex  3.950000e+001 -7.200000e+001  0.000000e+000
      vertex  2.007566e+001 -7.747037e+001  0.000000e+000
      vertex  2.018204e+001 -7.771623e+001  0.000000e+000
    endloop
  endfacet
  facet normal  -0.000000e+000  0.000000e+000  1.000000e+000
    outer loop
      vertex  3.950000e+001 -7.200000e+001  0.000000e+000
      vertex  2.018204e+001 -7.771623e+001  0.000000e+000
      vertex  2.033047e+001 -7.793925e+001  0.000000e+000
    endloop
  endfacet
  facet normal  -0.000000e+000  0.000000e+000  1.000000e+000
    outer loop
      vertex  3.950000e+001 -7.200000e+001  0.000000e+000
      vertex  2.033047e+001 -7.793925e+001  0.000000e+000
      vertex  2.051620e+001 -7.813231e+001  0.000000e+000
    endloop
  endfacet
  facet normal  -0.000000e+000  0.000000e+000  1.000000e+000
    outer loop
      vertex  3.950000e+001 -7.200000e+001  0.000000e+000
      vertex  2.051620e+001 -7.813231e+001  0.000000e+000
      vertex  2.073330e+001 -7.828925e+001  0.000000e+000
    endloop
  endfacet
  facet normal  -0.000000e+000  0.000000e+000  1.000000e+000
    outer loop
      vertex  3.950000e+001 -7.200000e+001  0.000000e+000
      vertex  2.073330e+001 -7.828925e+001  0.000000e+000
      vertex  2.097486e+001 -7.840508e+001  0.000000e+000
    endloop
  endfacet
  facet normal  -0.000000e+000  0.000000e+000  1.000000e+000
    outer loop
      vertex  3.950000e+001 -7.200000e+001  0.000000e+000
      vertex  2.097486e+001 -7.840508e+001  0.000000e+000
      vertex  2.123318e+001 -7.847607e+001  0.000000e+000
    endloop
  endfacet
  facet normal  -0.000000e+000  0.000000e+000  1.000000e+000
    outer loop
      vertex  3.950000e+001 -7.200000e+001  0.000000e+000
      vertex  2.123318e+001 -7.847607e+001  0.000000e+000
      vertex  2.150000e+001 -7.850000e+001  0.000000e+000
    endloop
  endfacet
  facet normal  0.000000e+000  0.000000e+000  9.999999e-001
    outer loop
      vertex  1.507566e+001 -7.694864e+001  0.000000e+000
      vertex  1.429610e+001 -7.828925e+001  0.000000e+000
      vertex  1.451321e+001 -7.813231e+001  0.000000e+000
    endloop
  endfacet
  facet normal  0.000000e+000  0.000000e+000  1.000000e+000
    outer loop
      vertex  1.507566e+001 -7.694864e+001  0.000000e+000
      vertex  1.451321e+001 -7.813231e+001  0.000000e+000
      vertex  1.469894e+001 -7.793925e+001  0.000000e+000
    endloop
  endfacet
  facet normal  0.000000e+000  0.000000e+000  1.000000e+000
    outer loop
      vertex  1.507566e+001 -7.694864e+001  0.000000e+000
      vertex  1.469894e+001 -7.793925e+001  0.000000e+000
      vertex  1.484736e+001 -7.771623e+001  0.000000e+000
    endloop
  endfacet
  facet normal  0.000000e+000  0.000000e+000  1.000000e+000
    outer loop
      vertex  1.507566e+001 -7.694864e+001  0.000000e+000
      vertex  1.484736e+001 -7.771623e+001  0.000000e+000
      vertex  1.501470e+001 -7.720950e+001  0.000000e+000
    endloop
  endfacet
  facet normal  0.000000e+000  0.000000e+000  1.000000e+000
    outer loop
      vertex  1.518204e+001 -7.670277e+001  0.000000e+000
      vertex  1.533047e+001 -7.647975e+001  0.000000e+000
      vertex  1.379623e+001 -7.847607e+001  0.000000e+000
    endloop
  endfacet
  facet normal  0.000000e+000  0.000000e+000  1.000000e+000
    outer loop
      vertex  1.518204e+001 -7.670277e+001  0.000000e+000
      vertex  1.379623e+001 -7.847607e+001  0.000000e+000
      vertex  1.405454e+001 -7.840508e+001  0.000000e+000
    endloop
  endfacet
  facet normal  0.000000e+000  0.000000e+000  1.000000e+000
    outer loop
      vertex  1.518204e+001 -7.670277e+001  0.000000e+000
      vertex  1.405454e+001 -7.840508e+001  0.000000e+000
      vertex  1.429610e+001 -7.828925e+001  0.000000e+000
    endloop
  endfacet
  facet normal  0.000000e+000  0.000000e+000  1.000000e+000
    outer loop
      vertex  1.518204e+001 -7.670277e+001  0.000000e+000
      vertex  1.429610e+001 -7.828925e+001  0.000000e+000
      vertex  1.507566e+001 -7.694864e+001  0.000000e+000
    endloop
  endfacet
  facet normal  0.000000e+000  -0.000000e+000  1.000000e+000
    outer loop
      vertex  1.350000e+001 -7.200000e+001  0.000000e+000
      vertex  1.533047e+001 -7.647975e+001  0.000000e+000
      vertex  1.551620e+001 -7.628670e+001  0.000000e+000
    endloop
  endfacet
  facet normal  0.000000e+000  -0.000000e+000  1.000000e+000
    outer loop
      vertex  1.350000e+001 -7.200000e+001  0.000000e+000
      vertex  1.551620e+001 -7.628670e+001  0.000000e+000
      vertex  1.573330e+001 -7.612975e+001  0.000000e+000
    endloop
  endfacet
  facet normal  0.000000e+000  -0.000000e+000  1.000000e+000
    outer loop
      vertex  1.350000e+001 -7.200000e+001  0.000000e+000
      vertex  1.573330e+001 -7.612975e+001  0.000000e+000
      vertex  1.597486e+001 -7.601393e+001  0.000000e+000
    endloop
  endfacet
  facet normal  0.000000e+000  -0.000000e+000  1.000000e+000
    outer loop
      vertex  1.350000e+001 -7.200000e+001  0.000000e+000
      vertex  1.597486e+001 -7.601393e+001  0.000000e+000
      vertex  1.623318e+001 -7.594293e+001  0.000000e+000
    endloop
  endfacet
  facet normal  0.000000e+000  -0.000000e+000  1.000000e+000
    outer loop
      vertex  1.350000e+001 -7.200000e+001  0.000000e+000
      vertex  1.623318e+001 -7.594293e+001  0.000000e+000
      vertex  3.950000e+001 -7.200000e+001  0.000000e+000
    endloop
  endfacet
  facet normal  0.000000e+000  0.000000e+000  1.000000e+000
    outer loop
      vertex -4.650000e+001  1.530808e-016  0.000000e+000
      vertex -4.800000e+001  2.850000e+001  0.000000e+000
      vertex -4.800000e+001  2.632843e+001  0.000000e+000
    endloop
  endfacet
  facet normal  0.000000e+000  0.000000e+000  1.000000e+000
    outer loop
      vertex -4.650000e+001  1.530808e-016  0.000000e+000
      vertex -4.800000e+001  2.632843e+001  0.000000e+000
      vertex -4.802313e+001  2.606601e+001  0.000000e+000
    endloop
  endfacet
  facet normal  0.000000e+000  0.000000e+000  1.000000e+000
    outer loop
      vertex -4.650000e+001  1.530808e-016  0.000000e+000
      vertex -4.802313e+001  2.606601e+001  0.000000e+000
      vertex -4.809182e+001  2.581168e+001  0.000000e+000
    endloop
  endfacet
  facet normal  0.000000e+000  0.000000e+000  1.000000e+000
    outer loop
      vertex -4.650000e+001  1.530808e-016  0.000000e+000
      vertex -4.809182e+001  2.581168e+001  0.000000e+000
      vertex -4.820394e+001  2.557330e+001  0.000000e+000
    endloop
  endfacet
  facet normal  0.000000e+000  0.000000e+000  1.000000e+000
    outer loop
      vertex -4.650000e+001  1.530808e-016  0.000000e+000
      vertex -4.820394e+001  2.557330e+001  0.000000e+000
      vertex -4.835603e+001  2.535820e+001  0.000000e+000
    endloop
  endfacet
  facet normal  0.000000e+000  0.000000e+000  1.000000e+000
    outer loop
      vertex -4.650000e+001  1.530808e-016  0.000000e+000
      vertex -4.835603e+001  2.535820e+001  0.000000e+000
      vertex -4.854342e+001  2.517303e+001  0.000000e+000
    endloop
  endfacet
  facet normal  0.000000e+000  0.000000e+000  9.999999e-001
    outer loop
      vertex -4.650000e+001  1.530808e-016  0.000000e+000
      vertex -4.854342e+001  2.517303e+001  0.000000e+000
      vertex -4.876030e+001  2.502350e+001  0.000000e+000
    endloop
  endfacet
  facet normal  0.000000e+000  0.000000e+000  1.000000e+000
    outer loop
      vertex -4.650000e+001  1.530808e-016  0.000000e+000
      vertex -4.876030e+001  2.502350e+001  0.000000e+000
      vertex -4.900000e+001  2.491421e+001  0.000000e+000
    endloop
  endfacet
  facet normal  0.000000e+000  0.000000e+000  1.000000e+000
    outer loop
      vertex -4.650000e+001  1.530808e-016  0.000000e+000
      vertex -4.900000e+001  2.491421e+001  0.000000e+000
      vertex -4.923970e+001  2.480493e+001  0.000000e+000
    endloop
  endfacet
  facet normal  0.000000e+000  0.000000e+000  1.000000e+000
    outer loop
      vertex -4.650000e+001  1.530808e-016  0.000000e+000
      vertex -4.923970e+001  2.480493e+001  0.000000e+000
      vertex -4.945658e+001  2.465540e+001  0.000000e+000
    endloop
  endfacet
  facet normal  0.000000e+000  0.000000e+000  1.000000e+000
    outer loop
      vertex -4.650000e+001  1.530808e-016  0.000000e+000
      vertex -4.945658e+001  2.465540e+001  0.000000e+000
      vertex -4.964397e+001  2.447023e+001  0.000000e+000
    endloop
  endfacet
  facet normal  0.000000e+000  0.000000e+000  1.000000e+000
    outer loop
      vertex -4.650000e+001  1.530808e-016  0.000000e+000
      vertex -4.964397e+001  2.447023e+001  0.000000e+000
      vertex -4.979606e+001  2.425513e+001  0.000000e+000
    endloop
  endfacet
  facet normal  0.000000e+000  0.000000e+000  9.999999e-001
    outer loop
      vertex -4.650000e+001  1.530808e-016  0.000000e+000
      vertex -4.979606e+001  2.425513e+001  0.000000e+000
      vertex -4.990818e+001  2.401674e+001  0.000000e+000
    endloop
  endfacet
  facet normal  0.000000e+000  0.000000e+000  9.999999e-001
    outer loop
      vertex -4.650000e+001  1.530808e-016  0.000000e+000
      vertex -4.990818e+001  2.401674e+001  0.000000e+000
      vertex -4.997687e+001  2.376242e+001  0.000000e+000
    endloop
  endfacet
  facet normal  0.000000e+000  0.000000e+000  9.999999e-001
    outer loop
      vertex -4.650000e+001  1.530808e-016  0.000000e+000
      vertex -4.997687e+001  2.376242e+001  0.000000e+000
      vertex -5.000000e+001  2.350000e+001  0.000000e+000
    endloop
  endfacet
  facet normal  0.000000e+000  0.000000e+000  1.000000e+000
    outer loop
      vertex -4.650000e+001  1.530808e-016  0.000000e+000
      vertex -5.000000e+001  2.350000e+001  0.000000e+000
      vertex -5.000000e+001 -2.350000e+001  0.000000e+000
    endloop
  endfacet
  facet normal  -0.000000e+000  0.000000e+000  9.999999e-001
    outer loop
      vertex -4.650000e+001  1.530808e-016  0.000000e+000
      vertex -5.000000e+001 -2.350000e+001  0.000000e+000
      vertex -4.997687e+001 -2.376242e+001  0.000000e+000
    endloop
  endfacet
  facet normal  -0.000000e+000  0.000000e+000  9.999999e-001
    outer loop
      vertex -4.650000e+001  1.530808e-016  0.000000e+000
      vertex -4.997687e+001 -2.376242e+001  0.000000e+000
      vertex -4.990818e+001 -2.401674e+001  0.000000e+000
    endloop
  endfacet
  facet normal  -0.000000e+000  0.000000e+000  9.999999e-001
    outer loop
      vertex -4.650000e+001  1.530808e-016  0.000000e+000
      vertex -4.990818e+001 -2.401674e+001  0.000000e+000
      vertex -4.979606e+001 -2.425513e+001  0.000000e+000
    endloop
  endfacet
  facet normal  -0.000000e+000  0.000000e+000  1.000000e+000
    outer loop
      vertex -4.650000e+001  1.530808e-016  0.000000e+000
      vertex -4.979606e+001 -2.425513e+001  0.000000e+000
      vertex -4.964397e+001 -2.447023e+001  0.000000e+000
    endloop
  endfacet
  facet normal  -0.000000e+000  0.000000e+000  1.000000e+000
    outer loop
      vertex -4.650000e+001  1.530808e-016  0.000000e+000
      vertex -4.964397e+001 -2.447023e+001  0.000000e+000
      vertex -4.945658e+001 -2.465540e+001  0.000000e+000
    endloop
  endfacet
  facet normal  -0.000000e+000  0.000000e+000  1.000000e+000
    outer loop
      vertex -4.650000e+001  1.530808e-016  0.000000e+000
      vertex -4.945658e+001 -2.465540e+001  0.000000e+000
      vertex -4.923970e+001 -2.480493e+001  0.000000e+000
    endloop
  endfacet
  facet normal  -0.000000e+000  0.000000e+000  1.000000e+000
    outer loop
      vertex -4.650000e+001  1.530808e-016  0.000000e+000
      vertex -4.923970e+001 -2.480493e+001  0.000000e+000
      vertex -4.900000e+001 -2.491421e+001  0.000000e+000
    endloop
  endfacet
  facet normal  -0.000000e+000  0.000000e+000  1.000000e+000
    outer loop
      vertex -4.650000e+001  1.530808e-016  0.000000e+000
      vertex -4.900000e+001 -2.491421e+001  0.000000e+000
      vertex -4.876030e+001 -2.502350e+001  0.000000e+000
    endloop
  endfacet
  facet normal  -0.000000e+000  0.000000e+000  9.999999e-001
    outer loop
      vertex -4.650000e+001  1.530808e-016  0.000000e+000
      vertex -4.876030e+001 -2.502350e+001  0.000000e+000
      vertex -4.854342e+001 -2.517303e+001  0.000000e+000
    endloop
  endfacet
  facet normal  -0.000000e+000  0.000000e+000  1.000000e+000
    outer loop
      vertex -4.650000e+001  1.530808e-016  0.000000e+000
      vertex -4.854342e+001 -2.517303e+001  0.000000e+000
      vertex -4.835603e+001 -2.535820e+001  0.000000e+000
    endloop
  endfacet
  facet normal  -0.000000e+000  0.000000e+000  1.000000e+000
    outer loop
      vertex -4.650000e+001  1.530808e-016  0.000000e+000
      vertex -4.835603e+001 -2.535820e+001  0.000000e+000
      vertex -4.820394e+001 -2.557330e+001  0.000000e+000
    endloop
  endfacet
  facet normal  -0.000000e+000  0.000000e+000  1.000000e+000
    outer loop
      vertex -4.650000e+001  1.530808e-016  0.000000e+000
      vertex -4.820394e+001 -2.557330e+001  0.000000e+000
      vertex -4.809182e+001 -2.581168e+001  0.000000e+000
    endloop
  endfacet
  facet normal  -0.000000e+000  0.000000e+000  1.000000e+000
    outer loop
      vertex -4.650000e+001  1.530808e-016  0.000000e+000
      vertex -4.809182e+001 -2.581168e+001  0.000000e+000
      vertex -4.802313e+001 -2.606601e+001  0.000000e+000
    endloop
  endfacet
  facet normal  -0.000000e+000  0.000000e+000  1.000000e+000
    outer loop
      vertex -4.650000e+001  1.530808e-016  0.000000e+000
      vertex -4.802313e+001 -2.606601e+001  0.000000e+000
      vertex -4.800000e+001 -2.632843e+001  0.000000e+000
    endloop
  endfacet
  facet normal  0.000000e+000  -0.000000e+000  1.000000e+000
    outer loop
      vertex  3.850000e+001 -3.700000e+001  0.000000e+000
      vertex  4.150000e+001 -3.700000e+001  0.000000e+000
      vertex  4.150000e+001  1.530808e-016  0.000000e+000
    endloop
  endfacet
  facet normal  0.000000e+000  0.000000e+000  1.000000e+000
    outer loop
      vertex  3.850000e+001 -3.700000e+001  0.000000e+000
      vertex  4.150000e+001  1.530808e-016  0.000000e+000
      vertex -4.150000e+001 -4.592425e-016  0.000000e+000
    endloop
  endfacet
  facet normal  0.000000e+000  0.000000e+000  1.000000e+000
    outer loop
      vertex  3.850000e+001 -3.700000e+001  0.000000e+000
      vertex -4.150000e+001 -4.592425e-016  0.000000e+000
      vertex -3.850000e+001 -3.700000e+001  0.000000e+000
    endloop
  endfacet
  facet normal  -0.000000e+000  0.000000e+000  1.000000e+000
    outer loop
      vertex  3.850000e+001 -3.700000e+001  0.000000e+000
      vertex -3.850000e+001 -3.700000e+001  0.000000e+000
      vertex -3.830491e+001 -3.701921e+001  0.000000e+000
    endloop
  endfacet
  facet normal  -0.000000e+000  0.000000e+000  9.999999e-001
    outer loop
      vertex  3.850000e+001 -3.700000e+001  0.000000e+000
      vertex -3.830491e+001 -3.701921e+001  0.000000e+000
      vertex -3.811732e+001 -3.707612e+001  0.000000e+000
    endloop
  endfacet
  facet normal  -0.000000e+000  0.000000e+000  1.000000e+000
    outer loop
      vertex  3.850000e+001 -3.700000e+001  0.000000e+000
      vertex -3.811732e+001 -3.707612e+001  0.000000e+000
      vertex -3.794443e+001 -3.716853e+001  0.000000e+000
    endloop
  endfacet
  facet normal  -0.000000e+000  0.000000e+000  1.000000e+000
    outer loop
      vertex  3.850000e+001 -3.700000e+001  0.000000e+000
      vertex -3.794443e+001 -3.716853e+001  0.000000e+000
      vertex -3.779289e+001 -3.729289e+001  0.000000e+000
    endloop
  endfacet
  facet normal  -0.000000e+000  0.000000e+000  9.999999e-001
    outer loop
      vertex  3.850000e+001 -3.700000e+001  0.000000e+000
      vertex -3.779289e+001 -3.729289e+001  0.000000e+000
      vertex -3.766853e+001 -3.744443e+001  0.000000e+000
    endloop
  endfacet
  facet normal  -0.000000e+000  0.000000e+000  1.000000e+000
    outer loop
      vertex  3.850000e+001 -3.700000e+001  0.000000e+000
      vertex -3.766853e+001 -3.744443e+001  0.000000e+000
      vertex -3.757612e+001 -3.761732e+001  0.000000e+000
    endloop
  endfacet
  facet normal  -0.000000e+000  0.000000e+000  1.000000e+000
    outer loop
      vertex  3.850000e+001 -3.700000e+001  0.000000e+000
      vertex -3.757612e+001 -3.761732e+001  0.000000e+000
      vertex -3.751921e+001 -3.780491e+001  0.000000e+000
    endloop
  endfacet
  facet normal  -0.000000e+000  0.000000e+000  1.000000e+000
    outer loop
      vertex  3.850000e+001 -3.700000e+001  0.000000e+000
      vertex -3.751921e+001 -3.780491e+001  0.000000e+000
      vertex -3.750000e+001 -3.800000e+001  0.000000e+000
    endloop
  endfacet
  facet normal  0.000000e+000  0.000000e+000  9.999999e-001
    outer loop
      vertex  3.850000e+001 -3.700000e+001  0.000000e+000
      vertex -3.750000e+001 -3.800000e+001  0.000000e+000
      vertex  3.830491e+001 -3.701921e+001  0.000000e+000
    endloop
  endfacet
  facet normal  0.000000e+000  0.000000e+000  9.999999e-001
    outer loop
      vertex  4.169509e+001 -3.701921e+001  0.000000e+000
      vertex  4.188268e+001 -3.707612e+001  0.000000e+000
      vertex  4.183494e+001 -1.250000e+000  0.000000e+000
    endloop
  endfacet
  facet normal  0.000000e+000  0.000000e+000  1.000000e+000
    outer loop
      vertex  4.169509e+001 -3.701921e+001  0.000000e+000
      vertex  4.183494e+001 -1.250000e+000  0.000000e+000
      vertex  4.165077e+001 -8.550504e-001  0.000000e+000
    endloop
  endfacet
  facet normal  0.000000e+000  0.000000e+000  1.000000e+000
    outer loop
      vertex  4.169509e+001 -3.701921e+001  0.000000e+000
      vertex  4.165077e+001 -8.550504e-001  0.000000e+000
      vertex  4.153798e+001 -4.341204e-001  0.000000e+000
    endloop
  endfacet
  facet normal  0.000000e+000  0.000000e+000  9.999999e-001
    outer loop
      vertex  4.169509e+001 -3.701921e+001  0.000000e+000
      vertex  4.153798e+001 -4.341204e-001  0.000000e+000
      vertex  4.150000e+001  1.530808e-016  0.000000e+000
    endloop
  endfacet
  facet normal  0.000000e+000  0.000000e+000  9.999999e-001
    outer loop
      vertex  4.169509e+001 -3.701921e+001  0.000000e+000
      vertex  4.150000e+001  1.530808e-016  0.000000e+000
      vertex  4.150000e+001 -3.700000e+001  0.000000e+000
    endloop
  endfacet
  facet normal  0.000000e+000  0.000000e+000  1.000000e+000
    outer loop
      vertex  4.800000e+001 -2.850000e+001  0.000000e+000
      vertex  4.800000e+001 -2.650000e+001  0.000000e+000
      vertex  4.650000e+001 -4.592425e-016  0.000000e+000
    endloop
  endfacet
  facet normal  0.000000e+000  0.000000e+000  1.000000e+000
    outer loop
      vertex  4.800000e+001 -2.850000e+001  0.000000e+000
      vertex  4.650000e+001 -4.592425e-016  0.000000e+000
      vertex  4.646202e+001 -4.341204e-001  0.000000e+000
    endloop
  endfacet
  facet normal  0.000000e+000  0.000000e+000  1.000000e+000
    outer loop
      vertex  4.800000e+001 -2.850000e+001  0.000000e+000
      vertex  4.646202e+001 -4.341204e-001  0.000000e+000
      vertex  4.634923e+001 -8.550504e-001  0.000000e+000
    endloop
  endfacet
  facet normal  0.000000e+000  0.000000e+000  1.000000e+000
    outer loop
      vertex  4.800000e+001 -2.850000e+001  0.000000e+000
      vertex  4.634923e+001 -8.550504e-001  0.000000e+000
      vertex  4.616506e+001 -1.250000e+000  0.000000e+000
    endloop
  endfacet
  facet normal  0.000000e+000  0.000000e+000  1.000000e+000
    outer loop
      vertex  4.800000e+001 -2.850000e+001  0.000000e+000
      vertex  4.616506e+001 -1.250000e+000  0.000000e+000
      vertex  4.591511e+001 -1.606969e+000  0.000000e+000
    endloop
  endfacet
  facet normal  0.000000e+000  0.000000e+000  1.000000e+000
    outer loop
      vertex  4.800000e+001 -2.850000e+001  0.000000e+000
      vertex  4.591511e+001 -1.606969e+000  0.000000e+000
      vertex  4.560697e+001 -1.915111e+000  0.000000e+000
    endloop
  endfacet
  facet normal  0.000000e+000  0.000000e+000  1.000000e+000
    outer loop
      vertex  4.800000e+001 -2.850000e+001  0.000000e+000
      vertex  4.560697e+001 -1.915111e+000  0.000000e+000
      vertex  4.525000e+001 -2.165064e+000  0.000000e+000
    endloop
  endfacet
  facet normal  0.000000e+000  0.000000e+000  1.000000e+000
    outer loop
      vertex  4.800000e+001 -2.850000e+001  0.000000e+000
      vertex  4.525000e+001 -2.165064e+000  0.000000e+000
      vertex  4.485505e+001 -2.349231e+000  0.000000e+000
    endloop
  endfacet
  facet normal  0.000000e+000  0.000000e+000  1.000000e+000
    outer loop
      vertex  4.800000e+001 -2.850000e+001  0.000000e+000
      vertex  4.485505e+001 -2.349231e+000  0.000000e+000
      vertex  4.443412e+001 -2.462019e+000  0.000000e+000
    endloop
  endfacet
  facet normal  0.000000e+000  0.000000e+000  1.000000e+000
    outer loop
      vertex  4.800000e+001 -2.850000e+001  0.000000e+000
      vertex  4.443412e+001 -2.462019e+000  0.000000e+000
      vertex  4.802313e+001 -2.876242e+001  0.000000e+000
    endloop
  endfacet
  facet normal  0.000000e+000  0.000000e+000  9.999999e-001
    outer loop
      vertex  4.275000e+001 -2.165064e+000  0.000000e+000
      vertex  4.239303e+001 -1.915111e+000  0.000000e+000
      vertex  4.242388e+001 -3.761732e+001  0.000000e+000
    endloop
  endfacet
  facet normal  -0.000000e+000  0.000000e+000  1.000000e+000
    outer loop
      vertex  4.275000e+001 -2.165064e+000  0.000000e+000
      vertex  4.242388e+001 -3.761732e+001  0.000000e+000
      vertex  4.248079e+001 -3.780491e+001  0.000000e+000
    endloop
  endfacet
  facet normal  -0.000000e+000  0.000000e+000  1.000000e+000
    outer loop
      vertex  4.275000e+001 -2.165064e+000  0.000000e+000
      vertex  4.248079e+001 -3.780491e+001  0.000000e+000
      vertex  4.250000e+001 -3.800000e+001  0.000000e+000
    endloop
  endfacet
  facet normal  0.000000e+000  0.000000e+000  9.999999e-001
    outer loop
      vertex  3.850000e+001  3.700000e+001  0.000000e+000
      vertex  3.830491e+001  3.701921e+001  0.000000e+000
      vertex -3.750000e+001  3.800000e+001  0.000000e+000
    endloop
  endfacet
  facet normal  0.000000e+000  0.000000e+000  1.000000e+000
    outer loop
      vertex  3.850000e+001  3.700000e+001  0.000000e+000
      vertex -3.750000e+001  3.800000e+001  0.000000e+000
      vertex -3.751921e+001  3.780491e+001  0.000000e+000
    endloop
  endfacet
  facet normal  0.000000e+000  0.000000e+000  9.999999e-001
    outer loop
      vertex  3.850000e+001  3.700000e+001  0.000000e+000
      vertex -3.751921e+001  3.780491e+001  0.000000e+000
      vertex -3.757612e+001  3.761732e+001  0.000000e+000
    endloop
  endfacet
  facet normal  0.000000e+000  0.000000e+000  1.000000e+000
    outer loop
      vertex  3.850000e+001  3.700000e+001  0.000000e+000
      vertex -3.757612e+001  3.761732e+001  0.000000e+000
      vertex -3.766853e+001  3.744443e+001  0.000000e+000
    endloop
  endfacet
  facet normal  0.000000e+000  0.000000e+000  9.999999e-001
    outer loop
      vertex  3.850000e+001  3.700000e+001  0.000000e+000
      vertex -3.766853e+001  3.744443e+001  0.000000e+000
      vertex -3.779289e+001  3.729289e+001  0.000000e+000
    endloop
  endfacet
  facet normal  0.000000e+000  0.000000e+000  1.000000e+000
    outer loop
      vertex  3.850000e+001  3.700000e+001  0.000000e+000
      vertex -3.779289e+001  3.729289e+001  0.000000e+000
      vertex -3.794443e+001  3.716853e+001  0.000000e+000
    endloop
  endfacet
  facet normal  0.000000e+000  0.000000e+000  1.000000e+000
    outer loop
      vertex  3.850000e+001  3.700000e+001  0.000000e+000
      vertex -3.794443e+001  3.716853e+001  0.000000e+000
      vertex -3.811732e+001  3.707612e+001  0.000000e+000
    endloop
  endfacet
  facet normal  0.000000e+000  0.000000e+000  9.999999e-001
    outer loop
      vertex  3.850000e+001  3.700000e+001  0.000000e+000
      vertex -3.811732e+001  3.707612e+001  0.000000e+000
      vertex -3.830491e+001  3.701921e+001  0.000000e+000
    endloop
  endfacet
  facet normal  0.000000e+000  0.000000e+000  1.000000e+000
    outer loop
      vertex  3.850000e+001  3.700000e+001  0.000000e+000
      vertex -3.830491e+001  3.701921e+001  0.000000e+000
      vertex -3.850000e+001  3.700000e+001  0.000000e+000
    endloop
  endfacet
  facet normal  -0.000000e+000  0.000000e+000  1.000000e+000
    outer loop
      vertex  3.850000e+001  3.700000e+001  0.000000e+000
      vertex -3.850000e+001  3.700000e+001  0.000000e+000
      vertex -4.150000e+001 -4.592425e-016  0.000000e+000
    endloop
  endfacet
  facet normal  0.000000e+000  0.000000e+000  1.000000e+000
    outer loop
      vertex  3.850000e+001  3.700000e+001  0.000000e+000
      vertex -4.150000e+001 -4.592425e-016  0.000000e+000
      vertex  4.150000e+001  1.530808e-016  0.000000e+000
    endloop
  endfacet
  facet normal  0.000000e+000  -0.000000e+000  1.000000e+000
    outer loop
      vertex  3.850000e+001  3.700000e+001  0.000000e+000
      vertex  4.150000e+001  1.530808e-016  0.000000e+000
      vertex  4.150000e+001  3.700000e+001  0.000000e+000
    endloop
  endfacet
  facet normal  0.000000e+000  0.000000e+000  1.000000e+000
    outer loop
      vertex  4.800000e+001  2.867157e+001  0.000000e+000
      vertex  4.802313e+001  2.893399e+001  0.000000e+000
      vertex  4.275000e+001  2.165064e+000  0.000000e+000
    endloop
  endfacet
  facet normal  0.000000e+000  0.000000e+000  1.000000e+000
    outer loop
      vertex  4.800000e+001  2.867157e+001  0.000000e+000
      vertex  4.275000e+001  2.165064e+000  0.000000e+000
      vertex  4.314495e+001  2.349231e+000  0.000000e+000
    endloop
  endfacet
  facet normal  0.000000e+000  0.000000e+000  9.999999e-001
    outer loop
      vertex  4.800000e+001  2.867157e+001  0.000000e+000
      vertex  4.314495e+001  2.349231e+000  0.000000e+000
      vertex  4.356588e+001  2.462019e+000  0.000000e+000
    endloop
  endfacet
  facet normal  0.000000e+000  0.000000e+000  1.000000e+000
    outer loop
      vertex  4.800000e+001  2.867157e+001  0.000000e+000
      vertex  4.356588e+001  2.462019e+000  0.000000e+000
      vertex  4.400000e+001  2.500000e+000  0.000000e+000
    endloop
  endfacet
  facet normal  -0.000000e+000  0.000000e+000  1.000000e+000
    outer loop
      vertex  4.800000e+001  2.867157e+001  0.000000e+000
      vertex  4.400000e+001  2.500000e+000  0.000000e+000
      vertex  4.443412e+001  2.462019e+000  0.000000e+000
    endloop
  endfacet
  facet normal  -0.000000e+000  0.000000e+000  9.999999e-001
    outer loop
      vertex  4.800000e+001  2.867157e+001  0.000000e+000
      vertex  4.443412e+001  2.462019e+000  0.000000e+000
      vertex  4.485505e+001  2.349231e+000  0.000000e+000
    endloop
  endfacet
  facet normal  -0.000000e+000  0.000000e+000  1.000000e+000
    outer loop
      vertex  4.800000e+001  2.867157e+001  0.000000e+000
      vertex  4.485505e+001  2.349231e+000  0.000000e+000
      vertex  4.525000e+001  2.165064e+000  0.000000e+000
    endloop
  endfacet
  facet normal  -0.000000e+000  0.000000e+000  1.000000e+000
    outer loop
      vertex  4.800000e+001  2.867157e+001  0.000000e+000
      vertex  4.525000e+001  2.165064e+000  0.000000e+000
      vertex  4.560697e+001  1.915111e+000  0.000000e+000
    endloop
  endfacet
  facet normal  -0.000000e+000  0.000000e+000  1.000000e+000
    outer loop
      vertex  4.800000e+001  2.867157e+001  0.000000e+000
      vertex  4.560697e+001  1.915111e+000  0.000000e+000
      vertex  4.591511e+001  1.606969e+000  0.000000e+000
    endloop
  endfacet
  facet normal  -0.000000e+000  0.000000e+000  1.000000e+000
    outer loop
      vertex  4.800000e+001  2.867157e+001  0.000000e+000
      vertex  4.591511e+001  1.606969e+000  0.000000e+000
      vertex  4.616506e+001  1.250000e+000  0.000000e+000
    endloop
  endfacet
  facet normal  -0.000000e+000  0.000000e+000  1.000000e+000
    outer loop
      vertex  4.800000e+001  2.867157e+001  0.000000e+000
      vertex  4.616506e+001  1.250000e+000  0.000000e+000
      vertex  4.634923e+001  8.550504e-001  0.000000e+000
    endloop
  endfacet
  facet normal  -0.000000e+000  0.000000e+000  1.000000e+000
    outer loop
      vertex  4.800000e+001  2.867157e+001  0.000000e+000
      vertex  4.634923e+001  8.550504e-001  0.000000e+000
      vertex  4.646202e+001  4.341204e-001  0.000000e+000
    endloop
  endfacet
  facet normal  -0.000000e+000  0.000000e+000  1.000000e+000
    outer loop
      vertex  4.800000e+001  2.867157e+001  0.000000e+000
      vertex  4.646202e+001  4.341204e-001  0.000000e+000
      vertex  4.650000e+001 -4.592425e-016  0.000000e+000
    endloop
  endfacet
  facet normal  0.000000e+000  0.000000e+000  1.000000e+000
    outer loop
      vertex  4.275000e+001  2.165064e+000  0.000000e+000
      vertex  4.250000e+001  3.800000e+001  0.000000e+000
      vertex  4.248079e+001  3.780491e+001  0.000000e+000
    endloop
  endfacet
  facet normal  0.000000e+000  0.000000e+000  1.000000e+000
    outer loop
      vertex  4.275000e+001  2.165064e+000  0.000000e+000
      vertex  4.248079e+001  3.780491e+001  0.000000e+000
      vertex  4.242388e+001  3.761732e+001  0.000000e+000
    endloop
  endfacet
  facet normal  0.000000e+000  0.000000e+000  9.999999e-001
    outer loop
      vertex  4.275000e+001  2.165064e+000  0.000000e+000
      vertex  4.242388e+001  3.761732e+001  0.000000e+000
      vertex  4.239303e+001  1.915111e+000  0.000000e+000
    endloop
  endfacet
  facet normal  -0.000000e+000  0.000000e+000  1.000000e+000
    outer loop
      vertex -2.500000e+000  7.200000e+001  0.000000e+000
      vertex -1.330491e+001  7.198078e+001  0.000000e+000
      vertex -1.311732e+001  7.192388e+001  0.000000e+000
    endloop
  endfacet
  facet normal  -0.000000e+000  0.000000e+000  1.000000e+000
    outer loop
      vertex -2.500000e+000  7.200000e+001  0.000000e+000
      vertex -1.311732e+001  7.192388e+001  0.000000e+000
      vertex -1.294443e+001  7.183147e+001  0.000000e+000
    endloop
  endfacet
  facet normal  -0.000000e+000  0.000000e+000  1.000000e+000
    outer loop
      vertex -2.500000e+000  7.200000e+001  0.000000e+000
      vertex -1.294443e+001  7.183147e+001  0.000000e+000
      vertex -1.279289e+001  7.170711e+001  0.000000e+000
    endloop
  endfacet
  facet normal  -0.000000e+000  0.000000e+000  1.000000e+000
    outer loop
      vertex -2.500000e+000  7.200000e+001  0.000000e+000
      vertex -1.279289e+001  7.170711e+001  0.000000e+000
      vertex -1.266853e+001  7.155557e+001  0.000000e+000
    endloop
  endfacet
  facet normal  -0.000000e+000  0.000000e+000  1.000000e+000
    outer loop
      vertex -2.500000e+000  7.200000e+001  0.000000e+000
      vertex -1.266853e+001  7.155557e+001  0.000000e+000
      vertex -1.257612e+001  7.138268e+001  0.000000e+000
    endloop
  endfacet
  facet normal  -0.000000e+000  0.000000e+000  9.999999e-001
    outer loop
      vertex -2.500000e+000  7.200000e+001  0.000000e+000
      vertex -1.257612e+001  7.138268e+001  0.000000e+000
      vertex -1.251921e+001  7.119509e+001  0.000000e+000
    endloop
  endfacet
  facet normal  -0.000000e+000  0.000000e+000  1.000000e+000
    outer loop
      vertex -2.500000e+000  7.200000e+001  0.000000e+000
      vertex -1.251921e+001  7.119509e+001  0.000000e+000
      vertex -1.250000e+001  7.100000e+001  0.000000e+000
    endloop
  endfacet
  facet normal  -0.000000e+000  0.000000e+000  1.000000e+000
    outer loop
      vertex -2.500000e+000  7.200000e+001  0.000000e+000
      vertex -1.250000e+001  7.100000e+001  0.000000e+000
      vertex -1.250000e+001  6.800000e+001  0.000000e+000
    endloop
  endfacet
  facet normal  0.000000e+000  0.000000e+000  1.000000e+000
    outer loop
      vertex  2.500000e+000  7.200000e+001  0.000000e+000
      vertex  1.294443e+001  6.716853e+001  0.000000e+000
      vertex  1.279289e+001  6.729289e+001  0.000000e+000
    endloop
  endfacet
  facet normal  0.000000e+000  0.000000e+000  1.000000e+000
    outer loop
      vertex  2.500000e+000  7.200000e+001  0.000000e+000
      vertex  1.279289e+001  6.729289e+001  0.000000e+000
      vertex  1.266853e+001  6.744443e+001  0.000000e+000
    endloop
  endfacet
  facet normal  0.000000e+000  0.000000e+000  1.000000e+000
    outer loop
      vertex  2.500000e+000  7.200000e+001  0.000000e+000
      vertex  1.266853e+001  6.744443e+001  0.000000e+000
      vertex  1.257612e+001  6.761732e+001  0.000000e+000
    endloop
  endfacet
  facet normal  0.000000e+000  0.000000e+000  1.000000e+000
    outer loop
      vertex  2.500000e+000  7.200000e+001  0.000000e+000
      vertex  1.257612e+001  6.761732e+001  0.000000e+000
      vertex  1.251921e+001  6.780491e+001  0.000000e+000
    endloop
  endfacet
  facet normal  0.000000e+000  0.000000e+000  1.000000e+000
    outer loop
      vertex  2.500000e+000  7.200000e+001  0.000000e+000
      vertex  1.251921e+001  6.780491e+001  0.000000e+000
      vertex  1.250000e+001  6.800000e+001  0.000000e+000
    endloop
  endfacet
  facet normal  0.000000e+000  -0.000000e+000  1.000000e+000
    outer loop
      vertex  2.500000e+000  7.200000e+001  0.000000e+000
      vertex  1.250000e+001  6.800000e+001  0.000000e+000
      vertex  1.250000e+001  7.100000e+001  0.000000e+000
    endloop
  endfacet
  facet normal  0.000000e+000  -0.000000e+000  1.000000e+000
    outer loop
      vertex  2.500000e+000  7.200000e+001  0.000000e+000
      vertex  1.250000e+001  7.100000e+001  0.000000e+000
      vertex  1.251921e+001  7.119509e+001  0.000000e+000
    endloop
  endfacet
  facet normal  0.000000e+000  -0.000000e+000  9.999999e-001
    outer loop
      vertex  2.500000e+000  7.200000e+001  0.000000e+000
      vertex  1.251921e+001  7.119509e+001  0.000000e+000
      vertex  1.257612e+001  7.138268e+001  0.000000e+000
    endloop
  endfacet
  facet normal  0.000000e+000  -0.000000e+000  1.000000e+000
    outer loop
      vertex  2.500000e+000  7.200000e+001  0.000000e+000
      vertex  1.257612e+001  7.138268e+001  0.000000e+000
      vertex  1.266853e+001  7.155557e+001  0.000000e+000
    endloop
  endfacet
  facet normal  0.000000e+000  -0.000000e+000  1.000000e+000
    outer loop
      vertex  2.500000e+000  7.200000e+001  0.000000e+000
      vertex  1.266853e+001  7.155557e+001  0.000000e+000
      vertex  1.279289e+001  7.170711e+001  0.000000e+000
    endloop
  endfacet
  facet normal  0.000000e+000  -0.000000e+000  1.000000e+000
    outer loop
      vertex  2.500000e+000  7.200000e+001  0.000000e+000
      vertex  1.279289e+001  7.170711e+001  0.000000e+000
      vertex  1.294443e+001  7.183147e+001  0.000000e+000
    endloop
  endfacet
  facet normal  0.000000e+000  -0.000000e+000  1.000000e+000
    outer loop
      vertex  2.500000e+000  7.200000e+001  0.000000e+000
      vertex  1.294443e+001  7.183147e+001  0.000000e+000
      vertex  1.311732e+001  7.192388e+001  0.000000e+000
    endloop
  endfacet
  facet normal  0.000000e+000  -0.000000e+000  1.000000e+000
    outer loop
      vertex  2.500000e+000  7.200000e+001  0.000000e+000
      vertex  1.311732e+001  7.192388e+001  0.000000e+000
      vertex  1.330491e+001  7.198078e+001  0.000000e+000
    endloop
  endfacet
  facet normal  0.000000e+000  -0.000000e+000  1.000000e+000
    outer loop
      vertex  2.500000e+000  7.200000e+001  0.000000e+000
      vertex  1.330491e+001  7.198078e+001  0.000000e+000
      vertex  1.350000e+001  7.200000e+001  0.000000e+000
    endloop
  endfacet
  facet normal  0.000000e+000  0.000000e+000  1.000000e+000
    outer loop
      vertex -1.992434e+001  7.694864e+001  0.000000e+000
      vertex -1.998530e+001  7.720950e+001  0.000000e+000
      vertex -2.015264e+001  7.771623e+001  0.000000e+000
    endloop
  endfacet
  facet normal  0.000000e+000  0.000000e+000  1.000000e+000
    outer loop
      vertex -1.992434e+001  7.694864e+001  0.000000e+000
      vertex -2.015264e+001  7.771623e+001  0.000000e+000
      vertex -2.030106e+001  7.793925e+001  0.000000e+000
    endloop
  endfacet
  facet normal  0.000000e+000  0.000000e+000  1.000000e+000
    outer loop
      vertex -1.992434e+001  7.694864e+001  0.000000e+000
      vertex -2.030106e+001  7.793925e+001  0.000000e+000
      vertex -2.048679e+001  7.813231e+001  0.000000e+000
    endloop
  endfacet
  facet normal  0.000000e+000  0.000000e+000  1.000000e+000
    outer loop
      vertex -1.992434e+001  7.694864e+001  0.000000e+000
      vertex -2.048679e+001  7.813231e+001  0.000000e+000
      vertex -2.070390e+001  7.828925e+001  0.000000e+000
    endloop
  endfacet
  facet normal  0.000000e+000  0.000000e+000  1.000000e+000
    outer loop
      vertex -1.981796e+001  7.670277e+001  0.000000e+000
      vertex -1.992434e+001  7.694864e+001  0.000000e+000
      vertex -2.070390e+001  7.828925e+001  0.000000e+000
    endloop
  endfacet
  facet normal  0.000000e+000  0.000000e+000  1.000000e+000
    outer loop
      vertex -1.981796e+001  7.670277e+001  0.000000e+000
      vertex -2.070390e+001  7.828925e+001  0.000000e+000
      vertex -2.094546e+001  7.840508e+001  0.000000e+000
    endloop
  endfacet
  facet normal  0.000000e+000  0.000000e+000  1.000000e+000
    outer loop
      vertex -1.981796e+001  7.670277e+001  0.000000e+000
      vertex -2.094546e+001  7.840508e+001  0.000000e+000
      vertex -2.120377e+001  7.847607e+001  0.000000e+000
    endloop
  endfacet
  facet normal  0.000000e+000  0.000000e+000  1.000000e+000
    outer loop
      vertex -1.981796e+001  7.670277e+001  0.000000e+000
      vertex -2.120377e+001  7.847607e+001  0.000000e+000
      vertex -2.147059e+001  7.850000e+001  0.000000e+000
    endloop
  endfacet
  facet normal  0.000000e+000  0.000000e+000  9.999999e-001
    outer loop
      vertex -1.981796e+001  7.670277e+001  0.000000e+000
      vertex -2.147059e+001  7.850000e+001  0.000000e+000
      vertex -1.966953e+001  7.647975e+001  0.000000e+000
    endloop
  endfacet
  facet normal  0.000000e+000  0.000000e+000  1.000000e+000
    outer loop
      vertex -3.950000e+001  7.200000e+001  0.000000e+000
      vertex -1.850000e+001  7.591901e+001  0.000000e+000
      vertex -1.876682e+001  7.594293e+001  0.000000e+000
    endloop
  endfacet
  facet normal  0.000000e+000  0.000000e+000  1.000000e+000
    outer loop
      vertex -3.950000e+001  7.200000e+001  0.000000e+000
      vertex -1.876682e+001  7.594293e+001  0.000000e+000
      vertex -1.902514e+001  7.601393e+001  0.000000e+000
    endloop
  endfacet
  facet normal  0.000000e+000  0.000000e+000  1.000000e+000
    outer loop
      vertex -3.950000e+001  7.200000e+001  0.000000e+000
      vertex -1.902514e+001  7.601393e+001  0.000000e+000
      vertex -1.926670e+001  7.612975e+001  0.000000e+000
    endloop
  endfacet
  facet normal  0.000000e+000  0.000000e+000  1.000000e+000
    outer loop
      vertex -3.950000e+001  7.200000e+001  0.000000e+000
      vertex -1.926670e+001  7.612975e+001  0.000000e+000
      vertex -1.948380e+001  7.628670e+001  0.000000e+000
    endloop
  endfacet
  facet normal  0.000000e+000  0.000000e+000  1.000000e+000
    outer loop
      vertex -3.950000e+001  7.200000e+001  0.000000e+000
      vertex -1.948380e+001  7.628670e+001  0.000000e+000
      vertex -1.966953e+001  7.647975e+001  0.000000e+000
    endloop
  endfacet
  facet normal  0.000000e+000  0.000000e+000  1.000000e+000
    outer loop
      vertex -3.950000e+001  7.200000e+001  0.000000e+000
      vertex -1.966953e+001  7.647975e+001  0.000000e+000
      vertex -2.147059e+001  7.850000e+001  0.000000e+000
    endloop
  endfacet
  facet normal  0.000000e+000  0.000000e+000  1.000000e+000
    outer loop
      vertex -3.950000e+001  7.200000e+001  0.000000e+000
      vertex -2.147059e+001  7.850000e+001  0.000000e+000
      vertex -4.700000e+001  7.850000e+001  0.000000e+000
    endloop
  endfacet
  facet normal  0.000000e+000  0.000000e+000  1.000000e+000
    outer loop
      vertex -3.950000e+001  7.200000e+001  0.000000e+000
      vertex -4.700000e+001  7.850000e+001  0.000000e+000
      vertex -4.746930e+001  7.846307e+001  0.000000e+000
    endloop
  endfacet
  facet normal  0.000000e+000  0.000000e+000  1.000000e+000
    outer loop
      vertex -3.950000e+001  7.200000e+001  0.000000e+000
      vertex -4.746930e+001  7.846307e+001  0.000000e+000
      vertex -4.792705e+001  7.835317e+001  0.000000e+000
    endloop
  endfacet
  facet normal  0.000000e+000  0.000000e+000  1.000000e+000
    outer loop
      vertex -3.950000e+001  7.200000e+001  0.000000e+000
      vertex -4.792705e+001  7.835317e+001  0.000000e+000
      vertex -4.836197e+001  7.817302e+001  0.000000e+000
    endloop
  endfacet
  facet normal  0.000000e+000  0.000000e+000  1.000000e+000
    outer loop
      vertex -3.950000e+001  7.200000e+001  0.000000e+000
      vertex -4.836197e+001  7.817302e+001  0.000000e+000
      vertex -4.876336e+001  7.792705e+001  0.000000e+000
    endloop
  endfacet
  facet normal  0.000000e+000  0.000000e+000  1.000000e+000
    outer loop
      vertex -3.950000e+001  7.200000e+001  0.000000e+000
      vertex -4.876336e+001  7.792705e+001  0.000000e+000
      vertex -4.912132e+001  7.762132e+001  0.000000e+000
    endloop
  endfacet
  facet normal  0.000000e+000  0.000000e+000  1.000000e+000
    outer loop
      vertex -3.950000e+001  7.200000e+001  0.000000e+000
      vertex -4.912132e+001  7.762132e+001  0.000000e+000
      vertex -4.942705e+001  7.726336e+001  0.000000e+000
    endloop
  endfacet
  facet normal  0.000000e+000  0.000000e+000  1.000000e+000
    outer loop
      vertex -3.950000e+001  7.200000e+001  0.000000e+000
      vertex -4.942705e+001  7.726336e+001  0.000000e+000
      vertex -4.967302e+001  7.686197e+001  0.000000e+000
    endloop
  endfacet
  facet normal  0.000000e+000  0.000000e+000  1.000000e+000
    outer loop
      vertex -3.950000e+001  7.200000e+001  0.000000e+000
      vertex -4.967302e+001  7.686197e+001  0.000000e+000
      vertex -4.985317e+001  7.642705e+001  0.000000e+000
    endloop
  endfacet
  facet normal  0.000000e+000  0.000000e+000  1.000000e+000
    outer loop
      vertex -3.950000e+001  7.200000e+001  0.000000e+000
      vertex -4.985317e+001  7.642705e+001  0.000000e+000
      vertex -4.996307e+001  7.596931e+001  0.000000e+000
    endloop
  endfacet
  facet normal  0.000000e+000  0.000000e+000  1.000000e+000
    outer loop
      vertex -3.950000e+001  7.200000e+001  0.000000e+000
      vertex -4.996307e+001  7.596931e+001  0.000000e+000
      vertex -5.000000e+001  7.550000e+001  0.000000e+000
    endloop
  endfacet
  facet normal  0.000000e+000  0.000000e+000  1.000000e+000
    outer loop
      vertex  1.352941e+001  7.850000e+001  0.000000e+000
      vertex -4.341204e-001  7.446202e+001  0.000000e+000
      vertex  0.000000e+000  7.450000e+001  0.000000e+000
    endloop
  endfacet
  facet normal  -0.000000e+000  0.000000e+000  1.000000e+000
    outer loop
      vertex  1.352941e+001  7.850000e+001  0.000000e+000
      vertex  0.000000e+000  7.450000e+001  0.000000e+000
      vertex  4.341204e-001  7.446202e+001  0.000000e+000
    endloop
  endfacet
  facet normal  -0.000000e+000  0.000000e+000  9.999999e-001
    outer loop
      vertex  1.352941e+001  7.850000e+001  0.000000e+000
      vertex  4.341204e-001  7.446202e+001  0.000000e+000
      vertex  8.550504e-001  7.434923e+001  0.000000e+000
    endloop
  endfacet
  facet normal  -0.000000e+000  0.000000e+000  1.000000e+000
    outer loop
      vertex  1.352941e+001  7.850000e+001  0.000000e+000
      vertex  8.550504e-001  7.434923e+001  0.000000e+000
      vertex  1.250000e+000  7.416506e+001  0.000000e+000
    endloop
  endfacet
  facet normal  -0.000000e+000  0.000000e+000  9.999999e-001
    outer loop
      vertex  1.352941e+001  7.850000e+001  0.000000e+000
      vertex  1.250000e+000  7.416506e+001  0.000000e+000
      vertex  1.606969e+000  7.391511e+001  0.000000e+000
    endloop
  endfacet
  facet normal  -0.000000e+000  0.000000e+000  1.000000e+000
    outer loop
      vertex  1.352941e+001  7.850000e+001  0.000000e+000
      vertex  1.606969e+000  7.391511e+001  0.000000e+000
      vertex  1.915111e+000  7.360697e+001  0.000000e+000
    endloop
  endfacet
  facet normal  -0.000000e+000  0.000000e+000  1.000000e+000
    outer loop
      vertex  1.352941e+001  7.850000e+001  0.000000e+000
      vertex  1.915111e+000  7.360697e+001  0.000000e+000
      vertex  2.165064e+000  7.325000e+001  0.000000e+000
    endloop
  endfacet
  facet normal  -0.000000e+000  0.000000e+000  1.000000e+000
    outer loop
      vertex  1.352941e+001  7.850000e+001  0.000000e+000
      vertex  2.165064e+000  7.325000e+001  0.000000e+000
      vertex  2.349231e+000  7.285505e+001  0.000000e+000
    endloop
  endfacet
  facet normal  -0.000000e+000  0.000000e+000  9.999999e-001
    outer loop
      vertex  1.352941e+001  7.850000e+001  0.000000e+000
      vertex  2.349231e+000  7.285505e+001  0.000000e+000
      vertex  2.462019e+000  7.243412e+001  0.000000e+000
    endloop
  endfacet
  facet normal  -0.000000e+000  0.000000e+000  1.000000e+000
    outer loop
      vertex  1.352941e+001  7.850000e+001  0.000000e+000
      vertex  2.462019e+000  7.243412e+001  0.000000e+000
      vertex  2.500000e+000  7.200000e+001  0.000000e+000
    endloop
  endfacet
  facet normal  0.000000e+000  0.000000e+000  1.000000e+000
    outer loop
      vertex  1.352941e+001  7.850000e+001  0.000000e+000
      vertex  2.500000e+000  7.200000e+001  0.000000e+000
      vertex  1.350000e+001  7.200000e+001  0.000000e+000
    endloop
  endfacet
  facet normal  0.000000e+000  0.000000e+000  1.000000e+000
    outer loop
      vertex  1.507566e+001  7.694864e+001  0.000000e+000
      vertex  1.501470e+001  7.720950e+001  0.000000e+000
      vertex  1.484736e+001  7.771623e+001  0.000000e+000
    endloop
  endfacet
  facet normal  0.000000e+000  0.000000e+000  1.000000e+000
    outer loop
      vertex  1.507566e+001  7.694864e+001  0.000000e+000
      vertex  1.484736e+001  7.771623e+001  0.000000e+000
      vertex  1.469894e+001  7.793925e+001  0.000000e+000
    endloop
  endfacet
  facet normal  0.000000e+000  0.000000e+000  1.000000e+000
    outer loop
      vertex  1.507566e+001  7.694864e+001  0.000000e+000
      vertex  1.469894e+001  7.793925e+001  0.000000e+000
      vertex  1.451321e+001  7.813231e+001  0.000000e+000
    endloop
  endfacet
  facet normal  0.000000e+000  0.000000e+000  1.000000e+000
    outer loop
      vertex  1.507566e+001  7.694864e+001  0.000000e+000
      vertex  1.451321e+001  7.813231e+001  0.000000e+000
      vertex  1.429610e+001  7.828925e+001  0.000000e+000
    endloop
  endfacet
  facet normal  0.000000e+000  0.000000e+000  1.000000e+000
    outer loop
      vertex  1.518204e+001  7.670277e+001  0.000000e+000
      vertex  1.507566e+001  7.694864e+001  0.000000e+000
      vertex  1.429610e+001  7.828925e+001  0.000000e+000
    endloop
  endfacet
  facet normal  0.000000e+000  0.000000e+000  1.000000e+000
    outer loop
      vertex  1.518204e+001  7.670277e+001  0.000000e+000
      vertex  1.429610e+001  7.828925e+001  0.000000e+000
      vertex  1.405454e+001  7.840508e+001  0.000000e+000
    endloop
  endfacet
  facet normal  0.000000e+000  0.000000e+000  1.000000e+000
    outer loop
      vertex  1.518204e+001  7.670277e+001  0.000000e+000
      vertex  1.405454e+001  7.840508e+001  0.000000e+000
      vertex  1.379623e+001  7.847607e+001  0.000000e+000
    endloop
  endfacet
  facet normal  0.000000e+000  0.000000e+000  1.000000e+000
    outer loop
      vertex  1.518204e+001  7.670277e+001  0.000000e+000
      vertex  1.379623e+001  7.847607e+001  0.000000e+000
      vertex  1.352941e+001  7.850000e+001  0.000000e+000
    endloop
  endfacet
  facet normal  0.000000e+000  0.000000e+000  9.999999e-001
    outer loop
      vertex  1.518204e+001  7.670277e+001  0.000000e+000
      vertex  1.352941e+001  7.850000e+001  0.000000e+000
      vertex  1.533047e+001  7.647975e+001  0.000000e+000
    endloop
  endfacet
  facet normal  0.000000e+000  0.000000e+000  1.000000e+000
    outer loop
      vertex  1.350000e+001  7.200000e+001  0.000000e+000
      vertex  3.950000e+001  7.200000e+001  0.000000e+000
      vertex  1.623318e+001  7.594293e+001  0.000000e+000
    endloop
  endfacet
  facet normal  0.000000e+000  0.000000e+000  1.000000e+000
    outer loop
      vertex  1.350000e+001  7.200000e+001  0.000000e+000
      vertex  1.623318e+001  7.594293e+001  0.000000e+000
      vertex  1.597486e+001  7.601393e+001  0.000000e+000
    endloop
  endfacet
  facet normal  0.000000e+000  0.000000e+000  1.000000e+000
    outer loop
      vertex  1.350000e+001  7.200000e+001  0.000000e+000
      vertex  1.597486e+001  7.601393e+001  0.000000e+000
      vertex  1.573330e+001  7.612975e+001  0.000000e+000
    endloop
  endfacet
  facet normal  0.000000e+000  0.000000e+000  1.000000e+000
    outer loop
      vertex  1.350000e+001  7.200000e+001  0.000000e+000
      vertex  1.573330e+001  7.612975e+001  0.000000e+000
      vertex  1.551620e+001  7.628670e+001  0.000000e+000
    endloop
  endfacet
  facet normal  0.000000e+000  0.000000e+000  1.000000e+000
    outer loop
      vertex  1.350000e+001  7.200000e+001  0.000000e+000
      vertex  1.551620e+001  7.628670e+001  0.000000e+000
      vertex  1.533047e+001  7.647975e+001  0.000000e+000
    endloop
  endfacet
  facet normal  0.000000e+000  0.000000e+000  1.000000e+000
    outer loop
      vertex  1.350000e+001  7.200000e+001  0.000000e+000
      vertex  1.533047e+001  7.647975e+001  0.000000e+000
      vertex  1.352941e+001  7.850000e+001  0.000000e+000
    endloop
  endfacet
  facet normal  -0.000000e+000  0.000000e+000  1.000000e+000
    outer loop
      vertex  1.350000e+001 -6.700000e+001  0.000000e+000
      vertex -1.350000e+001 -6.700000e+001  0.000000e+000
      vertex  1.330491e+001 -6.701922e+001  0.000000e+000
    endloop
  endfacet
  facet normal  0.000000e+000  0.000000e+000  1.000000e+000
    outer loop
      vertex  1.330491e+001 -6.701922e+001  0.000000e+000
      vertex -1.350000e+001 -6.700000e+001  0.000000e+000
      vertex -1.330491e+001 -6.701922e+001  0.000000e+000
    endloop
  endfacet
  facet normal  -0.000000e+000  0.000000e+000  1.000000e+000
    outer loop
      vertex  1.330491e+001 -6.701922e+001  0.000000e+000
      vertex -1.330491e+001 -6.701922e+001  0.000000e+000
      vertex  1.311732e+001 -6.707612e+001  0.000000e+000
    endloop
  endfacet
  facet normal  0.000000e+000  0.000000e+000  1.000000e+000
    outer loop
      vertex  1.311732e+001 -6.707612e+001  0.000000e+000
      vertex -1.330491e+001 -6.701922e+001  0.000000e+000
      vertex -1.311732e+001 -6.707612e+001  0.000000e+000
    endloop
  endfacet
  facet normal  -0.000000e+000  0.000000e+000  1.000000e+000
    outer loop
      vertex  3.750000e+001 -3.800000e+001  0.000000e+000
      vertex -3.750000e+001 -3.800000e+001  0.000000e+000
      vertex  3.750000e+001 -6.500000e+001  0.000000e+000
    endloop
  endfacet
  facet normal  0.000000e+000  0.000000e+000  1.000000e+000
    outer loop
      vertex  3.750000e+001 -6.500000e+001  0.000000e+000
      vertex -3.750000e+001 -3.800000e+001  0.000000e+000
      vertex -3.750000e+001 -6.500000e+001  0.000000e+000
    endloop
  endfacet
  facet normal  -0.000000e+000  0.000000e+000  1.000000e+000
    outer loop
      vertex  3.750000e+001 -6.500000e+001  0.000000e+000
      vertex -3.750000e+001 -6.500000e+001  0.000000e+000
      vertex  3.746157e+001 -6.539018e+001  0.000000e+000
    endloop
  endfacet
  facet normal  0.000000e+000  0.000000e+000  1.000000e+000
    outer loop
      vertex  3.746157e+001 -6.539018e+001  0.000000e+000
      vertex -3.750000e+001 -6.500000e+001  0.000000e+000
      vertex -3.746157e+001 -6.539018e+001  0.000000e+000
    endloop
  endfacet
  facet normal  -0.000000e+000  0.000000e+000  1.000000e+000
    outer loop
      vertex  3.746157e+001 -6.539018e+001  0.000000e+000
      vertex -3.746157e+001 -6.539018e+001  0.000000e+000
      vertex  3.734776e+001 -6.576537e+001  0.000000e+000
    endloop
  endfacet
  facet normal  0.000000e+000  0.000000e+000  1.000000e+000
    outer loop
      vertex  3.734776e+001 -6.576537e+001  0.000000e+000
      vertex -3.746157e+001 -6.539018e+001  0.000000e+000
      vertex -3.734776e+001 -6.576537e+001  0.000000e+000
    endloop
  endfacet
  facet normal  -0.000000e+000  0.000000e+000  1.000000e+000
    outer loop
      vertex  3.734776e+001 -6.576537e+001  0.000000e+000
      vertex -3.734776e+001 -6.576537e+001  0.000000e+000
      vertex  3.716294e+001 -6.611114e+001  0.000000e+000
    endloop
  endfacet
  facet normal  0.000000e+000  0.000000e+000  1.000000e+000
    outer loop
      vertex  3.716294e+001 -6.611114e+001  0.000000e+000
      vertex -3.734776e+001 -6.576537e+001  0.000000e+000
      vertex -3.716294e+001 -6.611114e+001  0.000000e+000
    endloop
  endfacet
  facet normal  -0.000000e+000  0.000000e+000  1.000000e+000
    outer loop
      vertex  3.716294e+001 -6.611114e+001  0.000000e+000
      vertex -3.716294e+001 -6.611114e+001  0.000000e+000
      vertex  3.691422e+001 -6.641422e+001  0.000000e+000
    endloop
  endfacet
  facet normal  0.000000e+000  0.000000e+000  9.999999e-001
    outer loop
      vertex  3.691422e+001 -6.641422e+001  0.000000e+000
      vertex -3.716294e+001 -6.611114e+001  0.000000e+000
      vertex -3.691422e+001 -6.641422e+001  0.000000e+000
    endloop
  endfacet
  facet normal  -0.000000e+000  0.000000e+000  1.000000e+000
    outer loop
      vertex  3.691422e+001 -6.641422e+001  0.000000e+000
      vertex -3.691422e+001 -6.641422e+001  0.000000e+000
      vertex  3.661114e+001 -6.666294e+001  0.000000e+000
    endloop
  endfacet
  facet normal  0.000000e+000  0.000000e+000  1.000000e+000
    outer loop
      vertex  3.661114e+001 -6.666294e+001  0.000000e+000
      vertex -3.691422e+001 -6.641422e+001  0.000000e+000
      vertex -3.661114e+001 -6.666294e+001  0.000000e+000
    endloop
  endfacet
  facet normal  -0.000000e+000  0.000000e+000  1.000000e+000
    outer loop
      vertex  3.661114e+001 -6.666294e+001  0.000000e+000
      vertex -3.661114e+001 -6.666294e+001  0.000000e+000
      vertex  3.626537e+001 -6.684776e+001  0.000000e+000
    endloop
  endfacet
  facet normal  0.000000e+000  0.000000e+000  1.000000e+000
    outer loop
      vertex  3.626537e+001 -6.684776e+001  0.000000e+000
      vertex -3.661114e+001 -6.666294e+001  0.000000e+000
      vertex -3.626537e+001 -6.684776e+001  0.000000e+000
    endloop
  endfacet
  facet normal  -0.000000e+000  0.000000e+000  1.000000e+000
    outer loop
      vertex  3.626537e+001 -6.684776e+001  0.000000e+000
      vertex -3.626537e+001 -6.684776e+001  0.000000e+000
      vertex  3.589018e+001 -6.696157e+001  0.000000e+000
    endloop
  endfacet
  facet normal  0.000000e+000  0.000000e+000  1.000000e+000
    outer loop
      vertex  3.589018e+001 -6.696157e+001  0.000000e+000
      vertex -3.626537e+001 -6.684776e+001  0.000000e+000
      vertex -3.589018e+001 -6.696157e+001  0.000000e+000
    endloop
  endfacet
  facet normal  -0.000000e+000  0.000000e+000  9.999999e-001
    outer loop
      vertex -1.350000e+001  6.700000e+001  0.000000e+000
      vertex -3.550000e+001  6.700000e+001  0.000000e+000
      vertex  3.589018e+001  6.696157e+001  0.000000e+000
    endloop
  endfacet
  facet normal  0.000000e+000  0.000000e+000  1.000000e+000
    outer loop
      vertex  3.589018e+001  6.696157e+001  0.000000e+000
      vertex -3.550000e+001  6.700000e+001  0.000000e+000
      vertex -3.589018e+001  6.696157e+001  0.000000e+000
    endloop
  endfacet
  facet normal  -0.000000e+000  0.000000e+000  1.000000e+000
    outer loop
      vertex  3.589018e+001  6.696157e+001  0.000000e+000
      vertex -3.589018e+001  6.696157e+001  0.000000e+000
      vertex  3.626537e+001  6.684776e+001  0.000000e+000
    endloop
  endfacet
  facet normal  0.000000e+000  0.000000e+000  1.000000e+000
    outer loop
      vertex  3.626537e+001  6.684776e+001  0.000000e+000
      vertex -3.589018e+001  6.696157e+001  0.000000e+000
      vertex -3.626537e+001  6.684776e+001  0.000000e+000
    endloop
  endfacet
  facet normal  -0.000000e+000  0.000000e+000  1.000000e+000
    outer loop
      vertex  3.626537e+001  6.684776e+001  0.000000e+000
      vertex -3.626537e+001  6.684776e+001  0.000000e+000
      vertex  3.661114e+001  6.666294e+001  0.000000e+000
    endloop
  endfacet
  facet normal  0.000000e+000  0.000000e+000  1.000000e+000
    outer loop
      vertex  3.661114e+001  6.666294e+001  0.000000e+000
      vertex -3.626537e+001  6.684776e+001  0.000000e+000
      vertex -3.661114e+001  6.666294e+001  0.000000e+000
    endloop
  endfacet
  facet normal  -0.000000e+000  0.000000e+000  1.000000e+000
    outer loop
      vertex  3.661114e+001  6.666294e+001  0.000000e+000
      vertex -3.661114e+001  6.666294e+001  0.000000e+000
      vertex  3.691422e+001  6.641422e+001  0.000000e+000
    endloop
  endfacet
  facet normal  0.000000e+000  0.000000e+000  1.000000e+000
    outer loop
      vertex  3.691422e+001  6.641422e+001  0.000000e+000
      vertex -3.661114e+001  6.666294e+001  0.000000e+000
      vertex -3.691422e+001  6.641422e+001  0.000000e+000
    endloop
  endfacet
  facet normal  -0.000000e+000  0.000000e+000  9.999999e-001
    outer loop
      vertex  3.691422e+001  6.641422e+001  0.000000e+000
      vertex -3.691422e+001  6.641422e+001  0.000000e+000
      vertex  3.716294e+001  6.611114e+001  0.000000e+000
    endloop
  endfacet
  facet normal  0.000000e+000  0.000000e+000  1.000000e+000
    outer loop
      vertex  3.716294e+001  6.611114e+001  0.000000e+000
      vertex -3.691422e+001  6.641422e+001  0.000000e+000
      vertex -3.716294e+001  6.611114e+001  0.000000e+000
    endloop
  endfacet
  facet normal  -0.000000e+000  0.000000e+000  1.000000e+000
    outer loop
      vertex  3.716294e+001  6.611114e+001  0.000000e+000
      vertex -3.716294e+001  6.611114e+001  0.000000e+000
      vertex  3.734776e+001  6.576537e+001  0.000000e+000
    endloop
  endfacet
  facet normal  0.000000e+000  0.000000e+000  1.000000e+000
    outer loop
      vertex  3.734776e+001  6.576537e+001  0.000000e+000
      vertex -3.716294e+001  6.611114e+001  0.000000e+000
      vertex -3.734776e+001  6.576537e+001  0.000000e+000
    endloop
  endfacet
  facet normal  -0.000000e+000  0.000000e+000  1.000000e+000
    outer loop
      vertex  3.734776e+001  6.576537e+001  0.000000e+000
      vertex -3.734776e+001  6.576537e+001  0.000000e+000
      vertex  3.746157e+001  6.539018e+001  0.000000e+000
    endloop
  endfacet
  facet normal  0.000000e+000  0.000000e+000  1.000000e+000
    outer loop
      vertex  3.746157e+001  6.539018e+001  0.000000e+000
      vertex -3.734776e+001  6.576537e+001  0.000000e+000
      vertex -3.746157e+001  6.539018e+001  0.000000e+000
    endloop
  endfacet
  facet normal  -0.000000e+000  0.000000e+000  1.000000e+000
    outer loop
      vertex  3.746157e+001  6.539018e+001  0.000000e+000
      vertex -3.746157e+001  6.539018e+001  0.000000e+000
      vertex  3.750000e+001  6.500000e+001  0.000000e+000
    endloop
  endfacet
  facet normal  0.000000e+000  0.000000e+000  1.000000e+000
    outer loop
      vertex  3.750000e+001  6.500000e+001  0.000000e+000
      vertex -3.746157e+001  6.539018e+001  0.000000e+000
      vertex -3.750000e+001  6.500000e+001  0.000000e+000
    endloop
  endfacet
  facet normal  -0.000000e+000  0.000000e+000  1.000000e+000
    outer loop
      vertex  3.750000e+001  6.500000e+001  0.000000e+000
      vertex -3.750000e+001  6.500000e+001  0.000000e+000
      vertex  3.750000e+001  3.800000e+001  0.000000e+000
    endloop
  endfacet
  facet normal  0.000000e+000  0.000000e+000  1.000000e+000
    outer loop
      vertex  3.750000e+001  3.800000e+001  0.000000e+000
      vertex -3.750000e+001  6.500000e+001  0.000000e+000
      vertex -3.750000e+001  3.800000e+001  0.000000e+000
    endloop
  endfacet
  facet normal  -0.000000e+000  0.000000e+000  1.000000e+000
    outer loop
      vertex  1.311732e+001  6.707612e+001  0.000000e+000
      vertex -1.311732e+001  6.707612e+001  0.000000e+000
      vertex  1.330491e+001  6.701922e+001  0.000000e+000
    endloop
  endfacet
  facet normal  0.000000e+000  0.000000e+000  1.000000e+000
    outer loop
      vertex  1.330491e+001  6.701922e+001  0.000000e+000
      vertex -1.311732e+001  6.707612e+001  0.000000e+000
      vertex -1.330491e+001  6.701922e+001  0.000000e+000
    endloop
  endfacet
  facet normal  -0.000000e+000  0.000000e+000  1.000000e+000
    outer loop
      vertex  1.330491e+001  6.701922e+001  0.000000e+000
      vertex -1.330491e+001  6.701922e+001  0.000000e+000
      vertex  1.350000e+001  6.700000e+001  0.000000e+000
    endloop
  endfacet
  facet normal  0.000000e+000  0.000000e+000  1.000000e+000
    outer loop
      vertex  1.350000e+001  6.700000e+001  0.000000e+000
      vertex -1.330491e+001  6.701922e+001  0.000000e+000
      vertex -1.350000e+001  6.700000e+001  0.000000e+000
    endloop
  endfacet
  facet normal  -0.000000e+000  0.000000e+000  1.000000e+000
    outer loop
      vertex  1.350000e+001  6.700000e+001  0.000000e+000
      vertex -1.350000e+001  6.700000e+001  0.000000e+000
      vertex  3.589018e+001  6.696157e+001  0.000000e+000
    endloop
  endfacet
  facet normal  0.000000e+000  0.000000e+000  1.000000e+000
    outer loop
      vertex -4.233147e+001 -3.744443e+001  0.000000e+000
      vertex -4.208489e+001 -1.606969e+000  0.000000e+000
      vertex -4.242388e+001 -3.761732e+001  0.000000e+000
    endloop
  endfacet
  facet normal  0.000000e+000  0.000000e+000  1.000000e+000
    outer loop
      vertex -4.242388e+001 -3.761732e+001  0.000000e+000
      vertex -4.208489e+001 -1.606969e+000  0.000000e+000
      vertex -4.239303e+001 -1.915111e+000  0.000000e+000
    endloop
  endfacet
  facet normal  0.000000e+000  0.000000e+000  1.000000e+000
    outer loop
      vertex -4.242388e+001 -3.761732e+001  0.000000e+000
      vertex -4.239303e+001 -1.915111e+000  0.000000e+000
      vertex -4.248079e+001 -3.780491e+001  0.000000e+000
    endloop
  endfacet
  facet normal  0.000000e+000  0.000000e+000  1.000000e+000
    outer loop
      vertex -4.169509e+001 -3.701921e+001  0.000000e+000
      vertex -4.165077e+001 -8.550504e-001  0.000000e+000
      vertex -4.188268e+001 -3.707612e+001  0.000000e+000
    endloop
  endfacet
  facet normal  0.000000e+000  0.000000e+000  1.000000e+000
    outer loop
      vertex -4.188268e+001 -3.707612e+001  0.000000e+000
      vertex -4.165077e+001 -8.550504e-001  0.000000e+000
      vertex -4.183494e+001 -1.250000e+000  0.000000e+000
    endloop
  endfacet
  facet normal  0.000000e+000  0.000000e+000  1.000000e+000
    outer loop
      vertex -4.188268e+001 -3.707612e+001  0.000000e+000
      vertex -4.183494e+001 -1.250000e+000  0.000000e+000
      vertex -4.205557e+001 -3.716853e+001  0.000000e+000
    endloop
  endfacet
  facet normal  0.000000e+000  -0.000000e+000  1.000000e+000
    outer loop
      vertex -4.205557e+001 -3.716853e+001  0.000000e+000
      vertex -4.183494e+001 -1.250000e+000  0.000000e+000
      vertex -4.208489e+001 -1.606969e+000  0.000000e+000
    endloop
  endfacet
  facet normal  0.000000e+000  0.000000e+000  1.000000e+000
    outer loop
      vertex -4.205557e+001 -3.716853e+001  0.000000e+000
      vertex -4.208489e+001 -1.606969e+000  0.000000e+000
      vertex -4.220711e+001 -3.729289e+001  0.000000e+000
    endloop
  endfacet
  facet normal  0.000000e+000  -0.000000e+000  1.000000e+000
    outer loop
      vertex  4.183494e+001 -1.250000e+000  0.000000e+000
      vertex  4.188268e+001 -3.707612e+001  0.000000e+000
      vertex  4.208489e+001 -1.606969e+000  0.000000e+000
    endloop
  endfacet
  facet normal  0.000000e+000  0.000000e+000  9.999999e-001
    outer loop
      vertex  4.208489e+001 -1.606969e+000  0.000000e+000
      vertex  4.188268e+001 -3.707612e+001  0.000000e+000
      vertex  4.205557e+001 -3.716853e+001  0.000000e+000
    endloop
  endfacet
  facet normal  0.000000e+000  0.000000e+000  1.000000e+000
    outer loop
      vertex  4.208489e+001 -1.606969e+000  0.000000e+000
      vertex  4.205557e+001 -3.716853e+001  0.000000e+000
      vertex  4.239303e+001 -1.915111e+000  0.000000e+000
    endloop
  endfacet
  facet normal  0.000000e+000  0.000000e+000  9.999999e-001
    outer loop
      vertex  4.239303e+001 -1.915111e+000  0.000000e+000
      vertex  4.205557e+001 -3.716853e+001  0.000000e+000
      vertex  4.220711e+001 -3.729289e+001  0.000000e+000
    endloop
  endfacet
  facet normal  -0.000000e+000  0.000000e+000  1.000000e+000
    outer loop
      vertex  4.239303e+001 -1.915111e+000  0.000000e+000
      vertex  4.220711e+001 -3.729289e+001  0.000000e+000
      vertex  4.233147e+001 -3.744443e+001  0.000000e+000
    endloop
  endfacet
  facet normal  0.000000e+000  0.000000e+000  1.000000e+000
    outer loop
      vertex -4.208489e+001  1.606969e+000  0.000000e+000
      vertex -4.233147e+001  3.744443e+001  0.000000e+000
      vertex -4.239303e+001  1.915111e+000  0.000000e+000
    endloop
  endfacet
  facet normal  0.000000e+000  -0.000000e+000  1.000000e+000
    outer loop
      vertex -4.239303e+001  1.915111e+000  0.000000e+000
      vertex -4.233147e+001  3.744443e+001  0.000000e+000
      vertex -4.242388e+001  3.761732e+001  0.000000e+000
    endloop
  endfacet
  facet normal  0.000000e+000  0.000000e+000  1.000000e+000
    outer loop
      vertex -4.239303e+001  1.915111e+000  0.000000e+000
      vertex -4.242388e+001  3.761732e+001  0.000000e+000
      vertex -4.248079e+001  3.780491e+001  0.000000e+000
    endloop
  endfacet
  facet normal  0.000000e+000  0.000000e+000  1.000000e+000
    outer loop
      vertex -4.165077e+001  8.550504e-001  0.000000e+000
      vertex -4.169509e+001  3.701921e+001  0.000000e+000
      vertex -4.183494e+001  1.250000e+000  0.000000e+000
    endloop
  endfacet
  facet normal  0.000000e+000  -0.000000e+000  9.999999e-001
    outer loop
      vertex -4.183494e+001  1.250000e+000  0.000000e+000
      vertex -4.169509e+001  3.701921e+001  0.000000e+000
      vertex -4.188268e+001  3.707612e+001  0.000000e+000
    endloop
  endfacet
  facet normal  0.000000e+000  0.000000e+000  1.000000e+000
    outer loop
      vertex -4.183494e+001  1.250000e+000  0.000000e+000
      vertex -4.188268e+001  3.707612e+001  0.000000e+000
      vertex -4.208489e+001  1.606969e+000  0.000000e+000
    endloop
  endfacet
  facet normal  0.000000e+000  0.000000e+000  9.999999e-001
    outer loop
      vertex -4.208489e+001  1.606969e+000  0.000000e+000
      vertex -4.188268e+001  3.707612e+001  0.000000e+000
      vertex -4.205557e+001  3.716853e+001  0.000000e+000
    endloop
  endfacet
  facet normal  0.000000e+000  0.000000e+000  1.000000e+000
    outer loop
      vertex -4.208489e+001  1.606969e+000  0.000000e+000
      vertex -4.205557e+001  3.716853e+001  0.000000e+000
      vertex -4.220711e+001  3.729289e+001  0.000000e+000
    endloop
  endfacet
  facet normal  0.000000e+000  0.000000e+000  9.999999e-001
    outer loop
      vertex  4.150000e+001  3.700000e+001  0.000000e+000
      vertex  4.150000e+001  1.530808e-016  0.000000e+000
      vertex  4.169509e+001  3.701921e+001  0.000000e+000
    endloop
  endfacet
  facet normal  0.000000e+000  0.000000e+000  9.999999e-001
    outer loop
      vertex  4.169509e+001  3.701921e+001  0.000000e+000
      vertex  4.150000e+001  1.530808e-016  0.000000e+000
      vertex  4.153798e+001  4.341204e-001  0.000000e+000
    endloop
  endfacet
  facet normal  0.000000e+000  0.000000e+000  1.000000e+000
    outer loop
      vertex  4.169509e+001  3.701921e+001  0.000000e+000
      vertex  4.153798e+001  4.341204e-001  0.000000e+000
      vertex  4.165077e+001  8.550504e-001  0.000000e+000
    endloop
  endfacet
  facet normal  0.000000e+000  0.000000e+000  1.000000e+000
    outer loop
      vertex  4.169509e+001  3.701921e+001  0.000000e+000
      vertex  4.165077e+001  8.550504e-001  0.000000e+000
      vertex  4.188268e+001  3.707612e+001  0.000000e+000
    endloop
  endfacet
  facet normal  0.000000e+000  0.000000e+000  1.000000e+000
    outer loop
      vertex  4.188268e+001  3.707612e+001  0.000000e+000
      vertex  4.165077e+001  8.550504e-001  0.000000e+000
      vertex  4.183494e+001  1.250000e+000  0.000000e+000
    endloop
  endfacet
  facet normal  0.000000e+000  0.000000e+000  1.000000e+000
    outer loop
      vertex  4.188268e+001  3.707612e+001  0.000000e+000
      vertex  4.183494e+001  1.250000e+000  0.000000e+000
      vertex  4.205557e+001  3.716853e+001  0.000000e+000
    endloop
  endfacet
  facet normal  0.000000e+000  0.000000e+000  1.000000e+000
    outer loop
      vertex  4.205557e+001  3.716853e+001  0.000000e+000
      vertex  4.183494e+001  1.250000e+000  0.000000e+000
      vertex  4.208489e+001  1.606969e+000  0.000000e+000
    endloop
  endfacet
  facet normal  0.000000e+000  -0.000000e+000  1.000000e+000
    outer loop
      vertex  4.205557e+001  3.716853e+001  0.000000e+000
      vertex  4.208489e+001  1.606969e+000  0.000000e+000
      vertex  4.220711e+001  3.729289e+001  0.000000e+000
    endloop
  endfacet
  facet normal  0.000000e+000  0.000000e+000  1.000000e+000
    outer loop
      vertex  4.220711e+001  3.729289e+001  0.000000e+000
      vertex  4.208489e+001  1.606969e+000  0.000000e+000
      vertex  4.239303e+001  1.915111e+000  0.000000e+000
    endloop
  endfacet
  facet normal  0.000000e+000  0.000000e+000  1.000000e+000
    outer loop
      vertex  4.220711e+001  3.729289e+001  0.000000e+000
      vertex  4.239303e+001  1.915111e+000  0.000000e+000
      vertex  4.233147e+001  3.744443e+001  0.000000e+000
    endloop
  endfacet
  facet normal  0.000000e+000 -1.000000e+000  -0.000000e+000
    outer loop
      vertex -2.150000e+001 -7.850000e+001 -5.000000e+000
      vertex -2.150000e+001 -7.850000e+001  0.000000e+000
      vertex -4.700000e+001 -7.850000e+001 -5.000000e+000
    endloop
  endfacet
  facet normal  0.000000e+000 -1.000000e+000  0.000000e+000
    outer loop
      vertex -4.700000e+001 -7.850000e+001 -5.000000e+000
      vertex -2.150000e+001 -7.850000e+001  0.000000e+000
      vertex -4.700000e+001 -7.850000e+001  0.000000e+000
    endloop
  endfacet
  facet normal  0.000000e+000 -1.000000e+000  -0.000000e+000
    outer loop
      vertex  1.352941e+001 -7.850000e+001 -5.000000e+000
      vertex  1.352941e+001 -7.850000e+001  0.000000e+000
      vertex -1.352941e+001 -7.850000e+001 -5.000000e+000
    endloop
  endfacet
  facet normal  0.000000e+000 -1.000000e+000  0.000000e+000
    outer loop
      vertex -1.352941e+001 -7.850000e+001 -5.000000e+000
      vertex  1.352941e+001 -7.850000e+001  0.000000e+000
      vertex -1.352941e+001 -7.850000e+001  0.000000e+000
    endloop
  endfacet
  facet normal -9.737695e-001 -2.275366e-001  0.000000e+000
    outer loop
      vertex  2.001470e+001 -7.720950e+001  0.000000e+000
      vertex  2.001470e+001 -7.720950e+001 -5.000000e+000
      vertex  2.007566e+001 -7.747037e+001  0.000000e+000
    endloop
  endfacet
  facet normal -9.737695e-001 -2.275366e-001  -0.000000e+000
    outer loop
      vertex  2.007566e+001 -7.747037e+001  0.000000e+000
      vertex  2.001470e+001 -7.720950e+001 -5.000000e+000
      vertex  2.007566e+001 -7.747037e+001 -5.000000e+000
    endloop
  endfacet
  facet normal -9.177669e-001 -3.971195e-001  0.000000e+000
    outer loop
      vertex  2.007566e+001 -7.747037e+001  0.000000e+000
      vertex  2.007566e+001 -7.747037e+001 -5.000000e+000
      vertex  2.018204e+001 -7.771623e+001  0.000000e+000
    endloop
  endfacet
  facet normal -9.177669e-001 -3.971195e-001  -0.000000e+000
    outer loop
      vertex  2.018204e+001 -7.771623e+001  0.000000e+000
      vertex  2.007566e+001 -7.747037e+001 -5.000000e+000
      vertex  2.018204e+001 -7.771623e+001 -5.000000e+000
    endloop
  endfacet
  facet normal -8.324936e-001 -5.540346e-001  0.000000e+000
    outer loop
      vertex  2.018204e+001 -7.771623e+001  0.000000e+000
      vertex  2.018204e+001 -7.771623e+001 -5.000000e+000
      vertex  2.033047e+001 -7.793925e+001  0.000000e+000
    endloop
  endfacet
  facet normal -8.324936e-001 -5.540346e-001  -0.000000e+000
    outer loop
      vertex  2.033047e+001 -7.793925e+001  0.000000e+000
      vertex  2.018204e+001 -7.771623e+001 -5.000000e+000
      vertex  2.033047e+001 -7.793925e+001 -5.000000e+000
    endloop
  endfacet
  facet normal -7.206483e-001 -6.933008e-001  0.000000e+000
    outer loop
      vertex  2.033047e+001 -7.793925e+001  0.000000e+000
      vertex  2.033047e+001 -7.793925e+001 -5.000000e+000
      vertex  2.051620e+001 -7.813231e+001  0.000000e+000
    endloop
  endfacet
  facet normal -7.206483e-001 -6.933008e-001  -0.000000e+000
    outer loop
      vertex  2.051620e+001 -7.813231e+001  0.000000e+000
      vertex  2.033047e+001 -7.793925e+001 -5.000000e+000
      vertex  2.051620e+001 -7.813231e+001 -5.000000e+000
    endloop
  endfacet
  facet normal -5.858443e-001 -8.104236e-001  0.000000e+000
    outer loop
      vertex  2.051620e+001 -7.813231e+001  0.000000e+000
      vertex  2.051620e+001 -7.813231e+001 -5.000000e+000
      vertex  2.073330e+001 -7.828925e+001  0.000000e+000
    endloop
  endfacet
  facet normal -5.858443e-001 -8.104236e-001  -0.000000e+000
    outer loop
      vertex  2.073330e+001 -7.828925e+001  0.000000e+000
      vertex  2.051620e+001 -7.813231e+001 -5.000000e+000
      vertex  2.073330e+001 -7.828925e+001 -5.000000e+000
    endloop
  endfacet
  facet normal -4.323431e-001 -9.017092e-001  0.000000e+000
    outer loop
      vertex  2.073330e+001 -7.828925e+001  0.000000e+000
      vertex  2.073330e+001 -7.828925e+001 -5.000000e+000
      vertex  2.097486e+001 -7.840508e+001  0.000000e+000
    endloop
  endfacet
  facet normal -4.323431e-001 -9.017092e-001  -0.000000e+000
    outer loop
      vertex  2.097486e+001 -7.840508e+001  0.000000e+000
      vertex  2.073330e+001 -7.828925e+001 -5.000000e+000
      vertex  2.097486e+001 -7.840508e+001 -5.000000e+000
    endloop
  endfacet
  facet normal -2.650290e-001 -9.642404e-001  0.000000e+000
    outer loop
      vertex  2.097486e+001 -7.840508e+001  0.000000e+000
      vertex  2.097486e+001 -7.840508e+001 -5.000000e+000
      vertex  2.123318e+001 -7.847607e+001  0.000000e+000
    endloop
  endfacet
  facet normal -2.650290e-001 -9.642404e-001  -0.000000e+000
    outer loop
      vertex  2.123318e+001 -7.847607e+001  0.000000e+000
      vertex  2.097486e+001 -7.840508e+001 -5.000000e+000
      vertex  2.123318e+001 -7.847607e+001 -5.000000e+000
    endloop
  endfacet
  facet normal -8.931084e-002 -9.960038e-001  0.000000e+000
    outer loop
      vertex  2.123318e+001 -7.847607e+001  0.000000e+000
      vertex  2.123318e+001 -7.847607e+001 -5.000000e+000
      vertex  2.150000e+001 -7.850000e+001  0.000000e+000
    endloop
  endfacet
  facet normal -8.931084e-002 -9.960038e-001  -0.000000e+000
    outer loop
      vertex  2.150000e+001 -7.850000e+001  0.000000e+000
      vertex  2.123318e+001 -7.847607e+001 -5.000000e+000
      vertex  2.150000e+001 -7.850000e+001 -5.000000e+000
    endloop
  endfacet
  facet normal  0.000000e+000 -1.000000e+000  -0.000000e+000
    outer loop
      vertex  4.700000e+001 -7.850000e+001 -5.000000e+000
      vertex  4.700000e+001 -7.850000e+001  0.000000e+000
      vertex  2.150000e+001 -7.850000e+001 -5.000000e+000
    endloop
  endfacet
  facet normal  0.000000e+000 -1.000000e+000  0.000000e+000
    outer loop
      vertex  2.150000e+001 -7.850000e+001 -5.000000e+000
      vertex  4.700000e+001 -7.850000e+001  0.000000e+000
      vertex  2.150000e+001 -7.850000e+001  0.000000e+000
    endloop
  endfacet
  facet normal  1.000000e+000  0.000000e+000  0.000000e+000
    outer loop
      vertex  5.000000e+001 -3.132843e+001 -5.000000e+000
      vertex  5.000000e+001 -3.132843e+001  0.000000e+000
      vertex  5.000000e+001 -7.550000e+001 -5.000000e+000
    endloop
  endfacet
  facet normal  1.000000e+000  0.000000e+000  0.000000e+000
    outer loop
      vertex  5.000000e+001 -7.550000e+001 -5.000000e+000
      vertex  5.000000e+001 -3.132843e+001  0.000000e+000
      vertex  5.000000e+001 -7.550000e+001  0.000000e+000
    endloop
  endfacet
  facet normal  1.000000e+000  0.000000e+000  0.000000e+000
    outer loop
      vertex  5.000000e+001  2.367157e+001 -5.000000e+000
      vertex  5.000000e+001  2.367157e+001  0.000000e+000
      vertex  5.000000e+001 -2.367157e+001 -5.000000e+000
    endloop
  endfacet
  facet normal  1.000000e+000  0.000000e+000  0.000000e+000
    outer loop
      vertex  5.000000e+001 -2.367157e+001 -5.000000e+000
      vertex  5.000000e+001  2.367157e+001  0.000000e+000
      vertex  5.000000e+001 -2.367157e+001  0.000000e+000
    endloop
  endfacet
  facet normal  4.148369e-001 -9.098958e-001  0.000000e+000
    outer loop
      vertex  4.900000e+001  3.008579e+001  0.000000e+000
      vertex  4.900000e+001  3.008579e+001 -5.000000e+000
      vertex  4.923970e+001  3.019507e+001  0.000000e+000
    endloop
  endfacet
  facet normal  4.148369e-001 -9.098958e-001  0.000000e+000
    outer loop
      vertex  4.923970e+001  3.019507e+001  0.000000e+000
      vertex  4.900000e+001  3.008579e+001 -5.000000e+000
      vertex  4.923970e+001  3.019507e+001 -5.000000e+000
    endloop
  endfacet
  facet normal  5.676216e-001 -8.232895e-001  0.000000e+000
    outer loop
      vertex  4.923970e+001  3.019507e+001  0.000000e+000
      vertex  4.923970e+001  3.019507e+001 -5.000000e+000
      vertex  4.945658e+001  3.034460e+001  0.000000e+000
    endloop
  endfacet
  facet normal  5.676216e-001 -8.232895e-001  0.000000e+000
    outer loop
      vertex  4.945658e+001  3.034460e+001  0.000000e+000
      vertex  4.923970e+001  3.019507e+001 -5.000000e+000
      vertex  4.945658e+001  3.034460e+001 -5.000000e+000
    endloop
  endfacet
  facet normal  7.028950e-001 -7.112936e-001  0.000000e+000
    outer loop
      vertex  4.945658e+001  3.034460e+001  0.000000e+000
      vertex  4.945658e+001  3.034460e+001 -5.000000e+000
      vertex  4.964397e+001  3.052977e+001  0.000000e+000
    endloop
  endfacet
  facet normal  7.028950e-001 -7.112936e-001  0.000000e+000
    outer loop
      vertex  4.964397e+001  3.052977e+001  0.000000e+000
      vertex  4.945658e+001  3.034460e+001 -5.000000e+000
      vertex  4.964397e+001  3.052977e+001 -5.000000e+000
    endloop
  endfacet
  facet normal  8.164961e-001 -5.773510e-001  0.000000e+000
    outer loop
      vertex  4.964397e+001  3.052977e+001  0.000000e+000
      vertex  4.964397e+001  3.052977e+001 -5.000000e+000
      vertex  4.979606e+001  3.074487e+001  0.000000e+000
    endloop
  endfacet
  facet normal  8.164961e-001 -5.773510e-001  0.000000e+000
    outer loop
      vertex  4.979606e+001  3.074487e+001  0.000000e+000
      vertex  4.964397e+001  3.052977e+001 -5.000000e+000
      vertex  4.979606e+001  3.074487e+001 -5.000000e+000
    endloop
  endfacet
  facet normal  9.049135e-001 -4.255955e-001  0.000000e+000
    outer loop
      vertex  4.979606e+001  3.074487e+001  0.000000e+000
      vertex  4.979606e+001  3.074487e+001 -5.000000e+000
      vertex  4.990818e+001  3.098326e+001  0.000000e+000
    endloop
  endfacet
  facet normal  9.049135e-001 -4.255955e-001  0.000000e+000
    outer loop
      vertex  4.990818e+001  3.098326e+001  0.000000e+000
      vertex  4.979606e+001  3.074487e+001 -5.000000e+000
      vertex  4.990818e+001  3.098326e+001 -5.000000e+000
    endloop
  endfacet
  facet normal  9.654105e-001 -2.607347e-001  0.000000e+000
    outer loop
      vertex  4.990818e+001  3.098326e+001  0.000000e+000
      vertex  4.990818e+001  3.098326e+001 -5.000000e+000
      vertex  4.997687e+001  3.123758e+001  0.000000e+000
    endloop
  endfacet
  facet normal  9.654105e-001 -2.607347e-001  0.000000e+000
    outer loop
      vertex  4.997687e+001  3.123758e+001  0.000000e+000
      vertex  4.990818e+001  3.098326e+001 -5.000000e+000
      vertex  4.997687e+001  3.123758e+001 -5.000000e+000
    endloop
  endfacet
  facet normal  9.961373e-001 -8.780992e-002  0.000000e+000
    outer loop
      vertex  4.997687e+001  3.123758e+001  0.000000e+000
      vertex  4.997687e+001  3.123758e+001 -5.000000e+000
      vertex  5.000000e+001  3.150000e+001  0.000000e+000
    endloop
  endfacet
  facet normal  9.961373e-001 -8.780992e-002  0.000000e+000
    outer loop
      vertex  5.000000e+001  3.150000e+001  0.000000e+000
      vertex  4.997687e+001  3.123758e+001 -5.000000e+000
      vertex  5.000000e+001  3.150000e+001 -5.000000e+000
    endloop
  endfacet
  facet normal  9.999999e-001  0.000000e+000  0.000000e+000
    outer loop
      vertex  5.000000e+001  7.550000e+001 -5.000000e+000
      vertex  5.000000e+001  7.550000e+001  0.000000e+000
      vertex  5.000000e+001  3.150000e+001 -5.000000e+000
    endloop
  endfacet
  facet normal  9.999999e-001  0.000000e+000  0.000000e+000
    outer loop
      vertex  5.000000e+001  3.150000e+001 -5.000000e+000
      vertex  5.000000e+001  7.550000e+001  0.000000e+000
      vertex  5.000000e+001  3.150000e+001  0.000000e+000
    endloop
  endfacet
  facet normal  0.000000e+000  1.000000e+000  0.000000e+000
    outer loop
      vertex -1.352941e+001  7.850000e+001 -5.000000e+000
      vertex -1.352941e+001  7.850000e+001  0.000000e+000
      vertex  1.352941e+001  7.850000e+001 -5.000000e+000
    endloop
  endfacet
  facet normal  0.000000e+000  1.000000e+000  -0.000000e+000
    outer loop
      vertex  1.352941e+001  7.850000e+001 -5.000000e+000
      vertex -1.352941e+001  7.850000e+001  0.000000e+000
      vertex  1.352941e+001  7.850000e+001  0.000000e+000
    endloop
  endfacet
  facet normal -8.931084e-002  9.960038e-001  0.000000e+000
    outer loop
      vertex  2.150000e+001  7.850000e+001  0.000000e+000
      vertex  2.150000e+001  7.850000e+001 -5.000000e+000
      vertex  2.123318e+001  7.847607e+001  0.000000e+000
    endloop
  endfacet
  facet normal -8.931084e-002  9.960038e-001  0.000000e+000
    outer loop
      vertex  2.123318e+001  7.847607e+001  0.000000e+000
      vertex  2.150000e+001  7.850000e+001 -5.000000e+000
      vertex  2.123318e+001  7.847607e+001 -5.000000e+000
    endloop
  endfacet
  facet normal -2.650290e-001  9.642404e-001  0.000000e+000
    outer loop
      vertex  2.123318e+001  7.847607e+001  0.000000e+000
      vertex  2.123318e+001  7.847607e+001 -5.000000e+000
      vertex  2.097486e+001  7.840508e+001  0.000000e+000
    endloop
  endfacet
  facet normal -2.650290e-001  9.642404e-001  0.000000e+000
    outer loop
      vertex  2.097486e+001  7.840508e+001  0.000000e+000
      vertex  2.123318e+001  7.847607e+001 -5.000000e+000
      vertex  2.097486e+001  7.840508e+001 -5.000000e+000
    endloop
  endfacet
  facet normal -4.323431e-001  9.017092e-001  0.000000e+000
    outer loop
      vertex  2.097486e+001  7.840508e+001  0.000000e+000
      vertex  2.097486e+001  7.840508e+001 -5.000000e+000
      vertex  2.073330e+001  7.828925e+001  0.000000e+000
    endloop
  endfacet
  facet normal -4.323431e-001  9.017092e-001  0.000000e+000
    outer loop
      vertex  2.073330e+001  7.828925e+001  0.000000e+000
      vertex  2.097486e+001  7.840508e+001 -5.000000e+000
      vertex  2.073330e+001  7.828925e+001 -5.000000e+000
    endloop
  endfacet
  facet normal -5.858443e-001  8.104236e-001  0.000000e+000
    outer loop
      vertex  2.073330e+001  7.828925e+001  0.000000e+000
      vertex  2.073330e+001  7.828925e+001 -5.000000e+000
      vertex  2.051620e+001  7.813231e+001  0.000000e+000
    endloop
  endfacet
  facet normal -5.858443e-001  8.104236e-001  0.000000e+000
    outer loop
      vertex  2.051620e+001  7.813231e+001  0.000000e+000
      vertex  2.073330e+001  7.828925e+001 -5.000000e+000
      vertex  2.051620e+001  7.813231e+001 -5.000000e+000
    endloop
  endfacet
  facet normal -7.206483e-001  6.933008e-001  0.000000e+000
    outer loop
      vertex  2.051620e+001  7.813231e+001  0.000000e+000
      vertex  2.051620e+001  7.813231e+001 -5.000000e+000
      vertex  2.033047e+001  7.793925e+001  0.000000e+000
    endloop
  endfacet
  facet normal -7.206483e-001  6.933008e-001  0.000000e+000
    outer loop
      vertex  2.033047e+001  7.793925e+001  0.000000e+000
      vertex  2.051620e+001  7.813231e+001 -5.000000e+000
      vertex  2.033047e+001  7.793925e+001 -5.000000e+000
    endloop
  endfacet
  facet normal -8.324936e-001  5.540346e-001  0.000000e+000
    outer loop
      vertex  2.033047e+001  7.793925e+001  0.000000e+000
      vertex  2.033047e+001  7.793925e+001 -5.000000e+000
      vertex  2.018204e+001  7.771623e+001  0.000000e+000
    endloop
  endfacet
  facet normal -8.324936e-001  5.540346e-001  0.000000e+000
    outer loop
      vertex  2.018204e+001  7.771623e+001  0.000000e+000
      vertex  2.033047e+001  7.793925e+001 -5.000000e+000
      vertex  2.018204e+001  7.771623e+001 -5.000000e+000
    endloop
  endfacet
  facet normal -9.177669e-001  3.971195e-001  0.000000e+000
    outer loop
      vertex  2.018204e+001  7.771623e+001  0.000000e+000
      vertex  2.018204e+001  7.771623e+001 -5.000000e+000
      vertex  2.007566e+001  7.747037e+001  0.000000e+000
    endloop
  endfacet
  facet normal -9.177669e-001  3.971195e-001  0.000000e+000
    outer loop
      vertex  2.007566e+001  7.747037e+001  0.000000e+000
      vertex  2.018204e+001  7.771623e+001 -5.000000e+000
      vertex  2.007566e+001  7.747037e+001 -5.000000e+000
    endloop
  endfacet
  facet normal -9.737695e-001  2.275366e-001  0.000000e+000
    outer loop
      vertex  2.007566e+001  7.747037e+001  0.000000e+000
      vertex  2.007566e+001  7.747037e+001 -5.000000e+000
      vertex  2.001470e+001  7.720950e+001  0.000000e+000
    endloop
  endfacet
  facet normal -9.737695e-001  2.275366e-001  0.000000e+000
    outer loop
      vertex  2.001470e+001  7.720950e+001  0.000000e+000
      vertex  2.007566e+001  7.747037e+001 -5.000000e+000
      vertex  2.001470e+001  7.720950e+001 -5.000000e+000
    endloop
  endfacet
  facet normal  0.000000e+000  1.000000e+000  0.000000e+000
    outer loop
      vertex  2.150000e+001  7.850000e+001 -5.000000e+000
      vertex  2.150000e+001  7.850000e+001  0.000000e+000
      vertex  4.700000e+001  7.850000e+001 -5.000000e+000
    endloop
  endfacet
  facet normal  0.000000e+000  1.000000e+000  -0.000000e+000
    outer loop
      vertex  4.700000e+001  7.850000e+001 -5.000000e+000
      vertex  2.150000e+001  7.850000e+001  0.000000e+000
      vertex  4.700000e+001  7.850000e+001  0.000000e+000
    endloop
  endfacet
  facet normal  0.000000e+000  9.999999e-001  0.000000e+000
    outer loop
      vertex -4.700000e+001  7.850000e+001 -5.000000e+000
      vertex -4.700000e+001  7.850000e+001  0.000000e+000
      vertex -2.147059e+001  7.850000e+001 -5.000000e+000
    endloop
  endfacet
  facet normal  0.000000e+000  9.999999e-001  -0.000000e+000
    outer loop
      vertex -2.147059e+001  7.850000e+001 -5.000000e+000
      vertex -4.700000e+001  7.850000e+001  0.000000e+000
      vertex -2.147059e+001  7.850000e+001  0.000000e+000
    endloop
  endfacet
  facet normal -1.000000e+000  0.000000e+000  0.000000e+000
    outer loop
      vertex -5.000000e+001  3.132843e+001 -5.000000e+000
      vertex -5.000000e+001  3.132843e+001  0.000000e+000
      vertex -5.000000e+001  7.550000e+001 -5.000000e+000
    endloop
  endfacet
  facet normal -1.000000e+000  0.000000e+000  0.000000e+000
    outer loop
      vertex -5.000000e+001  7.550000e+001 -5.000000e+000
      vertex -5.000000e+001  3.132843e+001  0.000000e+000
      vertex -5.000000e+001  7.550000e+001  0.000000e+000
    endloop
  endfacet
  facet normal -4.148369e-001  9.098958e-001  0.000000e+000
    outer loop
      vertex -4.900000e+001  2.491421e+001  0.000000e+000
      vertex -4.900000e+001  2.491421e+001 -5.000000e+000
      vertex -4.923970e+001  2.480493e+001  0.000000e+000
    endloop
  endfacet
  facet normal -4.148369e-001  9.098958e-001  0.000000e+000
    outer loop
      vertex -4.923970e+001  2.480493e+001  0.000000e+000
      vertex -4.900000e+001  2.491421e+001 -5.000000e+000
      vertex -4.923970e+001  2.480493e+001 -5.000000e+000
    endloop
  endfacet
  facet normal -5.676216e-001  8.232895e-001  0.000000e+000
    outer loop
      vertex -4.923970e+001  2.480493e+001  0.000000e+000
      vertex -4.923970e+001  2.480493e+001 -5.000000e+000
      vertex -4.945658e+001  2.465540e+001  0.000000e+000
    endloop
  endfacet
  facet normal -5.676216e-001  8.232895e-001  0.000000e+000
    outer loop
      vertex -4.945658e+001  2.465540e+001  0.000000e+000
      vertex -4.923970e+001  2.480493e+001 -5.000000e+000
      vertex -4.945658e+001  2.465540e+001 -5.000000e+000
    endloop
  endfacet
  facet normal -7.028950e-001  7.112936e-001  0.000000e+000
    outer loop
      vertex -4.945658e+001  2.465540e+001  0.000000e+000
      vertex -4.945658e+001  2.465540e+001 -5.000000e+000
      vertex -4.964397e+001  2.447023e+001  0.000000e+000
    endloop
  endfacet
  facet normal -7.028950e-001  7.112936e-001  0.000000e+000
    outer loop
      vertex -4.964397e+001  2.447023e+001  0.000000e+000
      vertex -4.945658e+001  2.465540e+001 -5.000000e+000
      vertex -4.964397e+001  2.447023e+001 -5.000000e+000
    endloop
  endfacet
  facet normal -8.164961e-001  5.773510e-001  0.000000e+000
    outer loop
      vertex -4.964397e+001  2.447023e+001  0.000000e+000
      vertex -4.964397e+001  2.447023e+001 -5.000000e+000
      vertex -4.979606e+001  2.425513e+001  0.000000e+000
    endloop
  endfacet
  facet normal -8.164961e-001  5.773510e-001  0.000000e+000
    outer loop
      vertex -4.979606e+001  2.425513e+001  0.000000e+000
      vertex -4.964397e+001  2.447023e+001 -5.000000e+000
      vertex -4.979606e+001  2.425513e+001 -5.000000e+000
    endloop
  endfacet
  facet normal -9.049135e-001  4.255955e-001  0.000000e+000
    outer loop
      vertex -4.979606e+001  2.425513e+001  0.000000e+000
      vertex -4.979606e+001  2.425513e+001 -5.000000e+000
      vertex -4.990818e+001  2.401674e+001  0.000000e+000
    endloop
  endfacet
  facet normal -9.049135e-001  4.255955e-001  0.000000e+000
    outer loop
      vertex -4.990818e+001  2.401674e+001  0.000000e+000
      vertex -4.979606e+001  2.425513e+001 -5.000000e+000
      vertex -4.990818e+001  2.401674e+001 -5.000000e+000
    endloop
  endfacet
  facet normal -9.654105e-001  2.607347e-001  0.000000e+000
    outer loop
      vertex -4.990818e+001  2.401674e+001  0.000000e+000
      vertex -4.990818e+001  2.401674e+001 -5.000000e+000
      vertex -4.997687e+001  2.376242e+001  0.000000e+000
    endloop
  endfacet
  facet normal -9.654105e-001  2.607347e-001  0.000000e+000
    outer loop
      vertex -4.997687e+001  2.376242e+001  0.000000e+000
      vertex -4.990818e+001  2.401674e+001 -5.000000e+000
      vertex -4.997687e+001  2.376242e+001 -5.000000e+000
    endloop
  endfacet
  facet normal -9.961373e-001  8.780992e-002  0.000000e+000
    outer loop
      vertex -4.997687e+001  2.376242e+001  0.000000e+000
      vertex -4.997687e+001  2.376242e+001 -5.000000e+000
      vertex -5.000000e+001  2.350000e+001  0.000000e+000
    endloop
  endfacet
  facet normal -9.961373e-001  8.780992e-002  0.000000e+000
    outer loop
      vertex -5.000000e+001  2.350000e+001  0.000000e+000
      vertex -4.997687e+001  2.376242e+001 -5.000000e+000
      vertex -5.000000e+001  2.350000e+001 -5.000000e+000
    endloop
  endfacet
  facet normal -9.999999e-001  0.000000e+000  0.000000e+000
    outer loop
      vertex -5.000000e+001 -2.350000e+001 -5.000000e+000
      vertex -5.000000e+001 -2.350000e+001  0.000000e+000
      vertex -5.000000e+001  2.350000e+001 -5.000000e+000
    endloop
  endfacet
  facet normal -9.999999e-001  0.000000e+000  0.000000e+000
    outer loop
      vertex -5.000000e+001  2.350000e+001 -5.000000e+000
      vertex -5.000000e+001 -2.350000e+001  0.000000e+000
      vertex -5.000000e+001  2.350000e+001  0.000000e+000
    endloop
  endfacet
  facet normal -4.148369e-001  9.098958e-001  0.000000e+000
    outer loop
      vertex -4.900000e+001 -3.008579e+001  0.000000e+000
      vertex -4.900000e+001 -3.008579e+001 -5.000000e+000
      vertex -4.923970e+001 -3.019507e+001  0.000000e+000
    endloop
  endfacet
  facet normal -4.148369e-001  9.098958e-001  0.000000e+000
    outer loop
      vertex -4.923970e+001 -3.019507e+001  0.000000e+000
      vertex -4.900000e+001 -3.008579e+001 -5.000000e+000
      vertex -4.923970e+001 -3.019507e+001 -5.000000e+000
    endloop
  endfacet
  facet normal -5.676216e-001  8.232895e-001  0.000000e+000
    outer loop
      vertex -4.923970e+001 -3.019507e+001  0.000000e+000
      vertex -4.923970e+001 -3.019507e+001 -5.000000e+000
      vertex -4.945658e+001 -3.034460e+001  0.000000e+000
    endloop
  endfacet
  facet normal -5.676216e-001  8.232895e-001  0.000000e+000
    outer loop
      vertex -4.945658e+001 -3.034460e+001  0.000000e+000
      vertex -4.923970e+001 -3.019507e+001 -5.000000e+000
      vertex -4.945658e+001 -3.034460e+001 -5.000000e+000
    endloop
  endfacet
  facet normal -7.028950e-001  7.112936e-001  0.000000e+000
    outer loop
      vertex -4.945658e+001 -3.034460e+001  0.000000e+000
      vertex -4.945658e+001 -3.034460e+001 -5.000000e+000
      vertex -4.964397e+001 -3.052977e+001  0.000000e+000
    endloop
  endfacet
  facet normal -7.028950e-001  7.112936e-001  0.000000e+000
    outer loop
      vertex -4.964397e+001 -3.052977e+001  0.000000e+000
      vertex -4.945658e+001 -3.034460e+001 -5.000000e+000
      vertex -4.964397e+001 -3.052977e+001 -5.000000e+000
    endloop
  endfacet
  facet normal -8.164961e-001  5.773510e-001  0.000000e+000
    outer loop
      vertex -4.964397e+001 -3.052977e+001  0.000000e+000
      vertex -4.964397e+001 -3.052977e+001 -5.000000e+000
      vertex -4.979606e+001 -3.074487e+001  0.000000e+000
    endloop
  endfacet
  facet normal -8.164961e-001  5.773510e-001  0.000000e+000
    outer loop
      vertex -4.979606e+001 -3.074487e+001  0.000000e+000
      vertex -4.964397e+001 -3.052977e+001 -5.000000e+000
      vertex -4.979606e+001 -3.074487e+001 -5.000000e+000
    endloop
  endfacet
  facet normal -9.049135e-001  4.255955e-001  0.000000e+000
    outer loop
      vertex -4.979606e+001 -3.074487e+001  0.000000e+000
      vertex -4.979606e+001 -3.074487e+001 -5.000000e+000
      vertex -4.990818e+001 -3.098326e+001  0.000000e+000
    endloop
  endfacet
  facet normal -9.049135e-001  4.255955e-001  0.000000e+000
    outer loop
      vertex -4.990818e+001 -3.098326e+001  0.000000e+000
      vertex -4.979606e+001 -3.074487e+001 -5.000000e+000
      vertex -4.990818e+001 -3.098326e+001 -5.000000e+000
    endloop
  endfacet
  facet normal -9.654105e-001  2.607347e-001  0.000000e+000
    outer loop
      vertex -4.990818e+001 -3.098326e+001  0.000000e+000
      vertex -4.990818e+001 -3.098326e+001 -5.000000e+000
      vertex -4.997687e+001 -3.123758e+001  0.000000e+000
    endloop
  endfacet
  facet normal -9.654105e-001  2.607347e-001  0.000000e+000
    outer loop
      vertex -4.997687e+001 -3.123758e+001  0.000000e+000
      vertex -4.990818e+001 -3.098326e+001 -5.000000e+000
      vertex -4.997687e+001 -3.123758e+001 -5.000000e+000
    endloop
  endfacet
  facet normal -9.961373e-001  8.780992e-002  0.000000e+000
    outer loop
      vertex -4.997687e+001 -3.123758e+001  0.000000e+000
      vertex -4.997687e+001 -3.123758e+001 -5.000000e+000
      vertex -5.000000e+001 -3.150000e+001  0.000000e+000
    endloop
  endfacet
  facet normal -9.961373e-001  8.780992e-002  0.000000e+000
    outer loop
      vertex -5.000000e+001 -3.150000e+001  0.000000e+000
      vertex -4.997687e+001 -3.123758e+001 -5.000000e+000
      vertex -5.000000e+001 -3.150000e+001 -5.000000e+000
    endloop
  endfacet
  facet normal -9.961373e-001 -8.780992e-002  0.000000e+000
    outer loop
      vertex -5.000000e+001 -2.350000e+001  0.000000e+000
      vertex -5.000000e+001 -2.350000e+001 -5.000000e+000
      vertex -4.997687e+001 -2.376242e+001  0.000000e+000
    endloop
  endfacet
  facet normal -9.961373e-001 -8.780992e-002  -0.000000e+000
    outer loop
      vertex -4.997687e+001 -2.376242e+001  0.000000e+000
      vertex -5.000000e+001 -2.350000e+001 -5.000000e+000
      vertex -4.997687e+001 -2.376242e+001 -5.000000e+000
    endloop
  endfacet
  facet normal -9.654105e-001 -2.607347e-001  0.000000e+000
    outer loop
      vertex -4.997687e+001 -2.376242e+001  0.000000e+000
      vertex -4.997687e+001 -2.376242e+001 -5.000000e+000
      vertex -4.990818e+001 -2.401674e+001  0.000000e+000
    endloop
  endfacet
  facet normal -9.654105e-001 -2.607347e-001  -0.000000e+000
    outer loop
      vertex -4.990818e+001 -2.401674e+001  0.000000e+000
      vertex -4.997687e+001 -2.376242e+001 -5.000000e+000
      vertex -4.990818e+001 -2.401674e+001 -5.000000e+000
    endloop
  endfacet
  facet normal -9.049135e-001 -4.255955e-001  0.000000e+000
    outer loop
      vertex -4.990818e+001 -2.401674e+001  0.000000e+000
      vertex -4.990818e+001 -2.401674e+001 -5.000000e+000
      vertex -4.979606e+001 -2.425513e+001  0.000000e+000
    endloop
  endfacet
  facet normal -9.049135e-001 -4.255955e-001  -0.000000e+000
    outer loop
      vertex -4.979606e+001 -2.425513e+001  0.000000e+000
      vertex -4.990818e+001 -2.401674e+001 -5.000000e+000
      vertex -4.979606e+001 -2.425513e+001 -5.000000e+000
    endloop
  endfacet
  facet normal -8.164961e-001 -5.773510e-001  0.000000e+000
    outer loop
      vertex -4.979606e+001 -2.425513e+001  0.000000e+000
      vertex -4.979606e+001 -2.425513e+001 -5.000000e+000
      vertex -4.964397e+001 -2.447023e+001  0.000000e+000
    endloop
  endfacet
  facet normal -8.164961e-001 -5.773510e-001  -0.000000e+000
    outer loop
      vertex -4.964397e+001 -2.447023e+001  0.000000e+000
      vertex -4.979606e+001 -2.425513e+001 -5.000000e+000
      vertex -4.964397e+001 -2.447023e+001 -5.000000e+000
    endloop
  endfacet
  facet normal -7.028950e-001 -7.112936e-001  0.000000e+000
    outer loop
      vertex -4.964397e+001 -2.447023e+001  0.000000e+000
      vertex -4.964397e+001 -2.447023e+001 -5.000000e+000
      vertex -4.945658e+001 -2.465540e+001  0.000000e+000
    endloop
  endfacet
  facet normal -7.028950e-001 -7.112936e-001  -0.000000e+000
    outer loop
      vertex -4.945658e+001 -2.465540e+001  0.000000e+000
      vertex -4.964397e+001 -2.447023e+001 -5.000000e+000
      vertex -4.945658e+001 -2.465540e+001 -5.000000e+000
    endloop
  endfacet
  facet normal -5.676216e-001 -8.232895e-001  0.000000e+000
    outer loop
      vertex -4.945658e+001 -2.465540e+001  0.000000e+000
      vertex -4.945658e+001 -2.465540e+001 -5.000000e+000
      vertex -4.923970e+001 -2.480493e+001  0.000000e+000
    endloop
  endfacet
  facet normal -5.676216e-001 -8.232895e-001  -0.000000e+000
    outer loop
      vertex -4.923970e+001 -2.480493e+001  0.000000e+000
      vertex -4.945658e+001 -2.465540e+001 -5.000000e+000
      vertex -4.923970e+001 -2.480493e+001 -5.000000e+000
    endloop
  endfacet
  facet normal -4.148369e-001 -9.098958e-001  0.000000e+000
    outer loop
      vertex -4.923970e+001 -2.480493e+001  0.000000e+000
      vertex -4.923970e+001 -2.480493e+001 -5.000000e+000
      vertex -4.900000e+001 -2.491421e+001  0.000000e+000
    endloop
  endfacet
  facet normal -4.148369e-001 -9.098958e-001  -0.000000e+000
    outer loop
      vertex -4.900000e+001 -2.491421e+001  0.000000e+000
      vertex -4.923970e+001 -2.480493e+001 -5.000000e+000
      vertex -4.900000e+001 -2.491421e+001 -5.000000e+000
    endloop
  endfacet
  facet normal -9.999999e-001  0.000000e+000  0.000000e+000
    outer loop
      vertex -5.000000e+001 -7.550000e+001 -5.000000e+000
      vertex -5.000000e+001 -7.550000e+001  0.000000e+000
      vertex -5.000000e+001 -3.150000e+001 -5.000000e+000
    endloop
  endfacet
  facet normal -9.999999e-001  0.000000e+000  0.000000e+000
    outer loop
      vertex -5.000000e+001 -3.150000e+001 -5.000000e+000
      vertex -5.000000e+001 -7.550000e+001  0.000000e+000
      vertex -5.000000e+001 -3.150000e+001  0.000000e+000
    endloop
  endfacet
  facet normal  9.961950e-001  8.715234e-002  0.000000e+000
    outer loop
      vertex -4.650000e+001  5.971700e-016 -5.000000e+000
      vertex -4.646202e+001 -4.341204e-001  0.000000e+000
      vertex -4.646202e+001 -4.341204e-001 -5.000000e+000
    endloop
  endfacet
  facet normal  9.659251e-001  2.588218e-001  -0.000000e+000
    outer loop
      vertex -4.646202e+001 -4.341204e-001 -5.000000e+000
      vertex -4.646202e+001 -4.341204e-001  0.000000e+000
      vertex -4.634923e+001 -8.550504e-001  0.000000e+000
    endloop
  endfacet
  facet normal  9.659251e-001  2.588218e-001  0.000000e+000
    outer loop
      vertex -4.646202e+001 -4.341204e-001 -5.000000e+000
      vertex -4.634923e+001 -8.550504e-001  0.000000e+000
      vertex -4.634923e+001 -8.550504e-001 -5.000000e+000
    endloop
  endfacet
  facet normal  9.063063e-001  4.226215e-001  -0.000000e+000
    outer loop
      vertex -4.634923e+001 -8.550504e-001 -5.000000e+000
      vertex -4.634923e+001 -8.550504e-001  0.000000e+000
      vertex -4.616506e+001 -1.250000e+000  0.000000e+000
    endloop
  endfacet
  facet normal  9.063063e-001  4.226215e-001  0.000000e+000
    outer loop
      vertex -4.634923e+001 -8.550504e-001 -5.000000e+000
      vertex -4.616506e+001 -1.250000e+000  0.000000e+000
      vertex -4.616506e+001 -1.250000e+000 -5.000000e+000
    endloop
  endfacet
  facet normal  8.191541e-001  5.735734e-001  -0.000000e+000
    outer loop
      vertex -4.616506e+001 -1.250000e+000 -5.000000e+000
      vertex -4.616506e+001 -1.250000e+000  0.000000e+000
      vertex -4.591511e+001 -1.606969e+000  0.000000e+000
    endloop
  endfacet
  facet normal  8.191541e-001  5.735734e-001  0.000000e+000
    outer loop
      vertex -4.616506e+001 -1.250000e+000 -5.000000e+000
      vertex -4.591511e+001 -1.606969e+000  0.000000e+000
      vertex -4.591511e+001 -1.606969e+000 -5.000000e+000
    endloop
  endfacet
  facet normal  7.071049e-001  7.071085e-001  -0.000000e+000
    outer loop
      vertex -4.591511e+001 -1.606969e+000 -5.000000e+000
      vertex -4.591511e+001 -1.606969e+000  0.000000e+000
      vertex -4.560697e+001 -1.915111e+000  0.000000e+000
    endloop
  endfacet
  facet normal  7.071049e-001  7.071085e-001  0.000000e+000
    outer loop
      vertex -4.591511e+001 -1.606969e+000 -5.000000e+000
      vertex -4.560697e+001 -1.915111e+000  0.000000e+000
      vertex -4.560697e+001 -1.915111e+000 -5.000000e+000
    endloop
  endfacet
  facet normal  5.735779e-001  8.191510e-001  -0.000000e+000
    outer loop
      vertex -4.560697e+001 -1.915111e+000 -5.000000e+000
      vertex -4.560697e+001 -1.915111e+000  0.000000e+000
      vertex -4.525000e+001 -2.165064e+000  0.000000e+000
    endloop
  endfacet
  facet normal  5.735779e-001  8.191510e-001  0.000000e+000
    outer loop
      vertex -4.560697e+001 -1.915111e+000 -5.000000e+000
      vertex -4.525000e+001 -2.165064e+000  0.000000e+000
      vertex -4.525000e+001 -2.165064e+000 -5.000000e+000
    endloop
  endfacet
  facet normal  4.226168e-001  9.063084e-001  -0.000000e+000
    outer loop
      vertex -4.525000e+001 -2.165064e+000 -5.000000e+000
      vertex -4.525000e+001 -2.165064e+000  0.000000e+000
      vertex -4.485505e+001 -2.349231e+000  0.000000e+000
    endloop
  endfacet
  facet normal  4.226168e-001  9.063084e-001  0.000000e+000
    outer loop
      vertex -4.525000e+001 -2.165064e+000 -5.000000e+000
      vertex -4.485505e+001 -2.349231e+000  0.000000e+000
      vertex -4.485505e+001 -2.349231e+000 -5.000000e+000
    endloop
  endfacet
  facet normal  2.588199e-001  9.659256e-001  -0.000000e+000
    outer loop
      vertex -4.485505e+001 -2.349231e+000 -5.000000e+000
      vertex -4.485505e+001 -2.349231e+000  0.000000e+000
      vertex -4.443412e+001 -2.462019e+000  0.000000e+000
    endloop
  endfacet
  facet normal  2.588199e-001  9.659256e-001  0.000000e+000
    outer loop
      vertex -4.485505e+001 -2.349231e+000 -5.000000e+000
      vertex -4.443412e+001 -2.462019e+000  0.000000e+000
      vertex -4.443412e+001 -2.462019e+000 -5.000000e+000
    endloop
  endfacet
  facet normal  8.715566e-002  9.961947e-001  -0.000000e+000
    outer loop
      vertex -4.443412e+001 -2.462019e+000 -5.000000e+000
      vertex -4.443412e+001 -2.462019e+000  0.000000e+000
      vertex -4.400000e+001 -2.500000e+000  0.000000e+000
    endloop
  endfacet
  facet normal  8.715566e-002  9.961947e-001  0.000000e+000
    outer loop
      vertex -4.443412e+001 -2.462019e+000 -5.000000e+000
      vertex -4.400000e+001 -2.500000e+000  0.000000e+000
      vertex -4.400000e+001 -2.500000e+000 -5.000000e+000
    endloop
  endfacet
  facet normal  9.961950e-001  8.715234e-002  7.740682e-018
    outer loop
      vertex -4.646202e+001 -4.341204e-001  0.000000e+000
      vertex -4.650000e+001  5.971700e-016 -5.000000e+000
      vertex -4.650000e+001  1.530808e-016  0.000000e+000
    endloop
  endfacet
  facet normal  9.961950e-001 -8.715234e-002 -7.740682e-018
    outer loop
      vertex -4.650000e+001  1.530808e-016  0.000000e+000
      vertex -4.650000e+001  5.971700e-016 -5.000000e+000
      vertex -4.646202e+001  4.341204e-001 -5.000000e+000
    endloop
  endfacet
  facet normal  9.961950e-001 -8.715234e-002  0.000000e+000
    outer loop
      vertex -4.650000e+001  1.530808e-016  0.000000e+000
      vertex -4.646202e+001  4.341204e-001 -5.000000e+000
      vertex -4.646202e+001  4.341204e-001  0.000000e+000
    endloop
  endfacet
  facet normal  9.659251e-001 -2.588218e-001  0.000000e+000
    outer loop
      vertex -4.646202e+001  4.341204e-001  0.000000e+000
      vertex -4.646202e+001  4.341204e-001 -5.000000e+000
      vertex -4.634923e+001  8.550504e-001 -5.000000e+000
    endloop
  endfacet
  facet normal  9.659251e-001 -2.588218e-001  0.000000e+000
    outer loop
      vertex -4.646202e+001  4.341204e-001  0.000000e+000
      vertex -4.634923e+001  8.550504e-001 -5.000000e+000
      vertex -4.634923e+001  8.550504e-001  0.000000e+000
    endloop
  endfacet
  facet normal  9.063063e-001 -4.226215e-001  0.000000e+000
    outer loop
      vertex -4.634923e+001  8.550504e-001  0.000000e+000
      vertex -4.634923e+001  8.550504e-001 -5.000000e+000
      vertex -4.616506e+001  1.250000e+000 -5.000000e+000
    endloop
  endfacet
  facet normal  9.063063e-001 -4.226215e-001  0.000000e+000
    outer loop
      vertex -4.634923e+001  8.550504e-001  0.000000e+000
      vertex -4.616506e+001  1.250000e+000 -5.000000e+000
      vertex -4.616506e+001  1.250000e+000  0.000000e+000
    endloop
  endfacet
  facet normal  8.191541e-001 -5.735734e-001  0.000000e+000
    outer loop
      vertex -4.616506e+001  1.250000e+000  0.000000e+000
      vertex -4.616506e+001  1.250000e+000 -5.000000e+000
      vertex -4.591511e+001  1.606969e+000 -5.000000e+000
    endloop
  endfacet
  facet normal  8.191541e-001 -5.735734e-001  0.000000e+000
    outer loop
      vertex -4.616506e+001  1.250000e+000  0.000000e+000
      vertex -4.591511e+001  1.606969e+000 -5.000000e+000
      vertex -4.591511e+001  1.606969e+000  0.000000e+000
    endloop
  endfacet
  facet normal  7.071049e-001 -7.071085e-001  0.000000e+000
    outer loop
      vertex -4.591511e+001  1.606969e+000  0.000000e+000
      vertex -4.591511e+001  1.606969e+000 -5.000000e+000
      vertex -4.560697e+001  1.915111e+000 -5.000000e+000
    endloop
  endfacet
  facet normal  7.071049e-001 -7.071085e-001  0.000000e+000
    outer loop
      vertex -4.591511e+001  1.606969e+000  0.000000e+000
      vertex -4.560697e+001  1.915111e+000 -5.000000e+000
      vertex -4.560697e+001  1.915111e+000  0.000000e+000
    endloop
  endfacet
  facet normal  5.735779e-001 -8.191510e-001  0.000000e+000
    outer loop
      vertex -4.560697e+001  1.915111e+000  0.000000e+000
      vertex -4.560697e+001  1.915111e+000 -5.000000e+000
      vertex -4.525000e+001  2.165064e+000 -5.000000e+000
    endloop
  endfacet
  facet normal  5.735779e-001 -8.191510e-001  0.000000e+000
    outer loop
      vertex -4.560697e+001  1.915111e+000  0.000000e+000
      vertex -4.525000e+001  2.165064e+000 -5.000000e+000
      vertex -4.525000e+001  2.165064e+000  0.000000e+000
    endloop
  endfacet
  facet normal  4.226168e-001 -9.063084e-001  0.000000e+000
    outer loop
      vertex -4.525000e+001  2.165064e+000  0.000000e+000
      vertex -4.525000e+001  2.165064e+000 -5.000000e+000
      vertex -4.485505e+001  2.349231e+000 -5.000000e+000
    endloop
  endfacet
  facet normal  4.226168e-001 -9.063084e-001  0.000000e+000
    outer loop
      vertex -4.525000e+001  2.165064e+000  0.000000e+000
      vertex -4.485505e+001  2.349231e+000 -5.000000e+000
      vertex -4.485505e+001  2.349231e+000  0.000000e+000
    endloop
  endfacet
  facet normal  2.588199e-001 -9.659256e-001  0.000000e+000
    outer loop
      vertex -4.485505e+001  2.349231e+000  0.000000e+000
      vertex -4.485505e+001  2.349231e+000 -5.000000e+000
      vertex -4.443412e+001  2.462019e+000 -5.000000e+000
    endloop
  endfacet
  facet normal  2.588199e-001 -9.659256e-001  0.000000e+000
    outer loop
      vertex -4.485505e+001  2.349231e+000  0.000000e+000
      vertex -4.443412e+001  2.462019e+000 -5.000000e+000
      vertex -4.443412e+001  2.462019e+000  0.000000e+000
    endloop
  endfacet
  facet normal  8.715566e-002 -9.961947e-001  0.000000e+000
    outer loop
      vertex -4.443412e+001  2.462019e+000  0.000000e+000
      vertex -4.443412e+001  2.462019e+000 -5.000000e+000
      vertex -4.400000e+001  2.500000e+000 -5.000000e+000
    endloop
  endfacet
  facet normal  8.715566e-002 -9.961947e-001  0.000000e+000
    outer loop
      vertex -4.443412e+001  2.462019e+000  0.000000e+000
      vertex -4.400000e+001  2.500000e+000 -5.000000e+000
      vertex -4.400000e+001  2.500000e+000  0.000000e+000
    endloop
  endfacet
  facet normal -9.961950e-001 -8.715234e-002  -0.000000e+000
    outer loop
      vertex -4.150000e+001 -4.592425e-016 -5.000000e+000
      vertex -4.153798e+001  4.341204e-001  0.000000e+000
      vertex -4.153798e+001  4.341204e-001 -5.000000e+000
    endloop
  endfacet
  facet normal -9.659251e-001 -2.588218e-001  0.000000e+000
    outer loop
      vertex -4.153798e+001  4.341204e-001 -5.000000e+000
      vertex -4.153798e+001  4.341204e-001  0.000000e+000
      vertex -4.165077e+001  8.550504e-001  0.000000e+000
    endloop
  endfacet
  facet normal -9.659251e-001 -2.588218e-001  -0.000000e+000
    outer loop
      vertex -4.153798e+001  4.341204e-001 -5.000000e+000
      vertex -4.165077e+001  8.550504e-001  0.000000e+000
      vertex -4.165077e+001  8.550504e-001 -5.000000e+000
    endloop
  endfacet
  facet normal -9.063063e-001 -4.226215e-001  0.000000e+000
    outer loop
      vertex -4.165077e+001  8.550504e-001 -5.000000e+000
      vertex -4.165077e+001  8.550504e-001  0.000000e+000
      vertex -4.183494e+001  1.250000e+000  0.000000e+000
    endloop
  endfacet
  facet normal -9.063063e-001 -4.226215e-001  -0.000000e+000
    outer loop
      vertex -4.165077e+001  8.550504e-001 -5.000000e+000
      vertex -4.183494e+001  1.250000e+000  0.000000e+000
      vertex -4.183494e+001  1.250000e+000 -5.000000e+000
    endloop
  endfacet
  facet normal -8.191541e-001 -5.735734e-001  0.000000e+000
    outer loop
      vertex -4.183494e+001  1.250000e+000 -5.000000e+000
      vertex -4.183494e+001  1.250000e+000  0.000000e+000
      vertex -4.208489e+001  1.606969e+000  0.000000e+000
    endloop
  endfacet
  facet normal -8.191541e-001 -5.735734e-001  -0.000000e+000
    outer loop
      vertex -4.183494e+001  1.250000e+000 -5.000000e+000
      vertex -4.208489e+001  1.606969e+000  0.000000e+000
      vertex -4.208489e+001  1.606969e+000 -5.000000e+000
    endloop
  endfacet
  facet normal -7.071049e-001 -7.071085e-001  0.000000e+000
    outer loop
      vertex -4.208489e+001  1.606969e+000 -5.000000e+000
      vertex -4.208489e+001  1.606969e+000  0.000000e+000
      vertex -4.239303e+001  1.915111e+000  0.000000e+000
    endloop
  endfacet
  facet normal -7.071049e-001 -7.071085e-001  -0.000000e+000
    outer loop
      vertex -4.208489e+001  1.606969e+000 -5.000000e+000
      vertex -4.239303e+001  1.915111e+000  0.000000e+000
      vertex -4.239303e+001  1.915111e+000 -5.000000e+000
    endloop
  endfacet
  facet normal -5.735779e-001 -8.191510e-001  0.000000e+000
    outer loop
      vertex -4.239303e+001  1.915111e+000 -5.000000e+000
      vertex -4.239303e+001  1.915111e+000  0.000000e+000
      vertex -4.275000e+001  2.165064e+000  0.000000e+000
    endloop
  endfacet
  facet normal -5.735779e-001 -8.191510e-001  -0.000000e+000
    outer loop
      vertex -4.239303e+001  1.915111e+000 -5.000000e+000
      vertex -4.275000e+001  2.165064e+000  0.000000e+000
      vertex -4.275000e+001  2.165064e+000 -5.000000e+000
    endloop
  endfacet
  facet normal -4.226168e-001 -9.063084e-001  0.000000e+000
    outer loop
      vertex -4.275000e+001  2.165064e+000 -5.000000e+000
      vertex -4.275000e+001  2.165064e+000  0.000000e+000
      vertex -4.314495e+001  2.349231e+000  0.000000e+000
    endloop
  endfacet
  facet normal -4.226168e-001 -9.063084e-001  -0.000000e+000
    outer loop
      vertex -4.275000e+001  2.165064e+000 -5.000000e+000
      vertex -4.314495e+001  2.349231e+000  0.000000e+000
      vertex -4.314495e+001  2.349231e+000 -5.000000e+000
    endloop
  endfacet
  facet normal -2.588199e-001 -9.659256e-001  0.000000e+000
    outer loop
      vertex -4.314495e+001  2.349231e+000 -5.000000e+000
      vertex -4.314495e+001  2.349231e+000  0.000000e+000
      vertex -4.356588e+001  2.462019e+000  0.000000e+000
    endloop
  endfacet
  facet normal -2.588199e-001 -9.659256e-001  -0.000000e+000
    outer loop
      vertex -4.314495e+001  2.349231e+000 -5.000000e+000
      vertex -4.356588e+001  2.462019e+000  0.000000e+000
      vertex -4.356588e+001  2.462019e+000 -5.000000e+000
    endloop
  endfacet
  facet normal -8.715566e-002 -9.961947e-001  0.000000e+000
    outer loop
      vertex -4.356588e+001  2.462019e+000 -5.000000e+000
      vertex -4.356588e+001  2.462019e+000  0.000000e+000
      vertex -4.400000e+001  2.500000e+000  0.000000e+000
    endloop
  endfacet
  facet normal -8.715566e-002 -9.961947e-001  -0.000000e+000
    outer loop
      vertex -4.356588e+001  2.462019e+000 -5.000000e+000
      vertex -4.400000e+001  2.500000e+000  0.000000e+000
      vertex -4.400000e+001  2.500000e+000 -5.000000e+000
    endloop
  endfacet
  facet normal -9.961950e-001 -8.715234e-002  0.000000e+000
    outer loop
      vertex -4.153798e+001  4.341204e-001  0.000000e+000
      vertex -4.150000e+001 -4.592425e-016 -5.000000e+000
      vertex -4.150000e+001 -4.592425e-016  0.000000e+000
    endloop
  endfacet
  facet normal -9.961950e-001  8.715234e-002  0.000000e+000
    outer loop
      vertex -4.150000e+001 -4.592425e-016  0.000000e+000
      vertex -4.150000e+001 -4.592425e-016 -5.000000e+000
      vertex -4.153798e+001 -4.341204e-001 -5.000000e+000
    endloop
  endfacet
  facet normal -9.961950e-001  8.715234e-002  0.000000e+000
    outer loop
      vertex -4.150000e+001 -4.592425e-016  0.000000e+000
      vertex -4.153798e+001 -4.341204e-001 -5.000000e+000
      vertex -4.153798e+001 -4.341204e-001  0.000000e+000
    endloop
  endfacet
  facet normal -9.659251e-001  2.588218e-001  0.000000e+000
    outer loop
      vertex -4.153798e+001 -4.341204e-001  0.000000e+000
      vertex -4.153798e+001 -4.341204e-001 -5.000000e+000
      vertex -4.165077e+001 -8.550504e-001 -5.000000e+000
    endloop
  endfacet
  facet normal -9.659251e-001  2.588218e-001  0.000000e+000
    outer loop
      vertex -4.153798e+001 -4.341204e-001  0.000000e+000
      vertex -4.165077e+001 -8.550504e-001 -5.000000e+000
      vertex -4.165077e+001 -8.550504e-001  0.000000e+000
    endloop
  endfacet
  facet normal -9.063063e-001  4.226215e-001  0.000000e+000
    outer loop
      vertex -4.165077e+001 -8.550504e-001  0.000000e+000
      vertex -4.165077e+001 -8.550504e-001 -5.000000e+000
      vertex -4.183494e+001 -1.250000e+000 -5.000000e+000
    endloop
  endfacet
  facet normal -9.063063e-001  4.226215e-001  0.000000e+000
    outer loop
      vertex -4.165077e+001 -8.550504e-001  0.000000e+000
      vertex -4.183494e+001 -1.250000e+000 -5.000000e+000
      vertex -4.183494e+001 -1.250000e+000  0.000000e+000
    endloop
  endfacet
  facet normal -8.191541e-001  5.735734e-001  0.000000e+000
    outer loop
      vertex -4.183494e+001 -1.250000e+000  0.000000e+000
      vertex -4.183494e+001 -1.250000e+000 -5.000000e+000
      vertex -4.208489e+001 -1.606969e+000 -5.000000e+000
    endloop
  endfacet
  facet normal -8.191541e-001  5.735734e-001  0.000000e+000
    outer loop
      vertex -4.183494e+001 -1.250000e+000  0.000000e+000
      vertex -4.208489e+001 -1.606969e+000 -5.000000e+000
      vertex -4.208489e+001 -1.606969e+000  0.000000e+000
    endloop
  endfacet
  facet normal -7.071049e-001  7.071085e-001  0.000000e+000
    outer loop
      vertex -4.208489e+001 -1.606969e+000  0.000000e+000
      vertex -4.208489e+001 -1.606969e+000 -5.000000e+000
      vertex -4.239303e+001 -1.915111e+000 -5.000000e+000
    endloop
  endfacet
  facet normal -7.071049e-001  7.071085e-001  0.000000e+000
    outer loop
      vertex -4.208489e+001 -1.606969e+000  0.000000e+000
      vertex -4.239303e+001 -1.915111e+000 -5.000000e+000
      vertex -4.239303e+001 -1.915111e+000  0.000000e+000
    endloop
  endfacet
  facet normal -5.735779e-001  8.191510e-001  0.000000e+000
    outer loop
      vertex -4.239303e+001 -1.915111e+000  0.000000e+000
      vertex -4.239303e+001 -1.915111e+000 -5.000000e+000
      vertex -4.275000e+001 -2.165064e+000 -5.000000e+000
    endloop
  endfacet
  facet normal -5.735779e-001  8.191510e-001  0.000000e+000
    outer loop
      vertex -4.239303e+001 -1.915111e+000  0.000000e+000
      vertex -4.275000e+001 -2.165064e+000 -5.000000e+000
      vertex -4.275000e+001 -2.165064e+000  0.000000e+000
    endloop
  endfacet
  facet normal -4.226168e-001  9.063084e-001  0.000000e+000
    outer loop
      vertex -4.275000e+001 -2.165064e+000  0.000000e+000
      vertex -4.275000e+001 -2.165064e+000 -5.000000e+000
      vertex -4.314495e+001 -2.349231e+000 -5.000000e+000
    endloop
  endfacet
  facet normal -4.226168e-001  9.063084e-001  0.000000e+000
    outer loop
      vertex -4.275000e+001 -2.165064e+000  0.000000e+000
      vertex -4.314495e+001 -2.349231e+000 -5.000000e+000
      vertex -4.314495e+001 -2.349231e+000  0.000000e+000
    endloop
  endfacet
  facet normal -2.588199e-001  9.659256e-001  0.000000e+000
    outer loop
      vertex -4.314495e+001 -2.349231e+000  0.000000e+000
      vertex -4.314495e+001 -2.349231e+000 -5.000000e+000
      vertex -4.356588e+001 -2.462019e+000 -5.000000e+000
    endloop
  endfacet
  facet normal -2.588199e-001  9.659256e-001  0.000000e+000
    outer loop
      vertex -4.314495e+001 -2.349231e+000  0.000000e+000
      vertex -4.356588e+001 -2.462019e+000 -5.000000e+000
      vertex -4.356588e+001 -2.462019e+000  0.000000e+000
    endloop
  endfacet
  facet normal -8.715566e-002  9.961947e-001  0.000000e+000
    outer loop
      vertex -4.356588e+001 -2.462019e+000  0.000000e+000
      vertex -4.356588e+001 -2.462019e+000 -5.000000e+000
      vertex -4.400000e+001 -2.500000e+000 -5.000000e+000
    endloop
  endfacet
  facet normal -8.715566e-002  9.961947e-001  0.000000e+000
    outer loop
      vertex -4.356588e+001 -2.462019e+000  0.000000e+000
      vertex -4.400000e+001 -2.500000e+000 -5.000000e+000
      vertex -4.400000e+001 -2.500000e+000  0.000000e+000
    endloop
  endfacet
  facet normal -9.961947e-001 -8.715566e-002  -0.000000e+000
    outer loop
      vertex  2.500000e+000 -7.200000e+001 -5.000000e+000
      vertex  2.462019e+000 -7.156588e+001  0.000000e+000
      vertex  2.462019e+000 -7.156588e+001 -5.000000e+000
    endloop
  endfacet
  facet normal -9.659256e-001 -2.588199e-001  0.000000e+000
    outer loop
      vertex  2.462019e+000 -7.156588e+001 -5.000000e+000
      vertex  2.462019e+000 -7.156588e+001  0.000000e+000
      vertex  2.349231e+000 -7.114495e+001  0.000000e+000
    endloop
  endfacet
  facet normal -9.659256e-001 -2.588199e-001  -0.000000e+000
    outer loop
      vertex  2.462019e+000 -7.156588e+001 -5.000000e+000
      vertex  2.349231e+000 -7.114495e+001  0.000000e+000
      vertex  2.349231e+000 -7.114495e+001 -5.000000e+000
    endloop
  endfacet
  facet normal -9.063084e-001 -4.226168e-001  0.000000e+000
    outer loop
      vertex  2.349231e+000 -7.114495e+001 -5.000000e+000
      vertex  2.349231e+000 -7.114495e+001  0.000000e+000
      vertex  2.165064e+000 -7.075000e+001  0.000000e+000
    endloop
  endfacet
  facet normal -9.063084e-001 -4.226168e-001  -0.000000e+000
    outer loop
      vertex  2.349231e+000 -7.114495e+001 -5.000000e+000
      vertex  2.165064e+000 -7.075000e+001  0.000000e+000
      vertex  2.165064e+000 -7.075000e+001 -5.000000e+000
    endloop
  endfacet
  facet normal -8.191539e-001 -5.735737e-001  0.000000e+000
    outer loop
      vertex  2.165064e+000 -7.075000e+001 -5.000000e+000
      vertex  2.165064e+000 -7.075000e+001  0.000000e+000
      vertex  1.915111e+000 -7.039303e+001  0.000000e+000
    endloop
  endfacet
  facet normal -8.191539e-001 -5.735737e-001  -0.000000e+000
    outer loop
      vertex  2.165064e+000 -7.075000e+001 -5.000000e+000
      vertex  1.915111e+000 -7.039303e+001  0.000000e+000
      vertex  1.915111e+000 -7.039303e+001 -5.000000e+000
    endloop
  endfacet
  facet normal -7.070997e-001 -7.071137e-001  0.000000e+000
    outer loop
      vertex  1.915111e+000 -7.039303e+001 -5.000000e+000
      vertex  1.915111e+000 -7.039303e+001  0.000000e+000
      vertex  1.606969e+000 -7.008489e+001  0.000000e+000
    endloop
  endfacet
  facet normal -7.070997e-001 -7.071137e-001  -0.000000e+000
    outer loop
      vertex  1.915111e+000 -7.039303e+001 -5.000000e+000
      vertex  1.606969e+000 -7.008489e+001  0.000000e+000
      vertex  1.606969e+000 -7.008489e+001 -5.000000e+000
    endloop
  endfacet
  facet normal -5.735793e-001 -8.191500e-001  0.000000e+000
    outer loop
      vertex  1.606969e+000 -7.008489e+001 -5.000000e+000
      vertex  1.606969e+000 -7.008489e+001  0.000000e+000
      vertex  1.250000e+000 -6.983494e+001  0.000000e+000
    endloop
  endfacet
  facet normal -5.735793e-001 -8.191500e-001  -0.000000e+000
    outer loop
      vertex  1.606969e+000 -7.008489e+001 -5.000000e+000
      vertex  1.250000e+000 -6.983494e+001  0.000000e+000
      vertex  1.250000e+000 -6.983494e+001 -5.000000e+000
    endloop
  endfacet
  facet normal -4.226143e-001 -9.063096e-001  0.000000e+000
    outer loop
      vertex  1.250000e+000 -6.983494e+001 -5.000000e+000
      vertex  1.250000e+000 -6.983494e+001  0.000000e+000
      vertex  8.550504e-001 -6.965077e+001  0.000000e+000
    endloop
  endfacet
  facet normal -4.226143e-001 -9.063096e-001  -0.000000e+000
    outer loop
      vertex  1.250000e+000 -6.983494e+001 -5.000000e+000
      vertex  8.550504e-001 -6.965077e+001  0.000000e+000
      vertex  8.550504e-001 -6.965077e+001 -5.000000e+000
    endloop
  endfacet
  facet normal -2.588300e-001 -9.659228e-001  0.000000e+000
    outer loop
      vertex  8.550504e-001 -6.965077e+001 -5.000000e+000
      vertex  8.550504e-001 -6.965077e+001  0.000000e+000
      vertex  4.341204e-001 -6.953798e+001  0.000000e+000
    endloop
  endfacet
  facet normal -2.588300e-001 -9.659228e-001  -0.000000e+000
    outer loop
      vertex  8.550504e-001 -6.965077e+001 -5.000000e+000
      vertex  4.341204e-001 -6.953798e+001  0.000000e+000
      vertex  4.341204e-001 -6.953798e+001 -5.000000e+000
    endloop
  endfacet
  facet normal -8.715234e-002 -9.961950e-001  0.000000e+000
    outer loop
      vertex  4.341204e-001 -6.953798e+001 -5.000000e+000
      vertex  4.341204e-001 -6.953798e+001  0.000000e+000
      vertex  6.123234e-016 -6.950000e+001  0.000000e+000
    endloop
  endfacet
  facet normal -8.715234e-002 -9.961950e-001  -0.000000e+000
    outer loop
      vertex  4.341204e-001 -6.953798e+001 -5.000000e+000
      vertex  6.123234e-016 -6.950000e+001  0.000000e+000
      vertex  6.123234e-016 -6.950000e+001 -5.000000e+000
    endloop
  endfacet
  facet normal -9.961947e-001 -8.715566e-002  0.000000e+000
    outer loop
      vertex  2.462019e+000 -7.156588e+001  0.000000e+000
      vertex  2.500000e+000 -7.200000e+001 -5.000000e+000
      vertex  2.500000e+000 -7.200000e+001  0.000000e+000
    endloop
  endfacet
  facet normal -9.961947e-001  8.715566e-002  0.000000e+000
    outer loop
      vertex  2.500000e+000 -7.200000e+001  0.000000e+000
      vertex  2.500000e+000 -7.200000e+001 -5.000000e+000
      vertex  2.462019e+000 -7.243412e+001 -5.000000e+000
    endloop
  endfacet
  facet normal -9.961947e-001  8.715566e-002  0.000000e+000
    outer loop
      vertex  2.500000e+000 -7.200000e+001  0.000000e+000
      vertex  2.462019e+000 -7.243412e+001 -5.000000e+000
      vertex  2.462019e+000 -7.243412e+001  0.000000e+000
    endloop
  endfacet
  facet normal -9.659256e-001  2.588199e-001  0.000000e+000
    outer loop
      vertex  2.462019e+000 -7.243412e+001  0.000000e+000
      vertex  2.462019e+000 -7.243412e+001 -5.000000e+000
      vertex  2.349231e+000 -7.285505e+001 -5.000000e+000
    endloop
  endfacet
  facet normal -9.659256e-001  2.588199e-001  0.000000e+000
    outer loop
      vertex  2.462019e+000 -7.243412e+001  0.000000e+000
      vertex  2.349231e+000 -7.285505e+001 -5.000000e+000
      vertex  2.349231e+000 -7.285505e+001  0.000000e+000
    endloop
  endfacet
  facet normal -9.063084e-001  4.226168e-001  0.000000e+000
    outer loop
      vertex  2.349231e+000 -7.285505e+001  0.000000e+000
      vertex  2.349231e+000 -7.285505e+001 -5.000000e+000
      vertex  2.165064e+000 -7.325000e+001 -5.000000e+000
    endloop
  endfacet
  facet normal -9.063084e-001  4.226168e-001  0.000000e+000
    outer loop
      vertex  2.349231e+000 -7.285505e+001  0.000000e+000
      vertex  2.165064e+000 -7.325000e+001 -5.000000e+000
      vertex  2.165064e+000 -7.325000e+001  0.000000e+000
    endloop
  endfacet
  facet normal -8.191539e-001  5.735737e-001  0.000000e+000
    outer loop
      vertex  2.165064e+000 -7.325000e+001  0.000000e+000
      vertex  2.165064e+000 -7.325000e+001 -5.000000e+000
      vertex  1.915111e+000 -7.360697e+001 -5.000000e+000
    endloop
  endfacet
  facet normal -8.191539e-001  5.735737e-001  0.000000e+000
    outer loop
      vertex  2.165064e+000 -7.325000e+001  0.000000e+000
      vertex  1.915111e+000 -7.360697e+001 -5.000000e+000
      vertex  1.915111e+000 -7.360697e+001  0.000000e+000
    endloop
  endfacet
  facet normal -7.070997e-001  7.071137e-001  0.000000e+000
    outer loop
      vertex  1.915111e+000 -7.360697e+001  0.000000e+000
      vertex  1.915111e+000 -7.360697e+001 -5.000000e+000
      vertex  1.606969e+000 -7.391511e+001 -5.000000e+000
    endloop
  endfacet
  facet normal -7.070997e-001  7.071137e-001  0.000000e+000
    outer loop
      vertex  1.915111e+000 -7.360697e+001  0.000000e+000
      vertex  1.606969e+000 -7.391511e+001 -5.000000e+000
      vertex  1.606969e+000 -7.391511e+001  0.000000e+000
    endloop
  endfacet
  facet normal -5.735793e-001  8.191500e-001  0.000000e+000
    outer loop
      vertex  1.606969e+000 -7.391511e+001  0.000000e+000
      vertex  1.606969e+000 -7.391511e+001 -5.000000e+000
      vertex  1.250000e+000 -7.416506e+001 -5.000000e+000
    endloop
  endfacet
  facet normal -5.735793e-001  8.191500e-001  0.000000e+000
    outer loop
      vertex  1.606969e+000 -7.391511e+001  0.000000e+000
      vertex  1.250000e+000 -7.416506e+001 -5.000000e+000
      vertex  1.250000e+000 -7.416506e+001  0.000000e+000
    endloop
  endfacet
  facet normal -4.226143e-001  9.063096e-001  0.000000e+000
    outer loop
      vertex  1.250000e+000 -7.416506e+001  0.000000e+000
      vertex  1.250000e+000 -7.416506e+001 -5.000000e+000
      vertex  8.550504e-001 -7.434923e+001 -5.000000e+000
    endloop
  endfacet
  facet normal -4.226143e-001  9.063096e-001  0.000000e+000
    outer loop
      vertex  1.250000e+000 -7.416506e+001  0.000000e+000
      vertex  8.550504e-001 -7.434923e+001 -5.000000e+000
      vertex  8.550504e-001 -7.434923e+001  0.000000e+000
    endloop
  endfacet
  facet normal -2.588300e-001  9.659228e-001  0.000000e+000
    outer loop
      vertex  8.550504e-001 -7.434923e+001  0.000000e+000
      vertex  8.550504e-001 -7.434923e+001 -5.000000e+000
      vertex  4.341204e-001 -7.446202e+001 -5.000000e+000
    endloop
  endfacet
  facet normal -2.588300e-001  9.659228e-001  0.000000e+000
    outer loop
      vertex  8.550504e-001 -7.434923e+001  0.000000e+000
      vertex  4.341204e-001 -7.446202e+001 -5.000000e+000
      vertex  4.341204e-001 -7.446202e+001  0.000000e+000
    endloop
  endfacet
  facet normal -8.715234e-002  9.961950e-001  0.000000e+000
    outer loop
      vertex  4.341204e-001 -7.446202e+001  0.000000e+000
      vertex  4.341204e-001 -7.446202e+001 -5.000000e+000
      vertex -3.061617e-016 -7.450000e+001 -5.000000e+000
    endloop
  endfacet
  facet normal -8.715234e-002  9.961950e-001  0.000000e+000
    outer loop
      vertex  4.341204e-001 -7.446202e+001  0.000000e+000
      vertex -3.061617e-016 -7.450000e+001 -5.000000e+000
      vertex -3.061617e-016 -7.450000e+001  0.000000e+000
    endloop
  endfacet
  facet normal  9.961947e-001  8.715566e-002  0.000000e+000
    outer loop
      vertex -2.500000e+000 -7.200000e+001 -5.000000e+000
      vertex -2.462019e+000 -7.243412e+001  0.000000e+000
      vertex -2.462019e+000 -7.243412e+001 -5.000000e+000
    endloop
  endfacet
  facet normal  9.659256e-001  2.588199e-001  -0.000000e+000
    outer loop
      vertex -2.462019e+000 -7.243412e+001 -5.000000e+000
      vertex -2.462019e+000 -7.243412e+001  0.000000e+000
      vertex -2.349231e+000 -7.285505e+001  0.000000e+000
    endloop
  endfacet
  facet normal  9.659256e-001  2.588199e-001  0.000000e+000
    outer loop
      vertex -2.462019e+000 -7.243412e+001 -5.000000e+000
      vertex -2.349231e+000 -7.285505e+001  0.000000e+000
      vertex -2.349231e+000 -7.285505e+001 -5.000000e+000
    endloop
  endfacet
  facet normal  9.063084e-001  4.226168e-001  -0.000000e+000
    outer loop
      vertex -2.349231e+000 -7.285505e+001 -5.000000e+000
      vertex -2.349231e+000 -7.285505e+001  0.000000e+000
      vertex -2.165064e+000 -7.325000e+001  0.000000e+000
    endloop
  endfacet
  facet normal  9.063084e-001  4.226168e-001  0.000000e+000
    outer loop
      vertex -2.349231e+000 -7.285505e+001 -5.000000e+000
      vertex -2.165064e+000 -7.325000e+001  0.000000e+000
      vertex -2.165064e+000 -7.325000e+001 -5.000000e+000
    endloop
  endfacet
  facet normal  8.191539e-001  5.735737e-001  -0.000000e+000
    outer loop
      vertex -2.165064e+000 -7.325000e+001 -5.000000e+000
      vertex -2.165064e+000 -7.325000e+001  0.000000e+000
      vertex -1.915111e+000 -7.360697e+001  0.000000e+000
    endloop
  endfacet
  facet normal  8.191539e-001  5.735737e-001  0.000000e+000
    outer loop
      vertex -2.165064e+000 -7.325000e+001 -5.000000e+000
      vertex -1.915111e+000 -7.360697e+001  0.000000e+000
      vertex -1.915111e+000 -7.360697e+001 -5.000000e+000
    endloop
  endfacet
  facet normal  7.070997e-001  7.071137e-001  -0.000000e+000
    outer loop
      vertex -1.915111e+000 -7.360697e+001 -5.000000e+000
      vertex -1.915111e+000 -7.360697e+001  0.000000e+000
      vertex -1.606969e+000 -7.391511e+001  0.000000e+000
    endloop
  endfacet
  facet normal  7.070997e-001  7.071137e-001  0.000000e+000
    outer loop
      vertex -1.915111e+000 -7.360697e+001 -5.000000e+000
      vertex -1.606969e+000 -7.391511e+001  0.000000e+000
      vertex -1.606969e+000 -7.391511e+001 -5.000000e+000
    endloop
  endfacet
  facet normal  5.735793e-001  8.191500e-001  -0.000000e+000
    outer loop
      vertex -1.606969e+000 -7.391511e+001 -5.000000e+000
      vertex -1.606969e+000 -7.391511e+001  0.000000e+000
      vertex -1.250000e+000 -7.416506e+001  0.000000e+000
    endloop
  endfacet
  facet normal  5.735793e-001  8.191500e-001  0.000000e+000
    outer loop
      vertex -1.606969e+000 -7.391511e+001 -5.000000e+000
      vertex -1.250000e+000 -7.416506e+001  0.000000e+000
      vertex -1.250000e+000 -7.416506e+001 -5.000000e+000
    endloop
  endfacet
  facet normal  4.226143e-001  9.063096e-001  -0.000000e+000
    outer loop
      vertex -1.250000e+000 -7.416506e+001 -5.000000e+000
      vertex -1.250000e+000 -7.416506e+001  0.000000e+000
      vertex -8.550504e-001 -7.434923e+001  0.000000e+000
    endloop
  endfacet
  facet normal  4.226143e-001  9.063096e-001  0.000000e+000
    outer loop
      vertex -1.250000e+000 -7.416506e+001 -5.000000e+000
      vertex -8.550504e-001 -7.434923e+001  0.000000e+000
      vertex -8.550504e-001 -7.434923e+001 -5.000000e+000
    endloop
  endfacet
  facet normal  2.588300e-001  9.659228e-001  -0.000000e+000
    outer loop
      vertex -8.550504e-001 -7.434923e+001 -5.000000e+000
      vertex -8.550504e-001 -7.434923e+001  0.000000e+000
      vertex -4.341204e-001 -7.446202e+001  0.000000e+000
    endloop
  endfacet
  facet normal  2.588300e-001  9.659228e-001  0.000000e+000
    outer loop
      vertex -8.550504e-001 -7.434923e+001 -5.000000e+000
      vertex -4.341204e-001 -7.446202e+001  0.000000e+000
      vertex -4.341204e-001 -7.446202e+001 -5.000000e+000
    endloop
  endfacet
  facet normal  8.715234e-002  9.961950e-001  -0.000000e+000
    outer loop
      vertex -4.341204e-001 -7.446202e+001 -5.000000e+000
      vertex -4.341204e-001 -7.446202e+001  0.000000e+000
      vertex -3.061617e-016 -7.450000e+001  0.000000e+000
    endloop
  endfacet
  facet normal  8.715234e-002  9.961950e-001  0.000000e+000
    outer loop
      vertex -4.341204e-001 -7.446202e+001 -5.000000e+000
      vertex -3.061617e-016 -7.450000e+001  0.000000e+000
      vertex -3.061617e-016 -7.450000e+001 -5.000000e+000
    endloop
  endfacet
  facet normal  9.961947e-001  8.715566e-002  -0.000000e+000
    outer loop
      vertex -2.462019e+000 -7.243412e+001  0.000000e+000
      vertex -2.500000e+000 -7.200000e+001 -5.000000e+000
      vertex -2.500000e+000 -7.200000e+001  0.000000e+000
    endloop
  endfacet
  facet normal  9.961947e-001 -8.715566e-002  0.000000e+000
    outer loop
      vertex -2.500000e+000 -7.200000e+001  0.000000e+000
      vertex -2.500000e+000 -7.200000e+001 -5.000000e+000
      vertex -2.462019e+000 -7.156588e+001 -5.000000e+000
    endloop
  endfacet
  facet normal  9.961947e-001 -8.715566e-002  0.000000e+000
    outer loop
      vertex -2.500000e+000 -7.200000e+001  0.000000e+000
      vertex -2.462019e+000 -7.156588e+001 -5.000000e+000
      vertex -2.462019e+000 -7.156588e+001  0.000000e+000
    endloop
  endfacet
  facet normal  9.659256e-001 -2.588199e-001  0.000000e+000
    outer loop
      vertex -2.462019e+000 -7.156588e+001  0.000000e+000
      vertex -2.462019e+000 -7.156588e+001 -5.000000e+000
      vertex -2.349231e+000 -7.114495e+001 -5.000000e+000
    endloop
  endfacet
  facet normal  9.659256e-001 -2.588199e-001  0.000000e+000
    outer loop
      vertex -2.462019e+000 -7.156588e+001  0.000000e+000
      vertex -2.349231e+000 -7.114495e+001 -5.000000e+000
      vertex -2.349231e+000 -7.114495e+001  0.000000e+000
    endloop
  endfacet
  facet normal  9.063084e-001 -4.226168e-001  0.000000e+000
    outer loop
      vertex -2.349231e+000 -7.114495e+001  0.000000e+000
      vertex -2.349231e+000 -7.114495e+001 -5.000000e+000
      vertex -2.165064e+000 -7.075000e+001 -5.000000e+000
    endloop
  endfacet
  facet normal  9.063084e-001 -4.226168e-001  0.000000e+000
    outer loop
      vertex -2.349231e+000 -7.114495e+001  0.000000e+000
      vertex -2.165064e+000 -7.075000e+001 -5.000000e+000
      vertex -2.165064e+000 -7.075000e+001  0.000000e+000
    endloop
  endfacet
  facet normal  8.191539e-001 -5.735737e-001  0.000000e+000
    outer loop
      vertex -2.165064e+000 -7.075000e+001  0.000000e+000
      vertex -2.165064e+000 -7.075000e+001 -5.000000e+000
      vertex -1.915111e+000 -7.039303e+001 -5.000000e+000
    endloop
  endfacet
  facet normal  8.191539e-001 -5.735737e-001  0.000000e+000
    outer loop
      vertex -2.165064e+000 -7.075000e+001  0.000000e+000
      vertex -1.915111e+000 -7.039303e+001 -5.000000e+000
      vertex -1.915111e+000 -7.039303e+001  0.000000e+000
    endloop
  endfacet
  facet normal  7.070997e-001 -7.071137e-001  0.000000e+000
    outer loop
      vertex -1.915111e+000 -7.039303e+001  0.000000e+000
      vertex -1.915111e+000 -7.039303e+001 -5.000000e+000
      vertex -1.606969e+000 -7.008489e+001 -5.000000e+000
    endloop
  endfacet
  facet normal  7.070997e-001 -7.071137e-001  0.000000e+000
    outer loop
      vertex -1.915111e+000 -7.039303e+001  0.000000e+000
      vertex -1.606969e+000 -7.008489e+001 -5.000000e+000
      vertex -1.606969e+000 -7.008489e+001  0.000000e+000
    endloop
  endfacet
  facet normal  5.735793e-001 -8.191500e-001  0.000000e+000
    outer loop
      vertex -1.606969e+000 -7.008489e+001  0.000000e+000
      vertex -1.606969e+000 -7.008489e+001 -5.000000e+000
      vertex -1.250000e+000 -6.983494e+001 -5.000000e+000
    endloop
  endfacet
  facet normal  5.735793e-001 -8.191500e-001  0.000000e+000
    outer loop
      vertex -1.606969e+000 -7.008489e+001  0.000000e+000
      vertex -1.250000e+000 -6.983494e+001 -5.000000e+000
      vertex -1.250000e+000 -6.983494e+001  0.000000e+000
    endloop
  endfacet
  facet normal  4.226143e-001 -9.063096e-001  0.000000e+000
    outer loop
      vertex -1.250000e+000 -6.983494e+001  0.000000e+000
      vertex -1.250000e+000 -6.983494e+001 -5.000000e+000
      vertex -8.550504e-001 -6.965077e+001 -5.000000e+000
    endloop
  endfacet
  facet normal  4.226143e-001 -9.063096e-001  0.000000e+000
    outer loop
      vertex -1.250000e+000 -6.983494e+001  0.000000e+000
      vertex -8.550504e-001 -6.965077e+001 -5.000000e+000
      vertex -8.550504e-001 -6.965077e+001  0.000000e+000
    endloop
  endfacet
  facet normal  2.588300e-001 -9.659228e-001  0.000000e+000
    outer loop
      vertex -8.550504e-001 -6.965077e+001  0.000000e+000
      vertex -8.550504e-001 -6.965077e+001 -5.000000e+000
      vertex -4.341204e-001 -6.953798e+001 -5.000000e+000
    endloop
  endfacet
  facet normal  2.588300e-001 -9.659228e-001  0.000000e+000
    outer loop
      vertex -8.550504e-001 -6.965077e+001  0.000000e+000
      vertex -4.341204e-001 -6.953798e+001 -5.000000e+000
      vertex -4.341204e-001 -6.953798e+001  0.000000e+000
    endloop
  endfacet
  facet normal  8.715234e-002 -9.961950e-001  0.000000e+000
    outer loop
      vertex -4.341204e-001 -6.953798e+001  0.000000e+000
      vertex -4.341204e-001 -6.953798e+001 -5.000000e+000
      vertex  6.123234e-016 -6.950000e+001 -5.000000e+000
    endloop
  endfacet
  facet normal  8.715234e-002 -9.961950e-001  0.000000e+000
    outer loop
      vertex -4.341204e-001 -6.953798e+001  0.000000e+000
      vertex  6.123234e-016 -6.950000e+001 -5.000000e+000
      vertex  6.123234e-016 -6.950000e+001  0.000000e+000
    endloop
  endfacet
  facet normal  9.961947e-001  8.715566e-002  0.000000e+000
    outer loop
      vertex -2.500000e+000  7.200000e+001 -5.000000e+000
      vertex -2.462019e+000  7.156588e+001  0.000000e+000
      vertex -2.462019e+000  7.156588e+001 -5.000000e+000
    endloop
  endfacet
  facet normal  9.659256e-001  2.588199e-001  -0.000000e+000
    outer loop
      vertex -2.462019e+000  7.156588e+001 -5.000000e+000
      vertex -2.462019e+000  7.156588e+001  0.000000e+000
      vertex -2.349231e+000  7.114495e+001  0.000000e+000
    endloop
  endfacet
  facet normal  9.659256e-001  2.588199e-001  0.000000e+000
    outer loop
      vertex -2.462019e+000  7.156588e+001 -5.000000e+000
      vertex -2.349231e+000  7.114495e+001  0.000000e+000
      vertex -2.349231e+000  7.114495e+001 -5.000000e+000
    endloop
  endfacet
  facet normal  9.063084e-001  4.226168e-001  -0.000000e+000
    outer loop
      vertex -2.349231e+000  7.114495e+001 -5.000000e+000
      vertex -2.349231e+000  7.114495e+001  0.000000e+000
      vertex -2.165064e+000  7.075000e+001  0.000000e+000
    endloop
  endfacet
  facet normal  9.063084e-001  4.226168e-001  0.000000e+000
    outer loop
      vertex -2.349231e+000  7.114495e+001 -5.000000e+000
      vertex -2.165064e+000  7.075000e+001  0.000000e+000
      vertex -2.165064e+000  7.075000e+001 -5.000000e+000
    endloop
  endfacet
  facet normal  8.191539e-001  5.735737e-001  -0.000000e+000
    outer loop
      vertex -2.165064e+000  7.075000e+001 -5.000000e+000
      vertex -2.165064e+000  7.075000e+001  0.000000e+000
      vertex -1.915111e+000  7.039303e+001  0.000000e+000
    endloop
  endfacet
  facet normal  8.191539e-001  5.735737e-001  0.000000e+000
    outer loop
      vertex -2.165064e+000  7.075000e+001 -5.000000e+000
      vertex -1.915111e+000  7.039303e+001  0.000000e+000
      vertex -1.915111e+000  7.039303e+001 -5.000000e+000
    endloop
  endfacet
  facet normal  7.070997e-001  7.071137e-001  -0.000000e+000
    outer loop
      vertex -1.915111e+000  7.039303e+001 -5.000000e+000
      vertex -1.915111e+000  7.039303e+001  0.000000e+000
      vertex -1.606969e+000  7.008489e+001  0.000000e+000
    endloop
  endfacet
  facet normal  7.070997e-001  7.071137e-001  0.000000e+000
    outer loop
      vertex -1.915111e+000  7.039303e+001 -5.000000e+000
      vertex -1.606969e+000  7.008489e+001  0.000000e+000
      vertex -1.606969e+000  7.008489e+001 -5.000000e+000
    endloop
  endfacet
  facet normal  5.735793e-001  8.191500e-001  -0.000000e+000
    outer loop
      vertex -1.606969e+000  7.008489e+001 -5.000000e+000
      vertex -1.606969e+000  7.008489e+001  0.000000e+000
      vertex -1.250000e+000  6.983494e+001  0.000000e+000
    endloop
  endfacet
  facet normal  5.735793e-001  8.191500e-001  0.000000e+000
    outer loop
      vertex -1.606969e+000  7.008489e+001 -5.000000e+000
      vertex -1.250000e+000  6.983494e+001  0.000000e+000
      vertex -1.250000e+000  6.983494e+001 -5.000000e+000
    endloop
  endfacet
  facet normal  4.226143e-001  9.063096e-001  -0.000000e+000
    outer loop
      vertex -1.250000e+000  6.983494e+001 -5.000000e+000
      vertex -1.250000e+000  6.983494e+001  0.000000e+000
      vertex -8.550504e-001  6.965077e+001  0.000000e+000
    endloop
  endfacet
  facet normal  4.226143e-001  9.063096e-001  0.000000e+000
    outer loop
      vertex -1.250000e+000  6.983494e+001 -5.000000e+000
      vertex -8.550504e-001  6.965077e+001  0.000000e+000
      vertex -8.550504e-001  6.965077e+001 -5.000000e+000
    endloop
  endfacet
  facet normal  2.588300e-001  9.659228e-001  -0.000000e+000
    outer loop
      vertex -8.550504e-001  6.965077e+001 -5.000000e+000
      vertex -8.550504e-001  6.965077e+001  0.000000e+000
      vertex -4.341204e-001  6.953798e+001  0.000000e+000
    endloop
  endfacet
  facet normal  2.588300e-001  9.659228e-001  0.000000e+000
    outer loop
      vertex -8.550504e-001  6.965077e+001 -5.000000e+000
      vertex -4.341204e-001  6.953798e+001  0.000000e+000
      vertex -4.341204e-001  6.953798e+001 -5.000000e+000
    endloop
  endfacet
  facet normal  8.715234e-002  9.961950e-001  -0.000000e+000
    outer loop
      vertex -4.341204e-001  6.953798e+001 -5.000000e+000
      vertex -4.341204e-001  6.953798e+001  0.000000e+000
      vertex -3.061617e-016  6.950000e+001  0.000000e+000
    endloop
  endfacet
  facet normal  8.715234e-002  9.961950e-001  0.000000e+000
    outer loop
      vertex -4.341204e-001  6.953798e+001 -5.000000e+000
      vertex -3.061617e-016  6.950000e+001  0.000000e+000
      vertex -3.061617e-016  6.950000e+001 -5.000000e+000
    endloop
  endfacet
  facet normal  9.961947e-001  8.715566e-002  -0.000000e+000
    outer loop
      vertex -2.462019e+000  7.156588e+001  0.000000e+000
      vertex -2.500000e+000  7.200000e+001 -5.000000e+000
      vertex -2.500000e+000  7.200000e+001  0.000000e+000
    endloop
  endfacet
  facet normal  9.961947e-001 -8.715566e-002  0.000000e+000
    outer loop
      vertex -2.500000e+000  7.200000e+001  0.000000e+000
      vertex -2.500000e+000  7.200000e+001 -5.000000e+000
      vertex -2.462019e+000  7.243412e+001 -5.000000e+000
    endloop
  endfacet
  facet normal  9.961947e-001 -8.715566e-002  0.000000e+000
    outer loop
      vertex -2.500000e+000  7.200000e+001  0.000000e+000
      vertex -2.462019e+000  7.243412e+001 -5.000000e+000
      vertex -2.462019e+000  7.243412e+001  0.000000e+000
    endloop
  endfacet
  facet normal  9.659256e-001 -2.588199e-001  0.000000e+000
    outer loop
      vertex -2.462019e+000  7.243412e+001  0.000000e+000
      vertex -2.462019e+000  7.243412e+001 -5.000000e+000
      vertex -2.349231e+000  7.285505e+001 -5.000000e+000
    endloop
  endfacet
  facet normal  9.659256e-001 -2.588199e-001  0.000000e+000
    outer loop
      vertex -2.462019e+000  7.243412e+001  0.000000e+000
      vertex -2.349231e+000  7.285505e+001 -5.000000e+000
      vertex -2.349231e+000  7.285505e+001  0.000000e+000
    endloop
  endfacet
  facet normal  9.063084e-001 -4.226168e-001  0.000000e+000
    outer loop
      vertex -2.349231e+000  7.285505e+001  0.000000e+000
      vertex -2.349231e+000  7.285505e+001 -5.000000e+000
      vertex -2.165064e+000  7.325000e+001 -5.000000e+000
    endloop
  endfacet
  facet normal  9.063084e-001 -4.226168e-001  0.000000e+000
    outer loop
      vertex -2.349231e+000  7.285505e+001  0.000000e+000
      vertex -2.165064e+000  7.325000e+001 -5.000000e+000
      vertex -2.165064e+000  7.325000e+001  0.000000e+000
    endloop
  endfacet
  facet normal  8.191539e-001 -5.735737e-001  0.000000e+000
    outer loop
      vertex -2.165064e+000  7.325000e+001  0.000000e+000
      vertex -2.165064e+000  7.325000e+001 -5.000000e+000
      vertex -1.915111e+000  7.360697e+001 -5.000000e+000
    endloop
  endfacet
  facet normal  8.191539e-001 -5.735737e-001  0.000000e+000
    outer loop
      vertex -2.165064e+000  7.325000e+001  0.000000e+000
      vertex -1.915111e+000  7.360697e+001 -5.000000e+000
      vertex -1.915111e+000  7.360697e+001  0.000000e+000
    endloop
  endfacet
  facet normal  7.070997e-001 -7.071137e-001  0.000000e+000
    outer loop
      vertex -1.915111e+000  7.360697e+001  0.000000e+000
      vertex -1.915111e+000  7.360697e+001 -5.000000e+000
      vertex -1.606969e+000  7.391511e+001 -5.000000e+000
    endloop
  endfacet
  facet normal  7.070997e-001 -7.071137e-001  0.000000e+000
    outer loop
      vertex -1.915111e+000  7.360697e+001  0.000000e+000
      vertex -1.606969e+000  7.391511e+001 -5.000000e+000
      vertex -1.606969e+000  7.391511e+001  0.000000e+000
    endloop
  endfacet
  facet normal  5.735793e-001 -8.191500e-001  0.000000e+000
    outer loop
      vertex -1.606969e+000  7.391511e+001  0.000000e+000
      vertex -1.606969e+000  7.391511e+001 -5.000000e+000
      vertex -1.250000e+000  7.416506e+001 -5.000000e+000
    endloop
  endfacet
  facet normal  5.735793e-001 -8.191500e-001  0.000000e+000
    outer loop
      vertex -1.606969e+000  7.391511e+001  0.000000e+000
      vertex -1.250000e+000  7.416506e+001 -5.000000e+000
      vertex -1.250000e+000  7.416506e+001  0.000000e+000
    endloop
  endfacet
  facet normal  4.226143e-001 -9.063096e-001  0.000000e+000
    outer loop
      vertex -1.250000e+000  7.416506e+001  0.000000e+000
      vertex -1.250000e+000  7.416506e+001 -5.000000e+000
      vertex -8.550504e-001  7.434923e+001 -5.000000e+000
    endloop
  endfacet
  facet normal  4.226143e-001 -9.063096e-001  0.000000e+000
    outer loop
      vertex -1.250000e+000  7.416506e+001  0.000000e+000
      vertex -8.550504e-001  7.434923e+001 -5.000000e+000
      vertex -8.550504e-001  7.434923e+001  0.000000e+000
    endloop
  endfacet
  facet normal  2.588300e-001 -9.659228e-001  0.000000e+000
    outer loop
      vertex -8.550504e-001  7.434923e+001  0.000000e+000
      vertex -8.550504e-001  7.434923e+001 -5.000000e+000
      vertex -4.341204e-001  7.446202e+001 -5.000000e+000
    endloop
  endfacet
  facet normal  2.588300e-001 -9.659228e-001  0.000000e+000
    outer loop
      vertex -8.550504e-001  7.434923e+001  0.000000e+000
      vertex -4.341204e-001  7.446202e+001 -5.000000e+000
      vertex -4.341204e-001  7.446202e+001  0.000000e+000
    endloop
  endfacet
  facet normal  8.715234e-002 -9.961950e-001  0.000000e+000
    outer loop
      vertex -4.341204e-001  7.446202e+001  0.000000e+000
      vertex -4.341204e-001  7.446202e+001 -5.000000e+000
      vertex  0.000000e+000  7.450000e+001 -5.000000e+000
    endloop
  endfacet
  facet normal  8.715234e-002 -9.961950e-001  0.000000e+000
    outer loop
      vertex -4.341204e-001  7.446202e+001  0.000000e+000
      vertex  0.000000e+000  7.450000e+001 -5.000000e+000
      vertex  0.000000e+000  7.450000e+001  0.000000e+000
    endloop
  endfacet
  facet normal -9.961947e-001 -8.715566e-002  -0.000000e+000
    outer loop
      vertex  2.500000e+000  7.200000e+001 -5.000000e+000
      vertex  2.462019e+000  7.243412e+001  0.000000e+000
      vertex  2.462019e+000  7.243412e+001 -5.000000e+000
    endloop
  endfacet
  facet normal -9.659256e-001 -2.588199e-001  0.000000e+000
    outer loop
      vertex  2.462019e+000  7.243412e+001 -5.000000e+000
      vertex  2.462019e+000  7.243412e+001  0.000000e+000
      vertex  2.349231e+000  7.285505e+001  0.000000e+000
    endloop
  endfacet
  facet normal -9.659256e-001 -2.588199e-001  -0.000000e+000
    outer loop
      vertex  2.462019e+000  7.243412e+001 -5.000000e+000
      vertex  2.349231e+000  7.285505e+001  0.000000e+000
      vertex  2.349231e+000  7.285505e+001 -5.000000e+000
    endloop
  endfacet
  facet normal -9.063084e-001 -4.226168e-001  0.000000e+000
    outer loop
      vertex  2.349231e+000  7.285505e+001 -5.000000e+000
      vertex  2.349231e+000  7.285505e+001  0.000000e+000
      vertex  2.165064e+000  7.325000e+001  0.000000e+000
    endloop
  endfacet
  facet normal -9.063084e-001 -4.226168e-001  -0.000000e+000
    outer loop
      vertex  2.349231e+000  7.285505e+001 -5.000000e+000
      vertex  2.165064e+000  7.325000e+001  0.000000e+000
      vertex  2.165064e+000  7.325000e+001 -5.000000e+000
    endloop
  endfacet
  facet normal -8.191539e-001 -5.735737e-001  0.000000e+000
    outer loop
      vertex  2.165064e+000  7.325000e+001 -5.000000e+000
      vertex  2.165064e+000  7.325000e+001  0.000000e+000
      vertex  1.915111e+000  7.360697e+001  0.000000e+000
    endloop
  endfacet
  facet normal -8.191539e-001 -5.735737e-001  -0.000000e+000
    outer loop
      vertex  2.165064e+000  7.325000e+001 -5.000000e+000
      vertex  1.915111e+000  7.360697e+001  0.000000e+000
      vertex  1.915111e+000  7.360697e+001 -5.000000e+000
    endloop
  endfacet
  facet normal -7.070997e-001 -7.071137e-001  0.000000e+000
    outer loop
      vertex  1.915111e+000  7.360697e+001 -5.000000e+000
      vertex  1.915111e+000  7.360697e+001  0.000000e+000
      vertex  1.606969e+000  7.391511e+001  0.000000e+000
    endloop
  endfacet
  facet normal -7.070997e-001 -7.071137e-001  -0.000000e+000
    outer loop
      vertex  1.915111e+000  7.360697e+001 -5.000000e+000
      vertex  1.606969e+000  7.391511e+001  0.000000e+000
      vertex  1.606969e+000  7.391511e+001 -5.000000e+000
    endloop
  endfacet
  facet normal -5.735793e-001 -8.191500e-001  0.000000e+000
    outer loop
      vertex  1.606969e+000  7.391511e+001 -5.000000e+000
      vertex  1.606969e+000  7.391511e+001  0.000000e+000
      vertex  1.250000e+000  7.416506e+001  0.000000e+000
    endloop
  endfacet
  facet normal -5.735793e-001 -8.191500e-001  -0.000000e+000
    outer loop
      vertex  1.606969e+000  7.391511e+001 -5.000000e+000
      vertex  1.250000e+000  7.416506e+001  0.000000e+000
      vertex  1.250000e+000  7.416506e+001 -5.000000e+000
    endloop
  endfacet
  facet normal -4.226143e-001 -9.063096e-001  0.000000e+000
    outer loop
      vertex  1.250000e+000  7.416506e+001 -5.000000e+000
      vertex  1.250000e+000  7.416506e+001  0.000000e+000
      vertex  8.550504e-001  7.434923e+001  0.000000e+000
    endloop
  endfacet
  facet normal -4.226143e-001 -9.063096e-001  -0.000000e+000
    outer loop
      vertex  1.250000e+000  7.416506e+001 -5.000000e+000
      vertex  8.550504e-001  7.434923e+001  0.000000e+000
      vertex  8.550504e-001  7.434923e+001 -5.000000e+000
    endloop
  endfacet
  facet normal -2.588300e-001 -9.659228e-001  0.000000e+000
    outer loop
      vertex  8.550504e-001  7.434923e+001 -5.000000e+000
      vertex  8.550504e-001  7.434923e+001  0.000000e+000
      vertex  4.341204e-001  7.446202e+001  0.000000e+000
    endloop
  endfacet
  facet normal -2.588300e-001 -9.659228e-001  -0.000000e+000
    outer loop
      vertex  8.550504e-001  7.434923e+001 -5.000000e+000
      vertex  4.341204e-001  7.446202e+001  0.000000e+000
      vertex  4.341204e-001  7.446202e+001 -5.000000e+000
    endloop
  endfacet
  facet normal -8.715234e-002 -9.961950e-001  0.000000e+000
    outer loop
      vertex  4.341204e-001  7.446202e+001 -5.000000e+000
      vertex  4.341204e-001  7.446202e+001  0.000000e+000
      vertex  0.000000e+000  7.450000e+001  0.000000e+000
    endloop
  endfacet
  facet normal -8.715234e-002 -9.961950e-001  -0.000000e+000
    outer loop
      vertex  4.341204e-001  7.446202e+001 -5.000000e+000
      vertex  0.000000e+000  7.450000e+001  0.000000e+000
      vertex  0.000000e+000  7.450000e+001 -5.000000e+000
    endloop
  endfacet
  facet normal -9.961947e-001 -8.715566e-002  0.000000e+000
    outer loop
      vertex  2.462019e+000  7.243412e+001  0.000000e+000
      vertex  2.500000e+000  7.200000e+001 -5.000000e+000
      vertex  2.500000e+000  7.200000e+001  0.000000e+000
    endloop
  endfacet
  facet normal -9.961947e-001  8.715566e-002  0.000000e+000
    outer loop
      vertex  2.500000e+000  7.200000e+001  0.000000e+000
      vertex  2.500000e+000  7.200000e+001 -5.000000e+000
      vertex  2.462019e+000  7.156588e+001 -5.000000e+000
    endloop
  endfacet
  facet normal -9.961947e-001  8.715566e-002  0.000000e+000
    outer loop
      vertex  2.500000e+000  7.200000e+001  0.000000e+000
      vertex  2.462019e+000  7.156588e+001 -5.000000e+000
      vertex  2.462019e+000  7.156588e+001  0.000000e+000
    endloop
  endfacet
  facet normal -9.659256e-001  2.588199e-001  0.000000e+000
    outer loop
      vertex  2.462019e+000  7.156588e+001  0.000000e+000
      vertex  2.462019e+000  7.156588e+001 -5.000000e+000
      vertex  2.349231e+000  7.114495e+001 -5.000000e+000
    endloop
  endfacet
  facet normal -9.659256e-001  2.588199e-001  0.000000e+000
    outer loop
      vertex  2.462019e+000  7.156588e+001  0.000000e+000
      vertex  2.349231e+000  7.114495e+001 -5.000000e+000
      vertex  2.349231e+000  7.114495e+001  0.000000e+000
    endloop
  endfacet
  facet normal -9.063084e-001  4.226168e-001  0.000000e+000
    outer loop
      vertex  2.349231e+000  7.114495e+001  0.000000e+000
      vertex  2.349231e+000  7.114495e+001 -5.000000e+000
      vertex  2.165064e+000  7.075000e+001 -5.000000e+000
    endloop
  endfacet
  facet normal -9.063084e-001  4.226168e-001  0.000000e+000
    outer loop
      vertex  2.349231e+000  7.114495e+001  0.000000e+000
      vertex  2.165064e+000  7.075000e+001 -5.000000e+000
      vertex  2.165064e+000  7.075000e+001  0.000000e+000
    endloop
  endfacet
  facet normal -8.191539e-001  5.735737e-001  0.000000e+000
    outer loop
      vertex  2.165064e+000  7.075000e+001  0.000000e+000
      vertex  2.165064e+000  7.075000e+001 -5.000000e+000
      vertex  1.915111e+000  7.039303e+001 -5.000000e+000
    endloop
  endfacet
  facet normal -8.191539e-001  5.735737e-001  0.000000e+000
    outer loop
      vertex  2.165064e+000  7.075000e+001  0.000000e+000
      vertex  1.915111e+000  7.039303e+001 -5.000000e+000
      vertex  1.915111e+000  7.039303e+001  0.000000e+000
    endloop
  endfacet
  facet normal -7.070997e-001  7.071137e-001  0.000000e+000
    outer loop
      vertex  1.915111e+000  7.039303e+001  0.000000e+000
      vertex  1.915111e+000  7.039303e+001 -5.000000e+000
      vertex  1.606969e+000  7.008489e+001 -5.000000e+000
    endloop
  endfacet
  facet normal -7.070997e-001  7.071137e-001  0.000000e+000
    outer loop
      vertex  1.915111e+000  7.039303e+001  0.000000e+000
      vertex  1.606969e+000  7.008489e+001 -5.000000e+000
      vertex  1.606969e+000  7.008489e+001  0.000000e+000
    endloop
  endfacet
  facet normal -5.735793e-001  8.191500e-001  0.000000e+000
    outer loop
      vertex  1.606969e+000  7.008489e+001  0.000000e+000
      vertex  1.606969e+000  7.008489e+001 -5.000000e+000
      vertex  1.250000e+000  6.983494e+001 -5.000000e+000
    endloop
  endfacet
  facet normal -5.735793e-001  8.191500e-001  0.000000e+000
    outer loop
      vertex  1.606969e+000  7.008489e+001  0.000000e+000
      vertex  1.250000e+000  6.983494e+001 -5.000000e+000
      vertex  1.250000e+000  6.983494e+001  0.000000e+000
    endloop
  endfacet
  facet normal -4.226143e-001  9.063096e-001  0.000000e+000
    outer loop
      vertex  1.250000e+000  6.983494e+001  0.000000e+000
      vertex  1.250000e+000  6.983494e+001 -5.000000e+000
      vertex  8.550504e-001  6.965077e+001 -5.000000e+000
    endloop
  endfacet
  facet normal -4.226143e-001  9.063096e-001  0.000000e+000
    outer loop
      vertex  1.250000e+000  6.983494e+001  0.000000e+000
      vertex  8.550504e-001  6.965077e+001 -5.000000e+000
      vertex  8.550504e-001  6.965077e+001  0.000000e+000
    endloop
  endfacet
  facet normal -2.588300e-001  9.659228e-001  0.000000e+000
    outer loop
      vertex  8.550504e-001  6.965077e+001  0.000000e+000
      vertex  8.550504e-001  6.965077e+001 -5.000000e+000
      vertex  4.341204e-001  6.953798e+001 -5.000000e+000
    endloop
  endfacet
  facet normal -2.588300e-001  9.659228e-001  0.000000e+000
    outer loop
      vertex  8.550504e-001  6.965077e+001  0.000000e+000
      vertex  4.341204e-001  6.953798e+001 -5.000000e+000
      vertex  4.341204e-001  6.953798e+001  0.000000e+000
    endloop
  endfacet
  facet normal -8.715234e-002  9.961950e-001  0.000000e+000
    outer loop
      vertex  4.341204e-001  6.953798e+001  0.000000e+000
      vertex  4.341204e-001  6.953798e+001 -5.000000e+000
      vertex -3.061617e-016  6.950000e+001 -5.000000e+000
    endloop
  endfacet
  facet normal -8.715234e-002  9.961950e-001  0.000000e+000
    outer loop
      vertex  4.341204e-001  6.953798e+001  0.000000e+000
      vertex -3.061617e-016  6.950000e+001 -5.000000e+000
      vertex -3.061617e-016  6.950000e+001  0.000000e+000
    endloop
  endfacet
  facet normal  9.961950e-001  8.715234e-002  0.000000e+000
    outer loop
      vertex  4.150000e+001  5.971700e-016 -5.000000e+000
      vertex  4.153798e+001 -4.341204e-001  0.000000e+000
      vertex  4.153798e+001 -4.341204e-001 -5.000000e+000
    endloop
  endfacet
  facet normal  9.659251e-001  2.588218e-001  -0.000000e+000
    outer loop
      vertex  4.153798e+001 -4.341204e-001 -5.000000e+000
      vertex  4.153798e+001 -4.341204e-001  0.000000e+000
      vertex  4.165077e+001 -8.550504e-001  0.000000e+000
    endloop
  endfacet
  facet normal  9.659251e-001  2.588218e-001  0.000000e+000
    outer loop
      vertex  4.153798e+001 -4.341204e-001 -5.000000e+000
      vertex  4.165077e+001 -8.550504e-001  0.000000e+000
      vertex  4.165077e+001 -8.550504e-001 -5.000000e+000
    endloop
  endfacet
  facet normal  9.063063e-001  4.226215e-001  -0.000000e+000
    outer loop
      vertex  4.165077e+001 -8.550504e-001 -5.000000e+000
      vertex  4.165077e+001 -8.550504e-001  0.000000e+000
      vertex  4.183494e+001 -1.250000e+000  0.000000e+000
    endloop
  endfacet
  facet normal  9.063063e-001  4.226215e-001  0.000000e+000
    outer loop
      vertex  4.165077e+001 -8.550504e-001 -5.000000e+000
      vertex  4.183494e+001 -1.250000e+000  0.000000e+000
      vertex  4.183494e+001 -1.250000e+000 -5.000000e+000
    endloop
  endfacet
  facet normal  8.191541e-001  5.735734e-001  -0.000000e+000
    outer loop
      vertex  4.183494e+001 -1.250000e+000 -5.000000e+000
      vertex  4.183494e+001 -1.250000e+000  0.000000e+000
      vertex  4.208489e+001 -1.606969e+000  0.000000e+000
    endloop
  endfacet
  facet normal  8.191541e-001  5.735734e-001  0.000000e+000
    outer loop
      vertex  4.183494e+001 -1.250000e+000 -5.000000e+000
      vertex  4.208489e+001 -1.606969e+000  0.000000e+000
      vertex  4.208489e+001 -1.606969e+000 -5.000000e+000
    endloop
  endfacet
  facet normal  7.071049e-001  7.071085e-001  -0.000000e+000
    outer loop
      vertex  4.208489e+001 -1.606969e+000 -5.000000e+000
      vertex  4.208489e+001 -1.606969e+000  0.000000e+000
      vertex  4.239303e+001 -1.915111e+000  0.000000e+000
    endloop
  endfacet
  facet normal  7.071049e-001  7.071085e-001  0.000000e+000
    outer loop
      vertex  4.208489e+001 -1.606969e+000 -5.000000e+000
      vertex  4.239303e+001 -1.915111e+000  0.000000e+000
      vertex  4.239303e+001 -1.915111e+000 -5.000000e+000
    endloop
  endfacet
  facet normal  5.735779e-001  8.191510e-001  -0.000000e+000
    outer loop
      vertex  4.239303e+001 -1.915111e+000 -5.000000e+000
      vertex  4.239303e+001 -1.915111e+000  0.000000e+000
      vertex  4.275000e+001 -2.165064e+000  0.000000e+000
    endloop
  endfacet
  facet normal  5.735779e-001  8.191510e-001  0.000000e+000
    outer loop
      vertex  4.239303e+001 -1.915111e+000 -5.000000e+000
      vertex  4.275000e+001 -2.165064e+000  0.000000e+000
      vertex  4.275000e+001 -2.165064e+000 -5.000000e+000
    endloop
  endfacet
  facet normal  4.226168e-001  9.063084e-001  -0.000000e+000
    outer loop
      vertex  4.275000e+001 -2.165064e+000 -5.000000e+000
      vertex  4.275000e+001 -2.165064e+000  0.000000e+000
      vertex  4.314495e+001 -2.349231e+000  0.000000e+000
    endloop
  endfacet
  facet normal  4.226168e-001  9.063084e-001  0.000000e+000
    outer loop
      vertex  4.275000e+001 -2.165064e+000 -5.000000e+000
      vertex  4.314495e+001 -2.349231e+000  0.000000e+000
      vertex  4.314495e+001 -2.349231e+000 -5.000000e+000
    endloop
  endfacet
  facet normal  2.588199e-001  9.659256e-001  -0.000000e+000
    outer loop
      vertex  4.314495e+001 -2.349231e+000 -5.000000e+000
      vertex  4.314495e+001 -2.349231e+000  0.000000e+000
      vertex  4.356588e+001 -2.462019e+000  0.000000e+000
    endloop
  endfacet
  facet normal  2.588199e-001  9.659256e-001  0.000000e+000
    outer loop
      vertex  4.314495e+001 -2.349231e+000 -5.000000e+000
      vertex  4.356588e+001 -2.462019e+000  0.000000e+000
      vertex  4.356588e+001 -2.462019e+000 -5.000000e+000
    endloop
  endfacet
  facet normal  8.715566e-002  9.961947e-001  -0.000000e+000
    outer loop
      vertex  4.356588e+001 -2.462019e+000 -5.000000e+000
      vertex  4.356588e+001 -2.462019e+000  0.000000e+000
      vertex  4.400000e+001 -2.500000e+000  0.000000e+000
    endloop
  endfacet
  facet normal  8.715566e-002  9.961947e-001  0.000000e+000
    outer loop
      vertex  4.356588e+001 -2.462019e+000 -5.000000e+000
      vertex  4.400000e+001 -2.500000e+000  0.000000e+000
      vertex  4.400000e+001 -2.500000e+000 -5.000000e+000
    endloop
  endfacet
  facet normal  9.961950e-001  8.715234e-002  7.740682e-018
    outer loop
      vertex  4.153798e+001 -4.341204e-001  0.000000e+000
      vertex  4.150000e+001  5.971700e-016 -5.000000e+000
      vertex  4.150000e+001  1.530808e-016  0.000000e+000
    endloop
  endfacet
  facet normal  9.961950e-001 -8.715234e-002 -7.740682e-018
    outer loop
      vertex  4.150000e+001  1.530808e-016  0.000000e+000
      vertex  4.150000e+001  5.971700e-016 -5.000000e+000
      vertex  4.153798e+001  4.341204e-001 -5.000000e+000
    endloop
  endfacet
  facet normal  9.961950e-001 -8.715234e-002  0.000000e+000
    outer loop
      vertex  4.150000e+001  1.530808e-016  0.000000e+000
      vertex  4.153798e+001  4.341204e-001 -5.000000e+000
      vertex  4.153798e+001  4.341204e-001  0.000000e+000
    endloop
  endfacet
  facet normal  9.659251e-001 -2.588218e-001  0.000000e+000
    outer loop
      vertex  4.153798e+001  4.341204e-001  0.000000e+000
      vertex  4.153798e+001  4.341204e-001 -5.000000e+000
      vertex  4.165077e+001  8.550504e-001 -5.000000e+000
    endloop
  endfacet
  facet normal  9.659251e-001 -2.588218e-001  0.000000e+000
    outer loop
      vertex  4.153798e+001  4.341204e-001  0.000000e+000
      vertex  4.165077e+001  8.550504e-001 -5.000000e+000
      vertex  4.165077e+001  8.550504e-001  0.000000e+000
    endloop
  endfacet
  facet normal  9.063063e-001 -4.226215e-001  0.000000e+000
    outer loop
      vertex  4.165077e+001  8.550504e-001  0.000000e+000
      vertex  4.165077e+001  8.550504e-001 -5.000000e+000
      vertex  4.183494e+001  1.250000e+000 -5.000000e+000
    endloop
  endfacet
  facet normal  9.063063e-001 -4.226215e-001  0.000000e+000
    outer loop
      vertex  4.165077e+001  8.550504e-001  0.000000e+000
      vertex  4.183494e+001  1.250000e+000 -5.000000e+000
      vertex  4.183494e+001  1.250000e+000  0.000000e+000
    endloop
  endfacet
  facet normal  8.191541e-001 -5.735734e-001  0.000000e+000
    outer loop
      vertex  4.183494e+001  1.250000e+000  0.000000e+000
      vertex  4.183494e+001  1.250000e+000 -5.000000e+000
      vertex  4.208489e+001  1.606969e+000 -5.000000e+000
    endloop
  endfacet
  facet normal  8.191541e-001 -5.735734e-001  0.000000e+000
    outer loop
      vertex  4.183494e+001  1.250000e+000  0.000000e+000
      vertex  4.208489e+001  1.606969e+000 -5.000000e+000
      vertex  4.208489e+001  1.606969e+000  0.000000e+000
    endloop
  endfacet
  facet normal  7.071049e-001 -7.071085e-001  0.000000e+000
    outer loop
      vertex  4.208489e+001  1.606969e+000  0.000000e+000
      vertex  4.208489e+001  1.606969e+000 -5.000000e+000
      vertex  4.239303e+001  1.915111e+000 -5.000000e+000
    endloop
  endfacet
  facet normal  7.071049e-001 -7.071085e-001  0.000000e+000
    outer loop
      vertex  4.208489e+001  1.606969e+000  0.000000e+000
      vertex  4.239303e+001  1.915111e+000 -5.000000e+000
      vertex  4.239303e+001  1.915111e+000  0.000000e+000
    endloop
  endfacet
  facet normal  5.735779e-001 -8.191510e-001  0.000000e+000
    outer loop
      vertex  4.239303e+001  1.915111e+000  0.000000e+000
      vertex  4.239303e+001  1.915111e+000 -5.000000e+000
      vertex  4.275000e+001  2.165064e+000 -5.000000e+000
    endloop
  endfacet
  facet normal  5.735779e-001 -8.191510e-001  0.000000e+000
    outer loop
      vertex  4.239303e+001  1.915111e+000  0.000000e+000
      vertex  4.275000e+001  2.165064e+000 -5.000000e+000
      vertex  4.275000e+001  2.165064e+000  0.000000e+000
    endloop
  endfacet
  facet normal  4.226168e-001 -9.063084e-001  0.000000e+000
    outer loop
      vertex  4.275000e+001  2.165064e+000  0.000000e+000
      vertex  4.275000e+001  2.165064e+000 -5.000000e+000
      vertex  4.314495e+001  2.349231e+000 -5.000000e+000
    endloop
  endfacet
  facet normal  4.226168e-001 -9.063084e-001  0.000000e+000
    outer loop
      vertex  4.275000e+001  2.165064e+000  0.000000e+000
      vertex  4.314495e+001  2.349231e+000 -5.000000e+000
      vertex  4.314495e+001  2.349231e+000  0.000000e+000
    endloop
  endfacet
  facet normal  2.588199e-001 -9.659256e-001  0.000000e+000
    outer loop
      vertex  4.314495e+001  2.349231e+000  0.000000e+000
      vertex  4.314495e+001  2.349231e+000 -5.000000e+000
      vertex  4.356588e+001  2.462019e+000 -5.000000e+000
    endloop
  endfacet
  facet normal  2.588199e-001 -9.659256e-001  0.000000e+000
    outer loop
      vertex  4.314495e+001  2.349231e+000  0.000000e+000
      vertex  4.356588e+001  2.462019e+000 -5.000000e+000
      vertex  4.356588e+001  2.462019e+000  0.000000e+000
    endloop
  endfacet
  facet normal  8.715566e-002 -9.961947e-001  0.000000e+000
    outer loop
      vertex  4.356588e+001  2.462019e+000  0.000000e+000
      vertex  4.356588e+001  2.462019e+000 -5.000000e+000
      vertex  4.400000e+001  2.500000e+000 -5.000000e+000
    endloop
  endfacet
  facet normal  8.715566e-002 -9.961947e-001  0.000000e+000
    outer loop
      vertex  4.356588e+001  2.462019e+000  0.000000e+000
      vertex  4.400000e+001  2.500000e+000 -5.000000e+000
      vertex  4.400000e+001  2.500000e+000  0.000000e+000
    endloop
  endfacet
  facet normal -9.961950e-001 -8.715234e-002  -0.000000e+000
    outer loop
      vertex  4.650000e+001 -4.592425e-016 -5.000000e+000
      vertex  4.646202e+001  4.341204e-001  0.000000e+000
      vertex  4.646202e+001  4.341204e-001 -5.000000e+000
    endloop
  endfacet
  facet normal -9.659251e-001 -2.588218e-001  0.000000e+000
    outer loop
      vertex  4.646202e+001  4.341204e-001 -5.000000e+000
      vertex  4.646202e+001  4.341204e-001  0.000000e+000
      vertex  4.634923e+001  8.550504e-001  0.000000e+000
    endloop
  endfacet
  facet normal -9.659251e-001 -2.588218e-001  -0.000000e+000
    outer loop
      vertex  4.646202e+001  4.341204e-001 -5.000000e+000
      vertex  4.634923e+001  8.550504e-001  0.000000e+000
      vertex  4.634923e+001  8.550504e-001 -5.000000e+000
    endloop
  endfacet
  facet normal -9.063063e-001 -4.226215e-001  0.000000e+000
    outer loop
      vertex  4.634923e+001  8.550504e-001 -5.000000e+000
      vertex  4.634923e+001  8.550504e-001  0.000000e+000
      vertex  4.616506e+001  1.250000e+000  0.000000e+000
    endloop
  endfacet
  facet normal -9.063063e-001 -4.226215e-001  -0.000000e+000
    outer loop
      vertex  4.634923e+001  8.550504e-001 -5.000000e+000
      vertex  4.616506e+001  1.250000e+000  0.000000e+000
      vertex  4.616506e+001  1.250000e+000 -5.000000e+000
    endloop
  endfacet
  facet normal -8.191541e-001 -5.735734e-001  0.000000e+000
    outer loop
      vertex  4.616506e+001  1.250000e+000 -5.000000e+000
      vertex  4.616506e+001  1.250000e+000  0.000000e+000
      vertex  4.591511e+001  1.606969e+000  0.000000e+000
    endloop
  endfacet
  facet normal -8.191541e-001 -5.735734e-001  -0.000000e+000
    outer loop
      vertex  4.616506e+001  1.250000e+000 -5.000000e+000
      vertex  4.591511e+001  1.606969e+000  0.000000e+000
      vertex  4.591511e+001  1.606969e+000 -5.000000e+000
    endloop
  endfacet
  facet normal -7.071049e-001 -7.071085e-001  0.000000e+000
    outer loop
      vertex  4.591511e+001  1.606969e+000 -5.000000e+000
      vertex  4.591511e+001  1.606969e+000  0.000000e+000
      vertex  4.560697e+001  1.915111e+000  0.000000e+000
    endloop
  endfacet
  facet normal -7.071049e-001 -7.071085e-001  -0.000000e+000
    outer loop
      vertex  4.591511e+001  1.606969e+000 -5.000000e+000
      vertex  4.560697e+001  1.915111e+000  0.000000e+000
      vertex  4.560697e+001  1.915111e+000 -5.000000e+000
    endloop
  endfacet
  facet normal -5.735779e-001 -8.191510e-001  0.000000e+000
    outer loop
      vertex  4.560697e+001  1.915111e+000 -5.000000e+000
      vertex  4.560697e+001  1.915111e+000  0.000000e+000
      vertex  4.525000e+001  2.165064e+000  0.000000e+000
    endloop
  endfacet
  facet normal -5.735779e-001 -8.191510e-001  -0.000000e+000
    outer loop
      vertex  4.560697e+001  1.915111e+000 -5.000000e+000
      vertex  4.525000e+001  2.165064e+000  0.000000e+000
      vertex  4.525000e+001  2.165064e+000 -5.000000e+000
    endloop
  endfacet
  facet normal -4.226168e-001 -9.063084e-001  0.000000e+000
    outer loop
      vertex  4.525000e+001  2.165064e+000 -5.000000e+000
      vertex  4.525000e+001  2.165064e+000  0.000000e+000
      vertex  4.485505e+001  2.349231e+000  0.000000e+000
    endloop
  endfacet
  facet normal -4.226168e-001 -9.063084e-001  -0.000000e+000
    outer loop
      vertex  4.525000e+001  2.165064e+000 -5.000000e+000
      vertex  4.485505e+001  2.349231e+000  0.000000e+000
      vertex  4.485505e+001  2.349231e+000 -5.000000e+000
    endloop
  endfacet
  facet normal -2.588199e-001 -9.659256e-001  0.000000e+000
    outer loop
      vertex  4.485505e+001  2.349231e+000 -5.000000e+000
      vertex  4.485505e+001  2.349231e+000  0.000000e+000
      vertex  4.443412e+001  2.462019e+000  0.000000e+000
    endloop
  endfacet
  facet normal -2.588199e-001 -9.659256e-001  -0.000000e+000
    outer loop
      vertex  4.485505e+001  2.349231e+000 -5.000000e+000
      vertex  4.443412e+001  2.462019e+000  0.000000e+000
      vertex  4.443412e+001  2.462019e+000 -5.000000e+000
    endloop
  endfacet
  facet normal -8.715566e-002 -9.961947e-001  0.000000e+000
    outer loop
      vertex  4.443412e+001  2.462019e+000 -5.000000e+000
      vertex  4.443412e+001  2.462019e+000  0.000000e+000
      vertex  4.400000e+001  2.500000e+000  0.000000e+000
    endloop
  endfacet
  facet normal -8.715566e-002 -9.961947e-001  -0.000000e+000
    outer loop
      vertex  4.443412e+001  2.462019e+000 -5.000000e+000
      vertex  4.400000e+001  2.500000e+000  0.000000e+000
      vertex  4.400000e+001  2.500000e+000 -5.000000e+000
    endloop
  endfacet
  facet normal -9.961950e-001 -8.715234e-002  0.000000e+000
    outer loop
      vertex  4.646202e+001  4.341204e-001  0.000000e+000
      vertex  4.650000e+001 -4.592425e-016 -5.000000e+000
      vertex  4.650000e+001 -4.592425e-016  0.000000e+000
    endloop
  endfacet
  facet normal -9.961950e-001  8.715234e-002  0.000000e+000
    outer loop
      vertex  4.650000e+001 -4.592425e-016  0.000000e+000
      vertex  4.650000e+001 -4.592425e-016 -5.000000e+000
      vertex  4.646202e+001 -4.341204e-001 -5.000000e+000
    endloop
  endfacet
  facet normal -9.961950e-001  8.715234e-002  0.000000e+000
    outer loop
      vertex  4.650000e+001 -4.592425e-016  0.000000e+000
      vertex  4.646202e+001 -4.341204e-001 -5.000000e+000
      vertex  4.646202e+001 -4.341204e-001  0.000000e+000
    endloop
  endfacet
  facet normal -9.659251e-001  2.588218e-001  0.000000e+000
    outer loop
      vertex  4.646202e+001 -4.341204e-001  0.000000e+000
      vertex  4.646202e+001 -4.341204e-001 -5.000000e+000
      vertex  4.634923e+001 -8.550504e-001 -5.000000e+000
    endloop
  endfacet
  facet normal -9.659251e-001  2.588218e-001  0.000000e+000
    outer loop
      vertex  4.646202e+001 -4.341204e-001  0.000000e+000
      vertex  4.634923e+001 -8.550504e-001 -5.000000e+000
      vertex  4.634923e+001 -8.550504e-001  0.000000e+000
    endloop
  endfacet
  facet normal -9.063063e-001  4.226215e-001  0.000000e+000
    outer loop
      vertex  4.634923e+001 -8.550504e-001  0.000000e+000
      vertex  4.634923e+001 -8.550504e-001 -5.000000e+000
      vertex  4.616506e+001 -1.250000e+000 -5.000000e+000
    endloop
  endfacet
  facet normal -9.063063e-001  4.226215e-001  0.000000e+000
    outer loop
      vertex  4.634923e+001 -8.550504e-001  0.000000e+000
      vertex  4.616506e+001 -1.250000e+000 -5.000000e+000
      vertex  4.616506e+001 -1.250000e+000  0.000000e+000
    endloop
  endfacet
  facet normal -8.191541e-001  5.735734e-001  0.000000e+000
    outer loop
      vertex  4.616506e+001 -1.250000e+000  0.000000e+000
      vertex  4.616506e+001 -1.250000e+000 -5.000000e+000
      vertex  4.591511e+001 -1.606969e+000 -5.000000e+000
    endloop
  endfacet
  facet normal -8.191541e-001  5.735734e-001  0.000000e+000
    outer loop
      vertex  4.616506e+001 -1.250000e+000  0.000000e+000
      vertex  4.591511e+001 -1.606969e+000 -5.000000e+000
      vertex  4.591511e+001 -1.606969e+000  0.000000e+000
    endloop
  endfacet
  facet normal -7.071049e-001  7.071085e-001  0.000000e+000
    outer loop
      vertex  4.591511e+001 -1.606969e+000  0.000000e+000
      vertex  4.591511e+001 -1.606969e+000 -5.000000e+000
      vertex  4.560697e+001 -1.915111e+000 -5.000000e+000
    endloop
  endfacet
  facet normal -7.071049e-001  7.071085e-001  0.000000e+000
    outer loop
      vertex  4.591511e+001 -1.606969e+000  0.000000e+000
      vertex  4.560697e+001 -1.915111e+000 -5.000000e+000
      vertex  4.560697e+001 -1.915111e+000  0.000000e+000
    endloop
  endfacet
  facet normal -5.735779e-001  8.191510e-001  0.000000e+000
    outer loop
      vertex  4.560697e+001 -1.915111e+000  0.000000e+000
      vertex  4.560697e+001 -1.915111e+000 -5.000000e+000
      vertex  4.525000e+001 -2.165064e+000 -5.000000e+000
    endloop
  endfacet
  facet normal -5.735779e-001  8.191510e-001  0.000000e+000
    outer loop
      vertex  4.560697e+001 -1.915111e+000  0.000000e+000
      vertex  4.525000e+001 -2.165064e+000 -5.000000e+000
      vertex  4.525000e+001 -2.165064e+000  0.000000e+000
    endloop
  endfacet
  facet normal -4.226168e-001  9.063084e-001  0.000000e+000
    outer loop
      vertex  4.525000e+001 -2.165064e+000  0.000000e+000
      vertex  4.525000e+001 -2.165064e+000 -5.000000e+000
      vertex  4.485505e+001 -2.349231e+000 -5.000000e+000
    endloop
  endfacet
  facet normal -4.226168e-001  9.063084e-001  0.000000e+000
    outer loop
      vertex  4.525000e+001 -2.165064e+000  0.000000e+000
      vertex  4.485505e+001 -2.349231e+000 -5.000000e+000
      vertex  4.485505e+001 -2.349231e+000  0.000000e+000
    endloop
  endfacet
  facet normal -2.588199e-001  9.659256e-001  0.000000e+000
    outer loop
      vertex  4.485505e+001 -2.349231e+000  0.000000e+000
      vertex  4.485505e+001 -2.349231e+000 -5.000000e+000
      vertex  4.443412e+001 -2.462019e+000 -5.000000e+000
    endloop
  endfacet
  facet normal -2.588199e-001  9.659256e-001  0.000000e+000
    outer loop
      vertex  4.485505e+001 -2.349231e+000  0.000000e+000
      vertex  4.443412e+001 -2.462019e+000 -5.000000e+000
      vertex  4.443412e+001 -2.462019e+000  0.000000e+000
    endloop
  endfacet
  facet normal -8.715566e-002  9.961947e-001  0.000000e+000
    outer loop
      vertex  4.443412e+001 -2.462019e+000  0.000000e+000
      vertex  4.443412e+001 -2.462019e+000 -5.000000e+000
      vertex  4.400000e+001 -2.500000e+000 -5.000000e+000
    endloop
  endfacet
  facet normal -8.715566e-002  9.961947e-001  0.000000e+000
    outer loop
      vertex  4.443412e+001 -2.462019e+000  0.000000e+000
      vertex  4.400000e+001 -2.500000e+000 -5.000000e+000
      vertex  4.400000e+001 -2.500000e+000  0.000000e+000
    endloop
  endfacet
  facet normal  9.999999e-001  0.000000e+000  0.000000e+000
    outer loop
      vertex -3.750000e+001 -6.500000e+001  2.100000e+001
      vertex -3.750000e+001 -6.500000e+001  0.000000e+000
      vertex -3.750000e+001 -3.800000e+001  2.100000e+001
    endloop
  endfacet
  facet normal  9.999999e-001  0.000000e+000  0.000000e+000
    outer loop
      vertex -3.750000e+001 -3.800000e+001  2.100000e+001
      vertex -3.750000e+001 -6.500000e+001  0.000000e+000
      vertex -3.750000e+001 -3.800000e+001  0.000000e+000
    endloop
  endfacet
  facet normal  6.343926e-001  7.730110e-001  0.000000e+000
    outer loop
      vertex -3.691422e+001 -6.641422e+001  0.000000e+000
      vertex -3.661114e+001 -6.666294e+001  2.100000e+001
      vertex -3.661114e+001 -6.666294e+001  0.000000e+000
    endloop
  endfacet
  facet normal  4.713839e-001  8.819281e-001  -0.000000e+000
    outer loop
      vertex -3.661114e+001 -6.666294e+001  0.000000e+000
      vertex -3.661114e+001 -6.666294e+001  2.100000e+001
      vertex -3.626537e+001 -6.684776e+001  2.100000e+001
    endloop
  endfacet
  facet normal  4.713839e-001  8.819281e-001  0.000000e+000
    outer loop
      vertex -3.661114e+001 -6.666294e+001  0.000000e+000
      vertex -3.626537e+001 -6.684776e+001  2.100000e+001
      vertex -3.626537e+001 -6.684776e+001  0.000000e+000
    endloop
  endfacet
  facet normal  2.902958e-001  9.569370e-001  -0.000000e+000
    outer loop
      vertex -3.626537e+001 -6.684776e+001  0.000000e+000
      vertex -3.626537e+001 -6.684776e+001  2.100000e+001
      vertex -3.589018e+001 -6.696157e+001  2.100000e+001
    endloop
  endfacet
  facet normal  2.902958e-001  9.569370e-001  0.000000e+000
    outer loop
      vertex -3.626537e+001 -6.684776e+001  0.000000e+000
      vertex -3.589018e+001 -6.696157e+001  2.100000e+001
      vertex -3.589018e+001 -6.696157e+001  0.000000e+000
    endloop
  endfacet
  facet normal  9.801622e-002  9.951848e-001  -0.000000e+000
    outer loop
      vertex -3.589018e+001 -6.696157e+001  0.000000e+000
      vertex -3.589018e+001 -6.696157e+001  2.100000e+001
      vertex -3.550000e+001 -6.700000e+001  2.100000e+001
    endloop
  endfacet
  facet normal  9.801622e-002  9.951848e-001  0.000000e+000
    outer loop
      vertex -3.589018e+001 -6.696157e+001  0.000000e+000
      vertex -3.550000e+001 -6.700000e+001  2.100000e+001
      vertex -3.550000e+001 -6.700000e+001  0.000000e+000
    endloop
  endfacet
  facet normal  6.343926e-001  7.730110e-001  -0.000000e+000
    outer loop
      vertex -3.661114e+001 -6.666294e+001  2.100000e+001
      vertex -3.691422e+001 -6.641422e+001  0.000000e+000
      vertex -3.691422e+001 -6.641422e+001  2.100000e+001
    endloop
  endfacet
  facet normal  7.730148e-001  6.343879e-001  0.000000e+000
    outer loop
      vertex -3.691422e+001 -6.641422e+001  2.100000e+001
      vertex -3.691422e+001 -6.641422e+001  0.000000e+000
      vertex -3.716294e+001 -6.611114e+001  0.000000e+000
    endloop
  endfacet
  facet normal  7.730148e-001  6.343879e-001  -0.000000e+000
    outer loop
      vertex -3.691422e+001 -6.641422e+001  2.100000e+001
      vertex -3.716294e+001 -6.611114e+001  0.000000e+000
      vertex -3.716294e+001 -6.611114e+001  2.100000e+001
    endloop
  endfacet
  facet normal  8.819219e-001  4.713956e-001  0.000000e+000
    outer loop
      vertex -3.716294e+001 -6.611114e+001  2.100000e+001
      vertex -3.716294e+001 -6.611114e+001  0.000000e+000
      vertex -3.734776e+001 -6.576537e+001  0.000000e+000
    endloop
  endfacet
  facet normal  8.819219e-001  4.713956e-001  -0.000000e+000
    outer loop
      vertex -3.716294e+001 -6.611114e+001  2.100000e+001
      vertex -3.734776e+001 -6.576537e+001  0.000000e+000
      vertex -3.734776e+001 -6.576537e+001  2.100000e+001
    endloop
  endfacet
  facet normal  9.569396e-001  2.902869e-001  0.000000e+000
    outer loop
      vertex -3.734776e+001 -6.576537e+001  2.100000e+001
      vertex -3.734776e+001 -6.576537e+001  0.000000e+000
      vertex -3.746157e+001 -6.539018e+001  0.000000e+000
    endloop
  endfacet
  facet normal  9.569396e-001  2.902869e-001  -0.000000e+000
    outer loop
      vertex -3.734776e+001 -6.576537e+001  2.100000e+001
      vertex -3.746157e+001 -6.539018e+001  0.000000e+000
      vertex -3.746157e+001 -6.539018e+001  2.100000e+001
    endloop
  endfacet
  facet normal  9.951848e-001  9.801622e-002  0.000000e+000
    outer loop
      vertex -3.746157e+001 -6.539018e+001  2.100000e+001
      vertex -3.746157e+001 -6.539018e+001  0.000000e+000
      vertex -3.750000e+001 -6.500000e+001  0.000000e+000
    endloop
  endfacet
  facet normal  9.951848e-001  9.801622e-002  -0.000000e+000
    outer loop
      vertex -3.746157e+001 -6.539018e+001  2.100000e+001
      vertex -3.750000e+001 -6.500000e+001  0.000000e+000
      vertex -3.750000e+001 -6.500000e+001  2.100000e+001
    endloop
  endfacet
  facet normal  0.000000e+000  1.000000e+000  -0.000000e+000
    outer loop
      vertex -1.350000e+001 -6.700000e+001  2.100000e+001
      vertex -1.350000e+001 -6.700000e+001  0.000000e+000
      vertex -3.550000e+001 -6.700000e+001  2.100000e+001
    endloop
  endfacet
  facet normal  0.000000e+000  1.000000e+000  0.000000e+000
    outer loop
      vertex -3.550000e+001 -6.700000e+001  2.100000e+001
      vertex -1.350000e+001 -6.700000e+001  0.000000e+000
      vertex -3.550000e+001 -6.700000e+001  0.000000e+000
    endloop
  endfacet
  facet normal  9.803598e-002  9.951829e-001  0.000000e+000
    outer loop
      vertex -1.350000e+001 -6.700000e+001  0.000000e+000
      vertex -1.350000e+001 -6.700000e+001  2.100000e+001
      vertex -1.330491e+001 -6.701922e+001  0.000000e+000
    endloop
  endfacet
  facet normal  9.803598e-002  9.951829e-001  -0.000000e+000
    outer loop
      vertex -1.330491e+001 -6.701922e+001  0.000000e+000
      vertex -1.350000e+001 -6.700000e+001  2.100000e+001
      vertex -1.330491e+001 -6.701922e+001  2.100000e+001
    endloop
  endfacet
  facet normal  2.902575e-001  9.569486e-001  0.000000e+000
    outer loop
      vertex -1.330491e+001 -6.701922e+001  0.000000e+000
      vertex -1.330491e+001 -6.701922e+001  2.100000e+001
      vertex -1.311732e+001 -6.707612e+001  0.000000e+000
    endloop
  endfacet
  facet normal  2.902575e-001  9.569486e-001  -0.000000e+000
    outer loop
      vertex -1.311732e+001 -6.707612e+001  0.000000e+000
      vertex -1.330491e+001 -6.701922e+001  2.100000e+001
      vertex -1.311732e+001 -6.707612e+001  2.100000e+001
    endloop
  endfacet
  facet normal  4.714162e-001  8.819108e-001  0.000000e+000
    outer loop
      vertex -1.311732e+001 -6.707612e+001  0.000000e+000
      vertex -1.311732e+001 -6.707612e+001  2.100000e+001
      vertex -1.294443e+001 -6.716853e+001  0.000000e+000
    endloop
  endfacet
  facet normal  4.714162e-001  8.819108e-001  -0.000000e+000
    outer loop
      vertex -1.294443e+001 -6.716853e+001  0.000000e+000
      vertex -1.311732e+001 -6.707612e+001  2.100000e+001
      vertex -1.294443e+001 -6.716853e+001  2.100000e+001
    endloop
  endfacet
  facet normal  6.343834e-001  7.730186e-001  0.000000e+000
    outer loop
      vertex -1.294443e+001 -6.716853e+001  0.000000e+000
      vertex -1.294443e+001 -6.716853e+001  2.100000e+001
      vertex -1.279289e+001 -6.729289e+001  0.000000e+000
    endloop
  endfacet
  facet normal  6.343834e-001  7.730186e-001  -0.000000e+000
    outer loop
      vertex -1.279289e+001 -6.729289e+001  0.000000e+000
      vertex -1.294443e+001 -6.716853e+001  2.100000e+001
      vertex -1.279289e+001 -6.729289e+001  2.100000e+001
    endloop
  endfacet
  facet normal  7.730071e-001  6.343974e-001  0.000000e+000
    outer loop
      vertex -1.279289e+001 -6.729289e+001  0.000000e+000
      vertex -1.279289e+001 -6.729289e+001  2.100000e+001
      vertex -1.266853e+001 -6.744443e+001  0.000000e+000
    endloop
  endfacet
  facet normal  7.730071e-001  6.343974e-001  -0.000000e+000
    outer loop
      vertex -1.266853e+001 -6.744443e+001  0.000000e+000
      vertex -1.279289e+001 -6.729289e+001  2.100000e+001
      vertex -1.266853e+001 -6.744443e+001  2.100000e+001
    endloop
  endfacet
  facet normal  8.819242e-001  4.713912e-001  0.000000e+000
    outer loop
      vertex -1.266853e+001 -6.744443e+001  0.000000e+000
      vertex -1.266853e+001 -6.744443e+001  2.100000e+001
      vertex -1.257612e+001 -6.761732e+001  0.000000e+000
    endloop
  endfacet
  facet normal  8.819242e-001  4.713912e-001  -0.000000e+000
    outer loop
      vertex -1.257612e+001 -6.761732e+001  0.000000e+000
      vertex -1.266853e+001 -6.744443e+001  2.100000e+001
      vertex -1.257612e+001 -6.761732e+001  2.100000e+001
    endloop
  endfacet
  facet normal  9.569396e-001  2.902869e-001  0.000000e+000
    outer loop
      vertex -1.257612e+001 -6.761732e+001  0.000000e+000
      vertex -1.257612e+001 -6.761732e+001  2.100000e+001
      vertex -1.251921e+001 -6.780491e+001  0.000000e+000
    endloop
  endfacet
  facet normal  9.569396e-001  2.902869e-001  -0.000000e+000
    outer loop
      vertex -1.251921e+001 -6.780491e+001  0.000000e+000
      vertex -1.257612e+001 -6.761732e+001  2.100000e+001
      vertex -1.251921e+001 -6.780491e+001  2.100000e+001
    endloop
  endfacet
  facet normal  9.951848e-001  9.801622e-002  0.000000e+000
    outer loop
      vertex -1.251921e+001 -6.780491e+001  0.000000e+000
      vertex -1.251921e+001 -6.780491e+001  2.100000e+001
      vertex -1.250000e+001 -6.800000e+001  0.000000e+000
    endloop
  endfacet
  facet normal  9.951848e-001  9.801622e-002  -0.000000e+000
    outer loop
      vertex -1.250000e+001 -6.800000e+001  0.000000e+000
      vertex -1.251921e+001 -6.780491e+001  2.100000e+001
      vertex -1.250000e+001 -6.800000e+001  2.100000e+001
    endloop
  endfacet
  facet normal  1.000000e+000  -0.000000e+000  0.000000e+000
    outer loop
      vertex -1.250000e+001 -6.800000e+001  2.100000e+001
      vertex -1.250000e+001 -7.100000e+001  2.100000e+001
      vertex -1.250000e+001 -6.800000e+001  0.000000e+000
    endloop
  endfacet
  facet normal  1.000000e+000  0.000000e+000  0.000000e+000
    outer loop
      vertex -1.250000e+001 -6.800000e+001  0.000000e+000
      vertex -1.250000e+001 -7.100000e+001  2.100000e+001
      vertex -1.250000e+001 -7.100000e+001  0.000000e+000
    endloop
  endfacet
  facet normal  9.951848e-001 -9.801622e-002  0.000000e+000
    outer loop
      vertex -1.250000e+001 -7.100000e+001  0.000000e+000
      vertex -1.250000e+001 -7.100000e+001  2.100000e+001
      vertex -1.251921e+001 -7.119509e+001  0.000000e+000
    endloop
  endfacet
  facet normal  9.951848e-001 -9.801622e-002  0.000000e+000
    outer loop
      vertex -1.251921e+001 -7.119509e+001  0.000000e+000
      vertex -1.250000e+001 -7.100000e+001  2.100000e+001
      vertex -1.251921e+001 -7.119509e+001  2.100000e+001
    endloop
  endfacet
  facet normal  9.569396e-001 -2.902869e-001  0.000000e+000
    outer loop
      vertex -1.251921e+001 -7.119509e+001  0.000000e+000
      vertex -1.251921e+001 -7.119509e+001  2.100000e+001
      vertex -1.257612e+001 -7.138268e+001  0.000000e+000
    endloop
  endfacet
  facet normal  9.569396e-001 -2.902869e-001  0.000000e+000
    outer loop
      vertex -1.257612e+001 -7.138268e+001  0.000000e+000
      vertex -1.251921e+001 -7.119509e+001  2.100000e+001
      vertex -1.257612e+001 -7.138268e+001  2.100000e+001
    endloop
  endfacet
  facet normal  8.819242e-001 -4.713912e-001  0.000000e+000
    outer loop
      vertex -1.257612e+001 -7.138268e+001  0.000000e+000
      vertex -1.257612e+001 -7.138268e+001  2.100000e+001
      vertex -1.266853e+001 -7.155557e+001  0.000000e+000
    endloop
  endfacet
  facet normal  8.819242e-001 -4.713912e-001  0.000000e+000
    outer loop
      vertex -1.266853e+001 -7.155557e+001  0.000000e+000
      vertex -1.257612e+001 -7.138268e+001  2.100000e+001
      vertex -1.266853e+001 -7.155557e+001  2.100000e+001
    endloop
  endfacet
  facet normal  7.730071e-001 -6.343974e-001  0.000000e+000
    outer loop
      vertex -1.266853e+001 -7.155557e+001  0.000000e+000
      vertex -1.266853e+001 -7.155557e+001  2.100000e+001
      vertex -1.279289e+001 -7.170711e+001  0.000000e+000
    endloop
  endfacet
  facet normal  7.730071e-001 -6.343974e-001  0.000000e+000
    outer loop
      vertex -1.279289e+001 -7.170711e+001  0.000000e+000
      vertex -1.266853e+001 -7.155557e+001  2.100000e+001
      vertex -1.279289e+001 -7.170711e+001  2.100000e+001
    endloop
  endfacet
  facet normal  6.343834e-001 -7.730186e-001  0.000000e+000
    outer loop
      vertex -1.279289e+001 -7.170711e+001  0.000000e+000
      vertex -1.279289e+001 -7.170711e+001  2.100000e+001
      vertex -1.294443e+001 -7.183147e+001  0.000000e+000
    endloop
  endfacet
  facet normal  6.343834e-001 -7.730186e-001  0.000000e+000
    outer loop
      vertex -1.294443e+001 -7.183147e+001  0.000000e+000
      vertex -1.279289e+001 -7.170711e+001  2.100000e+001
      vertex -1.294443e+001 -7.183147e+001  2.100000e+001
    endloop
  endfacet
  facet normal  4.714162e-001 -8.819108e-001  0.000000e+000
    outer loop
      vertex -1.294443e+001 -7.183147e+001  0.000000e+000
      vertex -1.294443e+001 -7.183147e+001  2.100000e+001
      vertex -1.311732e+001 -7.192388e+001  0.000000e+000
    endloop
  endfacet
  facet normal  4.714162e-001 -8.819108e-001  0.000000e+000
    outer loop
      vertex -1.311732e+001 -7.192388e+001  0.000000e+000
      vertex -1.294443e+001 -7.183147e+001  2.100000e+001
      vertex -1.311732e+001 -7.192388e+001  2.100000e+001
    endloop
  endfacet
  facet normal  2.902575e-001 -9.569486e-001  0.000000e+000
    outer loop
      vertex -1.311732e+001 -7.192388e+001  0.000000e+000
      vertex -1.311732e+001 -7.192388e+001  2.100000e+001
      vertex -1.330491e+001 -7.198078e+001  0.000000e+000
    endloop
  endfacet
  facet normal  2.902575e-001 -9.569486e-001  0.000000e+000
    outer loop
      vertex -1.330491e+001 -7.198078e+001  0.000000e+000
      vertex -1.311732e+001 -7.192388e+001  2.100000e+001
      vertex -1.330491e+001 -7.198078e+001  2.100000e+001
    endloop
  endfacet
  facet normal  9.803598e-002 -9.951829e-001  0.000000e+000
    outer loop
      vertex -1.330491e+001 -7.198078e+001  0.000000e+000
      vertex -1.330491e+001 -7.198078e+001  2.100000e+001
      vertex -1.350000e+001 -7.200000e+001  0.000000e+000
    endloop
  endfacet
  facet normal  9.803598e-002 -9.951829e-001  0.000000e+000
    outer loop
      vertex -1.350000e+001 -7.200000e+001  0.000000e+000
      vertex -1.330491e+001 -7.198078e+001  2.100000e+001
      vertex -1.350000e+001 -7.200000e+001  2.100000e+001
    endloop
  endfacet
  facet normal  0.000000e+000 -1.000000e+000  0.000000e+000
    outer loop
      vertex -1.350000e+001 -7.200000e+001  2.100000e+001
      vertex -3.950000e+001 -7.200000e+001  2.100000e+001
      vertex -1.350000e+001 -7.200000e+001  0.000000e+000
    endloop
  endfacet
  facet normal  0.000000e+000 -1.000000e+000  0.000000e+000
    outer loop
      vertex -1.350000e+001 -7.200000e+001  0.000000e+000
      vertex -3.950000e+001 -7.200000e+001  2.100000e+001
      vertex -3.950000e+001 -7.200000e+001  0.000000e+000
    endloop
  endfacet
  facet normal -7.845686e-002 -9.969175e-001  -0.000000e+000
    outer loop
      vertex -3.950000e+001 -7.200000e+001  0.000000e+000
      vertex -3.950000e+001 -7.200000e+001  2.100000e+001
      vertex -3.996930e+001 -7.196307e+001  0.000000e+000
    endloop
  endfacet
  facet normal -7.845686e-002 -9.969175e-001  0.000000e+000
    outer loop
      vertex -3.996930e+001 -7.196307e+001  0.000000e+000
      vertex -3.950000e+001 -7.200000e+001  2.100000e+001
      vertex -3.996930e+001 -7.196307e+001  2.100000e+001
    endloop
  endfacet
  facet normal -2.334416e-001 -9.723708e-001  -0.000000e+000
    outer loop
      vertex -3.996930e+001 -7.196307e+001  0.000000e+000
      vertex -3.996930e+001 -7.196307e+001  2.100000e+001
      vertex -4.042705e+001 -7.185317e+001  0.000000e+000
    endloop
  endfacet
  facet normal -2.334416e-001 -9.723708e-001  0.000000e+000
    outer loop
      vertex -4.042705e+001 -7.185317e+001  0.000000e+000
      vertex -3.996930e+001 -7.196307e+001  2.100000e+001
      vertex -4.042705e+001 -7.185317e+001  2.100000e+001
    endloop
  endfacet
  facet normal -3.826881e-001 -9.238775e-001  -0.000000e+000
    outer loop
      vertex -4.042705e+001 -7.185317e+001  0.000000e+000
      vertex -4.042705e+001 -7.185317e+001  2.100000e+001
      vertex -4.086197e+001 -7.167302e+001  0.000000e+000
    endloop
  endfacet
  facet normal -3.826881e-001 -9.238775e-001  0.000000e+000
    outer loop
      vertex -4.086197e+001 -7.167302e+001  0.000000e+000
      vertex -4.042705e+001 -7.185317e+001  2.100000e+001
      vertex -4.086197e+001 -7.167302e+001  2.100000e+001
    endloop
  endfacet
  facet normal -5.225050e-001 -8.526362e-001  -0.000000e+000
    outer loop
      vertex -4.086197e+001 -7.167302e+001  0.000000e+000
      vertex -4.086197e+001 -7.167302e+001  2.100000e+001
      vertex -4.126336e+001 -7.142705e+001  0.000000e+000
    endloop
  endfacet
  facet normal -5.225050e-001 -8.526362e-001  0.000000e+000
    outer loop
      vertex -4.126336e+001 -7.142705e+001  0.000000e+000
      vertex -4.086197e+001 -7.167302e+001  2.100000e+001
      vertex -4.126336e+001 -7.142705e+001  2.100000e+001
    endloop
  endfacet
  facet normal -6.494424e-001 -7.604109e-001  -0.000000e+000
    outer loop
      vertex -4.126336e+001 -7.142705e+001  0.000000e+000
      vertex -4.126336e+001 -7.142705e+001  2.100000e+001
      vertex -4.162132e+001 -7.112132e+001  0.000000e+000
    endloop
  endfacet
  facet normal -6.494424e-001 -7.604109e-001  0.000000e+000
    outer loop
      vertex -4.162132e+001 -7.112132e+001  0.000000e+000
      vertex -4.126336e+001 -7.142705e+001  2.100000e+001
      vertex -4.162132e+001 -7.112132e+001  2.100000e+001
    endloop
  endfacet
  facet normal -7.604029e-001 -6.494517e-001  -0.000000e+000
    outer loop
      vertex -4.162132e+001 -7.112132e+001  0.000000e+000
      vertex -4.162132e+001 -7.112132e+001  2.100000e+001
      vertex -4.192705e+001 -7.076336e+001  0.000000e+000
    endloop
  endfacet
  facet normal -7.604029e-001 -6.494517e-001  0.000000e+000
    outer loop
      vertex -4.192705e+001 -7.076336e+001  0.000000e+000
      vertex -4.162132e+001 -7.112132e+001  2.100000e+001
      vertex -4.192705e+001 -7.076336e+001  2.100000e+001
    endloop
  endfacet
  facet normal -8.526442e-001 -5.224919e-001  -0.000000e+000
    outer loop
      vertex -4.192705e+001 -7.076336e+001  0.000000e+000
      vertex -4.192705e+001 -7.076336e+001  2.100000e+001
      vertex -4.217302e+001 -7.036197e+001  0.000000e+000
    endloop
  endfacet
  facet normal -8.526442e-001 -5.224919e-001  0.000000e+000
    outer loop
      vertex -4.217302e+001 -7.036197e+001  0.000000e+000
      vertex -4.192705e+001 -7.076336e+001  2.100000e+001
      vertex -4.217302e+001 -7.036197e+001  2.100000e+001
    endloop
  endfacet
  facet normal -9.238804e-001 -3.826812e-001  -0.000000e+000
    outer loop
      vertex -4.217302e+001 -7.036197e+001  0.000000e+000
      vertex -4.217302e+001 -7.036197e+001  2.100000e+001
      vertex -4.235317e+001 -6.992705e+001  0.000000e+000
    endloop
  endfacet
  facet normal -9.238804e-001 -3.826812e-001  0.000000e+000
    outer loop
      vertex -4.235317e+001 -6.992705e+001  0.000000e+000
      vertex -4.217302e+001 -7.036197e+001  2.100000e+001
      vertex -4.235317e+001 -6.992705e+001  2.100000e+001
    endloop
  endfacet
  facet normal -9.723682e-001 -2.334530e-001  -0.000000e+000
    outer loop
      vertex -4.235317e+001 -6.992705e+001  0.000000e+000
      vertex -4.235317e+001 -6.992705e+001  2.100000e+001
      vertex -4.246307e+001 -6.946931e+001  0.000000e+000
    endloop
  endfacet
  facet normal -9.723682e-001 -2.334530e-001  0.000000e+000
    outer loop
      vertex -4.246307e+001 -6.946931e+001  0.000000e+000
      vertex -4.235317e+001 -6.992705e+001  2.100000e+001
      vertex -4.246307e+001 -6.946931e+001  2.100000e+001
    endloop
  endfacet
  facet normal -9.969175e-001 -7.845622e-002  -0.000000e+000
    outer loop
      vertex -4.246307e+001 -6.946931e+001  0.000000e+000
      vertex -4.246307e+001 -6.946931e+001  2.100000e+001
      vertex -4.250000e+001 -6.900000e+001  0.000000e+000
    endloop
  endfacet
  facet normal -9.969175e-001 -7.845622e-002  0.000000e+000
    outer loop
      vertex -4.250000e+001 -6.900000e+001  0.000000e+000
      vertex -4.246307e+001 -6.946931e+001  2.100000e+001
      vertex -4.250000e+001 -6.900000e+001  2.100000e+001
    endloop
  endfacet
  facet normal -1.000000e+000  -0.000000e+000  0.000000e+000
    outer loop
      vertex -4.250000e+001 -6.900000e+001  2.100000e+001
      vertex -4.250000e+001 -3.800000e+001  2.100000e+001
      vertex -4.250000e+001 -6.900000e+001  0.000000e+000
    endloop
  endfacet
  facet normal -1.000000e+000  0.000000e+000  0.000000e+000
    outer loop
      vertex -4.250000e+001 -6.900000e+001  0.000000e+000
      vertex -4.250000e+001 -3.800000e+001  2.100000e+001
      vertex -4.250000e+001 -3.800000e+001  0.000000e+000
    endloop
  endfacet
  facet normal -9.951848e-001  9.801622e-002  0.000000e+000
    outer loop
      vertex -4.250000e+001 -3.800000e+001  0.000000e+000
      vertex -4.250000e+001 -3.800000e+001  2.100000e+001
      vertex -4.248079e+001 -3.780491e+001  0.000000e+000
    endloop
  endfacet
  facet normal -9.951848e-001  9.801622e-002  0.000000e+000
    outer loop
      vertex -4.248079e+001 -3.780491e+001  0.000000e+000
      vertex -4.250000e+001 -3.800000e+001  2.100000e+001
      vertex -4.248079e+001 -3.780491e+001  2.100000e+001
    endloop
  endfacet
  facet normal -9.569370e-001  2.902958e-001  0.000000e+000
    outer loop
      vertex -4.248079e+001 -3.780491e+001  0.000000e+000
      vertex -4.248079e+001 -3.780491e+001  2.100000e+001
      vertex -4.242388e+001 -3.761732e+001  0.000000e+000
    endloop
  endfacet
  facet normal -9.569370e-001  2.902958e-001  0.000000e+000
    outer loop
      vertex -4.242388e+001 -3.761732e+001  0.000000e+000
      vertex -4.248079e+001 -3.780491e+001  2.100000e+001
      vertex -4.242388e+001 -3.761732e+001  2.100000e+001
    endloop
  endfacet
  facet normal -8.819260e-001  4.713880e-001  0.000000e+000
    outer loop
      vertex -4.242388e+001 -3.761732e+001  0.000000e+000
      vertex -4.242388e+001 -3.761732e+001  2.100000e+001
      vertex -4.233147e+001 -3.744443e+001  0.000000e+000
    endloop
  endfacet
  facet normal -8.819260e-001  4.713880e-001  0.000000e+000
    outer loop
      vertex -4.233147e+001 -3.744443e+001  0.000000e+000
      vertex -4.242388e+001 -3.761732e+001  2.100000e+001
      vertex -4.233147e+001 -3.744443e+001  2.100000e+001
    endloop
  endfacet
  facet normal -7.730148e-001  6.343879e-001  0.000000e+000
    outer loop
      vertex -4.233147e+001 -3.744443e+001  0.000000e+000
      vertex -4.233147e+001 -3.744443e+001  2.100000e+001
      vertex -4.220711e+001 -3.729289e+001  0.000000e+000
    endloop
  endfacet
  facet normal -7.730148e-001  6.343879e-001  0.000000e+000
    outer loop
      vertex -4.220711e+001 -3.729289e+001  0.000000e+000
      vertex -4.233147e+001 -3.744443e+001  2.100000e+001
      vertex -4.220711e+001 -3.729289e+001  2.100000e+001
    endloop
  endfacet
  facet normal -6.343879e-001  7.730148e-001  0.000000e+000
    outer loop
      vertex -4.220711e+001 -3.729289e+001  0.000000e+000
      vertex -4.220711e+001 -3.729289e+001  2.100000e+001
      vertex -4.205557e+001 -3.716853e+001  0.000000e+000
    endloop
  endfacet
  facet normal -6.343879e-001  7.730148e-001  0.000000e+000
    outer loop
      vertex -4.205557e+001 -3.716853e+001  0.000000e+000
      vertex -4.220711e+001 -3.729289e+001  2.100000e+001
      vertex -4.205557e+001 -3.716853e+001  2.100000e+001
    endloop
  endfacet
  facet normal -4.713880e-001  8.819260e-001  0.000000e+000
    outer loop
      vertex -4.205557e+001 -3.716853e+001  0.000000e+000
      vertex -4.205557e+001 -3.716853e+001  2.100000e+001
      vertex -4.188268e+001 -3.707612e+001  0.000000e+000
    endloop
  endfacet
  facet normal -4.713880e-001  8.819260e-001  0.000000e+000
    outer loop
      vertex -4.188268e+001 -3.707612e+001  0.000000e+000
      vertex -4.205557e+001 -3.716853e+001  2.100000e+001
      vertex -4.188268e+001 -3.707612e+001  2.100000e+001
    endloop
  endfacet
  facet normal -2.902958e-001  9.569370e-001  0.000000e+000
    outer loop
      vertex -4.188268e+001 -3.707612e+001  0.000000e+000
      vertex -4.188268e+001 -3.707612e+001  2.100000e+001
      vertex -4.169509e+001 -3.701921e+001  0.000000e+000
    endloop
  endfacet
  facet normal -2.902958e-001  9.569370e-001  0.000000e+000
    outer loop
      vertex -4.169509e+001 -3.701921e+001  0.000000e+000
      vertex -4.188268e+001 -3.707612e+001  2.100000e+001
      vertex -4.169509e+001 -3.701921e+001  2.100000e+001
    endloop
  endfacet
  facet normal -9.801622e-002  9.951848e-001  0.000000e+000
    outer loop
      vertex -4.169509e+001 -3.701921e+001  0.000000e+000
      vertex -4.169509e+001 -3.701921e+001  2.100000e+001
      vertex -4.150000e+001 -3.700000e+001  0.000000e+000
    endloop
  endfacet
  facet normal -9.801622e-002  9.951848e-001  0.000000e+000
    outer loop
      vertex -4.150000e+001 -3.700000e+001  0.000000e+000
      vertex -4.169509e+001 -3.701921e+001  2.100000e+001
      vertex -4.150000e+001 -3.700000e+001  2.100000e+001
    endloop
  endfacet
  facet normal  0.000000e+000  1.000000e+000  0.000000e+000
    outer loop
      vertex -4.150000e+001 -3.700000e+001  2.100000e+001
      vertex -3.850000e+001 -3.700000e+001  2.100000e+001
      vertex -4.150000e+001 -3.700000e+001  0.000000e+000
    endloop
  endfacet
  facet normal  0.000000e+000  1.000000e+000  0.000000e+000
    outer loop
      vertex -4.150000e+001 -3.700000e+001  0.000000e+000
      vertex -3.850000e+001 -3.700000e+001  2.100000e+001
      vertex -3.850000e+001 -3.700000e+001  0.000000e+000
    endloop
  endfacet
  facet normal  9.801622e-002  9.951848e-001  0.000000e+000
    outer loop
      vertex -3.850000e+001 -3.700000e+001  0.000000e+000
      vertex -3.850000e+001 -3.700000e+001  2.100000e+001
      vertex -3.830491e+001 -3.701921e+001  0.000000e+000
    endloop
  endfacet
  facet normal  9.801622e-002  9.951848e-001  -0.000000e+000
    outer loop
      vertex -3.830491e+001 -3.701921e+001  0.000000e+000
      vertex -3.850000e+001 -3.700000e+001  2.100000e+001
      vertex -3.830491e+001 -3.701921e+001  2.100000e+001
    endloop
  endfacet
  facet normal  2.902958e-001  9.569370e-001  0.000000e+000
    outer loop
      vertex -3.830491e+001 -3.701921e+001  0.000000e+000
      vertex -3.830491e+001 -3.701921e+001  2.100000e+001
      vertex -3.811732e+001 -3.707612e+001  0.000000e+000
    endloop
  endfacet
  facet normal  2.902958e-001  9.569370e-001  -0.000000e+000
    outer loop
      vertex -3.811732e+001 -3.707612e+001  0.000000e+000
      vertex -3.830491e+001 -3.701921e+001  2.100000e+001
      vertex -3.811732e+001 -3.707612e+001  2.100000e+001
    endloop
  endfacet
  facet normal  4.713880e-001  8.819260e-001  0.000000e+000
    outer loop
      vertex -3.811732e+001 -3.707612e+001  0.000000e+000
      vertex -3.811732e+001 -3.707612e+001  2.100000e+001
      vertex -3.794443e+001 -3.716853e+001  0.000000e+000
    endloop
  endfacet
  facet normal  4.713880e-001  8.819260e-001  -0.000000e+000
    outer loop
      vertex -3.794443e+001 -3.716853e+001  0.000000e+000
      vertex -3.811732e+001 -3.707612e+001  2.100000e+001
      vertex -3.794443e+001 -3.716853e+001  2.100000e+001
    endloop
  endfacet
  facet normal  6.343879e-001  7.730148e-001  0.000000e+000
    outer loop
      vertex -3.794443e+001 -3.716853e+001  0.000000e+000
      vertex -3.794443e+001 -3.716853e+001  2.100000e+001
      vertex -3.779289e+001 -3.729289e+001  0.000000e+000
    endloop
  endfacet
  facet normal  6.343879e-001  7.730148e-001  -0.000000e+000
    outer loop
      vertex -3.779289e+001 -3.729289e+001  0.000000e+000
      vertex -3.794443e+001 -3.716853e+001  2.100000e+001
      vertex -3.779289e+001 -3.729289e+001  2.100000e+001
    endloop
  endfacet
  facet normal  7.730148e-001  6.343879e-001  0.000000e+000
    outer loop
      vertex -3.779289e+001 -3.729289e+001  0.000000e+000
      vertex -3.779289e+001 -3.729289e+001  2.100000e+001
      vertex -3.766853e+001 -3.744443e+001  0.000000e+000
    endloop
  endfacet
  facet normal  7.730148e-001  6.343879e-001  -0.000000e+000
    outer loop
      vertex -3.766853e+001 -3.744443e+001  0.000000e+000
      vertex -3.779289e+001 -3.729289e+001  2.100000e+001
      vertex -3.766853e+001 -3.744443e+001  2.100000e+001
    endloop
  endfacet
  facet normal  8.819260e-001  4.713880e-001  0.000000e+000
    outer loop
      vertex -3.766853e+001 -3.744443e+001  0.000000e+000
      vertex -3.766853e+001 -3.744443e+001  2.100000e+001
      vertex -3.757612e+001 -3.761732e+001  0.000000e+000
    endloop
  endfacet
  facet normal  8.819260e-001  4.713880e-001  -0.000000e+000
    outer loop
      vertex -3.757612e+001 -3.761732e+001  0.000000e+000
      vertex -3.766853e+001 -3.744443e+001  2.100000e+001
      vertex -3.757612e+001 -3.761732e+001  2.100000e+001
    endloop
  endfacet
  facet normal  9.569370e-001  2.902958e-001  0.000000e+000
    outer loop
      vertex -3.757612e+001 -3.761732e+001  0.000000e+000
      vertex -3.757612e+001 -3.761732e+001  2.100000e+001
      vertex -3.751921e+001 -3.780491e+001  0.000000e+000
    endloop
  endfacet
  facet normal  9.569370e-001  2.902958e-001  -0.000000e+000
    outer loop
      vertex -3.751921e+001 -3.780491e+001  0.000000e+000
      vertex -3.757612e+001 -3.761732e+001  2.100000e+001
      vertex -3.751921e+001 -3.780491e+001  2.100000e+001
    endloop
  endfacet
  facet normal  9.951848e-001  9.801622e-002  0.000000e+000
    outer loop
      vertex -3.751921e+001 -3.780491e+001  0.000000e+000
      vertex -3.751921e+001 -3.780491e+001  2.100000e+001
      vertex -3.750000e+001 -3.800000e+001  0.000000e+000
    endloop
  endfacet
  facet normal  9.951848e-001  9.801622e-002  -0.000000e+000
    outer loop
      vertex -3.750000e+001 -3.800000e+001  0.000000e+000
      vertex -3.751921e+001 -3.780491e+001  2.100000e+001
      vertex -3.750000e+001 -3.800000e+001  2.100000e+001
    endloop
  endfacet
  facet normal -9.951848e-001  9.801622e-002  0.000000e+000
    outer loop
      vertex  3.750000e+001 -3.800000e+001  0.000000e+000
      vertex  3.750000e+001 -3.800000e+001  2.100000e+001
      vertex  3.751921e+001 -3.780491e+001  0.000000e+000
    endloop
  endfacet
  facet normal -9.951848e-001  9.801622e-002  0.000000e+000
    outer loop
      vertex  3.751921e+001 -3.780491e+001  0.000000e+000
      vertex  3.750000e+001 -3.800000e+001  2.100000e+001
      vertex  3.751921e+001 -3.780491e+001  2.100000e+001
    endloop
  endfacet
  facet normal -9.569370e-001  2.902958e-001  0.000000e+000
    outer loop
      vertex  3.751921e+001 -3.780491e+001  0.000000e+000
      vertex  3.751921e+001 -3.780491e+001  2.100000e+001
      vertex  3.757612e+001 -3.761732e+001  0.000000e+000
    endloop
  endfacet
  facet normal -9.569370e-001  2.902958e-001  0.000000e+000
    outer loop
      vertex  3.757612e+001 -3.761732e+001  0.000000e+000
      vertex  3.751921e+001 -3.780491e+001  2.100000e+001
      vertex  3.757612e+001 -3.761732e+001  2.100000e+001
    endloop
  endfacet
  facet normal -8.819260e-001  4.713880e-001  0.000000e+000
    outer loop
      vertex  3.757612e+001 -3.761732e+001  0.000000e+000
      vertex  3.757612e+001 -3.761732e+001  2.100000e+001
      vertex  3.766853e+001 -3.744443e+001  0.000000e+000
    endloop
  endfacet
  facet normal -8.819260e-001  4.713880e-001  0.000000e+000
    outer loop
      vertex  3.766853e+001 -3.744443e+001  0.000000e+000
      vertex  3.757612e+001 -3.761732e+001  2.100000e+001
      vertex  3.766853e+001 -3.744443e+001  2.100000e+001
    endloop
  endfacet
  facet normal -7.730148e-001  6.343879e-001  0.000000e+000
    outer loop
      vertex  3.766853e+001 -3.744443e+001  0.000000e+000
      vertex  3.766853e+001 -3.744443e+001  2.100000e+001
      vertex  3.779289e+001 -3.729289e+001  0.000000e+000
    endloop
  endfacet
  facet normal -7.730148e-001  6.343879e-001  0.000000e+000
    outer loop
      vertex  3.779289e+001 -3.729289e+001  0.000000e+000
      vertex  3.766853e+001 -3.744443e+001  2.100000e+001
      vertex  3.779289e+001 -3.729289e+001  2.100000e+001
    endloop
  endfacet
  facet normal -6.343879e-001  7.730148e-001  0.000000e+000
    outer loop
      vertex  3.779289e+001 -3.729289e+001  0.000000e+000
      vertex  3.779289e+001 -3.729289e+001  2.100000e+001
      vertex  3.794443e+001 -3.716853e+001  0.000000e+000
    endloop
  endfacet
  facet normal -6.343879e-001  7.730148e-001  0.000000e+000
    outer loop
      vertex  3.794443e+001 -3.716853e+001  0.000000e+000
      vertex  3.779289e+001 -3.729289e+001  2.100000e+001
      vertex  3.794443e+001 -3.716853e+001  2.100000e+001
    endloop
  endfacet
  facet normal -4.713880e-001  8.819260e-001  0.000000e+000
    outer loop
      vertex  3.794443e+001 -3.716853e+001  0.000000e+000
      vertex  3.794443e+001 -3.716853e+001  2.100000e+001
      vertex  3.811732e+001 -3.707612e+001  0.000000e+000
    endloop
  endfacet
  facet normal -4.713880e-001  8.819260e-001  0.000000e+000
    outer loop
      vertex  3.811732e+001 -3.707612e+001  0.000000e+000
      vertex  3.794443e+001 -3.716853e+001  2.100000e+001
      vertex  3.811732e+001 -3.707612e+001  2.100000e+001
    endloop
  endfacet
  facet normal -2.902958e-001  9.569370e-001  0.000000e+000
    outer loop
      vertex  3.811732e+001 -3.707612e+001  0.000000e+000
      vertex  3.811732e+001 -3.707612e+001  2.100000e+001
      vertex  3.830491e+001 -3.701921e+001  0.000000e+000
    endloop
  endfacet
  facet normal -2.902958e-001  9.569370e-001  0.000000e+000
    outer loop
      vertex  3.830491e+001 -3.701921e+001  0.000000e+000
      vertex  3.811732e+001 -3.707612e+001  2.100000e+001
      vertex  3.830491e+001 -3.701921e+001  2.100000e+001
    endloop
  endfacet
  facet normal -9.801622e-002  9.951848e-001  0.000000e+000
    outer loop
      vertex  3.830491e+001 -3.701921e+001  0.000000e+000
      vertex  3.830491e+001 -3.701921e+001  2.100000e+001
      vertex  3.850000e+001 -3.700000e+001  0.000000e+000
    endloop
  endfacet
  facet normal -9.801622e-002  9.951848e-001  0.000000e+000
    outer loop
      vertex  3.850000e+001 -3.700000e+001  0.000000e+000
      vertex  3.830491e+001 -3.701921e+001  2.100000e+001
      vertex  3.850000e+001 -3.700000e+001  2.100000e+001
    endloop
  endfacet
  facet normal  0.000000e+000  1.000000e+000  0.000000e+000
    outer loop
      vertex  3.850000e+001 -3.700000e+001  2.100000e+001
      vertex  4.150000e+001 -3.700000e+001  2.100000e+001
      vertex  3.850000e+001 -3.700000e+001  0.000000e+000
    endloop
  endfacet
  facet normal  0.000000e+000  1.000000e+000  0.000000e+000
    outer loop
      vertex  3.850000e+001 -3.700000e+001  0.000000e+000
      vertex  4.150000e+001 -3.700000e+001  2.100000e+001
      vertex  4.150000e+001 -3.700000e+001  0.000000e+000
    endloop
  endfacet
  facet normal  9.801622e-002  9.951848e-001  0.000000e+000
    outer loop
      vertex  4.150000e+001 -3.700000e+001  0.000000e+000
      vertex  4.150000e+001 -3.700000e+001  2.100000e+001
      vertex  4.169509e+001 -3.701921e+001  0.000000e+000
    endloop
  endfacet
  facet normal  9.801622e-002  9.951848e-001  -0.000000e+000
    outer loop
      vertex  4.169509e+001 -3.701921e+001  0.000000e+000
      vertex  4.150000e+001 -3.700000e+001  2.100000e+001
      vertex  4.169509e+001 -3.701921e+001  2.100000e+001
    endloop
  endfacet
  facet normal  2.902958e-001  9.569370e-001  0.000000e+000
    outer loop
      vertex  4.169509e+001 -3.701921e+001  0.000000e+000
      vertex  4.169509e+001 -3.701921e+001  2.100000e+001
      vertex  4.188268e+001 -3.707612e+001  0.000000e+000
    endloop
  endfacet
  facet normal  2.902958e-001  9.569370e-001  -0.000000e+000
    outer loop
      vertex  4.188268e+001 -3.707612e+001  0.000000e+000
      vertex  4.169509e+001 -3.701921e+001  2.100000e+001
      vertex  4.188268e+001 -3.707612e+001  2.100000e+001
    endloop
  endfacet
  facet normal  4.713880e-001  8.819260e-001  0.000000e+000
    outer loop
      vertex  4.188268e+001 -3.707612e+001  0.000000e+000
      vertex  4.188268e+001 -3.707612e+001  2.100000e+001
      vertex  4.205557e+001 -3.716853e+001  0.000000e+000
    endloop
  endfacet
  facet normal  4.713880e-001  8.819260e-001  -0.000000e+000
    outer loop
      vertex  4.205557e+001 -3.716853e+001  0.000000e+000
      vertex  4.188268e+001 -3.707612e+001  2.100000e+001
      vertex  4.205557e+001 -3.716853e+001  2.100000e+001
    endloop
  endfacet
  facet normal  6.343879e-001  7.730148e-001  0.000000e+000
    outer loop
      vertex  4.205557e+001 -3.716853e+001  0.000000e+000
      vertex  4.205557e+001 -3.716853e+001  2.100000e+001
      vertex  4.220711e+001 -3.729289e+001  0.000000e+000
    endloop
  endfacet
  facet normal  6.343879e-001  7.730148e-001  -0.000000e+000
    outer loop
      vertex  4.220711e+001 -3.729289e+001  0.000000e+000
      vertex  4.205557e+001 -3.716853e+001  2.100000e+001
      vertex  4.220711e+001 -3.729289e+001  2.100000e+001
    endloop
  endfacet
  facet normal  7.730148e-001  6.343879e-001  0.000000e+000
    outer loop
      vertex  4.220711e+001 -3.729289e+001  0.000000e+000
      vertex  4.220711e+001 -3.729289e+001  2.100000e+001
      vertex  4.233147e+001 -3.744443e+001  0.000000e+000
    endloop
  endfacet
  facet normal  7.730148e-001  6.343879e-001  -0.000000e+000
    outer loop
      vertex  4.233147e+001 -3.744443e+001  0.000000e+000
      vertex  4.220711e+001 -3.729289e+001  2.100000e+001
      vertex  4.233147e+001 -3.744443e+001  2.100000e+001
    endloop
  endfacet
  facet normal  8.819260e-001  4.713880e-001  0.000000e+000
    outer loop
      vertex  4.233147e+001 -3.744443e+001  0.000000e+000
      vertex  4.233147e+001 -3.744443e+001  2.100000e+001
      vertex  4.242388e+001 -3.761732e+001  0.000000e+000
    endloop
  endfacet
  facet normal  8.819260e-001  4.713880e-001  -0.000000e+000
    outer loop
      vertex  4.242388e+001 -3.761732e+001  0.000000e+000
      vertex  4.233147e+001 -3.744443e+001  2.100000e+001
      vertex  4.242388e+001 -3.761732e+001  2.100000e+001
    endloop
  endfacet
  facet normal  9.569370e-001  2.902958e-001  0.000000e+000
    outer loop
      vertex  4.242388e+001 -3.761732e+001  0.000000e+000
      vertex  4.242388e+001 -3.761732e+001  2.100000e+001
      vertex  4.248079e+001 -3.780491e+001  0.000000e+000
    endloop
  endfacet
  facet normal  9.569370e-001  2.902958e-001  -0.000000e+000
    outer loop
      vertex  4.248079e+001 -3.780491e+001  0.000000e+000
      vertex  4.242388e+001 -3.761732e+001  2.100000e+001
      vertex  4.248079e+001 -3.780491e+001  2.100000e+001
    endloop
  endfacet
  facet normal  9.951848e-001  9.801622e-002  0.000000e+000
    outer loop
      vertex  4.248079e+001 -3.780491e+001  0.000000e+000
      vertex  4.248079e+001 -3.780491e+001  2.100000e+001
      vertex  4.250000e+001 -3.800000e+001  0.000000e+000
    endloop
  endfacet
  facet normal  9.951848e-001  9.801622e-002  -0.000000e+000
    outer loop
      vertex  4.250000e+001 -3.800000e+001  0.000000e+000
      vertex  4.248079e+001 -3.780491e+001  2.100000e+001
      vertex  4.250000e+001 -3.800000e+001  2.100000e+001
    endloop
  endfacet
  facet normal  1.000000e+000  0.000000e+000  0.000000e+000
    outer loop
      vertex  4.250000e+001 -6.900000e+001  2.100000e+001
      vertex  4.250000e+001 -6.900000e+001  0.000000e+000
      vertex  4.250000e+001 -3.800000e+001  2.100000e+001
    endloop
  endfacet
  facet normal  1.000000e+000  0.000000e+000  0.000000e+000
    outer loop
      vertex  4.250000e+001 -3.800000e+001  2.100000e+001
      vertex  4.250000e+001 -6.900000e+001  0.000000e+000
      vertex  4.250000e+001 -3.800000e+001  0.000000e+000
    endloop
  endfacet
  facet normal  9.969175e-001 -7.845622e-002  0.000000e+000
    outer loop
      vertex  4.250000e+001 -6.900000e+001  0.000000e+000
      vertex  4.250000e+001 -6.900000e+001  2.100000e+001
      vertex  4.246307e+001 -6.946931e+001  0.000000e+000
    endloop
  endfacet
  facet normal  9.969175e-001 -7.845622e-002  0.000000e+000
    outer loop
      vertex  4.246307e+001 -6.946931e+001  0.000000e+000
      vertex  4.250000e+001 -6.900000e+001  2.100000e+001
      vertex  4.246307e+001 -6.946931e+001  2.100000e+001
    endloop
  endfacet
  facet normal  9.723682e-001 -2.334530e-001  0.000000e+000
    outer loop
      vertex  4.246307e+001 -6.946931e+001  0.000000e+000
      vertex  4.246307e+001 -6.946931e+001  2.100000e+001
      vertex  4.235317e+001 -6.992705e+001  0.000000e+000
    endloop
  endfacet
  facet normal  9.723682e-001 -2.334530e-001  0.000000e+000
    outer loop
      vertex  4.235317e+001 -6.992705e+001  0.000000e+000
      vertex  4.246307e+001 -6.946931e+001  2.100000e+001
      vertex  4.235317e+001 -6.992705e+001  2.100000e+001
    endloop
  endfacet
  facet normal  9.238804e-001 -3.826812e-001  0.000000e+000
    outer loop
      vertex  4.235317e+001 -6.992705e+001  0.000000e+000
      vertex  4.235317e+001 -6.992705e+001  2.100000e+001
      vertex  4.217302e+001 -7.036197e+001  0.000000e+000
    endloop
  endfacet
  facet normal  9.238804e-001 -3.826812e-001  0.000000e+000
    outer loop
      vertex  4.217302e+001 -7.036197e+001  0.000000e+000
      vertex  4.235317e+001 -6.992705e+001  2.100000e+001
      vertex  4.217302e+001 -7.036197e+001  2.100000e+001
    endloop
  endfacet
  facet normal  8.526442e-001 -5.224919e-001  0.000000e+000
    outer loop
      vertex  4.217302e+001 -7.036197e+001  0.000000e+000
      vertex  4.217302e+001 -7.036197e+001  2.100000e+001
      vertex  4.192705e+001 -7.076336e+001  0.000000e+000
    endloop
  endfacet
  facet normal  8.526442e-001 -5.224919e-001  0.000000e+000
    outer loop
      vertex  4.192705e+001 -7.076336e+001  0.000000e+000
      vertex  4.217302e+001 -7.036197e+001  2.100000e+001
      vertex  4.192705e+001 -7.076336e+001  2.100000e+001
    endloop
  endfacet
  facet normal  7.604029e-001 -6.494517e-001  0.000000e+000
    outer loop
      vertex  4.192705e+001 -7.076336e+001  0.000000e+000
      vertex  4.192705e+001 -7.076336e+001  2.100000e+001
      vertex  4.162132e+001 -7.112132e+001  0.000000e+000
    endloop
  endfacet
  facet normal  7.604029e-001 -6.494517e-001  0.000000e+000
    outer loop
      vertex  4.162132e+001 -7.112132e+001  0.000000e+000
      vertex  4.192705e+001 -7.076336e+001  2.100000e+001
      vertex  4.162132e+001 -7.112132e+001  2.100000e+001
    endloop
  endfacet
  facet normal  6.494424e-001 -7.604109e-001  0.000000e+000
    outer loop
      vertex  4.162132e+001 -7.112132e+001  0.000000e+000
      vertex  4.162132e+001 -7.112132e+001  2.100000e+001
      vertex  4.126336e+001 -7.142705e+001  0.000000e+000
    endloop
  endfacet
  facet normal  6.494424e-001 -7.604109e-001  0.000000e+000
    outer loop
      vertex  4.126336e+001 -7.142705e+001  0.000000e+000
      vertex  4.162132e+001 -7.112132e+001  2.100000e+001
      vertex  4.126336e+001 -7.142705e+001  2.100000e+001
    endloop
  endfacet
  facet normal  5.225050e-001 -8.526362e-001  0.000000e+000
    outer loop
      vertex  4.126336e+001 -7.142705e+001  0.000000e+000
      vertex  4.126336e+001 -7.142705e+001  2.100000e+001
      vertex  4.086197e+001 -7.167302e+001  0.000000e+000
    endloop
  endfacet
  facet normal  5.225050e-001 -8.526362e-001  0.000000e+000
    outer loop
      vertex  4.086197e+001 -7.167302e+001  0.000000e+000
      vertex  4.126336e+001 -7.142705e+001  2.100000e+001
      vertex  4.086197e+001 -7.167302e+001  2.100000e+001
    endloop
  endfacet
  facet normal  3.826881e-001 -9.238775e-001  0.000000e+000
    outer loop
      vertex  4.086197e+001 -7.167302e+001  0.000000e+000
      vertex  4.086197e+001 -7.167302e+001  2.100000e+001
      vertex  4.042705e+001 -7.185317e+001  0.000000e+000
    endloop
  endfacet
  facet normal  3.826881e-001 -9.238775e-001  0.000000e+000
    outer loop
      vertex  4.042705e+001 -7.185317e+001  0.000000e+000
      vertex  4.086197e+001 -7.167302e+001  2.100000e+001
      vertex  4.042705e+001 -7.185317e+001  2.100000e+001
    endloop
  endfacet
  facet normal  2.334416e-001 -9.723708e-001  0.000000e+000
    outer loop
      vertex  4.042705e+001 -7.185317e+001  0.000000e+000
      vertex  4.042705e+001 -7.185317e+001  2.100000e+001
      vertex  3.996930e+001 -7.196307e+001  0.000000e+000
    endloop
  endfacet
  facet normal  2.334416e-001 -9.723708e-001  0.000000e+000
    outer loop
      vertex  3.996930e+001 -7.196307e+001  0.000000e+000
      vertex  4.042705e+001 -7.185317e+001  2.100000e+001
      vertex  3.996930e+001 -7.196307e+001  2.100000e+001
    endloop
  endfacet
  facet normal  7.845686e-002 -9.969175e-001  0.000000e+000
    outer loop
      vertex  3.996930e+001 -7.196307e+001  0.000000e+000
      vertex  3.996930e+001 -7.196307e+001  2.100000e+001
      vertex  3.950000e+001 -7.200000e+001  0.000000e+000
    endloop
  endfacet
  facet normal  7.845686e-002 -9.969175e-001  0.000000e+000
    outer loop
      vertex  3.950000e+001 -7.200000e+001  0.000000e+000
      vertex  3.996930e+001 -7.196307e+001  2.100000e+001
      vertex  3.950000e+001 -7.200000e+001  2.100000e+001
    endloop
  endfacet
  facet normal  0.000000e+000 -1.000000e+000  0.000000e+000
    outer loop
      vertex  3.950000e+001 -7.200000e+001  2.100000e+001
      vertex  1.350000e+001 -7.200000e+001  2.100000e+001
      vertex  3.950000e+001 -7.200000e+001  0.000000e+000
    endloop
  endfacet
  facet normal  0.000000e+000 -1.000000e+000  0.000000e+000
    outer loop
      vertex  3.950000e+001 -7.200000e+001  0.000000e+000
      vertex  1.350000e+001 -7.200000e+001  2.100000e+001
      vertex  1.350000e+001 -7.200000e+001  0.000000e+000
    endloop
  endfacet
  facet normal -9.803598e-002 -9.951829e-001  -0.000000e+000
    outer loop
      vertex  1.350000e+001 -7.200000e+001  0.000000e+000
      vertex  1.350000e+001 -7.200000e+001  2.100000e+001
      vertex  1.330491e+001 -7.198078e+001  0.000000e+000
    endloop
  endfacet
  facet normal -9.803598e-002 -9.951829e-001  0.000000e+000
    outer loop
      vertex  1.330491e+001 -7.198078e+001  0.000000e+000
      vertex  1.350000e+001 -7.200000e+001  2.100000e+001
      vertex  1.330491e+001 -7.198078e+001  2.100000e+001
    endloop
  endfacet
  facet normal -2.902575e-001 -9.569486e-001  -0.000000e+000
    outer loop
      vertex  1.330491e+001 -7.198078e+001  0.000000e+000
      vertex  1.330491e+001 -7.198078e+001  2.100000e+001
      vertex  1.311732e+001 -7.192388e+001  0.000000e+000
    endloop
  endfacet
  facet normal -2.902575e-001 -9.569486e-001  0.000000e+000
    outer loop
      vertex  1.311732e+001 -7.192388e+001  0.000000e+000
      vertex  1.330491e+001 -7.198078e+001  2.100000e+001
      vertex  1.311732e+001 -7.192388e+001  2.100000e+001
    endloop
  endfacet
  facet normal -4.714162e-001 -8.819108e-001  -0.000000e+000
    outer loop
      vertex  1.311732e+001 -7.192388e+001  0.000000e+000
      vertex  1.311732e+001 -7.192388e+001  2.100000e+001
      vertex  1.294443e+001 -7.183147e+001  0.000000e+000
    endloop
  endfacet
  facet normal -4.714162e-001 -8.819108e-001  0.000000e+000
    outer loop
      vertex  1.294443e+001 -7.183147e+001  0.000000e+000
      vertex  1.311732e+001 -7.192388e+001  2.100000e+001
      vertex  1.294443e+001 -7.183147e+001  2.100000e+001
    endloop
  endfacet
  facet normal -6.343834e-001 -7.730186e-001  -0.000000e+000
    outer loop
      vertex  1.294443e+001 -7.183147e+001  0.000000e+000
      vertex  1.294443e+001 -7.183147e+001  2.100000e+001
      vertex  1.279289e+001 -7.170711e+001  0.000000e+000
    endloop
  endfacet
  facet normal -6.343834e-001 -7.730186e-001  0.000000e+000
    outer loop
      vertex  1.279289e+001 -7.170711e+001  0.000000e+000
      vertex  1.294443e+001 -7.183147e+001  2.100000e+001
      vertex  1.279289e+001 -7.170711e+001  2.100000e+001
    endloop
  endfacet
  facet normal -7.730071e-001 -6.343974e-001  -0.000000e+000
    outer loop
      vertex  1.279289e+001 -7.170711e+001  0.000000e+000
      vertex  1.279289e+001 -7.170711e+001  2.100000e+001
      vertex  1.266853e+001 -7.155557e+001  0.000000e+000
    endloop
  endfacet
  facet normal -7.730071e-001 -6.343974e-001  0.000000e+000
    outer loop
      vertex  1.266853e+001 -7.155557e+001  0.000000e+000
      vertex  1.279289e+001 -7.170711e+001  2.100000e+001
      vertex  1.266853e+001 -7.155557e+001  2.100000e+001
    endloop
  endfacet
  facet normal -8.819242e-001 -4.713912e-001  -0.000000e+000
    outer loop
      vertex  1.266853e+001 -7.155557e+001  0.000000e+000
      vertex  1.266853e+001 -7.155557e+001  2.100000e+001
      vertex  1.257612e+001 -7.138268e+001  0.000000e+000
    endloop
  endfacet
  facet normal -8.819242e-001 -4.713912e-001  0.000000e+000
    outer loop
      vertex  1.257612e+001 -7.138268e+001  0.000000e+000
      vertex  1.266853e+001 -7.155557e+001  2.100000e+001
      vertex  1.257612e+001 -7.138268e+001  2.100000e+001
    endloop
  endfacet
  facet normal -9.569396e-001 -2.902869e-001  -0.000000e+000
    outer loop
      vertex  1.257612e+001 -7.138268e+001  0.000000e+000
      vertex  1.257612e+001 -7.138268e+001  2.100000e+001
      vertex  1.251921e+001 -7.119509e+001  0.000000e+000
    endloop
  endfacet
  facet normal -9.569396e-001 -2.902869e-001  0.000000e+000
    outer loop
      vertex  1.251921e+001 -7.119509e+001  0.000000e+000
      vertex  1.257612e+001 -7.138268e+001  2.100000e+001
      vertex  1.251921e+001 -7.119509e+001  2.100000e+001
    endloop
  endfacet
  facet normal -9.951848e-001 -9.801622e-002  -0.000000e+000
    outer loop
      vertex  1.251921e+001 -7.119509e+001  0.000000e+000
      vertex  1.251921e+001 -7.119509e+001  2.100000e+001
      vertex  1.250000e+001 -7.100000e+001  0.000000e+000
    endloop
  endfacet
  facet normal -9.951848e-001 -9.801622e-002  0.000000e+000
    outer loop
      vertex  1.250000e+001 -7.100000e+001  0.000000e+000
      vertex  1.251921e+001 -7.119509e+001  2.100000e+001
      vertex  1.250000e+001 -7.100000e+001  2.100000e+001
    endloop
  endfacet
  facet normal -1.000000e+000  0.000000e+000  0.000000e+000
    outer loop
      vertex  1.250000e+001 -6.800000e+001  2.100000e+001
      vertex  1.250000e+001 -6.800000e+001  0.000000e+000
      vertex  1.250000e+001 -7.100000e+001  2.100000e+001
    endloop
  endfacet
  facet normal -1.000000e+000  0.000000e+000  0.000000e+000
    outer loop
      vertex  1.250000e+001 -7.100000e+001  2.100000e+001
      vertex  1.250000e+001 -6.800000e+001  0.000000e+000
      vertex  1.250000e+001 -7.100000e+001  0.000000e+000
    endloop
  endfacet
  facet normal -9.951848e-001  9.801622e-002  0.000000e+000
    outer loop
      vertex  1.250000e+001 -6.800000e+001  0.000000e+000
      vertex  1.250000e+001 -6.800000e+001  2.100000e+001
      vertex  1.251921e+001 -6.780491e+001  0.000000e+000
    endloop
  endfacet
  facet normal -9.951848e-001  9.801622e-002  0.000000e+000
    outer loop
      vertex  1.251921e+001 -6.780491e+001  0.000000e+000
      vertex  1.250000e+001 -6.800000e+001  2.100000e+001
      vertex  1.251921e+001 -6.780491e+001  2.100000e+001
    endloop
  endfacet
  facet normal -9.569396e-001  2.902869e-001  0.000000e+000
    outer loop
      vertex  1.251921e+001 -6.780491e+001  0.000000e+000
      vertex  1.251921e+001 -6.780491e+001  2.100000e+001
      vertex  1.257612e+001 -6.761732e+001  0.000000e+000
    endloop
  endfacet
  facet normal -9.569396e-001  2.902869e-001  0.000000e+000
    outer loop
      vertex  1.257612e+001 -6.761732e+001  0.000000e+000
      vertex  1.251921e+001 -6.780491e+001  2.100000e+001
      vertex  1.257612e+001 -6.761732e+001  2.100000e+001
    endloop
  endfacet
  facet normal -8.819242e-001  4.713912e-001  0.000000e+000
    outer loop
      vertex  1.257612e+001 -6.761732e+001  0.000000e+000
      vertex  1.257612e+001 -6.761732e+001  2.100000e+001
      vertex  1.266853e+001 -6.744443e+001  0.000000e+000
    endloop
  endfacet
  facet normal -8.819242e-001  4.713912e-001  0.000000e+000
    outer loop
      vertex  1.266853e+001 -6.744443e+001  0.000000e+000
      vertex  1.257612e+001 -6.761732e+001  2.100000e+001
      vertex  1.266853e+001 -6.744443e+001  2.100000e+001
    endloop
  endfacet
  facet normal -7.730071e-001  6.343974e-001  0.000000e+000
    outer loop
      vertex  1.266853e+001 -6.744443e+001  0.000000e+000
      vertex  1.266853e+001 -6.744443e+001  2.100000e+001
      vertex  1.279289e+001 -6.729289e+001  0.000000e+000
    endloop
  endfacet
  facet normal -7.730071e-001  6.343974e-001  0.000000e+000
    outer loop
      vertex  1.279289e+001 -6.729289e+001  0.000000e+000
      vertex  1.266853e+001 -6.744443e+001  2.100000e+001
      vertex  1.279289e+001 -6.729289e+001  2.100000e+001
    endloop
  endfacet
  facet normal -6.343834e-001  7.730186e-001  0.000000e+000
    outer loop
      vertex  1.279289e+001 -6.729289e+001  0.000000e+000
      vertex  1.279289e+001 -6.729289e+001  2.100000e+001
      vertex  1.294443e+001 -6.716853e+001  0.000000e+000
    endloop
  endfacet
  facet normal -6.343834e-001  7.730186e-001  0.000000e+000
    outer loop
      vertex  1.294443e+001 -6.716853e+001  0.000000e+000
      vertex  1.279289e+001 -6.729289e+001  2.100000e+001
      vertex  1.294443e+001 -6.716853e+001  2.100000e+001
    endloop
  endfacet
  facet normal -4.714162e-001  8.819108e-001  0.000000e+000
    outer loop
      vertex  1.294443e+001 -6.716853e+001  0.000000e+000
      vertex  1.294443e+001 -6.716853e+001  2.100000e+001
      vertex  1.311732e+001 -6.707612e+001  0.000000e+000
    endloop
  endfacet
  facet normal -4.714162e-001  8.819108e-001  0.000000e+000
    outer loop
      vertex  1.311732e+001 -6.707612e+001  0.000000e+000
      vertex  1.294443e+001 -6.716853e+001  2.100000e+001
      vertex  1.311732e+001 -6.707612e+001  2.100000e+001
    endloop
  endfacet
  facet normal -2.902575e-001  9.569486e-001  0.000000e+000
    outer loop
      vertex  1.311732e+001 -6.707612e+001  0.000000e+000
      vertex  1.311732e+001 -6.707612e+001  2.100000e+001
      vertex  1.330491e+001 -6.701922e+001  0.000000e+000
    endloop
  endfacet
  facet normal -2.902575e-001  9.569486e-001  0.000000e+000
    outer loop
      vertex  1.330491e+001 -6.701922e+001  0.000000e+000
      vertex  1.311732e+001 -6.707612e+001  2.100000e+001
      vertex  1.330491e+001 -6.701922e+001  2.100000e+001
    endloop
  endfacet
  facet normal -9.803598e-002  9.951829e-001  0.000000e+000
    outer loop
      vertex  1.330491e+001 -6.701922e+001  0.000000e+000
      vertex  1.330491e+001 -6.701922e+001  2.100000e+001
      vertex  1.350000e+001 -6.700000e+001  0.000000e+000
    endloop
  endfacet
  facet normal -9.803598e-002  9.951829e-001  0.000000e+000
    outer loop
      vertex  1.350000e+001 -6.700000e+001  0.000000e+000
      vertex  1.330491e+001 -6.701922e+001  2.100000e+001
      vertex  1.350000e+001 -6.700000e+001  2.100000e+001
    endloop
  endfacet
  facet normal  0.000000e+000  1.000000e+000  -0.000000e+000
    outer loop
      vertex  3.550000e+001 -6.700000e+001  2.100000e+001
      vertex  3.550000e+001 -6.700000e+001  0.000000e+000
      vertex  1.350000e+001 -6.700000e+001  2.100000e+001
    endloop
  endfacet
  facet normal  0.000000e+000  1.000000e+000  0.000000e+000
    outer loop
      vertex  1.350000e+001 -6.700000e+001  2.100000e+001
      vertex  3.550000e+001 -6.700000e+001  0.000000e+000
      vertex  1.350000e+001 -6.700000e+001  0.000000e+000
    endloop
  endfacet
  facet normal -7.730148e-001  6.343879e-001  0.000000e+000
    outer loop
      vertex  3.691422e+001 -6.641422e+001  0.000000e+000
      vertex  3.716294e+001 -6.611114e+001  2.100000e+001
      vertex  3.716294e+001 -6.611114e+001  0.000000e+000
    endloop
  endfacet
  facet normal -8.819219e-001  4.713956e-001  0.000000e+000
    outer loop
      vertex  3.716294e+001 -6.611114e+001  0.000000e+000
      vertex  3.716294e+001 -6.611114e+001  2.100000e+001
      vertex  3.734776e+001 -6.576537e+001  2.100000e+001
    endloop
  endfacet
  facet normal -8.819219e-001  4.713956e-001  0.000000e+000
    outer loop
      vertex  3.716294e+001 -6.611114e+001  0.000000e+000
      vertex  3.734776e+001 -6.576537e+001  2.100000e+001
      vertex  3.734776e+001 -6.576537e+001  0.000000e+000
    endloop
  endfacet
  facet normal -9.569396e-001  2.902869e-001  0.000000e+000
    outer loop
      vertex  3.734776e+001 -6.576537e+001  0.000000e+000
      vertex  3.734776e+001 -6.576537e+001  2.100000e+001
      vertex  3.746157e+001 -6.539018e+001  2.100000e+001
    endloop
  endfacet
  facet normal -9.569396e-001  2.902869e-001  0.000000e+000
    outer loop
      vertex  3.734776e+001 -6.576537e+001  0.000000e+000
      vertex  3.746157e+001 -6.539018e+001  2.100000e+001
      vertex  3.746157e+001 -6.539018e+001  0.000000e+000
    endloop
  endfacet
  facet normal -9.951848e-001  9.801622e-002  0.000000e+000
    outer loop
      vertex  3.746157e+001 -6.539018e+001  0.000000e+000
      vertex  3.746157e+001 -6.539018e+001  2.100000e+001
      vertex  3.750000e+001 -6.500000e+001  2.100000e+001
    endloop
  endfacet
  facet normal -9.951848e-001  9.801622e-002  0.000000e+000
    outer loop
      vertex  3.746157e+001 -6.539018e+001  0.000000e+000
      vertex  3.750000e+001 -6.500000e+001  2.100000e+001
      vertex  3.750000e+001 -6.500000e+001  0.000000e+000
    endloop
  endfacet
  facet normal -7.730148e-001  6.343879e-001  0.000000e+000
    outer loop
      vertex  3.716294e+001 -6.611114e+001  2.100000e+001
      vertex  3.691422e+001 -6.641422e+001  0.000000e+000
      vertex  3.691422e+001 -6.641422e+001  2.100000e+001
    endloop
  endfacet
  facet normal -6.343926e-001  7.730110e-001  0.000000e+000
    outer loop
      vertex  3.691422e+001 -6.641422e+001  2.100000e+001
      vertex  3.691422e+001 -6.641422e+001  0.000000e+000
      vertex  3.661114e+001 -6.666294e+001  0.000000e+000
    endloop
  endfacet
  facet normal -6.343926e-001  7.730110e-001  0.000000e+000
    outer loop
      vertex  3.691422e+001 -6.641422e+001  2.100000e+001
      vertex  3.661114e+001 -6.666294e+001  0.000000e+000
      vertex  3.661114e+001 -6.666294e+001  2.100000e+001
    endloop
  endfacet
  facet normal -4.713839e-001  8.819281e-001  0.000000e+000
    outer loop
      vertex  3.661114e+001 -6.666294e+001  2.100000e+001
      vertex  3.661114e+001 -6.666294e+001  0.000000e+000
      vertex  3.626537e+001 -6.684776e+001  0.000000e+000
    endloop
  endfacet
  facet normal -4.713839e-001  8.819281e-001  0.000000e+000
    outer loop
      vertex  3.661114e+001 -6.666294e+001  2.100000e+001
      vertex  3.626537e+001 -6.684776e+001  0.000000e+000
      vertex  3.626537e+001 -6.684776e+001  2.100000e+001
    endloop
  endfacet
  facet normal -2.902958e-001  9.569370e-001  0.000000e+000
    outer loop
      vertex  3.626537e+001 -6.684776e+001  2.100000e+001
      vertex  3.626537e+001 -6.684776e+001  0.000000e+000
      vertex  3.589018e+001 -6.696157e+001  0.000000e+000
    endloop
  endfacet
  facet normal -2.902958e-001  9.569370e-001  0.000000e+000
    outer loop
      vertex  3.626537e+001 -6.684776e+001  2.100000e+001
      vertex  3.589018e+001 -6.696157e+001  0.000000e+000
      vertex  3.589018e+001 -6.696157e+001  2.100000e+001
    endloop
  endfacet
  facet normal -9.801622e-002  9.951848e-001  0.000000e+000
    outer loop
      vertex  3.589018e+001 -6.696157e+001  2.100000e+001
      vertex  3.589018e+001 -6.696157e+001  0.000000e+000
      vertex  3.550000e+001 -6.700000e+001  0.000000e+000
    endloop
  endfacet
  facet normal -9.801622e-002  9.951848e-001  0.000000e+000
    outer loop
      vertex  3.589018e+001 -6.696157e+001  2.100000e+001
      vertex  3.550000e+001 -6.700000e+001  0.000000e+000
      vertex  3.550000e+001 -6.700000e+001  2.100000e+001
    endloop
  endfacet
  facet normal -9.999999e-001  -0.000000e+000  0.000000e+000
    outer loop
      vertex  3.750000e+001 -6.500000e+001  2.100000e+001
      vertex  3.750000e+001 -3.800000e+001  2.100000e+001
      vertex  3.750000e+001 -6.500000e+001  0.000000e+000
    endloop
  endfacet
  facet normal -9.999999e-001  0.000000e+000  0.000000e+000
    outer loop
      vertex  3.750000e+001 -6.500000e+001  0.000000e+000
      vertex  3.750000e+001 -3.800000e+001  2.100000e+001
      vertex  3.750000e+001 -3.800000e+001  0.000000e+000
    endloop
  endfacet
  facet normal  9.951848e-001 -9.801622e-002  0.000000e+000
    outer loop
      vertex -3.750000e+001  3.800000e+001  0.000000e+000
      vertex -3.750000e+001  3.800000e+001  2.100000e+001
      vertex -3.751921e+001  3.780491e+001  0.000000e+000
    endloop
  endfacet
  facet normal  9.951848e-001 -9.801622e-002  0.000000e+000
    outer loop
      vertex -3.751921e+001  3.780491e+001  0.000000e+000
      vertex -3.750000e+001  3.800000e+001  2.100000e+001
      vertex -3.751921e+001  3.780491e+001  2.100000e+001
    endloop
  endfacet
  facet normal  9.569370e-001 -2.902958e-001  0.000000e+000
    outer loop
      vertex -3.751921e+001  3.780491e+001  0.000000e+000
      vertex -3.751921e+001  3.780491e+001  2.100000e+001
      vertex -3.757612e+001  3.761732e+001  0.000000e+000
    endloop
  endfacet
  facet normal  9.569370e-001 -2.902958e-001  0.000000e+000
    outer loop
      vertex -3.757612e+001  3.761732e+001  0.000000e+000
      vertex -3.751921e+001  3.780491e+001  2.100000e+001
      vertex -3.757612e+001  3.761732e+001  2.100000e+001
    endloop
  endfacet
  facet normal  8.819260e-001 -4.713880e-001  0.000000e+000
    outer loop
      vertex -3.757612e+001  3.761732e+001  0.000000e+000
      vertex -3.757612e+001  3.761732e+001  2.100000e+001
      vertex -3.766853e+001  3.744443e+001  0.000000e+000
    endloop
  endfacet
  facet normal  8.819260e-001 -4.713880e-001  0.000000e+000
    outer loop
      vertex -3.766853e+001  3.744443e+001  0.000000e+000
      vertex -3.757612e+001  3.761732e+001  2.100000e+001
      vertex -3.766853e+001  3.744443e+001  2.100000e+001
    endloop
  endfacet
  facet normal  7.730148e-001 -6.343879e-001  0.000000e+000
    outer loop
      vertex -3.766853e+001  3.744443e+001  0.000000e+000
      vertex -3.766853e+001  3.744443e+001  2.100000e+001
      vertex -3.779289e+001  3.729289e+001  0.000000e+000
    endloop
  endfacet
  facet normal  7.730148e-001 -6.343879e-001  0.000000e+000
    outer loop
      vertex -3.779289e+001  3.729289e+001  0.000000e+000
      vertex -3.766853e+001  3.744443e+001  2.100000e+001
      vertex -3.779289e+001  3.729289e+001  2.100000e+001
    endloop
  endfacet
  facet normal  6.343879e-001 -7.730148e-001  0.000000e+000
    outer loop
      vertex -3.779289e+001  3.729289e+001  0.000000e+000
      vertex -3.779289e+001  3.729289e+001  2.100000e+001
      vertex -3.794443e+001  3.716853e+001  0.000000e+000
    endloop
  endfacet
  facet normal  6.343879e-001 -7.730148e-001  0.000000e+000
    outer loop
      vertex -3.794443e+001  3.716853e+001  0.000000e+000
      vertex -3.779289e+001  3.729289e+001  2.100000e+001
      vertex -3.794443e+001  3.716853e+001  2.100000e+001
    endloop
  endfacet
  facet normal  4.713880e-001 -8.819260e-001  0.000000e+000
    outer loop
      vertex -3.794443e+001  3.716853e+001  0.000000e+000
      vertex -3.794443e+001  3.716853e+001  2.100000e+001
      vertex -3.811732e+001  3.707612e+001  0.000000e+000
    endloop
  endfacet
  facet normal  4.713880e-001 -8.819260e-001  0.000000e+000
    outer loop
      vertex -3.811732e+001  3.707612e+001  0.000000e+000
      vertex -3.794443e+001  3.716853e+001  2.100000e+001
      vertex -3.811732e+001  3.707612e+001  2.100000e+001
    endloop
  endfacet
  facet normal  2.902958e-001 -9.569370e-001  0.000000e+000
    outer loop
      vertex -3.811732e+001  3.707612e+001  0.000000e+000
      vertex -3.811732e+001  3.707612e+001  2.100000e+001
      vertex -3.830491e+001  3.701921e+001  0.000000e+000
    endloop
  endfacet
  facet normal  2.902958e-001 -9.569370e-001  0.000000e+000
    outer loop
      vertex -3.830491e+001  3.701921e+001  0.000000e+000
      vertex -3.811732e+001  3.707612e+001  2.100000e+001
      vertex -3.830491e+001  3.701921e+001  2.100000e+001
    endloop
  endfacet
  facet normal  9.801622e-002 -9.951848e-001  0.000000e+000
    outer loop
      vertex -3.830491e+001  3.701921e+001  0.000000e+000
      vertex -3.830491e+001  3.701921e+001  2.100000e+001
      vertex -3.850000e+001  3.700000e+001  0.000000e+000
    endloop
  endfacet
  facet normal  9.801622e-002 -9.951848e-001  0.000000e+000
    outer loop
      vertex -3.850000e+001  3.700000e+001  0.000000e+000
      vertex -3.830491e+001  3.701921e+001  2.100000e+001
      vertex -3.850000e+001  3.700000e+001  2.100000e+001
    endloop
  endfacet
  facet normal  0.000000e+000 -1.000000e+000  0.000000e+000
    outer loop
      vertex -4.150000e+001  3.700000e+001  2.100000e+001
      vertex -4.150000e+001  3.700000e+001  0.000000e+000
      vertex -3.850000e+001  3.700000e+001  2.100000e+001
    endloop
  endfacet
  facet normal  0.000000e+000 -1.000000e+000  -0.000000e+000
    outer loop
      vertex -3.850000e+001  3.700000e+001  2.100000e+001
      vertex -4.150000e+001  3.700000e+001  0.000000e+000
      vertex -3.850000e+001  3.700000e+001  0.000000e+000
    endloop
  endfacet
  facet normal -9.801622e-002 -9.951848e-001  -0.000000e+000
    outer loop
      vertex -4.150000e+001  3.700000e+001  0.000000e+000
      vertex -4.150000e+001  3.700000e+001  2.100000e+001
      vertex -4.169509e+001  3.701921e+001  0.000000e+000
    endloop
  endfacet
  facet normal -9.801622e-002 -9.951848e-001  0.000000e+000
    outer loop
      vertex -4.169509e+001  3.701921e+001  0.000000e+000
      vertex -4.150000e+001  3.700000e+001  2.100000e+001
      vertex -4.169509e+001  3.701921e+001  2.100000e+001
    endloop
  endfacet
  facet normal -2.902958e-001 -9.569370e-001  -0.000000e+000
    outer loop
      vertex -4.169509e+001  3.701921e+001  0.000000e+000
      vertex -4.169509e+001  3.701921e+001  2.100000e+001
      vertex -4.188268e+001  3.707612e+001  0.000000e+000
    endloop
  endfacet
  facet normal -2.902958e-001 -9.569370e-001  0.000000e+000
    outer loop
      vertex -4.188268e+001  3.707612e+001  0.000000e+000
      vertex -4.169509e+001  3.701921e+001  2.100000e+001
      vertex -4.188268e+001  3.707612e+001  2.100000e+001
    endloop
  endfacet
  facet normal -4.713880e-001 -8.819260e-001  -0.000000e+000
    outer loop
      vertex -4.188268e+001  3.707612e+001  0.000000e+000
      vertex -4.188268e+001  3.707612e+001  2.100000e+001
      vertex -4.205557e+001  3.716853e+001  0.000000e+000
    endloop
  endfacet
  facet normal -4.713880e-001 -8.819260e-001  0.000000e+000
    outer loop
      vertex -4.205557e+001  3.716853e+001  0.000000e+000
      vertex -4.188268e+001  3.707612e+001  2.100000e+001
      vertex -4.205557e+001  3.716853e+001  2.100000e+001
    endloop
  endfacet
  facet normal -6.343879e-001 -7.730148e-001  -0.000000e+000
    outer loop
      vertex -4.205557e+001  3.716853e+001  0.000000e+000
      vertex -4.205557e+001  3.716853e+001  2.100000e+001
      vertex -4.220711e+001  3.729289e+001  0.000000e+000
    endloop
  endfacet
  facet normal -6.343879e-001 -7.730148e-001  0.000000e+000
    outer loop
      vertex -4.220711e+001  3.729289e+001  0.000000e+000
      vertex -4.205557e+001  3.716853e+001  2.100000e+001
      vertex -4.220711e+001  3.729289e+001  2.100000e+001
    endloop
  endfacet
  facet normal -7.730148e-001 -6.343879e-001  -0.000000e+000
    outer loop
      vertex -4.220711e+001  3.729289e+001  0.000000e+000
      vertex -4.220711e+001  3.729289e+001  2.100000e+001
      vertex -4.233147e+001  3.744443e+001  0.000000e+000
    endloop
  endfacet
  facet normal -7.730148e-001 -6.343879e-001  0.000000e+000
    outer loop
      vertex -4.233147e+001  3.744443e+001  0.000000e+000
      vertex -4.220711e+001  3.729289e+001  2.100000e+001
      vertex -4.233147e+001  3.744443e+001  2.100000e+001
    endloop
  endfacet
  facet normal -8.819260e-001 -4.713880e-001  -0.000000e+000
    outer loop
      vertex -4.233147e+001  3.744443e+001  0.000000e+000
      vertex -4.233147e+001  3.744443e+001  2.100000e+001
      vertex -4.242388e+001  3.761732e+001  0.000000e+000
    endloop
  endfacet
  facet normal -8.819260e-001 -4.713880e-001  0.000000e+000
    outer loop
      vertex -4.242388e+001  3.761732e+001  0.000000e+000
      vertex -4.233147e+001  3.744443e+001  2.100000e+001
      vertex -4.242388e+001  3.761732e+001  2.100000e+001
    endloop
  endfacet
  facet normal -9.569370e-001 -2.902958e-001  -0.000000e+000
    outer loop
      vertex -4.242388e+001  3.761732e+001  0.000000e+000
      vertex -4.242388e+001  3.761732e+001  2.100000e+001
      vertex -4.248079e+001  3.780491e+001  0.000000e+000
    endloop
  endfacet
  facet normal -9.569370e-001 -2.902958e-001  0.000000e+000
    outer loop
      vertex -4.248079e+001  3.780491e+001  0.000000e+000
      vertex -4.242388e+001  3.761732e+001  2.100000e+001
      vertex -4.248079e+001  3.780491e+001  2.100000e+001
    endloop
  endfacet
  facet normal -9.951848e-001 -9.801622e-002  -0.000000e+000
    outer loop
      vertex -4.248079e+001  3.780491e+001  0.000000e+000
      vertex -4.248079e+001  3.780491e+001  2.100000e+001
      vertex -4.250000e+001  3.800000e+001  0.000000e+000
    endloop
  endfacet
  facet normal -9.951848e-001 -9.801622e-002  0.000000e+000
    outer loop
      vertex -4.250000e+001  3.800000e+001  0.000000e+000
      vertex -4.248079e+001  3.780491e+001  2.100000e+001
      vertex -4.250000e+001  3.800000e+001  2.100000e+001
    endloop
  endfacet
  facet normal -1.000000e+000  -0.000000e+000  0.000000e+000
    outer loop
      vertex -4.250000e+001  3.800000e+001  2.100000e+001
      vertex -4.250000e+001  6.900000e+001  2.100000e+001
      vertex -4.250000e+001  3.800000e+001  0.000000e+000
    endloop
  endfacet
  facet normal -1.000000e+000  0.000000e+000  0.000000e+000
    outer loop
      vertex -4.250000e+001  3.800000e+001  0.000000e+000
      vertex -4.250000e+001  6.900000e+001  2.100000e+001
      vertex -4.250000e+001  6.900000e+001  0.000000e+000
    endloop
  endfacet
  facet normal -9.969175e-001  7.845622e-002  0.000000e+000
    outer loop
      vertex -4.250000e+001  6.900000e+001  0.000000e+000
      vertex -4.250000e+001  6.900000e+001  2.100000e+001
      vertex -4.246307e+001  6.946931e+001  0.000000e+000
    endloop
  endfacet
  facet normal -9.969175e-001  7.845622e-002  0.000000e+000
    outer loop
      vertex -4.246307e+001  6.946931e+001  0.000000e+000
      vertex -4.250000e+001  6.900000e+001  2.100000e+001
      vertex -4.246307e+001  6.946931e+001  2.100000e+001
    endloop
  endfacet
  facet normal -9.723682e-001  2.334530e-001  0.000000e+000
    outer loop
      vertex -4.246307e+001  6.946931e+001  0.000000e+000
      vertex -4.246307e+001  6.946931e+001  2.100000e+001
      vertex -4.235317e+001  6.992705e+001  0.000000e+000
    endloop
  endfacet
  facet normal -9.723682e-001  2.334530e-001  0.000000e+000
    outer loop
      vertex -4.235317e+001  6.992705e+001  0.000000e+000
      vertex -4.246307e+001  6.946931e+001  2.100000e+001
      vertex -4.235317e+001  6.992705e+001  2.100000e+001
    endloop
  endfacet
  facet normal -9.238804e-001  3.826812e-001  0.000000e+000
    outer loop
      vertex -4.235317e+001  6.992705e+001  0.000000e+000
      vertex -4.235317e+001  6.992705e+001  2.100000e+001
      vertex -4.217302e+001  7.036197e+001  0.000000e+000
    endloop
  endfacet
  facet normal -9.238804e-001  3.826812e-001  0.000000e+000
    outer loop
      vertex -4.217302e+001  7.036197e+001  0.000000e+000
      vertex -4.235317e+001  6.992705e+001  2.100000e+001
      vertex -4.217302e+001  7.036197e+001  2.100000e+001
    endloop
  endfacet
  facet normal -8.526442e-001  5.224919e-001  0.000000e+000
    outer loop
      vertex -4.217302e+001  7.036197e+001  0.000000e+000
      vertex -4.217302e+001  7.036197e+001  2.100000e+001
      vertex -4.192705e+001  7.076336e+001  0.000000e+000
    endloop
  endfacet
  facet normal -8.526442e-001  5.224919e-001  0.000000e+000
    outer loop
      vertex -4.192705e+001  7.076336e+001  0.000000e+000
      vertex -4.217302e+001  7.036197e+001  2.100000e+001
      vertex -4.192705e+001  7.076336e+001  2.100000e+001
    endloop
  endfacet
  facet normal -7.604029e-001  6.494517e-001  0.000000e+000
    outer loop
      vertex -4.192705e+001  7.076336e+001  0.000000e+000
      vertex -4.192705e+001  7.076336e+001  2.100000e+001
      vertex -4.162132e+001  7.112132e+001  0.000000e+000
    endloop
  endfacet
  facet normal -7.604029e-001  6.494517e-001  0.000000e+000
    outer loop
      vertex -4.162132e+001  7.112132e+001  0.000000e+000
      vertex -4.192705e+001  7.076336e+001  2.100000e+001
      vertex -4.162132e+001  7.112132e+001  2.100000e+001
    endloop
  endfacet
  facet normal -6.494424e-001  7.604109e-001  0.000000e+000
    outer loop
      vertex -4.162132e+001  7.112132e+001  0.000000e+000
      vertex -4.162132e+001  7.112132e+001  2.100000e+001
      vertex -4.126336e+001  7.142705e+001  0.000000e+000
    endloop
  endfacet
  facet normal -6.494424e-001  7.604109e-001  0.000000e+000
    outer loop
      vertex -4.126336e+001  7.142705e+001  0.000000e+000
      vertex -4.162132e+001  7.112132e+001  2.100000e+001
      vertex -4.126336e+001  7.142705e+001  2.100000e+001
    endloop
  endfacet
  facet normal -5.225050e-001  8.526362e-001  0.000000e+000
    outer loop
      vertex -4.126336e+001  7.142705e+001  0.000000e+000
      vertex -4.126336e+001  7.142705e+001  2.100000e+001
      vertex -4.086197e+001  7.167302e+001  0.000000e+000
    endloop
  endfacet
  facet normal -5.225050e-001  8.526362e-001  0.000000e+000
    outer loop
      vertex -4.086197e+001  7.167302e+001  0.000000e+000
      vertex -4.126336e+001  7.142705e+001  2.100000e+001
      vertex -4.086197e+001  7.167302e+001  2.100000e+001
    endloop
  endfacet
  facet normal -3.826881e-001  9.238775e-001  0.000000e+000
    outer loop
      vertex -4.086197e+001  7.167302e+001  0.000000e+000
      vertex -4.086197e+001  7.167302e+001  2.100000e+001
      vertex -4.042705e+001  7.185317e+001  0.000000e+000
    endloop
  endfacet
  facet normal -3.826881e-001  9.238775e-001  0.000000e+000
    outer loop
      vertex -4.042705e+001  7.185317e+001  0.000000e+000
      vertex -4.086197e+001  7.167302e+001  2.100000e+001
      vertex -4.042705e+001  7.185317e+001  2.100000e+001
    endloop
  endfacet
  facet normal -2.334416e-001  9.723708e-001  0.000000e+000
    outer loop
      vertex -4.042705e+001  7.185317e+001  0.000000e+000
      vertex -4.042705e+001  7.185317e+001  2.100000e+001
      vertex -3.996930e+001  7.196307e+001  0.000000e+000
    endloop
  endfacet
  facet normal -2.334416e-001  9.723708e-001  0.000000e+000
    outer loop
      vertex -3.996930e+001  7.196307e+001  0.000000e+000
      vertex -4.042705e+001  7.185317e+001  2.100000e+001
      vertex -3.996930e+001  7.196307e+001  2.100000e+001
    endloop
  endfacet
  facet normal -7.845686e-002  9.969175e-001  0.000000e+000
    outer loop
      vertex -3.996930e+001  7.196307e+001  0.000000e+000
      vertex -3.996930e+001  7.196307e+001  2.100000e+001
      vertex -3.950000e+001  7.200000e+001  0.000000e+000
    endloop
  endfacet
  facet normal -7.845686e-002  9.969175e-001  0.000000e+000
    outer loop
      vertex -3.950000e+001  7.200000e+001  0.000000e+000
      vertex -3.996930e+001  7.196307e+001  2.100000e+001
      vertex -3.950000e+001  7.200000e+001  2.100000e+001
    endloop
  endfacet
  facet normal  0.000000e+000  1.000000e+000  -0.000000e+000
    outer loop
      vertex -1.350000e+001  7.200000e+001  2.100000e+001
      vertex -1.350000e+001  7.200000e+001  0.000000e+000
      vertex -3.950000e+001  7.200000e+001  2.100000e+001
    endloop
  endfacet
  facet normal  0.000000e+000  1.000000e+000  0.000000e+000
    outer loop
      vertex -3.950000e+001  7.200000e+001  2.100000e+001
      vertex -1.350000e+001  7.200000e+001  0.000000e+000
      vertex -3.950000e+001  7.200000e+001  0.000000e+000
    endloop
  endfacet
  facet normal  9.803598e-002  9.951829e-001  0.000000e+000
    outer loop
      vertex -1.350000e+001  7.200000e+001  0.000000e+000
      vertex -1.350000e+001  7.200000e+001  2.100000e+001
      vertex -1.330491e+001  7.198078e+001  0.000000e+000
    endloop
  endfacet
  facet normal  9.803598e-002  9.951829e-001  -0.000000e+000
    outer loop
      vertex -1.330491e+001  7.198078e+001  0.000000e+000
      vertex -1.350000e+001  7.200000e+001  2.100000e+001
      vertex -1.330491e+001  7.198078e+001  2.100000e+001
    endloop
  endfacet
  facet normal  2.902575e-001  9.569486e-001  0.000000e+000
    outer loop
      vertex -1.330491e+001  7.198078e+001  0.000000e+000
      vertex -1.330491e+001  7.198078e+001  2.100000e+001
      vertex -1.311732e+001  7.192388e+001  0.000000e+000
    endloop
  endfacet
  facet normal  2.902575e-001  9.569486e-001  -0.000000e+000
    outer loop
      vertex -1.311732e+001  7.192388e+001  0.000000e+000
      vertex -1.330491e+001  7.198078e+001  2.100000e+001
      vertex -1.311732e+001  7.192388e+001  2.100000e+001
    endloop
  endfacet
  facet normal  4.714162e-001  8.819108e-001  0.000000e+000
    outer loop
      vertex -1.311732e+001  7.192388e+001  0.000000e+000
      vertex -1.311732e+001  7.192388e+001  2.100000e+001
      vertex -1.294443e+001  7.183147e+001  0.000000e+000
    endloop
  endfacet
  facet normal  4.714162e-001  8.819108e-001  -0.000000e+000
    outer loop
      vertex -1.294443e+001  7.183147e+001  0.000000e+000
      vertex -1.311732e+001  7.192388e+001  2.100000e+001
      vertex -1.294443e+001  7.183147e+001  2.100000e+001
    endloop
  endfacet
  facet normal  6.343834e-001  7.730186e-001  0.000000e+000
    outer loop
      vertex -1.294443e+001  7.183147e+001  0.000000e+000
      vertex -1.294443e+001  7.183147e+001  2.100000e+001
      vertex -1.279289e+001  7.170711e+001  0.000000e+000
    endloop
  endfacet
  facet normal  6.343834e-001  7.730186e-001  -0.000000e+000
    outer loop
      vertex -1.279289e+001  7.170711e+001  0.000000e+000
      vertex -1.294443e+001  7.183147e+001  2.100000e+001
      vertex -1.279289e+001  7.170711e+001  2.100000e+001
    endloop
  endfacet
  facet normal  7.730071e-001  6.343974e-001  0.000000e+000
    outer loop
      vertex -1.279289e+001  7.170711e+001  0.000000e+000
      vertex -1.279289e+001  7.170711e+001  2.100000e+001
      vertex -1.266853e+001  7.155557e+001  0.000000e+000
    endloop
  endfacet
  facet normal  7.730071e-001  6.343974e-001  -0.000000e+000
    outer loop
      vertex -1.266853e+001  7.155557e+001  0.000000e+000
      vertex -1.279289e+001  7.170711e+001  2.100000e+001
      vertex -1.266853e+001  7.155557e+001  2.100000e+001
    endloop
  endfacet
  facet normal  8.819242e-001  4.713912e-001  0.000000e+000
    outer loop
      vertex -1.266853e+001  7.155557e+001  0.000000e+000
      vertex -1.266853e+001  7.155557e+001  2.100000e+001
      vertex -1.257612e+001  7.138268e+001  0.000000e+000
    endloop
  endfacet
  facet normal  8.819242e-001  4.713912e-001  -0.000000e+000
    outer loop
      vertex -1.257612e+001  7.138268e+001  0.000000e+000
      vertex -1.266853e+001  7.155557e+001  2.100000e+001
      vertex -1.257612e+001  7.138268e+001  2.100000e+001
    endloop
  endfacet
  facet normal  9.569396e-001  2.902869e-001  0.000000e+000
    outer loop
      vertex -1.257612e+001  7.138268e+001  0.000000e+000
      vertex -1.257612e+001  7.138268e+001  2.100000e+001
      vertex -1.251921e+001  7.119509e+001  0.000000e+000
    endloop
  endfacet
  facet normal  9.569396e-001  2.902869e-001  -0.000000e+000
    outer loop
      vertex -1.251921e+001  7.119509e+001  0.000000e+000
      vertex -1.257612e+001  7.138268e+001  2.100000e+001
      vertex -1.251921e+001  7.119509e+001  2.100000e+001
    endloop
  endfacet
  facet normal  9.951848e-001  9.801622e-002  0.000000e+000
    outer loop
      vertex -1.251921e+001  7.119509e+001  0.000000e+000
      vertex -1.251921e+001  7.119509e+001  2.100000e+001
      vertex -1.250000e+001  7.100000e+001  0.000000e+000
    endloop
  endfacet
  facet normal  9.951848e-001  9.801622e-002  -0.000000e+000
    outer loop
      vertex -1.250000e+001  7.100000e+001  0.000000e+000
      vertex -1.251921e+001  7.119509e+001  2.100000e+001
      vertex -1.250000e+001  7.100000e+001  2.100000e+001
    endloop
  endfacet
  facet normal  1.000000e+000  -0.000000e+000  0.000000e+000
    outer loop
      vertex -1.250000e+001  7.100000e+001  2.100000e+001
      vertex -1.250000e+001  6.800000e+001  2.100000e+001
      vertex -1.250000e+001  7.100000e+001  0.000000e+000
    endloop
  endfacet
  facet normal  1.000000e+000  0.000000e+000  0.000000e+000
    outer loop
      vertex -1.250000e+001  7.100000e+001  0.000000e+000
      vertex -1.250000e+001  6.800000e+001  2.100000e+001
      vertex -1.250000e+001  6.800000e+001  0.000000e+000
    endloop
  endfacet
  facet normal  9.951848e-001 -9.801622e-002  0.000000e+000
    outer loop
      vertex -1.250000e+001  6.800000e+001  0.000000e+000
      vertex -1.250000e+001  6.800000e+001  2.100000e+001
      vertex -1.251921e+001  6.780491e+001  0.000000e+000
    endloop
  endfacet
  facet normal  9.951848e-001 -9.801622e-002  0.000000e+000
    outer loop
      vertex -1.251921e+001  6.780491e+001  0.000000e+000
      vertex -1.250000e+001  6.800000e+001  2.100000e+001
      vertex -1.251921e+001  6.780491e+001  2.100000e+001
    endloop
  endfacet
  facet normal  9.569396e-001 -2.902869e-001  0.000000e+000
    outer loop
      vertex -1.251921e+001  6.780491e+001  0.000000e+000
      vertex -1.251921e+001  6.780491e+001  2.100000e+001
      vertex -1.257612e+001  6.761732e+001  0.000000e+000
    endloop
  endfacet
  facet normal  9.569396e-001 -2.902869e-001  0.000000e+000
    outer loop
      vertex -1.257612e+001  6.761732e+001  0.000000e+000
      vertex -1.251921e+001  6.780491e+001  2.100000e+001
      vertex -1.257612e+001  6.761732e+001  2.100000e+001
    endloop
  endfacet
  facet normal  8.819242e-001 -4.713912e-001  0.000000e+000
    outer loop
      vertex -1.257612e+001  6.761732e+001  0.000000e+000
      vertex -1.257612e+001  6.761732e+001  2.100000e+001
      vertex -1.266853e+001  6.744443e+001  0.000000e+000
    endloop
  endfacet
  facet normal  8.819242e-001 -4.713912e-001  0.000000e+000
    outer loop
      vertex -1.266853e+001  6.744443e+001  0.000000e+000
      vertex -1.257612e+001  6.761732e+001  2.100000e+001
      vertex -1.266853e+001  6.744443e+001  2.100000e+001
    endloop
  endfacet
  facet normal  7.730071e-001 -6.343974e-001  0.000000e+000
    outer loop
      vertex -1.266853e+001  6.744443e+001  0.000000e+000
      vertex -1.266853e+001  6.744443e+001  2.100000e+001
      vertex -1.279289e+001  6.729289e+001  0.000000e+000
    endloop
  endfacet
  facet normal  7.730071e-001 -6.343974e-001  0.000000e+000
    outer loop
      vertex -1.279289e+001  6.729289e+001  0.000000e+000
      vertex -1.266853e+001  6.744443e+001  2.100000e+001
      vertex -1.279289e+001  6.729289e+001  2.100000e+001
    endloop
  endfacet
  facet normal  6.343834e-001 -7.730186e-001  0.000000e+000
    outer loop
      vertex -1.279289e+001  6.729289e+001  0.000000e+000
      vertex -1.279289e+001  6.729289e+001  2.100000e+001
      vertex -1.294443e+001  6.716853e+001  0.000000e+000
    endloop
  endfacet
  facet normal  6.343834e-001 -7.730186e-001  0.000000e+000
    outer loop
      vertex -1.294443e+001  6.716853e+001  0.000000e+000
      vertex -1.279289e+001  6.729289e+001  2.100000e+001
      vertex -1.294443e+001  6.716853e+001  2.100000e+001
    endloop
  endfacet
  facet normal  4.714162e-001 -8.819108e-001  0.000000e+000
    outer loop
      vertex -1.294443e+001  6.716853e+001  0.000000e+000
      vertex -1.294443e+001  6.716853e+001  2.100000e+001
      vertex -1.311732e+001  6.707612e+001  0.000000e+000
    endloop
  endfacet
  facet normal  4.714162e-001 -8.819108e-001  0.000000e+000
    outer loop
      vertex -1.311732e+001  6.707612e+001  0.000000e+000
      vertex -1.294443e+001  6.716853e+001  2.100000e+001
      vertex -1.311732e+001  6.707612e+001  2.100000e+001
    endloop
  endfacet
  facet normal  2.902575e-001 -9.569486e-001  0.000000e+000
    outer loop
      vertex -1.311732e+001  6.707612e+001  0.000000e+000
      vertex -1.311732e+001  6.707612e+001  2.100000e+001
      vertex -1.330491e+001  6.701922e+001  0.000000e+000
    endloop
  endfacet
  facet normal  2.902575e-001 -9.569486e-001  0.000000e+000
    outer loop
      vertex -1.330491e+001  6.701922e+001  0.000000e+000
      vertex -1.311732e+001  6.707612e+001  2.100000e+001
      vertex -1.330491e+001  6.701922e+001  2.100000e+001
    endloop
  endfacet
  facet normal  9.803598e-002 -9.951829e-001  0.000000e+000
    outer loop
      vertex -1.330491e+001  6.701922e+001  0.000000e+000
      vertex -1.330491e+001  6.701922e+001  2.100000e+001
      vertex -1.350000e+001  6.700000e+001  0.000000e+000
    endloop
  endfacet
  facet normal  9.803598e-002 -9.951829e-001  0.000000e+000
    outer loop
      vertex -1.350000e+001  6.700000e+001  0.000000e+000
      vertex -1.330491e+001  6.701922e+001  2.100000e+001
      vertex -1.350000e+001  6.700000e+001  2.100000e+001
    endloop
  endfacet
  facet normal  0.000000e+000 -1.000000e+000  0.000000e+000
    outer loop
      vertex -1.350000e+001  6.700000e+001  2.100000e+001
      vertex -3.550000e+001  6.700000e+001  2.100000e+001
      vertex -1.350000e+001  6.700000e+001  0.000000e+000
    endloop
  endfacet
  facet normal  0.000000e+000 -1.000000e+000  0.000000e+000
    outer loop
      vertex -1.350000e+001  6.700000e+001  0.000000e+000
      vertex -3.550000e+001  6.700000e+001  2.100000e+001
      vertex -3.550000e+001  6.700000e+001  0.000000e+000
    endloop
  endfacet
  facet normal  7.730148e-001 -6.343879e-001  0.000000e+000
    outer loop
      vertex -3.691422e+001  6.641422e+001  0.000000e+000
      vertex -3.716294e+001  6.611114e+001  2.100000e+001
      vertex -3.716294e+001  6.611114e+001  0.000000e+000
    endloop
  endfacet
  facet normal  8.819219e-001 -4.713956e-001  0.000000e+000
    outer loop
      vertex -3.716294e+001  6.611114e+001  0.000000e+000
      vertex -3.716294e+001  6.611114e+001  2.100000e+001
      vertex -3.734776e+001  6.576537e+001  2.100000e+001
    endloop
  endfacet
  facet normal  8.819219e-001 -4.713956e-001  0.000000e+000
    outer loop
      vertex -3.716294e+001  6.611114e+001  0.000000e+000
      vertex -3.734776e+001  6.576537e+001  2.100000e+001
      vertex -3.734776e+001  6.576537e+001  0.000000e+000
    endloop
  endfacet
  facet normal  9.569396e-001 -2.902869e-001  0.000000e+000
    outer loop
      vertex -3.734776e+001  6.576537e+001  0.000000e+000
      vertex -3.734776e+001  6.576537e+001  2.100000e+001
      vertex -3.746157e+001  6.539018e+001  2.100000e+001
    endloop
  endfacet
  facet normal  9.569396e-001 -2.902869e-001  0.000000e+000
    outer loop
      vertex -3.734776e+001  6.576537e+001  0.000000e+000
      vertex -3.746157e+001  6.539018e+001  2.100000e+001
      vertex -3.746157e+001  6.539018e+001  0.000000e+000
    endloop
  endfacet
  facet normal  9.951848e-001 -9.801622e-002  0.000000e+000
    outer loop
      vertex -3.746157e+001  6.539018e+001  0.000000e+000
      vertex -3.746157e+001  6.539018e+001  2.100000e+001
      vertex -3.750000e+001  6.500000e+001  2.100000e+001
    endloop
  endfacet
  facet normal  9.951848e-001 -9.801622e-002  0.000000e+000
    outer loop
      vertex -3.746157e+001  6.539018e+001  0.000000e+000
      vertex -3.750000e+001  6.500000e+001  2.100000e+001
      vertex -3.750000e+001  6.500000e+001  0.000000e+000
    endloop
  endfacet
  facet normal  7.730148e-001 -6.343879e-001  0.000000e+000
    outer loop
      vertex -3.716294e+001  6.611114e+001  2.100000e+001
      vertex -3.691422e+001  6.641422e+001  0.000000e+000
      vertex -3.691422e+001  6.641422e+001  2.100000e+001
    endloop
  endfacet
  facet normal  6.343926e-001 -7.730110e-001  0.000000e+000
    outer loop
      vertex -3.691422e+001  6.641422e+001  2.100000e+001
      vertex -3.691422e+001  6.641422e+001  0.000000e+000
      vertex -3.661114e+001  6.666294e+001  0.000000e+000
    endloop
  endfacet
  facet normal  6.343926e-001 -7.730110e-001  0.000000e+000
    outer loop
      vertex -3.691422e+001  6.641422e+001  2.100000e+001
      vertex -3.661114e+001  6.666294e+001  0.000000e+000
      vertex -3.661114e+001  6.666294e+001  2.100000e+001
    endloop
  endfacet
  facet normal  4.713839e-001 -8.819281e-001  0.000000e+000
    outer loop
      vertex -3.661114e+001  6.666294e+001  2.100000e+001
      vertex -3.661114e+001  6.666294e+001  0.000000e+000
      vertex -3.626537e+001  6.684776e+001  0.000000e+000
    endloop
  endfacet
  facet normal  4.713839e-001 -8.819281e-001  0.000000e+000
    outer loop
      vertex -3.661114e+001  6.666294e+001  2.100000e+001
      vertex -3.626537e+001  6.684776e+001  0.000000e+000
      vertex -3.626537e+001  6.684776e+001  2.100000e+001
    endloop
  endfacet
  facet normal  2.902958e-001 -9.569370e-001  0.000000e+000
    outer loop
      vertex -3.626537e+001  6.684776e+001  2.100000e+001
      vertex -3.626537e+001  6.684776e+001  0.000000e+000
      vertex -3.589018e+001  6.696157e+001  0.000000e+000
    endloop
  endfacet
  facet normal  2.902958e-001 -9.569370e-001  0.000000e+000
    outer loop
      vertex -3.626537e+001  6.684776e+001  2.100000e+001
      vertex -3.589018e+001  6.696157e+001  0.000000e+000
      vertex -3.589018e+001  6.696157e+001  2.100000e+001
    endloop
  endfacet
  facet normal  9.801622e-002 -9.951848e-001  0.000000e+000
    outer loop
      vertex -3.589018e+001  6.696157e+001  2.100000e+001
      vertex -3.589018e+001  6.696157e+001  0.000000e+000
      vertex -3.550000e+001  6.700000e+001  0.000000e+000
    endloop
  endfacet
  facet normal  9.801622e-002 -9.951848e-001  0.000000e+000
    outer loop
      vertex -3.589018e+001  6.696157e+001  2.100000e+001
      vertex -3.550000e+001  6.700000e+001  0.000000e+000
      vertex -3.550000e+001  6.700000e+001  2.100000e+001
    endloop
  endfacet
  facet normal  9.999999e-001  0.000000e+000  0.000000e+000
    outer loop
      vertex -3.750000e+001  3.800000e+001  2.100000e+001
      vertex -3.750000e+001  3.800000e+001  0.000000e+000
      vertex -3.750000e+001  6.500000e+001  2.100000e+001
    endloop
  endfacet
  facet normal  9.999999e-001  0.000000e+000  0.000000e+000
    outer loop
      vertex -3.750000e+001  6.500000e+001  2.100000e+001
      vertex -3.750000e+001  3.800000e+001  0.000000e+000
      vertex -3.750000e+001  6.500000e+001  0.000000e+000
    endloop
  endfacet
  facet normal -9.999999e-001  -0.000000e+000  0.000000e+000
    outer loop
      vertex  3.750000e+001  3.800000e+001  2.100000e+001
      vertex  3.750000e+001  6.500000e+001  2.100000e+001
      vertex  3.750000e+001  3.800000e+001  0.000000e+000
    endloop
  endfacet
  facet normal -9.999999e-001  0.000000e+000  0.000000e+000
    outer loop
      vertex  3.750000e+001  3.800000e+001  0.000000e+000
      vertex  3.750000e+001  6.500000e+001  2.100000e+001
      vertex  3.750000e+001  6.500000e+001  0.000000e+000
    endloop
  endfacet
  facet normal -6.343926e-001 -7.730110e-001  -0.000000e+000
    outer loop
      vertex  3.691422e+001  6.641422e+001  0.000000e+000
      vertex  3.661114e+001  6.666294e+001  2.100000e+001
      vertex  3.661114e+001  6.666294e+001  0.000000e+000
    endloop
  endfacet
  facet normal -4.713839e-001 -8.819281e-001  0.000000e+000
    outer loop
      vertex  3.661114e+001  6.666294e+001  0.000000e+000
      vertex  3.661114e+001  6.666294e+001  2.100000e+001
      vertex  3.626537e+001  6.684776e+001  2.100000e+001
    endloop
  endfacet
  facet normal -4.713839e-001 -8.819281e-001  -0.000000e+000
    outer loop
      vertex  3.661114e+001  6.666294e+001  0.000000e+000
      vertex  3.626537e+001  6.684776e+001  2.100000e+001
      vertex  3.626537e+001  6.684776e+001  0.000000e+000
    endloop
  endfacet
  facet normal -2.902958e-001 -9.569370e-001  0.000000e+000
    outer loop
      vertex  3.626537e+001  6.684776e+001  0.000000e+000
      vertex  3.626537e+001  6.684776e+001  2.100000e+001
      vertex  3.589018e+001  6.696157e+001  2.100000e+001
    endloop
  endfacet
  facet normal -2.902958e-001 -9.569370e-001  -0.000000e+000
    outer loop
      vertex  3.626537e+001  6.684776e+001  0.000000e+000
      vertex  3.589018e+001  6.696157e+001  2.100000e+001
      vertex  3.589018e+001  6.696157e+001  0.000000e+000
    endloop
  endfacet
  facet normal -9.801622e-002 -9.951848e-001  0.000000e+000
    outer loop
      vertex  3.589018e+001  6.696157e+001  0.000000e+000
      vertex  3.589018e+001  6.696157e+001  2.100000e+001
      vertex  3.550000e+001  6.700000e+001  2.100000e+001
    endloop
  endfacet
  facet normal -9.801622e-002 -9.951848e-001  -0.000000e+000
    outer loop
      vertex  3.589018e+001  6.696157e+001  0.000000e+000
      vertex  3.550000e+001  6.700000e+001  2.100000e+001
      vertex  3.550000e+001  6.700000e+001  0.000000e+000
    endloop
  endfacet
  facet normal -6.343926e-001 -7.730110e-001  0.000000e+000
    outer loop
      vertex  3.661114e+001  6.666294e+001  2.100000e+001
      vertex  3.691422e+001  6.641422e+001  0.000000e+000
      vertex  3.691422e+001  6.641422e+001  2.100000e+001
    endloop
  endfacet
  facet normal -7.730148e-001 -6.343879e-001  -0.000000e+000
    outer loop
      vertex  3.691422e+001  6.641422e+001  2.100000e+001
      vertex  3.691422e+001  6.641422e+001  0.000000e+000
      vertex  3.716294e+001  6.611114e+001  0.000000e+000
    endloop
  endfacet
  facet normal -7.730148e-001 -6.343879e-001  0.000000e+000
    outer loop
      vertex  3.691422e+001  6.641422e+001  2.100000e+001
      vertex  3.716294e+001  6.611114e+001  0.000000e+000
      vertex  3.716294e+001  6.611114e+001  2.100000e+001
    endloop
  endfacet
  facet normal -8.819219e-001 -4.713956e-001  -0.000000e+000
    outer loop
      vertex  3.716294e+001  6.611114e+001  2.100000e+001
      vertex  3.716294e+001  6.611114e+001  0.000000e+000
      vertex  3.734776e+001  6.576537e+001  0.000000e+000
    endloop
  endfacet
  facet normal -8.819219e-001 -4.713956e-001  0.000000e+000
    outer loop
      vertex  3.716294e+001  6.611114e+001  2.100000e+001
      vertex  3.734776e+001  6.576537e+001  0.000000e+000
      vertex  3.734776e+001  6.576537e+001  2.100000e+001
    endloop
  endfacet
  facet normal -9.569396e-001 -2.902869e-001  -0.000000e+000
    outer loop
      vertex  3.734776e+001  6.576537e+001  2.100000e+001
      vertex  3.734776e+001  6.576537e+001  0.000000e+000
      vertex  3.746157e+001  6.539018e+001  0.000000e+000
    endloop
  endfacet
  facet normal -9.569396e-001 -2.902869e-001  0.000000e+000
    outer loop
      vertex  3.734776e+001  6.576537e+001  2.100000e+001
      vertex  3.746157e+001  6.539018e+001  0.000000e+000
      vertex  3.746157e+001  6.539018e+001  2.100000e+001
    endloop
  endfacet
  facet normal -9.951848e-001 -9.801622e-002  -0.000000e+000
    outer loop
      vertex  3.746157e+001  6.539018e+001  2.100000e+001
      vertex  3.746157e+001  6.539018e+001  0.000000e+000
      vertex  3.750000e+001  6.500000e+001  0.000000e+000
    endloop
  endfacet
  facet normal -9.951848e-001 -9.801622e-002  0.000000e+000
    outer loop
      vertex  3.746157e+001  6.539018e+001  2.100000e+001
      vertex  3.750000e+001  6.500000e+001  0.000000e+000
      vertex  3.750000e+001  6.500000e+001  2.100000e+001
    endloop
  endfacet
  facet normal  0.000000e+000 -1.000000e+000  0.000000e+000
    outer loop
      vertex  3.550000e+001  6.700000e+001  2.100000e+001
      vertex  1.350000e+001  6.700000e+001  2.100000e+001
      vertex  3.550000e+001  6.700000e+001  0.000000e+000
    endloop
  endfacet
  facet normal  0.000000e+000 -1.000000e+000  0.000000e+000
    outer loop
      vertex  3.550000e+001  6.700000e+001  0.000000e+000
      vertex  1.350000e+001  6.700000e+001  2.100000e+001
      vertex  1.350000e+001  6.700000e+001  0.000000e+000
    endloop
  endfacet
  facet normal -9.803598e-002 -9.951829e-001  -0.000000e+000
    outer loop
      vertex  1.350000e+001  6.700000e+001  0.000000e+000
      vertex  1.350000e+001  6.700000e+001  2.100000e+001
      vertex  1.330491e+001  6.701922e+001  0.000000e+000
    endloop
  endfacet
  facet normal -9.803598e-002 -9.951829e-001  0.000000e+000
    outer loop
      vertex  1.330491e+001  6.701922e+001  0.000000e+000
      vertex  1.350000e+001  6.700000e+001  2.100000e+001
      vertex  1.330491e+001  6.701922e+001  2.100000e+001
    endloop
  endfacet
  facet normal -2.902575e-001 -9.569486e-001  -0.000000e+000
    outer loop
      vertex  1.330491e+001  6.701922e+001  0.000000e+000
      vertex  1.330491e+001  6.701922e+001  2.100000e+001
      vertex  1.311732e+001  6.707612e+001  0.000000e+000
    endloop
  endfacet
  facet normal -2.902575e-001 -9.569486e-001  0.000000e+000
    outer loop
      vertex  1.311732e+001  6.707612e+001  0.000000e+000
      vertex  1.330491e+001  6.701922e+001  2.100000e+001
      vertex  1.311732e+001  6.707612e+001  2.100000e+001
    endloop
  endfacet
  facet normal -4.714162e-001 -8.819108e-001  -0.000000e+000
    outer loop
      vertex  1.311732e+001  6.707612e+001  0.000000e+000
      vertex  1.311732e+001  6.707612e+001  2.100000e+001
      vertex  1.294443e+001  6.716853e+001  0.000000e+000
    endloop
  endfacet
  facet normal -4.714162e-001 -8.819108e-001  0.000000e+000
    outer loop
      vertex  1.294443e+001  6.716853e+001  0.000000e+000
      vertex  1.311732e+001  6.707612e+001  2.100000e+001
      vertex  1.294443e+001  6.716853e+001  2.100000e+001
    endloop
  endfacet
  facet normal -6.343834e-001 -7.730186e-001  -0.000000e+000
    outer loop
      vertex  1.294443e+001  6.716853e+001  0.000000e+000
      vertex  1.294443e+001  6.716853e+001  2.100000e+001
      vertex  1.279289e+001  6.729289e+001  0.000000e+000
    endloop
  endfacet
  facet normal -6.343834e-001 -7.730186e-001  0.000000e+000
    outer loop
      vertex  1.279289e+001  6.729289e+001  0.000000e+000
      vertex  1.294443e+001  6.716853e+001  2.100000e+001
      vertex  1.279289e+001  6.729289e+001  2.100000e+001
    endloop
  endfacet
  facet normal -7.730071e-001 -6.343974e-001  -0.000000e+000
    outer loop
      vertex  1.279289e+001  6.729289e+001  0.000000e+000
      vertex  1.279289e+001  6.729289e+001  2.100000e+001
      vertex  1.266853e+001  6.744443e+001  0.000000e+000
    endloop
  endfacet
  facet normal -7.730071e-001 -6.343974e-001  0.000000e+000
    outer loop
      vertex  1.266853e+001  6.744443e+001  0.000000e+000
      vertex  1.279289e+001  6.729289e+001  2.100000e+001
      vertex  1.266853e+001  6.744443e+001  2.100000e+001
    endloop
  endfacet
  facet normal -8.819242e-001 -4.713912e-001  -0.000000e+000
    outer loop
      vertex  1.266853e+001  6.744443e+001  0.000000e+000
      vertex  1.266853e+001  6.744443e+001  2.100000e+001
      vertex  1.257612e+001  6.761732e+001  0.000000e+000
    endloop
  endfacet
  facet normal -8.819242e-001 -4.713912e-001  0.000000e+000
    outer loop
      vertex  1.257612e+001  6.761732e+001  0.000000e+000
      vertex  1.266853e+001  6.744443e+001  2.100000e+001
      vertex  1.257612e+001  6.761732e+001  2.100000e+001
    endloop
  endfacet
  facet normal -9.569396e-001 -2.902869e-001  -0.000000e+000
    outer loop
      vertex  1.257612e+001  6.761732e+001  0.000000e+000
      vertex  1.257612e+001  6.761732e+001  2.100000e+001
      vertex  1.251921e+001  6.780491e+001  0.000000e+000
    endloop
  endfacet
  facet normal -9.569396e-001 -2.902869e-001  0.000000e+000
    outer loop
      vertex  1.251921e+001  6.780491e+001  0.000000e+000
      vertex  1.257612e+001  6.761732e+001  2.100000e+001
      vertex  1.251921e+001  6.780491e+001  2.100000e+001
    endloop
  endfacet
  facet normal -9.951848e-001 -9.801622e-002  -0.000000e+000
    outer loop
      vertex  1.251921e+001  6.780491e+001  0.000000e+000
      vertex  1.251921e+001  6.780491e+001  2.100000e+001
      vertex  1.250000e+001  6.800000e+001  0.000000e+000
    endloop
  endfacet
  facet normal -9.951848e-001 -9.801622e-002  0.000000e+000
    outer loop
      vertex  1.250000e+001  6.800000e+001  0.000000e+000
      vertex  1.251921e+001  6.780491e+001  2.100000e+001
      vertex  1.250000e+001  6.800000e+001  2.100000e+001
    endloop
  endfacet
  facet normal -1.000000e+000  0.000000e+000  0.000000e+000
    outer loop
      vertex  1.250000e+001  7.100000e+001  2.100000e+001
      vertex  1.250000e+001  7.100000e+001  0.000000e+000
      vertex  1.250000e+001  6.800000e+001  2.100000e+001
    endloop
  endfacet
  facet normal -1.000000e+000  0.000000e+000  0.000000e+000
    outer loop
      vertex  1.250000e+001  6.800000e+001  2.100000e+001
      vertex  1.250000e+001  7.100000e+001  0.000000e+000
      vertex  1.250000e+001  6.800000e+001  0.000000e+000
    endloop
  endfacet
  facet normal -9.951848e-001  9.801622e-002  0.000000e+000
    outer loop
      vertex  1.250000e+001  7.100000e+001  0.000000e+000
      vertex  1.250000e+001  7.100000e+001  2.100000e+001
      vertex  1.251921e+001  7.119509e+001  0.000000e+000
    endloop
  endfacet
  facet normal -9.951848e-001  9.801622e-002  0.000000e+000
    outer loop
      vertex  1.251921e+001  7.119509e+001  0.000000e+000
      vertex  1.250000e+001  7.100000e+001  2.100000e+001
      vertex  1.251921e+001  7.119509e+001  2.100000e+001
    endloop
  endfacet
  facet normal -9.569396e-001  2.902869e-001  0.000000e+000
    outer loop
      vertex  1.251921e+001  7.119509e+001  0.000000e+000
      vertex  1.251921e+001  7.119509e+001  2.100000e+001
      vertex  1.257612e+001  7.138268e+001  0.000000e+000
    endloop
  endfacet
  facet normal -9.569396e-001  2.902869e-001  0.000000e+000
    outer loop
      vertex  1.257612e+001  7.138268e+001  0.000000e+000
      vertex  1.251921e+001  7.119509e+001  2.100000e+001
      vertex  1.257612e+001  7.138268e+001  2.100000e+001
    endloop
  endfacet
  facet normal -8.819242e-001  4.713912e-001  0.000000e+000
    outer loop
      vertex  1.257612e+001  7.138268e+001  0.000000e+000
      vertex  1.257612e+001  7.138268e+001  2.100000e+001
      vertex  1.266853e+001  7.155557e+001  0.000000e+000
    endloop
  endfacet
  facet normal -8.819242e-001  4.713912e-001  0.000000e+000
    outer loop
      vertex  1.266853e+001  7.155557e+001  0.000000e+000
      vertex  1.257612e+001  7.138268e+001  2.100000e+001
      vertex  1.266853e+001  7.155557e+001  2.100000e+001
    endloop
  endfacet
  facet normal -7.730071e-001  6.343974e-001  0.000000e+000
    outer loop
      vertex  1.266853e+001  7.155557e+001  0.000000e+000
      vertex  1.266853e+001  7.155557e+001  2.100000e+001
      vertex  1.279289e+001  7.170711e+001  0.000000e+000
    endloop
  endfacet
  facet normal -7.730071e-001  6.343974e-001  0.000000e+000
    outer loop
      vertex  1.279289e+001  7.170711e+001  0.000000e+000
      vertex  1.266853e+001  7.155557e+001  2.100000e+001
      vertex  1.279289e+001  7.170711e+001  2.100000e+001
    endloop
  endfacet
  facet normal -6.343834e-001  7.730186e-001  0.000000e+000
    outer loop
      vertex  1.279289e+001  7.170711e+001  0.000000e+000
      vertex  1.279289e+001  7.170711e+001  2.100000e+001
      vertex  1.294443e+001  7.183147e+001  0.000000e+000
    endloop
  endfacet
  facet normal -6.343834e-001  7.730186e-001  0.000000e+000
    outer loop
      vertex  1.294443e+001  7.183147e+001  0.000000e+000
      vertex  1.279289e+001  7.170711e+001  2.100000e+001
      vertex  1.294443e+001  7.183147e+001  2.100000e+001
    endloop
  endfacet
  facet normal -4.714162e-001  8.819108e-001  0.000000e+000
    outer loop
      vertex  1.294443e+001  7.183147e+001  0.000000e+000
      vertex  1.294443e+001  7.183147e+001  2.100000e+001
      vertex  1.311732e+001  7.192388e+001  0.000000e+000
    endloop
  endfacet
  facet normal -4.714162e-001  8.819108e-001  0.000000e+000
    outer loop
      vertex  1.311732e+001  7.192388e+001  0.000000e+000
      vertex  1.294443e+001  7.183147e+001  2.100000e+001
      vertex  1.311732e+001  7.192388e+001  2.100000e+001
    endloop
  endfacet
  facet normal -2.902575e-001  9.569486e-001  0.000000e+000
    outer loop
      vertex  1.311732e+001  7.192388e+001  0.000000e+000
      vertex  1.311732e+001  7.192388e+001  2.100000e+001
      vertex  1.330491e+001  7.198078e+001  0.000000e+000
    endloop
  endfacet
  facet normal -2.902575e-001  9.569486e-001  0.000000e+000
    outer loop
      vertex  1.330491e+001  7.198078e+001  0.000000e+000
      vertex  1.311732e+001  7.192388e+001  2.100000e+001
      vertex  1.330491e+001  7.198078e+001  2.100000e+001
    endloop
  endfacet
  facet normal -9.803598e-002  9.951829e-001  0.000000e+000
    outer loop
      vertex  1.330491e+001  7.198078e+001  0.000000e+000
      vertex  1.330491e+001  7.198078e+001  2.100000e+001
      vertex  1.350000e+001  7.200000e+001  0.000000e+000
    endloop
  endfacet
  facet normal -9.803598e-002  9.951829e-001  0.000000e+000
    outer loop
      vertex  1.350000e+001  7.200000e+001  0.000000e+000
      vertex  1.330491e+001  7.198078e+001  2.100000e+001
      vertex  1.350000e+001  7.200000e+001  2.100000e+001
    endloop
  endfacet
  facet normal  0.000000e+000  1.000000e+000  -0.000000e+000
    outer loop
      vertex  3.950000e+001  7.200000e+001  2.100000e+001
      vertex  3.950000e+001  7.200000e+001  0.000000e+000
      vertex  1.350000e+001  7.200000e+001  2.100000e+001
    endloop
  endfacet
  facet normal  0.000000e+000  1.000000e+000  0.000000e+000
    outer loop
      vertex  1.350000e+001  7.200000e+001  2.100000e+001
      vertex  3.950000e+001  7.200000e+001  0.000000e+000
      vertex  1.350000e+001  7.200000e+001  0.000000e+000
    endloop
  endfacet
  facet normal  7.845686e-002  9.969175e-001  0.000000e+000
    outer loop
      vertex  3.950000e+001  7.200000e+001  0.000000e+000
      vertex  3.950000e+001  7.200000e+001  2.100000e+001
      vertex  3.996930e+001  7.196307e+001  0.000000e+000
    endloop
  endfacet
  facet normal  7.845686e-002  9.969175e-001  -0.000000e+000
    outer loop
      vertex  3.996930e+001  7.196307e+001  0.000000e+000
      vertex  3.950000e+001  7.200000e+001  2.100000e+001
      vertex  3.996930e+001  7.196307e+001  2.100000e+001
    endloop
  endfacet
  facet normal  2.334416e-001  9.723708e-001  0.000000e+000
    outer loop
      vertex  3.996930e+001  7.196307e+001  0.000000e+000
      vertex  3.996930e+001  7.196307e+001  2.100000e+001
      vertex  4.042705e+001  7.185317e+001  0.000000e+000
    endloop
  endfacet
  facet normal  2.334416e-001  9.723708e-001  -0.000000e+000
    outer loop
      vertex  4.042705e+001  7.185317e+001  0.000000e+000
      vertex  3.996930e+001  7.196307e+001  2.100000e+001
      vertex  4.042705e+001  7.185317e+001  2.100000e+001
    endloop
  endfacet
  facet normal  3.826881e-001  9.238775e-001  0.000000e+000
    outer loop
      vertex  4.042705e+001  7.185317e+001  0.000000e+000
      vertex  4.042705e+001  7.185317e+001  2.100000e+001
      vertex  4.086197e+001  7.167302e+001  0.000000e+000
    endloop
  endfacet
  facet normal  3.826881e-001  9.238775e-001  -0.000000e+000
    outer loop
      vertex  4.086197e+001  7.167302e+001  0.000000e+000
      vertex  4.042705e+001  7.185317e+001  2.100000e+001
      vertex  4.086197e+001  7.167302e+001  2.100000e+001
    endloop
  endfacet
  facet normal  5.225050e-001  8.526362e-001  0.000000e+000
    outer loop
      vertex  4.086197e+001  7.167302e+001  0.000000e+000
      vertex  4.086197e+001  7.167302e+001  2.100000e+001
      vertex  4.126336e+001  7.142705e+001  0.000000e+000
    endloop
  endfacet
  facet normal  5.225050e-001  8.526362e-001  -0.000000e+000
    outer loop
      vertex  4.126336e+001  7.142705e+001  0.000000e+000
      vertex  4.086197e+001  7.167302e+001  2.100000e+001
      vertex  4.126336e+001  7.142705e+001  2.100000e+001
    endloop
  endfacet
  facet normal  6.494424e-001  7.604109e-001  0.000000e+000
    outer loop
      vertex  4.126336e+001  7.142705e+001  0.000000e+000
      vertex  4.126336e+001  7.142705e+001  2.100000e+001
      vertex  4.162132e+001  7.112132e+001  0.000000e+000
    endloop
  endfacet
  facet normal  6.494424e-001  7.604109e-001  -0.000000e+000
    outer loop
      vertex  4.162132e+001  7.112132e+001  0.000000e+000
      vertex  4.126336e+001  7.142705e+001  2.100000e+001
      vertex  4.162132e+001  7.112132e+001  2.100000e+001
    endloop
  endfacet
  facet normal  7.604029e-001  6.494517e-001  0.000000e+000
    outer loop
      vertex  4.162132e+001  7.112132e+001  0.000000e+000
      vertex  4.162132e+001  7.112132e+001  2.100000e+001
      vertex  4.192705e+001  7.076336e+001  0.000000e+000
    endloop
  endfacet
  facet normal  7.604029e-001  6.494517e-001  -0.000000e+000
    outer loop
      vertex  4.192705e+001  7.076336e+001  0.000000e+000
      vertex  4.162132e+001  7.112132e+001  2.100000e+001
      vertex  4.192705e+001  7.076336e+001  2.100000e+001
    endloop
  endfacet
  facet normal  8.526442e-001  5.224919e-001  0.000000e+000
    outer loop
      vertex  4.192705e+001  7.076336e+001  0.000000e+000
      vertex  4.192705e+001  7.076336e+001  2.100000e+001
      vertex  4.217302e+001  7.036197e+001  0.000000e+000
    endloop
  endfacet
  facet normal  8.526442e-001  5.224919e-001  -0.000000e+000
    outer loop
      vertex  4.217302e+001  7.036197e+001  0.000000e+000
      vertex  4.192705e+001  7.076336e+001  2.100000e+001
      vertex  4.217302e+001  7.036197e+001  2.100000e+001
    endloop
  endfacet
  facet normal  9.238804e-001  3.826812e-001  0.000000e+000
    outer loop
      vertex  4.217302e+001  7.036197e+001  0.000000e+000
      vertex  4.217302e+001  7.036197e+001  2.100000e+001
      vertex  4.235317e+001  6.992705e+001  0.000000e+000
    endloop
  endfacet
  facet normal  9.238804e-001  3.826812e-001  -0.000000e+000
    outer loop
      vertex  4.235317e+001  6.992705e+001  0.000000e+000
      vertex  4.217302e+001  7.036197e+001  2.100000e+001
      vertex  4.235317e+001  6.992705e+001  2.100000e+001
    endloop
  endfacet
  facet normal  9.723682e-001  2.334530e-001  0.000000e+000
    outer loop
      vertex  4.235317e+001  6.992705e+001  0.000000e+000
      vertex  4.235317e+001  6.992705e+001  2.100000e+001
      vertex  4.246307e+001  6.946931e+001  0.000000e+000
    endloop
  endfacet
  facet normal  9.723682e-001  2.334530e-001  -0.000000e+000
    outer loop
      vertex  4.246307e+001  6.946931e+001  0.000000e+000
      vertex  4.235317e+001  6.992705e+001  2.100000e+001
      vertex  4.246307e+001  6.946931e+001  2.100000e+001
    endloop
  endfacet
  facet normal  9.969175e-001  7.845622e-002  0.000000e+000
    outer loop
      vertex  4.246307e+001  6.946931e+001  0.000000e+000
      vertex  4.246307e+001  6.946931e+001  2.100000e+001
      vertex  4.250000e+001  6.900000e+001  0.000000e+000
    endloop
  endfacet
  facet normal  9.969175e-001  7.845622e-002  -0.000000e+000
    outer loop
      vertex  4.250000e+001  6.900000e+001  0.000000e+000
      vertex  4.246307e+001  6.946931e+001  2.100000e+001
      vertex  4.250000e+001  6.900000e+001  2.100000e+001
    endloop
  endfacet
  facet normal  1.000000e+000  0.000000e+000  0.000000e+000
    outer loop
      vertex  4.250000e+001  3.800000e+001  2.100000e+001
      vertex  4.250000e+001  3.800000e+001  0.000000e+000
      vertex  4.250000e+001  6.900000e+001  2.100000e+001
    endloop
  endfacet
  facet normal  1.000000e+000  0.000000e+000  0.000000e+000
    outer loop
      vertex  4.250000e+001  6.900000e+001  2.100000e+001
      vertex  4.250000e+001  3.800000e+001  0.000000e+000
      vertex  4.250000e+001  6.900000e+001  0.000000e+000
    endloop
  endfacet
  facet normal  9.951848e-001 -9.801622e-002  0.000000e+000
    outer loop
      vertex  4.250000e+001  3.800000e+001  0.000000e+000
      vertex  4.250000e+001  3.800000e+001  2.100000e+001
      vertex  4.248079e+001  3.780491e+001  0.000000e+000
    endloop
  endfacet
  facet normal  9.951848e-001 -9.801622e-002  0.000000e+000
    outer loop
      vertex  4.248079e+001  3.780491e+001  0.000000e+000
      vertex  4.250000e+001  3.800000e+001  2.100000e+001
      vertex  4.248079e+001  3.780491e+001  2.100000e+001
    endloop
  endfacet
  facet normal  9.569370e-001 -2.902958e-001  0.000000e+000
    outer loop
      vertex  4.248079e+001  3.780491e+001  0.000000e+000
      vertex  4.248079e+001  3.780491e+001  2.100000e+001
      vertex  4.242388e+001  3.761732e+001  0.000000e+000
    endloop
  endfacet
  facet normal  9.569370e-001 -2.902958e-001  0.000000e+000
    outer loop
      vertex  4.242388e+001  3.761732e+001  0.000000e+000
      vertex  4.248079e+001  3.780491e+001  2.100000e+001
      vertex  4.242388e+001  3.761732e+001  2.100000e+001
    endloop
  endfacet
  facet normal  8.819260e-001 -4.713880e-001  0.000000e+000
    outer loop
      vertex  4.242388e+001  3.761732e+001  0.000000e+000
      vertex  4.242388e+001  3.761732e+001  2.100000e+001
      vertex  4.233147e+001  3.744443e+001  0.000000e+000
    endloop
  endfacet
  facet normal  8.819260e-001 -4.713880e-001  0.000000e+000
    outer loop
      vertex  4.233147e+001  3.744443e+001  0.000000e+000
      vertex  4.242388e+001  3.761732e+001  2.100000e+001
      vertex  4.233147e+001  3.744443e+001  2.100000e+001
    endloop
  endfacet
  facet normal  7.730148e-001 -6.343879e-001  0.000000e+000
    outer loop
      vertex  4.233147e+001  3.744443e+001  0.000000e+000
      vertex  4.233147e+001  3.744443e+001  2.100000e+001
      vertex  4.220711e+001  3.729289e+001  0.000000e+000
    endloop
  endfacet
  facet normal  7.730148e-001 -6.343879e-001  0.000000e+000
    outer loop
      vertex  4.220711e+001  3.729289e+001  0.000000e+000
      vertex  4.233147e+001  3.744443e+001  2.100000e+001
      vertex  4.220711e+001  3.729289e+001  2.100000e+001
    endloop
  endfacet
  facet normal  6.343879e-001 -7.730148e-001  0.000000e+000
    outer loop
      vertex  4.220711e+001  3.729289e+001  0.000000e+000
      vertex  4.220711e+001  3.729289e+001  2.100000e+001
      vertex  4.205557e+001  3.716853e+001  0.000000e+000
    endloop
  endfacet
  facet normal  6.343879e-001 -7.730148e-001  0.000000e+000
    outer loop
      vertex  4.205557e+001  3.716853e+001  0.000000e+000
      vertex  4.220711e+001  3.729289e+001  2.100000e+001
      vertex  4.205557e+001  3.716853e+001  2.100000e+001
    endloop
  endfacet
  facet normal  4.713880e-001 -8.819260e-001  0.000000e+000
    outer loop
      vertex  4.205557e+001  3.716853e+001  0.000000e+000
      vertex  4.205557e+001  3.716853e+001  2.100000e+001
      vertex  4.188268e+001  3.707612e+001  0.000000e+000
    endloop
  endfacet
  facet normal  4.713880e-001 -8.819260e-001  0.000000e+000
    outer loop
      vertex  4.188268e+001  3.707612e+001  0.000000e+000
      vertex  4.205557e+001  3.716853e+001  2.100000e+001
      vertex  4.188268e+001  3.707612e+001  2.100000e+001
    endloop
  endfacet
  facet normal  2.902958e-001 -9.569370e-001  0.000000e+000
    outer loop
      vertex  4.188268e+001  3.707612e+001  0.000000e+000
      vertex  4.188268e+001  3.707612e+001  2.100000e+001
      vertex  4.169509e+001  3.701921e+001  0.000000e+000
    endloop
  endfacet
  facet normal  2.902958e-001 -9.569370e-001  0.000000e+000
    outer loop
      vertex  4.169509e+001  3.701921e+001  0.000000e+000
      vertex  4.188268e+001  3.707612e+001  2.100000e+001
      vertex  4.169509e+001  3.701921e+001  2.100000e+001
    endloop
  endfacet
  facet normal  9.801622e-002 -9.951848e-001  0.000000e+000
    outer loop
      vertex  4.169509e+001  3.701921e+001  0.000000e+000
      vertex  4.169509e+001  3.701921e+001  2.100000e+001
      vertex  4.150000e+001  3.700000e+001  0.000000e+000
    endloop
  endfacet
  facet normal  9.801622e-002 -9.951848e-001  0.000000e+000
    outer loop
      vertex  4.150000e+001  3.700000e+001  0.000000e+000
      vertex  4.169509e+001  3.701921e+001  2.100000e+001
      vertex  4.150000e+001  3.700000e+001  2.100000e+001
    endloop
  endfacet
  facet normal  0.000000e+000 -1.000000e+000  0.000000e+000
    outer loop
      vertex  3.850000e+001  3.700000e+001  2.100000e+001
      vertex  3.850000e+001  3.700000e+001  0.000000e+000
      vertex  4.150000e+001  3.700000e+001  2.100000e+001
    endloop
  endfacet
  facet normal  0.000000e+000 -1.000000e+000  -0.000000e+000
    outer loop
      vertex  4.150000e+001  3.700000e+001  2.100000e+001
      vertex  3.850000e+001  3.700000e+001  0.000000e+000
      vertex  4.150000e+001  3.700000e+001  0.000000e+000
    endloop
  endfacet
  facet normal -9.801622e-002 -9.951848e-001  -0.000000e+000
    outer loop
      vertex  3.850000e+001  3.700000e+001  0.000000e+000
      vertex  3.850000e+001  3.700000e+001  2.100000e+001
      vertex  3.830491e+001  3.701921e+001  0.000000e+000
    endloop
  endfacet
  facet normal -9.801622e-002 -9.951848e-001  0.000000e+000
    outer loop
      vertex  3.830491e+001  3.701921e+001  0.000000e+000
      vertex  3.850000e+001  3.700000e+001  2.100000e+001
      vertex  3.830491e+001  3.701921e+001  2.100000e+001
    endloop
  endfacet
  facet normal -2.902958e-001 -9.569370e-001  -0.000000e+000
    outer loop
      vertex  3.830491e+001  3.701921e+001  0.000000e+000
      vertex  3.830491e+001  3.701921e+001  2.100000e+001
      vertex  3.811732e+001  3.707612e+001  0.000000e+000
    endloop
  endfacet
  facet normal -2.902958e-001 -9.569370e-001  0.000000e+000
    outer loop
      vertex  3.811732e+001  3.707612e+001  0.000000e+000
      vertex  3.830491e+001  3.701921e+001  2.100000e+001
      vertex  3.811732e+001  3.707612e+001  2.100000e+001
    endloop
  endfacet
  facet normal -4.713880e-001 -8.819260e-001  -0.000000e+000
    outer loop
      vertex  3.811732e+001  3.707612e+001  0.000000e+000
      vertex  3.811732e+001  3.707612e+001  2.100000e+001
      vertex  3.794443e+001  3.716853e+001  0.000000e+000
    endloop
  endfacet
  facet normal -4.713880e-001 -8.819260e-001  0.000000e+000
    outer loop
      vertex  3.794443e+001  3.716853e+001  0.000000e+000
      vertex  3.811732e+001  3.707612e+001  2.100000e+001
      vertex  3.794443e+001  3.716853e+001  2.100000e+001
    endloop
  endfacet
  facet normal -6.343879e-001 -7.730148e-001  -0.000000e+000
    outer loop
      vertex  3.794443e+001  3.716853e+001  0.000000e+000
      vertex  3.794443e+001  3.716853e+001  2.100000e+001
      vertex  3.779289e+001  3.729289e+001  0.000000e+000
    endloop
  endfacet
  facet normal -6.343879e-001 -7.730148e-001  0.000000e+000
    outer loop
      vertex  3.779289e+001  3.729289e+001  0.000000e+000
      vertex  3.794443e+001  3.716853e+001  2.100000e+001
      vertex  3.779289e+001  3.729289e+001  2.100000e+001
    endloop
  endfacet
  facet normal -7.730148e-001 -6.343879e-001  -0.000000e+000
    outer loop
      vertex  3.779289e+001  3.729289e+001  0.000000e+000
      vertex  3.779289e+001  3.729289e+001  2.100000e+001
      vertex  3.766853e+001  3.744443e+001  0.000000e+000
    endloop
  endfacet
  facet normal -7.730148e-001 -6.343879e-001  0.000000e+000
    outer loop
      vertex  3.766853e+001  3.744443e+001  0.000000e+000
      vertex  3.779289e+001  3.729289e+001  2.100000e+001
      vertex  3.766853e+001  3.744443e+001  2.100000e+001
    endloop
  endfacet
  facet normal -8.819260e-001 -4.713880e-001  -0.000000e+000
    outer loop
      vertex  3.766853e+001  3.744443e+001  0.000000e+000
      vertex  3.766853e+001  3.744443e+001  2.100000e+001
      vertex  3.757612e+001  3.761732e+001  0.000000e+000
    endloop
  endfacet
  facet normal -8.819260e-001 -4.713880e-001  0.000000e+000
    outer loop
      vertex  3.757612e+001  3.761732e+001  0.000000e+000
      vertex  3.766853e+001  3.744443e+001  2.100000e+001
      vertex  3.757612e+001  3.761732e+001  2.100000e+001
    endloop
  endfacet
  facet normal -9.569370e-001 -2.902958e-001  -0.000000e+000
    outer loop
      vertex  3.757612e+001  3.761732e+001  0.000000e+000
      vertex  3.757612e+001  3.761732e+001  2.100000e+001
      vertex  3.751921e+001  3.780491e+001  0.000000e+000
    endloop
  endfacet
  facet normal -9.569370e-001 -2.902958e-001  0.000000e+000
    outer loop
      vertex  3.751921e+001  3.780491e+001  0.000000e+000
      vertex  3.757612e+001  3.761732e+001  2.100000e+001
      vertex  3.751921e+001  3.780491e+001  2.100000e+001
    endloop
  endfacet
  facet normal -9.951848e-001 -9.801622e-002  -0.000000e+000
    outer loop
      vertex  3.751921e+001  3.780491e+001  0.000000e+000
      vertex  3.751921e+001  3.780491e+001  2.100000e+001
      vertex  3.750000e+001  3.800000e+001  0.000000e+000
    endloop
  endfacet
  facet normal -9.951848e-001 -9.801622e-002  0.000000e+000
    outer loop
      vertex  3.750000e+001  3.800000e+001  0.000000e+000
      vertex  3.751921e+001  3.780491e+001  2.100000e+001
      vertex  3.750000e+001  3.800000e+001  2.100000e+001
    endloop
  endfacet
  facet normal  -0.000000e+000  0.000000e+000  1.000000e+000
    outer loop
      vertex -3.850000e+001 -3.700000e+001  2.100000e+001
      vertex -4.150000e+001 -3.700000e+001  2.100000e+001
      vertex -4.126336e+001 -7.142705e+001  2.100000e+001
    endloop
  endfacet
  facet normal  -0.000000e+000  0.000000e+000  1.000000e+000
    outer loop
      vertex -3.850000e+001 -3.700000e+001  2.100000e+001
      vertex -4.126336e+001 -7.142705e+001  2.100000e+001
      vertex -4.086197e+001 -7.167302e+001  2.100000e+001
    endloop
  endfacet
  facet normal  -0.000000e+000  0.000000e+000  1.000000e+000
    outer loop
      vertex -3.850000e+001 -3.700000e+001  2.100000e+001
      vertex -4.086197e+001 -7.167302e+001  2.100000e+001
      vertex -4.042705e+001 -7.185317e+001  2.100000e+001
    endloop
  endfacet
  facet normal  -0.000000e+000  0.000000e+000  1.000000e+000
    outer loop
      vertex -3.850000e+001 -3.700000e+001  2.100000e+001
      vertex -4.042705e+001 -7.185317e+001  2.100000e+001
      vertex -3.996930e+001 -7.196307e+001  2.100000e+001
    endloop
  endfacet
  facet normal  -0.000000e+000  0.000000e+000  1.000000e+000
    outer loop
      vertex -3.850000e+001 -3.700000e+001  2.100000e+001
      vertex -3.996930e+001 -7.196307e+001  2.100000e+001
      vertex -3.950000e+001 -7.200000e+001  2.100000e+001
    endloop
  endfacet
  facet normal  0.000000e+000  0.000000e+000  1.000000e+000
    outer loop
      vertex -3.750000e+001 -6.500000e+001  2.100000e+001
      vertex -3.750000e+001 -3.800000e+001  2.100000e+001
      vertex -3.751921e+001 -3.780491e+001  2.100000e+001
    endloop
  endfacet
  facet normal  0.000000e+000  0.000000e+000  1.000000e+000
    outer loop
      vertex -3.750000e+001 -6.500000e+001  2.100000e+001
      vertex -3.751921e+001 -3.780491e+001  2.100000e+001
      vertex -3.757612e+001 -3.761732e+001  2.100000e+001
    endloop
  endfacet
  facet normal  0.000000e+000  0.000000e+000  1.000000e+000
    outer loop
      vertex -3.750000e+001 -6.500000e+001  2.100000e+001
      vertex -3.757612e+001 -3.761732e+001  2.100000e+001
      vertex -3.766853e+001 -3.744443e+001  2.100000e+001
    endloop
  endfacet
  facet normal  0.000000e+000  0.000000e+000  1.000000e+000
    outer loop
      vertex -3.750000e+001 -6.500000e+001  2.100000e+001
      vertex -3.766853e+001 -3.744443e+001  2.100000e+001
      vertex -3.779289e+001 -3.729289e+001  2.100000e+001
    endloop
  endfacet
  facet normal  0.000000e+000  0.000000e+000  1.000000e+000
    outer loop
      vertex -3.750000e+001 -6.500000e+001  2.100000e+001
      vertex -3.779289e+001 -3.729289e+001  2.100000e+001
      vertex -3.794443e+001 -3.716853e+001  2.100000e+001
    endloop
  endfacet
  facet normal  0.000000e+000  0.000000e+000  1.000000e+000
    outer loop
      vertex -3.750000e+001 -6.500000e+001  2.100000e+001
      vertex -3.794443e+001 -3.716853e+001  2.100000e+001
      vertex -3.811732e+001 -3.707612e+001  2.100000e+001
    endloop
  endfacet
  facet normal  0.000000e+000  0.000000e+000  1.000000e+000
    outer loop
      vertex -3.750000e+001 -6.500000e+001  2.100000e+001
      vertex -3.811732e+001 -3.707612e+001  2.100000e+001
      vertex -3.830491e+001 -3.701921e+001  2.100000e+001
    endloop
  endfacet
  facet normal  0.000000e+000  0.000000e+000  1.000000e+000
    outer loop
      vertex -3.750000e+001 -6.500000e+001  2.100000e+001
      vertex -3.830491e+001 -3.701921e+001  2.100000e+001
      vertex -3.850000e+001 -3.700000e+001  2.100000e+001
    endloop
  endfacet
  facet normal  0.000000e+000  -0.000000e+000  1.000000e+000
    outer loop
      vertex -3.950000e+001 -7.200000e+001  2.100000e+001
      vertex -1.350000e+001 -7.200000e+001  2.100000e+001
      vertex -1.350000e+001 -6.700000e+001  2.100000e+001
    endloop
  endfacet
  facet normal  0.000000e+000  0.000000e+000  9.999999e-001
    outer loop
      vertex -3.950000e+001 -7.200000e+001  2.100000e+001
      vertex -1.350000e+001 -6.700000e+001  2.100000e+001
      vertex -3.550000e+001 -6.700000e+001  2.100000e+001
    endloop
  endfacet
  facet normal  0.000000e+000  0.000000e+000  1.000000e+000
    outer loop
      vertex -3.950000e+001 -7.200000e+001  2.100000e+001
      vertex -3.550000e+001 -6.700000e+001  2.100000e+001
      vertex -3.589018e+001 -6.696157e+001  2.100000e+001
    endloop
  endfacet
  facet normal  0.000000e+000  0.000000e+000  1.000000e+000
    outer loop
      vertex -3.950000e+001 -7.200000e+001  2.100000e+001
      vertex -3.589018e+001 -6.696157e+001  2.100000e+001
      vertex -3.626537e+001 -6.684776e+001  2.100000e+001
    endloop
  endfacet
  facet normal  0.000000e+000  0.000000e+000  1.000000e+000
    outer loop
      vertex -3.950000e+001 -7.200000e+001  2.100000e+001
      vertex -3.626537e+001 -6.684776e+001  2.100000e+001
      vertex -3.661114e+001 -6.666294e+001  2.100000e+001
    endloop
  endfacet
  facet normal  0.000000e+000  0.000000e+000  1.000000e+000
    outer loop
      vertex -3.950000e+001 -7.200000e+001  2.100000e+001
      vertex -3.661114e+001 -6.666294e+001  2.100000e+001
      vertex -3.691422e+001 -6.641422e+001  2.100000e+001
    endloop
  endfacet
  facet normal  0.000000e+000  0.000000e+000  1.000000e+000
    outer loop
      vertex -3.950000e+001 -7.200000e+001  2.100000e+001
      vertex -3.691422e+001 -6.641422e+001  2.100000e+001
      vertex -3.716294e+001 -6.611114e+001  2.100000e+001
    endloop
  endfacet
  facet normal  0.000000e+000  0.000000e+000  1.000000e+000
    outer loop
      vertex -3.950000e+001 -7.200000e+001  2.100000e+001
      vertex -3.716294e+001 -6.611114e+001  2.100000e+001
      vertex -3.734776e+001 -6.576537e+001  2.100000e+001
    endloop
  endfacet
  facet normal  0.000000e+000  0.000000e+000  9.999999e-001
    outer loop
      vertex -3.950000e+001 -7.200000e+001  2.100000e+001
      vertex -3.734776e+001 -6.576537e+001  2.100000e+001
      vertex -3.746157e+001 -6.539018e+001  2.100000e+001
    endloop
  endfacet
  facet normal  0.000000e+000  0.000000e+000  1.000000e+000
    outer loop
      vertex -3.950000e+001 -7.200000e+001  2.100000e+001
      vertex -3.746157e+001 -6.539018e+001  2.100000e+001
      vertex -3.750000e+001 -6.500000e+001  2.100000e+001
    endloop
  endfacet
  facet normal  0.000000e+000  0.000000e+000  1.000000e+000
    outer loop
      vertex -3.950000e+001 -7.200000e+001  2.100000e+001
      vertex -3.750000e+001 -6.500000e+001  2.100000e+001
      vertex -3.850000e+001 -3.700000e+001  2.100000e+001
    endloop
  endfacet
  facet normal  0.000000e+000  0.000000e+000  1.000000e+000
    outer loop
      vertex -4.250000e+001 -3.800000e+001  2.100000e+001
      vertex -4.250000e+001 -6.900000e+001  2.100000e+001
      vertex -4.248079e+001 -3.780491e+001  2.100000e+001
    endloop
  endfacet
  facet normal  0.000000e+000  0.000000e+000  1.000000e+000
    outer loop
      vertex -4.248079e+001 -3.780491e+001  2.100000e+001
      vertex -4.250000e+001 -6.900000e+001  2.100000e+001
      vertex -4.246307e+001 -6.946931e+001  2.100000e+001
    endloop
  endfacet
  facet normal  0.000000e+000  -0.000000e+000  1.000000e+000
    outer loop
      vertex -4.248079e+001 -3.780491e+001  2.100000e+001
      vertex -4.246307e+001 -6.946931e+001  2.100000e+001
      vertex -4.242388e+001 -3.761732e+001  2.100000e+001
    endloop
  endfacet
  facet normal  0.000000e+000  0.000000e+000  1.000000e+000
    outer loop
      vertex -4.242388e+001 -3.761732e+001  2.100000e+001
      vertex -4.246307e+001 -6.946931e+001  2.100000e+001
      vertex -4.235317e+001 -6.992705e+001  2.100000e+001
    endloop
  endfacet
  facet normal  0.000000e+000  -0.000000e+000  1.000000e+000
    outer loop
      vertex -4.242388e+001 -3.761732e+001  2.100000e+001
      vertex -4.235317e+001 -6.992705e+001  2.100000e+001
      vertex -4.233147e+001 -3.744443e+001  2.100000e+001
    endloop
  endfacet
  facet normal  0.000000e+000  0.000000e+000  1.000000e+000
    outer loop
      vertex -4.233147e+001 -3.744443e+001  2.100000e+001
      vertex -4.235317e+001 -6.992705e+001  2.100000e+001
      vertex -4.220711e+001 -3.729289e+001  2.100000e+001
    endloop
  endfacet
  facet normal  0.000000e+000  0.000000e+000  1.000000e+000
    outer loop
      vertex -4.220711e+001 -3.729289e+001  2.100000e+001
      vertex -4.235317e+001 -6.992705e+001  2.100000e+001
      vertex -4.217302e+001 -7.036197e+001  2.100000e+001
    endloop
  endfacet
  facet normal  0.000000e+000  -0.000000e+000  1.000000e+000
    outer loop
      vertex -4.220711e+001 -3.729289e+001  2.100000e+001
      vertex -4.217302e+001 -7.036197e+001  2.100000e+001
      vertex -4.205557e+001 -3.716853e+001  2.100000e+001
    endloop
  endfacet
  facet normal  0.000000e+000  0.000000e+000  1.000000e+000
    outer loop
      vertex -4.205557e+001 -3.716853e+001  2.100000e+001
      vertex -4.217302e+001 -7.036197e+001  2.100000e+001
      vertex -4.192705e+001 -7.076336e+001  2.100000e+001
    endloop
  endfacet
  facet normal  0.000000e+000  -0.000000e+000  1.000000e+000
    outer loop
      vertex -4.205557e+001 -3.716853e+001  2.100000e+001
      vertex -4.192705e+001 -7.076336e+001  2.100000e+001
      vertex -4.188268e+001 -3.707612e+001  2.100000e+001
    endloop
  endfacet
  facet normal  0.000000e+000  0.000000e+000  1.000000e+000
    outer loop
      vertex -4.188268e+001 -3.707612e+001  2.100000e+001
      vertex -4.192705e+001 -7.076336e+001  2.100000e+001
      vertex -4.169509e+001 -3.701921e+001  2.100000e+001
    endloop
  endfacet
  facet normal  0.000000e+000  0.000000e+000  9.999999e-001
    outer loop
      vertex -4.169509e+001 -3.701921e+001  2.100000e+001
      vertex -4.192705e+001 -7.076336e+001  2.100000e+001
      vertex -4.162132e+001 -7.112132e+001  2.100000e+001
    endloop
  endfacet
  facet normal  0.000000e+000  -0.000000e+000  1.000000e+000
    outer loop
      vertex -4.169509e+001 -3.701921e+001  2.100000e+001
      vertex -4.162132e+001 -7.112132e+001  2.100000e+001
      vertex -4.150000e+001 -3.700000e+001  2.100000e+001
    endloop
  endfacet
  facet normal  0.000000e+000  0.000000e+000  1.000000e+000
    outer loop
      vertex -4.150000e+001 -3.700000e+001  2.100000e+001
      vertex -4.162132e+001 -7.112132e+001  2.100000e+001
      vertex -4.126336e+001 -7.142705e+001  2.100000e+001
    endloop
  endfacet
  facet normal  0.000000e+000  0.000000e+000  9.999999e-001
    outer loop
      vertex -1.350000e+001 -6.700000e+001  2.100000e+001
      vertex -1.350000e+001 -7.200000e+001  2.100000e+001
      vertex -1.330491e+001 -6.701922e+001  2.100000e+001
    endloop
  endfacet
  facet normal  0.000000e+000  0.000000e+000  1.000000e+000
    outer loop
      vertex -1.330491e+001 -6.701922e+001  2.100000e+001
      vertex -1.350000e+001 -7.200000e+001  2.100000e+001
      vertex -1.330491e+001 -7.198078e+001  2.100000e+001
    endloop
  endfacet
  facet normal  0.000000e+000  0.000000e+000  9.999999e-001
    outer loop
      vertex -1.330491e+001 -6.701922e+001  2.100000e+001
      vertex -1.330491e+001 -7.198078e+001  2.100000e+001
      vertex -1.311732e+001 -6.707612e+001  2.100000e+001
    endloop
  endfacet
  facet normal  0.000000e+000  0.000000e+000  1.000000e+000
    outer loop
      vertex -1.311732e+001 -6.707612e+001  2.100000e+001
      vertex -1.330491e+001 -7.198078e+001  2.100000e+001
      vertex -1.311732e+001 -7.192388e+001  2.100000e+001
    endloop
  endfacet
  facet normal  0.000000e+000  0.000000e+000  1.000000e+000
    outer loop
      vertex -1.311732e+001 -6.707612e+001  2.100000e+001
      vertex -1.311732e+001 -7.192388e+001  2.100000e+001
      vertex -1.294443e+001 -6.716853e+001  2.100000e+001
    endloop
  endfacet
  facet normal  0.000000e+000  0.000000e+000  9.999999e-001
    outer loop
      vertex -1.294443e+001 -6.716853e+001  2.100000e+001
      vertex -1.311732e+001 -7.192388e+001  2.100000e+001
      vertex -1.294443e+001 -7.183147e+001  2.100000e+001
    endloop
  endfacet
  facet normal  0.000000e+000  0.000000e+000  9.999999e-001
    outer loop
      vertex -1.294443e+001 -6.716853e+001  2.100000e+001
      vertex -1.294443e+001 -7.183147e+001  2.100000e+001
      vertex -1.279289e+001 -6.729289e+001  2.100000e+001
    endloop
  endfacet
  facet normal  0.000000e+000  0.000000e+000  1.000000e+000
    outer loop
      vertex -1.279289e+001 -6.729289e+001  2.100000e+001
      vertex -1.294443e+001 -7.183147e+001  2.100000e+001
      vertex -1.279289e+001 -7.170711e+001  2.100000e+001
    endloop
  endfacet
  facet normal  0.000000e+000  0.000000e+000  1.000000e+000
    outer loop
      vertex -1.279289e+001 -6.729289e+001  2.100000e+001
      vertex -1.279289e+001 -7.170711e+001  2.100000e+001
      vertex -1.266853e+001 -6.744443e+001  2.100000e+001
    endloop
  endfacet
  facet normal  0.000000e+000  0.000000e+000  1.000000e+000
    outer loop
      vertex -1.266853e+001 -6.744443e+001  2.100000e+001
      vertex -1.279289e+001 -7.170711e+001  2.100000e+001
      vertex -1.266853e+001 -7.155557e+001  2.100000e+001
    endloop
  endfacet
  facet normal  0.000000e+000  0.000000e+000  1.000000e+000
    outer loop
      vertex -1.266853e+001 -6.744443e+001  2.100000e+001
      vertex -1.266853e+001 -7.155557e+001  2.100000e+001
      vertex -1.257612e+001 -6.761732e+001  2.100000e+001
    endloop
  endfacet
  facet normal  0.000000e+000  0.000000e+000  1.000000e+000
    outer loop
      vertex -1.257612e+001 -6.761732e+001  2.100000e+001
      vertex -1.266853e+001 -7.155557e+001  2.100000e+001
      vertex -1.257612e+001 -7.138268e+001  2.100000e+001
    endloop
  endfacet
  facet normal  0.000000e+000  0.000000e+000  9.999999e-001
    outer loop
      vertex -1.257612e+001 -6.761732e+001  2.100000e+001
      vertex -1.257612e+001 -7.138268e+001  2.100000e+001
      vertex -1.251921e+001 -6.780491e+001  2.100000e+001
    endloop
  endfacet
  facet normal  0.000000e+000  0.000000e+000  1.000000e+000
    outer loop
      vertex -1.251921e+001 -6.780491e+001  2.100000e+001
      vertex -1.257612e+001 -7.138268e+001  2.100000e+001
      vertex -1.251921e+001 -7.119509e+001  2.100000e+001
    endloop
  endfacet
  facet normal  0.000000e+000  0.000000e+000  1.000000e+000
    outer loop
      vertex -1.251921e+001 -6.780491e+001  2.100000e+001
      vertex -1.251921e+001 -7.119509e+001  2.100000e+001
      vertex -1.250000e+001 -6.800000e+001  2.100000e+001
    endloop
  endfacet
  facet normal  0.000000e+000  0.000000e+000  1.000000e+000
    outer loop
      vertex -1.250000e+001 -6.800000e+001  2.100000e+001
      vertex -1.251921e+001 -7.119509e+001  2.100000e+001
      vertex -1.250000e+001 -7.100000e+001  2.100000e+001
    endloop
  endfacet
  facet normal  0.000000e+000  0.000000e+000  1.000000e+000
    outer loop
      vertex  3.950000e+001 -7.200000e+001  2.100000e+001
      vertex  4.150000e+001 -3.700000e+001  2.100000e+001
      vertex  3.850000e+001 -3.700000e+001  2.100000e+001
    endloop
  endfacet
  facet normal  0.000000e+000  0.000000e+000  1.000000e+000
    outer loop
      vertex  3.950000e+001 -7.200000e+001  2.100000e+001
      vertex  3.850000e+001 -3.700000e+001  2.100000e+001
      vertex  3.830491e+001 -3.701921e+001  2.100000e+001
    endloop
  endfacet
  facet normal  0.000000e+000  0.000000e+000  1.000000e+000
    outer loop
      vertex  3.950000e+001 -7.200000e+001  2.100000e+001
      vertex  3.830491e+001 -3.701921e+001  2.100000e+001
      vertex  3.811732e+001 -3.707612e+001  2.100000e+001
    endloop
  endfacet
  facet normal  0.000000e+000  0.000000e+000  1.000000e+000
    outer loop
      vertex  3.950000e+001 -7.200000e+001  2.100000e+001
      vertex  3.811732e+001 -3.707612e+001  2.100000e+001
      vertex  3.794443e+001 -3.716853e+001  2.100000e+001
    endloop
  endfacet
  facet normal  0.000000e+000  0.000000e+000  1.000000e+000
    outer loop
      vertex  3.950000e+001 -7.200000e+001  2.100000e+001
      vertex  3.794443e+001 -3.716853e+001  2.100000e+001
      vertex  3.779289e+001 -3.729289e+001  2.100000e+001
    endloop
  endfacet
  facet normal  0.000000e+000  0.000000e+000  9.999999e-001
    outer loop
      vertex  3.950000e+001 -7.200000e+001  2.100000e+001
      vertex  3.779289e+001 -3.729289e+001  2.100000e+001
      vertex  3.766853e+001 -3.744443e+001  2.100000e+001
    endloop
  endfacet
  facet normal  0.000000e+000  0.000000e+000  1.000000e+000
    outer loop
      vertex  3.950000e+001 -7.200000e+001  2.100000e+001
      vertex  3.766853e+001 -3.744443e+001  2.100000e+001
      vertex  3.757612e+001 -3.761732e+001  2.100000e+001
    endloop
  endfacet
  facet normal  0.000000e+000  0.000000e+000  1.000000e+000
    outer loop
      vertex  3.950000e+001 -7.200000e+001  2.100000e+001
      vertex  3.757612e+001 -3.761732e+001  2.100000e+001
      vertex  3.751921e+001 -3.780491e+001  2.100000e+001
    endloop
  endfacet
  facet normal  0.000000e+000  0.000000e+000  1.000000e+000
    outer loop
      vertex  3.950000e+001 -7.200000e+001  2.100000e+001
      vertex  3.751921e+001 -3.780491e+001  2.100000e+001
      vertex  3.750000e+001 -3.800000e+001  2.100000e+001
    endloop
  endfacet
  facet normal  0.000000e+000  0.000000e+000  1.000000e+000
    outer loop
      vertex  3.950000e+001 -7.200000e+001  2.100000e+001
      vertex  3.750000e+001 -3.800000e+001  2.100000e+001
      vertex  3.750000e+001 -6.500000e+001  2.100000e+001
    endloop
  endfacet
  facet normal  0.000000e+000  0.000000e+000  1.000000e+000
    outer loop
      vertex  3.950000e+001 -7.200000e+001  2.100000e+001
      vertex  3.750000e+001 -6.500000e+001  2.100000e+001
      vertex  3.746157e+001 -6.539018e+001  2.100000e+001
    endloop
  endfacet
  facet normal  0.000000e+000  0.000000e+000  9.999999e-001
    outer loop
      vertex  3.950000e+001 -7.200000e+001  2.100000e+001
      vertex  3.746157e+001 -6.539018e+001  2.100000e+001
      vertex  3.734776e+001 -6.576537e+001  2.100000e+001
    endloop
  endfacet
  facet normal  0.000000e+000  0.000000e+000  1.000000e+000
    outer loop
      vertex  3.950000e+001 -7.200000e+001  2.100000e+001
      vertex  3.734776e+001 -6.576537e+001  2.100000e+001
      vertex  3.716294e+001 -6.611114e+001  2.100000e+001
    endloop
  endfacet
  facet normal  0.000000e+000  0.000000e+000  1.000000e+000
    outer loop
      vertex  3.950000e+001 -7.200000e+001  2.100000e+001
      vertex  3.716294e+001 -6.611114e+001  2.100000e+001
      vertex  3.691422e+001 -6.641422e+001  2.100000e+001
    endloop
  endfacet
  facet normal  0.000000e+000  0.000000e+000  1.000000e+000
    outer loop
      vertex  3.950000e+001 -7.200000e+001  2.100000e+001
      vertex  3.691422e+001 -6.641422e+001  2.100000e+001
      vertex  3.661114e+001 -6.666294e+001  2.100000e+001
    endloop
  endfacet
  facet normal  0.000000e+000  0.000000e+000  1.000000e+000
    outer loop
      vertex  3.950000e+001 -7.200000e+001  2.100000e+001
      vertex  3.661114e+001 -6.666294e+001  2.100000e+001
      vertex  3.626537e+001 -6.684776e+001  2.100000e+001
    endloop
  endfacet
  facet normal  0.000000e+000  0.000000e+000  1.000000e+000
    outer loop
      vertex  3.950000e+001 -7.200000e+001  2.100000e+001
      vertex  3.626537e+001 -6.684776e+001  2.100000e+001
      vertex  3.589018e+001 -6.696157e+001  2.100000e+001
    endloop
  endfacet
  facet normal  0.000000e+000  0.000000e+000  1.000000e+000
    outer loop
      vertex  3.950000e+001 -7.200000e+001  2.100000e+001
      vertex  3.589018e+001 -6.696157e+001  2.100000e+001
      vertex  3.550000e+001 -6.700000e+001  2.100000e+001
    endloop
  endfacet
  facet normal  0.000000e+000  0.000000e+000  9.999999e-001
    outer loop
      vertex  3.950000e+001 -7.200000e+001  2.100000e+001
      vertex  3.550000e+001 -6.700000e+001  2.100000e+001
      vertex  1.350000e+001 -6.700000e+001  2.100000e+001
    endloop
  endfacet
  facet normal  0.000000e+000  0.000000e+000  1.000000e+000
    outer loop
      vertex  3.950000e+001 -7.200000e+001  2.100000e+001
      vertex  1.350000e+001 -6.700000e+001  2.100000e+001
      vertex  1.350000e+001 -7.200000e+001  2.100000e+001
    endloop
  endfacet
  facet normal  0.000000e+000  0.000000e+000  1.000000e+000
    outer loop
      vertex  4.150000e+001 -3.700000e+001  2.100000e+001
      vertex  3.950000e+001 -7.200000e+001  2.100000e+001
      vertex  3.996930e+001 -7.196307e+001  2.100000e+001
    endloop
  endfacet
  facet normal  0.000000e+000  0.000000e+000  1.000000e+000
    outer loop
      vertex  4.150000e+001 -3.700000e+001  2.100000e+001
      vertex  3.996930e+001 -7.196307e+001  2.100000e+001
      vertex  4.042705e+001 -7.185317e+001  2.100000e+001
    endloop
  endfacet
  facet normal  0.000000e+000  0.000000e+000  1.000000e+000
    outer loop
      vertex  4.150000e+001 -3.700000e+001  2.100000e+001
      vertex  4.042705e+001 -7.185317e+001  2.100000e+001
      vertex  4.086197e+001 -7.167302e+001  2.100000e+001
    endloop
  endfacet
  facet normal  0.000000e+000  0.000000e+000  1.000000e+000
    outer loop
      vertex  4.150000e+001 -3.700000e+001  2.100000e+001
      vertex  4.086197e+001 -7.167302e+001  2.100000e+001
      vertex  4.126336e+001 -7.142705e+001  2.100000e+001
    endloop
  endfacet
  facet normal  0.000000e+000  0.000000e+000  1.000000e+000
    outer loop
      vertex  4.150000e+001 -3.700000e+001  2.100000e+001
      vertex  4.126336e+001 -7.142705e+001  2.100000e+001
      vertex  4.162132e+001 -7.112132e+001  2.100000e+001
    endloop
  endfacet
  facet normal  0.000000e+000  -0.000000e+000  1.000000e+000
    outer loop
      vertex  4.150000e+001 -3.700000e+001  2.100000e+001
      vertex  4.162132e+001 -7.112132e+001  2.100000e+001
      vertex  4.169509e+001 -3.701921e+001  2.100000e+001
    endloop
  endfacet
  facet normal  0.000000e+000  0.000000e+000  1.000000e+000
    outer loop
      vertex  1.250000e+001 -6.800000e+001  2.100000e+001
      vertex  1.250000e+001 -7.100000e+001  2.100000e+001
      vertex  1.251921e+001 -6.780491e+001  2.100000e+001
    endloop
  endfacet
  facet normal  0.000000e+000  0.000000e+000  1.000000e+000
    outer loop
      vertex  1.251921e+001 -6.780491e+001  2.100000e+001
      vertex  1.250000e+001 -7.100000e+001  2.100000e+001
      vertex  1.251921e+001 -7.119509e+001  2.100000e+001
    endloop
  endfacet
  facet normal  0.000000e+000  0.000000e+000  1.000000e+000
    outer loop
      vertex  1.251921e+001 -6.780491e+001  2.100000e+001
      vertex  1.251921e+001 -7.119509e+001  2.100000e+001
      vertex  1.257612e+001 -6.761732e+001  2.100000e+001
    endloop
  endfacet
  facet normal  0.000000e+000  0.000000e+000  9.999999e-001
    outer loop
      vertex  1.257612e+001 -6.761732e+001  2.100000e+001
      vertex  1.251921e+001 -7.119509e+001  2.100000e+001
      vertex  1.257612e+001 -7.138268e+001  2.100000e+001
    endloop
  endfacet
  facet normal  0.000000e+000  0.000000e+000  1.000000e+000
    outer loop
      vertex  1.257612e+001 -6.761732e+001  2.100000e+001
      vertex  1.257612e+001 -7.138268e+001  2.100000e+001
      vertex  1.266853e+001 -6.744443e+001  2.100000e+001
    endloop
  endfacet
  facet normal  0.000000e+000  0.000000e+000  1.000000e+000
    outer loop
      vertex  1.266853e+001 -6.744443e+001  2.100000e+001
      vertex  1.257612e+001 -7.138268e+001  2.100000e+001
      vertex  1.266853e+001 -7.155557e+001  2.100000e+001
    endloop
  endfacet
  facet normal  0.000000e+000  0.000000e+000  1.000000e+000
    outer loop
      vertex  1.266853e+001 -6.744443e+001  2.100000e+001
      vertex  1.266853e+001 -7.155557e+001  2.100000e+001
      vertex  1.279289e+001 -6.729289e+001  2.100000e+001
    endloop
  endfacet
  facet normal  0.000000e+000  0.000000e+000  1.000000e+000
    outer loop
      vertex  1.279289e+001 -6.729289e+001  2.100000e+001
      vertex  1.266853e+001 -7.155557e+001  2.100000e+001
      vertex  1.279289e+001 -7.170711e+001  2.100000e+001
    endloop
  endfacet
  facet normal  0.000000e+000  0.000000e+000  1.000000e+000
    outer loop
      vertex  1.279289e+001 -6.729289e+001  2.100000e+001
      vertex  1.279289e+001 -7.170711e+001  2.100000e+001
      vertex  1.294443e+001 -6.716853e+001  2.100000e+001
    endloop
  endfacet
  facet normal  0.000000e+000  0.000000e+000  9.999999e-001
    outer loop
      vertex  1.294443e+001 -6.716853e+001  2.100000e+001
      vertex  1.279289e+001 -7.170711e+001  2.100000e+001
      vertex  1.294443e+001 -7.183147e+001  2.100000e+001
    endloop
  endfacet
  facet normal  0.000000e+000  0.000000e+000  9.999999e-001
    outer loop
      vertex  1.294443e+001 -6.716853e+001  2.100000e+001
      vertex  1.294443e+001 -7.183147e+001  2.100000e+001
      vertex  1.311732e+001 -6.707612e+001  2.100000e+001
    endloop
  endfacet
  facet normal  0.000000e+000  0.000000e+000  1.000000e+000
    outer loop
      vertex  1.311732e+001 -6.707612e+001  2.100000e+001
      vertex  1.294443e+001 -7.183147e+001  2.100000e+001
      vertex  1.311732e+001 -7.192388e+001  2.100000e+001
    endloop
  endfacet
  facet normal  0.000000e+000  0.000000e+000  1.000000e+000
    outer loop
      vertex  1.311732e+001 -6.707612e+001  2.100000e+001
      vertex  1.311732e+001 -7.192388e+001  2.100000e+001
      vertex  1.330491e+001 -6.701922e+001  2.100000e+001
    endloop
  endfacet
  facet normal  0.000000e+000  0.000000e+000  9.999999e-001
    outer loop
      vertex  1.330491e+001 -6.701922e+001  2.100000e+001
      vertex  1.311732e+001 -7.192388e+001  2.100000e+001
      vertex  1.330491e+001 -7.198078e+001  2.100000e+001
    endloop
  endfacet
  facet normal  0.000000e+000  0.000000e+000  1.000000e+000
    outer loop
      vertex  1.330491e+001 -6.701922e+001  2.100000e+001
      vertex  1.330491e+001 -7.198078e+001  2.100000e+001
      vertex  1.350000e+001 -6.700000e+001  2.100000e+001
    endloop
  endfacet
  facet normal  0.000000e+000  0.000000e+000  9.999999e-001
    outer loop
      vertex  1.350000e+001 -6.700000e+001  2.100000e+001
      vertex  1.330491e+001 -7.198078e+001  2.100000e+001
      vertex  1.350000e+001 -7.200000e+001  2.100000e+001
    endloop
  endfacet
  facet normal  0.000000e+000  0.000000e+000  1.000000e+000
    outer loop
      vertex  4.169509e+001 -3.701921e+001  2.100000e+001
      vertex  4.162132e+001 -7.112132e+001  2.100000e+001
      vertex  4.188268e+001 -3.707612e+001  2.100000e+001
    endloop
  endfacet
  facet normal  0.000000e+000  0.000000e+000  1.000000e+000
    outer loop
      vertex  4.188268e+001 -3.707612e+001  2.100000e+001
      vertex  4.162132e+001 -7.112132e+001  2.100000e+001
      vertex  4.192705e+001 -7.076336e+001  2.100000e+001
    endloop
  endfacet
  facet normal  0.000000e+000  -0.000000e+000  1.000000e+000
    outer loop
      vertex  4.188268e+001 -3.707612e+001  2.100000e+001
      vertex  4.192705e+001 -7.076336e+001  2.100000e+001
      vertex  4.205557e+001 -3.716853e+001  2.100000e+001
    endloop
  endfacet
  facet normal  0.000000e+000  0.000000e+000  1.000000e+000
    outer loop
      vertex  4.205557e+001 -3.716853e+001  2.100000e+001
      vertex  4.192705e+001 -7.076336e+001  2.100000e+001
      vertex  4.217302e+001 -7.036197e+001  2.100000e+001
    endloop
  endfacet
  facet normal  0.000000e+000  -0.000000e+000  1.000000e+000
    outer loop
      vertex  4.205557e+001 -3.716853e+001  2.100000e+001
      vertex  4.217302e+001 -7.036197e+001  2.100000e+001
      vertex  4.220711e+001 -3.729289e+001  2.100000e+001
    endloop
  endfacet
  facet normal  0.000000e+000  0.000000e+000  1.000000e+000
    outer loop
      vertex  4.220711e+001 -3.729289e+001  2.100000e+001
      vertex  4.217302e+001 -7.036197e+001  2.100000e+001
      vertex  4.233147e+001 -3.744443e+001  2.100000e+001
    endloop
  endfacet
  facet normal  0.000000e+000  0.000000e+000  1.000000e+000
    outer loop
      vertex  4.233147e+001 -3.744443e+001  2.100000e+001
      vertex  4.217302e+001 -7.036197e+001  2.100000e+001
      vertex  4.235317e+001 -6.992705e+001  2.100000e+001
    endloop
  endfacet
  facet normal  0.000000e+000  -0.000000e+000  1.000000e+000
    outer loop
      vertex  4.233147e+001 -3.744443e+001  2.100000e+001
      vertex  4.235317e+001 -6.992705e+001  2.100000e+001
      vertex  4.242388e+001 -3.761732e+001  2.100000e+001
    endloop
  endfacet
  facet normal  0.000000e+000  0.000000e+000  1.000000e+000
    outer loop
      vertex  4.242388e+001 -3.761732e+001  2.100000e+001
      vertex  4.235317e+001 -6.992705e+001  2.100000e+001
      vertex  4.246307e+001 -6.946931e+001  2.100000e+001
    endloop
  endfacet
  facet normal  0.000000e+000  -0.000000e+000  1.000000e+000
    outer loop
      vertex  4.242388e+001 -3.761732e+001  2.100000e+001
      vertex  4.246307e+001 -6.946931e+001  2.100000e+001
      vertex  4.248079e+001 -3.780491e+001  2.100000e+001
    endloop
  endfacet
  facet normal  0.000000e+000  0.000000e+000  1.000000e+000
    outer loop
      vertex  4.250000e+001 -6.900000e+001  2.100000e+001
      vertex  4.250000e+001 -3.800000e+001  2.100000e+001
      vertex  4.246307e+001 -6.946931e+001  2.100000e+001
    endloop
  endfacet
  facet normal  0.000000e+000  0.000000e+000  1.000000e+000
    outer loop
      vertex  4.246307e+001 -6.946931e+001  2.100000e+001
      vertex  4.250000e+001 -3.800000e+001  2.100000e+001
      vertex  4.248079e+001 -3.780491e+001  2.100000e+001
    endloop
  endfacet
  facet normal  0.000000e+000  0.000000e+000  1.000000e+000
    outer loop
      vertex -3.850000e+001  3.700000e+001  2.100000e+001
      vertex -3.750000e+001  6.500000e+001  2.100000e+001
      vertex -3.950000e+001  7.200000e+001  2.100000e+001
    endloop
  endfacet
  facet normal  0.000000e+000  0.000000e+000  1.000000e+000
    outer loop
      vertex -3.850000e+001  3.700000e+001  2.100000e+001
      vertex -3.950000e+001  7.200000e+001  2.100000e+001
      vertex -3.996930e+001  7.196307e+001  2.100000e+001
    endloop
  endfacet
  facet normal  0.000000e+000  0.000000e+000  1.000000e+000
    outer loop
      vertex -3.850000e+001  3.700000e+001  2.100000e+001
      vertex -3.996930e+001  7.196307e+001  2.100000e+001
      vertex -4.042705e+001  7.185317e+001  2.100000e+001
    endloop
  endfacet
  facet normal  0.000000e+000  0.000000e+000  1.000000e+000
    outer loop
      vertex -3.850000e+001  3.700000e+001  2.100000e+001
      vertex -4.042705e+001  7.185317e+001  2.100000e+001
      vertex -4.086197e+001  7.167302e+001  2.100000e+001
    endloop
  endfacet
  facet normal  0.000000e+000  0.000000e+000  1.000000e+000
    outer loop
      vertex -3.850000e+001  3.700000e+001  2.100000e+001
      vertex -4.086197e+001  7.167302e+001  2.100000e+001
      vertex -4.126336e+001  7.142705e+001  2.100000e+001
    endloop
  endfacet
  facet normal  0.000000e+000  0.000000e+000  1.000000e+000
    outer loop
      vertex -3.850000e+001  3.700000e+001  2.100000e+001
      vertex -4.126336e+001  7.142705e+001  2.100000e+001
      vertex -4.150000e+001  3.700000e+001  2.100000e+001
    endloop
  endfacet
  facet normal  0.000000e+000  0.000000e+000  1.000000e+000
    outer loop
      vertex -3.750000e+001  6.500000e+001  2.100000e+001
      vertex -3.850000e+001  3.700000e+001  2.100000e+001
      vertex -3.830491e+001  3.701921e+001  2.100000e+001
    endloop
  endfacet
  facet normal  0.000000e+000  0.000000e+000  1.000000e+000
    outer loop
      vertex -3.750000e+001  6.500000e+001  2.100000e+001
      vertex -3.830491e+001  3.701921e+001  2.100000e+001
      vertex -3.811732e+001  3.707612e+001  2.100000e+001
    endloop
  endfacet
  facet normal  0.000000e+000  0.000000e+000  1.000000e+000
    outer loop
      vertex -3.750000e+001  6.500000e+001  2.100000e+001
      vertex -3.811732e+001  3.707612e+001  2.100000e+001
      vertex -3.794443e+001  3.716853e+001  2.100000e+001
    endloop
  endfacet
  facet normal  0.000000e+000  0.000000e+000  1.000000e+000
    outer loop
      vertex -3.750000e+001  6.500000e+001  2.100000e+001
      vertex -3.794443e+001  3.716853e+001  2.100000e+001
      vertex -3.779289e+001  3.729289e+001  2.100000e+001
    endloop
  endfacet
  facet normal  0.000000e+000  0.000000e+000  1.000000e+000
    outer loop
      vertex -3.750000e+001  6.500000e+001  2.100000e+001
      vertex -3.779289e+001  3.729289e+001  2.100000e+001
      vertex -3.766853e+001  3.744443e+001  2.100000e+001
    endloop
  endfacet
  facet normal  0.000000e+000  0.000000e+000  1.000000e+000
    outer loop
      vertex -3.750000e+001  6.500000e+001  2.100000e+001
      vertex -3.766853e+001  3.744443e+001  2.100000e+001
      vertex -3.757612e+001  3.761732e+001  2.100000e+001
    endloop
  endfacet
  facet normal  0.000000e+000  0.000000e+000  1.000000e+000
    outer loop
      vertex -3.750000e+001  6.500000e+001  2.100000e+001
      vertex -3.757612e+001  3.761732e+001  2.100000e+001
      vertex -3.751921e+001  3.780491e+001  2.100000e+001
    endloop
  endfacet
  facet normal  0.000000e+000  0.000000e+000  1.000000e+000
    outer loop
      vertex -3.750000e+001  6.500000e+001  2.100000e+001
      vertex -3.751921e+001  3.780491e+001  2.100000e+001
      vertex -3.750000e+001  3.800000e+001  2.100000e+001
    endloop
  endfacet
  facet normal  0.000000e+000  -0.000000e+000  1.000000e+000
    outer loop
      vertex -3.950000e+001  7.200000e+001  2.100000e+001
      vertex -3.750000e+001  6.500000e+001  2.100000e+001
      vertex -3.746157e+001  6.539018e+001  2.100000e+001
    endloop
  endfacet
  facet normal  0.000000e+000  -0.000000e+000  9.999999e-001
    outer loop
      vertex -3.950000e+001  7.200000e+001  2.100000e+001
      vertex -3.746157e+001  6.539018e+001  2.100000e+001
      vertex -3.734776e+001  6.576537e+001  2.100000e+001
    endloop
  endfacet
  facet normal  0.000000e+000  -0.000000e+000  1.000000e+000
    outer loop
      vertex -3.950000e+001  7.200000e+001  2.100000e+001
      vertex -3.734776e+001  6.576537e+001  2.100000e+001
      vertex -3.716294e+001  6.611114e+001  2.100000e+001
    endloop
  endfacet
  facet normal  0.000000e+000  -0.000000e+000  1.000000e+000
    outer loop
      vertex -3.950000e+001  7.200000e+001  2.100000e+001
      vertex -3.716294e+001  6.611114e+001  2.100000e+001
      vertex -3.691422e+001  6.641422e+001  2.100000e+001
    endloop
  endfacet
  facet normal  0.000000e+000  -0.000000e+000  1.000000e+000
    outer loop
      vertex -3.950000e+001  7.200000e+001  2.100000e+001
      vertex -3.691422e+001  6.641422e+001  2.100000e+001
      vertex -3.661114e+001  6.666294e+001  2.100000e+001
    endloop
  endfacet
  facet normal  0.000000e+000  -0.000000e+000  1.000000e+000
    outer loop
      vertex -3.950000e+001  7.200000e+001  2.100000e+001
      vertex -3.661114e+001  6.666294e+001  2.100000e+001
      vertex -3.626537e+001  6.684776e+001  2.100000e+001
    endloop
  endfacet
  facet normal  0.000000e+000  -0.000000e+000  1.000000e+000
    outer loop
      vertex -3.950000e+001  7.200000e+001  2.100000e+001
      vertex -3.626537e+001  6.684776e+001  2.100000e+001
      vertex -3.589018e+001  6.696157e+001  2.100000e+001
    endloop
  endfacet
  facet normal  0.000000e+000  -0.000000e+000  1.000000e+000
    outer loop
      vertex -3.950000e+001  7.200000e+001  2.100000e+001
      vertex -3.589018e+001  6.696157e+001  2.100000e+001
      vertex -3.550000e+001  6.700000e+001  2.100000e+001
    endloop
  endfacet
  facet normal  0.000000e+000  -0.000000e+000  9.999999e-001
    outer loop
      vertex -3.950000e+001  7.200000e+001  2.100000e+001
      vertex -3.550000e+001  6.700000e+001  2.100000e+001
      vertex -1.350000e+001  6.700000e+001  2.100000e+001
    endloop
  endfacet
  facet normal  0.000000e+000  -0.000000e+000  1.000000e+000
    outer loop
      vertex -3.950000e+001  7.200000e+001  2.100000e+001
      vertex -1.350000e+001  6.700000e+001  2.100000e+001
      vertex -1.350000e+001  7.200000e+001  2.100000e+001
    endloop
  endfacet
  facet normal  0.000000e+000  0.000000e+000  1.000000e+000
    outer loop
      vertex -4.250000e+001  6.900000e+001  2.100000e+001
      vertex -4.250000e+001  3.800000e+001  2.100000e+001
      vertex -4.246307e+001  6.946931e+001  2.100000e+001
    endloop
  endfacet
  facet normal  0.000000e+000  0.000000e+000  1.000000e+000
    outer loop
      vertex -4.246307e+001  6.946931e+001  2.100000e+001
      vertex -4.250000e+001  3.800000e+001  2.100000e+001
      vertex -4.248079e+001  3.780491e+001  2.100000e+001
    endloop
  endfacet
  facet normal  0.000000e+000  0.000000e+000  1.000000e+000
    outer loop
      vertex -4.246307e+001  6.946931e+001  2.100000e+001
      vertex -4.248079e+001  3.780491e+001  2.100000e+001
      vertex -4.235317e+001  6.992705e+001  2.100000e+001
    endloop
  endfacet
  facet normal  0.000000e+000  0.000000e+000  1.000000e+000
    outer loop
      vertex -4.235317e+001  6.992705e+001  2.100000e+001
      vertex -4.248079e+001  3.780491e+001  2.100000e+001
      vertex -4.242388e+001  3.761732e+001  2.100000e+001
    endloop
  endfacet
  facet normal  -0.000000e+000  0.000000e+000  1.000000e+000
    outer loop
      vertex -4.235317e+001  6.992705e+001  2.100000e+001
      vertex -4.242388e+001  3.761732e+001  2.100000e+001
      vertex -4.233147e+001  3.744443e+001  2.100000e+001
    endloop
  endfacet
  facet normal  0.000000e+000  -0.000000e+000  1.000000e+000
    outer loop
      vertex -4.235317e+001  6.992705e+001  2.100000e+001
      vertex -4.233147e+001  3.744443e+001  2.100000e+001
      vertex -4.217302e+001  7.036197e+001  2.100000e+001
    endloop
  endfacet
  facet normal  0.000000e+000  0.000000e+000  1.000000e+000
    outer loop
      vertex -4.217302e+001  7.036197e+001  2.100000e+001
      vertex -4.233147e+001  3.744443e+001  2.100000e+001
      vertex -4.220711e+001  3.729289e+001  2.100000e+001
    endloop
  endfacet
  facet normal  0.000000e+000  0.000000e+000  1.000000e+000
    outer loop
      vertex -4.217302e+001  7.036197e+001  2.100000e+001
      vertex -4.220711e+001  3.729289e+001  2.100000e+001
      vertex -4.192705e+001  7.076336e+001  2.100000e+001
    endloop
  endfacet
  facet normal  0.000000e+000  0.000000e+000  1.000000e+000
    outer loop
      vertex -4.192705e+001  7.076336e+001  2.100000e+001
      vertex -4.220711e+001  3.729289e+001  2.100000e+001
      vertex -4.205557e+001  3.716853e+001  2.100000e+001
    endloop
  endfacet
  facet normal  -0.000000e+000  0.000000e+000  1.000000e+000
    outer loop
      vertex -4.192705e+001  7.076336e+001  2.100000e+001
      vertex -4.205557e+001  3.716853e+001  2.100000e+001
      vertex -4.188268e+001  3.707612e+001  2.100000e+001
    endloop
  endfacet
  facet normal  0.000000e+000  -0.000000e+000  1.000000e+000
    outer loop
      vertex -4.192705e+001  7.076336e+001  2.100000e+001
      vertex -4.188268e+001  3.707612e+001  2.100000e+001
      vertex -4.162132e+001  7.112132e+001  2.100000e+001
    endloop
  endfacet
  facet normal  0.000000e+000  0.000000e+000  1.000000e+000
    outer loop
      vertex -4.162132e+001  7.112132e+001  2.100000e+001
      vertex -4.188268e+001  3.707612e+001  2.100000e+001
      vertex -4.169509e+001  3.701921e+001  2.100000e+001
    endloop
  endfacet
  facet normal  0.000000e+000  0.000000e+000  1.000000e+000
    outer loop
      vertex -4.162132e+001  7.112132e+001  2.100000e+001
      vertex -4.169509e+001  3.701921e+001  2.100000e+001
      vertex -4.126336e+001  7.142705e+001  2.100000e+001
    endloop
  endfacet
  facet normal  0.000000e+000  0.000000e+000  1.000000e+000
    outer loop
      vertex -4.126336e+001  7.142705e+001  2.100000e+001
      vertex -4.169509e+001  3.701921e+001  2.100000e+001
      vertex -4.150000e+001  3.700000e+001  2.100000e+001
    endloop
  endfacet
  facet normal  0.000000e+000  0.000000e+000  9.999999e-001
    outer loop
      vertex -1.350000e+001  7.200000e+001  2.100000e+001
      vertex -1.350000e+001  6.700000e+001  2.100000e+001
      vertex -1.330491e+001  7.198078e+001  2.100000e+001
    endloop
  endfacet
  facet normal  0.000000e+000  0.000000e+000  1.000000e+000
    outer loop
      vertex -1.330491e+001  7.198078e+001  2.100000e+001
      vertex -1.350000e+001  6.700000e+001  2.100000e+001
      vertex -1.330491e+001  6.701922e+001  2.100000e+001
    endloop
  endfacet
  facet normal  0.000000e+000  0.000000e+000  9.999999e-001
    outer loop
      vertex -1.330491e+001  7.198078e+001  2.100000e+001
      vertex -1.330491e+001  6.701922e+001  2.100000e+001
      vertex -1.311732e+001  7.192388e+001  2.100000e+001
    endloop
  endfacet
  facet normal  0.000000e+000  0.000000e+000  1.000000e+000
    outer loop
      vertex -1.311732e+001  7.192388e+001  2.100000e+001
      vertex -1.330491e+001  6.701922e+001  2.100000e+001
      vertex -1.311732e+001  6.707612e+001  2.100000e+001
    endloop
  endfacet
  facet normal  0.000000e+000  0.000000e+000  1.000000e+000
    outer loop
      vertex -1.311732e+001  7.192388e+001  2.100000e+001
      vertex -1.311732e+001  6.707612e+001  2.100000e+001
      vertex -1.294443e+001  7.183147e+001  2.100000e+001
    endloop
  endfacet
  facet normal  0.000000e+000  0.000000e+000  9.999999e-001
    outer loop
      vertex -1.294443e+001  7.183147e+001  2.100000e+001
      vertex -1.311732e+001  6.707612e+001  2.100000e+001
      vertex -1.294443e+001  6.716853e+001  2.100000e+001
    endloop
  endfacet
  facet normal  0.000000e+000  0.000000e+000  9.999999e-001
    outer loop
      vertex -1.294443e+001  7.183147e+001  2.100000e+001
      vertex -1.294443e+001  6.716853e+001  2.100000e+001
      vertex -1.279289e+001  7.170711e+001  2.100000e+001
    endloop
  endfacet
  facet normal  0.000000e+000  0.000000e+000  1.000000e+000
    outer loop
      vertex -1.279289e+001  7.170711e+001  2.100000e+001
      vertex -1.294443e+001  6.716853e+001  2.100000e+001
      vertex -1.279289e+001  6.729289e+001  2.100000e+001
    endloop
  endfacet
  facet normal  0.000000e+000  0.000000e+000  1.000000e+000
    outer loop
      vertex -1.279289e+001  7.170711e+001  2.100000e+001
      vertex -1.279289e+001  6.729289e+001  2.100000e+001
      vertex -1.266853e+001  7.155557e+001  2.100000e+001
    endloop
  endfacet
  facet normal  0.000000e+000  0.000000e+000  1.000000e+000
    outer loop
      vertex -1.266853e+001  7.155557e+001  2.100000e+001
      vertex -1.279289e+001  6.729289e+001  2.100000e+001
      vertex -1.266853e+001  6.744443e+001  2.100000e+001
    endloop
  endfacet
  facet normal  0.000000e+000  0.000000e+000  1.000000e+000
    outer loop
      vertex -1.266853e+001  7.155557e+001  2.100000e+001
      vertex -1.266853e+001  6.744443e+001  2.100000e+001
      vertex -1.257612e+001  7.138268e+001  2.100000e+001
    endloop
  endfacet
  facet normal  0.000000e+000  0.000000e+000  1.000000e+000
    outer loop
      vertex -1.257612e+001  7.138268e+001  2.100000e+001
      vertex -1.266853e+001  6.744443e+001  2.100000e+001
      vertex -1.257612e+001  6.761732e+001  2.100000e+001
    endloop
  endfacet
  facet normal  0.000000e+000  0.000000e+000  9.999999e-001
    outer loop
      vertex -1.257612e+001  7.138268e+001  2.100000e+001
      vertex -1.257612e+001  6.761732e+001  2.100000e+001
      vertex -1.251921e+001  7.119509e+001  2.100000e+001
    endloop
  endfacet
  facet normal  0.000000e+000  0.000000e+000  1.000000e+000
    outer loop
      vertex -1.251921e+001  7.119509e+001  2.100000e+001
      vertex -1.257612e+001  6.761732e+001  2.100000e+001
      vertex -1.251921e+001  6.780491e+001  2.100000e+001
    endloop
  endfacet
  facet normal  0.000000e+000  0.000000e+000  1.000000e+000
    outer loop
      vertex -1.251921e+001  7.119509e+001  2.100000e+001
      vertex -1.251921e+001  6.780491e+001  2.100000e+001
      vertex -1.250000e+001  7.100000e+001  2.100000e+001
    endloop
  endfacet
  facet normal  0.000000e+000  0.000000e+000  1.000000e+000
    outer loop
      vertex -1.250000e+001  7.100000e+001  2.100000e+001
      vertex -1.251921e+001  6.780491e+001  2.100000e+001
      vertex -1.250000e+001  6.800000e+001  2.100000e+001
    endloop
  endfacet
  facet normal  -0.000000e+000  0.000000e+000  1.000000e+000
    outer loop
      vertex  3.950000e+001  7.200000e+001  2.100000e+001
      vertex  1.350000e+001  7.200000e+001  2.100000e+001
      vertex  1.350000e+001  6.700000e+001  2.100000e+001
    endloop
  endfacet
  facet normal  0.000000e+000  0.000000e+000  9.999999e-001
    outer loop
      vertex  3.950000e+001  7.200000e+001  2.100000e+001
      vertex  1.350000e+001  6.700000e+001  2.100000e+001
      vertex  3.550000e+001  6.700000e+001  2.100000e+001
    endloop
  endfacet
  facet normal  -0.000000e+000  0.000000e+000  1.000000e+000
    outer loop
      vertex  3.950000e+001  7.200000e+001  2.100000e+001
      vertex  3.550000e+001  6.700000e+001  2.100000e+001
      vertex  3.589018e+001  6.696157e+001  2.100000e+001
    endloop
  endfacet
  facet normal  -0.000000e+000  0.000000e+000  1.000000e+000
    outer loop
      vertex  3.950000e+001  7.200000e+001  2.100000e+001
      vertex  3.589018e+001  6.696157e+001  2.100000e+001
      vertex  3.626537e+001  6.684776e+001  2.100000e+001
    endloop
  endfacet
  facet normal  -0.000000e+000  0.000000e+000  1.000000e+000
    outer loop
      vertex  3.950000e+001  7.200000e+001  2.100000e+001
      vertex  3.626537e+001  6.684776e+001  2.100000e+001
      vertex  3.661114e+001  6.666294e+001  2.100000e+001
    endloop
  endfacet
  facet normal  -0.000000e+000  0.000000e+000  1.000000e+000
    outer loop
      vertex  3.950000e+001  7.200000e+001  2.100000e+001
      vertex  3.661114e+001  6.666294e+001  2.100000e+001
      vertex  3.691422e+001  6.641422e+001  2.100000e+001
    endloop
  endfacet
  facet normal  -0.000000e+000  0.000000e+000  1.000000e+000
    outer loop
      vertex  3.950000e+001  7.200000e+001  2.100000e+001
      vertex  3.691422e+001  6.641422e+001  2.100000e+001
      vertex  3.716294e+001  6.611114e+001  2.100000e+001
    endloop
  endfacet
  facet normal  -0.000000e+000  0.000000e+000  1.000000e+000
    outer loop
      vertex  3.950000e+001  7.200000e+001  2.100000e+001
      vertex  3.716294e+001  6.611114e+001  2.100000e+001
      vertex  3.734776e+001  6.576537e+001  2.100000e+001
    endloop
  endfacet
  facet normal  -0.000000e+000  0.000000e+000  9.999999e-001
    outer loop
      vertex  3.950000e+001  7.200000e+001  2.100000e+001
      vertex  3.734776e+001  6.576537e+001  2.100000e+001
      vertex  3.746157e+001  6.539018e+001  2.100000e+001
    endloop
  endfacet
  facet normal  -0.000000e+000  0.000000e+000  1.000000e+000
    outer loop
      vertex  3.950000e+001  7.200000e+001  2.100000e+001
      vertex  3.746157e+001  6.539018e+001  2.100000e+001
      vertex  3.750000e+001  6.500000e+001  2.100000e+001
    endloop
  endfacet
  facet normal  -0.000000e+000  0.000000e+000  1.000000e+000
    outer loop
      vertex  3.950000e+001  7.200000e+001  2.100000e+001
      vertex  3.750000e+001  6.500000e+001  2.100000e+001
      vertex  3.750000e+001  3.800000e+001  2.100000e+001
    endloop
  endfacet
  facet normal  -0.000000e+000  0.000000e+000  1.000000e+000
    outer loop
      vertex  3.950000e+001  7.200000e+001  2.100000e+001
      vertex  3.750000e+001  3.800000e+001  2.100000e+001
      vertex  3.751921e+001  3.780491e+001  2.100000e+001
    endloop
  endfacet
  facet normal  -0.000000e+000  0.000000e+000  1.000000e+000
    outer loop
      vertex  3.950000e+001  7.200000e+001  2.100000e+001
      vertex  3.751921e+001  3.780491e+001  2.100000e+001
      vertex  3.757612e+001  3.761732e+001  2.100000e+001
    endloop
  endfacet
  facet normal  -0.000000e+000  0.000000e+000  1.000000e+000
    outer loop
      vertex  3.950000e+001  7.200000e+001  2.100000e+001
      vertex  3.757612e+001  3.761732e+001  2.100000e+001
      vertex  3.766853e+001  3.744443e+001  2.100000e+001
    endloop
  endfacet
  facet normal  -0.000000e+000  0.000000e+000  9.999999e-001
    outer loop
      vertex  3.950000e+001  7.200000e+001  2.100000e+001
      vertex  3.766853e+001  3.744443e+001  2.100000e+001
      vertex  3.779289e+001  3.729289e+001  2.100000e+001
    endloop
  endfacet
  facet normal  -0.000000e+000  0.000000e+000  1.000000e+000
    outer loop
      vertex  3.950000e+001  7.200000e+001  2.100000e+001
      vertex  3.779289e+001  3.729289e+001  2.100000e+001
      vertex  3.794443e+001  3.716853e+001  2.100000e+001
    endloop
  endfacet
  facet normal  -0.000000e+000  0.000000e+000  1.000000e+000
    outer loop
      vertex  3.950000e+001  7.200000e+001  2.100000e+001
      vertex  3.794443e+001  3.716853e+001  2.100000e+001
      vertex  3.811732e+001  3.707612e+001  2.100000e+001
    endloop
  endfacet
  facet normal  -0.000000e+000  0.000000e+000  1.000000e+000
    outer loop
      vertex  3.950000e+001  7.200000e+001  2.100000e+001
      vertex  3.811732e+001  3.707612e+001  2.100000e+001
      vertex  3.830491e+001  3.701921e+001  2.100000e+001
    endloop
  endfacet
  facet normal  -0.000000e+000  0.000000e+000  1.000000e+000
    outer loop
      vertex  3.950000e+001  7.200000e+001  2.100000e+001
      vertex  3.830491e+001  3.701921e+001  2.100000e+001
      vertex  3.850000e+001  3.700000e+001  2.100000e+001
    endloop
  endfacet
  facet normal  0.000000e+000  0.000000e+000  1.000000e+000
    outer loop
      vertex  4.150000e+001  3.700000e+001  2.100000e+001
      vertex  4.169509e+001  3.701921e+001  2.100000e+001
      vertex  4.162132e+001  7.112132e+001  2.100000e+001
    endloop
  endfacet
  facet normal  0.000000e+000  0.000000e+000  1.000000e+000
    outer loop
      vertex  4.150000e+001  3.700000e+001  2.100000e+001
      vertex  4.162132e+001  7.112132e+001  2.100000e+001
      vertex  4.126336e+001  7.142705e+001  2.100000e+001
    endloop
  endfacet
  facet normal  0.000000e+000  0.000000e+000  1.000000e+000
    outer loop
      vertex  4.150000e+001  3.700000e+001  2.100000e+001
      vertex  4.126336e+001  7.142705e+001  2.100000e+001
      vertex  4.086197e+001  7.167302e+001  2.100000e+001
    endloop
  endfacet
  facet normal  0.000000e+000  0.000000e+000  9.999999e-001
    outer loop
      vertex  4.150000e+001  3.700000e+001  2.100000e+001
      vertex  4.086197e+001  7.167302e+001  2.100000e+001
      vertex  4.042705e+001  7.185317e+001  2.100000e+001
    endloop
  endfacet
  facet normal  0.000000e+000  0.000000e+000  1.000000e+000
    outer loop
      vertex  4.150000e+001  3.700000e+001  2.100000e+001
      vertex  4.042705e+001  7.185317e+001  2.100000e+001
      vertex  3.996930e+001  7.196307e+001  2.100000e+001
    endloop
  endfacet
  facet normal  0.000000e+000  0.000000e+000  1.000000e+000
    outer loop
      vertex  4.150000e+001  3.700000e+001  2.100000e+001
      vertex  3.996930e+001  7.196307e+001  2.100000e+001
      vertex  3.950000e+001  7.200000e+001  2.100000e+001
    endloop
  endfacet
  facet normal  0.000000e+000  0.000000e+000  1.000000e+000
    outer loop
      vertex  4.150000e+001  3.700000e+001  2.100000e+001
      vertex  3.950000e+001  7.200000e+001  2.100000e+001
      vertex  3.850000e+001  3.700000e+001  2.100000e+001
    endloop
  endfacet
  facet normal  0.000000e+000  0.000000e+000  1.000000e+000
    outer loop
      vertex  1.250000e+001  7.100000e+001  2.100000e+001
      vertex  1.250000e+001  6.800000e+001  2.100000e+001
      vertex  1.251921e+001  7.119509e+001  2.100000e+001
    endloop
  endfacet
  facet normal  0.000000e+000  0.000000e+000  1.000000e+000
    outer loop
      vertex  1.251921e+001  7.119509e+001  2.100000e+001
      vertex  1.250000e+001  6.800000e+001  2.100000e+001
      vertex  1.251921e+001  6.780491e+001  2.100000e+001
    endloop
  endfacet
  facet normal  0.000000e+000  0.000000e+000  1.000000e+000
    outer loop
      vertex  1.251921e+001  7.119509e+001  2.100000e+001
      vertex  1.251921e+001  6.780491e+001  2.100000e+001
      vertex  1.257612e+001  7.138268e+001  2.100000e+001
    endloop
  endfacet
  facet normal  0.000000e+000  0.000000e+000  9.999999e-001
    outer loop
      vertex  1.257612e+001  7.138268e+001  2.100000e+001
      vertex  1.251921e+001  6.780491e+001  2.100000e+001
      vertex  1.257612e+001  6.761732e+001  2.100000e+001
    endloop
  endfacet
  facet normal  0.000000e+000  0.000000e+000  1.000000e+000
    outer loop
      vertex  1.257612e+001  7.138268e+001  2.100000e+001
      vertex  1.257612e+001  6.761732e+001  2.100000e+001
      vertex  1.266853e+001  7.155557e+001  2.100000e+001
    endloop
  endfacet
  facet normal  0.000000e+000  0.000000e+000  1.000000e+000
    outer loop
      vertex  1.266853e+001  7.155557e+001  2.100000e+001
      vertex  1.257612e+001  6.761732e+001  2.100000e+001
      vertex  1.266853e+001  6.744443e+001  2.100000e+001
    endloop
  endfacet
  facet normal  0.000000e+000  0.000000e+000  1.000000e+000
    outer loop
      vertex  1.266853e+001  7.155557e+001  2.100000e+001
      vertex  1.266853e+001  6.744443e+001  2.100000e+001
      vertex  1.279289e+001  7.170711e+001  2.100000e+001
    endloop
  endfacet
  facet normal  0.000000e+000  0.000000e+000  1.000000e+000
    outer loop
      vertex  1.279289e+001  7.170711e+001  2.100000e+001
      vertex  1.266853e+001  6.744443e+001  2.100000e+001
      vertex  1.279289e+001  6.729289e+001  2.100000e+001
    endloop
  endfacet
  facet normal  0.000000e+000  0.000000e+000  1.000000e+000
    outer loop
      vertex  1.279289e+001  7.170711e+001  2.100000e+001
      vertex  1.279289e+001  6.729289e+001  2.100000e+001
      vertex  1.294443e+001  7.183147e+001  2.100000e+001
    endloop
  endfacet
  facet normal  0.000000e+000  0.000000e+000  9.999999e-001
    outer loop
      vertex  1.294443e+001  7.183147e+001  2.100000e+001
      vertex  1.279289e+001  6.729289e+001  2.100000e+001
      vertex  1.294443e+001  6.716853e+001  2.100000e+001
    endloop
  endfacet
  facet normal  0.000000e+000  0.000000e+000  9.999999e-001
    outer loop
      vertex  1.294443e+001  7.183147e+001  2.100000e+001
      vertex  1.294443e+001  6.716853e+001  2.100000e+001
      vertex  1.311732e+001  7.192388e+001  2.100000e+001
    endloop
  endfacet
  facet normal  0.000000e+000  0.000000e+000  1.000000e+000
    outer loop
      vertex  1.311732e+001  7.192388e+001  2.100000e+001
      vertex  1.294443e+001  6.716853e+001  2.100000e+001
      vertex  1.311732e+001  6.707612e+001  2.100000e+001
    endloop
  endfacet
  facet normal  0.000000e+000  0.000000e+000  1.000000e+000
    outer loop
      vertex  1.311732e+001  7.192388e+001  2.100000e+001
      vertex  1.311732e+001  6.707612e+001  2.100000e+001
      vertex  1.330491e+001  7.198078e+001  2.100000e+001
    endloop
  endfacet
  facet normal  0.000000e+000  0.000000e+000  9.999999e-001
    outer loop
      vertex  1.330491e+001  7.198078e+001  2.100000e+001
      vertex  1.311732e+001  6.707612e+001  2.100000e+001
      vertex  1.330491e+001  6.701922e+001  2.100000e+001
    endloop
  endfacet
  facet normal  0.000000e+000  0.000000e+000  1.000000e+000
    outer loop
      vertex  1.330491e+001  7.198078e+001  2.100000e+001
      vertex  1.330491e+001  6.701922e+001  2.100000e+001
      vertex  1.350000e+001  7.200000e+001  2.100000e+001
    endloop
  endfacet
  facet normal  0.000000e+000  0.000000e+000  9.999999e-001
    outer loop
      vertex  1.350000e+001  7.200000e+001  2.100000e+001
      vertex  1.330491e+001  6.701922e+001  2.100000e+001
      vertex  1.350000e+001  6.700000e+001  2.100000e+001
    endloop
  endfacet
  facet normal  0.000000e+000  -0.000000e+000  9.999999e-001
    outer loop
      vertex  4.162132e+001  7.112132e+001  2.100000e+001
      vertex  4.169509e+001  3.701921e+001  2.100000e+001
      vertex  4.192705e+001  7.076336e+001  2.100000e+001
    endloop
  endfacet
  facet normal  0.000000e+000  0.000000e+000  1.000000e+000
    outer loop
      vertex  4.192705e+001  7.076336e+001  2.100000e+001
      vertex  4.169509e+001  3.701921e+001  2.100000e+001
      vertex  4.188268e+001  3.707612e+001  2.100000e+001
    endloop
  endfacet
  facet normal  0.000000e+000  0.000000e+000  1.000000e+000
    outer loop
      vertex  4.192705e+001  7.076336e+001  2.100000e+001
      vertex  4.188268e+001  3.707612e+001  2.100000e+001
      vertex  4.217302e+001  7.036197e+001  2.100000e+001
    endloop
  endfacet
  facet normal  0.000000e+000  0.000000e+000  1.000000e+000
    outer loop
      vertex  4.217302e+001  7.036197e+001  2.100000e+001
      vertex  4.188268e+001  3.707612e+001  2.100000e+001
      vertex  4.205557e+001  3.716853e+001  2.100000e+001
    endloop
  endfacet
  facet normal  0.000000e+000  0.000000e+000  1.000000e+000
    outer loop
      vertex  4.217302e+001  7.036197e+001  2.100000e+001
      vertex  4.205557e+001  3.716853e+001  2.100000e+001
      vertex  4.220711e+001  3.729289e+001  2.100000e+001
    endloop
  endfacet
  facet normal  0.000000e+000  -0.000000e+000  1.000000e+000
    outer loop
      vertex  4.217302e+001  7.036197e+001  2.100000e+001
      vertex  4.220711e+001  3.729289e+001  2.100000e+001
      vertex  4.235317e+001  6.992705e+001  2.100000e+001
    endloop
  endfacet
  facet normal  0.000000e+000  0.000000e+000  1.000000e+000
    outer loop
      vertex  4.235317e+001  6.992705e+001  2.100000e+001
      vertex  4.220711e+001  3.729289e+001  2.100000e+001
      vertex  4.233147e+001  3.744443e+001  2.100000e+001
    endloop
  endfacet
  facet normal  0.000000e+000  0.000000e+000  1.000000e+000
    outer loop
      vertex  4.235317e+001  6.992705e+001  2.100000e+001
      vertex  4.233147e+001  3.744443e+001  2.100000e+001
      vertex  4.246307e+001  6.946931e+001  2.100000e+001
    endloop
  endfacet
  facet normal  0.000000e+000  0.000000e+000  1.000000e+000
    outer loop
      vertex  4.246307e+001  6.946931e+001  2.100000e+001
      vertex  4.233147e+001  3.744443e+001  2.100000e+001
      vertex  4.242388e+001  3.761732e+001  2.100000e+001
    endloop
  endfacet
  facet normal  0.000000e+000  0.000000e+000  1.000000e+000
    outer loop
      vertex  4.246307e+001  6.946931e+001  2.100000e+001
      vertex  4.242388e+001  3.761732e+001  2.100000e+001
      vertex  4.248079e+001  3.780491e+001  2.100000e+001
    endloop
  endfacet
  facet normal  0.000000e+000  0.000000e+000  1.000000e+000
    outer loop
      vertex  4.248079e+001  3.780491e+001  2.100000e+001
      vertex  4.250000e+001  3.800000e+001  2.100000e+001
      vertex  4.246307e+001  6.946931e+001  2.100000e+001
    endloop
  endfacet
  facet normal  0.000000e+000  0.000000e+000  1.000000e+000
    outer loop
      vertex  4.246307e+001  6.946931e+001  2.100000e+001
      vertex  4.250000e+001  3.800000e+001  2.100000e+001
      vertex  4.250000e+001  6.900000e+001  2.100000e+001
    endloop
  endfacet
  facet normal  7.845686e-002  9.969175e-001  0.000000e+000
    outer loop
      vertex  4.700000e+001  7.850000e+001 -5.000000e+000
      vertex  4.700000e+001  7.850000e+001  0.000000e+000
      vertex  4.746930e+001  7.846307e+001 -5.000000e+000
    endloop
  endfacet
  facet normal  7.845686e-002  9.969175e-001  -0.000000e+000
    outer loop
      vertex  4.746930e+001  7.846307e+001 -5.000000e+000
      vertex  4.700000e+001  7.850000e+001  0.000000e+000
      vertex  4.746930e+001  7.846307e+001  0.000000e+000
    endloop
  endfacet
  facet normal  2.334416e-001  9.723708e-001  0.000000e+000
    outer loop
      vertex  4.746930e+001  7.846307e+001 -5.000000e+000
      vertex  4.746930e+001  7.846307e+001  0.000000e+000
      vertex  4.792705e+001  7.835317e+001 -5.000000e+000
    endloop
  endfacet
  facet normal  2.334416e-001  9.723708e-001  -0.000000e+000
    outer loop
      vertex  4.792705e+001  7.835317e+001 -5.000000e+000
      vertex  4.746930e+001  7.846307e+001  0.000000e+000
      vertex  4.792705e+001  7.835317e+001  0.000000e+000
    endloop
  endfacet
  facet normal  3.826882e-001  9.238776e-001  0.000000e+000
    outer loop
      vertex  4.792705e+001  7.835317e+001 -5.000000e+000
      vertex  4.792705e+001  7.835317e+001  0.000000e+000
      vertex  4.836197e+001  7.817302e+001 -5.000000e+000
    endloop
  endfacet
  facet normal  3.826882e-001  9.238776e-001  -0.000000e+000
    outer loop
      vertex  4.836197e+001  7.817302e+001 -5.000000e+000
      vertex  4.792705e+001  7.835317e+001  0.000000e+000
      vertex  4.836197e+001  7.817302e+001  0.000000e+000
    endloop
  endfacet
  facet normal  5.225050e-001  8.526362e-001  0.000000e+000
    outer loop
      vertex  4.836197e+001  7.817302e+001 -5.000000e+000
      vertex  4.836197e+001  7.817302e+001  0.000000e+000
      vertex  4.876336e+001  7.792705e+001 -5.000000e+000
    endloop
  endfacet
  facet normal  5.225050e-001  8.526362e-001  -0.000000e+000
    outer loop
      vertex  4.876336e+001  7.792705e+001 -5.000000e+000
      vertex  4.836197e+001  7.817302e+001  0.000000e+000
      vertex  4.876336e+001  7.792705e+001  0.000000e+000
    endloop
  endfacet
  facet normal  6.494423e-001  7.604108e-001  0.000000e+000
    outer loop
      vertex  4.876336e+001  7.792705e+001 -5.000000e+000
      vertex  4.876336e+001  7.792705e+001  0.000000e+000
      vertex  4.912132e+001  7.762132e+001 -5.000000e+000
    endloop
  endfacet
  facet normal  6.494423e-001  7.604108e-001  -0.000000e+000
    outer loop
      vertex  4.912132e+001  7.762132e+001 -5.000000e+000
      vertex  4.876336e+001  7.792705e+001  0.000000e+000
      vertex  4.912132e+001  7.762132e+001  0.000000e+000
    endloop
  endfacet
  facet normal  7.604029e-001  6.494517e-001  0.000000e+000
    outer loop
      vertex  4.912132e+001  7.762132e+001 -5.000000e+000
      vertex  4.912132e+001  7.762132e+001  0.000000e+000
      vertex  4.942705e+001  7.726336e+001 -5.000000e+000
    endloop
  endfacet
  facet normal  7.604029e-001  6.494517e-001  -0.000000e+000
    outer loop
      vertex  4.942705e+001  7.726336e+001 -5.000000e+000
      vertex  4.912132e+001  7.762132e+001  0.000000e+000
      vertex  4.942705e+001  7.726336e+001  0.000000e+000
    endloop
  endfacet
  facet normal  8.526442e-001  5.224919e-001  0.000000e+000
    outer loop
      vertex  4.942705e+001  7.726336e+001 -5.000000e+000
      vertex  4.942705e+001  7.726336e+001  0.000000e+000
      vertex  4.967302e+001  7.686197e+001 -5.000000e+000
    endloop
  endfacet
  facet normal  8.526442e-001  5.224919e-001  -0.000000e+000
    outer loop
      vertex  4.967302e+001  7.686197e+001 -5.000000e+000
      vertex  4.942705e+001  7.726336e+001  0.000000e+000
      vertex  4.967302e+001  7.686197e+001  0.000000e+000
    endloop
  endfacet
  facet normal  9.238805e-001  3.826813e-001  0.000000e+000
    outer loop
      vertex  4.967302e+001  7.686197e+001 -5.000000e+000
      vertex  4.967302e+001  7.686197e+001  0.000000e+000
      vertex  4.985317e+001  7.642705e+001 -5.000000e+000
    endloop
  endfacet
  facet normal  9.238805e-001  3.826813e-001  -0.000000e+000
    outer loop
      vertex  4.985317e+001  7.642705e+001 -5.000000e+000
      vertex  4.967302e+001  7.686197e+001  0.000000e+000
      vertex  4.985317e+001  7.642705e+001  0.000000e+000
    endloop
  endfacet
  facet normal  9.723681e-001  2.334529e-001  0.000000e+000
    outer loop
      vertex  4.985317e+001  7.642705e+001 -5.000000e+000
      vertex  4.985317e+001  7.642705e+001  0.000000e+000
      vertex  4.996307e+001  7.596931e+001 -5.000000e+000
    endloop
  endfacet
  facet normal  9.723681e-001  2.334529e-001  -0.000000e+000
    outer loop
      vertex  4.996307e+001  7.596931e+001 -5.000000e+000
      vertex  4.985317e+001  7.642705e+001  0.000000e+000
      vertex  4.996307e+001  7.596931e+001  0.000000e+000
    endloop
  endfacet
  facet normal  9.969176e-001  7.845623e-002  0.000000e+000
    outer loop
      vertex  4.996307e+001  7.596931e+001 -5.000000e+000
      vertex  4.996307e+001  7.596931e+001  0.000000e+000
      vertex  5.000000e+001  7.550000e+001 -5.000000e+000
    endloop
  endfacet
  facet normal  9.969176e-001  7.845623e-002  -0.000000e+000
    outer loop
      vertex  5.000000e+001  7.550000e+001 -5.000000e+000
      vertex  4.996307e+001  7.596931e+001  0.000000e+000
      vertex  5.000000e+001  7.550000e+001  0.000000e+000
    endloop
  endfacet
  facet normal  9.969176e-001 -7.845623e-002  0.000000e+000
    outer loop
      vertex  5.000000e+001 -7.550000e+001 -5.000000e+000
      vertex  5.000000e+001 -7.550000e+001  0.000000e+000
      vertex  4.996307e+001 -7.596931e+001 -5.000000e+000
    endloop
  endfacet
  facet normal  9.969176e-001 -7.845623e-002  0.000000e+000
    outer loop
      vertex  4.996307e+001 -7.596931e+001 -5.000000e+000
      vertex  5.000000e+001 -7.550000e+001  0.000000e+000
      vertex  4.996307e+001 -7.596931e+001  0.000000e+000
    endloop
  endfacet
  facet normal  9.723681e-001 -2.334529e-001  0.000000e+000
    outer loop
      vertex  4.996307e+001 -7.596931e+001 -5.000000e+000
      vertex  4.996307e+001 -7.596931e+001  0.000000e+000
      vertex  4.985317e+001 -7.642705e+001 -5.000000e+000
    endloop
  endfacet
  facet normal  9.723681e-001 -2.334529e-001  0.000000e+000
    outer loop
      vertex  4.985317e+001 -7.642705e+001 -5.000000e+000
      vertex  4.996307e+001 -7.596931e+001  0.000000e+000
      vertex  4.985317e+001 -7.642705e+001  0.000000e+000
    endloop
  endfacet
  facet normal  9.238805e-001 -3.826813e-001  0.000000e+000
    outer loop
      vertex  4.985317e+001 -7.642705e+001 -5.000000e+000
      vertex  4.985317e+001 -7.642705e+001  0.000000e+000
      vertex  4.967302e+001 -7.686197e+001 -5.000000e+000
    endloop
  endfacet
  facet normal  9.238805e-001 -3.826813e-001  0.000000e+000
    outer loop
      vertex  4.967302e+001 -7.686197e+001 -5.000000e+000
      vertex  4.985317e+001 -7.642705e+001  0.000000e+000
      vertex  4.967302e+001 -7.686197e+001  0.000000e+000
    endloop
  endfacet
  facet normal  8.526442e-001 -5.224919e-001  0.000000e+000
    outer loop
      vertex  4.967302e+001 -7.686197e+001 -5.000000e+000
      vertex  4.967302e+001 -7.686197e+001  0.000000e+000
      vertex  4.942705e+001 -7.726336e+001 -5.000000e+000
    endloop
  endfacet
  facet normal  8.526442e-001 -5.224919e-001  0.000000e+000
    outer loop
      vertex  4.942705e+001 -7.726336e+001 -5.000000e+000
      vertex  4.967302e+001 -7.686197e+001  0.000000e+000
      vertex  4.942705e+001 -7.726336e+001  0.000000e+000
    endloop
  endfacet
  facet normal  7.604029e-001 -6.494517e-001  0.000000e+000
    outer loop
      vertex  4.942705e+001 -7.726336e+001 -5.000000e+000
      vertex  4.942705e+001 -7.726336e+001  0.000000e+000
      vertex  4.912132e+001 -7.762132e+001 -5.000000e+000
    endloop
  endfacet
  facet normal  7.604029e-001 -6.494517e-001  0.000000e+000
    outer loop
      vertex  4.912132e+001 -7.762132e+001 -5.000000e+000
      vertex  4.942705e+001 -7.726336e+001  0.000000e+000
      vertex  4.912132e+001 -7.762132e+001  0.000000e+000
    endloop
  endfacet
  facet normal  6.494423e-001 -7.604108e-001  0.000000e+000
    outer loop
      vertex  4.912132e+001 -7.762132e+001 -5.000000e+000
      vertex  4.912132e+001 -7.762132e+001  0.000000e+000
      vertex  4.876336e+001 -7.792705e+001 -5.000000e+000
    endloop
  endfacet
  facet normal  6.494423e-001 -7.604108e-001  0.000000e+000
    outer loop
      vertex  4.876336e+001 -7.792705e+001 -5.000000e+000
      vertex  4.912132e+001 -7.762132e+001  0.000000e+000
      vertex  4.876336e+001 -7.792705e+001  0.000000e+000
    endloop
  endfacet
  facet normal  5.225050e-001 -8.526362e-001  0.000000e+000
    outer loop
      vertex  4.876336e+001 -7.792705e+001 -5.000000e+000
      vertex  4.876336e+001 -7.792705e+001  0.000000e+000
      vertex  4.836197e+001 -7.817302e+001 -5.000000e+000
    endloop
  endfacet
  facet normal  5.225050e-001 -8.526362e-001  0.000000e+000
    outer loop
      vertex  4.836197e+001 -7.817302e+001 -5.000000e+000
      vertex  4.876336e+001 -7.792705e+001  0.000000e+000
      vertex  4.836197e+001 -7.817302e+001  0.000000e+000
    endloop
  endfacet
  facet normal  3.826882e-001 -9.238776e-001  0.000000e+000
    outer loop
      vertex  4.836197e+001 -7.817302e+001 -5.000000e+000
      vertex  4.836197e+001 -7.817302e+001  0.000000e+000
      vertex  4.792705e+001 -7.835317e+001 -5.000000e+000
    endloop
  endfacet
  facet normal  3.826882e-001 -9.238776e-001  0.000000e+000
    outer loop
      vertex  4.792705e+001 -7.835317e+001 -5.000000e+000
      vertex  4.836197e+001 -7.817302e+001  0.000000e+000
      vertex  4.792705e+001 -7.835317e+001  0.000000e+000
    endloop
  endfacet
  facet normal  2.334416e-001 -9.723708e-001  0.000000e+000
    outer loop
      vertex  4.792705e+001 -7.835317e+001 -5.000000e+000
      vertex  4.792705e+001 -7.835317e+001  0.000000e+000
      vertex  4.746930e+001 -7.846307e+001 -5.000000e+000
    endloop
  endfacet
  facet normal  2.334416e-001 -9.723708e-001  0.000000e+000
    outer loop
      vertex  4.746930e+001 -7.846307e+001 -5.000000e+000
      vertex  4.792705e+001 -7.835317e+001  0.000000e+000
      vertex  4.746930e+001 -7.846307e+001  0.000000e+000
    endloop
  endfacet
  facet normal  7.845686e-002 -9.969175e-001  0.000000e+000
    outer loop
      vertex  4.746930e+001 -7.846307e+001 -5.000000e+000
      vertex  4.746930e+001 -7.846307e+001  0.000000e+000
      vertex  4.700000e+001 -7.850000e+001 -5.000000e+000
    endloop
  endfacet
  facet normal  7.845686e-002 -9.969175e-001  0.000000e+000
    outer loop
      vertex  4.700000e+001 -7.850000e+001 -5.000000e+000
      vertex  4.746930e+001 -7.846307e+001  0.000000e+000
      vertex  4.700000e+001 -7.850000e+001  0.000000e+000
    endloop
  endfacet
  facet normal -7.845686e-002 -9.969175e-001  -0.000000e+000
    outer loop
      vertex -4.700000e+001 -7.850000e+001 -5.000000e+000
      vertex -4.700000e+001 -7.850000e+001  0.000000e+000
      vertex -4.746930e+001 -7.846307e+001 -5.000000e+000
    endloop
  endfacet
  facet normal -7.845686e-002 -9.969175e-001  0.000000e+000
    outer loop
      vertex -4.746930e+001 -7.846307e+001 -5.000000e+000
      vertex -4.700000e+001 -7.850000e+001  0.000000e+000
      vertex -4.746930e+001 -7.846307e+001  0.000000e+000
    endloop
  endfacet
  facet normal -2.334416e-001 -9.723708e-001  -0.000000e+000
    outer loop
      vertex -4.746930e+001 -7.846307e+001 -5.000000e+000
      vertex -4.746930e+001 -7.846307e+001  0.000000e+000
      vertex -4.792705e+001 -7.835317e+001 -5.000000e+000
    endloop
  endfacet
  facet normal -2.334416e-001 -9.723708e-001  0.000000e+000
    outer loop
      vertex -4.792705e+001 -7.835317e+001 -5.000000e+000
      vertex -4.746930e+001 -7.846307e+001  0.000000e+000
      vertex -4.792705e+001 -7.835317e+001  0.000000e+000
    endloop
  endfacet
  facet normal -3.826882e-001 -9.238776e-001  -0.000000e+000
    outer loop
      vertex -4.792705e+001 -7.835317e+001 -5.000000e+000
      vertex -4.792705e+001 -7.835317e+001  0.000000e+000
      vertex -4.836197e+001 -7.817302e+001 -5.000000e+000
    endloop
  endfacet
  facet normal -3.826882e-001 -9.238776e-001  0.000000e+000
    outer loop
      vertex -4.836197e+001 -7.817302e+001 -5.000000e+000
      vertex -4.792705e+001 -7.835317e+001  0.000000e+000
      vertex -4.836197e+001 -7.817302e+001  0.000000e+000
    endloop
  endfacet
  facet normal -5.225050e-001 -8.526362e-001  -0.000000e+000
    outer loop
      vertex -4.836197e+001 -7.817302e+001 -5.000000e+000
      vertex -4.836197e+001 -7.817302e+001  0.000000e+000
      vertex -4.876336e+001 -7.792705e+001 -5.000000e+000
    endloop
  endfacet
  facet normal -5.225050e-001 -8.526362e-001  0.000000e+000
    outer loop
      vertex -4.876336e+001 -7.792705e+001 -5.000000e+000
      vertex -4.836197e+001 -7.817302e+001  0.000000e+000
      vertex -4.876336e+001 -7.792705e+001  0.000000e+000
    endloop
  endfacet
  facet normal -6.494423e-001 -7.604108e-001  -0.000000e+000
    outer loop
      vertex -4.876336e+001 -7.792705e+001 -5.000000e+000
      vertex -4.876336e+001 -7.792705e+001  0.000000e+000
      vertex -4.912132e+001 -7.762132e+001 -5.000000e+000
    endloop
  endfacet
  facet normal -6.494423e-001 -7.604108e-001  0.000000e+000
    outer loop
      vertex -4.912132e+001 -7.762132e+001 -5.000000e+000
      vertex -4.876336e+001 -7.792705e+001  0.000000e+000
      vertex -4.912132e+001 -7.762132e+001  0.000000e+000
    endloop
  endfacet
  facet normal -7.604029e-001 -6.494517e-001  -0.000000e+000
    outer loop
      vertex -4.912132e+001 -7.762132e+001 -5.000000e+000
      vertex -4.912132e+001 -7.762132e+001  0.000000e+000
      vertex -4.942705e+001 -7.726336e+001 -5.000000e+000
    endloop
  endfacet
  facet normal -7.604029e-001 -6.494517e-001  0.000000e+000
    outer loop
      vertex -4.942705e+001 -7.726336e+001 -5.000000e+000
      vertex -4.912132e+001 -7.762132e+001  0.000000e+000
      vertex -4.942705e+001 -7.726336e+001  0.000000e+000
    endloop
  endfacet
  facet normal -8.526442e-001 -5.224919e-001  -0.000000e+000
    outer loop
      vertex -4.942705e+001 -7.726336e+001 -5.000000e+000
      vertex -4.942705e+001 -7.726336e+001  0.000000e+000
      vertex -4.967302e+001 -7.686197e+001 -5.000000e+000
    endloop
  endfacet
  facet normal -8.526442e-001 -5.224919e-001  0.000000e+000
    outer loop
      vertex -4.967302e+001 -7.686197e+001 -5.000000e+000
      vertex -4.942705e+001 -7.726336e+001  0.000000e+000
      vertex -4.967302e+001 -7.686197e+001  0.000000e+000
    endloop
  endfacet
  facet normal -9.238805e-001 -3.826813e-001  -0.000000e+000
    outer loop
      vertex -4.967302e+001 -7.686197e+001 -5.000000e+000
      vertex -4.967302e+001 -7.686197e+001  0.000000e+000
      vertex -4.985317e+001 -7.642705e+001 -5.000000e+000
    endloop
  endfacet
  facet normal -9.238805e-001 -3.826813e-001  0.000000e+000
    outer loop
      vertex -4.985317e+001 -7.642705e+001 -5.000000e+000
      vertex -4.967302e+001 -7.686197e+001  0.000000e+000
      vertex -4.985317e+001 -7.642705e+001  0.000000e+000
    endloop
  endfacet
  facet normal -9.723681e-001 -2.334529e-001  -0.000000e+000
    outer loop
      vertex -4.985317e+001 -7.642705e+001 -5.000000e+000
      vertex -4.985317e+001 -7.642705e+001  0.000000e+000
      vertex -4.996307e+001 -7.596931e+001 -5.000000e+000
    endloop
  endfacet
  facet normal -9.723681e-001 -2.334529e-001  0.000000e+000
    outer loop
      vertex -4.996307e+001 -7.596931e+001 -5.000000e+000
      vertex -4.985317e+001 -7.642705e+001  0.000000e+000
      vertex -4.996307e+001 -7.596931e+001  0.000000e+000
    endloop
  endfacet
  facet normal -9.969176e-001 -7.845623e-002  -0.000000e+000
    outer loop
      vertex -4.996307e+001 -7.596931e+001 -5.000000e+000
      vertex -4.996307e+001 -7.596931e+001  0.000000e+000
      vertex -5.000000e+001 -7.550000e+001 -5.000000e+000
    endloop
  endfacet
  facet normal -9.969176e-001 -7.845623e-002  0.000000e+000
    outer loop
      vertex -5.000000e+001 -7.550000e+001 -5.000000e+000
      vertex -4.996307e+001 -7.596931e+001  0.000000e+000
      vertex -5.000000e+001 -7.550000e+001  0.000000e+000
    endloop
  endfacet
  facet normal -9.969176e-001  7.845623e-002  0.000000e+000
    outer loop
      vertex -5.000000e+001  7.550000e+001 -5.000000e+000
      vertex -5.000000e+001  7.550000e+001  0.000000e+000
      vertex -4.996307e+001  7.596931e+001 -5.000000e+000
    endloop
  endfacet
  facet normal -9.969176e-001  7.845623e-002  0.000000e+000
    outer loop
      vertex -4.996307e+001  7.596931e+001 -5.000000e+000
      vertex -5.000000e+001  7.550000e+001  0.000000e+000
      vertex -4.996307e+001  7.596931e+001  0.000000e+000
    endloop
  endfacet
  facet normal -9.723681e-001  2.334529e-001  0.000000e+000
    outer loop
      vertex -4.996307e+001  7.596931e+001 -5.000000e+000
      vertex -4.996307e+001  7.596931e+001  0.000000e+000
      vertex -4.985317e+001  7.642705e+001 -5.000000e+000
    endloop
  endfacet
  facet normal -9.723681e-001  2.334529e-001  0.000000e+000
    outer loop
      vertex -4.985317e+001  7.642705e+001 -5.000000e+000
      vertex -4.996307e+001  7.596931e+001  0.000000e+000
      vertex -4.985317e+001  7.642705e+001  0.000000e+000
    endloop
  endfacet
  facet normal -9.238805e-001  3.826813e-001  0.000000e+000
    outer loop
      vertex -4.985317e+001  7.642705e+001 -5.000000e+000
      vertex -4.985317e+001  7.642705e+001  0.000000e+000
      vertex -4.967302e+001  7.686197e+001 -5.000000e+000
    endloop
  endfacet
  facet normal -9.238805e-001  3.826813e-001  0.000000e+000
    outer loop
      vertex -4.967302e+001  7.686197e+001 -5.000000e+000
      vertex -4.985317e+001  7.642705e+001  0.000000e+000
      vertex -4.967302e+001  7.686197e+001  0.000000e+000
    endloop
  endfacet
  facet normal -8.526442e-001  5.224919e-001  0.000000e+000
    outer loop
      vertex -4.967302e+001  7.686197e+001 -5.000000e+000
      vertex -4.967302e+001  7.686197e+001  0.000000e+000
      vertex -4.942705e+001  7.726336e+001 -5.000000e+000
    endloop
  endfacet
  facet normal -8.526442e-001  5.224919e-001  0.000000e+000
    outer loop
      vertex -4.942705e+001  7.726336e+001 -5.000000e+000
      vertex -4.967302e+001  7.686197e+001  0.000000e+000
      vertex -4.942705e+001  7.726336e+001  0.000000e+000
    endloop
  endfacet
  facet normal -7.604029e-001  6.494517e-001  0.000000e+000
    outer loop
      vertex -4.942705e+001  7.726336e+001 -5.000000e+000
      vertex -4.942705e+001  7.726336e+001  0.000000e+000
      vertex -4.912132e+001  7.762132e+001 -5.000000e+000
    endloop
  endfacet
  facet normal -7.604029e-001  6.494517e-001  0.000000e+000
    outer loop
      vertex -4.912132e+001  7.762132e+001 -5.000000e+000
      vertex -4.942705e+001  7.726336e+001  0.000000e+000
      vertex -4.912132e+001  7.762132e+001  0.000000e+000
    endloop
  endfacet
  facet normal -6.494423e-001  7.604108e-001  0.000000e+000
    outer loop
      vertex -4.912132e+001  7.762132e+001 -5.000000e+000
      vertex -4.912132e+001  7.762132e+001  0.000000e+000
      vertex -4.876336e+001  7.792705e+001 -5.000000e+000
    endloop
  endfacet
  facet normal -6.494423e-001  7.604108e-001  0.000000e+000
    outer loop
      vertex -4.876336e+001  7.792705e+001 -5.000000e+000
      vertex -4.912132e+001  7.762132e+001  0.000000e+000
      vertex -4.876336e+001  7.792705e+001  0.000000e+000
    endloop
  endfacet
  facet normal -5.225050e-001  8.526362e-001  0.000000e+000
    outer loop
      vertex -4.876336e+001  7.792705e+001 -5.000000e+000
      vertex -4.876336e+001  7.792705e+001  0.000000e+000
      vertex -4.836197e+001  7.817302e+001 -5.000000e+000
    endloop
  endfacet
  facet normal -5.225050e-001  8.526362e-001  0.000000e+000
    outer loop
      vertex -4.836197e+001  7.817302e+001 -5.000000e+000
      vertex -4.876336e+001  7.792705e+001  0.000000e+000
      vertex -4.836197e+001  7.817302e+001  0.000000e+000
    endloop
  endfacet
  facet normal -3.826882e-001  9.238776e-001  0.000000e+000
    outer loop
      vertex -4.836197e+001  7.817302e+001 -5.000000e+000
      vertex -4.836197e+001  7.817302e+001  0.000000e+000
      vertex -4.792705e+001  7.835317e+001 -5.000000e+000
    endloop
  endfacet
  facet normal -3.826882e-001  9.238776e-001  0.000000e+000
    outer loop
      vertex -4.792705e+001  7.835317e+001 -5.000000e+000
      vertex -4.836197e+001  7.817302e+001  0.000000e+000
      vertex -4.792705e+001  7.835317e+001  0.000000e+000
    endloop
  endfacet
  facet normal -2.334416e-001  9.723708e-001  0.000000e+000
    outer loop
      vertex -4.792705e+001  7.835317e+001 -5.000000e+000
      vertex -4.792705e+001  7.835317e+001  0.000000e+000
      vertex -4.746930e+001  7.846307e+001 -5.000000e+000
    endloop
  endfacet
  facet normal -2.334416e-001  9.723708e-001  0.000000e+000
    outer loop
      vertex -4.746930e+001  7.846307e+001 -5.000000e+000
      vertex -4.792705e+001  7.835317e+001  0.000000e+000
      vertex -4.746930e+001  7.846307e+001  0.000000e+000
    endloop
  endfacet
  facet normal -7.845686e-002  9.969175e-001  0.000000e+000
    outer loop
      vertex -4.746930e+001  7.846307e+001 -5.000000e+000
      vertex -4.746930e+001  7.846307e+001  0.000000e+000
      vertex -4.700000e+001  7.850000e+001 -5.000000e+000
    endloop
  endfacet
  facet normal -7.845686e-002  9.969175e-001  0.000000e+000
    outer loop
      vertex -4.700000e+001  7.850000e+001 -5.000000e+000
      vertex -4.746930e+001  7.846307e+001  0.000000e+000
      vertex -4.700000e+001  7.850000e+001  0.000000e+000
    endloop
  endfacet
endsolid CATIA STL
