solid CATIA STL
  facet normal  0.000000e+000 -1.000000e+000  -0.000000e+000
    outer loop
      vertex -1.000000e+001  1.300000e+001  0.000000e+000
      vertex -1.000000e+001  1.300000e+001  1.000000e+001
      vertex -1.400000e+001  1.300000e+001  0.000000e+000
    endloop
  endfacet
  facet normal  0.000000e+000 -1.000000e+000  0.000000e+000
    outer loop
      vertex -1.400000e+001  1.300000e+001  0.000000e+000
      vertex -1.000000e+001  1.300000e+001  1.000000e+001
      vertex -1.400000e+001  1.300000e+001  1.000000e+001
    endloop
  endfacet
  facet normal  0.000000e+000  0.000000e+000  1.000000e+000
    outer loop
      vertex -7.500000e+000  8.500000e+000  1.000000e+001
      vertex -7.519215e+000  1.419509e+001  1.000000e+001
      vertex -7.509607e+000  8.402454e+000  1.000000e+001
    endloop
  endfacet
  facet normal  0.000000e+000  0.000000e+000  9.999999e-001
    outer loop
      vertex -7.500000e+000  8.500000e+000  1.000000e+001
      vertex -7.500000e+000  1.400000e+001  1.000000e+001
      vertex -7.519215e+000  1.419509e+001  1.000000e+001
    endloop
  endfacet
  facet normal  -0.000000e+000  0.000000e+000  1.000000e+000
    outer loop
      vertex -1.450000e+001  1.450000e+001  1.000000e+001
      vertex -1.450000e+001  1.350000e+001  1.000000e+001
      vertex -1.449039e+001  1.340245e+001  1.000000e+001
    endloop
  endfacet
  facet normal  -0.000000e+000  0.000000e+000  1.000000e+000
    outer loop
      vertex -8.500000e+000  1.500000e+001  1.000000e+001
      vertex -1.400000e+001  1.500000e+001  1.000000e+001
      vertex -1.400000e+001  1.300000e+001  1.000000e+001
    endloop
  endfacet
  facet normal  0.000000e+000  0.000000e+000  1.000000e+000
    outer loop
      vertex -8.500000e+000  1.500000e+001  1.000000e+001
      vertex -1.400000e+001  1.300000e+001  1.000000e+001
      vertex -1.000000e+001  1.300000e+001  1.000000e+001
    endloop
  endfacet
  facet normal  -0.000000e+000  0.000000e+000  1.000000e+000
    outer loop
      vertex -8.500000e+000  1.500000e+001  1.000000e+001
      vertex -1.000000e+001  1.300000e+001  1.000000e+001
      vertex -9.902454e+000  1.299039e+001  1.000000e+001
    endloop
  endfacet
  facet normal  -0.000000e+000  0.000000e+000  1.000000e+000
    outer loop
      vertex -8.500000e+000  1.500000e+001  1.000000e+001
      vertex -9.902454e+000  1.299039e+001  1.000000e+001
      vertex -9.808659e+000  1.296194e+001  1.000000e+001
    endloop
  endfacet
  facet normal  -0.000000e+000  0.000000e+000  1.000000e+000
    outer loop
      vertex -8.500000e+000  1.500000e+001  1.000000e+001
      vertex -9.808659e+000  1.296194e+001  1.000000e+001
      vertex -9.722215e+000  1.291574e+001  1.000000e+001
    endloop
  endfacet
  facet normal  -0.000000e+000  0.000000e+000  1.000000e+000
    outer loop
      vertex -8.500000e+000  1.500000e+001  1.000000e+001
      vertex -9.722215e+000  1.291574e+001  1.000000e+001
      vertex -9.646446e+000  1.285355e+001  1.000000e+001
    endloop
  endfacet
  facet normal  -0.000000e+000  0.000000e+000  9.999999e-001
    outer loop
      vertex -8.500000e+000  1.500000e+001  1.000000e+001
      vertex -9.646446e+000  1.285355e+001  1.000000e+001
      vertex -9.584265e+000  1.277779e+001  1.000000e+001
    endloop
  endfacet
  facet normal  -0.000000e+000  0.000000e+000  1.000000e+000
    outer loop
      vertex -8.500000e+000  1.500000e+001  1.000000e+001
      vertex -9.584265e+000  1.277779e+001  1.000000e+001
      vertex -9.538060e+000  1.269134e+001  1.000000e+001
    endloop
  endfacet
  facet normal  -0.000000e+000  0.000000e+000  1.000000e+000
    outer loop
      vertex -8.500000e+000  1.500000e+001  1.000000e+001
      vertex -9.538060e+000  1.269134e+001  1.000000e+001
      vertex -9.509607e+000  1.259755e+001  1.000000e+001
    endloop
  endfacet
  facet normal  -0.000000e+000  0.000000e+000  1.000000e+000
    outer loop
      vertex -8.500000e+000  1.500000e+001  1.000000e+001
      vertex -9.509607e+000  1.259755e+001  1.000000e+001
      vertex -9.500000e+000  1.250000e+001  1.000000e+001
    endloop
  endfacet
  facet normal  -0.000000e+000  0.000000e+000  1.000000e+000
    outer loop
      vertex -8.500000e+000  1.500000e+001  1.000000e+001
      vertex -9.500000e+000  1.250000e+001  1.000000e+001
      vertex -9.500000e+000  8.000000e+000  1.000000e+001
    endloop
  endfacet
  facet normal  0.000000e+000  0.000000e+000  1.000000e+000
    outer loop
      vertex -8.500000e+000  1.500000e+001  1.000000e+001
      vertex -9.500000e+000  8.000000e+000  1.000000e+001
      vertex -8.000000e+000  8.000000e+000  1.000000e+001
    endloop
  endfacet
  facet normal  0.000000e+000  0.000000e+000  9.999999e-001
    outer loop
      vertex -8.500000e+000  1.500000e+001  1.000000e+001
      vertex -8.000000e+000  8.000000e+000  1.000000e+001
      vertex -8.117316e+000  1.492388e+001  1.000000e+001
    endloop
  endfacet
  facet normal  0.000000e+000  0.000000e+000  1.000000e+000
    outer loop
      vertex -8.500000e+000  1.500000e+001  1.000000e+001
      vertex -8.117316e+000  1.492388e+001  1.000000e+001
      vertex -8.304910e+000  1.498079e+001  1.000000e+001
    endloop
  endfacet
  facet normal  0.000000e+000  0.000000e+000  1.000000e+000
    outer loop
      vertex -1.400000e+001  1.300000e+001  1.000000e+001
      vertex -1.400000e+001  1.500000e+001  1.000000e+001
      vertex -1.409755e+001  1.300961e+001  1.000000e+001
    endloop
  endfacet
  facet normal  0.000000e+000  0.000000e+000  1.000000e+000
    outer loop
      vertex -1.409755e+001  1.300961e+001  1.000000e+001
      vertex -1.400000e+001  1.500000e+001  1.000000e+001
      vertex -1.409755e+001  1.499039e+001  1.000000e+001
    endloop
  endfacet
  facet normal  0.000000e+000  0.000000e+000  9.999999e-001
    outer loop
      vertex -1.409755e+001  1.300961e+001  1.000000e+001
      vertex -1.409755e+001  1.499039e+001  1.000000e+001
      vertex -1.419134e+001  1.303806e+001  1.000000e+001
    endloop
  endfacet
  facet normal  0.000000e+000  0.000000e+000  1.000000e+000
    outer loop
      vertex -1.419134e+001  1.303806e+001  1.000000e+001
      vertex -1.409755e+001  1.499039e+001  1.000000e+001
      vertex -1.419134e+001  1.496194e+001  1.000000e+001
    endloop
  endfacet
  facet normal  0.000000e+000  0.000000e+000  1.000000e+000
    outer loop
      vertex -1.419134e+001  1.303806e+001  1.000000e+001
      vertex -1.419134e+001  1.496194e+001  1.000000e+001
      vertex -1.427779e+001  1.308426e+001  1.000000e+001
    endloop
  endfacet
  facet normal  0.000000e+000  0.000000e+000  1.000000e+000
    outer loop
      vertex -1.427779e+001  1.308426e+001  1.000000e+001
      vertex -1.419134e+001  1.496194e+001  1.000000e+001
      vertex -1.427779e+001  1.491574e+001  1.000000e+001
    endloop
  endfacet
  facet normal  0.000000e+000  0.000000e+000  1.000000e+000
    outer loop
      vertex -1.427779e+001  1.308426e+001  1.000000e+001
      vertex -1.427779e+001  1.491574e+001  1.000000e+001
      vertex -1.435355e+001  1.314645e+001  1.000000e+001
    endloop
  endfacet
  facet normal  0.000000e+000  0.000000e+000  1.000000e+000
    outer loop
      vertex -1.435355e+001  1.314645e+001  1.000000e+001
      vertex -1.427779e+001  1.491574e+001  1.000000e+001
      vertex -1.435355e+001  1.485355e+001  1.000000e+001
    endloop
  endfacet
  facet normal  0.000000e+000  0.000000e+000  1.000000e+000
    outer loop
      vertex -1.435355e+001  1.314645e+001  1.000000e+001
      vertex -1.435355e+001  1.485355e+001  1.000000e+001
      vertex -1.441574e+001  1.322221e+001  1.000000e+001
    endloop
  endfacet
  facet normal  0.000000e+000  0.000000e+000  1.000000e+000
    outer loop
      vertex -1.441574e+001  1.322221e+001  1.000000e+001
      vertex -1.435355e+001  1.485355e+001  1.000000e+001
      vertex -1.441574e+001  1.477779e+001  1.000000e+001
    endloop
  endfacet
  facet normal  0.000000e+000  0.000000e+000  1.000000e+000
    outer loop
      vertex -1.441574e+001  1.322221e+001  1.000000e+001
      vertex -1.441574e+001  1.477779e+001  1.000000e+001
      vertex -1.446194e+001  1.330866e+001  1.000000e+001
    endloop
  endfacet
  facet normal  0.000000e+000  0.000000e+000  1.000000e+000
    outer loop
      vertex -1.446194e+001  1.330866e+001  1.000000e+001
      vertex -1.441574e+001  1.477779e+001  1.000000e+001
      vertex -1.446194e+001  1.469134e+001  1.000000e+001
    endloop
  endfacet
  facet normal  0.000000e+000  0.000000e+000  1.000000e+000
    outer loop
      vertex -1.446194e+001  1.330866e+001  1.000000e+001
      vertex -1.446194e+001  1.469134e+001  1.000000e+001
      vertex -1.449039e+001  1.340245e+001  1.000000e+001
    endloop
  endfacet
  facet normal  0.000000e+000  0.000000e+000  1.000000e+000
    outer loop
      vertex -1.449039e+001  1.340245e+001  1.000000e+001
      vertex -1.446194e+001  1.469134e+001  1.000000e+001
      vertex -1.449039e+001  1.459755e+001  1.000000e+001
    endloop
  endfacet
  facet normal  0.000000e+000  0.000000e+000  1.000000e+000
    outer loop
      vertex -1.449039e+001  1.340245e+001  1.000000e+001
      vertex -1.449039e+001  1.459755e+001  1.000000e+001
      vertex -1.450000e+001  1.450000e+001  1.000000e+001
    endloop
  endfacet
  facet normal  0.000000e+000  -0.000000e+000  1.000000e+000
    outer loop
      vertex -8.117316e+000  1.492388e+001  1.000000e+001
      vertex -8.000000e+000  8.000000e+000  1.000000e+001
      vertex -7.944430e+000  1.483147e+001  1.000000e+001
    endloop
  endfacet
  facet normal  0.000000e+000  0.000000e+000  1.000000e+000
    outer loop
      vertex -7.944430e+000  1.483147e+001  1.000000e+001
      vertex -8.000000e+000  8.000000e+000  1.000000e+001
      vertex -7.902455e+000  8.009607e+000  1.000000e+001
    endloop
  endfacet
  facet normal  0.000000e+000  -0.000000e+000  1.000000e+000
    outer loop
      vertex -7.944430e+000  1.483147e+001  1.000000e+001
      vertex -7.902455e+000  8.009607e+000  1.000000e+001
      vertex -7.792893e+000  1.470711e+001  1.000000e+001
    endloop
  endfacet
  facet normal  0.000000e+000  0.000000e+000  1.000000e+000
    outer loop
      vertex -7.792893e+000  1.470711e+001  1.000000e+001
      vertex -7.902455e+000  8.009607e+000  1.000000e+001
      vertex -7.808658e+000  8.038060e+000  1.000000e+001
    endloop
  endfacet
  facet normal  0.000000e+000  0.000000e+000  1.000000e+000
    outer loop
      vertex -7.792893e+000  1.470711e+001  1.000000e+001
      vertex -7.808658e+000  8.038060e+000  1.000000e+001
      vertex -7.668530e+000  1.455557e+001  1.000000e+001
    endloop
  endfacet
  facet normal  0.000000e+000  0.000000e+000  1.000000e+000
    outer loop
      vertex -7.668530e+000  1.455557e+001  1.000000e+001
      vertex -7.808658e+000  8.038060e+000  1.000000e+001
      vertex -7.722215e+000  8.084265e+000  1.000000e+001
    endloop
  endfacet
  facet normal  0.000000e+000  0.000000e+000  1.000000e+000
    outer loop
      vertex -7.668530e+000  1.455557e+001  1.000000e+001
      vertex -7.722215e+000  8.084265e+000  1.000000e+001
      vertex -7.646447e+000  8.146446e+000  1.000000e+001
    endloop
  endfacet
  facet normal  0.000000e+000  -0.000000e+000  1.000000e+000
    outer loop
      vertex -7.668530e+000  1.455557e+001  1.000000e+001
      vertex -7.646447e+000  8.146446e+000  1.000000e+001
      vertex -7.576120e+000  1.438268e+001  1.000000e+001
    endloop
  endfacet
  facet normal  0.000000e+000  0.000000e+000  1.000000e+000
    outer loop
      vertex -7.576120e+000  1.438268e+001  1.000000e+001
      vertex -7.646447e+000  8.146446e+000  1.000000e+001
      vertex -7.584265e+000  8.222215e+000  1.000000e+001
    endloop
  endfacet
  facet normal  0.000000e+000  0.000000e+000  9.999999e-001
    outer loop
      vertex -7.576120e+000  1.438268e+001  1.000000e+001
      vertex -7.584265e+000  8.222215e+000  1.000000e+001
      vertex -7.519215e+000  1.419509e+001  1.000000e+001
    endloop
  endfacet
  facet normal  0.000000e+000  0.000000e+000  1.000000e+000
    outer loop
      vertex -7.519215e+000  1.419509e+001  1.000000e+001
      vertex -7.584265e+000  8.222215e+000  1.000000e+001
      vertex -7.538060e+000  8.308659e+000  1.000000e+001
    endloop
  endfacet
  facet normal  0.000000e+000  0.000000e+000  1.000000e+000
    outer loop
      vertex -7.519215e+000  1.419509e+001  1.000000e+001
      vertex -7.538060e+000  8.308659e+000  1.000000e+001
      vertex -7.509607e+000  8.402454e+000  1.000000e+001
    endloop
  endfacet
  facet normal -1.000000e+000  0.000000e+000  0.000000e+000
    outer loop
      vertex -1.450000e+001  1.450000e+001  0.000000e+000
      vertex -1.450000e+001  1.350000e+001  0.000000e+000
      vertex -1.450000e+001  1.450000e+001  1.000000e+001
    endloop
  endfacet
  facet normal -1.000000e+000  -0.000000e+000  0.000000e+000
    outer loop
      vertex -1.450000e+001  1.450000e+001  1.000000e+001
      vertex -1.450000e+001  1.350000e+001  0.000000e+000
      vertex -1.450000e+001  1.350000e+001  1.000000e+001
    endloop
  endfacet
  facet normal  -0.000000e+000  0.000000e+000  1.000000e+000
    outer loop
      vertex  5.000000e-001  2.650000e+001  0.000000e+000
      vertex -1.050070e+001  2.505899e+001  0.000000e+000
      vertex  5.000000e-001  2.500000e+001  0.000000e+000
    endloop
  endfacet
  facet normal  0.000000e+000  0.000000e+000  1.000000e+000
    outer loop
      vertex  5.000000e-001  2.650000e+001  0.000000e+000
      vertex  5.096074e-001  2.659755e+001  0.000000e+000
      vertex -1.050070e+001  2.505899e+001  0.000000e+000
    endloop
  endfacet
  facet normal  0.000000e+000  0.000000e+000  1.000000e+000
    outer loop
      vertex  1.449039e+001 -1.340245e+001  0.000000e+000
      vertex  1.305899e+001  1.250070e+001  0.000000e+000
      vertex  1.446194e+001 -1.330866e+001  0.000000e+000
    endloop
  endfacet
  facet normal  0.000000e+000  0.000000e+000  1.000000e+000
    outer loop
      vertex  1.446194e+001 -1.330866e+001  0.000000e+000
      vertex  1.305899e+001  1.250070e+001  0.000000e+000
      vertex  1.441574e+001 -1.322221e+001  0.000000e+000
    endloop
  endfacet
  facet normal  0.000000e+000  0.000000e+000  1.000000e+000
    outer loop
      vertex  1.441574e+001 -1.322221e+001  0.000000e+000
      vertex  1.305899e+001  1.250070e+001  0.000000e+000
      vertex  1.435355e+001 -1.314645e+001  0.000000e+000
    endloop
  endfacet
  facet normal  0.000000e+000  0.000000e+000  1.000000e+000
    outer loop
      vertex  1.435355e+001 -1.314645e+001  0.000000e+000
      vertex  1.305899e+001  1.250070e+001  0.000000e+000
      vertex  1.427779e+001 -1.308426e+001  0.000000e+000
    endloop
  endfacet
  facet normal  0.000000e+000  0.000000e+000  1.000000e+000
    outer loop
      vertex  1.427779e+001 -1.308426e+001  0.000000e+000
      vertex  1.305899e+001  1.250070e+001  0.000000e+000
      vertex  1.419134e+001 -1.303806e+001  0.000000e+000
    endloop
  endfacet
  facet normal  0.000000e+000  0.000000e+000  1.000000e+000
    outer loop
      vertex  1.419134e+001 -1.303806e+001  0.000000e+000
      vertex  1.305899e+001  1.250070e+001  0.000000e+000
      vertex  1.409755e+001 -1.300961e+001  0.000000e+000
    endloop
  endfacet
  facet normal  0.000000e+000  0.000000e+000  1.000000e+000
    outer loop
      vertex -1.450000e+001  1.450000e+001  0.000000e+000
      vertex -1.449039e+001  1.459755e+001  0.000000e+000
      vertex -1.545109e+001  2.450791e+001  0.000000e+000
    endloop
  endfacet
  facet normal  0.000000e+000  0.000000e+000  1.000000e+000
    outer loop
      vertex -1.449039e+001  1.459755e+001  0.000000e+000
      vertex -1.446194e+001  1.469134e+001  0.000000e+000
      vertex -1.545109e+001  2.450791e+001  0.000000e+000
    endloop
  endfacet
  facet normal  0.000000e+000  0.000000e+000  1.000000e+000
    outer loop
      vertex -1.446194e+001  1.469134e+001  0.000000e+000
      vertex -1.441574e+001  1.477779e+001  0.000000e+000
      vertex -1.545109e+001  2.450791e+001  0.000000e+000
    endloop
  endfacet
  facet normal  0.000000e+000  0.000000e+000  9.999999e-001
    outer loop
      vertex -1.441574e+001  1.477779e+001  0.000000e+000
      vertex -1.435355e+001  1.485355e+001  0.000000e+000
      vertex -1.545109e+001  2.450791e+001  0.000000e+000
    endloop
  endfacet
  facet normal  0.000000e+000  0.000000e+000  1.000000e+000
    outer loop
      vertex -1.435355e+001  1.485355e+001  0.000000e+000
      vertex -1.427779e+001  1.491574e+001  0.000000e+000
      vertex -1.545109e+001  2.450791e+001  0.000000e+000
    endloop
  endfacet
  facet normal  0.000000e+000  0.000000e+000  9.999999e-001
    outer loop
      vertex -1.427779e+001  1.491574e+001  0.000000e+000
      vertex -1.419134e+001  1.496194e+001  0.000000e+000
      vertex -1.545109e+001  2.450791e+001  0.000000e+000
    endloop
  endfacet
  facet normal  0.000000e+000  0.000000e+000  1.000000e+000
    outer loop
      vertex -1.419134e+001  1.496194e+001  0.000000e+000
      vertex -1.409755e+001  1.499039e+001  0.000000e+000
      vertex -1.545109e+001  2.450791e+001  0.000000e+000
    endloop
  endfacet
  facet normal  0.000000e+000  0.000000e+000  9.999999e-001
    outer loop
      vertex  8.500000e+000 -1.500000e+001  0.000000e+000
      vertex  8.304910e+000 -1.498079e+001  0.000000e+000
      vertex -1.050070e+001 -1.494101e+001  0.000000e+000
    endloop
  endfacet
  facet normal  0.000000e+000  0.000000e+000  1.000000e+000
    outer loop
      vertex  8.304910e+000 -1.498079e+001  0.000000e+000
      vertex  8.117316e+000 -1.492388e+001  0.000000e+000
      vertex -1.050070e+001 -1.494101e+001  0.000000e+000
    endloop
  endfacet
  facet normal  0.000000e+000  0.000000e+000  1.000000e+000
    outer loop
      vertex  8.117316e+000 -1.492388e+001  0.000000e+000
      vertex  7.944430e+000 -1.483147e+001  0.000000e+000
      vertex -1.050070e+001 -1.494101e+001  0.000000e+000
    endloop
  endfacet
  facet normal  0.000000e+000  0.000000e+000  1.000000e+000
    outer loop
      vertex  7.944430e+000 -1.483147e+001  0.000000e+000
      vertex  7.792893e+000 -1.470711e+001  0.000000e+000
      vertex -1.050070e+001 -1.494101e+001  0.000000e+000
    endloop
  endfacet
  facet normal  0.000000e+000  0.000000e+000  1.000000e+000
    outer loop
      vertex  7.792893e+000 -1.470711e+001  0.000000e+000
      vertex  7.668530e+000 -1.455557e+001  0.000000e+000
      vertex -1.050070e+001 -1.494101e+001  0.000000e+000
    endloop
  endfacet
  facet normal  0.000000e+000  0.000000e+000  9.999999e-001
    outer loop
      vertex  7.668530e+000 -1.455557e+001  0.000000e+000
      vertex  7.576120e+000 -1.438268e+001  0.000000e+000
      vertex -1.050070e+001 -1.494101e+001  0.000000e+000
    endloop
  endfacet
  facet normal  0.000000e+000  0.000000e+000  1.000000e+000
    outer loop
      vertex  7.576120e+000 -1.438268e+001  0.000000e+000
      vertex  7.519215e+000 -1.419509e+001  0.000000e+000
      vertex -1.050070e+001 -1.494101e+001  0.000000e+000
    endloop
  endfacet
  facet normal  0.000000e+000  0.000000e+000  1.000000e+000
    outer loop
      vertex  9.024549e-001  2.699039e+001  0.000000e+000
      vertex -1.050070e+001  2.505899e+001  0.000000e+000
      vertex  8.086583e-001  2.696194e+001  0.000000e+000
    endloop
  endfacet
  facet normal  0.000000e+000  0.000000e+000  1.000000e+000
    outer loop
      vertex  8.086583e-001  2.696194e+001  0.000000e+000
      vertex -1.050070e+001  2.505899e+001  0.000000e+000
      vertex  7.222149e-001  2.691574e+001  0.000000e+000
    endloop
  endfacet
  facet normal  0.000000e+000  0.000000e+000  1.000000e+000
    outer loop
      vertex  7.222149e-001  2.691574e+001  0.000000e+000
      vertex -1.050070e+001  2.505899e+001  0.000000e+000
      vertex  6.464466e-001  2.685355e+001  0.000000e+000
    endloop
  endfacet
  facet normal  0.000000e+000  0.000000e+000  1.000000e+000
    outer loop
      vertex  6.464466e-001  2.685355e+001  0.000000e+000
      vertex -1.050070e+001  2.505899e+001  0.000000e+000
      vertex  5.842652e-001  2.677778e+001  0.000000e+000
    endloop
  endfacet
  facet normal  0.000000e+000  0.000000e+000  1.000000e+000
    outer loop
      vertex  5.842652e-001  2.677778e+001  0.000000e+000
      vertex -1.050070e+001  2.505899e+001  0.000000e+000
      vertex  5.380602e-001  2.669134e+001  0.000000e+000
    endloop
  endfacet
  facet normal  0.000000e+000  0.000000e+000  1.000000e+000
    outer loop
      vertex  5.380602e-001  2.669134e+001  0.000000e+000
      vertex -1.050070e+001  2.505899e+001  0.000000e+000
      vertex  5.096074e-001  2.659755e+001  0.000000e+000
    endloop
  endfacet
  facet normal  0.000000e+000  0.000000e+000  1.000000e+000
    outer loop
      vertex -5.000000e-001 -2.650000e+001  0.000000e+000
      vertex  1.143867e+001 -2.695250e+001  0.000000e+000
      vertex  1.112334e+001 -2.665171e+001  0.000000e+000
    endloop
  endfacet
  facet normal  0.000000e+000  0.000000e+000  1.000000e+000
    outer loop
      vertex -5.000000e-001 -2.650000e+001  0.000000e+000
      vertex  1.112334e+001 -2.665171e+001  0.000000e+000
      vertex  1.086504e+001 -2.630074e+001  0.000000e+000
    endloop
  endfacet
  facet normal  0.000000e+000  0.000000e+000  1.000000e+000
    outer loop
      vertex -5.000000e-001 -2.650000e+001  0.000000e+000
      vertex  1.086504e+001 -2.630074e+001  0.000000e+000
      vertex  1.067160e+001 -2.591025e+001  0.000000e+000
    endloop
  endfacet
  facet normal  0.000000e+000  0.000000e+000  1.000000e+000
    outer loop
      vertex -5.000000e-001 -2.650000e+001  0.000000e+000
      vertex  1.067160e+001 -2.591025e+001  0.000000e+000
      vertex  1.054891e+001 -2.549209e+001  0.000000e+000
    endloop
  endfacet
  facet normal  0.000000e+000  0.000000e+000  1.000000e+000
    outer loop
      vertex -5.000000e-001 -2.650000e+001  0.000000e+000
      vertex  1.054891e+001 -2.549209e+001  0.000000e+000
      vertex  1.050070e+001 -2.505899e+001  0.000000e+000
    endloop
  endfacet
  facet normal  0.000000e+000  0.000000e+000  1.000000e+000
    outer loop
      vertex  7.500000e+000 -1.400000e+001  0.000000e+000
      vertex  7.500000e+000 -8.500000e+000  0.000000e+000
      vertex -1.262410e+001 -1.252842e+001  0.000000e+000
    endloop
  endfacet
  facet normal  0.000000e+000  0.000000e+000  1.000000e+000
    outer loop
      vertex  7.500000e+000 -1.400000e+001  0.000000e+000
      vertex -1.262410e+001 -1.252842e+001  0.000000e+000
      vertex -1.220062e+001 -1.263125e+001  0.000000e+000
    endloop
  endfacet
  facet normal  0.000000e+000  0.000000e+000  1.000000e+000
    outer loop
      vertex  7.500000e+000 -1.400000e+001  0.000000e+000
      vertex -1.220062e+001 -1.263125e+001  0.000000e+000
      vertex -1.180144e+001 -1.280604e+001  0.000000e+000
    endloop
  endfacet
  facet normal  0.000000e+000  0.000000e+000  1.000000e+000
    outer loop
      vertex  7.500000e+000 -1.400000e+001  0.000000e+000
      vertex -1.180144e+001 -1.280604e+001  0.000000e+000
      vertex -1.143867e+001 -1.304750e+001  0.000000e+000
    endloop
  endfacet
  facet normal  0.000000e+000  0.000000e+000  1.000000e+000
    outer loop
      vertex  7.500000e+000 -1.400000e+001  0.000000e+000
      vertex -1.143867e+001 -1.304750e+001  0.000000e+000
      vertex -1.112334e+001 -1.334829e+001  0.000000e+000
    endloop
  endfacet
  facet normal  0.000000e+000  0.000000e+000  1.000000e+000
    outer loop
      vertex  7.500000e+000 -1.400000e+001  0.000000e+000
      vertex -1.112334e+001 -1.334829e+001  0.000000e+000
      vertex -1.086504e+001 -1.369926e+001  0.000000e+000
    endloop
  endfacet
  facet normal  0.000000e+000  0.000000e+000  1.000000e+000
    outer loop
      vertex  7.500000e+000 -1.400000e+001  0.000000e+000
      vertex -1.086504e+001 -1.369926e+001  0.000000e+000
      vertex -1.067160e+001 -1.408975e+001  0.000000e+000
    endloop
  endfacet
  facet normal  -0.000000e+000  0.000000e+000  1.000000e+000
    outer loop
      vertex  7.500000e+000 -1.400000e+001  0.000000e+000
      vertex -1.067160e+001 -1.408975e+001  0.000000e+000
      vertex -1.054891e+001 -1.450791e+001  0.000000e+000
    endloop
  endfacet
  facet normal  -0.000000e+000  0.000000e+000  9.999999e-001
    outer loop
      vertex  7.500000e+000 -1.400000e+001  0.000000e+000
      vertex -1.054891e+001 -1.450791e+001  0.000000e+000
      vertex -1.050070e+001 -1.494101e+001  0.000000e+000
    endloop
  endfacet
  facet normal  0.000000e+000  0.000000e+000  1.000000e+000
    outer loop
      vertex  7.500000e+000 -1.400000e+001  0.000000e+000
      vertex -1.050070e+001 -1.494101e+001  0.000000e+000
      vertex  7.519215e+000 -1.419509e+001  0.000000e+000
    endloop
  endfacet
  facet normal  -0.000000e+000  0.000000e+000  1.000000e+000
    outer loop
      vertex  1.400000e+001 -1.500000e+001  0.000000e+000
      vertex  8.500000e+000 -1.500000e+001  0.000000e+000
      vertex -7.500000e+000 -1.850000e+001  0.000000e+000
    endloop
  endfacet
  facet normal  -0.000000e+000  0.000000e+000  1.000000e+000
    outer loop
      vertex  1.400000e+001 -1.500000e+001  0.000000e+000
      vertex -7.500000e+000 -1.850000e+001  0.000000e+000
      vertex  1.294101e+001 -2.250070e+001  0.000000e+000
    endloop
  endfacet
  facet normal  -0.000000e+000  0.000000e+000  1.000000e+000
    outer loop
      vertex  1.400000e+001 -1.500000e+001  0.000000e+000
      vertex  1.294101e+001 -2.250070e+001  0.000000e+000
      vertex  1.337590e+001 -2.252842e+001  0.000000e+000
    endloop
  endfacet
  facet normal  -0.000000e+000  0.000000e+000  1.000000e+000
    outer loop
      vertex  1.400000e+001 -1.500000e+001  0.000000e+000
      vertex  1.337590e+001 -2.252842e+001  0.000000e+000
      vertex  1.379938e+001 -2.263125e+001  0.000000e+000
    endloop
  endfacet
  facet normal  -0.000000e+000  0.000000e+000  1.000000e+000
    outer loop
      vertex  1.400000e+001 -1.500000e+001  0.000000e+000
      vertex  1.379938e+001 -2.263125e+001  0.000000e+000
      vertex  1.419856e+001 -2.280604e+001  0.000000e+000
    endloop
  endfacet
  facet normal  -0.000000e+000  -0.000000e+000  1.000000e+000
    outer loop
      vertex  1.400000e+001 -1.500000e+001  0.000000e+000
      vertex  1.419856e+001 -2.280604e+001  0.000000e+000
      vertex  1.456133e+001 -2.304750e+001  0.000000e+000
    endloop
  endfacet
  facet normal  -0.000000e+000  -0.000000e+000  1.000000e+000
    outer loop
      vertex  1.400000e+001 -1.500000e+001  0.000000e+000
      vertex  1.456133e+001 -2.304750e+001  0.000000e+000
      vertex  1.487666e+001 -2.334829e+001  0.000000e+000
    endloop
  endfacet
  facet normal  -0.000000e+000  -0.000000e+000  1.000000e+000
    outer loop
      vertex  1.400000e+001 -1.500000e+001  0.000000e+000
      vertex  1.487666e+001 -2.334829e+001  0.000000e+000
      vertex  1.513496e+001 -2.369926e+001  0.000000e+000
    endloop
  endfacet
  facet normal  -0.000000e+000  0.000000e+000  1.000000e+000
    outer loop
      vertex  9.500000e+000  1.850000e+001  0.000000e+000
      vertex  9.490393e+000  1.840245e+001  0.000000e+000
      vertex  1.052842e+001  1.537590e+001  0.000000e+000
    endloop
  endfacet
  facet normal  0.000000e+000  -0.000000e+000  1.000000e+000
    outer loop
      vertex  9.500000e+000  1.850000e+001  0.000000e+000
      vertex  1.052842e+001  1.537590e+001  0.000000e+000
      vertex  1.063125e+001  1.579938e+001  0.000000e+000
    endloop
  endfacet
  facet normal  0.000000e+000  -0.000000e+000  1.000000e+000
    outer loop
      vertex  9.500000e+000  1.850000e+001  0.000000e+000
      vertex  1.063125e+001  1.579938e+001  0.000000e+000
      vertex  1.080604e+001  1.619856e+001  0.000000e+000
    endloop
  endfacet
  facet normal  0.000000e+000  -0.000000e+000  1.000000e+000
    outer loop
      vertex  9.500000e+000  1.850000e+001  0.000000e+000
      vertex  1.080604e+001  1.619856e+001  0.000000e+000
      vertex  1.104750e+001  1.656133e+001  0.000000e+000
    endloop
  endfacet
  facet normal  0.000000e+000  -0.000000e+000  1.000000e+000
    outer loop
      vertex  9.500000e+000  1.850000e+001  0.000000e+000
      vertex  1.104750e+001  1.656133e+001  0.000000e+000
      vertex  1.134829e+001  1.687666e+001  0.000000e+000
    endloop
  endfacet
  facet normal  0.000000e+000  -0.000000e+000  1.000000e+000
    outer loop
      vertex  9.500000e+000  1.850000e+001  0.000000e+000
      vertex  1.134829e+001  1.687666e+001  0.000000e+000
      vertex  1.169926e+001  1.713496e+001  0.000000e+000
    endloop
  endfacet
  facet normal  0.000000e+000  -0.000000e+000  1.000000e+000
    outer loop
      vertex  9.500000e+000  1.850000e+001  0.000000e+000
      vertex  1.169926e+001  1.713496e+001  0.000000e+000
      vertex  1.208975e+001  1.732840e+001  0.000000e+000
    endloop
  endfacet
  facet normal  0.000000e+000  -0.000000e+000  1.000000e+000
    outer loop
      vertex  9.500000e+000  1.850000e+001  0.000000e+000
      vertex  1.208975e+001  1.732840e+001  0.000000e+000
      vertex  1.250791e+001  1.745109e+001  0.000000e+000
    endloop
  endfacet
  facet normal  0.000000e+000  -0.000000e+000  1.000000e+000
    outer loop
      vertex  9.500000e+000  1.850000e+001  0.000000e+000
      vertex  1.250791e+001  1.745109e+001  0.000000e+000
      vertex  1.294101e+001  1.749930e+001  0.000000e+000
    endloop
  endfacet
  facet normal  -0.000000e+000  -0.000000e+000  1.000000e+000
    outer loop
      vertex  9.500000e+000  1.850000e+001  0.000000e+000
      vertex  1.294101e+001  1.749930e+001  0.000000e+000
      vertex  1.337590e+001  1.747158e+001  0.000000e+000
    endloop
  endfacet
  facet normal  0.000000e+000  0.000000e+000  1.000000e+000
    outer loop
      vertex  9.500000e+000  1.850000e+001  0.000000e+000
      vertex  1.337590e+001  1.747158e+001  0.000000e+000
      vertex  9.500000e+000  2.400000e+001  0.000000e+000
    endloop
  endfacet
  facet normal  -0.000000e+000  -0.000000e+000  1.000000e+000
    outer loop
      vertex  9.500000e+000  2.400000e+001  0.000000e+000
      vertex  1.337590e+001  1.747158e+001  0.000000e+000
      vertex  1.379938e+001  1.736875e+001  0.000000e+000
    endloop
  endfacet
  facet normal  -0.000000e+000  -0.000000e+000  1.000000e+000
    outer loop
      vertex  9.500000e+000  2.400000e+001  0.000000e+000
      vertex  1.379938e+001  1.736875e+001  0.000000e+000
      vertex  1.419856e+001  1.719396e+001  0.000000e+000
    endloop
  endfacet
  facet normal  -0.000000e+000  -0.000000e+000  1.000000e+000
    outer loop
      vertex  9.500000e+000  2.400000e+001  0.000000e+000
      vertex  1.419856e+001  1.719396e+001  0.000000e+000
      vertex  1.456133e+001  1.695250e+001  0.000000e+000
    endloop
  endfacet
  facet normal  -0.000000e+000  -0.000000e+000  1.000000e+000
    outer loop
      vertex  9.500000e+000  2.400000e+001  0.000000e+000
      vertex  1.456133e+001  1.695250e+001  0.000000e+000
      vertex  1.487666e+001  1.665171e+001  0.000000e+000
    endloop
  endfacet
  facet normal  0.000000e+000  0.000000e+000  1.000000e+000
    outer loop
      vertex  9.500000e+000  2.400000e+001  0.000000e+000
      vertex  1.487666e+001  1.665171e+001  0.000000e+000
      vertex  9.463065e+000  2.446930e+001  0.000000e+000
    endloop
  endfacet
  facet normal  0.000000e+000  0.000000e+000  1.000000e+000
    outer loop
      vertex -9.500000e+000  8.000000e+000  0.000000e+000
      vertex -1.519396e+001 -1.380144e+001  0.000000e+000
      vertex -1.495250e+001 -1.343867e+001  0.000000e+000
    endloop
  endfacet
  facet normal  0.000000e+000  0.000000e+000  1.000000e+000
    outer loop
      vertex -9.500000e+000  8.000000e+000  0.000000e+000
      vertex -1.495250e+001 -1.343867e+001  0.000000e+000
      vertex -1.465171e+001 -1.312334e+001  0.000000e+000
    endloop
  endfacet
  facet normal  0.000000e+000  0.000000e+000  1.000000e+000
    outer loop
      vertex -9.500000e+000  8.000000e+000  0.000000e+000
      vertex -1.465171e+001 -1.312334e+001  0.000000e+000
      vertex -1.430074e+001 -1.286504e+001  0.000000e+000
    endloop
  endfacet
  facet normal  0.000000e+000  0.000000e+000  1.000000e+000
    outer loop
      vertex -9.500000e+000  8.000000e+000  0.000000e+000
      vertex -1.430074e+001 -1.286504e+001  0.000000e+000
      vertex -1.391025e+001 -1.267160e+001  0.000000e+000
    endloop
  endfacet
  facet normal  0.000000e+000  0.000000e+000  1.000000e+000
    outer loop
      vertex -9.500000e+000  8.000000e+000  0.000000e+000
      vertex -1.391025e+001 -1.267160e+001  0.000000e+000
      vertex -1.349209e+001 -1.254891e+001  0.000000e+000
    endloop
  endfacet
  facet normal  0.000000e+000  0.000000e+000  1.000000e+000
    outer loop
      vertex -9.500000e+000  8.000000e+000  0.000000e+000
      vertex -1.349209e+001 -1.254891e+001  0.000000e+000
      vertex -1.305899e+001 -1.250070e+001  0.000000e+000
    endloop
  endfacet
  facet normal  -0.000000e+000  0.000000e+000  1.000000e+000
    outer loop
      vertex -9.500000e+000  8.000000e+000  0.000000e+000
      vertex -1.305899e+001 -1.250070e+001  0.000000e+000
      vertex -1.262410e+001 -1.252842e+001  0.000000e+000
    endloop
  endfacet
  facet normal  0.000000e+000  0.000000e+000  1.000000e+000
    outer loop
      vertex -9.500000e+000  8.000000e+000  0.000000e+000
      vertex -1.262410e+001 -1.252842e+001  0.000000e+000
      vertex  7.500000e+000 -8.500000e+000  0.000000e+000
    endloop
  endfacet
  facet normal  -0.000000e+000  0.000000e+000  1.000000e+000
    outer loop
      vertex -7.500000e+000  8.500000e+000  0.000000e+000
      vertex -7.509607e+000  8.402454e+000  0.000000e+000
      vertex  7.500000e+000 -8.500000e+000  0.000000e+000
    endloop
  endfacet
  facet normal  0.000000e+000  -0.000000e+000  1.000000e+000
    outer loop
      vertex -7.500000e+000  8.500000e+000  0.000000e+000
      vertex  7.500000e+000 -8.500000e+000  0.000000e+000
      vertex  7.509607e+000 -8.402454e+000  0.000000e+000
    endloop
  endfacet
  facet normal  0.000000e+000  -0.000000e+000  1.000000e+000
    outer loop
      vertex -7.500000e+000  8.500000e+000  0.000000e+000
      vertex  7.509607e+000 -8.402454e+000  0.000000e+000
      vertex  1.050070e+001  1.494101e+001  0.000000e+000
    endloop
  endfacet
  facet normal  0.000000e+000  0.000000e+000  1.000000e+000
    outer loop
      vertex  1.550000e+001 -3.000000e+001  0.000000e+000
      vertex  1.589018e+001 -2.996157e+001  0.000000e+000
      vertex  1.549930e+001 -2.494101e+001  0.000000e+000
    endloop
  endfacet
  facet normal  0.000000e+000  0.000000e+000  1.000000e+000
    outer loop
      vertex  1.550000e+001 -3.000000e+001  0.000000e+000
      vertex  1.549930e+001 -2.494101e+001  0.000000e+000
      vertex  1.547158e+001 -2.537590e+001  0.000000e+000
    endloop
  endfacet
  facet normal  0.000000e+000  0.000000e+000  1.000000e+000
    outer loop
      vertex  1.550000e+001 -3.000000e+001  0.000000e+000
      vertex  1.547158e+001 -2.537590e+001  0.000000e+000
      vertex  1.536875e+001 -2.579938e+001  0.000000e+000
    endloop
  endfacet
  facet normal  0.000000e+000  0.000000e+000  1.000000e+000
    outer loop
      vertex  1.550000e+001 -3.000000e+001  0.000000e+000
      vertex  1.536875e+001 -2.579938e+001  0.000000e+000
      vertex  1.519396e+001 -2.619856e+001  0.000000e+000
    endloop
  endfacet
  facet normal  0.000000e+000  0.000000e+000  1.000000e+000
    outer loop
      vertex  1.550000e+001 -3.000000e+001  0.000000e+000
      vertex  1.519396e+001 -2.619856e+001  0.000000e+000
      vertex  1.495250e+001 -2.656133e+001  0.000000e+000
    endloop
  endfacet
  facet normal  0.000000e+000  0.000000e+000  1.000000e+000
    outer loop
      vertex  1.550000e+001 -3.000000e+001  0.000000e+000
      vertex  1.495250e+001 -2.656133e+001  0.000000e+000
      vertex  1.465171e+001 -2.687666e+001  0.000000e+000
    endloop
  endfacet
  facet normal  0.000000e+000  0.000000e+000  1.000000e+000
    outer loop
      vertex  1.550000e+001 -3.000000e+001  0.000000e+000
      vertex  1.465171e+001 -2.687666e+001  0.000000e+000
      vertex  1.430074e+001 -2.713496e+001  0.000000e+000
    endloop
  endfacet
  facet normal  0.000000e+000  0.000000e+000  9.999999e-001
    outer loop
      vertex  1.550000e+001 -3.000000e+001  0.000000e+000
      vertex  1.430074e+001 -2.713496e+001  0.000000e+000
      vertex  1.391025e+001 -2.732840e+001  0.000000e+000
    endloop
  endfacet
  facet normal  0.000000e+000  0.000000e+000  1.000000e+000
    outer loop
      vertex  1.550000e+001 -3.000000e+001  0.000000e+000
      vertex  1.391025e+001 -2.732840e+001  0.000000e+000
      vertex  1.349209e+001 -2.745109e+001  0.000000e+000
    endloop
  endfacet
  facet normal  0.000000e+000  0.000000e+000  1.000000e+000
    outer loop
      vertex  1.550000e+001 -3.000000e+001  0.000000e+000
      vertex  1.349209e+001 -2.745109e+001  0.000000e+000
      vertex  1.305899e+001 -2.749930e+001  0.000000e+000
    endloop
  endfacet
  facet normal  0.000000e+000  0.000000e+000  1.000000e+000
    outer loop
      vertex  1.550000e+001 -3.000000e+001  0.000000e+000
      vertex  1.305899e+001 -2.749930e+001  0.000000e+000
      vertex  1.262410e+001 -2.747158e+001  0.000000e+000
    endloop
  endfacet
  facet normal  0.000000e+000  0.000000e+000  1.000000e+000
    outer loop
      vertex  1.550000e+001 -3.000000e+001  0.000000e+000
      vertex  1.262410e+001 -2.747158e+001  0.000000e+000
      vertex  1.220062e+001 -2.736875e+001  0.000000e+000
    endloop
  endfacet
  facet normal  0.000000e+000  0.000000e+000  9.999999e-001
    outer loop
      vertex  1.550000e+001 -3.000000e+001  0.000000e+000
      vertex  1.220062e+001 -2.736875e+001  0.000000e+000
      vertex  1.180144e+001 -2.719396e+001  0.000000e+000
    endloop
  endfacet
  facet normal  0.000000e+000  0.000000e+000  1.000000e+000
    outer loop
      vertex  1.550000e+001 -3.000000e+001  0.000000e+000
      vertex  1.180144e+001 -2.719396e+001  0.000000e+000
      vertex  1.143867e+001 -2.695250e+001  0.000000e+000
    endloop
  endfacet
  facet normal  0.000000e+000  0.000000e+000  1.000000e+000
    outer loop
      vertex  1.550000e+001 -3.000000e+001  0.000000e+000
      vertex  1.143867e+001 -2.695250e+001  0.000000e+000
      vertex -5.000000e-001 -2.650000e+001  0.000000e+000
    endloop
  endfacet
  facet normal  0.000000e+000  0.000000e+000  1.000000e+000
    outer loop
      vertex  1.550000e+001 -3.000000e+001  0.000000e+000
      vertex -5.000000e-001 -2.650000e+001  0.000000e+000
      vertex -5.096074e-001 -2.659755e+001  0.000000e+000
    endloop
  endfacet
  facet normal  0.000000e+000  0.000000e+000  1.000000e+000
    outer loop
      vertex  1.550000e+001 -3.000000e+001  0.000000e+000
      vertex -5.096074e-001 -2.659755e+001  0.000000e+000
      vertex -5.380602e-001 -2.669134e+001  0.000000e+000
    endloop
  endfacet
  facet normal  0.000000e+000  0.000000e+000  1.000000e+000
    outer loop
      vertex  1.550000e+001 -3.000000e+001  0.000000e+000
      vertex -5.380602e-001 -2.669134e+001  0.000000e+000
      vertex -5.842652e-001 -2.677778e+001  0.000000e+000
    endloop
  endfacet
  facet normal  0.000000e+000  0.000000e+000  1.000000e+000
    outer loop
      vertex  1.550000e+001 -3.000000e+001  0.000000e+000
      vertex -5.842652e-001 -2.677778e+001  0.000000e+000
      vertex -6.464466e-001 -2.685355e+001  0.000000e+000
    endloop
  endfacet
  facet normal  0.000000e+000  0.000000e+000  1.000000e+000
    outer loop
      vertex  1.550000e+001 -3.000000e+001  0.000000e+000
      vertex -6.464466e-001 -2.685355e+001  0.000000e+000
      vertex -7.222149e-001 -2.691574e+001  0.000000e+000
    endloop
  endfacet
  facet normal  0.000000e+000  0.000000e+000  1.000000e+000
    outer loop
      vertex  1.550000e+001 -3.000000e+001  0.000000e+000
      vertex -7.222149e-001 -2.691574e+001  0.000000e+000
      vertex -8.086583e-001 -2.696194e+001  0.000000e+000
    endloop
  endfacet
  facet normal  0.000000e+000  0.000000e+000  1.000000e+000
    outer loop
      vertex  1.550000e+001 -3.000000e+001  0.000000e+000
      vertex -8.086583e-001 -2.696194e+001  0.000000e+000
      vertex -9.024549e-001 -2.699039e+001  0.000000e+000
    endloop
  endfacet
  facet normal  0.000000e+000  0.000000e+000  1.000000e+000
    outer loop
      vertex  1.550000e+001 -3.000000e+001  0.000000e+000
      vertex -9.024549e-001 -2.699039e+001  0.000000e+000
      vertex -1.000000e+000 -2.700000e+001  0.000000e+000
    endloop
  endfacet
  facet normal  0.000000e+000  0.000000e+000  1.000000e+000
    outer loop
      vertex  1.550000e+001 -3.000000e+001  0.000000e+000
      vertex -1.000000e+000 -2.700000e+001  0.000000e+000
      vertex -6.500000e+000 -2.700000e+001  0.000000e+000
    endloop
  endfacet
  facet normal  0.000000e+000  0.000000e+000  9.999999e-001
    outer loop
      vertex  1.550000e+001 -3.000000e+001  0.000000e+000
      vertex -6.500000e+000 -2.700000e+001  0.000000e+000
      vertex -6.969304e+000 -2.696306e+001  0.000000e+000
    endloop
  endfacet
  facet normal  0.000000e+000  0.000000e+000  1.000000e+000
    outer loop
      vertex  1.052842e+001  1.537590e+001  0.000000e+000
      vertex  9.490393e+000  1.840245e+001  0.000000e+000
      vertex  9.461940e+000  1.830866e+001  0.000000e+000
    endloop
  endfacet
  facet normal  0.000000e+000  0.000000e+000  1.000000e+000
    outer loop
      vertex  1.052842e+001  1.537590e+001  0.000000e+000
      vertex  9.461940e+000  1.830866e+001  0.000000e+000
      vertex  9.415735e+000  1.822222e+001  0.000000e+000
    endloop
  endfacet
  facet normal  0.000000e+000  0.000000e+000  1.000000e+000
    outer loop
      vertex  1.052842e+001  1.537590e+001  0.000000e+000
      vertex  9.415735e+000  1.822222e+001  0.000000e+000
      vertex  9.353554e+000  1.814645e+001  0.000000e+000
    endloop
  endfacet
  facet normal  0.000000e+000  0.000000e+000  1.000000e+000
    outer loop
      vertex  1.052842e+001  1.537590e+001  0.000000e+000
      vertex  9.353554e+000  1.814645e+001  0.000000e+000
      vertex  9.277785e+000  1.808426e+001  0.000000e+000
    endloop
  endfacet
  facet normal  0.000000e+000  0.000000e+000  1.000000e+000
    outer loop
      vertex  1.052842e+001  1.537590e+001  0.000000e+000
      vertex  9.277785e+000  1.808426e+001  0.000000e+000
      vertex  9.191341e+000  1.803806e+001  0.000000e+000
    endloop
  endfacet
  facet normal  0.000000e+000  0.000000e+000  1.000000e+000
    outer loop
      vertex  1.052842e+001  1.537590e+001  0.000000e+000
      vertex  9.191341e+000  1.803806e+001  0.000000e+000
      vertex  9.097546e+000  1.800961e+001  0.000000e+000
    endloop
  endfacet
  facet normal  0.000000e+000  0.000000e+000  1.000000e+000
    outer loop
      vertex  1.052842e+001  1.537590e+001  0.000000e+000
      vertex  9.097546e+000  1.800961e+001  0.000000e+000
      vertex  9.000000e+000  1.800000e+001  0.000000e+000
    endloop
  endfacet
  facet normal  0.000000e+000  0.000000e+000  1.000000e+000
    outer loop
      vertex  1.052842e+001  1.537590e+001  0.000000e+000
      vertex  9.000000e+000  1.800000e+001  0.000000e+000
      vertex  7.500000e+000  1.800000e+001  0.000000e+000
    endloop
  endfacet
  facet normal  0.000000e+000  0.000000e+000  1.000000e+000
    outer loop
      vertex  1.052842e+001  1.537590e+001  0.000000e+000
      vertex  7.500000e+000  1.800000e+001  0.000000e+000
      vertex -8.500000e+000  1.500000e+001  0.000000e+000
    endloop
  endfacet
  facet normal  -0.000000e+000  0.000000e+000  1.000000e+000
    outer loop
      vertex  1.052842e+001  1.537590e+001  0.000000e+000
      vertex -8.500000e+000  1.500000e+001  0.000000e+000
      vertex  1.050070e+001  1.494101e+001  0.000000e+000
    endloop
  endfacet
  facet normal  -0.000000e+000  -0.000000e+000  1.000000e+000
    outer loop
      vertex  9.173019e+000  2.536197e+001  0.000000e+000
      vertex  9.353169e+000  2.492705e+001  0.000000e+000
      vertex  1.513496e+001  1.630074e+001  0.000000e+000
    endloop
  endfacet
  facet normal  0.000000e+000  -0.000000e+000  1.000000e+000
    outer loop
      vertex  9.173019e+000  2.536197e+001  0.000000e+000
      vertex  1.513496e+001  1.630074e+001  0.000000e+000
      vertex  1.750000e+001  2.800000e+001  0.000000e+000
    endloop
  endfacet
  facet normal  0.000000e+000  0.000000e+000  1.000000e+000
    outer loop
      vertex  9.173019e+000  2.536197e+001  0.000000e+000
      vertex  1.750000e+001  2.800000e+001  0.000000e+000
      vertex  1.746157e+001  2.839018e+001  0.000000e+000
    endloop
  endfacet
  facet normal  0.000000e+000  0.000000e+000  1.000000e+000
    outer loop
      vertex  9.173019e+000  2.536197e+001  0.000000e+000
      vertex  1.746157e+001  2.839018e+001  0.000000e+000
      vertex  1.734776e+001  2.876537e+001  0.000000e+000
    endloop
  endfacet
  facet normal  0.000000e+000  0.000000e+000  9.999999e-001
    outer loop
      vertex  9.173019e+000  2.536197e+001  0.000000e+000
      vertex  1.734776e+001  2.876537e+001  0.000000e+000
      vertex  1.716294e+001  2.911114e+001  0.000000e+000
    endloop
  endfacet
  facet normal  0.000000e+000  0.000000e+000  1.000000e+000
    outer loop
      vertex  9.173019e+000  2.536197e+001  0.000000e+000
      vertex  1.716294e+001  2.911114e+001  0.000000e+000
      vertex  1.691421e+001  2.941421e+001  0.000000e+000
    endloop
  endfacet
  facet normal  0.000000e+000  0.000000e+000  1.000000e+000
    outer loop
      vertex  9.173019e+000  2.536197e+001  0.000000e+000
      vertex  1.691421e+001  2.941421e+001  0.000000e+000
      vertex  1.661114e+001  2.966294e+001  0.000000e+000
    endloop
  endfacet
  facet normal  0.000000e+000  0.000000e+000  1.000000e+000
    outer loop
      vertex  9.173019e+000  2.536197e+001  0.000000e+000
      vertex  1.661114e+001  2.966294e+001  0.000000e+000
      vertex  1.626537e+001  2.984776e+001  0.000000e+000
    endloop
  endfacet
  facet normal  0.000000e+000  0.000000e+000  1.000000e+000
    outer loop
      vertex  9.173019e+000  2.536197e+001  0.000000e+000
      vertex  1.626537e+001  2.984776e+001  0.000000e+000
      vertex  1.589018e+001  2.996157e+001  0.000000e+000
    endloop
  endfacet
  facet normal  0.000000e+000  0.000000e+000  1.000000e+000
    outer loop
      vertex  9.173019e+000  2.536197e+001  0.000000e+000
      vertex  1.589018e+001  2.996157e+001  0.000000e+000
      vertex  1.550000e+001  3.000000e+001  0.000000e+000
    endloop
  endfacet
  facet normal  0.000000e+000  0.000000e+000  1.000000e+000
    outer loop
      vertex -1.547158e+001  2.537590e+001  0.000000e+000
      vertex -1.550000e+001  3.000000e+001  0.000000e+000
      vertex -1.589018e+001  2.996157e+001  0.000000e+000
    endloop
  endfacet
  facet normal  0.000000e+000  0.000000e+000  1.000000e+000
    outer loop
      vertex -1.547158e+001  2.537590e+001  0.000000e+000
      vertex -1.589018e+001  2.996157e+001  0.000000e+000
      vertex -1.626537e+001  2.984776e+001  0.000000e+000
    endloop
  endfacet
  facet normal  0.000000e+000  0.000000e+000  1.000000e+000
    outer loop
      vertex -1.547158e+001  2.537590e+001  0.000000e+000
      vertex -1.626537e+001  2.984776e+001  0.000000e+000
      vertex -1.661114e+001  2.966294e+001  0.000000e+000
    endloop
  endfacet
  facet normal  0.000000e+000  0.000000e+000  1.000000e+000
    outer loop
      vertex -1.547158e+001  2.537590e+001  0.000000e+000
      vertex -1.661114e+001  2.966294e+001  0.000000e+000
      vertex -1.691421e+001  2.941421e+001  0.000000e+000
    endloop
  endfacet
  facet normal  0.000000e+000  0.000000e+000  1.000000e+000
    outer loop
      vertex -1.547158e+001  2.537590e+001  0.000000e+000
      vertex -1.691421e+001  2.941421e+001  0.000000e+000
      vertex -1.716294e+001  2.911114e+001  0.000000e+000
    endloop
  endfacet
  facet normal  0.000000e+000  0.000000e+000  1.000000e+000
    outer loop
      vertex -1.547158e+001  2.537590e+001  0.000000e+000
      vertex -1.716294e+001  2.911114e+001  0.000000e+000
      vertex -1.734776e+001  2.876537e+001  0.000000e+000
    endloop
  endfacet
  facet normal  0.000000e+000  0.000000e+000  1.000000e+000
    outer loop
      vertex -1.547158e+001  2.537590e+001  0.000000e+000
      vertex -1.734776e+001  2.876537e+001  0.000000e+000
      vertex -1.746157e+001  2.839018e+001  0.000000e+000
    endloop
  endfacet
  facet normal  0.000000e+000  0.000000e+000  1.000000e+000
    outer loop
      vertex -1.547158e+001  2.537590e+001  0.000000e+000
      vertex -1.746157e+001  2.839018e+001  0.000000e+000
      vertex -1.750000e+001  2.800000e+001  0.000000e+000
    endloop
  endfacet
  facet normal  0.000000e+000  0.000000e+000  9.999999e-001
    outer loop
      vertex -1.547158e+001  2.537590e+001  0.000000e+000
      vertex -1.750000e+001  2.800000e+001  0.000000e+000
      vertex -1.549930e+001  2.494101e+001  0.000000e+000
    endloop
  endfacet
  facet normal  -0.000000e+000  0.000000e+000  1.000000e+000
    outer loop
      vertex  9.500000e+000 -8.500000e+000  0.000000e+000
      vertex  9.500000e+000 -1.250000e+001  0.000000e+000
      vertex  1.400000e+001 -1.300000e+001  0.000000e+000
    endloop
  endfacet
  facet normal  -0.000000e+000  -0.000000e+000  1.000000e+000
    outer loop
      vertex  9.500000e+000 -8.500000e+000  0.000000e+000
      vertex  1.400000e+001 -1.300000e+001  0.000000e+000
      vertex  1.409755e+001 -1.300961e+001  0.000000e+000
    endloop
  endfacet
  facet normal  0.000000e+000  0.000000e+000  9.999999e-001
    outer loop
      vertex  9.500000e+000 -8.500000e+000  0.000000e+000
      vertex  1.409755e+001 -1.300961e+001  0.000000e+000
      vertex  1.305899e+001  1.250070e+001  0.000000e+000
    endloop
  endfacet
  facet normal  0.000000e+000  0.000000e+000  1.000000e+000
    outer loop
      vertex  9.500000e+000 -8.500000e+000  0.000000e+000
      vertex  1.305899e+001  1.250070e+001  0.000000e+000
      vertex  1.262410e+001  1.252842e+001  0.000000e+000
    endloop
  endfacet
  facet normal  0.000000e+000  0.000000e+000  1.000000e+000
    outer loop
      vertex  9.500000e+000 -8.500000e+000  0.000000e+000
      vertex  1.262410e+001  1.252842e+001  0.000000e+000
      vertex  1.220062e+001  1.263125e+001  0.000000e+000
    endloop
  endfacet
  facet normal  0.000000e+000  0.000000e+000  1.000000e+000
    outer loop
      vertex  9.500000e+000 -8.500000e+000  0.000000e+000
      vertex  1.220062e+001  1.263125e+001  0.000000e+000
      vertex  1.180144e+001  1.280604e+001  0.000000e+000
    endloop
  endfacet
  facet normal  0.000000e+000  0.000000e+000  1.000000e+000
    outer loop
      vertex  9.500000e+000 -8.500000e+000  0.000000e+000
      vertex  1.180144e+001  1.280604e+001  0.000000e+000
      vertex  1.143867e+001  1.304750e+001  0.000000e+000
    endloop
  endfacet
  facet normal  0.000000e+000  0.000000e+000  1.000000e+000
    outer loop
      vertex  9.500000e+000 -8.500000e+000  0.000000e+000
      vertex  1.143867e+001  1.304750e+001  0.000000e+000
      vertex  1.112334e+001  1.334829e+001  0.000000e+000
    endloop
  endfacet
  facet normal  0.000000e+000  0.000000e+000  1.000000e+000
    outer loop
      vertex  9.500000e+000 -8.500000e+000  0.000000e+000
      vertex  1.112334e+001  1.334829e+001  0.000000e+000
      vertex  1.086504e+001  1.369926e+001  0.000000e+000
    endloop
  endfacet
  facet normal  0.000000e+000  0.000000e+000  1.000000e+000
    outer loop
      vertex  9.500000e+000 -8.500000e+000  0.000000e+000
      vertex  1.086504e+001  1.369926e+001  0.000000e+000
      vertex  1.067160e+001  1.408975e+001  0.000000e+000
    endloop
  endfacet
  facet normal  0.000000e+000  0.000000e+000  1.000000e+000
    outer loop
      vertex  9.500000e+000 -8.500000e+000  0.000000e+000
      vertex  1.067160e+001  1.408975e+001  0.000000e+000
      vertex  1.054891e+001  1.450791e+001  0.000000e+000
    endloop
  endfacet
  facet normal  0.000000e+000  0.000000e+000  1.000000e+000
    outer loop
      vertex  9.500000e+000 -8.500000e+000  0.000000e+000
      vertex  1.054891e+001  1.450791e+001  0.000000e+000
      vertex  1.050070e+001  1.494101e+001  0.000000e+000
    endloop
  endfacet
  facet normal  0.000000e+000  0.000000e+000  1.000000e+000
    outer loop
      vertex  7.500000e+000 -8.500000e+000  0.000000e+000
      vertex -7.509607e+000  8.402454e+000  0.000000e+000
      vertex -7.538060e+000  8.308659e+000  0.000000e+000
    endloop
  endfacet
  facet normal  0.000000e+000  0.000000e+000  1.000000e+000
    outer loop
      vertex  7.500000e+000 -8.500000e+000  0.000000e+000
      vertex -7.538060e+000  8.308659e+000  0.000000e+000
      vertex -7.584265e+000  8.222215e+000  0.000000e+000
    endloop
  endfacet
  facet normal  0.000000e+000  0.000000e+000  1.000000e+000
    outer loop
      vertex  7.500000e+000 -8.500000e+000  0.000000e+000
      vertex -7.584265e+000  8.222215e+000  0.000000e+000
      vertex -7.646447e+000  8.146446e+000  0.000000e+000
    endloop
  endfacet
  facet normal  0.000000e+000  0.000000e+000  1.000000e+000
    outer loop
      vertex  7.500000e+000 -8.500000e+000  0.000000e+000
      vertex -7.646447e+000  8.146446e+000  0.000000e+000
      vertex -7.722215e+000  8.084265e+000  0.000000e+000
    endloop
  endfacet
  facet normal  0.000000e+000  0.000000e+000  1.000000e+000
    outer loop
      vertex  7.500000e+000 -8.500000e+000  0.000000e+000
      vertex -7.722215e+000  8.084265e+000  0.000000e+000
      vertex -7.808658e+000  8.038060e+000  0.000000e+000
    endloop
  endfacet
  facet normal  0.000000e+000  0.000000e+000  1.000000e+000
    outer loop
      vertex  7.500000e+000 -8.500000e+000  0.000000e+000
      vertex -7.808658e+000  8.038060e+000  0.000000e+000
      vertex -7.902455e+000  8.009607e+000  0.000000e+000
    endloop
  endfacet
  facet normal  0.000000e+000  0.000000e+000  1.000000e+000
    outer loop
      vertex  7.500000e+000 -8.500000e+000  0.000000e+000
      vertex -7.902455e+000  8.009607e+000  0.000000e+000
      vertex -8.000000e+000  8.000000e+000  0.000000e+000
    endloop
  endfacet
  facet normal  0.000000e+000  0.000000e+000  1.000000e+000
    outer loop
      vertex  7.500000e+000 -8.500000e+000  0.000000e+000
      vertex -8.000000e+000  8.000000e+000  0.000000e+000
      vertex -9.500000e+000  8.000000e+000  0.000000e+000
    endloop
  endfacet
  facet normal  0.000000e+000  -0.000000e+000  9.999999e-001
    outer loop
      vertex -1.549930e+001 -1.505899e+001  0.000000e+000
      vertex -1.547158e+001 -1.462410e+001  0.000000e+000
      vertex -1.446194e+001  1.330866e+001  0.000000e+000
    endloop
  endfacet
  facet normal  0.000000e+000  0.000000e+000  1.000000e+000
    outer loop
      vertex -1.549930e+001 -1.505899e+001  0.000000e+000
      vertex -1.446194e+001  1.330866e+001  0.000000e+000
      vertex -1.449039e+001  1.340245e+001  0.000000e+000
    endloop
  endfacet
  facet normal  0.000000e+000  0.000000e+000  1.000000e+000
    outer loop
      vertex -1.549930e+001 -1.505899e+001  0.000000e+000
      vertex -1.449039e+001  1.340245e+001  0.000000e+000
      vertex -1.450000e+001  1.350000e+001  0.000000e+000
    endloop
  endfacet
  facet normal  0.000000e+000  -0.000000e+000  1.000000e+000
    outer loop
      vertex -1.549930e+001 -1.505899e+001  0.000000e+000
      vertex -1.450000e+001  1.350000e+001  0.000000e+000
      vertex -1.450000e+001  1.450000e+001  0.000000e+000
    endloop
  endfacet
  facet normal  0.000000e+000  0.000000e+000  1.000000e+000
    outer loop
      vertex -1.549930e+001 -1.505899e+001  0.000000e+000
      vertex -1.450000e+001  1.450000e+001  0.000000e+000
      vertex -1.545109e+001  2.450791e+001  0.000000e+000
    endloop
  endfacet
  facet normal  0.000000e+000  0.000000e+000  1.000000e+000
    outer loop
      vertex -1.549930e+001 -1.505899e+001  0.000000e+000
      vertex -1.545109e+001  2.450791e+001  0.000000e+000
      vertex -1.549930e+001  2.494101e+001  0.000000e+000
    endloop
  endfacet
  facet normal  0.000000e+000  0.000000e+000  9.999999e-001
    outer loop
      vertex -1.549930e+001 -1.505899e+001  0.000000e+000
      vertex -1.549930e+001  2.494101e+001  0.000000e+000
      vertex -1.750000e+001  2.800000e+001  0.000000e+000
    endloop
  endfacet
  facet normal  0.000000e+000  0.000000e+000  1.000000e+000
    outer loop
      vertex -1.549930e+001 -1.505899e+001  0.000000e+000
      vertex -1.750000e+001  2.800000e+001  0.000000e+000
      vertex -1.750000e+001 -2.800000e+001  0.000000e+000
    endloop
  endfacet
  facet normal  0.000000e+000  -0.000000e+000  1.000000e+000
    outer loop
      vertex  1.589018e+001 -2.996157e+001  0.000000e+000
      vertex  1.626537e+001 -2.984776e+001  0.000000e+000
      vertex  1.661114e+001 -2.966294e+001  0.000000e+000
    endloop
  endfacet
  facet normal  0.000000e+000  -0.000000e+000  1.000000e+000
    outer loop
      vertex  1.589018e+001 -2.996157e+001  0.000000e+000
      vertex  1.661114e+001 -2.966294e+001  0.000000e+000
      vertex  1.691421e+001 -2.941421e+001  0.000000e+000
    endloop
  endfacet
  facet normal  0.000000e+000  -0.000000e+000  1.000000e+000
    outer loop
      vertex  1.589018e+001 -2.996157e+001  0.000000e+000
      vertex  1.691421e+001 -2.941421e+001  0.000000e+000
      vertex  1.716294e+001 -2.911114e+001  0.000000e+000
    endloop
  endfacet
  facet normal  0.000000e+000  -0.000000e+000  1.000000e+000
    outer loop
      vertex  1.589018e+001 -2.996157e+001  0.000000e+000
      vertex  1.716294e+001 -2.911114e+001  0.000000e+000
      vertex  1.734776e+001 -2.876537e+001  0.000000e+000
    endloop
  endfacet
  facet normal  0.000000e+000  -0.000000e+000  1.000000e+000
    outer loop
      vertex  1.589018e+001 -2.996157e+001  0.000000e+000
      vertex  1.734776e+001 -2.876537e+001  0.000000e+000
      vertex  1.746157e+001 -2.839018e+001  0.000000e+000
    endloop
  endfacet
  facet normal  0.000000e+000  -0.000000e+000  1.000000e+000
    outer loop
      vertex  1.589018e+001 -2.996157e+001  0.000000e+000
      vertex  1.746157e+001 -2.839018e+001  0.000000e+000
      vertex  1.750000e+001 -2.800000e+001  0.000000e+000
    endloop
  endfacet
  facet normal  0.000000e+000  0.000000e+000  1.000000e+000
    outer loop
      vertex  1.589018e+001 -2.996157e+001  0.000000e+000
      vertex  1.750000e+001 -2.800000e+001  0.000000e+000
      vertex  1.549930e+001 -2.494101e+001  0.000000e+000
    endloop
  endfacet
  facet normal  0.000000e+000  0.000000e+000  1.000000e+000
    outer loop
      vertex  1.750000e+001 -2.800000e+001  0.000000e+000
      vertex  1.750000e+001  2.800000e+001  0.000000e+000
      vertex  1.549930e+001  1.505899e+001  0.000000e+000
    endloop
  endfacet
  facet normal  0.000000e+000  0.000000e+000  1.000000e+000
    outer loop
      vertex  1.750000e+001 -2.800000e+001  0.000000e+000
      vertex  1.549930e+001  1.505899e+001  0.000000e+000
      vertex  1.547158e+001  1.462410e+001  0.000000e+000
    endloop
  endfacet
  facet normal  0.000000e+000  0.000000e+000  1.000000e+000
    outer loop
      vertex  1.750000e+001 -2.800000e+001  0.000000e+000
      vertex  1.547158e+001  1.462410e+001  0.000000e+000
      vertex  1.536875e+001  1.420062e+001  0.000000e+000
    endloop
  endfacet
  facet normal  0.000000e+000  0.000000e+000  1.000000e+000
    outer loop
      vertex  1.750000e+001 -2.800000e+001  0.000000e+000
      vertex  1.536875e+001  1.420062e+001  0.000000e+000
      vertex  1.519396e+001  1.380144e+001  0.000000e+000
    endloop
  endfacet
  facet normal  0.000000e+000  0.000000e+000  1.000000e+000
    outer loop
      vertex  1.750000e+001 -2.800000e+001  0.000000e+000
      vertex  1.519396e+001  1.380144e+001  0.000000e+000
      vertex  1.495250e+001  1.343867e+001  0.000000e+000
    endloop
  endfacet
  facet normal  0.000000e+000  0.000000e+000  9.999999e-001
    outer loop
      vertex  1.750000e+001 -2.800000e+001  0.000000e+000
      vertex  1.495250e+001  1.343867e+001  0.000000e+000
      vertex  1.465171e+001  1.312334e+001  0.000000e+000
    endloop
  endfacet
  facet normal  0.000000e+000  0.000000e+000  9.999999e-001
    outer loop
      vertex  1.750000e+001 -2.800000e+001  0.000000e+000
      vertex  1.465171e+001  1.312334e+001  0.000000e+000
      vertex  1.430074e+001  1.286504e+001  0.000000e+000
    endloop
  endfacet
  facet normal  0.000000e+000  0.000000e+000  1.000000e+000
    outer loop
      vertex  1.750000e+001 -2.800000e+001  0.000000e+000
      vertex  1.430074e+001  1.286504e+001  0.000000e+000
      vertex  1.391025e+001  1.267160e+001  0.000000e+000
    endloop
  endfacet
  facet normal  0.000000e+000  0.000000e+000  1.000000e+000
    outer loop
      vertex  1.750000e+001 -2.800000e+001  0.000000e+000
      vertex  1.391025e+001  1.267160e+001  0.000000e+000
      vertex  1.349209e+001  1.254891e+001  0.000000e+000
    endloop
  endfacet
  facet normal  0.000000e+000  0.000000e+000  1.000000e+000
    outer loop
      vertex  1.750000e+001 -2.800000e+001  0.000000e+000
      vertex  1.349209e+001  1.254891e+001  0.000000e+000
      vertex  1.305899e+001  1.250070e+001  0.000000e+000
    endloop
  endfacet
  facet normal  0.000000e+000  0.000000e+000  1.000000e+000
    outer loop
      vertex  1.750000e+001 -2.800000e+001  0.000000e+000
      vertex  1.305899e+001  1.250070e+001  0.000000e+000
      vertex  1.449039e+001 -1.340245e+001  0.000000e+000
    endloop
  endfacet
  facet normal  0.000000e+000  0.000000e+000  1.000000e+000
    outer loop
      vertex  1.750000e+001 -2.800000e+001  0.000000e+000
      vertex  1.449039e+001 -1.340245e+001  0.000000e+000
      vertex  1.450000e+001 -1.350000e+001  0.000000e+000
    endloop
  endfacet
  facet normal  0.000000e+000  0.000000e+000  1.000000e+000
    outer loop
      vertex  1.750000e+001 -2.800000e+001  0.000000e+000
      vertex  1.450000e+001 -1.350000e+001  0.000000e+000
      vertex  1.450000e+001 -1.450000e+001  0.000000e+000
    endloop
  endfacet
  facet normal  0.000000e+000  0.000000e+000  1.000000e+000
    outer loop
      vertex  1.750000e+001 -2.800000e+001  0.000000e+000
      vertex  1.450000e+001 -1.450000e+001  0.000000e+000
      vertex  1.449039e+001 -1.459755e+001  0.000000e+000
    endloop
  endfacet
  facet normal  0.000000e+000  0.000000e+000  1.000000e+000
    outer loop
      vertex  1.750000e+001 -2.800000e+001  0.000000e+000
      vertex  1.449039e+001 -1.459755e+001  0.000000e+000
      vertex  1.446194e+001 -1.469134e+001  0.000000e+000
    endloop
  endfacet
  facet normal  0.000000e+000  0.000000e+000  1.000000e+000
    outer loop
      vertex  1.750000e+001 -2.800000e+001  0.000000e+000
      vertex  1.446194e+001 -1.469134e+001  0.000000e+000
      vertex  1.441574e+001 -1.477779e+001  0.000000e+000
    endloop
  endfacet
  facet normal  0.000000e+000  0.000000e+000  1.000000e+000
    outer loop
      vertex  1.750000e+001 -2.800000e+001  0.000000e+000
      vertex  1.441574e+001 -1.477779e+001  0.000000e+000
      vertex  1.435355e+001 -1.485355e+001  0.000000e+000
    endloop
  endfacet
  facet normal  0.000000e+000  0.000000e+000  1.000000e+000
    outer loop
      vertex  1.750000e+001 -2.800000e+001  0.000000e+000
      vertex  1.435355e+001 -1.485355e+001  0.000000e+000
      vertex  1.427779e+001 -1.491574e+001  0.000000e+000
    endloop
  endfacet
  facet normal  0.000000e+000  0.000000e+000  1.000000e+000
    outer loop
      vertex  1.750000e+001 -2.800000e+001  0.000000e+000
      vertex  1.427779e+001 -1.491574e+001  0.000000e+000
      vertex  1.419134e+001 -1.496194e+001  0.000000e+000
    endloop
  endfacet
  facet normal  0.000000e+000  0.000000e+000  9.999999e-001
    outer loop
      vertex  1.750000e+001 -2.800000e+001  0.000000e+000
      vertex  1.419134e+001 -1.496194e+001  0.000000e+000
      vertex  1.409755e+001 -1.499039e+001  0.000000e+000
    endloop
  endfacet
  facet normal  0.000000e+000  0.000000e+000  1.000000e+000
    outer loop
      vertex  1.750000e+001 -2.800000e+001  0.000000e+000
      vertex  1.409755e+001 -1.499039e+001  0.000000e+000
      vertex  1.400000e+001 -1.500000e+001  0.000000e+000
    endloop
  endfacet
  facet normal  0.000000e+000  0.000000e+000  1.000000e+000
    outer loop
      vertex  1.750000e+001 -2.800000e+001  0.000000e+000
      vertex  1.400000e+001 -1.500000e+001  0.000000e+000
      vertex  1.513496e+001 -2.369926e+001  0.000000e+000
    endloop
  endfacet
  facet normal  0.000000e+000  0.000000e+000  9.999999e-001
    outer loop
      vertex  1.750000e+001 -2.800000e+001  0.000000e+000
      vertex  1.513496e+001 -2.369926e+001  0.000000e+000
      vertex  1.532840e+001 -2.408975e+001  0.000000e+000
    endloop
  endfacet
  facet normal  0.000000e+000  0.000000e+000  9.999999e-001
    outer loop
      vertex  1.750000e+001 -2.800000e+001  0.000000e+000
      vertex  1.532840e+001 -2.408975e+001  0.000000e+000
      vertex  1.545109e+001 -2.450791e+001  0.000000e+000
    endloop
  endfacet
  facet normal  0.000000e+000  0.000000e+000  1.000000e+000
    outer loop
      vertex  1.750000e+001 -2.800000e+001  0.000000e+000
      vertex  1.545109e+001 -2.450791e+001  0.000000e+000
      vertex  1.549930e+001 -2.494101e+001  0.000000e+000
    endloop
  endfacet
  facet normal  0.000000e+000  0.000000e+000  1.000000e+000
    outer loop
      vertex  1.400000e+001 -1.300000e+001  0.000000e+000
      vertex  9.500000e+000 -1.250000e+001  0.000000e+000
      vertex  9.509607e+000 -1.259755e+001  0.000000e+000
    endloop
  endfacet
  facet normal  0.000000e+000  0.000000e+000  1.000000e+000
    outer loop
      vertex  1.400000e+001 -1.300000e+001  0.000000e+000
      vertex  9.509607e+000 -1.259755e+001  0.000000e+000
      vertex  9.538060e+000 -1.269134e+001  0.000000e+000
    endloop
  endfacet
  facet normal  0.000000e+000  0.000000e+000  1.000000e+000
    outer loop
      vertex  1.400000e+001 -1.300000e+001  0.000000e+000
      vertex  9.538060e+000 -1.269134e+001  0.000000e+000
      vertex  9.584265e+000 -1.277779e+001  0.000000e+000
    endloop
  endfacet
  facet normal  0.000000e+000  0.000000e+000  1.000000e+000
    outer loop
      vertex  1.400000e+001 -1.300000e+001  0.000000e+000
      vertex  9.584265e+000 -1.277779e+001  0.000000e+000
      vertex  9.646446e+000 -1.285355e+001  0.000000e+000
    endloop
  endfacet
  facet normal  0.000000e+000  0.000000e+000  1.000000e+000
    outer loop
      vertex  1.400000e+001 -1.300000e+001  0.000000e+000
      vertex  9.646446e+000 -1.285355e+001  0.000000e+000
      vertex  9.722215e+000 -1.291574e+001  0.000000e+000
    endloop
  endfacet
  facet normal  0.000000e+000  0.000000e+000  1.000000e+000
    outer loop
      vertex  1.400000e+001 -1.300000e+001  0.000000e+000
      vertex  9.722215e+000 -1.291574e+001  0.000000e+000
      vertex  9.808659e+000 -1.296194e+001  0.000000e+000
    endloop
  endfacet
  facet normal  0.000000e+000  0.000000e+000  1.000000e+000
    outer loop
      vertex  1.400000e+001 -1.300000e+001  0.000000e+000
      vertex  9.808659e+000 -1.296194e+001  0.000000e+000
      vertex  9.902454e+000 -1.299039e+001  0.000000e+000
    endloop
  endfacet
  facet normal  0.000000e+000  0.000000e+000  1.000000e+000
    outer loop
      vertex  1.400000e+001 -1.300000e+001  0.000000e+000
      vertex  9.902454e+000 -1.299039e+001  0.000000e+000
      vertex  1.000000e+001 -1.300000e+001  0.000000e+000
    endloop
  endfacet
  facet normal  -0.000000e+000  0.000000e+000  9.999999e-001
    outer loop
      vertex  1.750000e+001  2.800000e+001  0.000000e+000
      vertex  1.513496e+001  1.630074e+001  0.000000e+000
      vertex  1.532840e+001  1.591025e+001  0.000000e+000
    endloop
  endfacet
  facet normal  -0.000000e+000  0.000000e+000  1.000000e+000
    outer loop
      vertex  1.750000e+001  2.800000e+001  0.000000e+000
      vertex  1.532840e+001  1.591025e+001  0.000000e+000
      vertex  1.545109e+001  1.549209e+001  0.000000e+000
    endloop
  endfacet
  facet normal  -0.000000e+000  0.000000e+000  1.000000e+000
    outer loop
      vertex  1.750000e+001  2.800000e+001  0.000000e+000
      vertex  1.545109e+001  1.549209e+001  0.000000e+000
      vertex  1.549930e+001  1.505899e+001  0.000000e+000
    endloop
  endfacet
  facet normal  0.000000e+000  -0.000000e+000  9.999999e-001
    outer loop
      vertex -7.500000e+000 -2.400000e+001  0.000000e+000
      vertex  1.080604e+001 -2.380144e+001  0.000000e+000
      vertex  1.104750e+001 -2.343867e+001  0.000000e+000
    endloop
  endfacet
  facet normal  0.000000e+000  -0.000000e+000  9.999999e-001
    outer loop
      vertex -7.500000e+000 -2.400000e+001  0.000000e+000
      vertex  1.104750e+001 -2.343867e+001  0.000000e+000
      vertex  1.134829e+001 -2.312334e+001  0.000000e+000
    endloop
  endfacet
  facet normal  0.000000e+000  -0.000000e+000  9.999999e-001
    outer loop
      vertex -7.500000e+000 -2.400000e+001  0.000000e+000
      vertex  1.134829e+001 -2.312334e+001  0.000000e+000
      vertex  1.169926e+001 -2.286504e+001  0.000000e+000
    endloop
  endfacet
  facet normal  0.000000e+000  -0.000000e+000  1.000000e+000
    outer loop
      vertex -7.500000e+000 -2.400000e+001  0.000000e+000
      vertex  1.169926e+001 -2.286504e+001  0.000000e+000
      vertex  1.208975e+001 -2.267160e+001  0.000000e+000
    endloop
  endfacet
  facet normal  0.000000e+000  -0.000000e+000  1.000000e+000
    outer loop
      vertex -7.500000e+000 -2.400000e+001  0.000000e+000
      vertex  1.208975e+001 -2.267160e+001  0.000000e+000
      vertex  1.250791e+001 -2.254891e+001  0.000000e+000
    endloop
  endfacet
  facet normal  0.000000e+000  -0.000000e+000  1.000000e+000
    outer loop
      vertex -7.500000e+000 -2.400000e+001  0.000000e+000
      vertex  1.250791e+001 -2.254891e+001  0.000000e+000
      vertex  1.294101e+001 -2.250070e+001  0.000000e+000
    endloop
  endfacet
  facet normal  0.000000e+000  0.000000e+000  1.000000e+000
    outer loop
      vertex -7.500000e+000 -2.400000e+001  0.000000e+000
      vertex  1.294101e+001 -2.250070e+001  0.000000e+000
      vertex -7.500000e+000 -1.850000e+001  0.000000e+000
    endloop
  endfacet
  facet normal  0.000000e+000  0.000000e+000  1.000000e+000
    outer loop
      vertex -9.500000e+000 -1.800000e+001  0.000000e+000
      vertex  8.500000e+000 -1.500000e+001  0.000000e+000
      vertex -1.050070e+001 -1.494101e+001  0.000000e+000
    endloop
  endfacet
  facet normal  0.000000e+000  0.000000e+000  1.000000e+000
    outer loop
      vertex -9.500000e+000 -1.800000e+001  0.000000e+000
      vertex -1.050070e+001 -1.494101e+001  0.000000e+000
      vertex -1.052842e+001 -1.537590e+001  0.000000e+000
    endloop
  endfacet
  facet normal  0.000000e+000  0.000000e+000  9.999999e-001
    outer loop
      vertex -9.500000e+000 -1.800000e+001  0.000000e+000
      vertex -1.052842e+001 -1.537590e+001  0.000000e+000
      vertex -1.063125e+001 -1.579938e+001  0.000000e+000
    endloop
  endfacet
  facet normal  0.000000e+000  0.000000e+000  1.000000e+000
    outer loop
      vertex -9.500000e+000 -1.800000e+001  0.000000e+000
      vertex -1.063125e+001 -1.579938e+001  0.000000e+000
      vertex -1.080604e+001 -1.619856e+001  0.000000e+000
    endloop
  endfacet
  facet normal  0.000000e+000  0.000000e+000  1.000000e+000
    outer loop
      vertex -9.500000e+000 -1.800000e+001  0.000000e+000
      vertex -1.080604e+001 -1.619856e+001  0.000000e+000
      vertex -1.104750e+001 -1.656133e+001  0.000000e+000
    endloop
  endfacet
  facet normal  0.000000e+000  0.000000e+000  1.000000e+000
    outer loop
      vertex -9.500000e+000 -1.800000e+001  0.000000e+000
      vertex -1.104750e+001 -1.656133e+001  0.000000e+000
      vertex -1.134829e+001 -1.687666e+001  0.000000e+000
    endloop
  endfacet
  facet normal  0.000000e+000  0.000000e+000  1.000000e+000
    outer loop
      vertex -9.500000e+000 -1.800000e+001  0.000000e+000
      vertex -1.134829e+001 -1.687666e+001  0.000000e+000
      vertex -1.169926e+001 -1.713496e+001  0.000000e+000
    endloop
  endfacet
  facet normal  0.000000e+000  0.000000e+000  9.999999e-001
    outer loop
      vertex -9.500000e+000 -1.800000e+001  0.000000e+000
      vertex -1.169926e+001 -1.713496e+001  0.000000e+000
      vertex -1.208975e+001 -1.732840e+001  0.000000e+000
    endloop
  endfacet
  facet normal  0.000000e+000  0.000000e+000  1.000000e+000
    outer loop
      vertex -9.500000e+000 -1.800000e+001  0.000000e+000
      vertex -1.208975e+001 -1.732840e+001  0.000000e+000
      vertex -1.250791e+001 -1.745109e+001  0.000000e+000
    endloop
  endfacet
  facet normal  0.000000e+000  0.000000e+000  9.999999e-001
    outer loop
      vertex -9.500000e+000 -1.800000e+001  0.000000e+000
      vertex -1.250791e+001 -1.745109e+001  0.000000e+000
      vertex -1.294101e+001 -1.749930e+001  0.000000e+000
    endloop
  endfacet
  facet normal  0.000000e+000  0.000000e+000  1.000000e+000
    outer loop
      vertex -1.550000e+001 -3.000000e+001  0.000000e+000
      vertex  1.550000e+001 -3.000000e+001  0.000000e+000
      vertex -6.969304e+000 -2.696306e+001  0.000000e+000
    endloop
  endfacet
  facet normal  0.000000e+000  0.000000e+000  1.000000e+000
    outer loop
      vertex -1.550000e+001 -3.000000e+001  0.000000e+000
      vertex -6.969304e+000 -2.696306e+001  0.000000e+000
      vertex -7.427051e+000 -2.685317e+001  0.000000e+000
    endloop
  endfacet
  facet normal  0.000000e+000  0.000000e+000  1.000000e+000
    outer loop
      vertex -1.550000e+001 -3.000000e+001  0.000000e+000
      vertex -7.427051e+000 -2.685317e+001  0.000000e+000
      vertex -7.861971e+000 -2.667302e+001  0.000000e+000
    endloop
  endfacet
  facet normal  0.000000e+000  0.000000e+000  1.000000e+000
    outer loop
      vertex -1.550000e+001 -3.000000e+001  0.000000e+000
      vertex -7.861971e+000 -2.667302e+001  0.000000e+000
      vertex -8.263356e+000 -2.642705e+001  0.000000e+000
    endloop
  endfacet
  facet normal  0.000000e+000  0.000000e+000  1.000000e+000
    outer loop
      vertex -1.550000e+001 -3.000000e+001  0.000000e+000
      vertex -8.263356e+000 -2.642705e+001  0.000000e+000
      vertex -8.621321e+000 -2.612132e+001  0.000000e+000
    endloop
  endfacet
  facet normal  0.000000e+000  0.000000e+000  1.000000e+000
    outer loop
      vertex -1.550000e+001 -3.000000e+001  0.000000e+000
      vertex -8.621321e+000 -2.612132e+001  0.000000e+000
      vertex -8.927051e+000 -2.576336e+001  0.000000e+000
    endloop
  endfacet
  facet normal  0.000000e+000  0.000000e+000  1.000000e+000
    outer loop
      vertex -1.550000e+001 -3.000000e+001  0.000000e+000
      vertex -8.927051e+000 -2.576336e+001  0.000000e+000
      vertex -9.173019e+000 -2.536197e+001  0.000000e+000
    endloop
  endfacet
  facet normal  0.000000e+000  0.000000e+000  1.000000e+000
    outer loop
      vertex -1.550000e+001 -3.000000e+001  0.000000e+000
      vertex -9.173019e+000 -2.536197e+001  0.000000e+000
      vertex -9.353169e+000 -2.492705e+001  0.000000e+000
    endloop
  endfacet
  facet normal  0.000000e+000  0.000000e+000  1.000000e+000
    outer loop
      vertex -1.550000e+001 -3.000000e+001  0.000000e+000
      vertex -9.353169e+000 -2.492705e+001  0.000000e+000
      vertex -9.463065e+000 -2.446930e+001  0.000000e+000
    endloop
  endfacet
  facet normal  0.000000e+000  0.000000e+000  1.000000e+000
    outer loop
      vertex -1.550000e+001 -3.000000e+001  0.000000e+000
      vertex -9.463065e+000 -2.446930e+001  0.000000e+000
      vertex -9.500000e+000 -2.400000e+001  0.000000e+000
    endloop
  endfacet
  facet normal  0.000000e+000  0.000000e+000  1.000000e+000
    outer loop
      vertex -1.550000e+001 -3.000000e+001  0.000000e+000
      vertex -9.500000e+000 -2.400000e+001  0.000000e+000
      vertex -1.750000e+001 -2.800000e+001  0.000000e+000
    endloop
  endfacet
  facet normal  0.000000e+000  0.000000e+000  1.000000e+000
    outer loop
      vertex -1.550000e+001 -3.000000e+001  0.000000e+000
      vertex -1.750000e+001 -2.800000e+001  0.000000e+000
      vertex -1.746157e+001 -2.839018e+001  0.000000e+000
    endloop
  endfacet
  facet normal  0.000000e+000  0.000000e+000  1.000000e+000
    outer loop
      vertex -1.550000e+001 -3.000000e+001  0.000000e+000
      vertex -1.746157e+001 -2.839018e+001  0.000000e+000
      vertex -1.734776e+001 -2.876537e+001  0.000000e+000
    endloop
  endfacet
  facet normal  0.000000e+000  0.000000e+000  1.000000e+000
    outer loop
      vertex -1.550000e+001 -3.000000e+001  0.000000e+000
      vertex -1.734776e+001 -2.876537e+001  0.000000e+000
      vertex -1.716294e+001 -2.911114e+001  0.000000e+000
    endloop
  endfacet
  facet normal  0.000000e+000  0.000000e+000  1.000000e+000
    outer loop
      vertex -1.550000e+001 -3.000000e+001  0.000000e+000
      vertex -1.716294e+001 -2.911114e+001  0.000000e+000
      vertex -1.691421e+001 -2.941421e+001  0.000000e+000
    endloop
  endfacet
  facet normal  0.000000e+000  0.000000e+000  9.999999e-001
    outer loop
      vertex -1.550000e+001 -3.000000e+001  0.000000e+000
      vertex -1.691421e+001 -2.941421e+001  0.000000e+000
      vertex -1.661114e+001 -2.966294e+001  0.000000e+000
    endloop
  endfacet
  facet normal  0.000000e+000  0.000000e+000  1.000000e+000
    outer loop
      vertex -1.550000e+001 -3.000000e+001  0.000000e+000
      vertex -1.661114e+001 -2.966294e+001  0.000000e+000
      vertex -1.626537e+001 -2.984776e+001  0.000000e+000
    endloop
  endfacet
  facet normal  0.000000e+000  0.000000e+000  1.000000e+000
    outer loop
      vertex -1.550000e+001 -3.000000e+001  0.000000e+000
      vertex -1.626537e+001 -2.984776e+001  0.000000e+000
      vertex -1.589018e+001 -2.996157e+001  0.000000e+000
    endloop
  endfacet
  facet normal  0.000000e+000  -0.000000e+000  1.000000e+000
    outer loop
      vertex -1.750000e+001 -2.800000e+001  0.000000e+000
      vertex -9.500000e+000 -2.400000e+001  0.000000e+000
      vertex -9.500000e+000 -1.800000e+001  0.000000e+000
    endloop
  endfacet
  facet normal  0.000000e+000  0.000000e+000  1.000000e+000
    outer loop
      vertex -1.750000e+001 -2.800000e+001  0.000000e+000
      vertex -9.500000e+000 -1.800000e+001  0.000000e+000
      vertex -1.294101e+001 -1.749930e+001  0.000000e+000
    endloop
  endfacet
  facet normal  0.000000e+000  0.000000e+000  1.000000e+000
    outer loop
      vertex -1.750000e+001 -2.800000e+001  0.000000e+000
      vertex -1.294101e+001 -1.749930e+001  0.000000e+000
      vertex -1.337590e+001 -1.747158e+001  0.000000e+000
    endloop
  endfacet
  facet normal  0.000000e+000  0.000000e+000  1.000000e+000
    outer loop
      vertex -1.750000e+001 -2.800000e+001  0.000000e+000
      vertex -1.337590e+001 -1.747158e+001  0.000000e+000
      vertex -1.379938e+001 -1.736875e+001  0.000000e+000
    endloop
  endfacet
  facet normal  0.000000e+000  0.000000e+000  1.000000e+000
    outer loop
      vertex -1.750000e+001 -2.800000e+001  0.000000e+000
      vertex -1.379938e+001 -1.736875e+001  0.000000e+000
      vertex -1.419856e+001 -1.719396e+001  0.000000e+000
    endloop
  endfacet
  facet normal  0.000000e+000  0.000000e+000  1.000000e+000
    outer loop
      vertex -1.750000e+001 -2.800000e+001  0.000000e+000
      vertex -1.419856e+001 -1.719396e+001  0.000000e+000
      vertex -1.456133e+001 -1.695250e+001  0.000000e+000
    endloop
  endfacet
  facet normal  0.000000e+000  0.000000e+000  1.000000e+000
    outer loop
      vertex -1.750000e+001 -2.800000e+001  0.000000e+000
      vertex -1.456133e+001 -1.695250e+001  0.000000e+000
      vertex -1.487666e+001 -1.665171e+001  0.000000e+000
    endloop
  endfacet
  facet normal  0.000000e+000  0.000000e+000  1.000000e+000
    outer loop
      vertex -1.750000e+001 -2.800000e+001  0.000000e+000
      vertex -1.487666e+001 -1.665171e+001  0.000000e+000
      vertex -1.513496e+001 -1.630074e+001  0.000000e+000
    endloop
  endfacet
  facet normal  0.000000e+000  0.000000e+000  9.999999e-001
    outer loop
      vertex -1.750000e+001 -2.800000e+001  0.000000e+000
      vertex -1.513496e+001 -1.630074e+001  0.000000e+000
      vertex -1.532840e+001 -1.591025e+001  0.000000e+000
    endloop
  endfacet
  facet normal  0.000000e+000  0.000000e+000  1.000000e+000
    outer loop
      vertex -1.750000e+001 -2.800000e+001  0.000000e+000
      vertex -1.532840e+001 -1.591025e+001  0.000000e+000
      vertex -1.545109e+001 -1.549209e+001  0.000000e+000
    endloop
  endfacet
  facet normal  0.000000e+000  0.000000e+000  1.000000e+000
    outer loop
      vertex -1.750000e+001 -2.800000e+001  0.000000e+000
      vertex -1.545109e+001 -1.549209e+001  0.000000e+000
      vertex -1.549930e+001 -1.505899e+001  0.000000e+000
    endloop
  endfacet
  facet normal  0.000000e+000  -0.000000e+000  1.000000e+000
    outer loop
      vertex -1.536875e+001 -1.420062e+001  0.000000e+000
      vertex -1.519396e+001 -1.380144e+001  0.000000e+000
      vertex -9.500000e+000  8.000000e+000  0.000000e+000
    endloop
  endfacet
  facet normal  0.000000e+000  -0.000000e+000  1.000000e+000
    outer loop
      vertex -1.536875e+001 -1.420062e+001  0.000000e+000
      vertex -9.500000e+000  8.000000e+000  0.000000e+000
      vertex -9.500000e+000  1.250000e+001  0.000000e+000
    endloop
  endfacet
  facet normal  0.000000e+000  0.000000e+000  1.000000e+000
    outer loop
      vertex -1.536875e+001 -1.420062e+001  0.000000e+000
      vertex -9.500000e+000  1.250000e+001  0.000000e+000
      vertex -9.509607e+000  1.259755e+001  0.000000e+000
    endloop
  endfacet
  facet normal  0.000000e+000  0.000000e+000  1.000000e+000
    outer loop
      vertex -1.536875e+001 -1.420062e+001  0.000000e+000
      vertex -9.509607e+000  1.259755e+001  0.000000e+000
      vertex -9.538060e+000  1.269134e+001  0.000000e+000
    endloop
  endfacet
  facet normal  0.000000e+000  -0.000000e+000  1.000000e+000
    outer loop
      vertex -1.547158e+001 -1.462410e+001  0.000000e+000
      vertex -1.536875e+001 -1.420062e+001  0.000000e+000
      vertex -9.538060e+000  1.269134e+001  0.000000e+000
    endloop
  endfacet
  facet normal  0.000000e+000  0.000000e+000  1.000000e+000
    outer loop
      vertex -1.547158e+001 -1.462410e+001  0.000000e+000
      vertex -9.538060e+000  1.269134e+001  0.000000e+000
      vertex -9.584265e+000  1.277779e+001  0.000000e+000
    endloop
  endfacet
  facet normal  0.000000e+000  0.000000e+000  1.000000e+000
    outer loop
      vertex -1.547158e+001 -1.462410e+001  0.000000e+000
      vertex -9.584265e+000  1.277779e+001  0.000000e+000
      vertex -9.646446e+000  1.285355e+001  0.000000e+000
    endloop
  endfacet
  facet normal  0.000000e+000  0.000000e+000  1.000000e+000
    outer loop
      vertex -1.547158e+001 -1.462410e+001  0.000000e+000
      vertex -9.646446e+000  1.285355e+001  0.000000e+000
      vertex -9.722215e+000  1.291574e+001  0.000000e+000
    endloop
  endfacet
  facet normal  0.000000e+000  0.000000e+000  1.000000e+000
    outer loop
      vertex -1.547158e+001 -1.462410e+001  0.000000e+000
      vertex -9.722215e+000  1.291574e+001  0.000000e+000
      vertex -9.808659e+000  1.296194e+001  0.000000e+000
    endloop
  endfacet
  facet normal  0.000000e+000  0.000000e+000  9.999999e-001
    outer loop
      vertex -1.547158e+001 -1.462410e+001  0.000000e+000
      vertex -9.808659e+000  1.296194e+001  0.000000e+000
      vertex -9.902454e+000  1.299039e+001  0.000000e+000
    endloop
  endfacet
  facet normal  0.000000e+000  0.000000e+000  1.000000e+000
    outer loop
      vertex -1.547158e+001 -1.462410e+001  0.000000e+000
      vertex -9.902454e+000  1.299039e+001  0.000000e+000
      vertex -1.000000e+001  1.300000e+001  0.000000e+000
    endloop
  endfacet
  facet normal  0.000000e+000  0.000000e+000  1.000000e+000
    outer loop
      vertex -1.547158e+001 -1.462410e+001  0.000000e+000
      vertex -1.000000e+001  1.300000e+001  0.000000e+000
      vertex -1.400000e+001  1.300000e+001  0.000000e+000
    endloop
  endfacet
  facet normal  0.000000e+000  0.000000e+000  1.000000e+000
    outer loop
      vertex -1.547158e+001 -1.462410e+001  0.000000e+000
      vertex -1.400000e+001  1.300000e+001  0.000000e+000
      vertex -1.409755e+001  1.300961e+001  0.000000e+000
    endloop
  endfacet
  facet normal  0.000000e+000  0.000000e+000  1.000000e+000
    outer loop
      vertex -1.547158e+001 -1.462410e+001  0.000000e+000
      vertex -1.409755e+001  1.300961e+001  0.000000e+000
      vertex -1.419134e+001  1.303806e+001  0.000000e+000
    endloop
  endfacet
  facet normal  0.000000e+000  0.000000e+000  1.000000e+000
    outer loop
      vertex -1.547158e+001 -1.462410e+001  0.000000e+000
      vertex -1.419134e+001  1.303806e+001  0.000000e+000
      vertex -1.427779e+001  1.308426e+001  0.000000e+000
    endloop
  endfacet
  facet normal  0.000000e+000  0.000000e+000  1.000000e+000
    outer loop
      vertex -1.547158e+001 -1.462410e+001  0.000000e+000
      vertex -1.427779e+001  1.308426e+001  0.000000e+000
      vertex -1.435355e+001  1.314645e+001  0.000000e+000
    endloop
  endfacet
  facet normal  0.000000e+000  0.000000e+000  9.999999e-001
    outer loop
      vertex -1.547158e+001 -1.462410e+001  0.000000e+000
      vertex -1.435355e+001  1.314645e+001  0.000000e+000
      vertex -1.441574e+001  1.322221e+001  0.000000e+000
    endloop
  endfacet
  facet normal  0.000000e+000  0.000000e+000  9.999999e-001
    outer loop
      vertex -1.547158e+001 -1.462410e+001  0.000000e+000
      vertex -1.441574e+001  1.322221e+001  0.000000e+000
      vertex -1.446194e+001  1.330866e+001  0.000000e+000
    endloop
  endfacet
  facet normal  0.000000e+000  0.000000e+000  1.000000e+000
    outer loop
      vertex  1.050070e+001 -2.505899e+001  0.000000e+000
      vertex  1.052842e+001 -2.462410e+001  0.000000e+000
      vertex -9.024549e-001 -2.500961e+001  0.000000e+000
    endloop
  endfacet
  facet normal  0.000000e+000  0.000000e+000  9.999999e-001
    outer loop
      vertex  1.050070e+001 -2.505899e+001  0.000000e+000
      vertex -9.024549e-001 -2.500961e+001  0.000000e+000
      vertex -8.086583e-001 -2.503806e+001  0.000000e+000
    endloop
  endfacet
  facet normal  0.000000e+000  0.000000e+000  1.000000e+000
    outer loop
      vertex  1.050070e+001 -2.505899e+001  0.000000e+000
      vertex -8.086583e-001 -2.503806e+001  0.000000e+000
      vertex -7.222149e-001 -2.508426e+001  0.000000e+000
    endloop
  endfacet
  facet normal  -0.000000e+000  0.000000e+000  1.000000e+000
    outer loop
      vertex  1.050070e+001 -2.505899e+001  0.000000e+000
      vertex -7.222149e-001 -2.508426e+001  0.000000e+000
      vertex -6.464466e-001 -2.514645e+001  0.000000e+000
    endloop
  endfacet
  facet normal  -0.000000e+000  0.000000e+000  9.999999e-001
    outer loop
      vertex  1.050070e+001 -2.505899e+001  0.000000e+000
      vertex -6.464466e-001 -2.514645e+001  0.000000e+000
      vertex -5.842652e-001 -2.522222e+001  0.000000e+000
    endloop
  endfacet
  facet normal  -0.000000e+000  0.000000e+000  1.000000e+000
    outer loop
      vertex  1.050070e+001 -2.505899e+001  0.000000e+000
      vertex -5.842652e-001 -2.522222e+001  0.000000e+000
      vertex -5.380602e-001 -2.530866e+001  0.000000e+000
    endloop
  endfacet
  facet normal  -0.000000e+000  0.000000e+000  1.000000e+000
    outer loop
      vertex  1.050070e+001 -2.505899e+001  0.000000e+000
      vertex -5.380602e-001 -2.530866e+001  0.000000e+000
      vertex -5.096074e-001 -2.540245e+001  0.000000e+000
    endloop
  endfacet
  facet normal  -0.000000e+000  0.000000e+000  1.000000e+000
    outer loop
      vertex  1.050070e+001 -2.505899e+001  0.000000e+000
      vertex -5.096074e-001 -2.540245e+001  0.000000e+000
      vertex -5.000000e-001 -2.550000e+001  0.000000e+000
    endloop
  endfacet
  facet normal  -0.000000e+000  0.000000e+000  9.999999e-001
    outer loop
      vertex  1.050070e+001 -2.505899e+001  0.000000e+000
      vertex -5.000000e-001 -2.550000e+001  0.000000e+000
      vertex -5.000000e-001 -2.650000e+001  0.000000e+000
    endloop
  endfacet
  facet normal  0.000000e+000  0.000000e+000  1.000000e+000
    outer loop
      vertex -1.000000e+000 -2.500000e+001  0.000000e+000
      vertex -7.480785e+000 -2.419509e+001  0.000000e+000
      vertex -7.423880e+000 -2.438268e+001  0.000000e+000
    endloop
  endfacet
  facet normal  0.000000e+000  0.000000e+000  1.000000e+000
    outer loop
      vertex -1.000000e+000 -2.500000e+001  0.000000e+000
      vertex -7.423880e+000 -2.438268e+001  0.000000e+000
      vertex -7.331470e+000 -2.455557e+001  0.000000e+000
    endloop
  endfacet
  facet normal  0.000000e+000  0.000000e+000  1.000000e+000
    outer loop
      vertex -1.000000e+000 -2.500000e+001  0.000000e+000
      vertex -7.331470e+000 -2.455557e+001  0.000000e+000
      vertex -7.207107e+000 -2.470711e+001  0.000000e+000
    endloop
  endfacet
  facet normal  0.000000e+000  0.000000e+000  1.000000e+000
    outer loop
      vertex -1.000000e+000 -2.500000e+001  0.000000e+000
      vertex -7.207107e+000 -2.470711e+001  0.000000e+000
      vertex -7.055570e+000 -2.483147e+001  0.000000e+000
    endloop
  endfacet
  facet normal  0.000000e+000  0.000000e+000  1.000000e+000
    outer loop
      vertex -1.000000e+000 -2.500000e+001  0.000000e+000
      vertex -7.055570e+000 -2.483147e+001  0.000000e+000
      vertex -6.882683e+000 -2.492388e+001  0.000000e+000
    endloop
  endfacet
  facet normal  0.000000e+000  0.000000e+000  1.000000e+000
    outer loop
      vertex -1.000000e+000 -2.500000e+001  0.000000e+000
      vertex -6.882683e+000 -2.492388e+001  0.000000e+000
      vertex -6.695090e+000 -2.498079e+001  0.000000e+000
    endloop
  endfacet
  facet normal  0.000000e+000  0.000000e+000  9.999999e-001
    outer loop
      vertex -1.000000e+000 -2.500000e+001  0.000000e+000
      vertex -6.695090e+000 -2.498079e+001  0.000000e+000
      vertex -6.500000e+000 -2.500000e+001  0.000000e+000
    endloop
  endfacet
  facet normal  0.000000e+000  0.000000e+000  1.000000e+000
    outer loop
      vertex  8.500000e+000 -1.500000e+001  0.000000e+000
      vertex -9.500000e+000 -1.800000e+001  0.000000e+000
      vertex -8.000000e+000 -1.800000e+001  0.000000e+000
    endloop
  endfacet
  facet normal  -0.000000e+000  0.000000e+000  1.000000e+000
    outer loop
      vertex  8.500000e+000 -1.500000e+001  0.000000e+000
      vertex -8.000000e+000 -1.800000e+001  0.000000e+000
      vertex -7.902455e+000 -1.800961e+001  0.000000e+000
    endloop
  endfacet
  facet normal  -0.000000e+000  0.000000e+000  1.000000e+000
    outer loop
      vertex  8.500000e+000 -1.500000e+001  0.000000e+000
      vertex -7.902455e+000 -1.800961e+001  0.000000e+000
      vertex -7.808658e+000 -1.803806e+001  0.000000e+000
    endloop
  endfacet
  facet normal  -0.000000e+000  0.000000e+000  1.000000e+000
    outer loop
      vertex  8.500000e+000 -1.500000e+001  0.000000e+000
      vertex -7.808658e+000 -1.803806e+001  0.000000e+000
      vertex -7.722215e+000 -1.808426e+001  0.000000e+000
    endloop
  endfacet
  facet normal  -0.000000e+000  0.000000e+000  1.000000e+000
    outer loop
      vertex  8.500000e+000 -1.500000e+001  0.000000e+000
      vertex -7.722215e+000 -1.808426e+001  0.000000e+000
      vertex -7.646447e+000 -1.814645e+001  0.000000e+000
    endloop
  endfacet
  facet normal  -0.000000e+000  0.000000e+000  1.000000e+000
    outer loop
      vertex  8.500000e+000 -1.500000e+001  0.000000e+000
      vertex -7.646447e+000 -1.814645e+001  0.000000e+000
      vertex -7.584265e+000 -1.822222e+001  0.000000e+000
    endloop
  endfacet
  facet normal  -0.000000e+000  0.000000e+000  1.000000e+000
    outer loop
      vertex  8.500000e+000 -1.500000e+001  0.000000e+000
      vertex -7.584265e+000 -1.822222e+001  0.000000e+000
      vertex -7.538060e+000 -1.830866e+001  0.000000e+000
    endloop
  endfacet
  facet normal  -0.000000e+000  0.000000e+000  1.000000e+000
    outer loop
      vertex  8.500000e+000 -1.500000e+001  0.000000e+000
      vertex -7.538060e+000 -1.830866e+001  0.000000e+000
      vertex -7.509607e+000 -1.840245e+001  0.000000e+000
    endloop
  endfacet
  facet normal  -0.000000e+000  0.000000e+000  1.000000e+000
    outer loop
      vertex  8.500000e+000 -1.500000e+001  0.000000e+000
      vertex -7.509607e+000 -1.840245e+001  0.000000e+000
      vertex -7.500000e+000 -1.850000e+001  0.000000e+000
    endloop
  endfacet
  facet normal  0.000000e+000  0.000000e+000  9.999999e-001
    outer loop
      vertex  1.050070e+001  1.494101e+001  0.000000e+000
      vertex -8.500000e+000  1.500000e+001  0.000000e+000
      vertex -8.304910e+000  1.498079e+001  0.000000e+000
    endloop
  endfacet
  facet normal  0.000000e+000  0.000000e+000  1.000000e+000
    outer loop
      vertex  1.050070e+001  1.494101e+001  0.000000e+000
      vertex -8.304910e+000  1.498079e+001  0.000000e+000
      vertex -8.117316e+000  1.492388e+001  0.000000e+000
    endloop
  endfacet
  facet normal  -0.000000e+000  0.000000e+000  1.000000e+000
    outer loop
      vertex  1.050070e+001  1.494101e+001  0.000000e+000
      vertex -8.117316e+000  1.492388e+001  0.000000e+000
      vertex -7.944430e+000  1.483147e+001  0.000000e+000
    endloop
  endfacet
  facet normal  -0.000000e+000  0.000000e+000  1.000000e+000
    outer loop
      vertex  1.050070e+001  1.494101e+001  0.000000e+000
      vertex -7.944430e+000  1.483147e+001  0.000000e+000
      vertex -7.792893e+000  1.470711e+001  0.000000e+000
    endloop
  endfacet
  facet normal  -0.000000e+000  0.000000e+000  1.000000e+000
    outer loop
      vertex  1.050070e+001  1.494101e+001  0.000000e+000
      vertex -7.792893e+000  1.470711e+001  0.000000e+000
      vertex -7.668530e+000  1.455557e+001  0.000000e+000
    endloop
  endfacet
  facet normal  -0.000000e+000  0.000000e+000  1.000000e+000
    outer loop
      vertex  1.050070e+001  1.494101e+001  0.000000e+000
      vertex -7.668530e+000  1.455557e+001  0.000000e+000
      vertex -7.576120e+000  1.438268e+001  0.000000e+000
    endloop
  endfacet
  facet normal  -0.000000e+000  0.000000e+000  1.000000e+000
    outer loop
      vertex  1.050070e+001  1.494101e+001  0.000000e+000
      vertex -7.576120e+000  1.438268e+001  0.000000e+000
      vertex -7.519215e+000  1.419509e+001  0.000000e+000
    endloop
  endfacet
  facet normal  -0.000000e+000  0.000000e+000  1.000000e+000
    outer loop
      vertex  1.050070e+001  1.494101e+001  0.000000e+000
      vertex -7.519215e+000  1.419509e+001  0.000000e+000
      vertex -7.500000e+000  1.400000e+001  0.000000e+000
    endloop
  endfacet
  facet normal  -0.000000e+000  0.000000e+000  9.999999e-001
    outer loop
      vertex  1.050070e+001  1.494101e+001  0.000000e+000
      vertex -7.500000e+000  1.400000e+001  0.000000e+000
      vertex -7.500000e+000  8.500000e+000  0.000000e+000
    endloop
  endfacet
  facet normal  0.000000e+000  0.000000e+000  1.000000e+000
    outer loop
      vertex  1.050070e+001  1.494101e+001  0.000000e+000
      vertex  7.509607e+000 -8.402454e+000  0.000000e+000
      vertex  7.538060e+000 -8.308659e+000  0.000000e+000
    endloop
  endfacet
  facet normal  0.000000e+000  0.000000e+000  1.000000e+000
    outer loop
      vertex  1.050070e+001  1.494101e+001  0.000000e+000
      vertex  7.538060e+000 -8.308659e+000  0.000000e+000
      vertex  7.584265e+000 -8.222215e+000  0.000000e+000
    endloop
  endfacet
  facet normal  0.000000e+000  0.000000e+000  1.000000e+000
    outer loop
      vertex  1.050070e+001  1.494101e+001  0.000000e+000
      vertex  7.584265e+000 -8.222215e+000  0.000000e+000
      vertex  7.646447e+000 -8.146446e+000  0.000000e+000
    endloop
  endfacet
  facet normal  0.000000e+000  0.000000e+000  9.999999e-001
    outer loop
      vertex  1.050070e+001  1.494101e+001  0.000000e+000
      vertex  7.646447e+000 -8.146446e+000  0.000000e+000
      vertex  7.722215e+000 -8.084265e+000  0.000000e+000
    endloop
  endfacet
  facet normal  0.000000e+000  0.000000e+000  9.999999e-001
    outer loop
      vertex  1.050070e+001  1.494101e+001  0.000000e+000
      vertex  7.722215e+000 -8.084265e+000  0.000000e+000
      vertex  7.808658e+000 -8.038060e+000  0.000000e+000
    endloop
  endfacet
  facet normal  0.000000e+000  0.000000e+000  1.000000e+000
    outer loop
      vertex  1.050070e+001  1.494101e+001  0.000000e+000
      vertex  7.808658e+000 -8.038060e+000  0.000000e+000
      vertex  7.902455e+000 -8.009607e+000  0.000000e+000
    endloop
  endfacet
  facet normal  0.000000e+000  0.000000e+000  1.000000e+000
    outer loop
      vertex  1.050070e+001  1.494101e+001  0.000000e+000
      vertex  7.902455e+000 -8.009607e+000  0.000000e+000
      vertex  8.000000e+000 -8.000000e+000  0.000000e+000
    endloop
  endfacet
  facet normal  0.000000e+000  0.000000e+000  1.000000e+000
    outer loop
      vertex  1.050070e+001  1.494101e+001  0.000000e+000
      vertex  8.000000e+000 -8.000000e+000  0.000000e+000
      vertex  9.000000e+000 -8.000000e+000  0.000000e+000
    endloop
  endfacet
  facet normal  -0.000000e+000  0.000000e+000  1.000000e+000
    outer loop
      vertex  1.050070e+001  1.494101e+001  0.000000e+000
      vertex  9.000000e+000 -8.000000e+000  0.000000e+000
      vertex  9.097546e+000 -8.009607e+000  0.000000e+000
    endloop
  endfacet
  facet normal  -0.000000e+000  0.000000e+000  1.000000e+000
    outer loop
      vertex  1.050070e+001  1.494101e+001  0.000000e+000
      vertex  9.097546e+000 -8.009607e+000  0.000000e+000
      vertex  9.191341e+000 -8.038060e+000  0.000000e+000
    endloop
  endfacet
  facet normal  -0.000000e+000  0.000000e+000  1.000000e+000
    outer loop
      vertex  1.050070e+001  1.494101e+001  0.000000e+000
      vertex  9.191341e+000 -8.038060e+000  0.000000e+000
      vertex  9.277785e+000 -8.084265e+000  0.000000e+000
    endloop
  endfacet
  facet normal  -0.000000e+000  0.000000e+000  1.000000e+000
    outer loop
      vertex  1.050070e+001  1.494101e+001  0.000000e+000
      vertex  9.277785e+000 -8.084265e+000  0.000000e+000
      vertex  9.353554e+000 -8.146446e+000  0.000000e+000
    endloop
  endfacet
  facet normal  -0.000000e+000  0.000000e+000  1.000000e+000
    outer loop
      vertex  1.050070e+001  1.494101e+001  0.000000e+000
      vertex  9.353554e+000 -8.146446e+000  0.000000e+000
      vertex  9.415735e+000 -8.222215e+000  0.000000e+000
    endloop
  endfacet
  facet normal  -0.000000e+000  0.000000e+000  1.000000e+000
    outer loop
      vertex  1.050070e+001  1.494101e+001  0.000000e+000
      vertex  9.415735e+000 -8.222215e+000  0.000000e+000
      vertex  9.461940e+000 -8.308659e+000  0.000000e+000
    endloop
  endfacet
  facet normal  -0.000000e+000  0.000000e+000  9.999999e-001
    outer loop
      vertex  1.050070e+001  1.494101e+001  0.000000e+000
      vertex  9.461940e+000 -8.308659e+000  0.000000e+000
      vertex  9.490393e+000 -8.402454e+000  0.000000e+000
    endloop
  endfacet
  facet normal  -0.000000e+000  0.000000e+000  1.000000e+000
    outer loop
      vertex  1.050070e+001  1.494101e+001  0.000000e+000
      vertex  9.490393e+000 -8.402454e+000  0.000000e+000
      vertex  9.500000e+000 -8.500000e+000  0.000000e+000
    endloop
  endfacet
  facet normal  0.000000e+000  0.000000e+000  1.000000e+000
    outer loop
      vertex -1.400000e+001  1.500000e+001  0.000000e+000
      vertex -8.500000e+000  1.500000e+001  0.000000e+000
      vertex -1.379938e+001  2.263125e+001  0.000000e+000
    endloop
  endfacet
  facet normal  0.000000e+000  0.000000e+000  1.000000e+000
    outer loop
      vertex -1.400000e+001  1.500000e+001  0.000000e+000
      vertex -1.379938e+001  2.263125e+001  0.000000e+000
      vertex -1.419856e+001  2.280604e+001  0.000000e+000
    endloop
  endfacet
  facet normal  0.000000e+000  0.000000e+000  1.000000e+000
    outer loop
      vertex -1.400000e+001  1.500000e+001  0.000000e+000
      vertex -1.419856e+001  2.280604e+001  0.000000e+000
      vertex -1.456133e+001  2.304750e+001  0.000000e+000
    endloop
  endfacet
  facet normal  0.000000e+000  0.000000e+000  1.000000e+000
    outer loop
      vertex -1.400000e+001  1.500000e+001  0.000000e+000
      vertex -1.456133e+001  2.304750e+001  0.000000e+000
      vertex -1.487666e+001  2.334829e+001  0.000000e+000
    endloop
  endfacet
  facet normal  0.000000e+000  0.000000e+000  1.000000e+000
    outer loop
      vertex -1.400000e+001  1.500000e+001  0.000000e+000
      vertex -1.487666e+001  2.334829e+001  0.000000e+000
      vertex -1.513496e+001  2.369926e+001  0.000000e+000
    endloop
  endfacet
  facet normal  0.000000e+000  0.000000e+000  1.000000e+000
    outer loop
      vertex -1.400000e+001  1.500000e+001  0.000000e+000
      vertex -1.513496e+001  2.369926e+001  0.000000e+000
      vertex -1.532840e+001  2.408975e+001  0.000000e+000
    endloop
  endfacet
  facet normal  0.000000e+000  0.000000e+000  1.000000e+000
    outer loop
      vertex -1.400000e+001  1.500000e+001  0.000000e+000
      vertex -1.532840e+001  2.408975e+001  0.000000e+000
      vertex -1.545109e+001  2.450791e+001  0.000000e+000
    endloop
  endfacet
  facet normal  0.000000e+000  0.000000e+000  1.000000e+000
    outer loop
      vertex -1.400000e+001  1.500000e+001  0.000000e+000
      vertex -1.545109e+001  2.450791e+001  0.000000e+000
      vertex -1.409755e+001  1.499039e+001  0.000000e+000
    endloop
  endfacet
  facet normal  0.000000e+000  0.000000e+000  1.000000e+000
    outer loop
      vertex  7.500000e+000  1.800000e+001  0.000000e+000
      vertex  7.500000e+000  2.400000e+001  0.000000e+000
      vertex  7.480785e+000  2.419509e+001  0.000000e+000
    endloop
  endfacet
  facet normal  0.000000e+000  0.000000e+000  9.999999e-001
    outer loop
      vertex  7.500000e+000  1.800000e+001  0.000000e+000
      vertex  7.480785e+000  2.419509e+001  0.000000e+000
      vertex  7.423880e+000  2.438268e+001  0.000000e+000
    endloop
  endfacet
  facet normal  0.000000e+000  0.000000e+000  1.000000e+000
    outer loop
      vertex  7.500000e+000  1.800000e+001  0.000000e+000
      vertex  7.423880e+000  2.438268e+001  0.000000e+000
      vertex  7.331470e+000  2.455557e+001  0.000000e+000
    endloop
  endfacet
  facet normal  0.000000e+000  0.000000e+000  1.000000e+000
    outer loop
      vertex  7.500000e+000  1.800000e+001  0.000000e+000
      vertex  7.331470e+000  2.455557e+001  0.000000e+000
      vertex  7.207107e+000  2.470711e+001  0.000000e+000
    endloop
  endfacet
  facet normal  0.000000e+000  0.000000e+000  1.000000e+000
    outer loop
      vertex  7.500000e+000  1.800000e+001  0.000000e+000
      vertex  7.207107e+000  2.470711e+001  0.000000e+000
      vertex  7.055570e+000  2.483147e+001  0.000000e+000
    endloop
  endfacet
  facet normal  0.000000e+000  0.000000e+000  1.000000e+000
    outer loop
      vertex  7.500000e+000  1.800000e+001  0.000000e+000
      vertex  7.055570e+000  2.483147e+001  0.000000e+000
      vertex  6.882683e+000  2.492388e+001  0.000000e+000
    endloop
  endfacet
  facet normal  0.000000e+000  0.000000e+000  1.000000e+000
    outer loop
      vertex  7.500000e+000  1.800000e+001  0.000000e+000
      vertex  6.882683e+000  2.492388e+001  0.000000e+000
      vertex  6.695090e+000  2.498079e+001  0.000000e+000
    endloop
  endfacet
  facet normal  0.000000e+000  0.000000e+000  1.000000e+000
    outer loop
      vertex  7.500000e+000  1.800000e+001  0.000000e+000
      vertex  6.695090e+000  2.498079e+001  0.000000e+000
      vertex  6.500000e+000  2.500000e+001  0.000000e+000
    endloop
  endfacet
  facet normal  0.000000e+000  0.000000e+000  1.000000e+000
    outer loop
      vertex  7.500000e+000  1.800000e+001  0.000000e+000
      vertex  6.500000e+000  2.500000e+001  0.000000e+000
      vertex  5.000000e-001  2.500000e+001  0.000000e+000
    endloop
  endfacet
  facet normal  0.000000e+000  0.000000e+000  1.000000e+000
    outer loop
      vertex  7.500000e+000  1.800000e+001  0.000000e+000
      vertex  5.000000e-001  2.500000e+001  0.000000e+000
      vertex -1.050070e+001  2.505899e+001  0.000000e+000
    endloop
  endfacet
  facet normal  0.000000e+000  0.000000e+000  1.000000e+000
    outer loop
      vertex  7.500000e+000  1.800000e+001  0.000000e+000
      vertex -1.050070e+001  2.505899e+001  0.000000e+000
      vertex -1.052842e+001  2.462410e+001  0.000000e+000
    endloop
  endfacet
  facet normal  0.000000e+000  0.000000e+000  1.000000e+000
    outer loop
      vertex  7.500000e+000  1.800000e+001  0.000000e+000
      vertex -1.052842e+001  2.462410e+001  0.000000e+000
      vertex -8.500000e+000  1.500000e+001  0.000000e+000
    endloop
  endfacet
  facet normal  0.000000e+000  0.000000e+000  9.999999e-001
    outer loop
      vertex -8.500000e+000  1.500000e+001  0.000000e+000
      vertex -1.052842e+001  2.462410e+001  0.000000e+000
      vertex -1.063125e+001  2.420062e+001  0.000000e+000
    endloop
  endfacet
  facet normal  0.000000e+000  0.000000e+000  1.000000e+000
    outer loop
      vertex -8.500000e+000  1.500000e+001  0.000000e+000
      vertex -1.063125e+001  2.420062e+001  0.000000e+000
      vertex -1.080604e+001  2.380144e+001  0.000000e+000
    endloop
  endfacet
  facet normal  0.000000e+000  0.000000e+000  1.000000e+000
    outer loop
      vertex -8.500000e+000  1.500000e+001  0.000000e+000
      vertex -1.080604e+001  2.380144e+001  0.000000e+000
      vertex -1.104750e+001  2.343867e+001  0.000000e+000
    endloop
  endfacet
  facet normal  0.000000e+000  0.000000e+000  9.999999e-001
    outer loop
      vertex -8.500000e+000  1.500000e+001  0.000000e+000
      vertex -1.104750e+001  2.343867e+001  0.000000e+000
      vertex -1.134829e+001  2.312334e+001  0.000000e+000
    endloop
  endfacet
  facet normal  0.000000e+000  0.000000e+000  1.000000e+000
    outer loop
      vertex -8.500000e+000  1.500000e+001  0.000000e+000
      vertex -1.134829e+001  2.312334e+001  0.000000e+000
      vertex -1.169926e+001  2.286504e+001  0.000000e+000
    endloop
  endfacet
  facet normal  0.000000e+000  0.000000e+000  1.000000e+000
    outer loop
      vertex -8.500000e+000  1.500000e+001  0.000000e+000
      vertex -1.169926e+001  2.286504e+001  0.000000e+000
      vertex -1.208975e+001  2.267160e+001  0.000000e+000
    endloop
  endfacet
  facet normal  0.000000e+000  0.000000e+000  1.000000e+000
    outer loop
      vertex -8.500000e+000  1.500000e+001  0.000000e+000
      vertex -1.208975e+001  2.267160e+001  0.000000e+000
      vertex -1.250791e+001  2.254891e+001  0.000000e+000
    endloop
  endfacet
  facet normal  0.000000e+000  0.000000e+000  1.000000e+000
    outer loop
      vertex -8.500000e+000  1.500000e+001  0.000000e+000
      vertex -1.250791e+001  2.254891e+001  0.000000e+000
      vertex -1.294101e+001  2.250070e+001  0.000000e+000
    endloop
  endfacet
  facet normal  0.000000e+000  0.000000e+000  1.000000e+000
    outer loop
      vertex -8.500000e+000  1.500000e+001  0.000000e+000
      vertex -1.294101e+001  2.250070e+001  0.000000e+000
      vertex -1.337590e+001  2.252842e+001  0.000000e+000
    endloop
  endfacet
  facet normal  0.000000e+000  0.000000e+000  1.000000e+000
    outer loop
      vertex -8.500000e+000  1.500000e+001  0.000000e+000
      vertex -1.337590e+001  2.252842e+001  0.000000e+000
      vertex -1.379938e+001  2.263125e+001  0.000000e+000
    endloop
  endfacet
  facet normal  -0.000000e+000  0.000000e+000  1.000000e+000
    outer loop
      vertex  1.550000e+001  3.000000e+001  0.000000e+000
      vertex -1.305899e+001  2.749930e+001  0.000000e+000
      vertex -1.262410e+001  2.747158e+001  0.000000e+000
    endloop
  endfacet
  facet normal  -0.000000e+000  0.000000e+000  1.000000e+000
    outer loop
      vertex  1.550000e+001  3.000000e+001  0.000000e+000
      vertex -1.262410e+001  2.747158e+001  0.000000e+000
      vertex -1.220062e+001  2.736875e+001  0.000000e+000
    endloop
  endfacet
  facet normal  -0.000000e+000  0.000000e+000  1.000000e+000
    outer loop
      vertex  1.550000e+001  3.000000e+001  0.000000e+000
      vertex -1.220062e+001  2.736875e+001  0.000000e+000
      vertex -1.180144e+001  2.719396e+001  0.000000e+000
    endloop
  endfacet
  facet normal  -0.000000e+000  0.000000e+000  1.000000e+000
    outer loop
      vertex  1.550000e+001  3.000000e+001  0.000000e+000
      vertex -1.180144e+001  2.719396e+001  0.000000e+000
      vertex -1.143867e+001  2.695250e+001  0.000000e+000
    endloop
  endfacet
  facet normal  -0.000000e+000  0.000000e+000  1.000000e+000
    outer loop
      vertex  1.550000e+001  3.000000e+001  0.000000e+000
      vertex -1.143867e+001  2.695250e+001  0.000000e+000
      vertex -1.112334e+001  2.665171e+001  0.000000e+000
    endloop
  endfacet
  facet normal  -0.000000e+000  0.000000e+000  1.000000e+000
    outer loop
      vertex  1.550000e+001  3.000000e+001  0.000000e+000
      vertex -1.112334e+001  2.665171e+001  0.000000e+000
      vertex -1.086504e+001  2.630074e+001  0.000000e+000
    endloop
  endfacet
  facet normal  -0.000000e+000  0.000000e+000  1.000000e+000
    outer loop
      vertex  1.550000e+001  3.000000e+001  0.000000e+000
      vertex -1.086504e+001  2.630074e+001  0.000000e+000
      vertex -1.067160e+001  2.591025e+001  0.000000e+000
    endloop
  endfacet
  facet normal  -0.000000e+000  0.000000e+000  1.000000e+000
    outer loop
      vertex  1.550000e+001  3.000000e+001  0.000000e+000
      vertex -1.067160e+001  2.591025e+001  0.000000e+000
      vertex -1.054891e+001  2.549209e+001  0.000000e+000
    endloop
  endfacet
  facet normal  -0.000000e+000  0.000000e+000  1.000000e+000
    outer loop
      vertex  1.550000e+001  3.000000e+001  0.000000e+000
      vertex -1.054891e+001  2.549209e+001  0.000000e+000
      vertex -1.050070e+001  2.505899e+001  0.000000e+000
    endloop
  endfacet
  facet normal  0.000000e+000  0.000000e+000  1.000000e+000
    outer loop
      vertex  1.550000e+001  3.000000e+001  0.000000e+000
      vertex -1.050070e+001  2.505899e+001  0.000000e+000
      vertex  9.024549e-001  2.699039e+001  0.000000e+000
    endloop
  endfacet
  facet normal  0.000000e+000  0.000000e+000  1.000000e+000
    outer loop
      vertex  1.550000e+001  3.000000e+001  0.000000e+000
      vertex  9.024549e-001  2.699039e+001  0.000000e+000
      vertex  1.000000e+000  2.700000e+001  0.000000e+000
    endloop
  endfacet
  facet normal  0.000000e+000  0.000000e+000  1.000000e+000
    outer loop
      vertex  1.550000e+001  3.000000e+001  0.000000e+000
      vertex  1.000000e+000  2.700000e+001  0.000000e+000
      vertex  6.500000e+000  2.700000e+001  0.000000e+000
    endloop
  endfacet
  facet normal  -0.000000e+000  0.000000e+000  1.000000e+000
    outer loop
      vertex  1.550000e+001  3.000000e+001  0.000000e+000
      vertex  6.500000e+000  2.700000e+001  0.000000e+000
      vertex  6.969304e+000  2.696306e+001  0.000000e+000
    endloop
  endfacet
  facet normal  -0.000000e+000  0.000000e+000  1.000000e+000
    outer loop
      vertex  1.550000e+001  3.000000e+001  0.000000e+000
      vertex  6.969304e+000  2.696306e+001  0.000000e+000
      vertex  7.427051e+000  2.685317e+001  0.000000e+000
    endloop
  endfacet
  facet normal  -0.000000e+000  0.000000e+000  1.000000e+000
    outer loop
      vertex  1.550000e+001  3.000000e+001  0.000000e+000
      vertex  7.427051e+000  2.685317e+001  0.000000e+000
      vertex  7.861971e+000  2.667302e+001  0.000000e+000
    endloop
  endfacet
  facet normal  -0.000000e+000  0.000000e+000  1.000000e+000
    outer loop
      vertex  1.550000e+001  3.000000e+001  0.000000e+000
      vertex  7.861971e+000  2.667302e+001  0.000000e+000
      vertex  8.263356e+000  2.642705e+001  0.000000e+000
    endloop
  endfacet
  facet normal  -0.000000e+000  0.000000e+000  1.000000e+000
    outer loop
      vertex  1.550000e+001  3.000000e+001  0.000000e+000
      vertex  8.263356e+000  2.642705e+001  0.000000e+000
      vertex  8.621321e+000  2.612132e+001  0.000000e+000
    endloop
  endfacet
  facet normal  -0.000000e+000  0.000000e+000  1.000000e+000
    outer loop
      vertex  1.550000e+001  3.000000e+001  0.000000e+000
      vertex  8.621321e+000  2.612132e+001  0.000000e+000
      vertex  8.927051e+000  2.576336e+001  0.000000e+000
    endloop
  endfacet
  facet normal  -0.000000e+000  0.000000e+000  1.000000e+000
    outer loop
      vertex  1.550000e+001  3.000000e+001  0.000000e+000
      vertex  8.927051e+000  2.576336e+001  0.000000e+000
      vertex  9.173019e+000  2.536197e+001  0.000000e+000
    endloop
  endfacet
  facet normal  0.000000e+000  -0.000000e+000  1.000000e+000
    outer loop
      vertex -1.550000e+001  3.000000e+001  0.000000e+000
      vertex -1.547158e+001  2.537590e+001  0.000000e+000
      vertex -1.536875e+001  2.579938e+001  0.000000e+000
    endloop
  endfacet
  facet normal  0.000000e+000  -0.000000e+000  1.000000e+000
    outer loop
      vertex -1.550000e+001  3.000000e+001  0.000000e+000
      vertex -1.536875e+001  2.579938e+001  0.000000e+000
      vertex -1.519396e+001  2.619856e+001  0.000000e+000
    endloop
  endfacet
  facet normal  0.000000e+000  -0.000000e+000  1.000000e+000
    outer loop
      vertex -1.550000e+001  3.000000e+001  0.000000e+000
      vertex -1.519396e+001  2.619856e+001  0.000000e+000
      vertex -1.495250e+001  2.656133e+001  0.000000e+000
    endloop
  endfacet
  facet normal  0.000000e+000  -0.000000e+000  1.000000e+000
    outer loop
      vertex -1.550000e+001  3.000000e+001  0.000000e+000
      vertex -1.495250e+001  2.656133e+001  0.000000e+000
      vertex -1.465171e+001  2.687666e+001  0.000000e+000
    endloop
  endfacet
  facet normal  0.000000e+000  -0.000000e+000  1.000000e+000
    outer loop
      vertex -1.550000e+001  3.000000e+001  0.000000e+000
      vertex -1.465171e+001  2.687666e+001  0.000000e+000
      vertex -1.430074e+001  2.713496e+001  0.000000e+000
    endloop
  endfacet
  facet normal  0.000000e+000  -0.000000e+000  9.999999e-001
    outer loop
      vertex -1.550000e+001  3.000000e+001  0.000000e+000
      vertex -1.430074e+001  2.713496e+001  0.000000e+000
      vertex -1.391025e+001  2.732840e+001  0.000000e+000
    endloop
  endfacet
  facet normal  0.000000e+000  -0.000000e+000  1.000000e+000
    outer loop
      vertex -1.550000e+001  3.000000e+001  0.000000e+000
      vertex -1.391025e+001  2.732840e+001  0.000000e+000
      vertex -1.349209e+001  2.745109e+001  0.000000e+000
    endloop
  endfacet
  facet normal  0.000000e+000  -0.000000e+000  1.000000e+000
    outer loop
      vertex -1.550000e+001  3.000000e+001  0.000000e+000
      vertex -1.349209e+001  2.745109e+001  0.000000e+000
      vertex -1.305899e+001  2.749930e+001  0.000000e+000
    endloop
  endfacet
  facet normal  0.000000e+000  -0.000000e+000  1.000000e+000
    outer loop
      vertex -1.550000e+001  3.000000e+001  0.000000e+000
      vertex -1.305899e+001  2.749930e+001  0.000000e+000
      vertex  1.550000e+001  3.000000e+001  0.000000e+000
    endloop
  endfacet
  facet normal  0.000000e+000  0.000000e+000  9.999999e-001
    outer loop
      vertex  1.487666e+001  1.665171e+001  0.000000e+000
      vertex  1.513496e+001  1.630074e+001  0.000000e+000
      vertex  9.463065e+000  2.446930e+001  0.000000e+000
    endloop
  endfacet
  facet normal  -0.000000e+000  -0.000000e+000  1.000000e+000
    outer loop
      vertex  9.463065e+000  2.446930e+001  0.000000e+000
      vertex  1.513496e+001  1.630074e+001  0.000000e+000
      vertex  9.353169e+000  2.492705e+001  0.000000e+000
    endloop
  endfacet
  facet normal  -0.000000e+000  0.000000e+000  1.000000e+000
    outer loop
      vertex  1.080604e+001 -2.380144e+001  0.000000e+000
      vertex -7.500000e+000 -2.400000e+001  0.000000e+000
      vertex  1.063125e+001 -2.420062e+001  0.000000e+000
    endloop
  endfacet
  facet normal  0.000000e+000  0.000000e+000  1.000000e+000
    outer loop
      vertex  1.063125e+001 -2.420062e+001  0.000000e+000
      vertex -7.500000e+000 -2.400000e+001  0.000000e+000
      vertex -7.480785e+000 -2.419509e+001  0.000000e+000
    endloop
  endfacet
  facet normal  0.000000e+000  0.000000e+000  1.000000e+000
    outer loop
      vertex  1.063125e+001 -2.420062e+001  0.000000e+000
      vertex -7.480785e+000 -2.419509e+001  0.000000e+000
      vertex  1.052842e+001 -2.462410e+001  0.000000e+000
    endloop
  endfacet
  facet normal  0.000000e+000  0.000000e+000  1.000000e+000
    outer loop
      vertex  1.052842e+001 -2.462410e+001  0.000000e+000
      vertex -7.480785e+000 -2.419509e+001  0.000000e+000
      vertex -1.000000e+000 -2.500000e+001  0.000000e+000
    endloop
  endfacet
  facet normal  -0.000000e+000  0.000000e+000  1.000000e+000
    outer loop
      vertex  1.052842e+001 -2.462410e+001  0.000000e+000
      vertex -1.000000e+000 -2.500000e+001  0.000000e+000
      vertex -9.024549e-001 -2.500961e+001  0.000000e+000
    endloop
  endfacet
  facet normal -9.801622e-002 -9.951848e-001  -0.000000e+000
    outer loop
      vertex -1.400000e+001  1.300000e+001  0.000000e+000
      vertex -1.400000e+001  1.300000e+001  1.000000e+001
      vertex -1.409755e+001  1.300961e+001  0.000000e+000
    endloop
  endfacet
  facet normal -9.801622e-002 -9.951848e-001  0.000000e+000
    outer loop
      vertex -1.409755e+001  1.300961e+001  0.000000e+000
      vertex -1.400000e+001  1.300000e+001  1.000000e+001
      vertex -1.409755e+001  1.300961e+001  1.000000e+001
    endloop
  endfacet
  facet normal -2.902869e-001 -9.569396e-001  -0.000000e+000
    outer loop
      vertex -1.409755e+001  1.300961e+001  0.000000e+000
      vertex -1.409755e+001  1.300961e+001  1.000000e+001
      vertex -1.419134e+001  1.303806e+001  0.000000e+000
    endloop
  endfacet
  facet normal -2.902869e-001 -9.569396e-001  0.000000e+000
    outer loop
      vertex -1.419134e+001  1.303806e+001  0.000000e+000
      vertex -1.409755e+001  1.300961e+001  1.000000e+001
      vertex -1.419134e+001  1.303806e+001  1.000000e+001
    endloop
  endfacet
  facet normal -4.713915e-001 -8.819241e-001  -0.000000e+000
    outer loop
      vertex -1.419134e+001  1.303806e+001  0.000000e+000
      vertex -1.419134e+001  1.303806e+001  1.000000e+001
      vertex -1.427779e+001  1.308426e+001  0.000000e+000
    endloop
  endfacet
  facet normal -4.713915e-001 -8.819241e-001  0.000000e+000
    outer loop
      vertex -1.427779e+001  1.308426e+001  0.000000e+000
      vertex -1.419134e+001  1.303806e+001  1.000000e+001
      vertex -1.427779e+001  1.308426e+001  1.000000e+001
    endloop
  endfacet
  facet normal -6.343927e-001 -7.730110e-001  -0.000000e+000
    outer loop
      vertex -1.427779e+001  1.308426e+001  0.000000e+000
      vertex -1.427779e+001  1.308426e+001  1.000000e+001
      vertex -1.435355e+001  1.314645e+001  0.000000e+000
    endloop
  endfacet
  facet normal -6.343927e-001 -7.730110e-001  0.000000e+000
    outer loop
      vertex -1.435355e+001  1.314645e+001  0.000000e+000
      vertex -1.427779e+001  1.308426e+001  1.000000e+001
      vertex -1.435355e+001  1.314645e+001  1.000000e+001
    endloop
  endfacet
  facet normal -7.730110e-001 -6.343927e-001  -0.000000e+000
    outer loop
      vertex -1.435355e+001  1.314645e+001  0.000000e+000
      vertex -1.435355e+001  1.314645e+001  1.000000e+001
      vertex -1.441574e+001  1.322221e+001  0.000000e+000
    endloop
  endfacet
  facet normal -7.730110e-001 -6.343927e-001  0.000000e+000
    outer loop
      vertex -1.441574e+001  1.322221e+001  0.000000e+000
      vertex -1.435355e+001  1.314645e+001  1.000000e+001
      vertex -1.441574e+001  1.322221e+001  1.000000e+001
    endloop
  endfacet
  facet normal -8.819241e-001 -4.713915e-001  -0.000000e+000
    outer loop
      vertex -1.441574e+001  1.322221e+001  0.000000e+000
      vertex -1.441574e+001  1.322221e+001  1.000000e+001
      vertex -1.446194e+001  1.330866e+001  0.000000e+000
    endloop
  endfacet
  facet normal -8.819241e-001 -4.713915e-001  0.000000e+000
    outer loop
      vertex -1.446194e+001  1.330866e+001  0.000000e+000
      vertex -1.441574e+001  1.322221e+001  1.000000e+001
      vertex -1.446194e+001  1.330866e+001  1.000000e+001
    endloop
  endfacet
  facet normal -9.569396e-001 -2.902869e-001  -0.000000e+000
    outer loop
      vertex -1.446194e+001  1.330866e+001  0.000000e+000
      vertex -1.446194e+001  1.330866e+001  1.000000e+001
      vertex -1.449039e+001  1.340245e+001  0.000000e+000
    endloop
  endfacet
  facet normal -9.569396e-001 -2.902869e-001  0.000000e+000
    outer loop
      vertex -1.449039e+001  1.340245e+001  0.000000e+000
      vertex -1.446194e+001  1.330866e+001  1.000000e+001
      vertex -1.449039e+001  1.340245e+001  1.000000e+001
    endloop
  endfacet
  facet normal -9.951848e-001 -9.801622e-002  -0.000000e+000
    outer loop
      vertex -1.449039e+001  1.340245e+001  0.000000e+000
      vertex -1.449039e+001  1.340245e+001  1.000000e+001
      vertex -1.450000e+001  1.350000e+001  0.000000e+000
    endloop
  endfacet
  facet normal -9.951848e-001 -9.801622e-002  0.000000e+000
    outer loop
      vertex -1.450000e+001  1.350000e+001  0.000000e+000
      vertex -1.449039e+001  1.340245e+001  1.000000e+001
      vertex -1.450000e+001  1.350000e+001  1.000000e+001
    endloop
  endfacet
  facet normal -1.000000e+000  0.000000e+000  0.000000e+000
    outer loop
      vertex -9.500000e+000  1.250000e+001  1.000000e+001
      vertex -9.500000e+000  1.250000e+001  0.000000e+000
      vertex -9.500000e+000  8.000000e+000  1.000000e+001
    endloop
  endfacet
  facet normal -1.000000e+000  0.000000e+000  0.000000e+000
    outer loop
      vertex -9.500000e+000  8.000000e+000  1.000000e+001
      vertex -9.500000e+000  1.250000e+001  0.000000e+000
      vertex -9.500000e+000  8.000000e+000  0.000000e+000
    endloop
  endfacet
  facet normal -6.343927e-001 -7.730110e-001  -0.000000e+000
    outer loop
      vertex -9.646446e+000  1.285355e+001  0.000000e+000
      vertex -9.722215e+000  1.291574e+001  1.000000e+001
      vertex -9.722215e+000  1.291574e+001  0.000000e+000
    endloop
  endfacet
  facet normal -4.713915e-001 -8.819241e-001  0.000000e+000
    outer loop
      vertex -9.722215e+000  1.291574e+001  0.000000e+000
      vertex -9.722215e+000  1.291574e+001  1.000000e+001
      vertex -9.808659e+000  1.296194e+001  1.000000e+001
    endloop
  endfacet
  facet normal -4.713915e-001 -8.819241e-001  -0.000000e+000
    outer loop
      vertex -9.722215e+000  1.291574e+001  0.000000e+000
      vertex -9.808659e+000  1.296194e+001  1.000000e+001
      vertex -9.808659e+000  1.296194e+001  0.000000e+000
    endloop
  endfacet
  facet normal -2.902869e-001 -9.569396e-001  0.000000e+000
    outer loop
      vertex -9.808659e+000  1.296194e+001  0.000000e+000
      vertex -9.808659e+000  1.296194e+001  1.000000e+001
      vertex -9.902454e+000  1.299039e+001  1.000000e+001
    endloop
  endfacet
  facet normal -2.902869e-001 -9.569396e-001  -0.000000e+000
    outer loop
      vertex -9.808659e+000  1.296194e+001  0.000000e+000
      vertex -9.902454e+000  1.299039e+001  1.000000e+001
      vertex -9.902454e+000  1.299039e+001  0.000000e+000
    endloop
  endfacet
  facet normal -9.801622e-002 -9.951848e-001  0.000000e+000
    outer loop
      vertex -9.902454e+000  1.299039e+001  0.000000e+000
      vertex -9.902454e+000  1.299039e+001  1.000000e+001
      vertex -1.000000e+001  1.300000e+001  1.000000e+001
    endloop
  endfacet
  facet normal -9.801622e-002 -9.951848e-001  -0.000000e+000
    outer loop
      vertex -9.902454e+000  1.299039e+001  0.000000e+000
      vertex -1.000000e+001  1.300000e+001  1.000000e+001
      vertex -1.000000e+001  1.300000e+001  0.000000e+000
    endloop
  endfacet
  facet normal -6.343927e-001 -7.730110e-001  0.000000e+000
    outer loop
      vertex -9.722215e+000  1.291574e+001  1.000000e+001
      vertex -9.646446e+000  1.285355e+001  0.000000e+000
      vertex -9.646446e+000  1.285355e+001  1.000000e+001
    endloop
  endfacet
  facet normal -7.730110e-001 -6.343927e-001  -0.000000e+000
    outer loop
      vertex -9.646446e+000  1.285355e+001  1.000000e+001
      vertex -9.646446e+000  1.285355e+001  0.000000e+000
      vertex -9.584265e+000  1.277779e+001  0.000000e+000
    endloop
  endfacet
  facet normal -7.730110e-001 -6.343927e-001  0.000000e+000
    outer loop
      vertex -9.646446e+000  1.285355e+001  1.000000e+001
      vertex -9.584265e+000  1.277779e+001  0.000000e+000
      vertex -9.584265e+000  1.277779e+001  1.000000e+001
    endloop
  endfacet
  facet normal -8.819241e-001 -4.713915e-001  -0.000000e+000
    outer loop
      vertex -9.584265e+000  1.277779e+001  1.000000e+001
      vertex -9.584265e+000  1.277779e+001  0.000000e+000
      vertex -9.538060e+000  1.269134e+001  0.000000e+000
    endloop
  endfacet
  facet normal -8.819241e-001 -4.713915e-001  0.000000e+000
    outer loop
      vertex -9.584265e+000  1.277779e+001  1.000000e+001
      vertex -9.538060e+000  1.269134e+001  0.000000e+000
      vertex -9.538060e+000  1.269134e+001  1.000000e+001
    endloop
  endfacet
  facet normal -9.569396e-001 -2.902869e-001  -0.000000e+000
    outer loop
      vertex -9.538060e+000  1.269134e+001  1.000000e+001
      vertex -9.538060e+000  1.269134e+001  0.000000e+000
      vertex -9.509607e+000  1.259755e+001  0.000000e+000
    endloop
  endfacet
  facet normal -9.569396e-001 -2.902869e-001  0.000000e+000
    outer loop
      vertex -9.538060e+000  1.269134e+001  1.000000e+001
      vertex -9.509607e+000  1.259755e+001  0.000000e+000
      vertex -9.509607e+000  1.259755e+001  1.000000e+001
    endloop
  endfacet
  facet normal -9.951848e-001 -9.801622e-002  -0.000000e+000
    outer loop
      vertex -9.509607e+000  1.259755e+001  1.000000e+001
      vertex -9.509607e+000  1.259755e+001  0.000000e+000
      vertex -9.500000e+000  1.250000e+001  0.000000e+000
    endloop
  endfacet
  facet normal -9.951848e-001 -9.801622e-002  0.000000e+000
    outer loop
      vertex -9.509607e+000  1.259755e+001  1.000000e+001
      vertex -9.500000e+000  1.250000e+001  0.000000e+000
      vertex -9.500000e+000  1.250000e+001  1.000000e+001
    endloop
  endfacet
  facet normal  0.000000e+000  0.000000e+000  1.000000e+000
    outer loop
      vertex  9.500000e+000  1.850000e+001  1.000000e+001
      vertex  9.463065e+000  2.446930e+001  1.000000e+001
      vertex  9.490393e+000  1.840245e+001  1.000000e+001
    endloop
  endfacet
  facet normal  0.000000e+000  0.000000e+000  9.999999e-001
    outer loop
      vertex  9.500000e+000  1.850000e+001  1.000000e+001
      vertex  9.500000e+000  2.400000e+001  1.000000e+001
      vertex  9.463065e+000  2.446930e+001  1.000000e+001
    endloop
  endfacet
  facet normal  0.000000e+000  0.000000e+000  1.000000e+000
    outer loop
      vertex  6.882683e+000  2.492388e+001  1.000000e+001
      vertex  7.055570e+000  2.483147e+001  1.000000e+001
      vertex  6.969304e+000  2.696306e+001  1.000000e+001
    endloop
  endfacet
  facet normal  0.000000e+000  0.000000e+000  1.000000e+000
    outer loop
      vertex  7.500000e+000  2.400000e+001  1.000000e+001
      vertex  7.861971e+000  2.667302e+001  1.000000e+001
      vertex  7.480785e+000  2.419509e+001  1.000000e+001
    endloop
  endfacet
  facet normal  0.000000e+000  0.000000e+000  1.000000e+000
    outer loop
      vertex  9.097546e+000  1.800961e+001  1.000000e+001
      vertex  9.191341e+000  1.803806e+001  1.000000e+001
      vertex  9.173019e+000  2.536197e+001  1.000000e+001
    endloop
  endfacet
  facet normal  0.000000e+000  0.000000e+000  1.000000e+000
    outer loop
      vertex  9.463065e+000  2.446930e+001  1.000000e+001
      vertex  9.461940e+000  1.830866e+001  1.000000e+001
      vertex  9.490393e+000  1.840245e+001  1.000000e+001
    endloop
  endfacet
  facet normal  0.000000e+000  -0.000000e+000  1.000000e+000
    outer loop
      vertex  5.000000e-001  2.500000e+001  1.000000e+001
      vertex  6.500000e+000  2.500000e+001  1.000000e+001
      vertex  6.500000e+000  2.700000e+001  1.000000e+001
    endloop
  endfacet
  facet normal  0.000000e+000  0.000000e+000  1.000000e+000
    outer loop
      vertex  5.000000e-001  2.500000e+001  1.000000e+001
      vertex  6.500000e+000  2.700000e+001  1.000000e+001
      vertex  1.000000e+000  2.700000e+001  1.000000e+001
    endloop
  endfacet
  facet normal  0.000000e+000  0.000000e+000  1.000000e+000
    outer loop
      vertex  5.000000e-001  2.500000e+001  1.000000e+001
      vertex  1.000000e+000  2.700000e+001  1.000000e+001
      vertex  9.024549e-001  2.699039e+001  1.000000e+001
    endloop
  endfacet
  facet normal  0.000000e+000  0.000000e+000  1.000000e+000
    outer loop
      vertex  5.000000e-001  2.500000e+001  1.000000e+001
      vertex  9.024549e-001  2.699039e+001  1.000000e+001
      vertex  8.086583e-001  2.696194e+001  1.000000e+001
    endloop
  endfacet
  facet normal  0.000000e+000  0.000000e+000  1.000000e+000
    outer loop
      vertex  5.000000e-001  2.500000e+001  1.000000e+001
      vertex  8.086583e-001  2.696194e+001  1.000000e+001
      vertex  7.222149e-001  2.691574e+001  1.000000e+001
    endloop
  endfacet
  facet normal  0.000000e+000  0.000000e+000  1.000000e+000
    outer loop
      vertex  5.000000e-001  2.500000e+001  1.000000e+001
      vertex  7.222149e-001  2.691574e+001  1.000000e+001
      vertex  6.464466e-001  2.685355e+001  1.000000e+001
    endloop
  endfacet
  facet normal  0.000000e+000  0.000000e+000  1.000000e+000
    outer loop
      vertex  5.000000e-001  2.500000e+001  1.000000e+001
      vertex  6.464466e-001  2.685355e+001  1.000000e+001
      vertex  5.842652e-001  2.677778e+001  1.000000e+001
    endloop
  endfacet
  facet normal  0.000000e+000  0.000000e+000  1.000000e+000
    outer loop
      vertex  5.000000e-001  2.500000e+001  1.000000e+001
      vertex  5.842652e-001  2.677778e+001  1.000000e+001
      vertex  5.380602e-001  2.669134e+001  1.000000e+001
    endloop
  endfacet
  facet normal  0.000000e+000  0.000000e+000  1.000000e+000
    outer loop
      vertex  5.000000e-001  2.500000e+001  1.000000e+001
      vertex  5.380602e-001  2.669134e+001  1.000000e+001
      vertex  5.096074e-001  2.659755e+001  1.000000e+001
    endloop
  endfacet
  facet normal  0.000000e+000  0.000000e+000  9.999999e-001
    outer loop
      vertex  5.000000e-001  2.500000e+001  1.000000e+001
      vertex  5.096074e-001  2.659755e+001  1.000000e+001
      vertex  5.000000e-001  2.650000e+001  1.000000e+001
    endloop
  endfacet
  facet normal  0.000000e+000  0.000000e+000  1.000000e+000
    outer loop
      vertex  7.427051e+000  2.685317e+001  1.000000e+001
      vertex  6.969304e+000  2.696306e+001  1.000000e+001
      vertex  7.055570e+000  2.483147e+001  1.000000e+001
    endloop
  endfacet
  facet normal  -0.000000e+000  0.000000e+000  9.999999e-001
    outer loop
      vertex  7.427051e+000  2.685317e+001  1.000000e+001
      vertex  7.055570e+000  2.483147e+001  1.000000e+001
      vertex  7.207107e+000  2.470711e+001  1.000000e+001
    endloop
  endfacet
  facet normal  -0.000000e+000  0.000000e+000  1.000000e+000
    outer loop
      vertex  7.427051e+000  2.685317e+001  1.000000e+001
      vertex  7.207107e+000  2.470711e+001  1.000000e+001
      vertex  7.331470e+000  2.455557e+001  1.000000e+001
    endloop
  endfacet
  facet normal  -0.000000e+000  0.000000e+000  9.999999e-001
    outer loop
      vertex  7.427051e+000  2.685317e+001  1.000000e+001
      vertex  7.331470e+000  2.455557e+001  1.000000e+001
      vertex  7.423880e+000  2.438268e+001  1.000000e+001
    endloop
  endfacet
  facet normal  -0.000000e+000  0.000000e+000  1.000000e+000
    outer loop
      vertex  7.427051e+000  2.685317e+001  1.000000e+001
      vertex  7.423880e+000  2.438268e+001  1.000000e+001
      vertex  7.480785e+000  2.419509e+001  1.000000e+001
    endloop
  endfacet
  facet normal  0.000000e+000  -0.000000e+000  1.000000e+000
    outer loop
      vertex  7.427051e+000  2.685317e+001  1.000000e+001
      vertex  7.480785e+000  2.419509e+001  1.000000e+001
      vertex  7.861971e+000  2.667302e+001  1.000000e+001
    endloop
  endfacet
  facet normal  0.000000e+000  -0.000000e+000  1.000000e+000
    outer loop
      vertex  9.000000e+000  1.800000e+001  1.000000e+001
      vertex  9.097546e+000  1.800961e+001  1.000000e+001
      vertex  9.173019e+000  2.536197e+001  1.000000e+001
    endloop
  endfacet
  facet normal  0.000000e+000  0.000000e+000  1.000000e+000
    outer loop
      vertex  9.000000e+000  1.800000e+001  1.000000e+001
      vertex  9.173019e+000  2.536197e+001  1.000000e+001
      vertex  8.927051e+000  2.576336e+001  1.000000e+001
    endloop
  endfacet
  facet normal  0.000000e+000  0.000000e+000  1.000000e+000
    outer loop
      vertex  9.000000e+000  1.800000e+001  1.000000e+001
      vertex  8.927051e+000  2.576336e+001  1.000000e+001
      vertex  8.621321e+000  2.612132e+001  1.000000e+001
    endloop
  endfacet
  facet normal  0.000000e+000  0.000000e+000  1.000000e+000
    outer loop
      vertex  9.000000e+000  1.800000e+001  1.000000e+001
      vertex  8.621321e+000  2.612132e+001  1.000000e+001
      vertex  8.263356e+000  2.642705e+001  1.000000e+001
    endloop
  endfacet
  facet normal  0.000000e+000  0.000000e+000  1.000000e+000
    outer loop
      vertex  9.000000e+000  1.800000e+001  1.000000e+001
      vertex  8.263356e+000  2.642705e+001  1.000000e+001
      vertex  7.861971e+000  2.667302e+001  1.000000e+001
    endloop
  endfacet
  facet normal  0.000000e+000  0.000000e+000  1.000000e+000
    outer loop
      vertex  9.000000e+000  1.800000e+001  1.000000e+001
      vertex  7.861971e+000  2.667302e+001  1.000000e+001
      vertex  7.500000e+000  2.400000e+001  1.000000e+001
    endloop
  endfacet
  facet normal  0.000000e+000  0.000000e+000  1.000000e+000
    outer loop
      vertex  9.000000e+000  1.800000e+001  1.000000e+001
      vertex  7.500000e+000  2.400000e+001  1.000000e+001
      vertex  7.500000e+000  1.800000e+001  1.000000e+001
    endloop
  endfacet
  facet normal  0.000000e+000  0.000000e+000  9.999999e-001
    outer loop
      vertex  6.500000e+000  2.700000e+001  1.000000e+001
      vertex  6.500000e+000  2.500000e+001  1.000000e+001
      vertex  6.969304e+000  2.696306e+001  1.000000e+001
    endloop
  endfacet
  facet normal  0.000000e+000  0.000000e+000  1.000000e+000
    outer loop
      vertex  6.969304e+000  2.696306e+001  1.000000e+001
      vertex  6.500000e+000  2.500000e+001  1.000000e+001
      vertex  6.695090e+000  2.498079e+001  1.000000e+001
    endloop
  endfacet
  facet normal  -0.000000e+000  0.000000e+000  1.000000e+000
    outer loop
      vertex  6.969304e+000  2.696306e+001  1.000000e+001
      vertex  6.695090e+000  2.498079e+001  1.000000e+001
      vertex  6.882683e+000  2.492388e+001  1.000000e+001
    endloop
  endfacet
  facet normal  0.000000e+000  -0.000000e+000  1.000000e+000
    outer loop
      vertex  9.173019e+000  2.536197e+001  1.000000e+001
      vertex  9.191341e+000  1.803806e+001  1.000000e+001
      vertex  9.353169e+000  2.492705e+001  1.000000e+001
    endloop
  endfacet
  facet normal  0.000000e+000  0.000000e+000  1.000000e+000
    outer loop
      vertex  9.353169e+000  2.492705e+001  1.000000e+001
      vertex  9.191341e+000  1.803806e+001  1.000000e+001
      vertex  9.277785e+000  1.808426e+001  1.000000e+001
    endloop
  endfacet
  facet normal  0.000000e+000  0.000000e+000  1.000000e+000
    outer loop
      vertex  9.353169e+000  2.492705e+001  1.000000e+001
      vertex  9.277785e+000  1.808426e+001  1.000000e+001
      vertex  9.353554e+000  1.814645e+001  1.000000e+001
    endloop
  endfacet
  facet normal  0.000000e+000  -0.000000e+000  1.000000e+000
    outer loop
      vertex  9.353169e+000  2.492705e+001  1.000000e+001
      vertex  9.353554e+000  1.814645e+001  1.000000e+001
      vertex  9.463065e+000  2.446930e+001  1.000000e+001
    endloop
  endfacet
  facet normal  0.000000e+000  0.000000e+000  1.000000e+000
    outer loop
      vertex  9.463065e+000  2.446930e+001  1.000000e+001
      vertex  9.353554e+000  1.814645e+001  1.000000e+001
      vertex  9.415735e+000  1.822222e+001  1.000000e+001
    endloop
  endfacet
  facet normal  0.000000e+000  0.000000e+000  1.000000e+000
    outer loop
      vertex  9.463065e+000  2.446930e+001  1.000000e+001
      vertex  9.415735e+000  1.822222e+001  1.000000e+001
      vertex  9.461940e+000  1.830866e+001  1.000000e+001
    endloop
  endfacet
  facet normal  9.999999e-001  0.000000e+000  0.000000e+000
    outer loop
      vertex  9.500000e+000  1.850000e+001  1.000000e+001
      vertex  9.500000e+000  1.850000e+001  0.000000e+000
      vertex  9.500000e+000  2.400000e+001  1.000000e+001
    endloop
  endfacet
  facet normal  9.999999e-001  0.000000e+000  0.000000e+000
    outer loop
      vertex  9.500000e+000  2.400000e+001  1.000000e+001
      vertex  9.500000e+000  1.850000e+001  0.000000e+000
      vertex  9.500000e+000  2.400000e+001  0.000000e+000
    endloop
  endfacet
  facet normal  0.000000e+000 -1.000000e+000  0.000000e+000
    outer loop
      vertex  7.500000e+000  1.800000e+001  0.000000e+000
      vertex  9.000000e+000  1.800000e+001  0.000000e+000
      vertex  7.500000e+000  1.800000e+001  1.000000e+001
    endloop
  endfacet
  facet normal  0.000000e+000 -1.000000e+000  0.000000e+000
    outer loop
      vertex  7.500000e+000  1.800000e+001  1.000000e+001
      vertex  9.000000e+000  1.800000e+001  0.000000e+000
      vertex  9.000000e+000  1.800000e+001  1.000000e+001
    endloop
  endfacet
  facet normal  9.951848e-001 -9.801622e-002  0.000000e+000
    outer loop
      vertex  9.500000e+000  1.850000e+001  0.000000e+000
      vertex  9.500000e+000  1.850000e+001  1.000000e+001
      vertex  9.490393e+000  1.840245e+001  0.000000e+000
    endloop
  endfacet
  facet normal  9.951848e-001 -9.801622e-002  0.000000e+000
    outer loop
      vertex  9.490393e+000  1.840245e+001  0.000000e+000
      vertex  9.500000e+000  1.850000e+001  1.000000e+001
      vertex  9.490393e+000  1.840245e+001  1.000000e+001
    endloop
  endfacet
  facet normal  9.569396e-001 -2.902869e-001  0.000000e+000
    outer loop
      vertex  9.490393e+000  1.840245e+001  0.000000e+000
      vertex  9.490393e+000  1.840245e+001  1.000000e+001
      vertex  9.461940e+000  1.830866e+001  0.000000e+000
    endloop
  endfacet
  facet normal  9.569396e-001 -2.902869e-001  0.000000e+000
    outer loop
      vertex  9.461940e+000  1.830866e+001  0.000000e+000
      vertex  9.490393e+000  1.840245e+001  1.000000e+001
      vertex  9.461940e+000  1.830866e+001  1.000000e+001
    endloop
  endfacet
  facet normal  8.819219e-001 -4.713955e-001  0.000000e+000
    outer loop
      vertex  9.461940e+000  1.830866e+001  0.000000e+000
      vertex  9.461940e+000  1.830866e+001  1.000000e+001
      vertex  9.415735e+000  1.822222e+001  0.000000e+000
    endloop
  endfacet
  facet normal  8.819219e-001 -4.713955e-001  0.000000e+000
    outer loop
      vertex  9.415735e+000  1.822222e+001  0.000000e+000
      vertex  9.461940e+000  1.830866e+001  1.000000e+001
      vertex  9.415735e+000  1.822222e+001  1.000000e+001
    endloop
  endfacet
  facet normal  7.730150e-001 -6.343879e-001  0.000000e+000
    outer loop
      vertex  9.415735e+000  1.822222e+001  0.000000e+000
      vertex  9.415735e+000  1.822222e+001  1.000000e+001
      vertex  9.353554e+000  1.814645e+001  0.000000e+000
    endloop
  endfacet
  facet normal  7.730150e-001 -6.343879e-001  0.000000e+000
    outer loop
      vertex  9.353554e+000  1.814645e+001  0.000000e+000
      vertex  9.415735e+000  1.822222e+001  1.000000e+001
      vertex  9.353554e+000  1.814645e+001  1.000000e+001
    endloop
  endfacet
  facet normal  6.343927e-001 -7.730110e-001  0.000000e+000
    outer loop
      vertex  9.353554e+000  1.814645e+001  0.000000e+000
      vertex  9.353554e+000  1.814645e+001  1.000000e+001
      vertex  9.277785e+000  1.808426e+001  0.000000e+000
    endloop
  endfacet
  facet normal  6.343927e-001 -7.730110e-001  0.000000e+000
    outer loop
      vertex  9.277785e+000  1.808426e+001  0.000000e+000
      vertex  9.353554e+000  1.814645e+001  1.000000e+001
      vertex  9.277785e+000  1.808426e+001  1.000000e+001
    endloop
  endfacet
  facet normal  4.713839e-001 -8.819281e-001  0.000000e+000
    outer loop
      vertex  9.277785e+000  1.808426e+001  0.000000e+000
      vertex  9.277785e+000  1.808426e+001  1.000000e+001
      vertex  9.191341e+000  1.803806e+001  0.000000e+000
    endloop
  endfacet
  facet normal  4.713839e-001 -8.819281e-001  0.000000e+000
    outer loop
      vertex  9.191341e+000  1.803806e+001  0.000000e+000
      vertex  9.277785e+000  1.808426e+001  1.000000e+001
      vertex  9.191341e+000  1.803806e+001  1.000000e+001
    endloop
  endfacet
  facet normal  2.902958e-001 -9.569370e-001  0.000000e+000
    outer loop
      vertex  9.191341e+000  1.803806e+001  0.000000e+000
      vertex  9.191341e+000  1.803806e+001  1.000000e+001
      vertex  9.097546e+000  1.800961e+001  0.000000e+000
    endloop
  endfacet
  facet normal  2.902958e-001 -9.569370e-001  0.000000e+000
    outer loop
      vertex  9.097546e+000  1.800961e+001  0.000000e+000
      vertex  9.191341e+000  1.803806e+001  1.000000e+001
      vertex  9.097546e+000  1.800961e+001  1.000000e+001
    endloop
  endfacet
  facet normal  9.801622e-002 -9.951848e-001  0.000000e+000
    outer loop
      vertex  9.097546e+000  1.800961e+001  0.000000e+000
      vertex  9.097546e+000  1.800961e+001  1.000000e+001
      vertex  9.000000e+000  1.800000e+001  0.000000e+000
    endloop
  endfacet
  facet normal  9.801622e-002 -9.951848e-001  0.000000e+000
    outer loop
      vertex  9.000000e+000  1.800000e+001  0.000000e+000
      vertex  9.097546e+000  1.800961e+001  1.000000e+001
      vertex  9.000000e+000  1.800000e+001  1.000000e+001
    endloop
  endfacet
  facet normal -1.000000e+000  0.000000e+000  0.000000e+000
    outer loop
      vertex  5.000000e-001  2.650000e+001  0.000000e+000
      vertex  5.000000e-001  2.500000e+001  0.000000e+000
      vertex  5.000000e-001  2.650000e+001  1.000000e+001
    endloop
  endfacet
  facet normal -1.000000e+000  -0.000000e+000  0.000000e+000
    outer loop
      vertex  5.000000e-001  2.650000e+001  1.000000e+001
      vertex  5.000000e-001  2.500000e+001  0.000000e+000
      vertex  5.000000e-001  2.500000e+001  1.000000e+001
    endloop
  endfacet
  facet normal  0.000000e+000  9.999999e-001  0.000000e+000
    outer loop
      vertex  6.500000e+000  2.700000e+001  0.000000e+000
      vertex  1.000000e+000  2.700000e+001  0.000000e+000
      vertex  6.500000e+000  2.700000e+001  1.000000e+001
    endloop
  endfacet
  facet normal  0.000000e+000  9.999999e-001  0.000000e+000
    outer loop
      vertex  6.500000e+000  2.700000e+001  1.000000e+001
      vertex  1.000000e+000  2.700000e+001  0.000000e+000
      vertex  1.000000e+000  2.700000e+001  1.000000e+001
    endloop
  endfacet
  facet normal -9.951848e-001  9.801683e-002  0.000000e+000
    outer loop
      vertex  5.000000e-001  2.650000e+001  0.000000e+000
      vertex  5.000000e-001  2.650000e+001  1.000000e+001
      vertex  5.096074e-001  2.659755e+001  0.000000e+000
    endloop
  endfacet
  facet normal -9.951848e-001  9.801683e-002  0.000000e+000
    outer loop
      vertex  5.096074e-001  2.659755e+001  0.000000e+000
      vertex  5.000000e-001  2.650000e+001  1.000000e+001
      vertex  5.096074e-001  2.659755e+001  1.000000e+001
    endloop
  endfacet
  facet normal -9.569396e-001  2.902869e-001  0.000000e+000
    outer loop
      vertex  5.096074e-001  2.659755e+001  0.000000e+000
      vertex  5.096074e-001  2.659755e+001  1.000000e+001
      vertex  5.380602e-001  2.669134e+001  0.000000e+000
    endloop
  endfacet
  facet normal -9.569396e-001  2.902869e-001  0.000000e+000
    outer loop
      vertex  5.380602e-001  2.669134e+001  0.000000e+000
      vertex  5.096074e-001  2.659755e+001  1.000000e+001
      vertex  5.380602e-001  2.669134e+001  1.000000e+001
    endloop
  endfacet
  facet normal -8.819205e-001  4.713984e-001  0.000000e+000
    outer loop
      vertex  5.380602e-001  2.669134e+001  0.000000e+000
      vertex  5.380602e-001  2.669134e+001  1.000000e+001
      vertex  5.842652e-001  2.677778e+001  0.000000e+000
    endloop
  endfacet
  facet normal -8.819205e-001  4.713984e-001  0.000000e+000
    outer loop
      vertex  5.842652e-001  2.677778e+001  0.000000e+000
      vertex  5.380602e-001  2.669134e+001  1.000000e+001
      vertex  5.842652e-001  2.677778e+001  1.000000e+001
    endloop
  endfacet
  facet normal -7.730152e-001  6.343876e-001  0.000000e+000
    outer loop
      vertex  5.842652e-001  2.677778e+001  0.000000e+000
      vertex  5.842652e-001  2.677778e+001  1.000000e+001
      vertex  6.464466e-001  2.685355e+001  0.000000e+000
    endloop
  endfacet
  facet normal -7.730152e-001  6.343876e-001  0.000000e+000
    outer loop
      vertex  6.464466e-001  2.685355e+001  0.000000e+000
      vertex  5.842652e-001  2.677778e+001  1.000000e+001
      vertex  6.464466e-001  2.685355e+001  1.000000e+001
    endloop
  endfacet
  facet normal -6.343936e-001  7.730103e-001  0.000000e+000
    outer loop
      vertex  6.464466e-001  2.685355e+001  0.000000e+000
      vertex  6.464466e-001  2.685355e+001  1.000000e+001
      vertex  7.222149e-001  2.691574e+001  0.000000e+000
    endloop
  endfacet
  facet normal -6.343936e-001  7.730103e-001  0.000000e+000
    outer loop
      vertex  7.222149e-001  2.691574e+001  0.000000e+000
      vertex  6.464466e-001  2.685355e+001  1.000000e+001
      vertex  7.222149e-001  2.691574e+001  1.000000e+001
    endloop
  endfacet
  facet normal -4.713860e-001  8.819271e-001  0.000000e+000
    outer loop
      vertex  7.222149e-001  2.691574e+001  0.000000e+000
      vertex  7.222149e-001  2.691574e+001  1.000000e+001
      vertex  8.086583e-001  2.696194e+001  0.000000e+000
    endloop
  endfacet
  facet normal -4.713860e-001  8.819271e-001  0.000000e+000
    outer loop
      vertex  8.086583e-001  2.696194e+001  0.000000e+000
      vertex  7.222149e-001  2.691574e+001  1.000000e+001
      vertex  8.086583e-001  2.696194e+001  1.000000e+001
    endloop
  endfacet
  facet normal -2.902936e-001  9.569376e-001  0.000000e+000
    outer loop
      vertex  8.086583e-001  2.696194e+001  0.000000e+000
      vertex  8.086583e-001  2.696194e+001  1.000000e+001
      vertex  9.024549e-001  2.699039e+001  0.000000e+000
    endloop
  endfacet
  facet normal -2.902936e-001  9.569376e-001  0.000000e+000
    outer loop
      vertex  9.024549e-001  2.699039e+001  0.000000e+000
      vertex  8.086583e-001  2.696194e+001  1.000000e+001
      vertex  9.024549e-001  2.699039e+001  1.000000e+001
    endloop
  endfacet
  facet normal -9.801670e-002  9.951848e-001  0.000000e+000
    outer loop
      vertex  9.024549e-001  2.699039e+001  0.000000e+000
      vertex  9.024549e-001  2.699039e+001  1.000000e+001
      vertex  1.000000e+000  2.700000e+001  0.000000e+000
    endloop
  endfacet
  facet normal -9.801670e-002  9.951848e-001  0.000000e+000
    outer loop
      vertex  1.000000e+000  2.700000e+001  0.000000e+000
      vertex  9.024549e-001  2.699039e+001  1.000000e+001
      vertex  1.000000e+000  2.700000e+001  1.000000e+001
    endloop
  endfacet
  facet normal  0.000000e+000  9.999999e-001  0.000000e+000
    outer loop
      vertex -8.500000e+000  1.500000e+001  0.000000e+000
      vertex -1.400000e+001  1.500000e+001  0.000000e+000
      vertex -8.500000e+000  1.500000e+001  1.000000e+001
    endloop
  endfacet
  facet normal  0.000000e+000  9.999999e-001  0.000000e+000
    outer loop
      vertex -8.500000e+000  1.500000e+001  1.000000e+001
      vertex -1.400000e+001  1.500000e+001  0.000000e+000
      vertex -1.400000e+001  1.500000e+001  1.000000e+001
    endloop
  endfacet
  facet normal -9.951848e-001  9.801622e-002  0.000000e+000
    outer loop
      vertex -1.450000e+001  1.450000e+001  0.000000e+000
      vertex -1.450000e+001  1.450000e+001  1.000000e+001
      vertex -1.449039e+001  1.459755e+001  0.000000e+000
    endloop
  endfacet
  facet normal -9.951848e-001  9.801622e-002  0.000000e+000
    outer loop
      vertex -1.449039e+001  1.459755e+001  0.000000e+000
      vertex -1.450000e+001  1.450000e+001  1.000000e+001
      vertex -1.449039e+001  1.459755e+001  1.000000e+001
    endloop
  endfacet
  facet normal -9.569396e-001  2.902869e-001  0.000000e+000
    outer loop
      vertex -1.449039e+001  1.459755e+001  0.000000e+000
      vertex -1.449039e+001  1.459755e+001  1.000000e+001
      vertex -1.446194e+001  1.469134e+001  0.000000e+000
    endloop
  endfacet
  facet normal -9.569396e-001  2.902869e-001  0.000000e+000
    outer loop
      vertex -1.446194e+001  1.469134e+001  0.000000e+000
      vertex -1.449039e+001  1.459755e+001  1.000000e+001
      vertex -1.446194e+001  1.469134e+001  1.000000e+001
    endloop
  endfacet
  facet normal -8.819241e-001  4.713915e-001  0.000000e+000
    outer loop
      vertex -1.446194e+001  1.469134e+001  0.000000e+000
      vertex -1.446194e+001  1.469134e+001  1.000000e+001
      vertex -1.441574e+001  1.477779e+001  0.000000e+000
    endloop
  endfacet
  facet normal -8.819241e-001  4.713915e-001  0.000000e+000
    outer loop
      vertex -1.441574e+001  1.477779e+001  0.000000e+000
      vertex -1.446194e+001  1.469134e+001  1.000000e+001
      vertex -1.441574e+001  1.477779e+001  1.000000e+001
    endloop
  endfacet
  facet normal -7.730110e-001  6.343927e-001  0.000000e+000
    outer loop
      vertex -1.441574e+001  1.477779e+001  0.000000e+000
      vertex -1.441574e+001  1.477779e+001  1.000000e+001
      vertex -1.435355e+001  1.485355e+001  0.000000e+000
    endloop
  endfacet
  facet normal -7.730110e-001  6.343927e-001  0.000000e+000
    outer loop
      vertex -1.435355e+001  1.485355e+001  0.000000e+000
      vertex -1.441574e+001  1.477779e+001  1.000000e+001
      vertex -1.435355e+001  1.485355e+001  1.000000e+001
    endloop
  endfacet
  facet normal -6.343927e-001  7.730110e-001  0.000000e+000
    outer loop
      vertex -1.435355e+001  1.485355e+001  0.000000e+000
      vertex -1.435355e+001  1.485355e+001  1.000000e+001
      vertex -1.427779e+001  1.491574e+001  0.000000e+000
    endloop
  endfacet
  facet normal -6.343927e-001  7.730110e-001  0.000000e+000
    outer loop
      vertex -1.427779e+001  1.491574e+001  0.000000e+000
      vertex -1.435355e+001  1.485355e+001  1.000000e+001
      vertex -1.427779e+001  1.491574e+001  1.000000e+001
    endloop
  endfacet
  facet normal -4.713915e-001  8.819241e-001  0.000000e+000
    outer loop
      vertex -1.427779e+001  1.491574e+001  0.000000e+000
      vertex -1.427779e+001  1.491574e+001  1.000000e+001
      vertex -1.419134e+001  1.496194e+001  0.000000e+000
    endloop
  endfacet
  facet normal -4.713915e-001  8.819241e-001  0.000000e+000
    outer loop
      vertex -1.419134e+001  1.496194e+001  0.000000e+000
      vertex -1.427779e+001  1.491574e+001  1.000000e+001
      vertex -1.419134e+001  1.496194e+001  1.000000e+001
    endloop
  endfacet
  facet normal -2.902869e-001  9.569396e-001  0.000000e+000
    outer loop
      vertex -1.419134e+001  1.496194e+001  0.000000e+000
      vertex -1.419134e+001  1.496194e+001  1.000000e+001
      vertex -1.409755e+001  1.499039e+001  0.000000e+000
    endloop
  endfacet
  facet normal -2.902869e-001  9.569396e-001  0.000000e+000
    outer loop
      vertex -1.409755e+001  1.499039e+001  0.000000e+000
      vertex -1.419134e+001  1.496194e+001  1.000000e+001
      vertex -1.409755e+001  1.499039e+001  1.000000e+001
    endloop
  endfacet
  facet normal -9.801622e-002  9.951848e-001  0.000000e+000
    outer loop
      vertex -1.409755e+001  1.499039e+001  0.000000e+000
      vertex -1.409755e+001  1.499039e+001  1.000000e+001
      vertex -1.400000e+001  1.500000e+001  0.000000e+000
    endloop
  endfacet
  facet normal -9.801622e-002  9.951848e-001  0.000000e+000
    outer loop
      vertex -1.400000e+001  1.500000e+001  0.000000e+000
      vertex -1.409755e+001  1.499039e+001  1.000000e+001
      vertex -1.400000e+001  1.500000e+001  1.000000e+001
    endloop
  endfacet
  facet normal  0.000000e+000  0.000000e+000  1.000000e+000
    outer loop
      vertex  1.450000e+001 -1.450000e+001  1.000000e+001
      vertex  1.450000e+001 -1.350000e+001  1.000000e+001
      vertex  1.449039e+001 -1.340245e+001  1.000000e+001
    endloop
  endfacet
  facet normal  0.000000e+000  0.000000e+000  9.999999e-001
    outer loop
      vertex  7.500000e+000 -8.500000e+000  1.000000e+001
      vertex  7.500000e+000 -1.400000e+001  1.000000e+001
      vertex  7.509607e+000 -8.402454e+000  1.000000e+001
    endloop
  endfacet
  facet normal  0.000000e+000  -0.000000e+000  1.000000e+000
    outer loop
      vertex  8.500000e+000 -1.500000e+001  1.000000e+001
      vertex  1.400000e+001 -1.500000e+001  1.000000e+001
      vertex  1.400000e+001 -1.300000e+001  1.000000e+001
    endloop
  endfacet
  facet normal  0.000000e+000  0.000000e+000  1.000000e+000
    outer loop
      vertex  8.500000e+000 -1.500000e+001  1.000000e+001
      vertex  1.400000e+001 -1.300000e+001  1.000000e+001
      vertex  1.000000e+001 -1.300000e+001  1.000000e+001
    endloop
  endfacet
  facet normal  0.000000e+000  0.000000e+000  1.000000e+000
    outer loop
      vertex  8.500000e+000 -1.500000e+001  1.000000e+001
      vertex  1.000000e+001 -1.300000e+001  1.000000e+001
      vertex  9.902454e+000 -1.299039e+001  1.000000e+001
    endloop
  endfacet
  facet normal  0.000000e+000  0.000000e+000  1.000000e+000
    outer loop
      vertex  8.500000e+000 -1.500000e+001  1.000000e+001
      vertex  9.902454e+000 -1.299039e+001  1.000000e+001
      vertex  9.808659e+000 -1.296194e+001  1.000000e+001
    endloop
  endfacet
  facet normal  0.000000e+000  0.000000e+000  1.000000e+000
    outer loop
      vertex  8.500000e+000 -1.500000e+001  1.000000e+001
      vertex  9.808659e+000 -1.296194e+001  1.000000e+001
      vertex  9.722215e+000 -1.291574e+001  1.000000e+001
    endloop
  endfacet
  facet normal  0.000000e+000  0.000000e+000  1.000000e+000
    outer loop
      vertex  8.500000e+000 -1.500000e+001  1.000000e+001
      vertex  9.722215e+000 -1.291574e+001  1.000000e+001
      vertex  9.646446e+000 -1.285355e+001  1.000000e+001
    endloop
  endfacet
  facet normal  0.000000e+000  0.000000e+000  9.999999e-001
    outer loop
      vertex  8.500000e+000 -1.500000e+001  1.000000e+001
      vertex  9.646446e+000 -1.285355e+001  1.000000e+001
      vertex  9.584265e+000 -1.277779e+001  1.000000e+001
    endloop
  endfacet
  facet normal  0.000000e+000  0.000000e+000  1.000000e+000
    outer loop
      vertex  8.500000e+000 -1.500000e+001  1.000000e+001
      vertex  9.584265e+000 -1.277779e+001  1.000000e+001
      vertex  9.538060e+000 -1.269134e+001  1.000000e+001
    endloop
  endfacet
  facet normal  0.000000e+000  0.000000e+000  1.000000e+000
    outer loop
      vertex  8.500000e+000 -1.500000e+001  1.000000e+001
      vertex  9.538060e+000 -1.269134e+001  1.000000e+001
      vertex  9.509607e+000 -1.259755e+001  1.000000e+001
    endloop
  endfacet
  facet normal  0.000000e+000  0.000000e+000  1.000000e+000
    outer loop
      vertex  8.500000e+000 -1.500000e+001  1.000000e+001
      vertex  9.509607e+000 -1.259755e+001  1.000000e+001
      vertex  9.500000e+000 -1.250000e+001  1.000000e+001
    endloop
  endfacet
  facet normal  0.000000e+000  -0.000000e+000  1.000000e+000
    outer loop
      vertex  8.500000e+000 -1.500000e+001  1.000000e+001
      vertex  9.500000e+000 -1.250000e+001  1.000000e+001
      vertex  9.500000e+000 -8.500000e+000  1.000000e+001
    endloop
  endfacet
  facet normal  0.000000e+000  0.000000e+000  9.999999e-001
    outer loop
      vertex  8.500000e+000 -1.500000e+001  1.000000e+001
      vertex  9.500000e+000 -8.500000e+000  1.000000e+001
      vertex  9.490393e+000 -8.402454e+000  1.000000e+001
    endloop
  endfacet
  facet normal  0.000000e+000  0.000000e+000  9.999999e-001
    outer loop
      vertex  8.500000e+000 -1.500000e+001  1.000000e+001
      vertex  9.490393e+000 -8.402454e+000  1.000000e+001
      vertex  9.461940e+000 -8.308659e+000  1.000000e+001
    endloop
  endfacet
  facet normal  0.000000e+000  0.000000e+000  1.000000e+000
    outer loop
      vertex  8.500000e+000 -1.500000e+001  1.000000e+001
      vertex  9.461940e+000 -8.308659e+000  1.000000e+001
      vertex  9.415735e+000 -8.222215e+000  1.000000e+001
    endloop
  endfacet
  facet normal  0.000000e+000  0.000000e+000  1.000000e+000
    outer loop
      vertex  8.500000e+000 -1.500000e+001  1.000000e+001
      vertex  9.415735e+000 -8.222215e+000  1.000000e+001
      vertex  9.353554e+000 -8.146446e+000  1.000000e+001
    endloop
  endfacet
  facet normal  0.000000e+000  0.000000e+000  1.000000e+000
    outer loop
      vertex  8.500000e+000 -1.500000e+001  1.000000e+001
      vertex  9.353554e+000 -8.146446e+000  1.000000e+001
      vertex  9.277785e+000 -8.084265e+000  1.000000e+001
    endloop
  endfacet
  facet normal  0.000000e+000  0.000000e+000  1.000000e+000
    outer loop
      vertex  8.500000e+000 -1.500000e+001  1.000000e+001
      vertex  9.277785e+000 -8.084265e+000  1.000000e+001
      vertex  9.191341e+000 -8.038060e+000  1.000000e+001
    endloop
  endfacet
  facet normal  0.000000e+000  0.000000e+000  1.000000e+000
    outer loop
      vertex  8.500000e+000 -1.500000e+001  1.000000e+001
      vertex  9.191341e+000 -8.038060e+000  1.000000e+001
      vertex  9.097546e+000 -8.009607e+000  1.000000e+001
    endloop
  endfacet
  facet normal  0.000000e+000  0.000000e+000  1.000000e+000
    outer loop
      vertex  8.500000e+000 -1.500000e+001  1.000000e+001
      vertex  9.097546e+000 -8.009607e+000  1.000000e+001
      vertex  9.000000e+000 -8.000000e+000  1.000000e+001
    endloop
  endfacet
  facet normal  0.000000e+000  0.000000e+000  1.000000e+000
    outer loop
      vertex  8.500000e+000 -1.500000e+001  1.000000e+001
      vertex  9.000000e+000 -8.000000e+000  1.000000e+001
      vertex  8.117316e+000 -1.492388e+001  1.000000e+001
    endloop
  endfacet
  facet normal  0.000000e+000  0.000000e+000  1.000000e+000
    outer loop
      vertex  8.500000e+000 -1.500000e+001  1.000000e+001
      vertex  8.117316e+000 -1.492388e+001  1.000000e+001
      vertex  8.304910e+000 -1.498079e+001  1.000000e+001
    endloop
  endfacet
  facet normal  0.000000e+000  0.000000e+000  1.000000e+000
    outer loop
      vertex  7.509607e+000 -8.402454e+000  1.000000e+001
      vertex  7.500000e+000 -1.400000e+001  1.000000e+001
      vertex  7.538060e+000 -8.308659e+000  1.000000e+001
    endloop
  endfacet
  facet normal  0.000000e+000  0.000000e+000  9.999999e-001
    outer loop
      vertex  7.538060e+000 -8.308659e+000  1.000000e+001
      vertex  7.500000e+000 -1.400000e+001  1.000000e+001
      vertex  7.519215e+000 -1.419509e+001  1.000000e+001
    endloop
  endfacet
  facet normal  0.000000e+000  0.000000e+000  1.000000e+000
    outer loop
      vertex  7.538060e+000 -8.308659e+000  1.000000e+001
      vertex  7.519215e+000 -1.419509e+001  1.000000e+001
      vertex  7.584265e+000 -8.222215e+000  1.000000e+001
    endloop
  endfacet
  facet normal  0.000000e+000  0.000000e+000  9.999999e-001
    outer loop
      vertex  7.584265e+000 -8.222215e+000  1.000000e+001
      vertex  7.519215e+000 -1.419509e+001  1.000000e+001
      vertex  7.576120e+000 -1.438268e+001  1.000000e+001
    endloop
  endfacet
  facet normal  0.000000e+000  0.000000e+000  1.000000e+000
    outer loop
      vertex  7.584265e+000 -8.222215e+000  1.000000e+001
      vertex  7.576120e+000 -1.438268e+001  1.000000e+001
      vertex  7.646447e+000 -8.146446e+000  1.000000e+001
    endloop
  endfacet
  facet normal  0.000000e+000  0.000000e+000  1.000000e+000
    outer loop
      vertex  7.646447e+000 -8.146446e+000  1.000000e+001
      vertex  7.576120e+000 -1.438268e+001  1.000000e+001
      vertex  7.668530e+000 -1.455557e+001  1.000000e+001
    endloop
  endfacet
  facet normal  0.000000e+000  -0.000000e+000  9.999999e-001
    outer loop
      vertex  7.646447e+000 -8.146446e+000  1.000000e+001
      vertex  7.668530e+000 -1.455557e+001  1.000000e+001
      vertex  7.722215e+000 -8.084265e+000  1.000000e+001
    endloop
  endfacet
  facet normal  0.000000e+000  0.000000e+000  1.000000e+000
    outer loop
      vertex  7.722215e+000 -8.084265e+000  1.000000e+001
      vertex  7.668530e+000 -1.455557e+001  1.000000e+001
      vertex  7.792893e+000 -1.470711e+001  1.000000e+001
    endloop
  endfacet
  facet normal  0.000000e+000  -0.000000e+000  1.000000e+000
    outer loop
      vertex  7.722215e+000 -8.084265e+000  1.000000e+001
      vertex  7.792893e+000 -1.470711e+001  1.000000e+001
      vertex  7.808658e+000 -8.038060e+000  1.000000e+001
    endloop
  endfacet
  facet normal  0.000000e+000  0.000000e+000  1.000000e+000
    outer loop
      vertex  7.808658e+000 -8.038060e+000  1.000000e+001
      vertex  7.792893e+000 -1.470711e+001  1.000000e+001
      vertex  7.902455e+000 -8.009607e+000  1.000000e+001
    endloop
  endfacet
  facet normal  0.000000e+000  0.000000e+000  1.000000e+000
    outer loop
      vertex  7.902455e+000 -8.009607e+000  1.000000e+001
      vertex  7.792893e+000 -1.470711e+001  1.000000e+001
      vertex  7.944430e+000 -1.483147e+001  1.000000e+001
    endloop
  endfacet
  facet normal  0.000000e+000  -0.000000e+000  1.000000e+000
    outer loop
      vertex  7.902455e+000 -8.009607e+000  1.000000e+001
      vertex  7.944430e+000 -1.483147e+001  1.000000e+001
      vertex  8.000000e+000 -8.000000e+000  1.000000e+001
    endloop
  endfacet
  facet normal  0.000000e+000  0.000000e+000  1.000000e+000
    outer loop
      vertex  8.000000e+000 -8.000000e+000  1.000000e+001
      vertex  7.944430e+000 -1.483147e+001  1.000000e+001
      vertex  8.117316e+000 -1.492388e+001  1.000000e+001
    endloop
  endfacet
  facet normal  0.000000e+000  -0.000000e+000  1.000000e+000
    outer loop
      vertex  8.000000e+000 -8.000000e+000  1.000000e+001
      vertex  8.117316e+000 -1.492388e+001  1.000000e+001
      vertex  9.000000e+000 -8.000000e+000  1.000000e+001
    endloop
  endfacet
  facet normal  0.000000e+000  0.000000e+000  1.000000e+000
    outer loop
      vertex  1.400000e+001 -1.300000e+001  1.000000e+001
      vertex  1.400000e+001 -1.500000e+001  1.000000e+001
      vertex  1.409755e+001 -1.300961e+001  1.000000e+001
    endloop
  endfacet
  facet normal  0.000000e+000  0.000000e+000  1.000000e+000
    outer loop
      vertex  1.409755e+001 -1.300961e+001  1.000000e+001
      vertex  1.400000e+001 -1.500000e+001  1.000000e+001
      vertex  1.409755e+001 -1.499039e+001  1.000000e+001
    endloop
  endfacet
  facet normal  0.000000e+000  0.000000e+000  9.999999e-001
    outer loop
      vertex  1.409755e+001 -1.300961e+001  1.000000e+001
      vertex  1.409755e+001 -1.499039e+001  1.000000e+001
      vertex  1.419134e+001 -1.303806e+001  1.000000e+001
    endloop
  endfacet
  facet normal  0.000000e+000  0.000000e+000  1.000000e+000
    outer loop
      vertex  1.419134e+001 -1.303806e+001  1.000000e+001
      vertex  1.409755e+001 -1.499039e+001  1.000000e+001
      vertex  1.419134e+001 -1.496194e+001  1.000000e+001
    endloop
  endfacet
  facet normal  0.000000e+000  0.000000e+000  1.000000e+000
    outer loop
      vertex  1.419134e+001 -1.303806e+001  1.000000e+001
      vertex  1.419134e+001 -1.496194e+001  1.000000e+001
      vertex  1.427779e+001 -1.308426e+001  1.000000e+001
    endloop
  endfacet
  facet normal  0.000000e+000  0.000000e+000  1.000000e+000
    outer loop
      vertex  1.427779e+001 -1.308426e+001  1.000000e+001
      vertex  1.419134e+001 -1.496194e+001  1.000000e+001
      vertex  1.427779e+001 -1.491574e+001  1.000000e+001
    endloop
  endfacet
  facet normal  0.000000e+000  0.000000e+000  1.000000e+000
    outer loop
      vertex  1.427779e+001 -1.308426e+001  1.000000e+001
      vertex  1.427779e+001 -1.491574e+001  1.000000e+001
      vertex  1.435355e+001 -1.314645e+001  1.000000e+001
    endloop
  endfacet
  facet normal  0.000000e+000  0.000000e+000  1.000000e+000
    outer loop
      vertex  1.435355e+001 -1.314645e+001  1.000000e+001
      vertex  1.427779e+001 -1.491574e+001  1.000000e+001
      vertex  1.435355e+001 -1.485355e+001  1.000000e+001
    endloop
  endfacet
  facet normal  0.000000e+000  0.000000e+000  1.000000e+000
    outer loop
      vertex  1.435355e+001 -1.314645e+001  1.000000e+001
      vertex  1.435355e+001 -1.485355e+001  1.000000e+001
      vertex  1.441574e+001 -1.322221e+001  1.000000e+001
    endloop
  endfacet
  facet normal  0.000000e+000  0.000000e+000  1.000000e+000
    outer loop
      vertex  1.441574e+001 -1.322221e+001  1.000000e+001
      vertex  1.435355e+001 -1.485355e+001  1.000000e+001
      vertex  1.441574e+001 -1.477779e+001  1.000000e+001
    endloop
  endfacet
  facet normal  0.000000e+000  0.000000e+000  1.000000e+000
    outer loop
      vertex  1.441574e+001 -1.322221e+001  1.000000e+001
      vertex  1.441574e+001 -1.477779e+001  1.000000e+001
      vertex  1.446194e+001 -1.330866e+001  1.000000e+001
    endloop
  endfacet
  facet normal  0.000000e+000  0.000000e+000  1.000000e+000
    outer loop
      vertex  1.446194e+001 -1.330866e+001  1.000000e+001
      vertex  1.441574e+001 -1.477779e+001  1.000000e+001
      vertex  1.446194e+001 -1.469134e+001  1.000000e+001
    endloop
  endfacet
  facet normal  0.000000e+000  0.000000e+000  1.000000e+000
    outer loop
      vertex  1.446194e+001 -1.330866e+001  1.000000e+001
      vertex  1.446194e+001 -1.469134e+001  1.000000e+001
      vertex  1.449039e+001 -1.340245e+001  1.000000e+001
    endloop
  endfacet
  facet normal  0.000000e+000  0.000000e+000  1.000000e+000
    outer loop
      vertex  1.449039e+001 -1.340245e+001  1.000000e+001
      vertex  1.446194e+001 -1.469134e+001  1.000000e+001
      vertex  1.449039e+001 -1.459755e+001  1.000000e+001
    endloop
  endfacet
  facet normal  0.000000e+000  0.000000e+000  1.000000e+000
    outer loop
      vertex  1.449039e+001 -1.340245e+001  1.000000e+001
      vertex  1.449039e+001 -1.459755e+001  1.000000e+001
      vertex  1.450000e+001 -1.450000e+001  1.000000e+001
    endloop
  endfacet
  facet normal  0.000000e+000  1.000000e+000  0.000000e+000
    outer loop
      vertex  9.000000e+000 -8.000000e+000  0.000000e+000
      vertex  8.000000e+000 -8.000000e+000  0.000000e+000
      vertex  9.000000e+000 -8.000000e+000  1.000000e+001
    endloop
  endfacet
  facet normal  0.000000e+000  1.000000e+000  0.000000e+000
    outer loop
      vertex  9.000000e+000 -8.000000e+000  1.000000e+001
      vertex  8.000000e+000 -8.000000e+000  0.000000e+000
      vertex  8.000000e+000 -8.000000e+000  1.000000e+001
    endloop
  endfacet
  facet normal -9.999999e-001  -0.000000e+000  0.000000e+000
    outer loop
      vertex  7.500000e+000 -1.400000e+001  1.000000e+001
      vertex  7.500000e+000 -8.500000e+000  1.000000e+001
      vertex  7.500000e+000 -1.400000e+001  0.000000e+000
    endloop
  endfacet
  facet normal -9.999999e-001  0.000000e+000  0.000000e+000
    outer loop
      vertex  7.500000e+000 -1.400000e+001  0.000000e+000
      vertex  7.500000e+000 -8.500000e+000  1.000000e+001
      vertex  7.500000e+000 -8.500000e+000  0.000000e+000
    endloop
  endfacet
  facet normal -9.951848e-001  9.801622e-002  0.000000e+000
    outer loop
      vertex  7.500000e+000 -8.500000e+000  0.000000e+000
      vertex  7.500000e+000 -8.500000e+000  1.000000e+001
      vertex  7.509607e+000 -8.402454e+000  0.000000e+000
    endloop
  endfacet
  facet normal -9.951848e-001  9.801622e-002  0.000000e+000
    outer loop
      vertex  7.509607e+000 -8.402454e+000  0.000000e+000
      vertex  7.500000e+000 -8.500000e+000  1.000000e+001
      vertex  7.509607e+000 -8.402454e+000  1.000000e+001
    endloop
  endfacet
  facet normal -9.569396e-001  2.902869e-001  0.000000e+000
    outer loop
      vertex  7.509607e+000 -8.402454e+000  0.000000e+000
      vertex  7.509607e+000 -8.402454e+000  1.000000e+001
      vertex  7.538060e+000 -8.308659e+000  0.000000e+000
    endloop
  endfacet
  facet normal -9.569396e-001  2.902869e-001  0.000000e+000
    outer loop
      vertex  7.538060e+000 -8.308659e+000  0.000000e+000
      vertex  7.509607e+000 -8.402454e+000  1.000000e+001
      vertex  7.538060e+000 -8.308659e+000  1.000000e+001
    endloop
  endfacet
  facet normal -8.819220e-001  4.713953e-001  0.000000e+000
    outer loop
      vertex  7.538060e+000 -8.308659e+000  0.000000e+000
      vertex  7.538060e+000 -8.308659e+000  1.000000e+001
      vertex  7.584265e+000 -8.222215e+000  0.000000e+000
    endloop
  endfacet
  facet normal -8.819220e-001  4.713953e-001  0.000000e+000
    outer loop
      vertex  7.584265e+000 -8.222215e+000  0.000000e+000
      vertex  7.538060e+000 -8.308659e+000  1.000000e+001
      vertex  7.584265e+000 -8.222215e+000  1.000000e+001
    endloop
  endfacet
  facet normal -7.730110e-001  6.343927e-001  0.000000e+000
    outer loop
      vertex  7.584265e+000 -8.222215e+000  0.000000e+000
      vertex  7.584265e+000 -8.222215e+000  1.000000e+001
      vertex  7.646447e+000 -8.146446e+000  0.000000e+000
    endloop
  endfacet
  facet normal -7.730110e-001  6.343927e-001  0.000000e+000
    outer loop
      vertex  7.646447e+000 -8.146446e+000  0.000000e+000
      vertex  7.584265e+000 -8.222215e+000  1.000000e+001
      vertex  7.646447e+000 -8.146446e+000  1.000000e+001
    endloop
  endfacet
  facet normal -6.343951e-001  7.730090e-001  0.000000e+000
    outer loop
      vertex  7.646447e+000 -8.146446e+000  0.000000e+000
      vertex  7.646447e+000 -8.146446e+000  1.000000e+001
      vertex  7.722215e+000 -8.084265e+000  0.000000e+000
    endloop
  endfacet
  facet normal -6.343951e-001  7.730090e-001  0.000000e+000
    outer loop
      vertex  7.722215e+000 -8.084265e+000  0.000000e+000
      vertex  7.646447e+000 -8.146446e+000  1.000000e+001
      vertex  7.722215e+000 -8.084265e+000  1.000000e+001
    endloop
  endfacet
  facet normal -4.713935e-001  8.819229e-001  0.000000e+000
    outer loop
      vertex  7.722215e+000 -8.084265e+000  0.000000e+000
      vertex  7.722215e+000 -8.084265e+000  1.000000e+001
      vertex  7.808658e+000 -8.038060e+000  0.000000e+000
    endloop
  endfacet
  facet normal -4.713935e-001  8.819229e-001  0.000000e+000
    outer loop
      vertex  7.808658e+000 -8.038060e+000  0.000000e+000
      vertex  7.722215e+000 -8.084265e+000  1.000000e+001
      vertex  7.808658e+000 -8.038060e+000  1.000000e+001
    endloop
  endfacet
  facet normal -2.902842e-001  9.569405e-001  0.000000e+000
    outer loop
      vertex  7.808658e+000 -8.038060e+000  0.000000e+000
      vertex  7.808658e+000 -8.038060e+000  1.000000e+001
      vertex  7.902455e+000 -8.009607e+000  0.000000e+000
    endloop
  endfacet
  facet normal -2.902842e-001  9.569405e-001  0.000000e+000
    outer loop
      vertex  7.902455e+000 -8.009607e+000  0.000000e+000
      vertex  7.808658e+000 -8.038060e+000  1.000000e+001
      vertex  7.902455e+000 -8.009607e+000  1.000000e+001
    endloop
  endfacet
  facet normal -9.801670e-002  9.951848e-001  0.000000e+000
    outer loop
      vertex  7.902455e+000 -8.009607e+000  0.000000e+000
      vertex  7.902455e+000 -8.009607e+000  1.000000e+001
      vertex  8.000000e+000 -8.000000e+000  0.000000e+000
    endloop
  endfacet
  facet normal -9.801670e-002  9.951848e-001  0.000000e+000
    outer loop
      vertex  8.000000e+000 -8.000000e+000  0.000000e+000
      vertex  7.902455e+000 -8.009607e+000  1.000000e+001
      vertex  8.000000e+000 -8.000000e+000  1.000000e+001
    endloop
  endfacet
  facet normal  1.000000e+000  0.000000e+000  0.000000e+000
    outer loop
      vertex  9.500000e+000 -1.250000e+001  1.000000e+001
      vertex  9.500000e+000 -1.250000e+001  0.000000e+000
      vertex  9.500000e+000 -8.500000e+000  1.000000e+001
    endloop
  endfacet
  facet normal  1.000000e+000  0.000000e+000  0.000000e+000
    outer loop
      vertex  9.500000e+000 -8.500000e+000  1.000000e+001
      vertex  9.500000e+000 -1.250000e+001  0.000000e+000
      vertex  9.500000e+000 -8.500000e+000  0.000000e+000
    endloop
  endfacet
  facet normal  0.000000e+000  1.000000e+000  0.000000e+000
    outer loop
      vertex  1.400000e+001 -1.300000e+001  0.000000e+000
      vertex  1.000000e+001 -1.300000e+001  0.000000e+000
      vertex  1.400000e+001 -1.300000e+001  1.000000e+001
    endloop
  endfacet
  facet normal  0.000000e+000  1.000000e+000  0.000000e+000
    outer loop
      vertex  1.400000e+001 -1.300000e+001  1.000000e+001
      vertex  1.000000e+001 -1.300000e+001  0.000000e+000
      vertex  1.000000e+001 -1.300000e+001  1.000000e+001
    endloop
  endfacet
  facet normal  6.343927e-001  7.730110e-001  0.000000e+000
    outer loop
      vertex  9.646446e+000 -1.285355e+001  0.000000e+000
      vertex  9.722215e+000 -1.291574e+001  1.000000e+001
      vertex  9.722215e+000 -1.291574e+001  0.000000e+000
    endloop
  endfacet
  facet normal  4.713915e-001  8.819241e-001  -0.000000e+000
    outer loop
      vertex  9.722215e+000 -1.291574e+001  0.000000e+000
      vertex  9.722215e+000 -1.291574e+001  1.000000e+001
      vertex  9.808659e+000 -1.296194e+001  1.000000e+001
    endloop
  endfacet
  facet normal  4.713915e-001  8.819241e-001  0.000000e+000
    outer loop
      vertex  9.722215e+000 -1.291574e+001  0.000000e+000
      vertex  9.808659e+000 -1.296194e+001  1.000000e+001
      vertex  9.808659e+000 -1.296194e+001  0.000000e+000
    endloop
  endfacet
  facet normal  2.902869e-001  9.569396e-001  -0.000000e+000
    outer loop
      vertex  9.808659e+000 -1.296194e+001  0.000000e+000
      vertex  9.808659e+000 -1.296194e+001  1.000000e+001
      vertex  9.902454e+000 -1.299039e+001  1.000000e+001
    endloop
  endfacet
  facet normal  2.902869e-001  9.569396e-001  0.000000e+000
    outer loop
      vertex  9.808659e+000 -1.296194e+001  0.000000e+000
      vertex  9.902454e+000 -1.299039e+001  1.000000e+001
      vertex  9.902454e+000 -1.299039e+001  0.000000e+000
    endloop
  endfacet
  facet normal  9.801622e-002  9.951848e-001  -0.000000e+000
    outer loop
      vertex  9.902454e+000 -1.299039e+001  0.000000e+000
      vertex  9.902454e+000 -1.299039e+001  1.000000e+001
      vertex  1.000000e+001 -1.300000e+001  1.000000e+001
    endloop
  endfacet
  facet normal  9.801622e-002  9.951848e-001  0.000000e+000
    outer loop
      vertex  9.902454e+000 -1.299039e+001  0.000000e+000
      vertex  1.000000e+001 -1.300000e+001  1.000000e+001
      vertex  1.000000e+001 -1.300000e+001  0.000000e+000
    endloop
  endfacet
  facet normal  6.343927e-001  7.730110e-001  -0.000000e+000
    outer loop
      vertex  9.722215e+000 -1.291574e+001  1.000000e+001
      vertex  9.646446e+000 -1.285355e+001  0.000000e+000
      vertex  9.646446e+000 -1.285355e+001  1.000000e+001
    endloop
  endfacet
  facet normal  7.730110e-001  6.343927e-001  0.000000e+000
    outer loop
      vertex  9.646446e+000 -1.285355e+001  1.000000e+001
      vertex  9.646446e+000 -1.285355e+001  0.000000e+000
      vertex  9.584265e+000 -1.277779e+001  0.000000e+000
    endloop
  endfacet
  facet normal  7.730110e-001  6.343927e-001  -0.000000e+000
    outer loop
      vertex  9.646446e+000 -1.285355e+001  1.000000e+001
      vertex  9.584265e+000 -1.277779e+001  0.000000e+000
      vertex  9.584265e+000 -1.277779e+001  1.000000e+001
    endloop
  endfacet
  facet normal  8.819241e-001  4.713915e-001  0.000000e+000
    outer loop
      vertex  9.584265e+000 -1.277779e+001  1.000000e+001
      vertex  9.584265e+000 -1.277779e+001  0.000000e+000
      vertex  9.538060e+000 -1.269134e+001  0.000000e+000
    endloop
  endfacet
  facet normal  8.819241e-001  4.713915e-001  -0.000000e+000
    outer loop
      vertex  9.584265e+000 -1.277779e+001  1.000000e+001
      vertex  9.538060e+000 -1.269134e+001  0.000000e+000
      vertex  9.538060e+000 -1.269134e+001  1.000000e+001
    endloop
  endfacet
  facet normal  9.569396e-001  2.902869e-001  0.000000e+000
    outer loop
      vertex  9.538060e+000 -1.269134e+001  1.000000e+001
      vertex  9.538060e+000 -1.269134e+001  0.000000e+000
      vertex  9.509607e+000 -1.259755e+001  0.000000e+000
    endloop
  endfacet
  facet normal  9.569396e-001  2.902869e-001  -0.000000e+000
    outer loop
      vertex  9.538060e+000 -1.269134e+001  1.000000e+001
      vertex  9.509607e+000 -1.259755e+001  0.000000e+000
      vertex  9.509607e+000 -1.259755e+001  1.000000e+001
    endloop
  endfacet
  facet normal  9.951848e-001  9.801622e-002  0.000000e+000
    outer loop
      vertex  9.509607e+000 -1.259755e+001  1.000000e+001
      vertex  9.509607e+000 -1.259755e+001  0.000000e+000
      vertex  9.500000e+000 -1.250000e+001  0.000000e+000
    endloop
  endfacet
  facet normal  9.951848e-001  9.801622e-002  -0.000000e+000
    outer loop
      vertex  9.509607e+000 -1.259755e+001  1.000000e+001
      vertex  9.500000e+000 -1.250000e+001  0.000000e+000
      vertex  9.500000e+000 -1.250000e+001  1.000000e+001
    endloop
  endfacet
  facet normal  9.999999e-001  -0.000000e+000  0.000000e+000
    outer loop
      vertex -7.500000e+000  1.400000e+001  1.000000e+001
      vertex -7.500000e+000  8.500000e+000  1.000000e+001
      vertex -7.500000e+000  1.400000e+001  0.000000e+000
    endloop
  endfacet
  facet normal  9.999999e-001  0.000000e+000  0.000000e+000
    outer loop
      vertex -7.500000e+000  1.400000e+001  0.000000e+000
      vertex -7.500000e+000  8.500000e+000  1.000000e+001
      vertex -7.500000e+000  8.500000e+000  0.000000e+000
    endloop
  endfacet
  facet normal  0.000000e+000 -1.000000e+000  0.000000e+000
    outer loop
      vertex -9.500000e+000  8.000000e+000  0.000000e+000
      vertex -8.000000e+000  8.000000e+000  0.000000e+000
      vertex -9.500000e+000  8.000000e+000  1.000000e+001
    endloop
  endfacet
  facet normal  0.000000e+000 -1.000000e+000  0.000000e+000
    outer loop
      vertex -9.500000e+000  8.000000e+000  1.000000e+001
      vertex -8.000000e+000  8.000000e+000  0.000000e+000
      vertex -8.000000e+000  8.000000e+000  1.000000e+001
    endloop
  endfacet
  facet normal  9.951848e-001 -9.801622e-002  0.000000e+000
    outer loop
      vertex -7.500000e+000  8.500000e+000  0.000000e+000
      vertex -7.500000e+000  8.500000e+000  1.000000e+001
      vertex -7.509607e+000  8.402454e+000  0.000000e+000
    endloop
  endfacet
  facet normal  9.951848e-001 -9.801622e-002  0.000000e+000
    outer loop
      vertex -7.509607e+000  8.402454e+000  0.000000e+000
      vertex -7.500000e+000  8.500000e+000  1.000000e+001
      vertex -7.509607e+000  8.402454e+000  1.000000e+001
    endloop
  endfacet
  facet normal  9.569396e-001 -2.902869e-001  0.000000e+000
    outer loop
      vertex -7.509607e+000  8.402454e+000  0.000000e+000
      vertex -7.509607e+000  8.402454e+000  1.000000e+001
      vertex -7.538060e+000  8.308659e+000  0.000000e+000
    endloop
  endfacet
  facet normal  9.569396e-001 -2.902869e-001  0.000000e+000
    outer loop
      vertex -7.538060e+000  8.308659e+000  0.000000e+000
      vertex -7.509607e+000  8.402454e+000  1.000000e+001
      vertex -7.538060e+000  8.308659e+000  1.000000e+001
    endloop
  endfacet
  facet normal  8.819220e-001 -4.713953e-001  0.000000e+000
    outer loop
      vertex -7.538060e+000  8.308659e+000  0.000000e+000
      vertex -7.538060e+000  8.308659e+000  1.000000e+001
      vertex -7.584265e+000  8.222215e+000  0.000000e+000
    endloop
  endfacet
  facet normal  8.819220e-001 -4.713953e-001  0.000000e+000
    outer loop
      vertex -7.584265e+000  8.222215e+000  0.000000e+000
      vertex -7.538060e+000  8.308659e+000  1.000000e+001
      vertex -7.584265e+000  8.222215e+000  1.000000e+001
    endloop
  endfacet
  facet normal  7.730110e-001 -6.343927e-001  0.000000e+000
    outer loop
      vertex -7.584265e+000  8.222215e+000  0.000000e+000
      vertex -7.584265e+000  8.222215e+000  1.000000e+001
      vertex -7.646447e+000  8.146446e+000  0.000000e+000
    endloop
  endfacet
  facet normal  7.730110e-001 -6.343927e-001  0.000000e+000
    outer loop
      vertex -7.646447e+000  8.146446e+000  0.000000e+000
      vertex -7.584265e+000  8.222215e+000  1.000000e+001
      vertex -7.646447e+000  8.146446e+000  1.000000e+001
    endloop
  endfacet
  facet normal  6.343951e-001 -7.730090e-001  0.000000e+000
    outer loop
      vertex -7.646447e+000  8.146446e+000  0.000000e+000
      vertex -7.646447e+000  8.146446e+000  1.000000e+001
      vertex -7.722215e+000  8.084265e+000  0.000000e+000
    endloop
  endfacet
  facet normal  6.343951e-001 -7.730090e-001  0.000000e+000
    outer loop
      vertex -7.722215e+000  8.084265e+000  0.000000e+000
      vertex -7.646447e+000  8.146446e+000  1.000000e+001
      vertex -7.722215e+000  8.084265e+000  1.000000e+001
    endloop
  endfacet
  facet normal  4.713935e-001 -8.819229e-001  0.000000e+000
    outer loop
      vertex -7.722215e+000  8.084265e+000  0.000000e+000
      vertex -7.722215e+000  8.084265e+000  1.000000e+001
      vertex -7.808658e+000  8.038060e+000  0.000000e+000
    endloop
  endfacet
  facet normal  4.713935e-001 -8.819229e-001  0.000000e+000
    outer loop
      vertex -7.808658e+000  8.038060e+000  0.000000e+000
      vertex -7.722215e+000  8.084265e+000  1.000000e+001
      vertex -7.808658e+000  8.038060e+000  1.000000e+001
    endloop
  endfacet
  facet normal  2.902842e-001 -9.569405e-001  0.000000e+000
    outer loop
      vertex -7.808658e+000  8.038060e+000  0.000000e+000
      vertex -7.808658e+000  8.038060e+000  1.000000e+001
      vertex -7.902455e+000  8.009607e+000  0.000000e+000
    endloop
  endfacet
  facet normal  2.902842e-001 -9.569405e-001  0.000000e+000
    outer loop
      vertex -7.902455e+000  8.009607e+000  0.000000e+000
      vertex -7.808658e+000  8.038060e+000  1.000000e+001
      vertex -7.902455e+000  8.009607e+000  1.000000e+001
    endloop
  endfacet
  facet normal  9.801670e-002 -9.951848e-001  0.000000e+000
    outer loop
      vertex -7.902455e+000  8.009607e+000  0.000000e+000
      vertex -7.902455e+000  8.009607e+000  1.000000e+001
      vertex -8.000000e+000  8.000000e+000  0.000000e+000
    endloop
  endfacet
  facet normal  9.801670e-002 -9.951848e-001  0.000000e+000
    outer loop
      vertex -8.000000e+000  8.000000e+000  0.000000e+000
      vertex -7.902455e+000  8.009607e+000  1.000000e+001
      vertex -8.000000e+000  8.000000e+000  1.000000e+001
    endloop
  endfacet
  facet normal  0.000000e+000  0.000000e+000  1.000000e+000
    outer loop
      vertex -5.000000e-001 -2.650000e+001  1.000000e+001
      vertex -5.000000e-001 -2.550000e+001  1.000000e+001
      vertex -5.096074e-001 -2.540245e+001  1.000000e+001
    endloop
  endfacet
  facet normal  0.000000e+000  0.000000e+000  1.000000e+000
    outer loop
      vertex -7.500000e+000 -2.400000e+001  1.000000e+001
      vertex -7.427051e+000 -2.685317e+001  1.000000e+001
      vertex -7.480785e+000 -2.419509e+001  1.000000e+001
    endloop
  endfacet
  facet normal  0.000000e+000  -0.000000e+000  1.000000e+000
    outer loop
      vertex -7.480785e+000 -2.419509e+001  1.000000e+001
      vertex -7.427051e+000 -2.685317e+001  1.000000e+001
      vertex -7.423880e+000 -2.438268e+001  1.000000e+001
    endloop
  endfacet
  facet normal  0.000000e+000  -0.000000e+000  1.000000e+000
    outer loop
      vertex -6.500000e+000 -2.700000e+001  1.000000e+001
      vertex -1.000000e+000 -2.700000e+001  1.000000e+001
      vertex -1.000000e+000 -2.500000e+001  1.000000e+001
    endloop
  endfacet
  facet normal  0.000000e+000  0.000000e+000  1.000000e+000
    outer loop
      vertex -6.500000e+000 -2.700000e+001  1.000000e+001
      vertex -1.000000e+000 -2.500000e+001  1.000000e+001
      vertex -6.500000e+000 -2.500000e+001  1.000000e+001
    endloop
  endfacet
  facet normal  0.000000e+000  0.000000e+000  1.000000e+000
    outer loop
      vertex -6.500000e+000 -2.700000e+001  1.000000e+001
      vertex -6.500000e+000 -2.500000e+001  1.000000e+001
      vertex -6.695090e+000 -2.498079e+001  1.000000e+001
    endloop
  endfacet
  facet normal  0.000000e+000  0.000000e+000  9.999999e-001
    outer loop
      vertex -6.500000e+000 -2.700000e+001  1.000000e+001
      vertex -6.695090e+000 -2.498079e+001  1.000000e+001
      vertex -6.882683e+000 -2.492388e+001  1.000000e+001
    endloop
  endfacet
  facet normal  0.000000e+000  0.000000e+000  1.000000e+000
    outer loop
      vertex -6.500000e+000 -2.700000e+001  1.000000e+001
      vertex -6.882683e+000 -2.492388e+001  1.000000e+001
      vertex -7.055570e+000 -2.483147e+001  1.000000e+001
    endloop
  endfacet
  facet normal  0.000000e+000  0.000000e+000  9.999999e-001
    outer loop
      vertex -6.500000e+000 -2.700000e+001  1.000000e+001
      vertex -7.055570e+000 -2.483147e+001  1.000000e+001
      vertex -6.969304e+000 -2.696306e+001  1.000000e+001
    endloop
  endfacet
  facet normal  -0.000000e+000  0.000000e+000  1.000000e+000
    outer loop
      vertex -8.000000e+000 -1.800000e+001  1.000000e+001
      vertex -9.500000e+000 -1.800000e+001  1.000000e+001
      vertex -9.500000e+000 -2.400000e+001  1.000000e+001
    endloop
  endfacet
  facet normal  -0.000000e+000  0.000000e+000  1.000000e+000
    outer loop
      vertex -8.000000e+000 -1.800000e+001  1.000000e+001
      vertex -9.500000e+000 -2.400000e+001  1.000000e+001
      vertex -9.463065e+000 -2.446930e+001  1.000000e+001
    endloop
  endfacet
  facet normal  -0.000000e+000  0.000000e+000  1.000000e+000
    outer loop
      vertex -8.000000e+000 -1.800000e+001  1.000000e+001
      vertex -9.463065e+000 -2.446930e+001  1.000000e+001
      vertex -9.353169e+000 -2.492705e+001  1.000000e+001
    endloop
  endfacet
  facet normal  -0.000000e+000  0.000000e+000  1.000000e+000
    outer loop
      vertex -8.000000e+000 -1.800000e+001  1.000000e+001
      vertex -9.353169e+000 -2.492705e+001  1.000000e+001
      vertex -9.173019e+000 -2.536197e+001  1.000000e+001
    endloop
  endfacet
  facet normal  -0.000000e+000  0.000000e+000  1.000000e+000
    outer loop
      vertex -8.000000e+000 -1.800000e+001  1.000000e+001
      vertex -9.173019e+000 -2.536197e+001  1.000000e+001
      vertex -8.927051e+000 -2.576336e+001  1.000000e+001
    endloop
  endfacet
  facet normal  -0.000000e+000  0.000000e+000  1.000000e+000
    outer loop
      vertex -8.000000e+000 -1.800000e+001  1.000000e+001
      vertex -8.927051e+000 -2.576336e+001  1.000000e+001
      vertex -8.621321e+000 -2.612132e+001  1.000000e+001
    endloop
  endfacet
  facet normal  -0.000000e+000  0.000000e+000  9.999999e-001
    outer loop
      vertex -8.000000e+000 -1.800000e+001  1.000000e+001
      vertex -8.621321e+000 -2.612132e+001  1.000000e+001
      vertex -8.263356e+000 -2.642705e+001  1.000000e+001
    endloop
  endfacet
  facet normal  -0.000000e+000  0.000000e+000  1.000000e+000
    outer loop
      vertex -8.000000e+000 -1.800000e+001  1.000000e+001
      vertex -8.263356e+000 -2.642705e+001  1.000000e+001
      vertex -7.861971e+000 -2.667302e+001  1.000000e+001
    endloop
  endfacet
  facet normal  0.000000e+000  0.000000e+000  1.000000e+000
    outer loop
      vertex -8.000000e+000 -1.800000e+001  1.000000e+001
      vertex -7.861971e+000 -2.667302e+001  1.000000e+001
      vertex -7.902455e+000 -1.800961e+001  1.000000e+001
    endloop
  endfacet
  facet normal  0.000000e+000  0.000000e+000  9.999999e-001
    outer loop
      vertex -7.861971e+000 -2.667302e+001  1.000000e+001
      vertex -7.427051e+000 -2.685317e+001  1.000000e+001
      vertex -7.500000e+000 -2.400000e+001  1.000000e+001
    endloop
  endfacet
  facet normal  0.000000e+000  -0.000000e+000  1.000000e+000
    outer loop
      vertex -7.861971e+000 -2.667302e+001  1.000000e+001
      vertex -7.500000e+000 -2.400000e+001  1.000000e+001
      vertex -7.500000e+000 -1.850000e+001  1.000000e+001
    endloop
  endfacet
  facet normal  0.000000e+000  0.000000e+000  1.000000e+000
    outer loop
      vertex -7.861971e+000 -2.667302e+001  1.000000e+001
      vertex -7.500000e+000 -1.850000e+001  1.000000e+001
      vertex -7.509607e+000 -1.840245e+001  1.000000e+001
    endloop
  endfacet
  facet normal  0.000000e+000  0.000000e+000  1.000000e+000
    outer loop
      vertex -7.861971e+000 -2.667302e+001  1.000000e+001
      vertex -7.509607e+000 -1.840245e+001  1.000000e+001
      vertex -7.538060e+000 -1.830866e+001  1.000000e+001
    endloop
  endfacet
  facet normal  0.000000e+000  0.000000e+000  1.000000e+000
    outer loop
      vertex -7.861971e+000 -2.667302e+001  1.000000e+001
      vertex -7.538060e+000 -1.830866e+001  1.000000e+001
      vertex -7.584265e+000 -1.822222e+001  1.000000e+001
    endloop
  endfacet
  facet normal  0.000000e+000  0.000000e+000  1.000000e+000
    outer loop
      vertex -7.861971e+000 -2.667302e+001  1.000000e+001
      vertex -7.584265e+000 -1.822222e+001  1.000000e+001
      vertex -7.646447e+000 -1.814645e+001  1.000000e+001
    endloop
  endfacet
  facet normal  0.000000e+000  0.000000e+000  9.999999e-001
    outer loop
      vertex -7.861971e+000 -2.667302e+001  1.000000e+001
      vertex -7.646447e+000 -1.814645e+001  1.000000e+001
      vertex -7.722215e+000 -1.808426e+001  1.000000e+001
    endloop
  endfacet
  facet normal  0.000000e+000  0.000000e+000  1.000000e+000
    outer loop
      vertex -7.861971e+000 -2.667302e+001  1.000000e+001
      vertex -7.722215e+000 -1.808426e+001  1.000000e+001
      vertex -7.808658e+000 -1.803806e+001  1.000000e+001
    endloop
  endfacet
  facet normal  0.000000e+000  0.000000e+000  1.000000e+000
    outer loop
      vertex -7.861971e+000 -2.667302e+001  1.000000e+001
      vertex -7.808658e+000 -1.803806e+001  1.000000e+001
      vertex -7.902455e+000 -1.800961e+001  1.000000e+001
    endloop
  endfacet
  facet normal  0.000000e+000  0.000000e+000  9.999999e-001
    outer loop
      vertex -6.969304e+000 -2.696306e+001  1.000000e+001
      vertex -7.055570e+000 -2.483147e+001  1.000000e+001
      vertex -7.207107e+000 -2.470711e+001  1.000000e+001
    endloop
  endfacet
  facet normal  0.000000e+000  0.000000e+000  1.000000e+000
    outer loop
      vertex -6.969304e+000 -2.696306e+001  1.000000e+001
      vertex -7.207107e+000 -2.470711e+001  1.000000e+001
      vertex -7.331470e+000 -2.455557e+001  1.000000e+001
    endloop
  endfacet
  facet normal  0.000000e+000  0.000000e+000  1.000000e+000
    outer loop
      vertex -6.969304e+000 -2.696306e+001  1.000000e+001
      vertex -7.331470e+000 -2.455557e+001  1.000000e+001
      vertex -7.423880e+000 -2.438268e+001  1.000000e+001
    endloop
  endfacet
  facet normal  0.000000e+000  0.000000e+000  1.000000e+000
    outer loop
      vertex -6.969304e+000 -2.696306e+001  1.000000e+001
      vertex -7.423880e+000 -2.438268e+001  1.000000e+001
      vertex -7.427051e+000 -2.685317e+001  1.000000e+001
    endloop
  endfacet
  facet normal  0.000000e+000  0.000000e+000  1.000000e+000
    outer loop
      vertex -1.000000e+000 -2.500000e+001  1.000000e+001
      vertex -1.000000e+000 -2.700000e+001  1.000000e+001
      vertex -9.024549e-001 -2.500961e+001  1.000000e+001
    endloop
  endfacet
  facet normal  0.000000e+000  0.000000e+000  9.999999e-001
    outer loop
      vertex -9.024549e-001 -2.500961e+001  1.000000e+001
      vertex -1.000000e+000 -2.700000e+001  1.000000e+001
      vertex -9.024549e-001 -2.699039e+001  1.000000e+001
    endloop
  endfacet
  facet normal  0.000000e+000  0.000000e+000  1.000000e+000
    outer loop
      vertex -9.024549e-001 -2.500961e+001  1.000000e+001
      vertex -9.024549e-001 -2.699039e+001  1.000000e+001
      vertex -8.086583e-001 -2.503806e+001  1.000000e+001
    endloop
  endfacet
  facet normal  0.000000e+000  0.000000e+000  1.000000e+000
    outer loop
      vertex -8.086583e-001 -2.503806e+001  1.000000e+001
      vertex -9.024549e-001 -2.699039e+001  1.000000e+001
      vertex -8.086583e-001 -2.696194e+001  1.000000e+001
    endloop
  endfacet
  facet normal  0.000000e+000  0.000000e+000  1.000000e+000
    outer loop
      vertex -8.086583e-001 -2.503806e+001  1.000000e+001
      vertex -8.086583e-001 -2.696194e+001  1.000000e+001
      vertex -7.222149e-001 -2.508426e+001  1.000000e+001
    endloop
  endfacet
  facet normal  0.000000e+000  0.000000e+000  1.000000e+000
    outer loop
      vertex -7.222149e-001 -2.508426e+001  1.000000e+001
      vertex -8.086583e-001 -2.696194e+001  1.000000e+001
      vertex -7.222149e-001 -2.691574e+001  1.000000e+001
    endloop
  endfacet
  facet normal  0.000000e+000  0.000000e+000  1.000000e+000
    outer loop
      vertex -7.222149e-001 -2.508426e+001  1.000000e+001
      vertex -7.222149e-001 -2.691574e+001  1.000000e+001
      vertex -6.464466e-001 -2.514645e+001  1.000000e+001
    endloop
  endfacet
  facet normal  0.000000e+000  0.000000e+000  1.000000e+000
    outer loop
      vertex -6.464466e-001 -2.514645e+001  1.000000e+001
      vertex -7.222149e-001 -2.691574e+001  1.000000e+001
      vertex -6.464466e-001 -2.685355e+001  1.000000e+001
    endloop
  endfacet
  facet normal  0.000000e+000  0.000000e+000  9.999999e-001
    outer loop
      vertex -6.464466e-001 -2.514645e+001  1.000000e+001
      vertex -6.464466e-001 -2.685355e+001  1.000000e+001
      vertex -5.842652e-001 -2.522222e+001  1.000000e+001
    endloop
  endfacet
  facet normal  0.000000e+000  0.000000e+000  1.000000e+000
    outer loop
      vertex -5.842652e-001 -2.522222e+001  1.000000e+001
      vertex -6.464466e-001 -2.685355e+001  1.000000e+001
      vertex -5.842652e-001 -2.677778e+001  1.000000e+001
    endloop
  endfacet
  facet normal  0.000000e+000  0.000000e+000  1.000000e+000
    outer loop
      vertex -5.842652e-001 -2.522222e+001  1.000000e+001
      vertex -5.842652e-001 -2.677778e+001  1.000000e+001
      vertex -5.380602e-001 -2.530866e+001  1.000000e+001
    endloop
  endfacet
  facet normal  0.000000e+000  0.000000e+000  1.000000e+000
    outer loop
      vertex -5.380602e-001 -2.530866e+001  1.000000e+001
      vertex -5.842652e-001 -2.677778e+001  1.000000e+001
      vertex -5.380602e-001 -2.669134e+001  1.000000e+001
    endloop
  endfacet
  facet normal  0.000000e+000  0.000000e+000  1.000000e+000
    outer loop
      vertex -5.380602e-001 -2.530866e+001  1.000000e+001
      vertex -5.380602e-001 -2.669134e+001  1.000000e+001
      vertex -5.096074e-001 -2.540245e+001  1.000000e+001
    endloop
  endfacet
  facet normal  0.000000e+000  0.000000e+000  1.000000e+000
    outer loop
      vertex -5.096074e-001 -2.540245e+001  1.000000e+001
      vertex -5.380602e-001 -2.669134e+001  1.000000e+001
      vertex -5.096074e-001 -2.659755e+001  1.000000e+001
    endloop
  endfacet
  facet normal  0.000000e+000  0.000000e+000  1.000000e+000
    outer loop
      vertex -5.096074e-001 -2.540245e+001  1.000000e+001
      vertex -5.096074e-001 -2.659755e+001  1.000000e+001
      vertex -5.000000e-001 -2.650000e+001  1.000000e+001
    endloop
  endfacet
  facet normal  0.000000e+000  1.000000e+000  0.000000e+000
    outer loop
      vertex -8.000000e+000 -1.800000e+001  0.000000e+000
      vertex -9.500000e+000 -1.800000e+001  0.000000e+000
      vertex -8.000000e+000 -1.800000e+001  1.000000e+001
    endloop
  endfacet
  facet normal  0.000000e+000  1.000000e+000  0.000000e+000
    outer loop
      vertex -8.000000e+000 -1.800000e+001  1.000000e+001
      vertex -9.500000e+000 -1.800000e+001  0.000000e+000
      vertex -9.500000e+000 -1.800000e+001  1.000000e+001
    endloop
  endfacet
  facet normal  9.999999e-001  -0.000000e+000  0.000000e+000
    outer loop
      vertex -7.500000e+000 -1.850000e+001  1.000000e+001
      vertex -7.500000e+000 -2.400000e+001  1.000000e+001
      vertex -7.500000e+000 -1.850000e+001  0.000000e+000
    endloop
  endfacet
  facet normal  9.999999e-001  0.000000e+000  0.000000e+000
    outer loop
      vertex -7.500000e+000 -1.850000e+001  0.000000e+000
      vertex -7.500000e+000 -2.400000e+001  1.000000e+001
      vertex -7.500000e+000 -2.400000e+001  0.000000e+000
    endloop
  endfacet
  facet normal  9.801670e-002  9.951848e-001  0.000000e+000
    outer loop
      vertex -8.000000e+000 -1.800000e+001  0.000000e+000
      vertex -8.000000e+000 -1.800000e+001  1.000000e+001
      vertex -7.902455e+000 -1.800961e+001  0.000000e+000
    endloop
  endfacet
  facet normal  9.801670e-002  9.951848e-001  -0.000000e+000
    outer loop
      vertex -7.902455e+000 -1.800961e+001  0.000000e+000
      vertex -8.000000e+000 -1.800000e+001  1.000000e+001
      vertex -7.902455e+000 -1.800961e+001  1.000000e+001
    endloop
  endfacet
  facet normal  2.902931e-001  9.569377e-001  0.000000e+000
    outer loop
      vertex -7.902455e+000 -1.800961e+001  0.000000e+000
      vertex -7.902455e+000 -1.800961e+001  1.000000e+001
      vertex -7.808658e+000 -1.803806e+001  0.000000e+000
    endloop
  endfacet
  facet normal  2.902931e-001  9.569377e-001  -0.000000e+000
    outer loop
      vertex -7.808658e+000 -1.803806e+001  0.000000e+000
      vertex -7.902455e+000 -1.800961e+001  1.000000e+001
      vertex -7.808658e+000 -1.803806e+001  1.000000e+001
    endloop
  endfacet
  facet normal  4.713860e-001  8.819271e-001  0.000000e+000
    outer loop
      vertex -7.808658e+000 -1.803806e+001  0.000000e+000
      vertex -7.808658e+000 -1.803806e+001  1.000000e+001
      vertex -7.722215e+000 -1.808426e+001  0.000000e+000
    endloop
  endfacet
  facet normal  4.713860e-001  8.819271e-001  -0.000000e+000
    outer loop
      vertex -7.722215e+000 -1.808426e+001  0.000000e+000
      vertex -7.808658e+000 -1.803806e+001  1.000000e+001
      vertex -7.722215e+000 -1.808426e+001  1.000000e+001
    endloop
  endfacet
  facet normal  6.343951e-001  7.730090e-001  0.000000e+000
    outer loop
      vertex -7.722215e+000 -1.808426e+001  0.000000e+000
      vertex -7.722215e+000 -1.808426e+001  1.000000e+001
      vertex -7.646447e+000 -1.814645e+001  0.000000e+000
    endloop
  endfacet
  facet normal  6.343951e-001  7.730090e-001  -0.000000e+000
    outer loop
      vertex -7.646447e+000 -1.814645e+001  0.000000e+000
      vertex -7.722215e+000 -1.808426e+001  1.000000e+001
      vertex -7.646447e+000 -1.814645e+001  1.000000e+001
    endloop
  endfacet
  facet normal  7.730150e-001  6.343879e-001  0.000000e+000
    outer loop
      vertex -7.646447e+000 -1.814645e+001  0.000000e+000
      vertex -7.646447e+000 -1.814645e+001  1.000000e+001
      vertex -7.584265e+000 -1.822222e+001  0.000000e+000
    endloop
  endfacet
  facet normal  7.730150e-001  6.343879e-001  -0.000000e+000
    outer loop
      vertex -7.584265e+000 -1.822222e+001  0.000000e+000
      vertex -7.646447e+000 -1.814645e+001  1.000000e+001
      vertex -7.584265e+000 -1.822222e+001  1.000000e+001
    endloop
  endfacet
  facet normal  8.819199e-001  4.713993e-001  0.000000e+000
    outer loop
      vertex -7.584265e+000 -1.822222e+001  0.000000e+000
      vertex -7.584265e+000 -1.822222e+001  1.000000e+001
      vertex -7.538060e+000 -1.830866e+001  0.000000e+000
    endloop
  endfacet
  facet normal  8.819199e-001  4.713993e-001  -0.000000e+000
    outer loop
      vertex -7.538060e+000 -1.830866e+001  0.000000e+000
      vertex -7.584265e+000 -1.822222e+001  1.000000e+001
      vertex -7.538060e+000 -1.830866e+001  1.000000e+001
    endloop
  endfacet
  facet normal  9.569396e-001  2.902869e-001  0.000000e+000
    outer loop
      vertex -7.538060e+000 -1.830866e+001  0.000000e+000
      vertex -7.538060e+000 -1.830866e+001  1.000000e+001
      vertex -7.509607e+000 -1.840245e+001  0.000000e+000
    endloop
  endfacet
  facet normal  9.569396e-001  2.902869e-001  -0.000000e+000
    outer loop
      vertex -7.509607e+000 -1.840245e+001  0.000000e+000
      vertex -7.538060e+000 -1.830866e+001  1.000000e+001
      vertex -7.509607e+000 -1.840245e+001  1.000000e+001
    endloop
  endfacet
  facet normal  9.951848e-001  9.801622e-002  0.000000e+000
    outer loop
      vertex -7.509607e+000 -1.840245e+001  0.000000e+000
      vertex -7.509607e+000 -1.840245e+001  1.000000e+001
      vertex -7.500000e+000 -1.850000e+001  0.000000e+000
    endloop
  endfacet
  facet normal  9.951848e-001  9.801622e-002  -0.000000e+000
    outer loop
      vertex -7.500000e+000 -1.850000e+001  0.000000e+000
      vertex -7.509607e+000 -1.840245e+001  1.000000e+001
      vertex -7.500000e+000 -1.850000e+001  1.000000e+001
    endloop
  endfacet
  facet normal  1.000000e+000  0.000000e+000  0.000000e+000
    outer loop
      vertex -5.000000e-001 -2.650000e+001  0.000000e+000
      vertex -5.000000e-001 -2.550000e+001  0.000000e+000
      vertex -5.000000e-001 -2.650000e+001  1.000000e+001
    endloop
  endfacet
  facet normal  1.000000e+000  -0.000000e+000  0.000000e+000
    outer loop
      vertex -5.000000e-001 -2.650000e+001  1.000000e+001
      vertex -5.000000e-001 -2.550000e+001  0.000000e+000
      vertex -5.000000e-001 -2.550000e+001  1.000000e+001
    endloop
  endfacet
  facet normal  0.000000e+000  9.999999e-001  0.000000e+000
    outer loop
      vertex -6.500000e+000 -2.500000e+001  0.000000e+000
      vertex -6.500000e+000 -2.500000e+001  1.000000e+001
      vertex -1.000000e+000 -2.500000e+001  0.000000e+000
    endloop
  endfacet
  facet normal  0.000000e+000  9.999999e-001  -0.000000e+000
    outer loop
      vertex -1.000000e+000 -2.500000e+001  0.000000e+000
      vertex -6.500000e+000 -2.500000e+001  1.000000e+001
      vertex -1.000000e+000 -2.500000e+001  1.000000e+001
    endloop
  endfacet
  facet normal  9.801670e-002  9.951848e-001  0.000000e+000
    outer loop
      vertex -1.000000e+000 -2.500000e+001  0.000000e+000
      vertex -1.000000e+000 -2.500000e+001  1.000000e+001
      vertex -9.024549e-001 -2.500961e+001  0.000000e+000
    endloop
  endfacet
  facet normal  9.801670e-002  9.951848e-001  -0.000000e+000
    outer loop
      vertex -9.024549e-001 -2.500961e+001  0.000000e+000
      vertex -1.000000e+000 -2.500000e+001  1.000000e+001
      vertex -9.024549e-001 -2.500961e+001  1.000000e+001
    endloop
  endfacet
  facet normal  2.902936e-001  9.569376e-001  0.000000e+000
    outer loop
      vertex -9.024549e-001 -2.500961e+001  0.000000e+000
      vertex -9.024549e-001 -2.500961e+001  1.000000e+001
      vertex -8.086583e-001 -2.503806e+001  0.000000e+000
    endloop
  endfacet
  facet normal  2.902936e-001  9.569376e-001  -0.000000e+000
    outer loop
      vertex -8.086583e-001 -2.503806e+001  0.000000e+000
      vertex -9.024549e-001 -2.500961e+001  1.000000e+001
      vertex -8.086583e-001 -2.503806e+001  1.000000e+001
    endloop
  endfacet
  facet normal  4.713860e-001  8.819271e-001  0.000000e+000
    outer loop
      vertex -8.086583e-001 -2.503806e+001  0.000000e+000
      vertex -8.086583e-001 -2.503806e+001  1.000000e+001
      vertex -7.222149e-001 -2.508426e+001  0.000000e+000
    endloop
  endfacet
  facet normal  4.713860e-001  8.819271e-001  -0.000000e+000
    outer loop
      vertex -7.222149e-001 -2.508426e+001  0.000000e+000
      vertex -8.086583e-001 -2.503806e+001  1.000000e+001
      vertex -7.222149e-001 -2.508426e+001  1.000000e+001
    endloop
  endfacet
  facet normal  6.343936e-001  7.730103e-001  0.000000e+000
    outer loop
      vertex -7.222149e-001 -2.508426e+001  0.000000e+000
      vertex -7.222149e-001 -2.508426e+001  1.000000e+001
      vertex -6.464466e-001 -2.514645e+001  0.000000e+000
    endloop
  endfacet
  facet normal  6.343936e-001  7.730103e-001  -0.000000e+000
    outer loop
      vertex -6.464466e-001 -2.514645e+001  0.000000e+000
      vertex -7.222149e-001 -2.508426e+001  1.000000e+001
      vertex -6.464466e-001 -2.514645e+001  1.000000e+001
    endloop
  endfacet
  facet normal  7.730152e-001  6.343876e-001  0.000000e+000
    outer loop
      vertex -6.464466e-001 -2.514645e+001  0.000000e+000
      vertex -6.464466e-001 -2.514645e+001  1.000000e+001
      vertex -5.842652e-001 -2.522222e+001  0.000000e+000
    endloop
  endfacet
  facet normal  7.730152e-001  6.343876e-001  -0.000000e+000
    outer loop
      vertex -5.842652e-001 -2.522222e+001  0.000000e+000
      vertex -6.464466e-001 -2.514645e+001  1.000000e+001
      vertex -5.842652e-001 -2.522222e+001  1.000000e+001
    endloop
  endfacet
  facet normal  8.819205e-001  4.713984e-001  0.000000e+000
    outer loop
      vertex -5.842652e-001 -2.522222e+001  0.000000e+000
      vertex -5.842652e-001 -2.522222e+001  1.000000e+001
      vertex -5.380602e-001 -2.530866e+001  0.000000e+000
    endloop
  endfacet
  facet normal  8.819205e-001  4.713984e-001  -0.000000e+000
    outer loop
      vertex -5.380602e-001 -2.530866e+001  0.000000e+000
      vertex -5.842652e-001 -2.522222e+001  1.000000e+001
      vertex -5.380602e-001 -2.530866e+001  1.000000e+001
    endloop
  endfacet
  facet normal  9.569396e-001  2.902869e-001  0.000000e+000
    outer loop
      vertex -5.380602e-001 -2.530866e+001  0.000000e+000
      vertex -5.380602e-001 -2.530866e+001  1.000000e+001
      vertex -5.096074e-001 -2.540245e+001  0.000000e+000
    endloop
  endfacet
  facet normal  9.569396e-001  2.902869e-001  -0.000000e+000
    outer loop
      vertex -5.096074e-001 -2.540245e+001  0.000000e+000
      vertex -5.380602e-001 -2.530866e+001  1.000000e+001
      vertex -5.096074e-001 -2.540245e+001  1.000000e+001
    endloop
  endfacet
  facet normal  9.951848e-001  9.801683e-002  0.000000e+000
    outer loop
      vertex -5.096074e-001 -2.540245e+001  0.000000e+000
      vertex -5.096074e-001 -2.540245e+001  1.000000e+001
      vertex -5.000000e-001 -2.550000e+001  0.000000e+000
    endloop
  endfacet
  facet normal  9.951848e-001  9.801683e-002  -0.000000e+000
    outer loop
      vertex -5.000000e-001 -2.550000e+001  0.000000e+000
      vertex -5.096074e-001 -2.540245e+001  1.000000e+001
      vertex -5.000000e-001 -2.550000e+001  1.000000e+001
    endloop
  endfacet
  facet normal  0.000000e+000 -9.999999e-001  0.000000e+000
    outer loop
      vertex -6.500000e+000 -2.700000e+001  0.000000e+000
      vertex -1.000000e+000 -2.700000e+001  0.000000e+000
      vertex -6.500000e+000 -2.700000e+001  1.000000e+001
    endloop
  endfacet
  facet normal  0.000000e+000 -9.999999e-001  0.000000e+000
    outer loop
      vertex -6.500000e+000 -2.700000e+001  1.000000e+001
      vertex -1.000000e+000 -2.700000e+001  0.000000e+000
      vertex -1.000000e+000 -2.700000e+001  1.000000e+001
    endloop
  endfacet
  facet normal  9.951848e-001 -9.801683e-002  0.000000e+000
    outer loop
      vertex -5.000000e-001 -2.650000e+001  0.000000e+000
      vertex -5.000000e-001 -2.650000e+001  1.000000e+001
      vertex -5.096074e-001 -2.659755e+001  0.000000e+000
    endloop
  endfacet
  facet normal  9.951848e-001 -9.801683e-002  0.000000e+000
    outer loop
      vertex -5.096074e-001 -2.659755e+001  0.000000e+000
      vertex -5.000000e-001 -2.650000e+001  1.000000e+001
      vertex -5.096074e-001 -2.659755e+001  1.000000e+001
    endloop
  endfacet
  facet normal  9.569396e-001 -2.902869e-001  0.000000e+000
    outer loop
      vertex -5.096074e-001 -2.659755e+001  0.000000e+000
      vertex -5.096074e-001 -2.659755e+001  1.000000e+001
      vertex -5.380602e-001 -2.669134e+001  0.000000e+000
    endloop
  endfacet
  facet normal  9.569396e-001 -2.902869e-001  0.000000e+000
    outer loop
      vertex -5.380602e-001 -2.669134e+001  0.000000e+000
      vertex -5.096074e-001 -2.659755e+001  1.000000e+001
      vertex -5.380602e-001 -2.669134e+001  1.000000e+001
    endloop
  endfacet
  facet normal  8.819205e-001 -4.713984e-001  0.000000e+000
    outer loop
      vertex -5.380602e-001 -2.669134e+001  0.000000e+000
      vertex -5.380602e-001 -2.669134e+001  1.000000e+001
      vertex -5.842652e-001 -2.677778e+001  0.000000e+000
    endloop
  endfacet
  facet normal  8.819205e-001 -4.713984e-001  0.000000e+000
    outer loop
      vertex -5.842652e-001 -2.677778e+001  0.000000e+000
      vertex -5.380602e-001 -2.669134e+001  1.000000e+001
      vertex -5.842652e-001 -2.677778e+001  1.000000e+001
    endloop
  endfacet
  facet normal  7.730152e-001 -6.343876e-001  0.000000e+000
    outer loop
      vertex -5.842652e-001 -2.677778e+001  0.000000e+000
      vertex -5.842652e-001 -2.677778e+001  1.000000e+001
      vertex -6.464466e-001 -2.685355e+001  0.000000e+000
    endloop
  endfacet
  facet normal  7.730152e-001 -6.343876e-001  0.000000e+000
    outer loop
      vertex -6.464466e-001 -2.685355e+001  0.000000e+000
      vertex -5.842652e-001 -2.677778e+001  1.000000e+001
      vertex -6.464466e-001 -2.685355e+001  1.000000e+001
    endloop
  endfacet
  facet normal  6.343936e-001 -7.730103e-001  0.000000e+000
    outer loop
      vertex -6.464466e-001 -2.685355e+001  0.000000e+000
      vertex -6.464466e-001 -2.685355e+001  1.000000e+001
      vertex -7.222149e-001 -2.691574e+001  0.000000e+000
    endloop
  endfacet
  facet normal  6.343936e-001 -7.730103e-001  0.000000e+000
    outer loop
      vertex -7.222149e-001 -2.691574e+001  0.000000e+000
      vertex -6.464466e-001 -2.685355e+001  1.000000e+001
      vertex -7.222149e-001 -2.691574e+001  1.000000e+001
    endloop
  endfacet
  facet normal  4.713860e-001 -8.819271e-001  0.000000e+000
    outer loop
      vertex -7.222149e-001 -2.691574e+001  0.000000e+000
      vertex -7.222149e-001 -2.691574e+001  1.000000e+001
      vertex -8.086583e-001 -2.696194e+001  0.000000e+000
    endloop
  endfacet
  facet normal  4.713860e-001 -8.819271e-001  0.000000e+000
    outer loop
      vertex -8.086583e-001 -2.696194e+001  0.000000e+000
      vertex -7.222149e-001 -2.691574e+001  1.000000e+001
      vertex -8.086583e-001 -2.696194e+001  1.000000e+001
    endloop
  endfacet
  facet normal  2.902936e-001 -9.569376e-001  0.000000e+000
    outer loop
      vertex -8.086583e-001 -2.696194e+001  0.000000e+000
      vertex -8.086583e-001 -2.696194e+001  1.000000e+001
      vertex -9.024549e-001 -2.699039e+001  0.000000e+000
    endloop
  endfacet
  facet normal  2.902936e-001 -9.569376e-001  0.000000e+000
    outer loop
      vertex -9.024549e-001 -2.699039e+001  0.000000e+000
      vertex -8.086583e-001 -2.696194e+001  1.000000e+001
      vertex -9.024549e-001 -2.699039e+001  1.000000e+001
    endloop
  endfacet
  facet normal  9.801670e-002 -9.951848e-001  0.000000e+000
    outer loop
      vertex -9.024549e-001 -2.699039e+001  0.000000e+000
      vertex -9.024549e-001 -2.699039e+001  1.000000e+001
      vertex -1.000000e+000 -2.700000e+001  0.000000e+000
    endloop
  endfacet
  facet normal  9.801670e-002 -9.951848e-001  0.000000e+000
    outer loop
      vertex -1.000000e+000 -2.700000e+001  0.000000e+000
      vertex -9.024549e-001 -2.699039e+001  1.000000e+001
      vertex -1.000000e+000 -2.700000e+001  1.000000e+001
    endloop
  endfacet
  facet normal  9.801622e-002  9.951848e-001  0.000000e+000
    outer loop
      vertex  9.000000e+000 -8.000000e+000  0.000000e+000
      vertex  9.000000e+000 -8.000000e+000  1.000000e+001
      vertex  9.097546e+000 -8.009607e+000  0.000000e+000
    endloop
  endfacet
  facet normal  9.801622e-002  9.951848e-001  -0.000000e+000
    outer loop
      vertex  9.097546e+000 -8.009607e+000  0.000000e+000
      vertex  9.000000e+000 -8.000000e+000  1.000000e+001
      vertex  9.097546e+000 -8.009607e+000  1.000000e+001
    endloop
  endfacet
  facet normal  2.902869e-001  9.569396e-001  0.000000e+000
    outer loop
      vertex  9.097546e+000 -8.009607e+000  0.000000e+000
      vertex  9.097546e+000 -8.009607e+000  1.000000e+001
      vertex  9.191341e+000 -8.038060e+000  0.000000e+000
    endloop
  endfacet
  facet normal  2.902869e-001  9.569396e-001  -0.000000e+000
    outer loop
      vertex  9.191341e+000 -8.038060e+000  0.000000e+000
      vertex  9.097546e+000 -8.009607e+000  1.000000e+001
      vertex  9.191341e+000 -8.038060e+000  1.000000e+001
    endloop
  endfacet
  facet normal  4.713915e-001  8.819241e-001  0.000000e+000
    outer loop
      vertex  9.191341e+000 -8.038060e+000  0.000000e+000
      vertex  9.191341e+000 -8.038060e+000  1.000000e+001
      vertex  9.277785e+000 -8.084265e+000  0.000000e+000
    endloop
  endfacet
  facet normal  4.713915e-001  8.819241e-001  -0.000000e+000
    outer loop
      vertex  9.277785e+000 -8.084265e+000  0.000000e+000
      vertex  9.191341e+000 -8.038060e+000  1.000000e+001
      vertex  9.277785e+000 -8.084265e+000  1.000000e+001
    endloop
  endfacet
  facet normal  6.343927e-001  7.730110e-001  0.000000e+000
    outer loop
      vertex  9.277785e+000 -8.084265e+000  0.000000e+000
      vertex  9.277785e+000 -8.084265e+000  1.000000e+001
      vertex  9.353554e+000 -8.146446e+000  0.000000e+000
    endloop
  endfacet
  facet normal  6.343927e-001  7.730110e-001  -0.000000e+000
    outer loop
      vertex  9.353554e+000 -8.146446e+000  0.000000e+000
      vertex  9.277785e+000 -8.084265e+000  1.000000e+001
      vertex  9.353554e+000 -8.146446e+000  1.000000e+001
    endloop
  endfacet
  facet normal  7.730110e-001  6.343927e-001  0.000000e+000
    outer loop
      vertex  9.353554e+000 -8.146446e+000  0.000000e+000
      vertex  9.353554e+000 -8.146446e+000  1.000000e+001
      vertex  9.415735e+000 -8.222215e+000  0.000000e+000
    endloop
  endfacet
  facet normal  7.730110e-001  6.343927e-001  -0.000000e+000
    outer loop
      vertex  9.415735e+000 -8.222215e+000  0.000000e+000
      vertex  9.353554e+000 -8.146446e+000  1.000000e+001
      vertex  9.415735e+000 -8.222215e+000  1.000000e+001
    endloop
  endfacet
  facet normal  8.819241e-001  4.713915e-001  0.000000e+000
    outer loop
      vertex  9.415735e+000 -8.222215e+000  0.000000e+000
      vertex  9.415735e+000 -8.222215e+000  1.000000e+001
      vertex  9.461940e+000 -8.308659e+000  0.000000e+000
    endloop
  endfacet
  facet normal  8.819241e-001  4.713915e-001  -0.000000e+000
    outer loop
      vertex  9.461940e+000 -8.308659e+000  0.000000e+000
      vertex  9.415735e+000 -8.222215e+000  1.000000e+001
      vertex  9.461940e+000 -8.308659e+000  1.000000e+001
    endloop
  endfacet
  facet normal  9.569396e-001  2.902869e-001  0.000000e+000
    outer loop
      vertex  9.461940e+000 -8.308659e+000  0.000000e+000
      vertex  9.461940e+000 -8.308659e+000  1.000000e+001
      vertex  9.490393e+000 -8.402454e+000  0.000000e+000
    endloop
  endfacet
  facet normal  9.569396e-001  2.902869e-001  -0.000000e+000
    outer loop
      vertex  9.490393e+000 -8.402454e+000  0.000000e+000
      vertex  9.461940e+000 -8.308659e+000  1.000000e+001
      vertex  9.490393e+000 -8.402454e+000  1.000000e+001
    endloop
  endfacet
  facet normal  9.951848e-001  9.801622e-002  0.000000e+000
    outer loop
      vertex  9.490393e+000 -8.402454e+000  0.000000e+000
      vertex  9.490393e+000 -8.402454e+000  1.000000e+001
      vertex  9.500000e+000 -8.500000e+000  0.000000e+000
    endloop
  endfacet
  facet normal  9.951848e-001  9.801622e-002  -0.000000e+000
    outer loop
      vertex  9.500000e+000 -8.500000e+000  0.000000e+000
      vertex  9.490393e+000 -8.402454e+000  1.000000e+001
      vertex  9.500000e+000 -8.500000e+000  1.000000e+001
    endloop
  endfacet
  facet normal  1.000000e+000  0.000000e+000  0.000000e+000
    outer loop
      vertex  1.450000e+001 -1.450000e+001  0.000000e+000
      vertex  1.450000e+001 -1.350000e+001  0.000000e+000
      vertex  1.450000e+001 -1.450000e+001  1.000000e+001
    endloop
  endfacet
  facet normal  1.000000e+000  -0.000000e+000  0.000000e+000
    outer loop
      vertex  1.450000e+001 -1.450000e+001  1.000000e+001
      vertex  1.450000e+001 -1.350000e+001  0.000000e+000
      vertex  1.450000e+001 -1.350000e+001  1.000000e+001
    endloop
  endfacet
  facet normal  9.801622e-002  9.951848e-001  0.000000e+000
    outer loop
      vertex  1.400000e+001 -1.300000e+001  0.000000e+000
      vertex  1.400000e+001 -1.300000e+001  1.000000e+001
      vertex  1.409755e+001 -1.300961e+001  0.000000e+000
    endloop
  endfacet
  facet normal  9.801622e-002  9.951848e-001  -0.000000e+000
    outer loop
      vertex  1.409755e+001 -1.300961e+001  0.000000e+000
      vertex  1.400000e+001 -1.300000e+001  1.000000e+001
      vertex  1.409755e+001 -1.300961e+001  1.000000e+001
    endloop
  endfacet
  facet normal  2.902869e-001  9.569396e-001  0.000000e+000
    outer loop
      vertex  1.409755e+001 -1.300961e+001  0.000000e+000
      vertex  1.409755e+001 -1.300961e+001  1.000000e+001
      vertex  1.419134e+001 -1.303806e+001  0.000000e+000
    endloop
  endfacet
  facet normal  2.902869e-001  9.569396e-001  -0.000000e+000
    outer loop
      vertex  1.419134e+001 -1.303806e+001  0.000000e+000
      vertex  1.409755e+001 -1.300961e+001  1.000000e+001
      vertex  1.419134e+001 -1.303806e+001  1.000000e+001
    endloop
  endfacet
  facet normal  4.713915e-001  8.819241e-001  0.000000e+000
    outer loop
      vertex  1.419134e+001 -1.303806e+001  0.000000e+000
      vertex  1.419134e+001 -1.303806e+001  1.000000e+001
      vertex  1.427779e+001 -1.308426e+001  0.000000e+000
    endloop
  endfacet
  facet normal  4.713915e-001  8.819241e-001  -0.000000e+000
    outer loop
      vertex  1.427779e+001 -1.308426e+001  0.000000e+000
      vertex  1.419134e+001 -1.303806e+001  1.000000e+001
      vertex  1.427779e+001 -1.308426e+001  1.000000e+001
    endloop
  endfacet
  facet normal  6.343927e-001  7.730110e-001  0.000000e+000
    outer loop
      vertex  1.427779e+001 -1.308426e+001  0.000000e+000
      vertex  1.427779e+001 -1.308426e+001  1.000000e+001
      vertex  1.435355e+001 -1.314645e+001  0.000000e+000
    endloop
  endfacet
  facet normal  6.343927e-001  7.730110e-001  -0.000000e+000
    outer loop
      vertex  1.435355e+001 -1.314645e+001  0.000000e+000
      vertex  1.427779e+001 -1.308426e+001  1.000000e+001
      vertex  1.435355e+001 -1.314645e+001  1.000000e+001
    endloop
  endfacet
  facet normal  7.730110e-001  6.343927e-001  0.000000e+000
    outer loop
      vertex  1.435355e+001 -1.314645e+001  0.000000e+000
      vertex  1.435355e+001 -1.314645e+001  1.000000e+001
      vertex  1.441574e+001 -1.322221e+001  0.000000e+000
    endloop
  endfacet
  facet normal  7.730110e-001  6.343927e-001  -0.000000e+000
    outer loop
      vertex  1.441574e+001 -1.322221e+001  0.000000e+000
      vertex  1.435355e+001 -1.314645e+001  1.000000e+001
      vertex  1.441574e+001 -1.322221e+001  1.000000e+001
    endloop
  endfacet
  facet normal  8.819241e-001  4.713915e-001  0.000000e+000
    outer loop
      vertex  1.441574e+001 -1.322221e+001  0.000000e+000
      vertex  1.441574e+001 -1.322221e+001  1.000000e+001
      vertex  1.446194e+001 -1.330866e+001  0.000000e+000
    endloop
  endfacet
  facet normal  8.819241e-001  4.713915e-001  -0.000000e+000
    outer loop
      vertex  1.446194e+001 -1.330866e+001  0.000000e+000
      vertex  1.441574e+001 -1.322221e+001  1.000000e+001
      vertex  1.446194e+001 -1.330866e+001  1.000000e+001
    endloop
  endfacet
  facet normal  9.569396e-001  2.902869e-001  0.000000e+000
    outer loop
      vertex  1.446194e+001 -1.330866e+001  0.000000e+000
      vertex  1.446194e+001 -1.330866e+001  1.000000e+001
      vertex  1.449039e+001 -1.340245e+001  0.000000e+000
    endloop
  endfacet
  facet normal  9.569396e-001  2.902869e-001  -0.000000e+000
    outer loop
      vertex  1.449039e+001 -1.340245e+001  0.000000e+000
      vertex  1.446194e+001 -1.330866e+001  1.000000e+001
      vertex  1.449039e+001 -1.340245e+001  1.000000e+001
    endloop
  endfacet
  facet normal  9.951848e-001  9.801622e-002  0.000000e+000
    outer loop
      vertex  1.449039e+001 -1.340245e+001  0.000000e+000
      vertex  1.449039e+001 -1.340245e+001  1.000000e+001
      vertex  1.450000e+001 -1.350000e+001  0.000000e+000
    endloop
  endfacet
  facet normal  9.951848e-001  9.801622e-002  -0.000000e+000
    outer loop
      vertex  1.450000e+001 -1.350000e+001  0.000000e+000
      vertex  1.449039e+001 -1.340245e+001  1.000000e+001
      vertex  1.450000e+001 -1.350000e+001  1.000000e+001
    endloop
  endfacet
  facet normal  0.000000e+000 -9.999999e-001  -0.000000e+000
    outer loop
      vertex  1.400000e+001 -1.500000e+001  0.000000e+000
      vertex  1.400000e+001 -1.500000e+001  1.000000e+001
      vertex  8.500000e+000 -1.500000e+001  0.000000e+000
    endloop
  endfacet
  facet normal  0.000000e+000 -9.999999e-001  0.000000e+000
    outer loop
      vertex  8.500000e+000 -1.500000e+001  0.000000e+000
      vertex  1.400000e+001 -1.500000e+001  1.000000e+001
      vertex  8.500000e+000 -1.500000e+001  1.000000e+001
    endloop
  endfacet
  facet normal  9.951848e-001 -9.801622e-002  0.000000e+000
    outer loop
      vertex  1.450000e+001 -1.450000e+001  0.000000e+000
      vertex  1.450000e+001 -1.450000e+001  1.000000e+001
      vertex  1.449039e+001 -1.459755e+001  0.000000e+000
    endloop
  endfacet
  facet normal  9.951848e-001 -9.801622e-002  0.000000e+000
    outer loop
      vertex  1.449039e+001 -1.459755e+001  0.000000e+000
      vertex  1.450000e+001 -1.450000e+001  1.000000e+001
      vertex  1.449039e+001 -1.459755e+001  1.000000e+001
    endloop
  endfacet
  facet normal  9.569396e-001 -2.902869e-001  0.000000e+000
    outer loop
      vertex  1.449039e+001 -1.459755e+001  0.000000e+000
      vertex  1.449039e+001 -1.459755e+001  1.000000e+001
      vertex  1.446194e+001 -1.469134e+001  0.000000e+000
    endloop
  endfacet
  facet normal  9.569396e-001 -2.902869e-001  0.000000e+000
    outer loop
      vertex  1.446194e+001 -1.469134e+001  0.000000e+000
      vertex  1.449039e+001 -1.459755e+001  1.000000e+001
      vertex  1.446194e+001 -1.469134e+001  1.000000e+001
    endloop
  endfacet
  facet normal  8.819241e-001 -4.713915e-001  0.000000e+000
    outer loop
      vertex  1.446194e+001 -1.469134e+001  0.000000e+000
      vertex  1.446194e+001 -1.469134e+001  1.000000e+001
      vertex  1.441574e+001 -1.477779e+001  0.000000e+000
    endloop
  endfacet
  facet normal  8.819241e-001 -4.713915e-001  0.000000e+000
    outer loop
      vertex  1.441574e+001 -1.477779e+001  0.000000e+000
      vertex  1.446194e+001 -1.469134e+001  1.000000e+001
      vertex  1.441574e+001 -1.477779e+001  1.000000e+001
    endloop
  endfacet
  facet normal  7.730110e-001 -6.343927e-001  0.000000e+000
    outer loop
      vertex  1.441574e+001 -1.477779e+001  0.000000e+000
      vertex  1.441574e+001 -1.477779e+001  1.000000e+001
      vertex  1.435355e+001 -1.485355e+001  0.000000e+000
    endloop
  endfacet
  facet normal  7.730110e-001 -6.343927e-001  0.000000e+000
    outer loop
      vertex  1.435355e+001 -1.485355e+001  0.000000e+000
      vertex  1.441574e+001 -1.477779e+001  1.000000e+001
      vertex  1.435355e+001 -1.485355e+001  1.000000e+001
    endloop
  endfacet
  facet normal  6.343927e-001 -7.730110e-001  0.000000e+000
    outer loop
      vertex  1.435355e+001 -1.485355e+001  0.000000e+000
      vertex  1.435355e+001 -1.485355e+001  1.000000e+001
      vertex  1.427779e+001 -1.491574e+001  0.000000e+000
    endloop
  endfacet
  facet normal  6.343927e-001 -7.730110e-001  0.000000e+000
    outer loop
      vertex  1.427779e+001 -1.491574e+001  0.000000e+000
      vertex  1.435355e+001 -1.485355e+001  1.000000e+001
      vertex  1.427779e+001 -1.491574e+001  1.000000e+001
    endloop
  endfacet
  facet normal  4.713915e-001 -8.819241e-001  0.000000e+000
    outer loop
      vertex  1.427779e+001 -1.491574e+001  0.000000e+000
      vertex  1.427779e+001 -1.491574e+001  1.000000e+001
      vertex  1.419134e+001 -1.496194e+001  0.000000e+000
    endloop
  endfacet
  facet normal  4.713915e-001 -8.819241e-001  0.000000e+000
    outer loop
      vertex  1.419134e+001 -1.496194e+001  0.000000e+000
      vertex  1.427779e+001 -1.491574e+001  1.000000e+001
      vertex  1.419134e+001 -1.496194e+001  1.000000e+001
    endloop
  endfacet
  facet normal  2.902869e-001 -9.569396e-001  0.000000e+000
    outer loop
      vertex  1.419134e+001 -1.496194e+001  0.000000e+000
      vertex  1.419134e+001 -1.496194e+001  1.000000e+001
      vertex  1.409755e+001 -1.499039e+001  0.000000e+000
    endloop
  endfacet
  facet normal  2.902869e-001 -9.569396e-001  0.000000e+000
    outer loop
      vertex  1.409755e+001 -1.499039e+001  0.000000e+000
      vertex  1.419134e+001 -1.496194e+001  1.000000e+001
      vertex  1.409755e+001 -1.499039e+001  1.000000e+001
    endloop
  endfacet
  facet normal  9.801622e-002 -9.951848e-001  0.000000e+000
    outer loop
      vertex  1.409755e+001 -1.499039e+001  0.000000e+000
      vertex  1.409755e+001 -1.499039e+001  1.000000e+001
      vertex  1.400000e+001 -1.500000e+001  0.000000e+000
    endloop
  endfacet
  facet normal  9.801622e-002 -9.951848e-001  0.000000e+000
    outer loop
      vertex  1.400000e+001 -1.500000e+001  0.000000e+000
      vertex  1.409755e+001 -1.499039e+001  1.000000e+001
      vertex  1.400000e+001 -1.500000e+001  1.000000e+001
    endloop
  endfacet
  facet normal  0.000000e+000  0.000000e+000 -1.000000e+000
    outer loop
      vertex  1.487666e+001 -2.334829e+001 -5.000000e+000
      vertex  1.305899e+001  1.250070e+001 -5.000000e+000
      vertex  1.513496e+001 -2.369926e+001 -5.000000e+000
    endloop
  endfacet
  facet normal  0.000000e+000  0.000000e+000 -1.000000e+000
    outer loop
      vertex  1.456133e+001 -2.304750e+001 -5.000000e+000
      vertex  1.305899e+001  1.250070e+001 -5.000000e+000
      vertex  1.487666e+001 -2.334829e+001 -5.000000e+000
    endloop
  endfacet
  facet normal  0.000000e+000  0.000000e+000 -1.000000e+000
    outer loop
      vertex  1.419856e+001 -2.280604e+001 -5.000000e+000
      vertex  1.305899e+001  1.250070e+001 -5.000000e+000
      vertex  1.456133e+001 -2.304750e+001 -5.000000e+000
    endloop
  endfacet
  facet normal  0.000000e+000  0.000000e+000 -9.999999e-001
    outer loop
      vertex  1.750000e+001  2.800000e+001 -5.000000e+000
      vertex  1.750000e+001 -2.800000e+001 -5.000000e+000
      vertex  1.547158e+001  1.462410e+001 -5.000000e+000
    endloop
  endfacet
  facet normal  0.000000e+000  0.000000e+000 -1.000000e+000
    outer loop
      vertex  1.750000e+001  2.800000e+001 -5.000000e+000
      vertex  1.547158e+001  1.462410e+001 -5.000000e+000
      vertex  1.549930e+001  1.505899e+001 -5.000000e+000
    endloop
  endfacet
  facet normal  0.000000e+000  0.000000e+000 -1.000000e+000
    outer loop
      vertex  1.750000e+001  2.800000e+001 -5.000000e+000
      vertex  1.549930e+001  1.505899e+001 -5.000000e+000
      vertex  1.545109e+001  1.549209e+001 -5.000000e+000
    endloop
  endfacet
  facet normal  0.000000e+000  0.000000e+000 -1.000000e+000
    outer loop
      vertex  1.750000e+001  2.800000e+001 -5.000000e+000
      vertex  1.545109e+001  1.549209e+001 -5.000000e+000
      vertex  1.532840e+001  1.591025e+001 -5.000000e+000
    endloop
  endfacet
  facet normal  0.000000e+000  0.000000e+000 -1.000000e+000
    outer loop
      vertex  1.750000e+001  2.800000e+001 -5.000000e+000
      vertex  1.532840e+001  1.591025e+001 -5.000000e+000
      vertex  1.513496e+001  1.630074e+001 -5.000000e+000
    endloop
  endfacet
  facet normal  0.000000e+000  0.000000e+000 -1.000000e+000
    outer loop
      vertex  1.750000e+001  2.800000e+001 -5.000000e+000
      vertex  1.513496e+001  1.630074e+001 -5.000000e+000
      vertex  1.487666e+001  1.665171e+001 -5.000000e+000
    endloop
  endfacet
  facet normal  0.000000e+000  0.000000e+000 -1.000000e+000
    outer loop
      vertex  1.750000e+001  2.800000e+001 -5.000000e+000
      vertex  1.487666e+001  1.665171e+001 -5.000000e+000
      vertex  1.456133e+001  1.695250e+001 -5.000000e+000
    endloop
  endfacet
  facet normal  0.000000e+000  0.000000e+000 -1.000000e+000
    outer loop
      vertex  1.750000e+001  2.800000e+001 -5.000000e+000
      vertex  1.456133e+001  1.695250e+001 -5.000000e+000
      vertex  1.419856e+001  1.719396e+001 -5.000000e+000
    endloop
  endfacet
  facet normal  0.000000e+000  0.000000e+000 -1.000000e+000
    outer loop
      vertex  1.750000e+001  2.800000e+001 -5.000000e+000
      vertex  1.419856e+001  1.719396e+001 -5.000000e+000
      vertex  1.379938e+001  1.736875e+001 -5.000000e+000
    endloop
  endfacet
  facet normal  0.000000e+000  0.000000e+000 -1.000000e+000
    outer loop
      vertex  1.750000e+001  2.800000e+001 -5.000000e+000
      vertex  1.379938e+001  1.736875e+001 -5.000000e+000
      vertex  1.337590e+001  1.747158e+001 -5.000000e+000
    endloop
  endfacet
  facet normal  0.000000e+000  0.000000e+000 -1.000000e+000
    outer loop
      vertex  1.750000e+001  2.800000e+001 -5.000000e+000
      vertex  1.337590e+001  1.747158e+001 -5.000000e+000
      vertex  1.294101e+001  1.749930e+001 -5.000000e+000
    endloop
  endfacet
  facet normal  0.000000e+000  0.000000e+000 -9.999999e-001
    outer loop
      vertex  1.750000e+001  2.800000e+001 -5.000000e+000
      vertex  1.294101e+001  1.749930e+001 -5.000000e+000
      vertex -1.050070e+001  2.505899e+001 -5.000000e+000
    endloop
  endfacet
  facet normal  0.000000e+000  0.000000e+000 -1.000000e+000
    outer loop
      vertex -1.750000e+001 -2.800000e+001 -5.000000e+000
      vertex -1.750000e+001  2.800000e+001 -5.000000e+000
      vertex -1.549930e+001 -1.505899e+001 -5.000000e+000
    endloop
  endfacet
  facet normal  0.000000e+000  -0.000000e+000 -1.000000e+000
    outer loop
      vertex -1.750000e+001 -2.800000e+001 -5.000000e+000
      vertex -1.549930e+001 -1.505899e+001 -5.000000e+000
      vertex -1.545109e+001 -1.549209e+001 -5.000000e+000
    endloop
  endfacet
  facet normal  0.000000e+000  -0.000000e+000 -1.000000e+000
    outer loop
      vertex -1.750000e+001 -2.800000e+001 -5.000000e+000
      vertex -1.545109e+001 -1.549209e+001 -5.000000e+000
      vertex -1.532840e+001 -1.591025e+001 -5.000000e+000
    endloop
  endfacet
  facet normal  0.000000e+000  -0.000000e+000 -1.000000e+000
    outer loop
      vertex -1.750000e+001 -2.800000e+001 -5.000000e+000
      vertex -1.532840e+001 -1.591025e+001 -5.000000e+000
      vertex -1.513496e+001 -1.630074e+001 -5.000000e+000
    endloop
  endfacet
  facet normal  0.000000e+000  -0.000000e+000 -1.000000e+000
    outer loop
      vertex -1.750000e+001 -2.800000e+001 -5.000000e+000
      vertex -1.513496e+001 -1.630074e+001 -5.000000e+000
      vertex -1.487666e+001 -1.665171e+001 -5.000000e+000
    endloop
  endfacet
  facet normal  0.000000e+000  -0.000000e+000 -1.000000e+000
    outer loop
      vertex -1.750000e+001 -2.800000e+001 -5.000000e+000
      vertex -1.487666e+001 -1.665171e+001 -5.000000e+000
      vertex -1.456133e+001 -1.695250e+001 -5.000000e+000
    endloop
  endfacet
  facet normal  0.000000e+000  -0.000000e+000 -1.000000e+000
    outer loop
      vertex -1.750000e+001 -2.800000e+001 -5.000000e+000
      vertex -1.456133e+001 -1.695250e+001 -5.000000e+000
      vertex -1.419856e+001 -1.719396e+001 -5.000000e+000
    endloop
  endfacet
  facet normal  0.000000e+000  -0.000000e+000 -1.000000e+000
    outer loop
      vertex -1.750000e+001 -2.800000e+001 -5.000000e+000
      vertex -1.419856e+001 -1.719396e+001 -5.000000e+000
      vertex -1.379938e+001 -1.736875e+001 -5.000000e+000
    endloop
  endfacet
  facet normal  0.000000e+000  -0.000000e+000 -1.000000e+000
    outer loop
      vertex -1.750000e+001 -2.800000e+001 -5.000000e+000
      vertex -1.379938e+001 -1.736875e+001 -5.000000e+000
      vertex -1.337590e+001 -1.747158e+001 -5.000000e+000
    endloop
  endfacet
  facet normal  0.000000e+000  -0.000000e+000 -1.000000e+000
    outer loop
      vertex -1.750000e+001 -2.800000e+001 -5.000000e+000
      vertex -1.337590e+001 -1.747158e+001 -5.000000e+000
      vertex -1.294101e+001 -1.749930e+001 -5.000000e+000
    endloop
  endfacet
  facet normal  0.000000e+000  -0.000000e+000 -1.000000e+000
    outer loop
      vertex -1.750000e+001 -2.800000e+001 -5.000000e+000
      vertex -1.294101e+001 -1.749930e+001 -5.000000e+000
      vertex  1.052842e+001 -2.462410e+001 -5.000000e+000
    endloop
  endfacet
  facet normal  0.000000e+000  0.000000e+000 -9.999999e-001
    outer loop
      vertex -1.750000e+001 -2.800000e+001 -5.000000e+000
      vertex  1.052842e+001 -2.462410e+001 -5.000000e+000
      vertex  1.050070e+001 -2.505899e+001 -5.000000e+000
    endloop
  endfacet
  facet normal  0.000000e+000  0.000000e+000 -1.000000e+000
    outer loop
      vertex -1.750000e+001 -2.800000e+001 -5.000000e+000
      vertex  1.050070e+001 -2.505899e+001 -5.000000e+000
      vertex -1.550000e+001 -3.000000e+001 -5.000000e+000
    endloop
  endfacet
  facet normal  0.000000e+000  0.000000e+000 -1.000000e+000
    outer loop
      vertex  1.052842e+001  1.537590e+001 -5.000000e+000
      vertex -1.294101e+001  2.250070e+001 -5.000000e+000
      vertex -1.250791e+001  2.254891e+001 -5.000000e+000
    endloop
  endfacet
  facet normal  0.000000e+000  0.000000e+000 -9.999999e-001
    outer loop
      vertex  1.052842e+001  1.537590e+001 -5.000000e+000
      vertex -1.250791e+001  2.254891e+001 -5.000000e+000
      vertex -1.208975e+001  2.267160e+001 -5.000000e+000
    endloop
  endfacet
  facet normal  0.000000e+000  0.000000e+000 -9.999999e-001
    outer loop
      vertex  1.052842e+001  1.537590e+001 -5.000000e+000
      vertex -1.208975e+001  2.267160e+001 -5.000000e+000
      vertex -1.169926e+001  2.286504e+001 -5.000000e+000
    endloop
  endfacet
  facet normal  0.000000e+000  0.000000e+000 -1.000000e+000
    outer loop
      vertex  1.052842e+001  1.537590e+001 -5.000000e+000
      vertex -1.169926e+001  2.286504e+001 -5.000000e+000
      vertex -1.134829e+001  2.312334e+001 -5.000000e+000
    endloop
  endfacet
  facet normal  0.000000e+000  0.000000e+000 -1.000000e+000
    outer loop
      vertex  1.052842e+001  1.537590e+001 -5.000000e+000
      vertex -1.134829e+001  2.312334e+001 -5.000000e+000
      vertex -1.104750e+001  2.343867e+001 -5.000000e+000
    endloop
  endfacet
  facet normal  0.000000e+000  0.000000e+000 -1.000000e+000
    outer loop
      vertex  1.052842e+001  1.537590e+001 -5.000000e+000
      vertex -1.104750e+001  2.343867e+001 -5.000000e+000
      vertex -1.080604e+001  2.380144e+001 -5.000000e+000
    endloop
  endfacet
  facet normal  0.000000e+000  0.000000e+000 -1.000000e+000
    outer loop
      vertex  1.052842e+001  1.537590e+001 -5.000000e+000
      vertex -1.080604e+001  2.380144e+001 -5.000000e+000
      vertex -1.063125e+001  2.420062e+001 -5.000000e+000
    endloop
  endfacet
  facet normal  0.000000e+000  0.000000e+000 -1.000000e+000
    outer loop
      vertex  1.052842e+001  1.537590e+001 -5.000000e+000
      vertex -1.063125e+001  2.420062e+001 -5.000000e+000
      vertex -1.052842e+001  2.462410e+001 -5.000000e+000
    endloop
  endfacet
  facet normal  0.000000e+000  0.000000e+000 -1.000000e+000
    outer loop
      vertex -1.495250e+001 -1.343867e+001 -5.000000e+000
      vertex -1.519396e+001 -1.380144e+001 -5.000000e+000
      vertex -1.379938e+001  2.263125e+001 -5.000000e+000
    endloop
  endfacet
  facet normal  0.000000e+000  -0.000000e+000 -9.999999e-001
    outer loop
      vertex -1.495250e+001 -1.343867e+001 -5.000000e+000
      vertex -1.379938e+001  2.263125e+001 -5.000000e+000
      vertex -1.337590e+001  2.252842e+001 -5.000000e+000
    endloop
  endfacet
  facet normal  0.000000e+000  -0.000000e+000 -1.000000e+000
    outer loop
      vertex -1.495250e+001 -1.343867e+001 -5.000000e+000
      vertex -1.337590e+001  2.252842e+001 -5.000000e+000
      vertex -1.294101e+001  2.250070e+001 -5.000000e+000
    endloop
  endfacet
  facet normal  0.000000e+000  -0.000000e+000 -1.000000e+000
    outer loop
      vertex -1.495250e+001 -1.343867e+001 -5.000000e+000
      vertex -1.294101e+001  2.250070e+001 -5.000000e+000
      vertex  1.052842e+001  1.537590e+001 -5.000000e+000
    endloop
  endfacet
  facet normal  0.000000e+000  0.000000e+000 -1.000000e+000
    outer loop
      vertex -1.495250e+001 -1.343867e+001 -5.000000e+000
      vertex  1.052842e+001  1.537590e+001 -5.000000e+000
      vertex  1.050070e+001  1.494101e+001 -5.000000e+000
    endloop
  endfacet
  facet normal  0.000000e+000  -0.000000e+000 -1.000000e+000
    outer loop
      vertex -1.052842e+001  2.462410e+001 -5.000000e+000
      vertex -1.050070e+001  2.505899e+001 -5.000000e+000
      vertex  1.294101e+001  1.749930e+001 -5.000000e+000
    endloop
  endfacet
  facet normal  -0.000000e+000  0.000000e+000 -1.000000e+000
    outer loop
      vertex -1.052842e+001  2.462410e+001 -5.000000e+000
      vertex  1.294101e+001  1.749930e+001 -5.000000e+000
      vertex  1.250791e+001  1.745109e+001 -5.000000e+000
    endloop
  endfacet
  facet normal  -0.000000e+000  0.000000e+000 -9.999999e-001
    outer loop
      vertex -1.052842e+001  2.462410e+001 -5.000000e+000
      vertex  1.250791e+001  1.745109e+001 -5.000000e+000
      vertex  1.208975e+001  1.732840e+001 -5.000000e+000
    endloop
  endfacet
  facet normal  -0.000000e+000  0.000000e+000 -9.999999e-001
    outer loop
      vertex -1.052842e+001  2.462410e+001 -5.000000e+000
      vertex  1.208975e+001  1.732840e+001 -5.000000e+000
      vertex  1.169926e+001  1.713496e+001 -5.000000e+000
    endloop
  endfacet
  facet normal  -0.000000e+000  0.000000e+000 -1.000000e+000
    outer loop
      vertex -1.052842e+001  2.462410e+001 -5.000000e+000
      vertex  1.169926e+001  1.713496e+001 -5.000000e+000
      vertex  1.134829e+001  1.687666e+001 -5.000000e+000
    endloop
  endfacet
  facet normal  -0.000000e+000  0.000000e+000 -1.000000e+000
    outer loop
      vertex -1.052842e+001  2.462410e+001 -5.000000e+000
      vertex  1.134829e+001  1.687666e+001 -5.000000e+000
      vertex  1.104750e+001  1.656133e+001 -5.000000e+000
    endloop
  endfacet
  facet normal  -0.000000e+000  0.000000e+000 -1.000000e+000
    outer loop
      vertex -1.052842e+001  2.462410e+001 -5.000000e+000
      vertex  1.104750e+001  1.656133e+001 -5.000000e+000
      vertex  1.080604e+001  1.619856e+001 -5.000000e+000
    endloop
  endfacet
  facet normal  -0.000000e+000  0.000000e+000 -1.000000e+000
    outer loop
      vertex -1.052842e+001  2.462410e+001 -5.000000e+000
      vertex  1.080604e+001  1.619856e+001 -5.000000e+000
      vertex  1.063125e+001  1.579938e+001 -5.000000e+000
    endloop
  endfacet
  facet normal  -0.000000e+000  0.000000e+000 -1.000000e+000
    outer loop
      vertex -1.052842e+001  2.462410e+001 -5.000000e+000
      vertex  1.063125e+001  1.579938e+001 -5.000000e+000
      vertex  1.052842e+001  1.537590e+001 -5.000000e+000
    endloop
  endfacet
  facet normal  0.000000e+000  0.000000e+000 -1.000000e+000
    outer loop
      vertex -1.547158e+001  2.537590e+001 -5.000000e+000
      vertex -1.549930e+001  2.494101e+001 -5.000000e+000
      vertex -1.750000e+001  2.800000e+001 -5.000000e+000
    endloop
  endfacet
  facet normal  0.000000e+000  0.000000e+000 -1.000000e+000
    outer loop
      vertex -1.547158e+001  2.537590e+001 -5.000000e+000
      vertex -1.750000e+001  2.800000e+001 -5.000000e+000
      vertex -1.746157e+001  2.839018e+001 -5.000000e+000
    endloop
  endfacet
  facet normal  0.000000e+000  0.000000e+000 -1.000000e+000
    outer loop
      vertex -1.547158e+001  2.537590e+001 -5.000000e+000
      vertex -1.746157e+001  2.839018e+001 -5.000000e+000
      vertex -1.734776e+001  2.876537e+001 -5.000000e+000
    endloop
  endfacet
  facet normal  0.000000e+000  0.000000e+000 -1.000000e+000
    outer loop
      vertex -1.547158e+001  2.537590e+001 -5.000000e+000
      vertex -1.734776e+001  2.876537e+001 -5.000000e+000
      vertex -1.716294e+001  2.911114e+001 -5.000000e+000
    endloop
  endfacet
  facet normal  0.000000e+000  0.000000e+000 -1.000000e+000
    outer loop
      vertex -1.547158e+001  2.537590e+001 -5.000000e+000
      vertex -1.716294e+001  2.911114e+001 -5.000000e+000
      vertex -1.691421e+001  2.941421e+001 -5.000000e+000
    endloop
  endfacet
  facet normal  0.000000e+000  0.000000e+000 -1.000000e+000
    outer loop
      vertex -1.547158e+001  2.537590e+001 -5.000000e+000
      vertex -1.691421e+001  2.941421e+001 -5.000000e+000
      vertex -1.661114e+001  2.966294e+001 -5.000000e+000
    endloop
  endfacet
  facet normal  0.000000e+000  0.000000e+000 -1.000000e+000
    outer loop
      vertex -1.547158e+001  2.537590e+001 -5.000000e+000
      vertex -1.661114e+001  2.966294e+001 -5.000000e+000
      vertex -1.626537e+001  2.984776e+001 -5.000000e+000
    endloop
  endfacet
  facet normal  0.000000e+000  0.000000e+000 -1.000000e+000
    outer loop
      vertex -1.547158e+001  2.537590e+001 -5.000000e+000
      vertex -1.626537e+001  2.984776e+001 -5.000000e+000
      vertex -1.589018e+001  2.996157e+001 -5.000000e+000
    endloop
  endfacet
  facet normal  0.000000e+000  0.000000e+000 -1.000000e+000
    outer loop
      vertex -1.547158e+001  2.537590e+001 -5.000000e+000
      vertex -1.589018e+001  2.996157e+001 -5.000000e+000
      vertex -1.550000e+001  3.000000e+001 -5.000000e+000
    endloop
  endfacet
  facet normal  0.000000e+000  0.000000e+000 -1.000000e+000
    outer loop
      vertex -1.550000e+001 -3.000000e+001 -5.000000e+000
      vertex -1.589018e+001 -2.996157e+001 -5.000000e+000
      vertex -1.626537e+001 -2.984776e+001 -5.000000e+000
    endloop
  endfacet
  facet normal  0.000000e+000  0.000000e+000 -1.000000e+000
    outer loop
      vertex -1.550000e+001 -3.000000e+001 -5.000000e+000
      vertex -1.626537e+001 -2.984776e+001 -5.000000e+000
      vertex -1.661114e+001 -2.966294e+001 -5.000000e+000
    endloop
  endfacet
  facet normal  0.000000e+000  0.000000e+000 -1.000000e+000
    outer loop
      vertex -1.550000e+001 -3.000000e+001 -5.000000e+000
      vertex -1.661114e+001 -2.966294e+001 -5.000000e+000
      vertex -1.691421e+001 -2.941421e+001 -5.000000e+000
    endloop
  endfacet
  facet normal  0.000000e+000  0.000000e+000 -1.000000e+000
    outer loop
      vertex -1.550000e+001 -3.000000e+001 -5.000000e+000
      vertex -1.691421e+001 -2.941421e+001 -5.000000e+000
      vertex -1.716294e+001 -2.911114e+001 -5.000000e+000
    endloop
  endfacet
  facet normal  0.000000e+000  0.000000e+000 -1.000000e+000
    outer loop
      vertex -1.550000e+001 -3.000000e+001 -5.000000e+000
      vertex -1.716294e+001 -2.911114e+001 -5.000000e+000
      vertex -1.734776e+001 -2.876537e+001 -5.000000e+000
    endloop
  endfacet
  facet normal  0.000000e+000  0.000000e+000 -1.000000e+000
    outer loop
      vertex -1.550000e+001 -3.000000e+001 -5.000000e+000
      vertex -1.734776e+001 -2.876537e+001 -5.000000e+000
      vertex -1.746157e+001 -2.839018e+001 -5.000000e+000
    endloop
  endfacet
  facet normal  0.000000e+000  0.000000e+000 -1.000000e+000
    outer loop
      vertex -1.550000e+001 -3.000000e+001 -5.000000e+000
      vertex -1.746157e+001 -2.839018e+001 -5.000000e+000
      vertex -1.750000e+001 -2.800000e+001 -5.000000e+000
    endloop
  endfacet
  facet normal  0.000000e+000  0.000000e+000 -1.000000e+000
    outer loop
      vertex  1.052842e+001 -2.462410e+001 -5.000000e+000
      vertex -1.294101e+001 -1.749930e+001 -5.000000e+000
      vertex -1.250791e+001 -1.745109e+001 -5.000000e+000
    endloop
  endfacet
  facet normal  0.000000e+000  0.000000e+000 -9.999999e-001
    outer loop
      vertex  1.052842e+001 -2.462410e+001 -5.000000e+000
      vertex -1.250791e+001 -1.745109e+001 -5.000000e+000
      vertex -1.208975e+001 -1.732840e+001 -5.000000e+000
    endloop
  endfacet
  facet normal  0.000000e+000  0.000000e+000 -9.999999e-001
    outer loop
      vertex  1.052842e+001 -2.462410e+001 -5.000000e+000
      vertex -1.208975e+001 -1.732840e+001 -5.000000e+000
      vertex -1.169926e+001 -1.713496e+001 -5.000000e+000
    endloop
  endfacet
  facet normal  0.000000e+000  0.000000e+000 -1.000000e+000
    outer loop
      vertex  1.052842e+001 -2.462410e+001 -5.000000e+000
      vertex -1.169926e+001 -1.713496e+001 -5.000000e+000
      vertex -1.134829e+001 -1.687666e+001 -5.000000e+000
    endloop
  endfacet
  facet normal  0.000000e+000  0.000000e+000 -1.000000e+000
    outer loop
      vertex  1.052842e+001 -2.462410e+001 -5.000000e+000
      vertex -1.134829e+001 -1.687666e+001 -5.000000e+000
      vertex -1.104750e+001 -1.656133e+001 -5.000000e+000
    endloop
  endfacet
  facet normal  0.000000e+000  0.000000e+000 -1.000000e+000
    outer loop
      vertex  1.052842e+001 -2.462410e+001 -5.000000e+000
      vertex -1.104750e+001 -1.656133e+001 -5.000000e+000
      vertex -1.080604e+001 -1.619856e+001 -5.000000e+000
    endloop
  endfacet
  facet normal  0.000000e+000  0.000000e+000 -1.000000e+000
    outer loop
      vertex  1.052842e+001 -2.462410e+001 -5.000000e+000
      vertex -1.080604e+001 -1.619856e+001 -5.000000e+000
      vertex -1.063125e+001 -1.579938e+001 -5.000000e+000
    endloop
  endfacet
  facet normal  0.000000e+000  0.000000e+000 -1.000000e+000
    outer loop
      vertex  1.052842e+001 -2.462410e+001 -5.000000e+000
      vertex -1.063125e+001 -1.579938e+001 -5.000000e+000
      vertex -1.052842e+001 -1.537590e+001 -5.000000e+000
    endloop
  endfacet
  facet normal  0.000000e+000  0.000000e+000 -1.000000e+000
    outer loop
      vertex -1.052842e+001 -1.537590e+001 -5.000000e+000
      vertex  1.337590e+001 -2.252842e+001 -5.000000e+000
      vertex  1.294101e+001 -2.250070e+001 -5.000000e+000
    endloop
  endfacet
  facet normal  -0.000000e+000  0.000000e+000 -1.000000e+000
    outer loop
      vertex -1.052842e+001 -1.537590e+001 -5.000000e+000
      vertex  1.294101e+001 -2.250070e+001 -5.000000e+000
      vertex  1.250791e+001 -2.254891e+001 -5.000000e+000
    endloop
  endfacet
  facet normal  -0.000000e+000  0.000000e+000 -9.999999e-001
    outer loop
      vertex -1.052842e+001 -1.537590e+001 -5.000000e+000
      vertex  1.250791e+001 -2.254891e+001 -5.000000e+000
      vertex  1.208975e+001 -2.267160e+001 -5.000000e+000
    endloop
  endfacet
  facet normal  -0.000000e+000  0.000000e+000 -9.999999e-001
    outer loop
      vertex -1.052842e+001 -1.537590e+001 -5.000000e+000
      vertex  1.208975e+001 -2.267160e+001 -5.000000e+000
      vertex  1.169926e+001 -2.286504e+001 -5.000000e+000
    endloop
  endfacet
  facet normal  -0.000000e+000  0.000000e+000 -1.000000e+000
    outer loop
      vertex -1.052842e+001 -1.537590e+001 -5.000000e+000
      vertex  1.169926e+001 -2.286504e+001 -5.000000e+000
      vertex  1.134829e+001 -2.312334e+001 -5.000000e+000
    endloop
  endfacet
  facet normal  -0.000000e+000  0.000000e+000 -1.000000e+000
    outer loop
      vertex -1.052842e+001 -1.537590e+001 -5.000000e+000
      vertex  1.134829e+001 -2.312334e+001 -5.000000e+000
      vertex  1.104750e+001 -2.343867e+001 -5.000000e+000
    endloop
  endfacet
  facet normal  -0.000000e+000  0.000000e+000 -1.000000e+000
    outer loop
      vertex -1.052842e+001 -1.537590e+001 -5.000000e+000
      vertex  1.104750e+001 -2.343867e+001 -5.000000e+000
      vertex  1.080604e+001 -2.380144e+001 -5.000000e+000
    endloop
  endfacet
  facet normal  -0.000000e+000  0.000000e+000 -1.000000e+000
    outer loop
      vertex -1.052842e+001 -1.537590e+001 -5.000000e+000
      vertex  1.080604e+001 -2.380144e+001 -5.000000e+000
      vertex  1.063125e+001 -2.420062e+001 -5.000000e+000
    endloop
  endfacet
  facet normal  -0.000000e+000  0.000000e+000 -1.000000e+000
    outer loop
      vertex -1.052842e+001 -1.537590e+001 -5.000000e+000
      vertex  1.063125e+001 -2.420062e+001 -5.000000e+000
      vertex  1.052842e+001 -2.462410e+001 -5.000000e+000
    endloop
  endfacet
  facet normal  0.000000e+000  -0.000000e+000 -1.000000e+000
    outer loop
      vertex -1.050070e+001  2.505899e+001 -5.000000e+000
      vertex  1.550000e+001  3.000000e+001 -5.000000e+000
      vertex  1.589018e+001  2.996157e+001 -5.000000e+000
    endloop
  endfacet
  facet normal  0.000000e+000  -0.000000e+000 -1.000000e+000
    outer loop
      vertex -1.050070e+001  2.505899e+001 -5.000000e+000
      vertex  1.589018e+001  2.996157e+001 -5.000000e+000
      vertex  1.626537e+001  2.984776e+001 -5.000000e+000
    endloop
  endfacet
  facet normal  0.000000e+000  -0.000000e+000 -1.000000e+000
    outer loop
      vertex -1.050070e+001  2.505899e+001 -5.000000e+000
      vertex  1.626537e+001  2.984776e+001 -5.000000e+000
      vertex  1.661114e+001  2.966294e+001 -5.000000e+000
    endloop
  endfacet
  facet normal  0.000000e+000  -0.000000e+000 -1.000000e+000
    outer loop
      vertex -1.050070e+001  2.505899e+001 -5.000000e+000
      vertex  1.661114e+001  2.966294e+001 -5.000000e+000
      vertex  1.691421e+001  2.941421e+001 -5.000000e+000
    endloop
  endfacet
  facet normal  0.000000e+000  -0.000000e+000 -1.000000e+000
    outer loop
      vertex -1.050070e+001  2.505899e+001 -5.000000e+000
      vertex  1.691421e+001  2.941421e+001 -5.000000e+000
      vertex  1.716294e+001  2.911114e+001 -5.000000e+000
    endloop
  endfacet
  facet normal  0.000000e+000  -0.000000e+000 -1.000000e+000
    outer loop
      vertex -1.050070e+001  2.505899e+001 -5.000000e+000
      vertex  1.716294e+001  2.911114e+001 -5.000000e+000
      vertex  1.734776e+001  2.876537e+001 -5.000000e+000
    endloop
  endfacet
  facet normal  0.000000e+000  -0.000000e+000 -1.000000e+000
    outer loop
      vertex -1.050070e+001  2.505899e+001 -5.000000e+000
      vertex  1.734776e+001  2.876537e+001 -5.000000e+000
      vertex  1.746157e+001  2.839018e+001 -5.000000e+000
    endloop
  endfacet
  facet normal  0.000000e+000  -0.000000e+000 -1.000000e+000
    outer loop
      vertex -1.050070e+001  2.505899e+001 -5.000000e+000
      vertex  1.746157e+001  2.839018e+001 -5.000000e+000
      vertex  1.750000e+001  2.800000e+001 -5.000000e+000
    endloop
  endfacet
  facet normal  0.000000e+000  0.000000e+000 -1.000000e+000
    outer loop
      vertex  1.550000e+001 -3.000000e+001 -5.000000e+000
      vertex  1.143867e+001 -2.695250e+001 -5.000000e+000
      vertex  1.180144e+001 -2.719396e+001 -5.000000e+000
    endloop
  endfacet
  facet normal  0.000000e+000  0.000000e+000 -9.999999e-001
    outer loop
      vertex  1.550000e+001 -3.000000e+001 -5.000000e+000
      vertex  1.180144e+001 -2.719396e+001 -5.000000e+000
      vertex  1.220062e+001 -2.736875e+001 -5.000000e+000
    endloop
  endfacet
  facet normal  0.000000e+000  0.000000e+000 -1.000000e+000
    outer loop
      vertex  1.550000e+001 -3.000000e+001 -5.000000e+000
      vertex  1.220062e+001 -2.736875e+001 -5.000000e+000
      vertex  1.262410e+001 -2.747158e+001 -5.000000e+000
    endloop
  endfacet
  facet normal  0.000000e+000  0.000000e+000 -1.000000e+000
    outer loop
      vertex  1.550000e+001 -3.000000e+001 -5.000000e+000
      vertex  1.262410e+001 -2.747158e+001 -5.000000e+000
      vertex  1.305899e+001 -2.749930e+001 -5.000000e+000
    endloop
  endfacet
  facet normal  0.000000e+000  0.000000e+000 -1.000000e+000
    outer loop
      vertex  1.550000e+001 -3.000000e+001 -5.000000e+000
      vertex  1.305899e+001 -2.749930e+001 -5.000000e+000
      vertex  1.349209e+001 -2.745109e+001 -5.000000e+000
    endloop
  endfacet
  facet normal  0.000000e+000  0.000000e+000 -1.000000e+000
    outer loop
      vertex  1.550000e+001 -3.000000e+001 -5.000000e+000
      vertex  1.349209e+001 -2.745109e+001 -5.000000e+000
      vertex  1.391025e+001 -2.732840e+001 -5.000000e+000
    endloop
  endfacet
  facet normal  0.000000e+000  0.000000e+000 -1.000000e+000
    outer loop
      vertex  1.550000e+001 -3.000000e+001 -5.000000e+000
      vertex  1.391025e+001 -2.732840e+001 -5.000000e+000
      vertex  1.430074e+001 -2.713496e+001 -5.000000e+000
    endloop
  endfacet
  facet normal  0.000000e+000  0.000000e+000 -1.000000e+000
    outer loop
      vertex  1.550000e+001 -3.000000e+001 -5.000000e+000
      vertex  1.430074e+001 -2.713496e+001 -5.000000e+000
      vertex  1.465171e+001 -2.687666e+001 -5.000000e+000
    endloop
  endfacet
  facet normal  0.000000e+000  0.000000e+000 -1.000000e+000
    outer loop
      vertex  1.550000e+001 -3.000000e+001 -5.000000e+000
      vertex  1.465171e+001 -2.687666e+001 -5.000000e+000
      vertex  1.495250e+001 -2.656133e+001 -5.000000e+000
    endloop
  endfacet
  facet normal  0.000000e+000  0.000000e+000 -1.000000e+000
    outer loop
      vertex  1.550000e+001 -3.000000e+001 -5.000000e+000
      vertex  1.495250e+001 -2.656133e+001 -5.000000e+000
      vertex  1.519396e+001 -2.619856e+001 -5.000000e+000
    endloop
  endfacet
  facet normal  0.000000e+000  0.000000e+000 -1.000000e+000
    outer loop
      vertex  1.550000e+001 -3.000000e+001 -5.000000e+000
      vertex  1.519396e+001 -2.619856e+001 -5.000000e+000
      vertex  1.536875e+001 -2.579938e+001 -5.000000e+000
    endloop
  endfacet
  facet normal  0.000000e+000  0.000000e+000 -9.999999e-001
    outer loop
      vertex  1.550000e+001 -3.000000e+001 -5.000000e+000
      vertex  1.536875e+001 -2.579938e+001 -5.000000e+000
      vertex  1.547158e+001 -2.537590e+001 -5.000000e+000
    endloop
  endfacet
  facet normal  0.000000e+000  0.000000e+000 -1.000000e+000
    outer loop
      vertex  1.550000e+001 -3.000000e+001 -5.000000e+000
      vertex  1.547158e+001 -2.537590e+001 -5.000000e+000
      vertex  1.549930e+001 -2.494101e+001 -5.000000e+000
    endloop
  endfacet
  facet normal  0.000000e+000  0.000000e+000 -1.000000e+000
    outer loop
      vertex  1.550000e+001 -3.000000e+001 -5.000000e+000
      vertex  1.549930e+001 -2.494101e+001 -5.000000e+000
      vertex  1.750000e+001 -2.800000e+001 -5.000000e+000
    endloop
  endfacet
  facet normal  0.000000e+000  0.000000e+000 -1.000000e+000
    outer loop
      vertex  1.550000e+001 -3.000000e+001 -5.000000e+000
      vertex  1.750000e+001 -2.800000e+001 -5.000000e+000
      vertex  1.746157e+001 -2.839018e+001 -5.000000e+000
    endloop
  endfacet
  facet normal  0.000000e+000  0.000000e+000 -1.000000e+000
    outer loop
      vertex  1.550000e+001 -3.000000e+001 -5.000000e+000
      vertex  1.746157e+001 -2.839018e+001 -5.000000e+000
      vertex  1.734776e+001 -2.876537e+001 -5.000000e+000
    endloop
  endfacet
  facet normal  0.000000e+000  0.000000e+000 -1.000000e+000
    outer loop
      vertex  1.550000e+001 -3.000000e+001 -5.000000e+000
      vertex  1.734776e+001 -2.876537e+001 -5.000000e+000
      vertex  1.716294e+001 -2.911114e+001 -5.000000e+000
    endloop
  endfacet
  facet normal  0.000000e+000  0.000000e+000 -1.000000e+000
    outer loop
      vertex  1.550000e+001 -3.000000e+001 -5.000000e+000
      vertex  1.716294e+001 -2.911114e+001 -5.000000e+000
      vertex  1.691421e+001 -2.941421e+001 -5.000000e+000
    endloop
  endfacet
  facet normal  0.000000e+000  0.000000e+000 -9.999999e-001
    outer loop
      vertex  1.550000e+001 -3.000000e+001 -5.000000e+000
      vertex  1.691421e+001 -2.941421e+001 -5.000000e+000
      vertex  1.661114e+001 -2.966294e+001 -5.000000e+000
    endloop
  endfacet
  facet normal  0.000000e+000  0.000000e+000 -1.000000e+000
    outer loop
      vertex  1.550000e+001 -3.000000e+001 -5.000000e+000
      vertex  1.661114e+001 -2.966294e+001 -5.000000e+000
      vertex  1.626537e+001 -2.984776e+001 -5.000000e+000
    endloop
  endfacet
  facet normal  0.000000e+000  0.000000e+000 -1.000000e+000
    outer loop
      vertex  1.550000e+001 -3.000000e+001 -5.000000e+000
      vertex  1.626537e+001 -2.984776e+001 -5.000000e+000
      vertex  1.589018e+001 -2.996157e+001 -5.000000e+000
    endloop
  endfacet
  facet normal  0.000000e+000  0.000000e+000 -1.000000e+000
    outer loop
      vertex  1.750000e+001 -2.800000e+001 -5.000000e+000
      vertex  1.549930e+001 -2.494101e+001 -5.000000e+000
      vertex  1.545109e+001 -2.450791e+001 -5.000000e+000
    endloop
  endfacet
  facet normal  0.000000e+000  0.000000e+000 -1.000000e+000
    outer loop
      vertex  1.750000e+001 -2.800000e+001 -5.000000e+000
      vertex  1.545109e+001 -2.450791e+001 -5.000000e+000
      vertex  1.532840e+001 -2.408975e+001 -5.000000e+000
    endloop
  endfacet
  facet normal  0.000000e+000  0.000000e+000 -1.000000e+000
    outer loop
      vertex  1.750000e+001 -2.800000e+001 -5.000000e+000
      vertex  1.532840e+001 -2.408975e+001 -5.000000e+000
      vertex  1.513496e+001 -2.369926e+001 -5.000000e+000
    endloop
  endfacet
  facet normal  0.000000e+000  0.000000e+000 -1.000000e+000
    outer loop
      vertex  1.750000e+001 -2.800000e+001 -5.000000e+000
      vertex  1.513496e+001 -2.369926e+001 -5.000000e+000
      vertex  1.305899e+001  1.250070e+001 -5.000000e+000
    endloop
  endfacet
  facet normal  0.000000e+000  0.000000e+000 -1.000000e+000
    outer loop
      vertex  1.750000e+001 -2.800000e+001 -5.000000e+000
      vertex  1.305899e+001  1.250070e+001 -5.000000e+000
      vertex  1.349209e+001  1.254891e+001 -5.000000e+000
    endloop
  endfacet
  facet normal  0.000000e+000  0.000000e+000 -1.000000e+000
    outer loop
      vertex  1.750000e+001 -2.800000e+001 -5.000000e+000
      vertex  1.349209e+001  1.254891e+001 -5.000000e+000
      vertex  1.391025e+001  1.267160e+001 -5.000000e+000
    endloop
  endfacet
  facet normal  0.000000e+000  0.000000e+000 -1.000000e+000
    outer loop
      vertex  1.750000e+001 -2.800000e+001 -5.000000e+000
      vertex  1.391025e+001  1.267160e+001 -5.000000e+000
      vertex  1.430074e+001  1.286504e+001 -5.000000e+000
    endloop
  endfacet
  facet normal  0.000000e+000  0.000000e+000 -1.000000e+000
    outer loop
      vertex  1.750000e+001 -2.800000e+001 -5.000000e+000
      vertex  1.430074e+001  1.286504e+001 -5.000000e+000
      vertex  1.465171e+001  1.312334e+001 -5.000000e+000
    endloop
  endfacet
  facet normal  0.000000e+000  0.000000e+000 -1.000000e+000
    outer loop
      vertex  1.750000e+001 -2.800000e+001 -5.000000e+000
      vertex  1.465171e+001  1.312334e+001 -5.000000e+000
      vertex  1.495250e+001  1.343867e+001 -5.000000e+000
    endloop
  endfacet
  facet normal  0.000000e+000  0.000000e+000 -1.000000e+000
    outer loop
      vertex  1.750000e+001 -2.800000e+001 -5.000000e+000
      vertex  1.495250e+001  1.343867e+001 -5.000000e+000
      vertex  1.519396e+001  1.380144e+001 -5.000000e+000
    endloop
  endfacet
  facet normal  0.000000e+000  0.000000e+000 -1.000000e+000
    outer loop
      vertex  1.750000e+001 -2.800000e+001 -5.000000e+000
      vertex  1.519396e+001  1.380144e+001 -5.000000e+000
      vertex  1.536875e+001  1.420062e+001 -5.000000e+000
    endloop
  endfacet
  facet normal  0.000000e+000  0.000000e+000 -1.000000e+000
    outer loop
      vertex  1.750000e+001 -2.800000e+001 -5.000000e+000
      vertex  1.536875e+001  1.420062e+001 -5.000000e+000
      vertex  1.547158e+001  1.462410e+001 -5.000000e+000
    endloop
  endfacet
  facet normal  0.000000e+000  0.000000e+000 -1.000000e+000
    outer loop
      vertex  1.379938e+001 -2.263125e+001 -5.000000e+000
      vertex  1.337590e+001 -2.252842e+001 -5.000000e+000
      vertex -1.052842e+001 -1.537590e+001 -5.000000e+000
    endloop
  endfacet
  facet normal  0.000000e+000  0.000000e+000 -1.000000e+000
    outer loop
      vertex  1.379938e+001 -2.263125e+001 -5.000000e+000
      vertex -1.052842e+001 -1.537590e+001 -5.000000e+000
      vertex -1.050070e+001 -1.494101e+001 -5.000000e+000
    endloop
  endfacet
  facet normal  0.000000e+000  0.000000e+000 -1.000000e+000
    outer loop
      vertex  1.379938e+001 -2.263125e+001 -5.000000e+000
      vertex -1.050070e+001 -1.494101e+001 -5.000000e+000
      vertex  1.305899e+001  1.250070e+001 -5.000000e+000
    endloop
  endfacet
  facet normal  0.000000e+000  0.000000e+000 -1.000000e+000
    outer loop
      vertex  1.379938e+001 -2.263125e+001 -5.000000e+000
      vertex  1.305899e+001  1.250070e+001 -5.000000e+000
      vertex  1.419856e+001 -2.280604e+001 -5.000000e+000
    endloop
  endfacet
  facet normal  0.000000e+000  -0.000000e+000 -1.000000e+000
    outer loop
      vertex -1.050070e+001 -1.494101e+001 -5.000000e+000
      vertex  1.050070e+001  1.494101e+001 -5.000000e+000
      vertex  1.054891e+001  1.450791e+001 -5.000000e+000
    endloop
  endfacet
  facet normal  0.000000e+000  -0.000000e+000 -1.000000e+000
    outer loop
      vertex -1.050070e+001 -1.494101e+001 -5.000000e+000
      vertex  1.054891e+001  1.450791e+001 -5.000000e+000
      vertex  1.067160e+001  1.408975e+001 -5.000000e+000
    endloop
  endfacet
  facet normal  0.000000e+000  -0.000000e+000 -1.000000e+000
    outer loop
      vertex -1.050070e+001 -1.494101e+001 -5.000000e+000
      vertex  1.067160e+001  1.408975e+001 -5.000000e+000
      vertex  1.086504e+001  1.369926e+001 -5.000000e+000
    endloop
  endfacet
  facet normal  0.000000e+000  -0.000000e+000 -9.999999e-001
    outer loop
      vertex -1.050070e+001 -1.494101e+001 -5.000000e+000
      vertex  1.086504e+001  1.369926e+001 -5.000000e+000
      vertex  1.112334e+001  1.334829e+001 -5.000000e+000
    endloop
  endfacet
  facet normal  0.000000e+000  -0.000000e+000 -9.999999e-001
    outer loop
      vertex -1.050070e+001 -1.494101e+001 -5.000000e+000
      vertex  1.112334e+001  1.334829e+001 -5.000000e+000
      vertex  1.143867e+001  1.304750e+001 -5.000000e+000
    endloop
  endfacet
  facet normal  0.000000e+000  -0.000000e+000 -1.000000e+000
    outer loop
      vertex -1.050070e+001 -1.494101e+001 -5.000000e+000
      vertex  1.143867e+001  1.304750e+001 -5.000000e+000
      vertex  1.180144e+001  1.280604e+001 -5.000000e+000
    endloop
  endfacet
  facet normal  0.000000e+000  -0.000000e+000 -1.000000e+000
    outer loop
      vertex -1.050070e+001 -1.494101e+001 -5.000000e+000
      vertex  1.180144e+001  1.280604e+001 -5.000000e+000
      vertex  1.220062e+001  1.263125e+001 -5.000000e+000
    endloop
  endfacet
  facet normal  0.000000e+000  -0.000000e+000 -9.999999e-001
    outer loop
      vertex -1.050070e+001 -1.494101e+001 -5.000000e+000
      vertex  1.220062e+001  1.263125e+001 -5.000000e+000
      vertex  1.262410e+001  1.252842e+001 -5.000000e+000
    endloop
  endfacet
  facet normal  0.000000e+000  -0.000000e+000 -1.000000e+000
    outer loop
      vertex -1.050070e+001 -1.494101e+001 -5.000000e+000
      vertex  1.262410e+001  1.252842e+001 -5.000000e+000
      vertex  1.305899e+001  1.250070e+001 -5.000000e+000
    endloop
  endfacet
  facet normal  0.000000e+000  0.000000e+000 -1.000000e+000
    outer loop
      vertex -1.549930e+001 -1.505899e+001 -5.000000e+000
      vertex -1.750000e+001  2.800000e+001 -5.000000e+000
      vertex -1.549930e+001  2.494101e+001 -5.000000e+000
    endloop
  endfacet
  facet normal  0.000000e+000  0.000000e+000 -1.000000e+000
    outer loop
      vertex -1.549930e+001 -1.505899e+001 -5.000000e+000
      vertex -1.549930e+001  2.494101e+001 -5.000000e+000
      vertex -1.545109e+001  2.450791e+001 -5.000000e+000
    endloop
  endfacet
  facet normal  0.000000e+000  -0.000000e+000 -1.000000e+000
    outer loop
      vertex -1.549930e+001 -1.505899e+001 -5.000000e+000
      vertex -1.545109e+001  2.450791e+001 -5.000000e+000
      vertex -1.532840e+001  2.408975e+001 -5.000000e+000
    endloop
  endfacet
  facet normal  0.000000e+000  -0.000000e+000 -1.000000e+000
    outer loop
      vertex -1.549930e+001 -1.505899e+001 -5.000000e+000
      vertex -1.532840e+001  2.408975e+001 -5.000000e+000
      vertex -1.513496e+001  2.369926e+001 -5.000000e+000
    endloop
  endfacet
  facet normal  0.000000e+000  -0.000000e+000 -1.000000e+000
    outer loop
      vertex -1.549930e+001 -1.505899e+001 -5.000000e+000
      vertex -1.513496e+001  2.369926e+001 -5.000000e+000
      vertex -1.487666e+001  2.334829e+001 -5.000000e+000
    endloop
  endfacet
  facet normal  0.000000e+000  -0.000000e+000 -1.000000e+000
    outer loop
      vertex -1.549930e+001 -1.505899e+001 -5.000000e+000
      vertex -1.487666e+001  2.334829e+001 -5.000000e+000
      vertex -1.456133e+001  2.304750e+001 -5.000000e+000
    endloop
  endfacet
  facet normal  0.000000e+000  -0.000000e+000 -1.000000e+000
    outer loop
      vertex -1.549930e+001 -1.505899e+001 -5.000000e+000
      vertex -1.456133e+001  2.304750e+001 -5.000000e+000
      vertex -1.419856e+001  2.280604e+001 -5.000000e+000
    endloop
  endfacet
  facet normal  0.000000e+000  0.000000e+000 -1.000000e+000
    outer loop
      vertex -1.549930e+001 -1.505899e+001 -5.000000e+000
      vertex -1.419856e+001  2.280604e+001 -5.000000e+000
      vertex -1.547158e+001 -1.462410e+001 -5.000000e+000
    endloop
  endfacet
  facet normal  0.000000e+000  -0.000000e+000 -1.000000e+000
    outer loop
      vertex -1.550000e+001 -3.000000e+001 -5.000000e+000
      vertex  1.050070e+001 -2.505899e+001 -5.000000e+000
      vertex  1.054891e+001 -2.549209e+001 -5.000000e+000
    endloop
  endfacet
  facet normal  0.000000e+000  -0.000000e+000 -1.000000e+000
    outer loop
      vertex -1.550000e+001 -3.000000e+001 -5.000000e+000
      vertex  1.054891e+001 -2.549209e+001 -5.000000e+000
      vertex  1.067160e+001 -2.591025e+001 -5.000000e+000
    endloop
  endfacet
  facet normal  0.000000e+000  -0.000000e+000 -1.000000e+000
    outer loop
      vertex -1.550000e+001 -3.000000e+001 -5.000000e+000
      vertex  1.067160e+001 -2.591025e+001 -5.000000e+000
      vertex  1.086504e+001 -2.630074e+001 -5.000000e+000
    endloop
  endfacet
  facet normal  0.000000e+000  -0.000000e+000 -1.000000e+000
    outer loop
      vertex -1.550000e+001 -3.000000e+001 -5.000000e+000
      vertex  1.086504e+001 -2.630074e+001 -5.000000e+000
      vertex  1.112334e+001 -2.665171e+001 -5.000000e+000
    endloop
  endfacet
  facet normal  0.000000e+000  -0.000000e+000 -1.000000e+000
    outer loop
      vertex -1.550000e+001 -3.000000e+001 -5.000000e+000
      vertex  1.112334e+001 -2.665171e+001 -5.000000e+000
      vertex  1.143867e+001 -2.695250e+001 -5.000000e+000
    endloop
  endfacet
  facet normal  0.000000e+000  -0.000000e+000 -1.000000e+000
    outer loop
      vertex -1.550000e+001 -3.000000e+001 -5.000000e+000
      vertex  1.143867e+001 -2.695250e+001 -5.000000e+000
      vertex  1.550000e+001 -3.000000e+001 -5.000000e+000
    endloop
  endfacet
  facet normal  0.000000e+000  0.000000e+000 -1.000000e+000
    outer loop
      vertex  1.050070e+001  1.494101e+001 -5.000000e+000
      vertex -1.050070e+001 -1.494101e+001 -5.000000e+000
      vertex -1.054891e+001 -1.450791e+001 -5.000000e+000
    endloop
  endfacet
  facet normal  0.000000e+000  0.000000e+000 -1.000000e+000
    outer loop
      vertex  1.050070e+001  1.494101e+001 -5.000000e+000
      vertex -1.054891e+001 -1.450791e+001 -5.000000e+000
      vertex -1.067160e+001 -1.408975e+001 -5.000000e+000
    endloop
  endfacet
  facet normal  0.000000e+000  0.000000e+000 -1.000000e+000
    outer loop
      vertex  1.050070e+001  1.494101e+001 -5.000000e+000
      vertex -1.067160e+001 -1.408975e+001 -5.000000e+000
      vertex -1.086504e+001 -1.369926e+001 -5.000000e+000
    endloop
  endfacet
  facet normal  0.000000e+000  0.000000e+000 -9.999999e-001
    outer loop
      vertex  1.050070e+001  1.494101e+001 -5.000000e+000
      vertex -1.086504e+001 -1.369926e+001 -5.000000e+000
      vertex -1.112334e+001 -1.334829e+001 -5.000000e+000
    endloop
  endfacet
  facet normal  0.000000e+000  0.000000e+000 -9.999999e-001
    outer loop
      vertex  1.050070e+001  1.494101e+001 -5.000000e+000
      vertex -1.112334e+001 -1.334829e+001 -5.000000e+000
      vertex -1.143867e+001 -1.304750e+001 -5.000000e+000
    endloop
  endfacet
  facet normal  0.000000e+000  0.000000e+000 -1.000000e+000
    outer loop
      vertex  1.050070e+001  1.494101e+001 -5.000000e+000
      vertex -1.143867e+001 -1.304750e+001 -5.000000e+000
      vertex -1.180144e+001 -1.280604e+001 -5.000000e+000
    endloop
  endfacet
  facet normal  0.000000e+000  0.000000e+000 -1.000000e+000
    outer loop
      vertex  1.050070e+001  1.494101e+001 -5.000000e+000
      vertex -1.180144e+001 -1.280604e+001 -5.000000e+000
      vertex -1.220062e+001 -1.263125e+001 -5.000000e+000
    endloop
  endfacet
  facet normal  0.000000e+000  0.000000e+000 -9.999999e-001
    outer loop
      vertex  1.050070e+001  1.494101e+001 -5.000000e+000
      vertex -1.220062e+001 -1.263125e+001 -5.000000e+000
      vertex -1.262410e+001 -1.252842e+001 -5.000000e+000
    endloop
  endfacet
  facet normal  0.000000e+000  0.000000e+000 -1.000000e+000
    outer loop
      vertex  1.050070e+001  1.494101e+001 -5.000000e+000
      vertex -1.262410e+001 -1.252842e+001 -5.000000e+000
      vertex -1.305899e+001 -1.250070e+001 -5.000000e+000
    endloop
  endfacet
  facet normal  -0.000000e+000  0.000000e+000 -1.000000e+000
    outer loop
      vertex  1.050070e+001  1.494101e+001 -5.000000e+000
      vertex -1.305899e+001 -1.250070e+001 -5.000000e+000
      vertex -1.349209e+001 -1.254891e+001 -5.000000e+000
    endloop
  endfacet
  facet normal  -0.000000e+000  0.000000e+000 -1.000000e+000
    outer loop
      vertex  1.050070e+001  1.494101e+001 -5.000000e+000
      vertex -1.349209e+001 -1.254891e+001 -5.000000e+000
      vertex -1.391025e+001 -1.267160e+001 -5.000000e+000
    endloop
  endfacet
  facet normal  -0.000000e+000  0.000000e+000 -1.000000e+000
    outer loop
      vertex  1.050070e+001  1.494101e+001 -5.000000e+000
      vertex -1.391025e+001 -1.267160e+001 -5.000000e+000
      vertex -1.430074e+001 -1.286504e+001 -5.000000e+000
    endloop
  endfacet
  facet normal  -0.000000e+000  0.000000e+000 -1.000000e+000
    outer loop
      vertex  1.050070e+001  1.494101e+001 -5.000000e+000
      vertex -1.430074e+001 -1.286504e+001 -5.000000e+000
      vertex -1.465171e+001 -1.312334e+001 -5.000000e+000
    endloop
  endfacet
  facet normal  -0.000000e+000  0.000000e+000 -1.000000e+000
    outer loop
      vertex  1.050070e+001  1.494101e+001 -5.000000e+000
      vertex -1.465171e+001 -1.312334e+001 -5.000000e+000
      vertex -1.495250e+001 -1.343867e+001 -5.000000e+000
    endloop
  endfacet
  facet normal  0.000000e+000  0.000000e+000 -1.000000e+000
    outer loop
      vertex  1.550000e+001  3.000000e+001 -5.000000e+000
      vertex -1.050070e+001  2.505899e+001 -5.000000e+000
      vertex -1.054891e+001  2.549209e+001 -5.000000e+000
    endloop
  endfacet
  facet normal  0.000000e+000  0.000000e+000 -1.000000e+000
    outer loop
      vertex  1.550000e+001  3.000000e+001 -5.000000e+000
      vertex -1.054891e+001  2.549209e+001 -5.000000e+000
      vertex -1.067160e+001  2.591025e+001 -5.000000e+000
    endloop
  endfacet
  facet normal  0.000000e+000  0.000000e+000 -1.000000e+000
    outer loop
      vertex  1.550000e+001  3.000000e+001 -5.000000e+000
      vertex -1.067160e+001  2.591025e+001 -5.000000e+000
      vertex -1.086504e+001  2.630074e+001 -5.000000e+000
    endloop
  endfacet
  facet normal  0.000000e+000  0.000000e+000 -1.000000e+000
    outer loop
      vertex  1.550000e+001  3.000000e+001 -5.000000e+000
      vertex -1.086504e+001  2.630074e+001 -5.000000e+000
      vertex -1.112334e+001  2.665171e+001 -5.000000e+000
    endloop
  endfacet
  facet normal  0.000000e+000  0.000000e+000 -1.000000e+000
    outer loop
      vertex  1.550000e+001  3.000000e+001 -5.000000e+000
      vertex -1.112334e+001  2.665171e+001 -5.000000e+000
      vertex -1.143867e+001  2.695250e+001 -5.000000e+000
    endloop
  endfacet
  facet normal  0.000000e+000  0.000000e+000 -1.000000e+000
    outer loop
      vertex  1.550000e+001  3.000000e+001 -5.000000e+000
      vertex -1.143867e+001  2.695250e+001 -5.000000e+000
      vertex -1.180144e+001  2.719396e+001 -5.000000e+000
    endloop
  endfacet
  facet normal  0.000000e+000  0.000000e+000 -1.000000e+000
    outer loop
      vertex  1.550000e+001  3.000000e+001 -5.000000e+000
      vertex -1.180144e+001  2.719396e+001 -5.000000e+000
      vertex -1.220062e+001  2.736875e+001 -5.000000e+000
    endloop
  endfacet
  facet normal  0.000000e+000  0.000000e+000 -1.000000e+000
    outer loop
      vertex  1.550000e+001  3.000000e+001 -5.000000e+000
      vertex -1.220062e+001  2.736875e+001 -5.000000e+000
      vertex -1.262410e+001  2.747158e+001 -5.000000e+000
    endloop
  endfacet
  facet normal  0.000000e+000  0.000000e+000 -1.000000e+000
    outer loop
      vertex  1.550000e+001  3.000000e+001 -5.000000e+000
      vertex -1.262410e+001  2.747158e+001 -5.000000e+000
      vertex -1.305899e+001  2.749930e+001 -5.000000e+000
    endloop
  endfacet
  facet normal  -0.000000e+000  0.000000e+000 -1.000000e+000
    outer loop
      vertex -1.550000e+001  3.000000e+001 -5.000000e+000
      vertex  1.550000e+001  3.000000e+001 -5.000000e+000
      vertex -1.305899e+001  2.749930e+001 -5.000000e+000
    endloop
  endfacet
  facet normal  -0.000000e+000  0.000000e+000 -1.000000e+000
    outer loop
      vertex -1.550000e+001  3.000000e+001 -5.000000e+000
      vertex -1.305899e+001  2.749930e+001 -5.000000e+000
      vertex -1.349209e+001  2.745109e+001 -5.000000e+000
    endloop
  endfacet
  facet normal  -0.000000e+000  0.000000e+000 -1.000000e+000
    outer loop
      vertex -1.550000e+001  3.000000e+001 -5.000000e+000
      vertex -1.349209e+001  2.745109e+001 -5.000000e+000
      vertex -1.391025e+001  2.732840e+001 -5.000000e+000
    endloop
  endfacet
  facet normal  -0.000000e+000  0.000000e+000 -1.000000e+000
    outer loop
      vertex -1.550000e+001  3.000000e+001 -5.000000e+000
      vertex -1.391025e+001  2.732840e+001 -5.000000e+000
      vertex -1.430074e+001  2.713496e+001 -5.000000e+000
    endloop
  endfacet
  facet normal  -0.000000e+000  0.000000e+000 -1.000000e+000
    outer loop
      vertex -1.550000e+001  3.000000e+001 -5.000000e+000
      vertex -1.430074e+001  2.713496e+001 -5.000000e+000
      vertex -1.465171e+001  2.687666e+001 -5.000000e+000
    endloop
  endfacet
  facet normal  -0.000000e+000  0.000000e+000 -1.000000e+000
    outer loop
      vertex -1.550000e+001  3.000000e+001 -5.000000e+000
      vertex -1.465171e+001  2.687666e+001 -5.000000e+000
      vertex -1.495250e+001  2.656133e+001 -5.000000e+000
    endloop
  endfacet
  facet normal  -0.000000e+000  0.000000e+000 -1.000000e+000
    outer loop
      vertex -1.550000e+001  3.000000e+001 -5.000000e+000
      vertex -1.495250e+001  2.656133e+001 -5.000000e+000
      vertex -1.519396e+001  2.619856e+001 -5.000000e+000
    endloop
  endfacet
  facet normal  -0.000000e+000  0.000000e+000 -1.000000e+000
    outer loop
      vertex -1.550000e+001  3.000000e+001 -5.000000e+000
      vertex -1.519396e+001  2.619856e+001 -5.000000e+000
      vertex -1.536875e+001  2.579938e+001 -5.000000e+000
    endloop
  endfacet
  facet normal  -0.000000e+000  0.000000e+000 -9.999999e-001
    outer loop
      vertex -1.550000e+001  3.000000e+001 -5.000000e+000
      vertex -1.536875e+001  2.579938e+001 -5.000000e+000
      vertex -1.547158e+001  2.537590e+001 -5.000000e+000
    endloop
  endfacet
  facet normal  0.000000e+000  0.000000e+000 -1.000000e+000
    outer loop
      vertex -1.519396e+001 -1.380144e+001 -5.000000e+000
      vertex -1.536875e+001 -1.420062e+001 -5.000000e+000
      vertex -1.379938e+001  2.263125e+001 -5.000000e+000
    endloop
  endfacet
  facet normal  0.000000e+000  0.000000e+000 -9.999999e-001
    outer loop
      vertex -1.379938e+001  2.263125e+001 -5.000000e+000
      vertex -1.536875e+001 -1.420062e+001 -5.000000e+000
      vertex -1.547158e+001 -1.462410e+001 -5.000000e+000
    endloop
  endfacet
  facet normal  0.000000e+000  0.000000e+000 -9.999999e-001
    outer loop
      vertex -1.379938e+001  2.263125e+001 -5.000000e+000
      vertex -1.547158e+001 -1.462410e+001 -5.000000e+000
      vertex -1.419856e+001  2.280604e+001 -5.000000e+000
    endloop
  endfacet
  facet normal  0.000000e+000  1.000000e+000  0.000000e+000
    outer loop
      vertex -1.550000e+001  3.000000e+001 -5.000000e+000
      vertex -1.550000e+001  3.000000e+001  0.000000e+000
      vertex  1.550000e+001  3.000000e+001 -5.000000e+000
    endloop
  endfacet
  facet normal  0.000000e+000  1.000000e+000  -0.000000e+000
    outer loop
      vertex  1.550000e+001  3.000000e+001 -5.000000e+000
      vertex -1.550000e+001  3.000000e+001  0.000000e+000
      vertex  1.550000e+001  3.000000e+001  0.000000e+000
    endloop
  endfacet
  facet normal -1.000000e+000  0.000000e+000  0.000000e+000
    outer loop
      vertex -1.750000e+001 -2.800000e+001 -5.000000e+000
      vertex -1.750000e+001 -2.800000e+001  0.000000e+000
      vertex -1.750000e+001  2.800000e+001 -5.000000e+000
    endloop
  endfacet
  facet normal -1.000000e+000  0.000000e+000  0.000000e+000
    outer loop
      vertex -1.750000e+001  2.800000e+001 -5.000000e+000
      vertex -1.750000e+001 -2.800000e+001  0.000000e+000
      vertex -1.750000e+001  2.800000e+001  0.000000e+000
    endloop
  endfacet
  facet normal -9.801670e-002  9.951848e-001  0.000000e+000
    outer loop
      vertex -1.550000e+001  3.000000e+001  0.000000e+000
      vertex -1.550000e+001  3.000000e+001 -5.000000e+000
      vertex -1.589018e+001  2.996157e+001  0.000000e+000
    endloop
  endfacet
  facet normal -9.801670e-002  9.951848e-001  0.000000e+000
    outer loop
      vertex -1.589018e+001  2.996157e+001  0.000000e+000
      vertex -1.550000e+001  3.000000e+001 -5.000000e+000
      vertex -1.589018e+001  2.996157e+001 -5.000000e+000
    endloop
  endfacet
  facet normal -2.902842e-001  9.569405e-001  0.000000e+000
    outer loop
      vertex -1.589018e+001  2.996157e+001  0.000000e+000
      vertex -1.589018e+001  2.996157e+001 -5.000000e+000
      vertex -1.626537e+001  2.984776e+001  0.000000e+000
    endloop
  endfacet
  facet normal -2.902842e-001  9.569405e-001  0.000000e+000
    outer loop
      vertex -1.626537e+001  2.984776e+001  0.000000e+000
      vertex -1.589018e+001  2.996157e+001 -5.000000e+000
      vertex -1.626537e+001  2.984776e+001 -5.000000e+000
    endloop
  endfacet
  facet normal -4.713973e-001  8.819210e-001  0.000000e+000
    outer loop
      vertex -1.626537e+001  2.984776e+001  0.000000e+000
      vertex -1.626537e+001  2.984776e+001 -5.000000e+000
      vertex -1.661114e+001  2.966294e+001  0.000000e+000
    endloop
  endfacet
  facet normal -4.713973e-001  8.819210e-001  0.000000e+000
    outer loop
      vertex -1.661114e+001  2.966294e+001  0.000000e+000
      vertex -1.626537e+001  2.984776e+001 -5.000000e+000
      vertex -1.661114e+001  2.966294e+001 -5.000000e+000
    endloop
  endfacet
  facet normal -6.343951e-001  7.730090e-001  0.000000e+000
    outer loop
      vertex -1.661114e+001  2.966294e+001  0.000000e+000
      vertex -1.661114e+001  2.966294e+001 -5.000000e+000
      vertex -1.691421e+001  2.941421e+001  0.000000e+000
    endloop
  endfacet
  facet normal -6.343951e-001  7.730090e-001  0.000000e+000
    outer loop
      vertex -1.691421e+001  2.941421e+001  0.000000e+000
      vertex -1.661114e+001  2.966294e+001 -5.000000e+000
      vertex -1.691421e+001  2.941421e+001 -5.000000e+000
    endloop
  endfacet
  facet normal -7.730090e-001  6.343951e-001  0.000000e+000
    outer loop
      vertex -1.691421e+001  2.941421e+001  0.000000e+000
      vertex -1.691421e+001  2.941421e+001 -5.000000e+000
      vertex -1.716294e+001  2.911114e+001  0.000000e+000
    endloop
  endfacet
  facet normal -7.730090e-001  6.343951e-001  0.000000e+000
    outer loop
      vertex -1.716294e+001  2.911114e+001  0.000000e+000
      vertex -1.691421e+001  2.941421e+001 -5.000000e+000
      vertex -1.716294e+001  2.911114e+001 -5.000000e+000
    endloop
  endfacet
  facet normal -8.819210e-001  4.713973e-001  0.000000e+000
    outer loop
      vertex -1.716294e+001  2.911114e+001  0.000000e+000
      vertex -1.716294e+001  2.911114e+001 -5.000000e+000
      vertex -1.734776e+001  2.876537e+001  0.000000e+000
    endloop
  endfacet
  facet normal -8.819210e-001  4.713973e-001  0.000000e+000
    outer loop
      vertex -1.734776e+001  2.876537e+001  0.000000e+000
      vertex -1.716294e+001  2.911114e+001 -5.000000e+000
      vertex -1.734776e+001  2.876537e+001 -5.000000e+000
    endloop
  endfacet
  facet normal -9.569405e-001  2.902842e-001  0.000000e+000
    outer loop
      vertex -1.734776e+001  2.876537e+001  0.000000e+000
      vertex -1.734776e+001  2.876537e+001 -5.000000e+000
      vertex -1.746157e+001  2.839018e+001  0.000000e+000
    endloop
  endfacet
  facet normal -9.569405e-001  2.902842e-001  0.000000e+000
    outer loop
      vertex -1.746157e+001  2.839018e+001  0.000000e+000
      vertex -1.734776e+001  2.876537e+001 -5.000000e+000
      vertex -1.746157e+001  2.839018e+001 -5.000000e+000
    endloop
  endfacet
  facet normal -9.951848e-001  9.801670e-002  0.000000e+000
    outer loop
      vertex -1.746157e+001  2.839018e+001  0.000000e+000
      vertex -1.746157e+001  2.839018e+001 -5.000000e+000
      vertex -1.750000e+001  2.800000e+001  0.000000e+000
    endloop
  endfacet
  facet normal -9.951848e-001  9.801670e-002  0.000000e+000
    outer loop
      vertex -1.750000e+001  2.800000e+001  0.000000e+000
      vertex -1.746157e+001  2.839018e+001 -5.000000e+000
      vertex -1.750000e+001  2.800000e+001 -5.000000e+000
    endloop
  endfacet
  facet normal  1.000000e+000  0.000000e+000  0.000000e+000
    outer loop
      vertex  1.750000e+001  2.800000e+001 -5.000000e+000
      vertex  1.750000e+001  2.800000e+001  0.000000e+000
      vertex  1.750000e+001 -2.800000e+001 -5.000000e+000
    endloop
  endfacet
  facet normal  1.000000e+000  0.000000e+000  0.000000e+000
    outer loop
      vertex  1.750000e+001 -2.800000e+001 -5.000000e+000
      vertex  1.750000e+001  2.800000e+001  0.000000e+000
      vertex  1.750000e+001 -2.800000e+001  0.000000e+000
    endloop
  endfacet
  facet normal  9.951848e-001  9.801670e-002  -0.000000e+000
    outer loop
      vertex  1.750000e+001  2.800000e+001  0.000000e+000
      vertex  1.750000e+001  2.800000e+001 -5.000000e+000
      vertex  1.746157e+001  2.839018e+001  0.000000e+000
    endloop
  endfacet
  facet normal  9.951848e-001  9.801670e-002  0.000000e+000
    outer loop
      vertex  1.746157e+001  2.839018e+001  0.000000e+000
      vertex  1.750000e+001  2.800000e+001 -5.000000e+000
      vertex  1.746157e+001  2.839018e+001 -5.000000e+000
    endloop
  endfacet
  facet normal  9.569405e-001  2.902842e-001  -0.000000e+000
    outer loop
      vertex  1.746157e+001  2.839018e+001  0.000000e+000
      vertex  1.746157e+001  2.839018e+001 -5.000000e+000
      vertex  1.734776e+001  2.876537e+001  0.000000e+000
    endloop
  endfacet
  facet normal  9.569405e-001  2.902842e-001  0.000000e+000
    outer loop
      vertex  1.734776e+001  2.876537e+001  0.000000e+000
      vertex  1.746157e+001  2.839018e+001 -5.000000e+000
      vertex  1.734776e+001  2.876537e+001 -5.000000e+000
    endloop
  endfacet
  facet normal  8.819210e-001  4.713973e-001  -0.000000e+000
    outer loop
      vertex  1.734776e+001  2.876537e+001  0.000000e+000
      vertex  1.734776e+001  2.876537e+001 -5.000000e+000
      vertex  1.716294e+001  2.911114e+001  0.000000e+000
    endloop
  endfacet
  facet normal  8.819210e-001  4.713973e-001  0.000000e+000
    outer loop
      vertex  1.716294e+001  2.911114e+001  0.000000e+000
      vertex  1.734776e+001  2.876537e+001 -5.000000e+000
      vertex  1.716294e+001  2.911114e+001 -5.000000e+000
    endloop
  endfacet
  facet normal  7.730090e-001  6.343951e-001  -0.000000e+000
    outer loop
      vertex  1.716294e+001  2.911114e+001  0.000000e+000
      vertex  1.716294e+001  2.911114e+001 -5.000000e+000
      vertex  1.691421e+001  2.941421e+001  0.000000e+000
    endloop
  endfacet
  facet normal  7.730090e-001  6.343951e-001  0.000000e+000
    outer loop
      vertex  1.691421e+001  2.941421e+001  0.000000e+000
      vertex  1.716294e+001  2.911114e+001 -5.000000e+000
      vertex  1.691421e+001  2.941421e+001 -5.000000e+000
    endloop
  endfacet
  facet normal  6.343951e-001  7.730090e-001  -0.000000e+000
    outer loop
      vertex  1.691421e+001  2.941421e+001  0.000000e+000
      vertex  1.691421e+001  2.941421e+001 -5.000000e+000
      vertex  1.661114e+001  2.966294e+001  0.000000e+000
    endloop
  endfacet
  facet normal  6.343951e-001  7.730090e-001  0.000000e+000
    outer loop
      vertex  1.661114e+001  2.966294e+001  0.000000e+000
      vertex  1.691421e+001  2.941421e+001 -5.000000e+000
      vertex  1.661114e+001  2.966294e+001 -5.000000e+000
    endloop
  endfacet
  facet normal  4.713973e-001  8.819210e-001  -0.000000e+000
    outer loop
      vertex  1.661114e+001  2.966294e+001  0.000000e+000
      vertex  1.661114e+001  2.966294e+001 -5.000000e+000
      vertex  1.626537e+001  2.984776e+001  0.000000e+000
    endloop
  endfacet
  facet normal  4.713973e-001  8.819210e-001  0.000000e+000
    outer loop
      vertex  1.626537e+001  2.984776e+001  0.000000e+000
      vertex  1.661114e+001  2.966294e+001 -5.000000e+000
      vertex  1.626537e+001  2.984776e+001 -5.000000e+000
    endloop
  endfacet
  facet normal  2.902842e-001  9.569405e-001  -0.000000e+000
    outer loop
      vertex  1.626537e+001  2.984776e+001  0.000000e+000
      vertex  1.626537e+001  2.984776e+001 -5.000000e+000
      vertex  1.589018e+001  2.996157e+001  0.000000e+000
    endloop
  endfacet
  facet normal  2.902842e-001  9.569405e-001  0.000000e+000
    outer loop
      vertex  1.589018e+001  2.996157e+001  0.000000e+000
      vertex  1.626537e+001  2.984776e+001 -5.000000e+000
      vertex  1.589018e+001  2.996157e+001 -5.000000e+000
    endloop
  endfacet
  facet normal  9.801670e-002  9.951848e-001  -0.000000e+000
    outer loop
      vertex  1.589018e+001  2.996157e+001  0.000000e+000
      vertex  1.589018e+001  2.996157e+001 -5.000000e+000
      vertex  1.550000e+001  3.000000e+001  0.000000e+000
    endloop
  endfacet
  facet normal  9.801670e-002  9.951848e-001  0.000000e+000
    outer loop
      vertex  1.550000e+001  3.000000e+001  0.000000e+000
      vertex  1.589018e+001  2.996157e+001 -5.000000e+000
      vertex  1.550000e+001  3.000000e+001 -5.000000e+000
    endloop
  endfacet
  facet normal  0.000000e+000 -1.000000e+000  -0.000000e+000
    outer loop
      vertex  1.550000e+001 -3.000000e+001 -5.000000e+000
      vertex  1.550000e+001 -3.000000e+001  0.000000e+000
      vertex -1.550000e+001 -3.000000e+001 -5.000000e+000
    endloop
  endfacet
  facet normal  0.000000e+000 -1.000000e+000  0.000000e+000
    outer loop
      vertex -1.550000e+001 -3.000000e+001 -5.000000e+000
      vertex  1.550000e+001 -3.000000e+001  0.000000e+000
      vertex -1.550000e+001 -3.000000e+001  0.000000e+000
    endloop
  endfacet
  facet normal -9.951848e-001 -9.801670e-002  0.000000e+000
    outer loop
      vertex -1.750000e+001 -2.800000e+001  0.000000e+000
      vertex -1.750000e+001 -2.800000e+001 -5.000000e+000
      vertex -1.746157e+001 -2.839018e+001  0.000000e+000
    endloop
  endfacet
  facet normal -9.951848e-001 -9.801670e-002  -0.000000e+000
    outer loop
      vertex -1.746157e+001 -2.839018e+001  0.000000e+000
      vertex -1.750000e+001 -2.800000e+001 -5.000000e+000
      vertex -1.746157e+001 -2.839018e+001 -5.000000e+000
    endloop
  endfacet
  facet normal -9.569405e-001 -2.902842e-001  0.000000e+000
    outer loop
      vertex -1.746157e+001 -2.839018e+001  0.000000e+000
      vertex -1.746157e+001 -2.839018e+001 -5.000000e+000
      vertex -1.734776e+001 -2.876537e+001  0.000000e+000
    endloop
  endfacet
  facet normal -9.569405e-001 -2.902842e-001  -0.000000e+000
    outer loop
      vertex -1.734776e+001 -2.876537e+001  0.000000e+000
      vertex -1.746157e+001 -2.839018e+001 -5.000000e+000
      vertex -1.734776e+001 -2.876537e+001 -5.000000e+000
    endloop
  endfacet
  facet normal -8.819210e-001 -4.713973e-001  0.000000e+000
    outer loop
      vertex -1.734776e+001 -2.876537e+001  0.000000e+000
      vertex -1.734776e+001 -2.876537e+001 -5.000000e+000
      vertex -1.716294e+001 -2.911114e+001  0.000000e+000
    endloop
  endfacet
  facet normal -8.819210e-001 -4.713973e-001  -0.000000e+000
    outer loop
      vertex -1.716294e+001 -2.911114e+001  0.000000e+000
      vertex -1.734776e+001 -2.876537e+001 -5.000000e+000
      vertex -1.716294e+001 -2.911114e+001 -5.000000e+000
    endloop
  endfacet
  facet normal -7.730090e-001 -6.343951e-001  0.000000e+000
    outer loop
      vertex -1.716294e+001 -2.911114e+001  0.000000e+000
      vertex -1.716294e+001 -2.911114e+001 -5.000000e+000
      vertex -1.691421e+001 -2.941421e+001  0.000000e+000
    endloop
  endfacet
  facet normal -7.730090e-001 -6.343951e-001  -0.000000e+000
    outer loop
      vertex -1.691421e+001 -2.941421e+001  0.000000e+000
      vertex -1.716294e+001 -2.911114e+001 -5.000000e+000
      vertex -1.691421e+001 -2.941421e+001 -5.000000e+000
    endloop
  endfacet
  facet normal -6.343951e-001 -7.730090e-001  0.000000e+000
    outer loop
      vertex -1.691421e+001 -2.941421e+001  0.000000e+000
      vertex -1.691421e+001 -2.941421e+001 -5.000000e+000
      vertex -1.661114e+001 -2.966294e+001  0.000000e+000
    endloop
  endfacet
  facet normal -6.343951e-001 -7.730090e-001  -0.000000e+000
    outer loop
      vertex -1.661114e+001 -2.966294e+001  0.000000e+000
      vertex -1.691421e+001 -2.941421e+001 -5.000000e+000
      vertex -1.661114e+001 -2.966294e+001 -5.000000e+000
    endloop
  endfacet
  facet normal -4.713973e-001 -8.819210e-001  0.000000e+000
    outer loop
      vertex -1.661114e+001 -2.966294e+001  0.000000e+000
      vertex -1.661114e+001 -2.966294e+001 -5.000000e+000
      vertex -1.626537e+001 -2.984776e+001  0.000000e+000
    endloop
  endfacet
  facet normal -4.713973e-001 -8.819210e-001  -0.000000e+000
    outer loop
      vertex -1.626537e+001 -2.984776e+001  0.000000e+000
      vertex -1.661114e+001 -2.966294e+001 -5.000000e+000
      vertex -1.626537e+001 -2.984776e+001 -5.000000e+000
    endloop
  endfacet
  facet normal -2.902842e-001 -9.569405e-001  0.000000e+000
    outer loop
      vertex -1.626537e+001 -2.984776e+001  0.000000e+000
      vertex -1.626537e+001 -2.984776e+001 -5.000000e+000
      vertex -1.589018e+001 -2.996157e+001  0.000000e+000
    endloop
  endfacet
  facet normal -2.902842e-001 -9.569405e-001  -0.000000e+000
    outer loop
      vertex -1.589018e+001 -2.996157e+001  0.000000e+000
      vertex -1.626537e+001 -2.984776e+001 -5.000000e+000
      vertex -1.589018e+001 -2.996157e+001 -5.000000e+000
    endloop
  endfacet
  facet normal -9.801670e-002 -9.951848e-001  0.000000e+000
    outer loop
      vertex -1.589018e+001 -2.996157e+001  0.000000e+000
      vertex -1.589018e+001 -2.996157e+001 -5.000000e+000
      vertex -1.550000e+001 -3.000000e+001  0.000000e+000
    endloop
  endfacet
  facet normal -9.801670e-002 -9.951848e-001  -0.000000e+000
    outer loop
      vertex -1.550000e+001 -3.000000e+001  0.000000e+000
      vertex -1.589018e+001 -2.996157e+001 -5.000000e+000
      vertex -1.550000e+001 -3.000000e+001 -5.000000e+000
    endloop
  endfacet
  facet normal  9.801670e-002 -9.951848e-001  0.000000e+000
    outer loop
      vertex  1.550000e+001 -3.000000e+001  0.000000e+000
      vertex  1.550000e+001 -3.000000e+001 -5.000000e+000
      vertex  1.589018e+001 -2.996157e+001  0.000000e+000
    endloop
  endfacet
  facet normal  9.801670e-002 -9.951848e-001  0.000000e+000
    outer loop
      vertex  1.589018e+001 -2.996157e+001  0.000000e+000
      vertex  1.550000e+001 -3.000000e+001 -5.000000e+000
      vertex  1.589018e+001 -2.996157e+001 -5.000000e+000
    endloop
  endfacet
  facet normal  2.902842e-001 -9.569405e-001  0.000000e+000
    outer loop
      vertex  1.589018e+001 -2.996157e+001  0.000000e+000
      vertex  1.589018e+001 -2.996157e+001 -5.000000e+000
      vertex  1.626537e+001 -2.984776e+001  0.000000e+000
    endloop
  endfacet
  facet normal  2.902842e-001 -9.569405e-001  0.000000e+000
    outer loop
      vertex  1.626537e+001 -2.984776e+001  0.000000e+000
      vertex  1.589018e+001 -2.996157e+001 -5.000000e+000
      vertex  1.626537e+001 -2.984776e+001 -5.000000e+000
    endloop
  endfacet
  facet normal  4.713973e-001 -8.819210e-001  0.000000e+000
    outer loop
      vertex  1.626537e+001 -2.984776e+001  0.000000e+000
      vertex  1.626537e+001 -2.984776e+001 -5.000000e+000
      vertex  1.661114e+001 -2.966294e+001  0.000000e+000
    endloop
  endfacet
  facet normal  4.713973e-001 -8.819210e-001  0.000000e+000
    outer loop
      vertex  1.661114e+001 -2.966294e+001  0.000000e+000
      vertex  1.626537e+001 -2.984776e+001 -5.000000e+000
      vertex  1.661114e+001 -2.966294e+001 -5.000000e+000
    endloop
  endfacet
  facet normal  6.343951e-001 -7.730090e-001  0.000000e+000
    outer loop
      vertex  1.661114e+001 -2.966294e+001  0.000000e+000
      vertex  1.661114e+001 -2.966294e+001 -5.000000e+000
      vertex  1.691421e+001 -2.941421e+001  0.000000e+000
    endloop
  endfacet
  facet normal  6.343951e-001 -7.730090e-001  0.000000e+000
    outer loop
      vertex  1.691421e+001 -2.941421e+001  0.000000e+000
      vertex  1.661114e+001 -2.966294e+001 -5.000000e+000
      vertex  1.691421e+001 -2.941421e+001 -5.000000e+000
    endloop
  endfacet
  facet normal  7.730090e-001 -6.343951e-001  0.000000e+000
    outer loop
      vertex  1.691421e+001 -2.941421e+001  0.000000e+000
      vertex  1.691421e+001 -2.941421e+001 -5.000000e+000
      vertex  1.716294e+001 -2.911114e+001  0.000000e+000
    endloop
  endfacet
  facet normal  7.730090e-001 -6.343951e-001  0.000000e+000
    outer loop
      vertex  1.716294e+001 -2.911114e+001  0.000000e+000
      vertex  1.691421e+001 -2.941421e+001 -5.000000e+000
      vertex  1.716294e+001 -2.911114e+001 -5.000000e+000
    endloop
  endfacet
  facet normal  8.819210e-001 -4.713973e-001  0.000000e+000
    outer loop
      vertex  1.716294e+001 -2.911114e+001  0.000000e+000
      vertex  1.716294e+001 -2.911114e+001 -5.000000e+000
      vertex  1.734776e+001 -2.876537e+001  0.000000e+000
    endloop
  endfacet
  facet normal  8.819210e-001 -4.713973e-001  0.000000e+000
    outer loop
      vertex  1.734776e+001 -2.876537e+001  0.000000e+000
      vertex  1.716294e+001 -2.911114e+001 -5.000000e+000
      vertex  1.734776e+001 -2.876537e+001 -5.000000e+000
    endloop
  endfacet
  facet normal  9.569405e-001 -2.902842e-001  0.000000e+000
    outer loop
      vertex  1.734776e+001 -2.876537e+001  0.000000e+000
      vertex  1.734776e+001 -2.876537e+001 -5.000000e+000
      vertex  1.746157e+001 -2.839018e+001  0.000000e+000
    endloop
  endfacet
  facet normal  9.569405e-001 -2.902842e-001  0.000000e+000
    outer loop
      vertex  1.746157e+001 -2.839018e+001  0.000000e+000
      vertex  1.734776e+001 -2.876537e+001 -5.000000e+000
      vertex  1.746157e+001 -2.839018e+001 -5.000000e+000
    endloop
  endfacet
  facet normal  9.951848e-001 -9.801670e-002  0.000000e+000
    outer loop
      vertex  1.746157e+001 -2.839018e+001  0.000000e+000
      vertex  1.746157e+001 -2.839018e+001 -5.000000e+000
      vertex  1.750000e+001 -2.800000e+001  0.000000e+000
    endloop
  endfacet
  facet normal  9.951848e-001 -9.801670e-002  0.000000e+000
    outer loop
      vertex  1.750000e+001 -2.800000e+001  0.000000e+000
      vertex  1.746157e+001 -2.839018e+001 -5.000000e+000
      vertex  1.750000e+001 -2.800000e+001 -5.000000e+000
    endloop
  endfacet
  facet normal  5.540860e-001  8.324595e-001  -0.000000e+000
    outer loop
      vertex  1.180144e+001 -2.719396e+001  0.000000e+000
      vertex  1.143867e+001 -2.695250e+001 -5.000000e+000
      vertex  1.143867e+001 -2.695250e+001  0.000000e+000
    endloop
  endfacet
  facet normal  6.902252e-001  7.235945e-001  0.000000e+000
    outer loop
      vertex  1.143867e+001 -2.695250e+001  0.000000e+000
      vertex  1.143867e+001 -2.695250e+001 -5.000000e+000
      vertex  1.112334e+001 -2.665171e+001 -5.000000e+000
    endloop
  endfacet
  facet normal  6.902252e-001  7.235945e-001  -0.000000e+000
    outer loop
      vertex  1.143867e+001 -2.695250e+001  0.000000e+000
      vertex  1.112334e+001 -2.665171e+001 -5.000000e+000
      vertex  1.112334e+001 -2.665171e+001  0.000000e+000
    endloop
  endfacet
  facet normal  8.053903e-001  5.927449e-001  0.000000e+000
    outer loop
      vertex  1.112334e+001 -2.665171e+001  0.000000e+000
      vertex  1.112334e+001 -2.665171e+001 -5.000000e+000
      vertex  1.086504e+001 -2.630074e+001 -5.000000e+000
    endloop
  endfacet
  facet normal  8.053903e-001  5.927449e-001  -0.000000e+000
    outer loop
      vertex  1.112334e+001 -2.665171e+001  0.000000e+000
      vertex  1.086504e+001 -2.630074e+001 -5.000000e+000
      vertex  1.086504e+001 -2.630074e+001  0.000000e+000
    endloop
  endfacet
  facet normal  8.960824e-001  4.438876e-001  0.000000e+000
    outer loop
      vertex  1.086504e+001 -2.630074e+001  0.000000e+000
      vertex  1.086504e+001 -2.630074e+001 -5.000000e+000
      vertex  1.067160e+001 -2.591025e+001 -5.000000e+000
    endloop
  endfacet
  facet normal  8.960824e-001  4.438876e-001  -0.000000e+000
    outer loop
      vertex  1.086504e+001 -2.630074e+001  0.000000e+000
      vertex  1.067160e+001 -2.591025e+001 -5.000000e+000
      vertex  1.067160e+001 -2.591025e+001  0.000000e+000
    endloop
  endfacet
  facet normal  9.595501e-001  2.815378e-001  0.000000e+000
    outer loop
      vertex  1.067160e+001 -2.591025e+001  0.000000e+000
      vertex  1.067160e+001 -2.591025e+001 -5.000000e+000
      vertex  1.054891e+001 -2.549209e+001 -5.000000e+000
    endloop
  endfacet
  facet normal  9.595501e-001  2.815378e-001  -0.000000e+000
    outer loop
      vertex  1.067160e+001 -2.591025e+001  0.000000e+000
      vertex  1.054891e+001 -2.549209e+001 -5.000000e+000
      vertex  1.054891e+001 -2.549209e+001  0.000000e+000
    endloop
  endfacet
  facet normal  9.938606e-001  1.106391e-001  0.000000e+000
    outer loop
      vertex  1.054891e+001 -2.549209e+001  0.000000e+000
      vertex  1.054891e+001 -2.549209e+001 -5.000000e+000
      vertex  1.050070e+001 -2.505899e+001 -5.000000e+000
    endloop
  endfacet
  facet normal  9.938606e-001  1.106391e-001  -0.000000e+000
    outer loop
      vertex  1.054891e+001 -2.549209e+001  0.000000e+000
      vertex  1.050070e+001 -2.505899e+001 -5.000000e+000
      vertex  1.050070e+001 -2.505899e+001  0.000000e+000
    endloop
  endfacet
  facet normal  9.979740e-001 -6.362434e-002  0.000000e+000
    outer loop
      vertex  1.050070e+001 -2.505899e+001  0.000000e+000
      vertex  1.050070e+001 -2.505899e+001 -5.000000e+000
      vertex  1.052842e+001 -2.462410e+001 -5.000000e+000
    endloop
  endfacet
  facet normal  9.979740e-001 -6.362434e-002  0.000000e+000
    outer loop
      vertex  1.050070e+001 -2.505899e+001  0.000000e+000
      vertex  1.052842e+001 -2.462410e+001 -5.000000e+000
      vertex  1.052842e+001 -2.462410e+001  0.000000e+000
    endloop
  endfacet
  facet normal  9.717641e-001 -2.359544e-001  0.000000e+000
    outer loop
      vertex  1.052842e+001 -2.462410e+001  0.000000e+000
      vertex  1.052842e+001 -2.462410e+001 -5.000000e+000
      vertex  1.063125e+001 -2.420062e+001 -5.000000e+000
    endloop
  endfacet
  facet normal  9.717641e-001 -2.359544e-001  0.000000e+000
    outer loop
      vertex  1.052842e+001 -2.462410e+001  0.000000e+000
      vertex  1.063125e+001 -2.420062e+001 -5.000000e+000
      vertex  1.063125e+001 -2.420062e+001  0.000000e+000
    endloop
  endfacet
  facet normal  9.160278e-001 -4.011145e-001  0.000000e+000
    outer loop
      vertex  1.063125e+001 -2.420062e+001  0.000000e+000
      vertex  1.063125e+001 -2.420062e+001 -5.000000e+000
      vertex  1.080604e+001 -2.380144e+001 -5.000000e+000
    endloop
  endfacet
  facet normal  9.160278e-001 -4.011145e-001  0.000000e+000
    outer loop
      vertex  1.063125e+001 -2.420062e+001  0.000000e+000
      vertex  1.080604e+001 -2.380144e+001 -5.000000e+000
      vertex  1.080604e+001 -2.380144e+001  0.000000e+000
    endloop
  endfacet
  facet normal  5.540860e-001  8.324595e-001  0.000000e+000
    outer loop
      vertex  1.143867e+001 -2.695250e+001 -5.000000e+000
      vertex  1.180144e+001 -2.719396e+001  0.000000e+000
      vertex  1.180144e+001 -2.719396e+001 -5.000000e+000
    endloop
  endfacet
  facet normal  4.011145e-001  9.160278e-001  -0.000000e+000
    outer loop
      vertex  1.180144e+001 -2.719396e+001 -5.000000e+000
      vertex  1.180144e+001 -2.719396e+001  0.000000e+000
      vertex  1.220062e+001 -2.736875e+001  0.000000e+000
    endloop
  endfacet
  facet normal  4.011145e-001  9.160278e-001  0.000000e+000
    outer loop
      vertex  1.180144e+001 -2.719396e+001 -5.000000e+000
      vertex  1.220062e+001 -2.736875e+001  0.000000e+000
      vertex  1.220062e+001 -2.736875e+001 -5.000000e+000
    endloop
  endfacet
  facet normal  2.359529e-001  9.717645e-001  -0.000000e+000
    outer loop
      vertex  1.220062e+001 -2.736875e+001 -5.000000e+000
      vertex  1.220062e+001 -2.736875e+001  0.000000e+000
      vertex  1.262410e+001 -2.747158e+001  0.000000e+000
    endloop
  endfacet
  facet normal  2.359529e-001  9.717645e-001  0.000000e+000
    outer loop
      vertex  1.220062e+001 -2.736875e+001 -5.000000e+000
      vertex  1.262410e+001 -2.747158e+001  0.000000e+000
      vertex  1.262410e+001 -2.747158e+001 -5.000000e+000
    endloop
  endfacet
  facet normal  6.362665e-002  9.979739e-001  -0.000000e+000
    outer loop
      vertex  1.262410e+001 -2.747158e+001 -5.000000e+000
      vertex  1.262410e+001 -2.747158e+001  0.000000e+000
      vertex  1.305899e+001 -2.749930e+001  0.000000e+000
    endloop
  endfacet
  facet normal  6.362665e-002  9.979739e-001  0.000000e+000
    outer loop
      vertex  1.262410e+001 -2.747158e+001 -5.000000e+000
      vertex  1.305899e+001 -2.749930e+001  0.000000e+000
      vertex  1.305899e+001 -2.749930e+001 -5.000000e+000
    endloop
  endfacet
  facet normal -1.106386e-001  9.938607e-001  0.000000e+000
    outer loop
      vertex  1.305899e+001 -2.749930e+001 -5.000000e+000
      vertex  1.305899e+001 -2.749930e+001  0.000000e+000
      vertex  1.349209e+001 -2.745109e+001  0.000000e+000
    endloop
  endfacet
  facet normal -1.106386e-001  9.938607e-001  0.000000e+000
    outer loop
      vertex  1.305899e+001 -2.749930e+001 -5.000000e+000
      vertex  1.349209e+001 -2.745109e+001  0.000000e+000
      vertex  1.349209e+001 -2.745109e+001 -5.000000e+000
    endloop
  endfacet
  facet normal -2.815384e-001  9.595500e-001  0.000000e+000
    outer loop
      vertex  1.349209e+001 -2.745109e+001 -5.000000e+000
      vertex  1.349209e+001 -2.745109e+001  0.000000e+000
      vertex  1.391025e+001 -2.732840e+001  0.000000e+000
    endloop
  endfacet
  facet normal -2.815384e-001  9.595500e-001  0.000000e+000
    outer loop
      vertex  1.349209e+001 -2.745109e+001 -5.000000e+000
      vertex  1.391025e+001 -2.732840e+001  0.000000e+000
      vertex  1.391025e+001 -2.732840e+001 -5.000000e+000
    endloop
  endfacet
  facet normal -4.438885e-001  8.960821e-001  0.000000e+000
    outer loop
      vertex  1.391025e+001 -2.732840e+001 -5.000000e+000
      vertex  1.391025e+001 -2.732840e+001  0.000000e+000
      vertex  1.430074e+001 -2.713496e+001  0.000000e+000
    endloop
  endfacet
  facet normal -4.438885e-001  8.960821e-001  0.000000e+000
    outer loop
      vertex  1.391025e+001 -2.732840e+001 -5.000000e+000
      vertex  1.430074e+001 -2.713496e+001  0.000000e+000
      vertex  1.430074e+001 -2.713496e+001 -5.000000e+000
    endloop
  endfacet
  facet normal -5.927442e-001  8.053908e-001  0.000000e+000
    outer loop
      vertex  1.430074e+001 -2.713496e+001 -5.000000e+000
      vertex  1.430074e+001 -2.713496e+001  0.000000e+000
      vertex  1.465171e+001 -2.687666e+001  0.000000e+000
    endloop
  endfacet
  facet normal -5.927442e-001  8.053908e-001  0.000000e+000
    outer loop
      vertex  1.430074e+001 -2.713496e+001 -5.000000e+000
      vertex  1.465171e+001 -2.687666e+001  0.000000e+000
      vertex  1.465171e+001 -2.687666e+001 -5.000000e+000
    endloop
  endfacet
  facet normal -7.235966e-001  6.902230e-001  0.000000e+000
    outer loop
      vertex  1.465171e+001 -2.687666e+001 -5.000000e+000
      vertex  1.465171e+001 -2.687666e+001  0.000000e+000
      vertex  1.495250e+001 -2.656133e+001  0.000000e+000
    endloop
  endfacet
  facet normal -7.235966e-001  6.902230e-001  0.000000e+000
    outer loop
      vertex  1.465171e+001 -2.687666e+001 -5.000000e+000
      vertex  1.495250e+001 -2.656133e+001  0.000000e+000
      vertex  1.495250e+001 -2.656133e+001 -5.000000e+000
    endloop
  endfacet
  facet normal -8.324572e-001  5.540895e-001  0.000000e+000
    outer loop
      vertex  1.495250e+001 -2.656133e+001 -5.000000e+000
      vertex  1.495250e+001 -2.656133e+001  0.000000e+000
      vertex  1.519396e+001 -2.619856e+001  0.000000e+000
    endloop
  endfacet
  facet normal -8.324572e-001  5.540895e-001  0.000000e+000
    outer loop
      vertex  1.495250e+001 -2.656133e+001 -5.000000e+000
      vertex  1.519396e+001 -2.619856e+001  0.000000e+000
      vertex  1.519396e+001 -2.619856e+001 -5.000000e+000
    endloop
  endfacet
  facet normal -5.540860e-001 -8.324595e-001  0.000000e+000
    outer loop
      vertex  1.419856e+001 -2.280604e+001  0.000000e+000
      vertex  1.456133e+001 -2.304750e+001 -5.000000e+000
      vertex  1.456133e+001 -2.304750e+001  0.000000e+000
    endloop
  endfacet
  facet normal -6.902252e-001 -7.235945e-001  -0.000000e+000
    outer loop
      vertex  1.456133e+001 -2.304750e+001  0.000000e+000
      vertex  1.456133e+001 -2.304750e+001 -5.000000e+000
      vertex  1.487666e+001 -2.334829e+001 -5.000000e+000
    endloop
  endfacet
  facet normal -6.902252e-001 -7.235945e-001  0.000000e+000
    outer loop
      vertex  1.456133e+001 -2.304750e+001  0.000000e+000
      vertex  1.487666e+001 -2.334829e+001 -5.000000e+000
      vertex  1.487666e+001 -2.334829e+001  0.000000e+000
    endloop
  endfacet
  facet normal -8.053903e-001 -5.927449e-001  -0.000000e+000
    outer loop
      vertex  1.487666e+001 -2.334829e+001  0.000000e+000
      vertex  1.487666e+001 -2.334829e+001 -5.000000e+000
      vertex  1.513496e+001 -2.369926e+001 -5.000000e+000
    endloop
  endfacet
  facet normal -8.053903e-001 -5.927449e-001  0.000000e+000
    outer loop
      vertex  1.487666e+001 -2.334829e+001  0.000000e+000
      vertex  1.513496e+001 -2.369926e+001 -5.000000e+000
      vertex  1.513496e+001 -2.369926e+001  0.000000e+000
    endloop
  endfacet
  facet normal -8.960824e-001 -4.438876e-001  -0.000000e+000
    outer loop
      vertex  1.513496e+001 -2.369926e+001  0.000000e+000
      vertex  1.513496e+001 -2.369926e+001 -5.000000e+000
      vertex  1.532840e+001 -2.408975e+001 -5.000000e+000
    endloop
  endfacet
  facet normal -8.960824e-001 -4.438876e-001  0.000000e+000
    outer loop
      vertex  1.513496e+001 -2.369926e+001  0.000000e+000
      vertex  1.532840e+001 -2.408975e+001 -5.000000e+000
      vertex  1.532840e+001 -2.408975e+001  0.000000e+000
    endloop
  endfacet
  facet normal -9.595501e-001 -2.815378e-001  -0.000000e+000
    outer loop
      vertex  1.532840e+001 -2.408975e+001  0.000000e+000
      vertex  1.532840e+001 -2.408975e+001 -5.000000e+000
      vertex  1.545109e+001 -2.450791e+001 -5.000000e+000
    endloop
  endfacet
  facet normal -9.595501e-001 -2.815378e-001  0.000000e+000
    outer loop
      vertex  1.532840e+001 -2.408975e+001  0.000000e+000
      vertex  1.545109e+001 -2.450791e+001 -5.000000e+000
      vertex  1.545109e+001 -2.450791e+001  0.000000e+000
    endloop
  endfacet
  facet normal -9.938606e-001 -1.106391e-001  -0.000000e+000
    outer loop
      vertex  1.545109e+001 -2.450791e+001  0.000000e+000
      vertex  1.545109e+001 -2.450791e+001 -5.000000e+000
      vertex  1.549930e+001 -2.494101e+001 -5.000000e+000
    endloop
  endfacet
  facet normal -9.938606e-001 -1.106391e-001  0.000000e+000
    outer loop
      vertex  1.545109e+001 -2.450791e+001  0.000000e+000
      vertex  1.549930e+001 -2.494101e+001 -5.000000e+000
      vertex  1.549930e+001 -2.494101e+001  0.000000e+000
    endloop
  endfacet
  facet normal -9.979740e-001  6.362434e-002  0.000000e+000
    outer loop
      vertex  1.549930e+001 -2.494101e+001  0.000000e+000
      vertex  1.549930e+001 -2.494101e+001 -5.000000e+000
      vertex  1.547158e+001 -2.537590e+001 -5.000000e+000
    endloop
  endfacet
  facet normal -9.979740e-001  6.362434e-002  0.000000e+000
    outer loop
      vertex  1.549930e+001 -2.494101e+001  0.000000e+000
      vertex  1.547158e+001 -2.537590e+001 -5.000000e+000
      vertex  1.547158e+001 -2.537590e+001  0.000000e+000
    endloop
  endfacet
  facet normal -9.717641e-001  2.359544e-001  0.000000e+000
    outer loop
      vertex  1.547158e+001 -2.537590e+001  0.000000e+000
      vertex  1.547158e+001 -2.537590e+001 -5.000000e+000
      vertex  1.536875e+001 -2.579938e+001 -5.000000e+000
    endloop
  endfacet
  facet normal -9.717641e-001  2.359544e-001  0.000000e+000
    outer loop
      vertex  1.547158e+001 -2.537590e+001  0.000000e+000
      vertex  1.536875e+001 -2.579938e+001 -5.000000e+000
      vertex  1.536875e+001 -2.579938e+001  0.000000e+000
    endloop
  endfacet
  facet normal -9.160278e-001  4.011145e-001  0.000000e+000
    outer loop
      vertex  1.536875e+001 -2.579938e+001  0.000000e+000
      vertex  1.536875e+001 -2.579938e+001 -5.000000e+000
      vertex  1.519396e+001 -2.619856e+001 -5.000000e+000
    endloop
  endfacet
  facet normal -9.160278e-001  4.011145e-001  0.000000e+000
    outer loop
      vertex  1.536875e+001 -2.579938e+001  0.000000e+000
      vertex  1.519396e+001 -2.619856e+001 -5.000000e+000
      vertex  1.519396e+001 -2.619856e+001  0.000000e+000
    endloop
  endfacet
  facet normal -5.540860e-001 -8.324595e-001  -0.000000e+000
    outer loop
      vertex  1.456133e+001 -2.304750e+001 -5.000000e+000
      vertex  1.419856e+001 -2.280604e+001  0.000000e+000
      vertex  1.419856e+001 -2.280604e+001 -5.000000e+000
    endloop
  endfacet
  facet normal -4.011145e-001 -9.160278e-001  0.000000e+000
    outer loop
      vertex  1.419856e+001 -2.280604e+001 -5.000000e+000
      vertex  1.419856e+001 -2.280604e+001  0.000000e+000
      vertex  1.379938e+001 -2.263125e+001  0.000000e+000
    endloop
  endfacet
  facet normal -4.011145e-001 -9.160278e-001  -0.000000e+000
    outer loop
      vertex  1.419856e+001 -2.280604e+001 -5.000000e+000
      vertex  1.379938e+001 -2.263125e+001  0.000000e+000
      vertex  1.379938e+001 -2.263125e+001 -5.000000e+000
    endloop
  endfacet
  facet normal -2.359529e-001 -9.717645e-001  0.000000e+000
    outer loop
      vertex  1.379938e+001 -2.263125e+001 -5.000000e+000
      vertex  1.379938e+001 -2.263125e+001  0.000000e+000
      vertex  1.337590e+001 -2.252842e+001  0.000000e+000
    endloop
  endfacet
  facet normal -2.359529e-001 -9.717645e-001  -0.000000e+000
    outer loop
      vertex  1.379938e+001 -2.263125e+001 -5.000000e+000
      vertex  1.337590e+001 -2.252842e+001  0.000000e+000
      vertex  1.337590e+001 -2.252842e+001 -5.000000e+000
    endloop
  endfacet
  facet normal -6.362665e-002 -9.979739e-001  0.000000e+000
    outer loop
      vertex  1.337590e+001 -2.252842e+001 -5.000000e+000
      vertex  1.337590e+001 -2.252842e+001  0.000000e+000
      vertex  1.294101e+001 -2.250070e+001  0.000000e+000
    endloop
  endfacet
  facet normal -6.362665e-002 -9.979739e-001  -0.000000e+000
    outer loop
      vertex  1.337590e+001 -2.252842e+001 -5.000000e+000
      vertex  1.294101e+001 -2.250070e+001  0.000000e+000
      vertex  1.294101e+001 -2.250070e+001 -5.000000e+000
    endloop
  endfacet
  facet normal  1.106386e-001 -9.938607e-001  0.000000e+000
    outer loop
      vertex  1.294101e+001 -2.250070e+001 -5.000000e+000
      vertex  1.294101e+001 -2.250070e+001  0.000000e+000
      vertex  1.250791e+001 -2.254891e+001  0.000000e+000
    endloop
  endfacet
  facet normal  1.106386e-001 -9.938607e-001  0.000000e+000
    outer loop
      vertex  1.294101e+001 -2.250070e+001 -5.000000e+000
      vertex  1.250791e+001 -2.254891e+001  0.000000e+000
      vertex  1.250791e+001 -2.254891e+001 -5.000000e+000
    endloop
  endfacet
  facet normal  2.815384e-001 -9.595500e-001  0.000000e+000
    outer loop
      vertex  1.250791e+001 -2.254891e+001 -5.000000e+000
      vertex  1.250791e+001 -2.254891e+001  0.000000e+000
      vertex  1.208975e+001 -2.267160e+001  0.000000e+000
    endloop
  endfacet
  facet normal  2.815384e-001 -9.595500e-001  0.000000e+000
    outer loop
      vertex  1.250791e+001 -2.254891e+001 -5.000000e+000
      vertex  1.208975e+001 -2.267160e+001  0.000000e+000
      vertex  1.208975e+001 -2.267160e+001 -5.000000e+000
    endloop
  endfacet
  facet normal  4.438885e-001 -8.960821e-001  0.000000e+000
    outer loop
      vertex  1.208975e+001 -2.267160e+001 -5.000000e+000
      vertex  1.208975e+001 -2.267160e+001  0.000000e+000
      vertex  1.169926e+001 -2.286504e+001  0.000000e+000
    endloop
  endfacet
  facet normal  4.438885e-001 -8.960821e-001  0.000000e+000
    outer loop
      vertex  1.208975e+001 -2.267160e+001 -5.000000e+000
      vertex  1.169926e+001 -2.286504e+001  0.000000e+000
      vertex  1.169926e+001 -2.286504e+001 -5.000000e+000
    endloop
  endfacet
  facet normal  5.927442e-001 -8.053908e-001  0.000000e+000
    outer loop
      vertex  1.169926e+001 -2.286504e+001 -5.000000e+000
      vertex  1.169926e+001 -2.286504e+001  0.000000e+000
      vertex  1.134829e+001 -2.312334e+001  0.000000e+000
    endloop
  endfacet
  facet normal  5.927442e-001 -8.053908e-001  0.000000e+000
    outer loop
      vertex  1.169926e+001 -2.286504e+001 -5.000000e+000
      vertex  1.134829e+001 -2.312334e+001  0.000000e+000
      vertex  1.134829e+001 -2.312334e+001 -5.000000e+000
    endloop
  endfacet
  facet normal  7.235966e-001 -6.902230e-001  0.000000e+000
    outer loop
      vertex  1.134829e+001 -2.312334e+001 -5.000000e+000
      vertex  1.134829e+001 -2.312334e+001  0.000000e+000
      vertex  1.104750e+001 -2.343867e+001  0.000000e+000
    endloop
  endfacet
  facet normal  7.235966e-001 -6.902230e-001  0.000000e+000
    outer loop
      vertex  1.134829e+001 -2.312334e+001 -5.000000e+000
      vertex  1.104750e+001 -2.343867e+001  0.000000e+000
      vertex  1.104750e+001 -2.343867e+001 -5.000000e+000
    endloop
  endfacet
  facet normal  8.324572e-001 -5.540895e-001  0.000000e+000
    outer loop
      vertex  1.104750e+001 -2.343867e+001 -5.000000e+000
      vertex  1.104750e+001 -2.343867e+001  0.000000e+000
      vertex  1.080604e+001 -2.380144e+001  0.000000e+000
    endloop
  endfacet
  facet normal  8.324572e-001 -5.540895e-001  0.000000e+000
    outer loop
      vertex  1.104750e+001 -2.343867e+001 -5.000000e+000
      vertex  1.080604e+001 -2.380144e+001  0.000000e+000
      vertex  1.080604e+001 -2.380144e+001 -5.000000e+000
    endloop
  endfacet
  facet normal  5.540860e-001  8.324595e-001  -0.000000e+000
    outer loop
      vertex -1.419856e+001  2.280604e+001  0.000000e+000
      vertex -1.456133e+001  2.304750e+001 -5.000000e+000
      vertex -1.456133e+001  2.304750e+001  0.000000e+000
    endloop
  endfacet
  facet normal  6.902252e-001  7.235945e-001  0.000000e+000
    outer loop
      vertex -1.456133e+001  2.304750e+001  0.000000e+000
      vertex -1.456133e+001  2.304750e+001 -5.000000e+000
      vertex -1.487666e+001  2.334829e+001 -5.000000e+000
    endloop
  endfacet
  facet normal  6.902252e-001  7.235945e-001  -0.000000e+000
    outer loop
      vertex -1.456133e+001  2.304750e+001  0.000000e+000
      vertex -1.487666e+001  2.334829e+001 -5.000000e+000
      vertex -1.487666e+001  2.334829e+001  0.000000e+000
    endloop
  endfacet
  facet normal  8.053903e-001  5.927449e-001  0.000000e+000
    outer loop
      vertex -1.487666e+001  2.334829e+001  0.000000e+000
      vertex -1.487666e+001  2.334829e+001 -5.000000e+000
      vertex -1.513496e+001  2.369926e+001 -5.000000e+000
    endloop
  endfacet
  facet normal  8.053903e-001  5.927449e-001  -0.000000e+000
    outer loop
      vertex -1.487666e+001  2.334829e+001  0.000000e+000
      vertex -1.513496e+001  2.369926e+001 -5.000000e+000
      vertex -1.513496e+001  2.369926e+001  0.000000e+000
    endloop
  endfacet
  facet normal  8.960824e-001  4.438876e-001  0.000000e+000
    outer loop
      vertex -1.513496e+001  2.369926e+001  0.000000e+000
      vertex -1.513496e+001  2.369926e+001 -5.000000e+000
      vertex -1.532840e+001  2.408975e+001 -5.000000e+000
    endloop
  endfacet
  facet normal  8.960824e-001  4.438876e-001  -0.000000e+000
    outer loop
      vertex -1.513496e+001  2.369926e+001  0.000000e+000
      vertex -1.532840e+001  2.408975e+001 -5.000000e+000
      vertex -1.532840e+001  2.408975e+001  0.000000e+000
    endloop
  endfacet
  facet normal  9.595501e-001  2.815378e-001  0.000000e+000
    outer loop
      vertex -1.532840e+001  2.408975e+001  0.000000e+000
      vertex -1.532840e+001  2.408975e+001 -5.000000e+000
      vertex -1.545109e+001  2.450791e+001 -5.000000e+000
    endloop
  endfacet
  facet normal  9.595501e-001  2.815378e-001  -0.000000e+000
    outer loop
      vertex -1.532840e+001  2.408975e+001  0.000000e+000
      vertex -1.545109e+001  2.450791e+001 -5.000000e+000
      vertex -1.545109e+001  2.450791e+001  0.000000e+000
    endloop
  endfacet
  facet normal  9.938606e-001  1.106391e-001  0.000000e+000
    outer loop
      vertex -1.545109e+001  2.450791e+001  0.000000e+000
      vertex -1.545109e+001  2.450791e+001 -5.000000e+000
      vertex -1.549930e+001  2.494101e+001 -5.000000e+000
    endloop
  endfacet
  facet normal  9.938606e-001  1.106391e-001  -0.000000e+000
    outer loop
      vertex -1.545109e+001  2.450791e+001  0.000000e+000
      vertex -1.549930e+001  2.494101e+001 -5.000000e+000
      vertex -1.549930e+001  2.494101e+001  0.000000e+000
    endloop
  endfacet
  facet normal  9.979740e-001 -6.362434e-002  0.000000e+000
    outer loop
      vertex -1.549930e+001  2.494101e+001  0.000000e+000
      vertex -1.549930e+001  2.494101e+001 -5.000000e+000
      vertex -1.547158e+001  2.537590e+001 -5.000000e+000
    endloop
  endfacet
  facet normal  9.979740e-001 -6.362434e-002  0.000000e+000
    outer loop
      vertex -1.549930e+001  2.494101e+001  0.000000e+000
      vertex -1.547158e+001  2.537590e+001 -5.000000e+000
      vertex -1.547158e+001  2.537590e+001  0.000000e+000
    endloop
  endfacet
  facet normal  9.717641e-001 -2.359544e-001  0.000000e+000
    outer loop
      vertex -1.547158e+001  2.537590e+001  0.000000e+000
      vertex -1.547158e+001  2.537590e+001 -5.000000e+000
      vertex -1.536875e+001  2.579938e+001 -5.000000e+000
    endloop
  endfacet
  facet normal  9.717641e-001 -2.359544e-001  0.000000e+000
    outer loop
      vertex -1.547158e+001  2.537590e+001  0.000000e+000
      vertex -1.536875e+001  2.579938e+001 -5.000000e+000
      vertex -1.536875e+001  2.579938e+001  0.000000e+000
    endloop
  endfacet
  facet normal  9.160278e-001 -4.011145e-001  0.000000e+000
    outer loop
      vertex -1.536875e+001  2.579938e+001  0.000000e+000
      vertex -1.536875e+001  2.579938e+001 -5.000000e+000
      vertex -1.519396e+001  2.619856e+001 -5.000000e+000
    endloop
  endfacet
  facet normal  9.160278e-001 -4.011145e-001  0.000000e+000
    outer loop
      vertex -1.536875e+001  2.579938e+001  0.000000e+000
      vertex -1.519396e+001  2.619856e+001 -5.000000e+000
      vertex -1.519396e+001  2.619856e+001  0.000000e+000
    endloop
  endfacet
  facet normal  5.540860e-001  8.324595e-001  0.000000e+000
    outer loop
      vertex -1.456133e+001  2.304750e+001 -5.000000e+000
      vertex -1.419856e+001  2.280604e+001  0.000000e+000
      vertex -1.419856e+001  2.280604e+001 -5.000000e+000
    endloop
  endfacet
  facet normal  4.011145e-001  9.160278e-001  -0.000000e+000
    outer loop
      vertex -1.419856e+001  2.280604e+001 -5.000000e+000
      vertex -1.419856e+001  2.280604e+001  0.000000e+000
      vertex -1.379938e+001  2.263125e+001  0.000000e+000
    endloop
  endfacet
  facet normal  4.011145e-001  9.160278e-001  0.000000e+000
    outer loop
      vertex -1.419856e+001  2.280604e+001 -5.000000e+000
      vertex -1.379938e+001  2.263125e+001  0.000000e+000
      vertex -1.379938e+001  2.263125e+001 -5.000000e+000
    endloop
  endfacet
  facet normal  2.359529e-001  9.717645e-001  -0.000000e+000
    outer loop
      vertex -1.379938e+001  2.263125e+001 -5.000000e+000
      vertex -1.379938e+001  2.263125e+001  0.000000e+000
      vertex -1.337590e+001  2.252842e+001  0.000000e+000
    endloop
  endfacet
  facet normal  2.359529e-001  9.717645e-001  0.000000e+000
    outer loop
      vertex -1.379938e+001  2.263125e+001 -5.000000e+000
      vertex -1.337590e+001  2.252842e+001  0.000000e+000
      vertex -1.337590e+001  2.252842e+001 -5.000000e+000
    endloop
  endfacet
  facet normal  6.362665e-002  9.979739e-001  -0.000000e+000
    outer loop
      vertex -1.337590e+001  2.252842e+001 -5.000000e+000
      vertex -1.337590e+001  2.252842e+001  0.000000e+000
      vertex -1.294101e+001  2.250070e+001  0.000000e+000
    endloop
  endfacet
  facet normal  6.362665e-002  9.979739e-001  0.000000e+000
    outer loop
      vertex -1.337590e+001  2.252842e+001 -5.000000e+000
      vertex -1.294101e+001  2.250070e+001  0.000000e+000
      vertex -1.294101e+001  2.250070e+001 -5.000000e+000
    endloop
  endfacet
  facet normal -1.106386e-001  9.938607e-001  0.000000e+000
    outer loop
      vertex -1.294101e+001  2.250070e+001 -5.000000e+000
      vertex -1.294101e+001  2.250070e+001  0.000000e+000
      vertex -1.250791e+001  2.254891e+001  0.000000e+000
    endloop
  endfacet
  facet normal -1.106386e-001  9.938607e-001  0.000000e+000
    outer loop
      vertex -1.294101e+001  2.250070e+001 -5.000000e+000
      vertex -1.250791e+001  2.254891e+001  0.000000e+000
      vertex -1.250791e+001  2.254891e+001 -5.000000e+000
    endloop
  endfacet
  facet normal -2.815384e-001  9.595500e-001  0.000000e+000
    outer loop
      vertex -1.250791e+001  2.254891e+001 -5.000000e+000
      vertex -1.250791e+001  2.254891e+001  0.000000e+000
      vertex -1.208975e+001  2.267160e+001  0.000000e+000
    endloop
  endfacet
  facet normal -2.815384e-001  9.595500e-001  0.000000e+000
    outer loop
      vertex -1.250791e+001  2.254891e+001 -5.000000e+000
      vertex -1.208975e+001  2.267160e+001  0.000000e+000
      vertex -1.208975e+001  2.267160e+001 -5.000000e+000
    endloop
  endfacet
  facet normal -4.438885e-001  8.960821e-001  0.000000e+000
    outer loop
      vertex -1.208975e+001  2.267160e+001 -5.000000e+000
      vertex -1.208975e+001  2.267160e+001  0.000000e+000
      vertex -1.169926e+001  2.286504e+001  0.000000e+000
    endloop
  endfacet
  facet normal -4.438885e-001  8.960821e-001  0.000000e+000
    outer loop
      vertex -1.208975e+001  2.267160e+001 -5.000000e+000
      vertex -1.169926e+001  2.286504e+001  0.000000e+000
      vertex -1.169926e+001  2.286504e+001 -5.000000e+000
    endloop
  endfacet
  facet normal -5.927442e-001  8.053908e-001  0.000000e+000
    outer loop
      vertex -1.169926e+001  2.286504e+001 -5.000000e+000
      vertex -1.169926e+001  2.286504e+001  0.000000e+000
      vertex -1.134829e+001  2.312334e+001  0.000000e+000
    endloop
  endfacet
  facet normal -5.927442e-001  8.053908e-001  0.000000e+000
    outer loop
      vertex -1.169926e+001  2.286504e+001 -5.000000e+000
      vertex -1.134829e+001  2.312334e+001  0.000000e+000
      vertex -1.134829e+001  2.312334e+001 -5.000000e+000
    endloop
  endfacet
  facet normal -7.235966e-001  6.902230e-001  0.000000e+000
    outer loop
      vertex -1.134829e+001  2.312334e+001 -5.000000e+000
      vertex -1.134829e+001  2.312334e+001  0.000000e+000
      vertex -1.104750e+001  2.343867e+001  0.000000e+000
    endloop
  endfacet
  facet normal -7.235966e-001  6.902230e-001  0.000000e+000
    outer loop
      vertex -1.134829e+001  2.312334e+001 -5.000000e+000
      vertex -1.104750e+001  2.343867e+001  0.000000e+000
      vertex -1.104750e+001  2.343867e+001 -5.000000e+000
    endloop
  endfacet
  facet normal -8.324572e-001  5.540895e-001  0.000000e+000
    outer loop
      vertex -1.104750e+001  2.343867e+001 -5.000000e+000
      vertex -1.104750e+001  2.343867e+001  0.000000e+000
      vertex -1.080604e+001  2.380144e+001  0.000000e+000
    endloop
  endfacet
  facet normal -8.324572e-001  5.540895e-001  0.000000e+000
    outer loop
      vertex -1.104750e+001  2.343867e+001 -5.000000e+000
      vertex -1.080604e+001  2.380144e+001  0.000000e+000
      vertex -1.080604e+001  2.380144e+001 -5.000000e+000
    endloop
  endfacet
  facet normal -5.540860e-001 -8.324595e-001  0.000000e+000
    outer loop
      vertex -1.180144e+001  2.719396e+001  0.000000e+000
      vertex -1.143867e+001  2.695250e+001 -5.000000e+000
      vertex -1.143867e+001  2.695250e+001  0.000000e+000
    endloop
  endfacet
  facet normal -6.902252e-001 -7.235945e-001  -0.000000e+000
    outer loop
      vertex -1.143867e+001  2.695250e+001  0.000000e+000
      vertex -1.143867e+001  2.695250e+001 -5.000000e+000
      vertex -1.112334e+001  2.665171e+001 -5.000000e+000
    endloop
  endfacet
  facet normal -6.902252e-001 -7.235945e-001  0.000000e+000
    outer loop
      vertex -1.143867e+001  2.695250e+001  0.000000e+000
      vertex -1.112334e+001  2.665171e+001 -5.000000e+000
      vertex -1.112334e+001  2.665171e+001  0.000000e+000
    endloop
  endfacet
  facet normal -8.053903e-001 -5.927449e-001  -0.000000e+000
    outer loop
      vertex -1.112334e+001  2.665171e+001  0.000000e+000
      vertex -1.112334e+001  2.665171e+001 -5.000000e+000
      vertex -1.086504e+001  2.630074e+001 -5.000000e+000
    endloop
  endfacet
  facet normal -8.053903e-001 -5.927449e-001  0.000000e+000
    outer loop
      vertex -1.112334e+001  2.665171e+001  0.000000e+000
      vertex -1.086504e+001  2.630074e+001 -5.000000e+000
      vertex -1.086504e+001  2.630074e+001  0.000000e+000
    endloop
  endfacet
  facet normal -8.960824e-001 -4.438876e-001  -0.000000e+000
    outer loop
      vertex -1.086504e+001  2.630074e+001  0.000000e+000
      vertex -1.086504e+001  2.630074e+001 -5.000000e+000
      vertex -1.067160e+001  2.591025e+001 -5.000000e+000
    endloop
  endfacet
  facet normal -8.960824e-001 -4.438876e-001  0.000000e+000
    outer loop
      vertex -1.086504e+001  2.630074e+001  0.000000e+000
      vertex -1.067160e+001  2.591025e+001 -5.000000e+000
      vertex -1.067160e+001  2.591025e+001  0.000000e+000
    endloop
  endfacet
  facet normal -9.595501e-001 -2.815378e-001  -0.000000e+000
    outer loop
      vertex -1.067160e+001  2.591025e+001  0.000000e+000
      vertex -1.067160e+001  2.591025e+001 -5.000000e+000
      vertex -1.054891e+001  2.549209e+001 -5.000000e+000
    endloop
  endfacet
  facet normal -9.595501e-001 -2.815378e-001  0.000000e+000
    outer loop
      vertex -1.067160e+001  2.591025e+001  0.000000e+000
      vertex -1.054891e+001  2.549209e+001 -5.000000e+000
      vertex -1.054891e+001  2.549209e+001  0.000000e+000
    endloop
  endfacet
  facet normal -9.938606e-001 -1.106391e-001  -0.000000e+000
    outer loop
      vertex -1.054891e+001  2.549209e+001  0.000000e+000
      vertex -1.054891e+001  2.549209e+001 -5.000000e+000
      vertex -1.050070e+001  2.505899e+001 -5.000000e+000
    endloop
  endfacet
  facet normal -9.938606e-001 -1.106391e-001  0.000000e+000
    outer loop
      vertex -1.054891e+001  2.549209e+001  0.000000e+000
      vertex -1.050070e+001  2.505899e+001 -5.000000e+000
      vertex -1.050070e+001  2.505899e+001  0.000000e+000
    endloop
  endfacet
  facet normal -9.979740e-001  6.362434e-002  0.000000e+000
    outer loop
      vertex -1.050070e+001  2.505899e+001  0.000000e+000
      vertex -1.050070e+001  2.505899e+001 -5.000000e+000
      vertex -1.052842e+001  2.462410e+001 -5.000000e+000
    endloop
  endfacet
  facet normal -9.979740e-001  6.362434e-002  0.000000e+000
    outer loop
      vertex -1.050070e+001  2.505899e+001  0.000000e+000
      vertex -1.052842e+001  2.462410e+001 -5.000000e+000
      vertex -1.052842e+001  2.462410e+001  0.000000e+000
    endloop
  endfacet
  facet normal -9.717641e-001  2.359544e-001  0.000000e+000
    outer loop
      vertex -1.052842e+001  2.462410e+001  0.000000e+000
      vertex -1.052842e+001  2.462410e+001 -5.000000e+000
      vertex -1.063125e+001  2.420062e+001 -5.000000e+000
    endloop
  endfacet
  facet normal -9.717641e-001  2.359544e-001  0.000000e+000
    outer loop
      vertex -1.052842e+001  2.462410e+001  0.000000e+000
      vertex -1.063125e+001  2.420062e+001 -5.000000e+000
      vertex -1.063125e+001  2.420062e+001  0.000000e+000
    endloop
  endfacet
  facet normal -9.160278e-001  4.011145e-001  0.000000e+000
    outer loop
      vertex -1.063125e+001  2.420062e+001  0.000000e+000
      vertex -1.063125e+001  2.420062e+001 -5.000000e+000
      vertex -1.080604e+001  2.380144e+001 -5.000000e+000
    endloop
  endfacet
  facet normal -9.160278e-001  4.011145e-001  0.000000e+000
    outer loop
      vertex -1.063125e+001  2.420062e+001  0.000000e+000
      vertex -1.080604e+001  2.380144e+001 -5.000000e+000
      vertex -1.080604e+001  2.380144e+001  0.000000e+000
    endloop
  endfacet
  facet normal -5.540860e-001 -8.324595e-001  -0.000000e+000
    outer loop
      vertex -1.143867e+001  2.695250e+001 -5.000000e+000
      vertex -1.180144e+001  2.719396e+001  0.000000e+000
      vertex -1.180144e+001  2.719396e+001 -5.000000e+000
    endloop
  endfacet
  facet normal -4.011145e-001 -9.160278e-001  0.000000e+000
    outer loop
      vertex -1.180144e+001  2.719396e+001 -5.000000e+000
      vertex -1.180144e+001  2.719396e+001  0.000000e+000
      vertex -1.220062e+001  2.736875e+001  0.000000e+000
    endloop
  endfacet
  facet normal -4.011145e-001 -9.160278e-001  -0.000000e+000
    outer loop
      vertex -1.180144e+001  2.719396e+001 -5.000000e+000
      vertex -1.220062e+001  2.736875e+001  0.000000e+000
      vertex -1.220062e+001  2.736875e+001 -5.000000e+000
    endloop
  endfacet
  facet normal -2.359529e-001 -9.717645e-001  0.000000e+000
    outer loop
      vertex -1.220062e+001  2.736875e+001 -5.000000e+000
      vertex -1.220062e+001  2.736875e+001  0.000000e+000
      vertex -1.262410e+001  2.747158e+001  0.000000e+000
    endloop
  endfacet
  facet normal -2.359529e-001 -9.717645e-001  -0.000000e+000
    outer loop
      vertex -1.220062e+001  2.736875e+001 -5.000000e+000
      vertex -1.262410e+001  2.747158e+001  0.000000e+000
      vertex -1.262410e+001  2.747158e+001 -5.000000e+000
    endloop
  endfacet
  facet normal -6.362665e-002 -9.979739e-001  0.000000e+000
    outer loop
      vertex -1.262410e+001  2.747158e+001 -5.000000e+000
      vertex -1.262410e+001  2.747158e+001  0.000000e+000
      vertex -1.305899e+001  2.749930e+001  0.000000e+000
    endloop
  endfacet
  facet normal -6.362665e-002 -9.979739e-001  -0.000000e+000
    outer loop
      vertex -1.262410e+001  2.747158e+001 -5.000000e+000
      vertex -1.305899e+001  2.749930e+001  0.000000e+000
      vertex -1.305899e+001  2.749930e+001 -5.000000e+000
    endloop
  endfacet
  facet normal  1.106386e-001 -9.938607e-001  0.000000e+000
    outer loop
      vertex -1.305899e+001  2.749930e+001 -5.000000e+000
      vertex -1.305899e+001  2.749930e+001  0.000000e+000
      vertex -1.349209e+001  2.745109e+001  0.000000e+000
    endloop
  endfacet
  facet normal  1.106386e-001 -9.938607e-001  0.000000e+000
    outer loop
      vertex -1.305899e+001  2.749930e+001 -5.000000e+000
      vertex -1.349209e+001  2.745109e+001  0.000000e+000
      vertex -1.349209e+001  2.745109e+001 -5.000000e+000
    endloop
  endfacet
  facet normal  2.815384e-001 -9.595500e-001  0.000000e+000
    outer loop
      vertex -1.349209e+001  2.745109e+001 -5.000000e+000
      vertex -1.349209e+001  2.745109e+001  0.000000e+000
      vertex -1.391025e+001  2.732840e+001  0.000000e+000
    endloop
  endfacet
  facet normal  2.815384e-001 -9.595500e-001  0.000000e+000
    outer loop
      vertex -1.349209e+001  2.745109e+001 -5.000000e+000
      vertex -1.391025e+001  2.732840e+001  0.000000e+000
      vertex -1.391025e+001  2.732840e+001 -5.000000e+000
    endloop
  endfacet
  facet normal  4.438885e-001 -8.960821e-001  0.000000e+000
    outer loop
      vertex -1.391025e+001  2.732840e+001 -5.000000e+000
      vertex -1.391025e+001  2.732840e+001  0.000000e+000
      vertex -1.430074e+001  2.713496e+001  0.000000e+000
    endloop
  endfacet
  facet normal  4.438885e-001 -8.960821e-001  0.000000e+000
    outer loop
      vertex -1.391025e+001  2.732840e+001 -5.000000e+000
      vertex -1.430074e+001  2.713496e+001  0.000000e+000
      vertex -1.430074e+001  2.713496e+001 -5.000000e+000
    endloop
  endfacet
  facet normal  5.927442e-001 -8.053908e-001  0.000000e+000
    outer loop
      vertex -1.430074e+001  2.713496e+001 -5.000000e+000
      vertex -1.430074e+001  2.713496e+001  0.000000e+000
      vertex -1.465171e+001  2.687666e+001  0.000000e+000
    endloop
  endfacet
  facet normal  5.927442e-001 -8.053908e-001  0.000000e+000
    outer loop
      vertex -1.430074e+001  2.713496e+001 -5.000000e+000
      vertex -1.465171e+001  2.687666e+001  0.000000e+000
      vertex -1.465171e+001  2.687666e+001 -5.000000e+000
    endloop
  endfacet
  facet normal  7.235966e-001 -6.902230e-001  0.000000e+000
    outer loop
      vertex -1.465171e+001  2.687666e+001 -5.000000e+000
      vertex -1.465171e+001  2.687666e+001  0.000000e+000
      vertex -1.495250e+001  2.656133e+001  0.000000e+000
    endloop
  endfacet
  facet normal  7.235966e-001 -6.902230e-001  0.000000e+000
    outer loop
      vertex -1.465171e+001  2.687666e+001 -5.000000e+000
      vertex -1.495250e+001  2.656133e+001  0.000000e+000
      vertex -1.495250e+001  2.656133e+001 -5.000000e+000
    endloop
  endfacet
  facet normal  8.324572e-001 -5.540895e-001  0.000000e+000
    outer loop
      vertex -1.495250e+001  2.656133e+001 -5.000000e+000
      vertex -1.495250e+001  2.656133e+001  0.000000e+000
      vertex -1.519396e+001  2.619856e+001  0.000000e+000
    endloop
  endfacet
  facet normal  8.324572e-001 -5.540895e-001  0.000000e+000
    outer loop
      vertex -1.495250e+001  2.656133e+001 -5.000000e+000
      vertex -1.519396e+001  2.619856e+001  0.000000e+000
      vertex -1.519396e+001  2.619856e+001 -5.000000e+000
    endloop
  endfacet
  facet normal  5.540860e-001  8.324595e-001  -0.000000e+000
    outer loop
      vertex -1.419856e+001 -1.719396e+001  0.000000e+000
      vertex -1.456133e+001 -1.695250e+001 -5.000000e+000
      vertex -1.456133e+001 -1.695250e+001  0.000000e+000
    endloop
  endfacet
  facet normal  6.902252e-001  7.235945e-001  0.000000e+000
    outer loop
      vertex -1.456133e+001 -1.695250e+001  0.000000e+000
      vertex -1.456133e+001 -1.695250e+001 -5.000000e+000
      vertex -1.487666e+001 -1.665171e+001 -5.000000e+000
    endloop
  endfacet
  facet normal  6.902252e-001  7.235945e-001  -0.000000e+000
    outer loop
      vertex -1.456133e+001 -1.695250e+001  0.000000e+000
      vertex -1.487666e+001 -1.665171e+001 -5.000000e+000
      vertex -1.487666e+001 -1.665171e+001  0.000000e+000
    endloop
  endfacet
  facet normal  8.053903e-001  5.927449e-001  0.000000e+000
    outer loop
      vertex -1.487666e+001 -1.665171e+001  0.000000e+000
      vertex -1.487666e+001 -1.665171e+001 -5.000000e+000
      vertex -1.513496e+001 -1.630074e+001 -5.000000e+000
    endloop
  endfacet
  facet normal  8.053903e-001  5.927449e-001  -0.000000e+000
    outer loop
      vertex -1.487666e+001 -1.665171e+001  0.000000e+000
      vertex -1.513496e+001 -1.630074e+001 -5.000000e+000
      vertex -1.513496e+001 -1.630074e+001  0.000000e+000
    endloop
  endfacet
  facet normal  8.960824e-001  4.438876e-001  0.000000e+000
    outer loop
      vertex -1.513496e+001 -1.630074e+001  0.000000e+000
      vertex -1.513496e+001 -1.630074e+001 -5.000000e+000
      vertex -1.532840e+001 -1.591025e+001 -5.000000e+000
    endloop
  endfacet
  facet normal  8.960824e-001  4.438876e-001  -0.000000e+000
    outer loop
      vertex -1.513496e+001 -1.630074e+001  0.000000e+000
      vertex -1.532840e+001 -1.591025e+001 -5.000000e+000
      vertex -1.532840e+001 -1.591025e+001  0.000000e+000
    endloop
  endfacet
  facet normal  9.595500e-001  2.815384e-001  0.000000e+000
    outer loop
      vertex -1.532840e+001 -1.591025e+001  0.000000e+000
      vertex -1.532840e+001 -1.591025e+001 -5.000000e+000
      vertex -1.545109e+001 -1.549209e+001 -5.000000e+000
    endloop
  endfacet
  facet normal  9.595500e-001  2.815384e-001  -0.000000e+000
    outer loop
      vertex -1.532840e+001 -1.591025e+001  0.000000e+000
      vertex -1.545109e+001 -1.549209e+001 -5.000000e+000
      vertex -1.545109e+001 -1.549209e+001  0.000000e+000
    endloop
  endfacet
  facet normal  9.938607e-001  1.106386e-001  0.000000e+000
    outer loop
      vertex -1.545109e+001 -1.549209e+001  0.000000e+000
      vertex -1.545109e+001 -1.549209e+001 -5.000000e+000
      vertex -1.549930e+001 -1.505899e+001 -5.000000e+000
    endloop
  endfacet
  facet normal  9.938607e-001  1.106386e-001  -0.000000e+000
    outer loop
      vertex -1.545109e+001 -1.549209e+001  0.000000e+000
      vertex -1.549930e+001 -1.505899e+001 -5.000000e+000
      vertex -1.549930e+001 -1.505899e+001  0.000000e+000
    endloop
  endfacet
  facet normal  9.979739e-001 -6.362447e-002  0.000000e+000
    outer loop
      vertex -1.549930e+001 -1.505899e+001  0.000000e+000
      vertex -1.549930e+001 -1.505899e+001 -5.000000e+000
      vertex -1.547158e+001 -1.462410e+001 -5.000000e+000
    endloop
  endfacet
  facet normal  9.979739e-001 -6.362447e-002  0.000000e+000
    outer loop
      vertex -1.549930e+001 -1.505899e+001  0.000000e+000
      vertex -1.547158e+001 -1.462410e+001 -5.000000e+000
      vertex -1.547158e+001 -1.462410e+001  0.000000e+000
    endloop
  endfacet
  facet normal  9.717639e-001 -2.359549e-001  0.000000e+000
    outer loop
      vertex -1.547158e+001 -1.462410e+001  0.000000e+000
      vertex -1.547158e+001 -1.462410e+001 -5.000000e+000
      vertex -1.536875e+001 -1.420062e+001 -5.000000e+000
    endloop
  endfacet
  facet normal  9.717639e-001 -2.359549e-001  0.000000e+000
    outer loop
      vertex -1.547158e+001 -1.462410e+001  0.000000e+000
      vertex -1.536875e+001 -1.420062e+001 -5.000000e+000
      vertex -1.536875e+001 -1.420062e+001  0.000000e+000
    endloop
  endfacet
  facet normal  9.160278e-001 -4.011145e-001  0.000000e+000
    outer loop
      vertex -1.536875e+001 -1.420062e+001  0.000000e+000
      vertex -1.536875e+001 -1.420062e+001 -5.000000e+000
      vertex -1.519396e+001 -1.380144e+001 -5.000000e+000
    endloop
  endfacet
  facet normal  9.160278e-001 -4.011145e-001  0.000000e+000
    outer loop
      vertex -1.536875e+001 -1.420062e+001  0.000000e+000
      vertex -1.519396e+001 -1.380144e+001 -5.000000e+000
      vertex -1.519396e+001 -1.380144e+001  0.000000e+000
    endloop
  endfacet
  facet normal  5.540860e-001  8.324595e-001  0.000000e+000
    outer loop
      vertex -1.456133e+001 -1.695250e+001 -5.000000e+000
      vertex -1.419856e+001 -1.719396e+001  0.000000e+000
      vertex -1.419856e+001 -1.719396e+001 -5.000000e+000
    endloop
  endfacet
  facet normal  4.011145e-001  9.160278e-001  -0.000000e+000
    outer loop
      vertex -1.419856e+001 -1.719396e+001 -5.000000e+000
      vertex -1.419856e+001 -1.719396e+001  0.000000e+000
      vertex -1.379938e+001 -1.736875e+001  0.000000e+000
    endloop
  endfacet
  facet normal  4.011145e-001  9.160278e-001  0.000000e+000
    outer loop
      vertex -1.419856e+001 -1.719396e+001 -5.000000e+000
      vertex -1.379938e+001 -1.736875e+001  0.000000e+000
      vertex -1.379938e+001 -1.736875e+001 -5.000000e+000
    endloop
  endfacet
  facet normal  2.359529e-001  9.717645e-001  -0.000000e+000
    outer loop
      vertex -1.379938e+001 -1.736875e+001 -5.000000e+000
      vertex -1.379938e+001 -1.736875e+001  0.000000e+000
      vertex -1.337590e+001 -1.747158e+001  0.000000e+000
    endloop
  endfacet
  facet normal  2.359529e-001  9.717645e-001  0.000000e+000
    outer loop
      vertex -1.379938e+001 -1.736875e+001 -5.000000e+000
      vertex -1.337590e+001 -1.747158e+001  0.000000e+000
      vertex -1.337590e+001 -1.747158e+001 -5.000000e+000
    endloop
  endfacet
  facet normal  6.362665e-002  9.979739e-001  -0.000000e+000
    outer loop
      vertex -1.337590e+001 -1.747158e+001 -5.000000e+000
      vertex -1.337590e+001 -1.747158e+001  0.000000e+000
      vertex -1.294101e+001 -1.749930e+001  0.000000e+000
    endloop
  endfacet
  facet normal  6.362665e-002  9.979739e-001  0.000000e+000
    outer loop
      vertex -1.337590e+001 -1.747158e+001 -5.000000e+000
      vertex -1.294101e+001 -1.749930e+001  0.000000e+000
      vertex -1.294101e+001 -1.749930e+001 -5.000000e+000
    endloop
  endfacet
  facet normal -1.106386e-001  9.938607e-001  0.000000e+000
    outer loop
      vertex -1.294101e+001 -1.749930e+001 -5.000000e+000
      vertex -1.294101e+001 -1.749930e+001  0.000000e+000
      vertex -1.250791e+001 -1.745109e+001  0.000000e+000
    endloop
  endfacet
  facet normal -1.106386e-001  9.938607e-001  0.000000e+000
    outer loop
      vertex -1.294101e+001 -1.749930e+001 -5.000000e+000
      vertex -1.250791e+001 -1.745109e+001  0.000000e+000
      vertex -1.250791e+001 -1.745109e+001 -5.000000e+000
    endloop
  endfacet
  facet normal -2.815384e-001  9.595500e-001  0.000000e+000
    outer loop
      vertex -1.250791e+001 -1.745109e+001 -5.000000e+000
      vertex -1.250791e+001 -1.745109e+001  0.000000e+000
      vertex -1.208975e+001 -1.732840e+001  0.000000e+000
    endloop
  endfacet
  facet normal -2.815384e-001  9.595500e-001  0.000000e+000
    outer loop
      vertex -1.250791e+001 -1.745109e+001 -5.000000e+000
      vertex -1.208975e+001 -1.732840e+001  0.000000e+000
      vertex -1.208975e+001 -1.732840e+001 -5.000000e+000
    endloop
  endfacet
  facet normal -4.438885e-001  8.960821e-001  0.000000e+000
    outer loop
      vertex -1.208975e+001 -1.732840e+001 -5.000000e+000
      vertex -1.208975e+001 -1.732840e+001  0.000000e+000
      vertex -1.169926e+001 -1.713496e+001  0.000000e+000
    endloop
  endfacet
  facet normal -4.438885e-001  8.960821e-001  0.000000e+000
    outer loop
      vertex -1.208975e+001 -1.732840e+001 -5.000000e+000
      vertex -1.169926e+001 -1.713496e+001  0.000000e+000
      vertex -1.169926e+001 -1.713496e+001 -5.000000e+000
    endloop
  endfacet
  facet normal -5.927442e-001  8.053908e-001  0.000000e+000
    outer loop
      vertex -1.169926e+001 -1.713496e+001 -5.000000e+000
      vertex -1.169926e+001 -1.713496e+001  0.000000e+000
      vertex -1.134829e+001 -1.687666e+001  0.000000e+000
    endloop
  endfacet
  facet normal -5.927442e-001  8.053908e-001  0.000000e+000
    outer loop
      vertex -1.169926e+001 -1.713496e+001 -5.000000e+000
      vertex -1.134829e+001 -1.687666e+001  0.000000e+000
      vertex -1.134829e+001 -1.687666e+001 -5.000000e+000
    endloop
  endfacet
  facet normal -7.235966e-001  6.902230e-001  0.000000e+000
    outer loop
      vertex -1.134829e+001 -1.687666e+001 -5.000000e+000
      vertex -1.134829e+001 -1.687666e+001  0.000000e+000
      vertex -1.104750e+001 -1.656133e+001  0.000000e+000
    endloop
  endfacet
  facet normal -7.235966e-001  6.902230e-001  0.000000e+000
    outer loop
      vertex -1.134829e+001 -1.687666e+001 -5.000000e+000
      vertex -1.104750e+001 -1.656133e+001  0.000000e+000
      vertex -1.104750e+001 -1.656133e+001 -5.000000e+000
    endloop
  endfacet
  facet normal -8.324572e-001  5.540895e-001  0.000000e+000
    outer loop
      vertex -1.104750e+001 -1.656133e+001 -5.000000e+000
      vertex -1.104750e+001 -1.656133e+001  0.000000e+000
      vertex -1.080604e+001 -1.619856e+001  0.000000e+000
    endloop
  endfacet
  facet normal -8.324572e-001  5.540895e-001  0.000000e+000
    outer loop
      vertex -1.104750e+001 -1.656133e+001 -5.000000e+000
      vertex -1.080604e+001 -1.619856e+001  0.000000e+000
      vertex -1.080604e+001 -1.619856e+001 -5.000000e+000
    endloop
  endfacet
  facet normal -5.540875e-001 -8.324585e-001  0.000000e+000
    outer loop
      vertex -1.180144e+001 -1.280604e+001  0.000000e+000
      vertex -1.143867e+001 -1.304750e+001 -5.000000e+000
      vertex -1.143867e+001 -1.304750e+001  0.000000e+000
    endloop
  endfacet
  facet normal -6.902252e-001 -7.235945e-001  -0.000000e+000
    outer loop
      vertex -1.143867e+001 -1.304750e+001  0.000000e+000
      vertex -1.143867e+001 -1.304750e+001 -5.000000e+000
      vertex -1.112334e+001 -1.334829e+001 -5.000000e+000
    endloop
  endfacet
  facet normal -6.902252e-001 -7.235945e-001  0.000000e+000
    outer loop
      vertex -1.143867e+001 -1.304750e+001  0.000000e+000
      vertex -1.112334e+001 -1.334829e+001 -5.000000e+000
      vertex -1.112334e+001 -1.334829e+001  0.000000e+000
    endloop
  endfacet
  facet normal -8.053887e-001 -5.927470e-001  -0.000000e+000
    outer loop
      vertex -1.112334e+001 -1.334829e+001  0.000000e+000
      vertex -1.112334e+001 -1.334829e+001 -5.000000e+000
      vertex -1.086504e+001 -1.369926e+001 -5.000000e+000
    endloop
  endfacet
  facet normal -8.053887e-001 -5.927470e-001  0.000000e+000
    outer loop
      vertex -1.112334e+001 -1.334829e+001  0.000000e+000
      vertex -1.086504e+001 -1.369926e+001 -5.000000e+000
      vertex -1.086504e+001 -1.369926e+001  0.000000e+000
    endloop
  endfacet
  facet normal -8.960830e-001 -4.438868e-001  -0.000000e+000
    outer loop
      vertex -1.086504e+001 -1.369926e+001  0.000000e+000
      vertex -1.086504e+001 -1.369926e+001 -5.000000e+000
      vertex -1.067160e+001 -1.408975e+001 -5.000000e+000
    endloop
  endfacet
  facet normal -8.960830e-001 -4.438868e-001  0.000000e+000
    outer loop
      vertex -1.086504e+001 -1.369926e+001  0.000000e+000
      vertex -1.067160e+001 -1.408975e+001 -5.000000e+000
      vertex -1.067160e+001 -1.408975e+001  0.000000e+000
    endloop
  endfacet
  facet normal -9.595500e-001 -2.815384e-001  -0.000000e+000
    outer loop
      vertex -1.067160e+001 -1.408975e+001  0.000000e+000
      vertex -1.067160e+001 -1.408975e+001 -5.000000e+000
      vertex -1.054891e+001 -1.450791e+001 -5.000000e+000
    endloop
  endfacet
  facet normal -9.595500e-001 -2.815384e-001  0.000000e+000
    outer loop
      vertex -1.067160e+001 -1.408975e+001  0.000000e+000
      vertex -1.054891e+001 -1.450791e+001 -5.000000e+000
      vertex -1.054891e+001 -1.450791e+001  0.000000e+000
    endloop
  endfacet
  facet normal -9.938607e-001 -1.106386e-001  -0.000000e+000
    outer loop
      vertex -1.054891e+001 -1.450791e+001  0.000000e+000
      vertex -1.054891e+001 -1.450791e+001 -5.000000e+000
      vertex -1.050070e+001 -1.494101e+001 -5.000000e+000
    endloop
  endfacet
  facet normal -9.938607e-001 -1.106386e-001  0.000000e+000
    outer loop
      vertex -1.054891e+001 -1.450791e+001  0.000000e+000
      vertex -1.050070e+001 -1.494101e+001 -5.000000e+000
      vertex -1.050070e+001 -1.494101e+001  0.000000e+000
    endloop
  endfacet
  facet normal -9.979739e-001  6.362447e-002  0.000000e+000
    outer loop
      vertex -1.050070e+001 -1.494101e+001  0.000000e+000
      vertex -1.050070e+001 -1.494101e+001 -5.000000e+000
      vertex -1.052842e+001 -1.537590e+001 -5.000000e+000
    endloop
  endfacet
  facet normal -9.979739e-001  6.362447e-002  0.000000e+000
    outer loop
      vertex -1.050070e+001 -1.494101e+001  0.000000e+000
      vertex -1.052842e+001 -1.537590e+001 -5.000000e+000
      vertex -1.052842e+001 -1.537590e+001  0.000000e+000
    endloop
  endfacet
  facet normal -9.717639e-001  2.359549e-001  0.000000e+000
    outer loop
      vertex -1.052842e+001 -1.537590e+001  0.000000e+000
      vertex -1.052842e+001 -1.537590e+001 -5.000000e+000
      vertex -1.063125e+001 -1.579938e+001 -5.000000e+000
    endloop
  endfacet
  facet normal -9.717639e-001  2.359549e-001  0.000000e+000
    outer loop
      vertex -1.052842e+001 -1.537590e+001  0.000000e+000
      vertex -1.063125e+001 -1.579938e+001 -5.000000e+000
      vertex -1.063125e+001 -1.579938e+001  0.000000e+000
    endloop
  endfacet
  facet normal -9.160283e-001  4.011137e-001  0.000000e+000
    outer loop
      vertex -1.063125e+001 -1.579938e+001  0.000000e+000
      vertex -1.063125e+001 -1.579938e+001 -5.000000e+000
      vertex -1.080604e+001 -1.619856e+001 -5.000000e+000
    endloop
  endfacet
  facet normal -9.160283e-001  4.011137e-001  0.000000e+000
    outer loop
      vertex -1.063125e+001 -1.579938e+001  0.000000e+000
      vertex -1.080604e+001 -1.619856e+001 -5.000000e+000
      vertex -1.080604e+001 -1.619856e+001  0.000000e+000
    endloop
  endfacet
  facet normal -5.540875e-001 -8.324585e-001  -0.000000e+000
    outer loop
      vertex -1.143867e+001 -1.304750e+001 -5.000000e+000
      vertex -1.180144e+001 -1.280604e+001  0.000000e+000
      vertex -1.180144e+001 -1.280604e+001 -5.000000e+000
    endloop
  endfacet
  facet normal -4.011145e-001 -9.160278e-001  0.000000e+000
    outer loop
      vertex -1.180144e+001 -1.280604e+001 -5.000000e+000
      vertex -1.180144e+001 -1.280604e+001  0.000000e+000
      vertex -1.220062e+001 -1.263125e+001  0.000000e+000
    endloop
  endfacet
  facet normal -4.011145e-001 -9.160278e-001  -0.000000e+000
    outer loop
      vertex -1.180144e+001 -1.280604e+001 -5.000000e+000
      vertex -1.220062e+001 -1.263125e+001  0.000000e+000
      vertex -1.220062e+001 -1.263125e+001 -5.000000e+000
    endloop
  endfacet
  facet normal -2.359549e-001 -9.717639e-001  0.000000e+000
    outer loop
      vertex -1.220062e+001 -1.263125e+001 -5.000000e+000
      vertex -1.220062e+001 -1.263125e+001  0.000000e+000
      vertex -1.262410e+001 -1.252842e+001  0.000000e+000
    endloop
  endfacet
  facet normal -2.359549e-001 -9.717639e-001  -0.000000e+000
    outer loop
      vertex -1.220062e+001 -1.263125e+001 -5.000000e+000
      vertex -1.262410e+001 -1.252842e+001  0.000000e+000
      vertex -1.262410e+001 -1.252842e+001 -5.000000e+000
    endloop
  endfacet
  facet normal -6.362447e-002 -9.979739e-001  0.000000e+000
    outer loop
      vertex -1.262410e+001 -1.252842e+001 -5.000000e+000
      vertex -1.262410e+001 -1.252842e+001  0.000000e+000
      vertex -1.305899e+001 -1.250070e+001  0.000000e+000
    endloop
  endfacet
  facet normal -6.362447e-002 -9.979739e-001  -0.000000e+000
    outer loop
      vertex -1.262410e+001 -1.252842e+001 -5.000000e+000
      vertex -1.305899e+001 -1.250070e+001  0.000000e+000
      vertex -1.305899e+001 -1.250070e+001 -5.000000e+000
    endloop
  endfacet
  facet normal  1.106386e-001 -9.938607e-001  0.000000e+000
    outer loop
      vertex -1.305899e+001 -1.250070e+001 -5.000000e+000
      vertex -1.305899e+001 -1.250070e+001  0.000000e+000
      vertex -1.349209e+001 -1.254891e+001  0.000000e+000
    endloop
  endfacet
  facet normal  1.106386e-001 -9.938607e-001  0.000000e+000
    outer loop
      vertex -1.305899e+001 -1.250070e+001 -5.000000e+000
      vertex -1.349209e+001 -1.254891e+001  0.000000e+000
      vertex -1.349209e+001 -1.254891e+001 -5.000000e+000
    endloop
  endfacet
  facet normal  2.815384e-001 -9.595500e-001  0.000000e+000
    outer loop
      vertex -1.349209e+001 -1.254891e+001 -5.000000e+000
      vertex -1.349209e+001 -1.254891e+001  0.000000e+000
      vertex -1.391025e+001 -1.267160e+001  0.000000e+000
    endloop
  endfacet
  facet normal  2.815384e-001 -9.595500e-001  0.000000e+000
    outer loop
      vertex -1.349209e+001 -1.254891e+001 -5.000000e+000
      vertex -1.391025e+001 -1.267160e+001  0.000000e+000
      vertex -1.391025e+001 -1.267160e+001 -5.000000e+000
    endloop
  endfacet
  facet normal  4.438868e-001 -8.960830e-001  0.000000e+000
    outer loop
      vertex -1.391025e+001 -1.267160e+001 -5.000000e+000
      vertex -1.391025e+001 -1.267160e+001  0.000000e+000
      vertex -1.430074e+001 -1.286504e+001  0.000000e+000
    endloop
  endfacet
  facet normal  4.438868e-001 -8.960830e-001  0.000000e+000
    outer loop
      vertex -1.391025e+001 -1.267160e+001 -5.000000e+000
      vertex -1.430074e+001 -1.286504e+001  0.000000e+000
      vertex -1.430074e+001 -1.286504e+001 -5.000000e+000
    endloop
  endfacet
  facet normal  5.927470e-001 -8.053887e-001  0.000000e+000
    outer loop
      vertex -1.430074e+001 -1.286504e+001 -5.000000e+000
      vertex -1.430074e+001 -1.286504e+001  0.000000e+000
      vertex -1.465171e+001 -1.312334e+001  0.000000e+000
    endloop
  endfacet
  facet normal  5.927470e-001 -8.053887e-001  0.000000e+000
    outer loop
      vertex -1.430074e+001 -1.286504e+001 -5.000000e+000
      vertex -1.465171e+001 -1.312334e+001  0.000000e+000
      vertex -1.465171e+001 -1.312334e+001 -5.000000e+000
    endloop
  endfacet
  facet normal  7.235945e-001 -6.902252e-001  0.000000e+000
    outer loop
      vertex -1.465171e+001 -1.312334e+001 -5.000000e+000
      vertex -1.465171e+001 -1.312334e+001  0.000000e+000
      vertex -1.495250e+001 -1.343867e+001  0.000000e+000
    endloop
  endfacet
  facet normal  7.235945e-001 -6.902252e-001  0.000000e+000
    outer loop
      vertex -1.465171e+001 -1.312334e+001 -5.000000e+000
      vertex -1.495250e+001 -1.343867e+001  0.000000e+000
      vertex -1.495250e+001 -1.343867e+001 -5.000000e+000
    endloop
  endfacet
  facet normal  8.324585e-001 -5.540875e-001  0.000000e+000
    outer loop
      vertex -1.495250e+001 -1.343867e+001 -5.000000e+000
      vertex -1.495250e+001 -1.343867e+001  0.000000e+000
      vertex -1.519396e+001 -1.380144e+001  0.000000e+000
    endloop
  endfacet
  facet normal  8.324585e-001 -5.540875e-001  0.000000e+000
    outer loop
      vertex -1.495250e+001 -1.343867e+001 -5.000000e+000
      vertex -1.519396e+001 -1.380144e+001  0.000000e+000
      vertex -1.519396e+001 -1.380144e+001 -5.000000e+000
    endloop
  endfacet
  facet normal  5.540875e-001  8.324585e-001  -0.000000e+000
    outer loop
      vertex  1.180144e+001  1.280604e+001  0.000000e+000
      vertex  1.143867e+001  1.304750e+001 -5.000000e+000
      vertex  1.143867e+001  1.304750e+001  0.000000e+000
    endloop
  endfacet
  facet normal  6.902252e-001  7.235945e-001  0.000000e+000
    outer loop
      vertex  1.143867e+001  1.304750e+001  0.000000e+000
      vertex  1.143867e+001  1.304750e+001 -5.000000e+000
      vertex  1.112334e+001  1.334829e+001 -5.000000e+000
    endloop
  endfacet
  facet normal  6.902252e-001  7.235945e-001  -0.000000e+000
    outer loop
      vertex  1.143867e+001  1.304750e+001  0.000000e+000
      vertex  1.112334e+001  1.334829e+001 -5.000000e+000
      vertex  1.112334e+001  1.334829e+001  0.000000e+000
    endloop
  endfacet
  facet normal  8.053887e-001  5.927470e-001  0.000000e+000
    outer loop
      vertex  1.112334e+001  1.334829e+001  0.000000e+000
      vertex  1.112334e+001  1.334829e+001 -5.000000e+000
      vertex  1.086504e+001  1.369926e+001 -5.000000e+000
    endloop
  endfacet
  facet normal  8.053887e-001  5.927470e-001  -0.000000e+000
    outer loop
      vertex  1.112334e+001  1.334829e+001  0.000000e+000
      vertex  1.086504e+001  1.369926e+001 -5.000000e+000
      vertex  1.086504e+001  1.369926e+001  0.000000e+000
    endloop
  endfacet
  facet normal  8.960830e-001  4.438868e-001  0.000000e+000
    outer loop
      vertex  1.086504e+001  1.369926e+001  0.000000e+000
      vertex  1.086504e+001  1.369926e+001 -5.000000e+000
      vertex  1.067160e+001  1.408975e+001 -5.000000e+000
    endloop
  endfacet
  facet normal  8.960830e-001  4.438868e-001  -0.000000e+000
    outer loop
      vertex  1.086504e+001  1.369926e+001  0.000000e+000
      vertex  1.067160e+001  1.408975e+001 -5.000000e+000
      vertex  1.067160e+001  1.408975e+001  0.000000e+000
    endloop
  endfacet
  facet normal  9.595500e-001  2.815384e-001  0.000000e+000
    outer loop
      vertex  1.067160e+001  1.408975e+001  0.000000e+000
      vertex  1.067160e+001  1.408975e+001 -5.000000e+000
      vertex  1.054891e+001  1.450791e+001 -5.000000e+000
    endloop
  endfacet
  facet normal  9.595500e-001  2.815384e-001  -0.000000e+000
    outer loop
      vertex  1.067160e+001  1.408975e+001  0.000000e+000
      vertex  1.054891e+001  1.450791e+001 -5.000000e+000
      vertex  1.054891e+001  1.450791e+001  0.000000e+000
    endloop
  endfacet
  facet normal  9.938607e-001  1.106386e-001  0.000000e+000
    outer loop
      vertex  1.054891e+001  1.450791e+001  0.000000e+000
      vertex  1.054891e+001  1.450791e+001 -5.000000e+000
      vertex  1.050070e+001  1.494101e+001 -5.000000e+000
    endloop
  endfacet
  facet normal  9.938607e-001  1.106386e-001  -0.000000e+000
    outer loop
      vertex  1.054891e+001  1.450791e+001  0.000000e+000
      vertex  1.050070e+001  1.494101e+001 -5.000000e+000
      vertex  1.050070e+001  1.494101e+001  0.000000e+000
    endloop
  endfacet
  facet normal  9.979739e-001 -6.362447e-002  0.000000e+000
    outer loop
      vertex  1.050070e+001  1.494101e+001  0.000000e+000
      vertex  1.050070e+001  1.494101e+001 -5.000000e+000
      vertex  1.052842e+001  1.537590e+001 -5.000000e+000
    endloop
  endfacet
  facet normal  9.979739e-001 -6.362447e-002  0.000000e+000
    outer loop
      vertex  1.050070e+001  1.494101e+001  0.000000e+000
      vertex  1.052842e+001  1.537590e+001 -5.000000e+000
      vertex  1.052842e+001  1.537590e+001  0.000000e+000
    endloop
  endfacet
  facet normal  9.717639e-001 -2.359549e-001  0.000000e+000
    outer loop
      vertex  1.052842e+001  1.537590e+001  0.000000e+000
      vertex  1.052842e+001  1.537590e+001 -5.000000e+000
      vertex  1.063125e+001  1.579938e+001 -5.000000e+000
    endloop
  endfacet
  facet normal  9.717639e-001 -2.359549e-001  0.000000e+000
    outer loop
      vertex  1.052842e+001  1.537590e+001  0.000000e+000
      vertex  1.063125e+001  1.579938e+001 -5.000000e+000
      vertex  1.063125e+001  1.579938e+001  0.000000e+000
    endloop
  endfacet
  facet normal  9.160283e-001 -4.011137e-001  0.000000e+000
    outer loop
      vertex  1.063125e+001  1.579938e+001  0.000000e+000
      vertex  1.063125e+001  1.579938e+001 -5.000000e+000
      vertex  1.080604e+001  1.619856e+001 -5.000000e+000
    endloop
  endfacet
  facet normal  9.160283e-001 -4.011137e-001  0.000000e+000
    outer loop
      vertex  1.063125e+001  1.579938e+001  0.000000e+000
      vertex  1.080604e+001  1.619856e+001 -5.000000e+000
      vertex  1.080604e+001  1.619856e+001  0.000000e+000
    endloop
  endfacet
  facet normal  5.540875e-001  8.324585e-001  0.000000e+000
    outer loop
      vertex  1.143867e+001  1.304750e+001 -5.000000e+000
      vertex  1.180144e+001  1.280604e+001  0.000000e+000
      vertex  1.180144e+001  1.280604e+001 -5.000000e+000
    endloop
  endfacet
  facet normal  4.011145e-001  9.160278e-001  -0.000000e+000
    outer loop
      vertex  1.180144e+001  1.280604e+001 -5.000000e+000
      vertex  1.180144e+001  1.280604e+001  0.000000e+000
      vertex  1.220062e+001  1.263125e+001  0.000000e+000
    endloop
  endfacet
  facet normal  4.011145e-001  9.160278e-001  0.000000e+000
    outer loop
      vertex  1.180144e+001  1.280604e+001 -5.000000e+000
      vertex  1.220062e+001  1.263125e+001  0.000000e+000
      vertex  1.220062e+001  1.263125e+001 -5.000000e+000
    endloop
  endfacet
  facet normal  2.359549e-001  9.717639e-001  -0.000000e+000
    outer loop
      vertex  1.220062e+001  1.263125e+001 -5.000000e+000
      vertex  1.220062e+001  1.263125e+001  0.000000e+000
      vertex  1.262410e+001  1.252842e+001  0.000000e+000
    endloop
  endfacet
  facet normal  2.359549e-001  9.717639e-001  0.000000e+000
    outer loop
      vertex  1.220062e+001  1.263125e+001 -5.000000e+000
      vertex  1.262410e+001  1.252842e+001  0.000000e+000
      vertex  1.262410e+001  1.252842e+001 -5.000000e+000
    endloop
  endfacet
  facet normal  6.362447e-002  9.979739e-001  -0.000000e+000
    outer loop
      vertex  1.262410e+001  1.252842e+001 -5.000000e+000
      vertex  1.262410e+001  1.252842e+001  0.000000e+000
      vertex  1.305899e+001  1.250070e+001  0.000000e+000
    endloop
  endfacet
  facet normal  6.362447e-002  9.979739e-001  0.000000e+000
    outer loop
      vertex  1.262410e+001  1.252842e+001 -5.000000e+000
      vertex  1.305899e+001  1.250070e+001  0.000000e+000
      vertex  1.305899e+001  1.250070e+001 -5.000000e+000
    endloop
  endfacet
  facet normal -1.106386e-001  9.938607e-001  0.000000e+000
    outer loop
      vertex  1.305899e+001  1.250070e+001 -5.000000e+000
      vertex  1.305899e+001  1.250070e+001  0.000000e+000
      vertex  1.349209e+001  1.254891e+001  0.000000e+000
    endloop
  endfacet
  facet normal -1.106386e-001  9.938607e-001  0.000000e+000
    outer loop
      vertex  1.305899e+001  1.250070e+001 -5.000000e+000
      vertex  1.349209e+001  1.254891e+001  0.000000e+000
      vertex  1.349209e+001  1.254891e+001 -5.000000e+000
    endloop
  endfacet
  facet normal -2.815384e-001  9.595500e-001  0.000000e+000
    outer loop
      vertex  1.349209e+001  1.254891e+001 -5.000000e+000
      vertex  1.349209e+001  1.254891e+001  0.000000e+000
      vertex  1.391025e+001  1.267160e+001  0.000000e+000
    endloop
  endfacet
  facet normal -2.815384e-001  9.595500e-001  0.000000e+000
    outer loop
      vertex  1.349209e+001  1.254891e+001 -5.000000e+000
      vertex  1.391025e+001  1.267160e+001  0.000000e+000
      vertex  1.391025e+001  1.267160e+001 -5.000000e+000
    endloop
  endfacet
  facet normal -4.438868e-001  8.960830e-001  0.000000e+000
    outer loop
      vertex  1.391025e+001  1.267160e+001 -5.000000e+000
      vertex  1.391025e+001  1.267160e+001  0.000000e+000
      vertex  1.430074e+001  1.286504e+001  0.000000e+000
    endloop
  endfacet
  facet normal -4.438868e-001  8.960830e-001  0.000000e+000
    outer loop
      vertex  1.391025e+001  1.267160e+001 -5.000000e+000
      vertex  1.430074e+001  1.286504e+001  0.000000e+000
      vertex  1.430074e+001  1.286504e+001 -5.000000e+000
    endloop
  endfacet
  facet normal -5.927470e-001  8.053887e-001  0.000000e+000
    outer loop
      vertex  1.430074e+001  1.286504e+001 -5.000000e+000
      vertex  1.430074e+001  1.286504e+001  0.000000e+000
      vertex  1.465171e+001  1.312334e+001  0.000000e+000
    endloop
  endfacet
  facet normal -5.927470e-001  8.053887e-001  0.000000e+000
    outer loop
      vertex  1.430074e+001  1.286504e+001 -5.000000e+000
      vertex  1.465171e+001  1.312334e+001  0.000000e+000
      vertex  1.465171e+001  1.312334e+001 -5.000000e+000
    endloop
  endfacet
  facet normal -7.235945e-001  6.902252e-001  0.000000e+000
    outer loop
      vertex  1.465171e+001  1.312334e+001 -5.000000e+000
      vertex  1.465171e+001  1.312334e+001  0.000000e+000
      vertex  1.495250e+001  1.343867e+001  0.000000e+000
    endloop
  endfacet
  facet normal -7.235945e-001  6.902252e-001  0.000000e+000
    outer loop
      vertex  1.465171e+001  1.312334e+001 -5.000000e+000
      vertex  1.495250e+001  1.343867e+001  0.000000e+000
      vertex  1.495250e+001  1.343867e+001 -5.000000e+000
    endloop
  endfacet
  facet normal -8.324585e-001  5.540875e-001  0.000000e+000
    outer loop
      vertex  1.495250e+001  1.343867e+001 -5.000000e+000
      vertex  1.495250e+001  1.343867e+001  0.000000e+000
      vertex  1.519396e+001  1.380144e+001  0.000000e+000
    endloop
  endfacet
  facet normal -8.324585e-001  5.540875e-001  0.000000e+000
    outer loop
      vertex  1.495250e+001  1.343867e+001 -5.000000e+000
      vertex  1.519396e+001  1.380144e+001  0.000000e+000
      vertex  1.519396e+001  1.380144e+001 -5.000000e+000
    endloop
  endfacet
  facet normal -5.540860e-001 -8.324595e-001  0.000000e+000
    outer loop
      vertex  1.419856e+001  1.719396e+001  0.000000e+000
      vertex  1.456133e+001  1.695250e+001 -5.000000e+000
      vertex  1.456133e+001  1.695250e+001  0.000000e+000
    endloop
  endfacet
  facet normal -6.902252e-001 -7.235945e-001  -0.000000e+000
    outer loop
      vertex  1.456133e+001  1.695250e+001  0.000000e+000
      vertex  1.456133e+001  1.695250e+001 -5.000000e+000
      vertex  1.487666e+001  1.665171e+001 -5.000000e+000
    endloop
  endfacet
  facet normal -6.902252e-001 -7.235945e-001  0.000000e+000
    outer loop
      vertex  1.456133e+001  1.695250e+001  0.000000e+000
      vertex  1.487666e+001  1.665171e+001 -5.000000e+000
      vertex  1.487666e+001  1.665171e+001  0.000000e+000
    endloop
  endfacet
  facet normal -8.053903e-001 -5.927449e-001  -0.000000e+000
    outer loop
      vertex  1.487666e+001  1.665171e+001  0.000000e+000
      vertex  1.487666e+001  1.665171e+001 -5.000000e+000
      vertex  1.513496e+001  1.630074e+001 -5.000000e+000
    endloop
  endfacet
  facet normal -8.053903e-001 -5.927449e-001  0.000000e+000
    outer loop
      vertex  1.487666e+001  1.665171e+001  0.000000e+000
      vertex  1.513496e+001  1.630074e+001 -5.000000e+000
      vertex  1.513496e+001  1.630074e+001  0.000000e+000
    endloop
  endfacet
  facet normal -8.960824e-001 -4.438876e-001  -0.000000e+000
    outer loop
      vertex  1.513496e+001  1.630074e+001  0.000000e+000
      vertex  1.513496e+001  1.630074e+001 -5.000000e+000
      vertex  1.532840e+001  1.591025e+001 -5.000000e+000
    endloop
  endfacet
  facet normal -8.960824e-001 -4.438876e-001  0.000000e+000
    outer loop
      vertex  1.513496e+001  1.630074e+001  0.000000e+000
      vertex  1.532840e+001  1.591025e+001 -5.000000e+000
      vertex  1.532840e+001  1.591025e+001  0.000000e+000
    endloop
  endfacet
  facet normal -9.595500e-001 -2.815384e-001  -0.000000e+000
    outer loop
      vertex  1.532840e+001  1.591025e+001  0.000000e+000
      vertex  1.532840e+001  1.591025e+001 -5.000000e+000
      vertex  1.545109e+001  1.549209e+001 -5.000000e+000
    endloop
  endfacet
  facet normal -9.595500e-001 -2.815384e-001  0.000000e+000
    outer loop
      vertex  1.532840e+001  1.591025e+001  0.000000e+000
      vertex  1.545109e+001  1.549209e+001 -5.000000e+000
      vertex  1.545109e+001  1.549209e+001  0.000000e+000
    endloop
  endfacet
  facet normal -9.938607e-001 -1.106386e-001  -0.000000e+000
    outer loop
      vertex  1.545109e+001  1.549209e+001  0.000000e+000
      vertex  1.545109e+001  1.549209e+001 -5.000000e+000
      vertex  1.549930e+001  1.505899e+001 -5.000000e+000
    endloop
  endfacet
  facet normal -9.938607e-001 -1.106386e-001  0.000000e+000
    outer loop
      vertex  1.545109e+001  1.549209e+001  0.000000e+000
      vertex  1.549930e+001  1.505899e+001 -5.000000e+000
      vertex  1.549930e+001  1.505899e+001  0.000000e+000
    endloop
  endfacet
  facet normal -9.979739e-001  6.362447e-002  0.000000e+000
    outer loop
      vertex  1.549930e+001  1.505899e+001  0.000000e+000
      vertex  1.549930e+001  1.505899e+001 -5.000000e+000
      vertex  1.547158e+001  1.462410e+001 -5.000000e+000
    endloop
  endfacet
  facet normal -9.979739e-001  6.362447e-002  0.000000e+000
    outer loop
      vertex  1.549930e+001  1.505899e+001  0.000000e+000
      vertex  1.547158e+001  1.462410e+001 -5.000000e+000
      vertex  1.547158e+001  1.462410e+001  0.000000e+000
    endloop
  endfacet
  facet normal -9.717639e-001  2.359549e-001  0.000000e+000
    outer loop
      vertex  1.547158e+001  1.462410e+001  0.000000e+000
      vertex  1.547158e+001  1.462410e+001 -5.000000e+000
      vertex  1.536875e+001  1.420062e+001 -5.000000e+000
    endloop
  endfacet
  facet normal -9.717639e-001  2.359549e-001  0.000000e+000
    outer loop
      vertex  1.547158e+001  1.462410e+001  0.000000e+000
      vertex  1.536875e+001  1.420062e+001 -5.000000e+000
      vertex  1.536875e+001  1.420062e+001  0.000000e+000
    endloop
  endfacet
  facet normal -9.160278e-001  4.011145e-001  0.000000e+000
    outer loop
      vertex  1.536875e+001  1.420062e+001  0.000000e+000
      vertex  1.536875e+001  1.420062e+001 -5.000000e+000
      vertex  1.519396e+001  1.380144e+001 -5.000000e+000
    endloop
  endfacet
  facet normal -9.160278e-001  4.011145e-001  0.000000e+000
    outer loop
      vertex  1.536875e+001  1.420062e+001  0.000000e+000
      vertex  1.519396e+001  1.380144e+001 -5.000000e+000
      vertex  1.519396e+001  1.380144e+001  0.000000e+000
    endloop
  endfacet
  facet normal -5.540860e-001 -8.324595e-001  -0.000000e+000
    outer loop
      vertex  1.456133e+001  1.695250e+001 -5.000000e+000
      vertex  1.419856e+001  1.719396e+001  0.000000e+000
      vertex  1.419856e+001  1.719396e+001 -5.000000e+000
    endloop
  endfacet
  facet normal -4.011145e-001 -9.160278e-001  0.000000e+000
    outer loop
      vertex  1.419856e+001  1.719396e+001 -5.000000e+000
      vertex  1.419856e+001  1.719396e+001  0.000000e+000
      vertex  1.379938e+001  1.736875e+001  0.000000e+000
    endloop
  endfacet
  facet normal -4.011145e-001 -9.160278e-001  -0.000000e+000
    outer loop
      vertex  1.419856e+001  1.719396e+001 -5.000000e+000
      vertex  1.379938e+001  1.736875e+001  0.000000e+000
      vertex  1.379938e+001  1.736875e+001 -5.000000e+000
    endloop
  endfacet
  facet normal -2.359529e-001 -9.717645e-001  0.000000e+000
    outer loop
      vertex  1.379938e+001  1.736875e+001 -5.000000e+000
      vertex  1.379938e+001  1.736875e+001  0.000000e+000
      vertex  1.337590e+001  1.747158e+001  0.000000e+000
    endloop
  endfacet
  facet normal -2.359529e-001 -9.717645e-001  -0.000000e+000
    outer loop
      vertex  1.379938e+001  1.736875e+001 -5.000000e+000
      vertex  1.337590e+001  1.747158e+001  0.000000e+000
      vertex  1.337590e+001  1.747158e+001 -5.000000e+000
    endloop
  endfacet
  facet normal -6.362665e-002 -9.979739e-001  0.000000e+000
    outer loop
      vertex  1.337590e+001  1.747158e+001 -5.000000e+000
      vertex  1.337590e+001  1.747158e+001  0.000000e+000
      vertex  1.294101e+001  1.749930e+001  0.000000e+000
    endloop
  endfacet
  facet normal -6.362665e-002 -9.979739e-001  -0.000000e+000
    outer loop
      vertex  1.337590e+001  1.747158e+001 -5.000000e+000
      vertex  1.294101e+001  1.749930e+001  0.000000e+000
      vertex  1.294101e+001  1.749930e+001 -5.000000e+000
    endloop
  endfacet
  facet normal  1.106386e-001 -9.938607e-001  0.000000e+000
    outer loop
      vertex  1.294101e+001  1.749930e+001 -5.000000e+000
      vertex  1.294101e+001  1.749930e+001  0.000000e+000
      vertex  1.250791e+001  1.745109e+001  0.000000e+000
    endloop
  endfacet
  facet normal  1.106386e-001 -9.938607e-001  0.000000e+000
    outer loop
      vertex  1.294101e+001  1.749930e+001 -5.000000e+000
      vertex  1.250791e+001  1.745109e+001  0.000000e+000
      vertex  1.250791e+001  1.745109e+001 -5.000000e+000
    endloop
  endfacet
  facet normal  2.815384e-001 -9.595500e-001  0.000000e+000
    outer loop
      vertex  1.250791e+001  1.745109e+001 -5.000000e+000
      vertex  1.250791e+001  1.745109e+001  0.000000e+000
      vertex  1.208975e+001  1.732840e+001  0.000000e+000
    endloop
  endfacet
  facet normal  2.815384e-001 -9.595500e-001  0.000000e+000
    outer loop
      vertex  1.250791e+001  1.745109e+001 -5.000000e+000
      vertex  1.208975e+001  1.732840e+001  0.000000e+000
      vertex  1.208975e+001  1.732840e+001 -5.000000e+000
    endloop
  endfacet
  facet normal  4.438885e-001 -8.960821e-001  0.000000e+000
    outer loop
      vertex  1.208975e+001  1.732840e+001 -5.000000e+000
      vertex  1.208975e+001  1.732840e+001  0.000000e+000
      vertex  1.169926e+001  1.713496e+001  0.000000e+000
    endloop
  endfacet
  facet normal  4.438885e-001 -8.960821e-001  0.000000e+000
    outer loop
      vertex  1.208975e+001  1.732840e+001 -5.000000e+000
      vertex  1.169926e+001  1.713496e+001  0.000000e+000
      vertex  1.169926e+001  1.713496e+001 -5.000000e+000
    endloop
  endfacet
  facet normal  5.927442e-001 -8.053908e-001  0.000000e+000
    outer loop
      vertex  1.169926e+001  1.713496e+001 -5.000000e+000
      vertex  1.169926e+001  1.713496e+001  0.000000e+000
      vertex  1.134829e+001  1.687666e+001  0.000000e+000
    endloop
  endfacet
  facet normal  5.927442e-001 -8.053908e-001  0.000000e+000
    outer loop
      vertex  1.169926e+001  1.713496e+001 -5.000000e+000
      vertex  1.134829e+001  1.687666e+001  0.000000e+000
      vertex  1.134829e+001  1.687666e+001 -5.000000e+000
    endloop
  endfacet
  facet normal  7.235966e-001 -6.902230e-001  0.000000e+000
    outer loop
      vertex  1.134829e+001  1.687666e+001 -5.000000e+000
      vertex  1.134829e+001  1.687666e+001  0.000000e+000
      vertex  1.104750e+001  1.656133e+001  0.000000e+000
    endloop
  endfacet
  facet normal  7.235966e-001 -6.902230e-001  0.000000e+000
    outer loop
      vertex  1.134829e+001  1.687666e+001 -5.000000e+000
      vertex  1.104750e+001  1.656133e+001  0.000000e+000
      vertex  1.104750e+001  1.656133e+001 -5.000000e+000
    endloop
  endfacet
  facet normal  8.324572e-001 -5.540895e-001  0.000000e+000
    outer loop
      vertex  1.104750e+001  1.656133e+001 -5.000000e+000
      vertex  1.104750e+001  1.656133e+001  0.000000e+000
      vertex  1.080604e+001  1.619856e+001  0.000000e+000
    endloop
  endfacet
  facet normal  8.324572e-001 -5.540895e-001  0.000000e+000
    outer loop
      vertex  1.104750e+001  1.656133e+001 -5.000000e+000
      vertex  1.080604e+001  1.619856e+001  0.000000e+000
      vertex  1.080604e+001  1.619856e+001 -5.000000e+000
    endloop
  endfacet
  facet normal -9.801670e-002 -9.951848e-001  -0.000000e+000
    outer loop
      vertex  8.500000e+000 -1.500000e+001  0.000000e+000
      vertex  8.500000e+000 -1.500000e+001  1.000000e+001
      vertex  8.304910e+000 -1.498079e+001  0.000000e+000
    endloop
  endfacet
  facet normal -9.801670e-002 -9.951848e-001  0.000000e+000
    outer loop
      vertex  8.304910e+000 -1.498079e+001  0.000000e+000
      vertex  8.500000e+000 -1.500000e+001  1.000000e+001
      vertex  8.304910e+000 -1.498079e+001  1.000000e+001
    endloop
  endfacet
  facet normal -2.902842e-001 -9.569405e-001  -0.000000e+000
    outer loop
      vertex  8.304910e+000 -1.498079e+001  0.000000e+000
      vertex  8.304910e+000 -1.498079e+001  1.000000e+001
      vertex  8.117316e+000 -1.492388e+001  0.000000e+000
    endloop
  endfacet
  facet normal -2.902842e-001 -9.569405e-001  0.000000e+000
    outer loop
      vertex  8.117316e+000 -1.492388e+001  0.000000e+000
      vertex  8.304910e+000 -1.498079e+001  1.000000e+001
      vertex  8.117316e+000 -1.492388e+001  1.000000e+001
    endloop
  endfacet
  facet normal -4.713983e-001 -8.819204e-001  -0.000000e+000
    outer loop
      vertex  8.117316e+000 -1.492388e+001  0.000000e+000
      vertex  8.117316e+000 -1.492388e+001  1.000000e+001
      vertex  7.944430e+000 -1.483147e+001  0.000000e+000
    endloop
  endfacet
  facet normal -4.713983e-001 -8.819204e-001  0.000000e+000
    outer loop
      vertex  7.944430e+000 -1.483147e+001  0.000000e+000
      vertex  8.117316e+000 -1.492388e+001  1.000000e+001
      vertex  7.944430e+000 -1.483147e+001  1.000000e+001
    endloop
  endfacet
  facet normal -6.343939e-001 -7.730100e-001  -0.000000e+000
    outer loop
      vertex  7.944430e+000 -1.483147e+001  0.000000e+000
      vertex  7.944430e+000 -1.483147e+001  1.000000e+001
      vertex  7.792893e+000 -1.470711e+001  0.000000e+000
    endloop
  endfacet
  facet normal -6.343939e-001 -7.730100e-001  0.000000e+000
    outer loop
      vertex  7.792893e+000 -1.470711e+001  0.000000e+000
      vertex  7.944430e+000 -1.483147e+001  1.000000e+001
      vertex  7.792893e+000 -1.470711e+001  1.000000e+001
    endloop
  endfacet
  facet normal -7.730090e-001 -6.343951e-001  -0.000000e+000
    outer loop
      vertex  7.792893e+000 -1.470711e+001  0.000000e+000
      vertex  7.792893e+000 -1.470711e+001  1.000000e+001
      vertex  7.668530e+000 -1.455557e+001  0.000000e+000
    endloop
  endfacet
  facet normal -7.730090e-001 -6.343951e-001  0.000000e+000
    outer loop
      vertex  7.668530e+000 -1.455557e+001  0.000000e+000
      vertex  7.792893e+000 -1.470711e+001  1.000000e+001
      vertex  7.668530e+000 -1.455557e+001  1.000000e+001
    endloop
  endfacet
  facet normal -8.819210e-001 -4.713973e-001  -0.000000e+000
    outer loop
      vertex  7.668530e+000 -1.455557e+001  0.000000e+000
      vertex  7.668530e+000 -1.455557e+001  1.000000e+001
      vertex  7.576120e+000 -1.438268e+001  0.000000e+000
    endloop
  endfacet
  facet normal -8.819210e-001 -4.713973e-001  0.000000e+000
    outer loop
      vertex  7.576120e+000 -1.438268e+001  0.000000e+000
      vertex  7.668530e+000 -1.455557e+001  1.000000e+001
      vertex  7.576120e+000 -1.438268e+001  1.000000e+001
    endloop
  endfacet
  facet normal -9.569405e-001 -2.902842e-001  -0.000000e+000
    outer loop
      vertex  7.576120e+000 -1.438268e+001  0.000000e+000
      vertex  7.576120e+000 -1.438268e+001  1.000000e+001
      vertex  7.519215e+000 -1.419509e+001  0.000000e+000
    endloop
  endfacet
  facet normal -9.569405e-001 -2.902842e-001  0.000000e+000
    outer loop
      vertex  7.519215e+000 -1.419509e+001  0.000000e+000
      vertex  7.576120e+000 -1.438268e+001  1.000000e+001
      vertex  7.519215e+000 -1.419509e+001  1.000000e+001
    endloop
  endfacet
  facet normal -9.951848e-001 -9.801670e-002  -0.000000e+000
    outer loop
      vertex  7.519215e+000 -1.419509e+001  0.000000e+000
      vertex  7.519215e+000 -1.419509e+001  1.000000e+001
      vertex  7.500000e+000 -1.400000e+001  0.000000e+000
    endloop
  endfacet
  facet normal -9.951848e-001 -9.801670e-002  0.000000e+000
    outer loop
      vertex  7.500000e+000 -1.400000e+001  0.000000e+000
      vertex  7.519215e+000 -1.419509e+001  1.000000e+001
      vertex  7.500000e+000 -1.400000e+001  1.000000e+001
    endloop
  endfacet
  facet normal  9.801670e-002  9.951848e-001  0.000000e+000
    outer loop
      vertex -8.500000e+000  1.500000e+001  0.000000e+000
      vertex -8.500000e+000  1.500000e+001  1.000000e+001
      vertex -8.304910e+000  1.498079e+001  0.000000e+000
    endloop
  endfacet
  facet normal  9.801670e-002  9.951848e-001  -0.000000e+000
    outer loop
      vertex -8.304910e+000  1.498079e+001  0.000000e+000
      vertex -8.500000e+000  1.500000e+001  1.000000e+001
      vertex -8.304910e+000  1.498079e+001  1.000000e+001
    endloop
  endfacet
  facet normal  2.902842e-001  9.569405e-001  0.000000e+000
    outer loop
      vertex -8.304910e+000  1.498079e+001  0.000000e+000
      vertex -8.304910e+000  1.498079e+001  1.000000e+001
      vertex -8.117316e+000  1.492388e+001  0.000000e+000
    endloop
  endfacet
  facet normal  2.902842e-001  9.569405e-001  -0.000000e+000
    outer loop
      vertex -8.117316e+000  1.492388e+001  0.000000e+000
      vertex -8.304910e+000  1.498079e+001  1.000000e+001
      vertex -8.117316e+000  1.492388e+001  1.000000e+001
    endloop
  endfacet
  facet normal  4.713983e-001  8.819204e-001  0.000000e+000
    outer loop
      vertex -8.117316e+000  1.492388e+001  0.000000e+000
      vertex -8.117316e+000  1.492388e+001  1.000000e+001
      vertex -7.944430e+000  1.483147e+001  0.000000e+000
    endloop
  endfacet
  facet normal  4.713983e-001  8.819204e-001  -0.000000e+000
    outer loop
      vertex -7.944430e+000  1.483147e+001  0.000000e+000
      vertex -8.117316e+000  1.492388e+001  1.000000e+001
      vertex -7.944430e+000  1.483147e+001  1.000000e+001
    endloop
  endfacet
  facet normal  6.343939e-001  7.730100e-001  0.000000e+000
    outer loop
      vertex -7.944430e+000  1.483147e+001  0.000000e+000
      vertex -7.944430e+000  1.483147e+001  1.000000e+001
      vertex -7.792893e+000  1.470711e+001  0.000000e+000
    endloop
  endfacet
  facet normal  6.343939e-001  7.730100e-001  -0.000000e+000
    outer loop
      vertex -7.792893e+000  1.470711e+001  0.000000e+000
      vertex -7.944430e+000  1.483147e+001  1.000000e+001
      vertex -7.792893e+000  1.470711e+001  1.000000e+001
    endloop
  endfacet
  facet normal  7.730090e-001  6.343951e-001  0.000000e+000
    outer loop
      vertex -7.792893e+000  1.470711e+001  0.000000e+000
      vertex -7.792893e+000  1.470711e+001  1.000000e+001
      vertex -7.668530e+000  1.455557e+001  0.000000e+000
    endloop
  endfacet
  facet normal  7.730090e-001  6.343951e-001  -0.000000e+000
    outer loop
      vertex -7.668530e+000  1.455557e+001  0.000000e+000
      vertex -7.792893e+000  1.470711e+001  1.000000e+001
      vertex -7.668530e+000  1.455557e+001  1.000000e+001
    endloop
  endfacet
  facet normal  8.819210e-001  4.713973e-001  0.000000e+000
    outer loop
      vertex -7.668530e+000  1.455557e+001  0.000000e+000
      vertex -7.668530e+000  1.455557e+001  1.000000e+001
      vertex -7.576120e+000  1.438268e+001  0.000000e+000
    endloop
  endfacet
  facet normal  8.819210e-001  4.713973e-001  -0.000000e+000
    outer loop
      vertex -7.576120e+000  1.438268e+001  0.000000e+000
      vertex -7.668530e+000  1.455557e+001  1.000000e+001
      vertex -7.576120e+000  1.438268e+001  1.000000e+001
    endloop
  endfacet
  facet normal  9.569405e-001  2.902842e-001  0.000000e+000
    outer loop
      vertex -7.576120e+000  1.438268e+001  0.000000e+000
      vertex -7.576120e+000  1.438268e+001  1.000000e+001
      vertex -7.519215e+000  1.419509e+001  0.000000e+000
    endloop
  endfacet
  facet normal  9.569405e-001  2.902842e-001  -0.000000e+000
    outer loop
      vertex -7.519215e+000  1.419509e+001  0.000000e+000
      vertex -7.576120e+000  1.438268e+001  1.000000e+001
      vertex -7.519215e+000  1.419509e+001  1.000000e+001
    endloop
  endfacet
  facet normal  9.951848e-001  9.801670e-002  0.000000e+000
    outer loop
      vertex -7.519215e+000  1.419509e+001  0.000000e+000
      vertex -7.519215e+000  1.419509e+001  1.000000e+001
      vertex -7.500000e+000  1.400000e+001  0.000000e+000
    endloop
  endfacet
  facet normal  9.951848e-001  9.801670e-002  -0.000000e+000
    outer loop
      vertex -7.500000e+000  1.400000e+001  0.000000e+000
      vertex -7.519215e+000  1.419509e+001  1.000000e+001
      vertex -7.500000e+000  1.400000e+001  1.000000e+001
    endloop
  endfacet
  facet normal -1.000000e+000  -0.000000e+000  0.000000e+000
    outer loop
      vertex  7.500000e+000  1.800000e+001  1.000000e+001
      vertex  7.500000e+000  2.400000e+001  1.000000e+001
      vertex  7.500000e+000  1.800000e+001  0.000000e+000
    endloop
  endfacet
  facet normal -1.000000e+000  0.000000e+000  0.000000e+000
    outer loop
      vertex  7.500000e+000  1.800000e+001  0.000000e+000
      vertex  7.500000e+000  2.400000e+001  1.000000e+001
      vertex  7.500000e+000  2.400000e+001  0.000000e+000
    endloop
  endfacet
  facet normal -6.343939e-001 -7.730100e-001  -0.000000e+000
    outer loop
      vertex  7.207107e+000  2.470711e+001  0.000000e+000
      vertex  7.055570e+000  2.483147e+001  1.000000e+001
      vertex  7.055570e+000  2.483147e+001  0.000000e+000
    endloop
  endfacet
  facet normal -4.713935e-001 -8.819229e-001  0.000000e+000
    outer loop
      vertex  7.055570e+000  2.483147e+001  0.000000e+000
      vertex  7.055570e+000  2.483147e+001  1.000000e+001
      vertex  6.882683e+000  2.492388e+001  1.000000e+001
    endloop
  endfacet
  facet normal -4.713935e-001 -8.819229e-001  -0.000000e+000
    outer loop
      vertex  7.055570e+000  2.483147e+001  0.000000e+000
      vertex  6.882683e+000  2.492388e+001  1.000000e+001
      vertex  6.882683e+000  2.492388e+001  0.000000e+000
    endloop
  endfacet
  facet normal -2.902849e-001 -9.569404e-001  0.000000e+000
    outer loop
      vertex  6.882683e+000  2.492388e+001  0.000000e+000
      vertex  6.882683e+000  2.492388e+001  1.000000e+001
      vertex  6.695090e+000  2.498079e+001  1.000000e+001
    endloop
  endfacet
  facet normal -2.902849e-001 -9.569404e-001  -0.000000e+000
    outer loop
      vertex  6.882683e+000  2.492388e+001  0.000000e+000
      vertex  6.695090e+000  2.498079e+001  1.000000e+001
      vertex  6.695090e+000  2.498079e+001  0.000000e+000
    endloop
  endfacet
  facet normal -9.801670e-002 -9.951848e-001  0.000000e+000
    outer loop
      vertex  6.695090e+000  2.498079e+001  0.000000e+000
      vertex  6.695090e+000  2.498079e+001  1.000000e+001
      vertex  6.500000e+000  2.500000e+001  1.000000e+001
    endloop
  endfacet
  facet normal -9.801670e-002 -9.951848e-001  -0.000000e+000
    outer loop
      vertex  6.695090e+000  2.498079e+001  0.000000e+000
      vertex  6.500000e+000  2.500000e+001  1.000000e+001
      vertex  6.500000e+000  2.500000e+001  0.000000e+000
    endloop
  endfacet
  facet normal -6.343939e-001 -7.730100e-001  0.000000e+000
    outer loop
      vertex  7.055570e+000  2.483147e+001  1.000000e+001
      vertex  7.207107e+000  2.470711e+001  0.000000e+000
      vertex  7.207107e+000  2.470711e+001  1.000000e+001
    endloop
  endfacet
  facet normal -7.730110e-001 -6.343927e-001  -0.000000e+000
    outer loop
      vertex  7.207107e+000  2.470711e+001  1.000000e+001
      vertex  7.207107e+000  2.470711e+001  0.000000e+000
      vertex  7.331470e+000  2.455557e+001  0.000000e+000
    endloop
  endfacet
  facet normal -7.730110e-001 -6.343927e-001  0.000000e+000
    outer loop
      vertex  7.207107e+000  2.470711e+001  1.000000e+001
      vertex  7.331470e+000  2.455557e+001  0.000000e+000
      vertex  7.331470e+000  2.455557e+001  1.000000e+001
    endloop
  endfacet
  facet normal -8.819220e-001 -4.713953e-001  -0.000000e+000
    outer loop
      vertex  7.331470e+000  2.455557e+001  1.000000e+001
      vertex  7.331470e+000  2.455557e+001  0.000000e+000
      vertex  7.423880e+000  2.438268e+001  0.000000e+000
    endloop
  endfacet
  facet normal -8.819220e-001 -4.713953e-001  0.000000e+000
    outer loop
      vertex  7.331470e+000  2.455557e+001  1.000000e+001
      vertex  7.423880e+000  2.438268e+001  0.000000e+000
      vertex  7.423880e+000  2.438268e+001  1.000000e+001
    endloop
  endfacet
  facet normal -9.569396e-001 -2.902869e-001  -0.000000e+000
    outer loop
      vertex  7.423880e+000  2.438268e+001  1.000000e+001
      vertex  7.423880e+000  2.438268e+001  0.000000e+000
      vertex  7.480785e+000  2.419509e+001  0.000000e+000
    endloop
  endfacet
  facet normal -9.569396e-001 -2.902869e-001  0.000000e+000
    outer loop
      vertex  7.423880e+000  2.438268e+001  1.000000e+001
      vertex  7.480785e+000  2.419509e+001  0.000000e+000
      vertex  7.480785e+000  2.419509e+001  1.000000e+001
    endloop
  endfacet
  facet normal -9.951848e-001 -9.801622e-002  -0.000000e+000
    outer loop
      vertex  7.480785e+000  2.419509e+001  1.000000e+001
      vertex  7.480785e+000  2.419509e+001  0.000000e+000
      vertex  7.500000e+000  2.400000e+001  0.000000e+000
    endloop
  endfacet
  facet normal -9.951848e-001 -9.801622e-002  0.000000e+000
    outer loop
      vertex  7.480785e+000  2.419509e+001  1.000000e+001
      vertex  7.500000e+000  2.400000e+001  0.000000e+000
      vertex  7.500000e+000  2.400000e+001  1.000000e+001
    endloop
  endfacet
  facet normal  0.000000e+000 -1.000000e+000  -0.000000e+000
    outer loop
      vertex  6.500000e+000  2.500000e+001  0.000000e+000
      vertex  6.500000e+000  2.500000e+001  1.000000e+001
      vertex  5.000000e-001  2.500000e+001  0.000000e+000
    endloop
  endfacet
  facet normal  0.000000e+000 -1.000000e+000  0.000000e+000
    outer loop
      vertex  5.000000e-001  2.500000e+001  0.000000e+000
      vertex  6.500000e+000  2.500000e+001  1.000000e+001
      vertex  5.000000e-001  2.500000e+001  1.000000e+001
    endloop
  endfacet
  facet normal  7.846081e-002  9.969172e-001  0.000000e+000
    outer loop
      vertex  6.500000e+000  2.700000e+001  0.000000e+000
      vertex  6.500000e+000  2.700000e+001  1.000000e+001
      vertex  6.969304e+000  2.696306e+001  0.000000e+000
    endloop
  endfacet
  facet normal  7.846081e-002  9.969172e-001  -0.000000e+000
    outer loop
      vertex  6.969304e+000  2.696306e+001  0.000000e+000
      vertex  6.500000e+000  2.700000e+001  1.000000e+001
      vertex  6.969304e+000  2.696306e+001  1.000000e+001
    endloop
  endfacet
  facet normal  2.334421e-001  9.723707e-001  0.000000e+000
    outer loop
      vertex  6.969304e+000  2.696306e+001  0.000000e+000
      vertex  6.969304e+000  2.696306e+001  1.000000e+001
      vertex  7.427051e+000  2.685317e+001  0.000000e+000
    endloop
  endfacet
  facet normal  2.334421e-001  9.723707e-001  -0.000000e+000
    outer loop
      vertex  7.427051e+000  2.685317e+001  0.000000e+000
      vertex  6.969304e+000  2.696306e+001  1.000000e+001
      vertex  7.427051e+000  2.685317e+001  1.000000e+001
    endloop
  endfacet
  facet normal  3.826854e-001  9.238787e-001  0.000000e+000
    outer loop
      vertex  7.427051e+000  2.685317e+001  0.000000e+000
      vertex  7.427051e+000  2.685317e+001  1.000000e+001
      vertex  7.861971e+000  2.667302e+001  0.000000e+000
    endloop
  endfacet
  facet normal  3.826854e-001  9.238787e-001  -0.000000e+000
    outer loop
      vertex  7.861971e+000  2.667302e+001  0.000000e+000
      vertex  7.427051e+000  2.685317e+001  1.000000e+001
      vertex  7.861971e+000  2.667302e+001  1.000000e+001
    endloop
  endfacet
  facet normal  5.224969e-001  8.526411e-001  0.000000e+000
    outer loop
      vertex  7.861971e+000  2.667302e+001  0.000000e+000
      vertex  7.861971e+000  2.667302e+001  1.000000e+001
      vertex  8.263356e+000  2.642705e+001  0.000000e+000
    endloop
  endfacet
  facet normal  5.224969e-001  8.526411e-001  -0.000000e+000
    outer loop
      vertex  8.263356e+000  2.642705e+001  0.000000e+000
      vertex  7.861971e+000  2.667302e+001  1.000000e+001
      vertex  8.263356e+000  2.642705e+001  1.000000e+001
    endloop
  endfacet
  facet normal  6.494483e-001  7.604057e-001  0.000000e+000
    outer loop
      vertex  8.263356e+000  2.642705e+001  0.000000e+000
      vertex  8.263356e+000  2.642705e+001  1.000000e+001
      vertex  8.621321e+000  2.612132e+001  0.000000e+000
    endloop
  endfacet
  facet normal  6.494483e-001  7.604057e-001  -0.000000e+000
    outer loop
      vertex  8.621321e+000  2.612132e+001  0.000000e+000
      vertex  8.263356e+000  2.642705e+001  1.000000e+001
      vertex  8.621321e+000  2.612132e+001  1.000000e+001
    endloop
  endfacet
  facet normal  7.604076e-001  6.494461e-001  0.000000e+000
    outer loop
      vertex  8.621321e+000  2.612132e+001  0.000000e+000
      vertex  8.621321e+000  2.612132e+001  1.000000e+001
      vertex  8.927051e+000  2.576336e+001  0.000000e+000
    endloop
  endfacet
  facet normal  7.604076e-001  6.494461e-001  -0.000000e+000
    outer loop
      vertex  8.927051e+000  2.576336e+001  0.000000e+000
      vertex  8.621321e+000  2.612132e+001  1.000000e+001
      vertex  8.927051e+000  2.576336e+001  1.000000e+001
    endloop
  endfacet
  facet normal  8.526400e-001  5.224988e-001  0.000000e+000
    outer loop
      vertex  8.927051e+000  2.576336e+001  0.000000e+000
      vertex  8.927051e+000  2.576336e+001  1.000000e+001
      vertex  9.173019e+000  2.536197e+001  0.000000e+000
    endloop
  endfacet
  facet normal  8.526400e-001  5.224988e-001  -0.000000e+000
    outer loop
      vertex  9.173019e+000  2.536197e+001  0.000000e+000
      vertex  8.927051e+000  2.576336e+001  1.000000e+001
      vertex  9.173019e+000  2.536197e+001  1.000000e+001
    endloop
  endfacet
  facet normal  9.238791e-001  3.826844e-001  0.000000e+000
    outer loop
      vertex  9.173019e+000  2.536197e+001  0.000000e+000
      vertex  9.173019e+000  2.536197e+001  1.000000e+001
      vertex  9.353169e+000  2.492705e+001  0.000000e+000
    endloop
  endfacet
  facet normal  9.238791e-001  3.826844e-001  -0.000000e+000
    outer loop
      vertex  9.353169e+000  2.492705e+001  0.000000e+000
      vertex  9.173019e+000  2.536197e+001  1.000000e+001
      vertex  9.353169e+000  2.492705e+001  1.000000e+001
    endloop
  endfacet
  facet normal  9.723699e-001  2.334454e-001  0.000000e+000
    outer loop
      vertex  9.353169e+000  2.492705e+001  0.000000e+000
      vertex  9.353169e+000  2.492705e+001  1.000000e+001
      vertex  9.463065e+000  2.446930e+001  0.000000e+000
    endloop
  endfacet
  facet normal  9.723699e-001  2.334454e-001  -0.000000e+000
    outer loop
      vertex  9.463065e+000  2.446930e+001  0.000000e+000
      vertex  9.353169e+000  2.492705e+001  1.000000e+001
      vertex  9.463065e+000  2.446930e+001  1.000000e+001
    endloop
  endfacet
  facet normal  9.969174e-001  7.845888e-002  0.000000e+000
    outer loop
      vertex  9.463065e+000  2.446930e+001  0.000000e+000
      vertex  9.463065e+000  2.446930e+001  1.000000e+001
      vertex  9.500000e+000  2.400000e+001  0.000000e+000
    endloop
  endfacet
  facet normal  9.969174e-001  7.845888e-002  -0.000000e+000
    outer loop
      vertex  9.500000e+000  2.400000e+001  0.000000e+000
      vertex  9.463065e+000  2.446930e+001  1.000000e+001
      vertex  9.500000e+000  2.400000e+001  1.000000e+001
    endloop
  endfacet
  facet normal  6.343939e-001  7.730100e-001  0.000000e+000
    outer loop
      vertex -7.207107e+000 -2.470711e+001  0.000000e+000
      vertex -7.055570e+000 -2.483147e+001  1.000000e+001
      vertex -7.055570e+000 -2.483147e+001  0.000000e+000
    endloop
  endfacet
  facet normal  4.713935e-001  8.819229e-001  -0.000000e+000
    outer loop
      vertex -7.055570e+000 -2.483147e+001  0.000000e+000
      vertex -7.055570e+000 -2.483147e+001  1.000000e+001
      vertex -6.882683e+000 -2.492388e+001  1.000000e+001
    endloop
  endfacet
  facet normal  4.713935e-001  8.819229e-001  0.000000e+000
    outer loop
      vertex -7.055570e+000 -2.483147e+001  0.000000e+000
      vertex -6.882683e+000 -2.492388e+001  1.000000e+001
      vertex -6.882683e+000 -2.492388e+001  0.000000e+000
    endloop
  endfacet
  facet normal  2.902849e-001  9.569404e-001  -0.000000e+000
    outer loop
      vertex -6.882683e+000 -2.492388e+001  0.000000e+000
      vertex -6.882683e+000 -2.492388e+001  1.000000e+001
      vertex -6.695090e+000 -2.498079e+001  1.000000e+001
    endloop
  endfacet
  facet normal  2.902849e-001  9.569404e-001  0.000000e+000
    outer loop
      vertex -6.882683e+000 -2.492388e+001  0.000000e+000
      vertex -6.695090e+000 -2.498079e+001  1.000000e+001
      vertex -6.695090e+000 -2.498079e+001  0.000000e+000
    endloop
  endfacet
  facet normal  9.801670e-002  9.951848e-001  -0.000000e+000
    outer loop
      vertex -6.695090e+000 -2.498079e+001  0.000000e+000
      vertex -6.695090e+000 -2.498079e+001  1.000000e+001
      vertex -6.500000e+000 -2.500000e+001  1.000000e+001
    endloop
  endfacet
  facet normal  9.801670e-002  9.951848e-001  0.000000e+000
    outer loop
      vertex -6.695090e+000 -2.498079e+001  0.000000e+000
      vertex -6.500000e+000 -2.500000e+001  1.000000e+001
      vertex -6.500000e+000 -2.500000e+001  0.000000e+000
    endloop
  endfacet
  facet normal  6.343939e-001  7.730100e-001  -0.000000e+000
    outer loop
      vertex -7.055570e+000 -2.483147e+001  1.000000e+001
      vertex -7.207107e+000 -2.470711e+001  0.000000e+000
      vertex -7.207107e+000 -2.470711e+001  1.000000e+001
    endloop
  endfacet
  facet normal  7.730110e-001  6.343927e-001  0.000000e+000
    outer loop
      vertex -7.207107e+000 -2.470711e+001  1.000000e+001
      vertex -7.207107e+000 -2.470711e+001  0.000000e+000
      vertex -7.331470e+000 -2.455557e+001  0.000000e+000
    endloop
  endfacet
  facet normal  7.730110e-001  6.343927e-001  -0.000000e+000
    outer loop
      vertex -7.207107e+000 -2.470711e+001  1.000000e+001
      vertex -7.331470e+000 -2.455557e+001  0.000000e+000
      vertex -7.331470e+000 -2.455557e+001  1.000000e+001
    endloop
  endfacet
  facet normal  8.819220e-001  4.713953e-001  0.000000e+000
    outer loop
      vertex -7.331470e+000 -2.455557e+001  1.000000e+001
      vertex -7.331470e+000 -2.455557e+001  0.000000e+000
      vertex -7.423880e+000 -2.438268e+001  0.000000e+000
    endloop
  endfacet
  facet normal  8.819220e-001  4.713953e-001  -0.000000e+000
    outer loop
      vertex -7.331470e+000 -2.455557e+001  1.000000e+001
      vertex -7.423880e+000 -2.438268e+001  0.000000e+000
      vertex -7.423880e+000 -2.438268e+001  1.000000e+001
    endloop
  endfacet
  facet normal  9.569396e-001  2.902869e-001  0.000000e+000
    outer loop
      vertex -7.423880e+000 -2.438268e+001  1.000000e+001
      vertex -7.423880e+000 -2.438268e+001  0.000000e+000
      vertex -7.480785e+000 -2.419509e+001  0.000000e+000
    endloop
  endfacet
  facet normal  9.569396e-001  2.902869e-001  -0.000000e+000
    outer loop
      vertex -7.423880e+000 -2.438268e+001  1.000000e+001
      vertex -7.480785e+000 -2.419509e+001  0.000000e+000
      vertex -7.480785e+000 -2.419509e+001  1.000000e+001
    endloop
  endfacet
  facet normal  9.951848e-001  9.801622e-002  0.000000e+000
    outer loop
      vertex -7.480785e+000 -2.419509e+001  1.000000e+001
      vertex -7.480785e+000 -2.419509e+001  0.000000e+000
      vertex -7.500000e+000 -2.400000e+001  0.000000e+000
    endloop
  endfacet
  facet normal  9.951848e-001  9.801622e-002  -0.000000e+000
    outer loop
      vertex -7.480785e+000 -2.419509e+001  1.000000e+001
      vertex -7.500000e+000 -2.400000e+001  0.000000e+000
      vertex -7.500000e+000 -2.400000e+001  1.000000e+001
    endloop
  endfacet
  facet normal -7.846081e-002 -9.969172e-001  -0.000000e+000
    outer loop
      vertex -6.500000e+000 -2.700000e+001  0.000000e+000
      vertex -6.500000e+000 -2.700000e+001  1.000000e+001
      vertex -6.969304e+000 -2.696306e+001  0.000000e+000
    endloop
  endfacet
  facet normal -7.846081e-002 -9.969172e-001  0.000000e+000
    outer loop
      vertex -6.969304e+000 -2.696306e+001  0.000000e+000
      vertex -6.500000e+000 -2.700000e+001  1.000000e+001
      vertex -6.969304e+000 -2.696306e+001  1.000000e+001
    endloop
  endfacet
  facet normal -2.334421e-001 -9.723707e-001  -0.000000e+000
    outer loop
      vertex -6.969304e+000 -2.696306e+001  0.000000e+000
      vertex -6.969304e+000 -2.696306e+001  1.000000e+001
      vertex -7.427051e+000 -2.685317e+001  0.000000e+000
    endloop
  endfacet
  facet normal -2.334421e-001 -9.723707e-001  0.000000e+000
    outer loop
      vertex -7.427051e+000 -2.685317e+001  0.000000e+000
      vertex -6.969304e+000 -2.696306e+001  1.000000e+001
      vertex -7.427051e+000 -2.685317e+001  1.000000e+001
    endloop
  endfacet
  facet normal -3.826854e-001 -9.238787e-001  -0.000000e+000
    outer loop
      vertex -7.427051e+000 -2.685317e+001  0.000000e+000
      vertex -7.427051e+000 -2.685317e+001  1.000000e+001
      vertex -7.861971e+000 -2.667302e+001  0.000000e+000
    endloop
  endfacet
  facet normal -3.826854e-001 -9.238787e-001  0.000000e+000
    outer loop
      vertex -7.861971e+000 -2.667302e+001  0.000000e+000
      vertex -7.427051e+000 -2.685317e+001  1.000000e+001
      vertex -7.861971e+000 -2.667302e+001  1.000000e+001
    endloop
  endfacet
  facet normal -5.224969e-001 -8.526411e-001  -0.000000e+000
    outer loop
      vertex -7.861971e+000 -2.667302e+001  0.000000e+000
      vertex -7.861971e+000 -2.667302e+001  1.000000e+001
      vertex -8.263356e+000 -2.642705e+001  0.000000e+000
    endloop
  endfacet
  facet normal -5.224969e-001 -8.526411e-001  0.000000e+000
    outer loop
      vertex -8.263356e+000 -2.642705e+001  0.000000e+000
      vertex -7.861971e+000 -2.667302e+001  1.000000e+001
      vertex -8.263356e+000 -2.642705e+001  1.000000e+001
    endloop
  endfacet
  facet normal -6.494483e-001 -7.604057e-001  -0.000000e+000
    outer loop
      vertex -8.263356e+000 -2.642705e+001  0.000000e+000
      vertex -8.263356e+000 -2.642705e+001  1.000000e+001
      vertex -8.621321e+000 -2.612132e+001  0.000000e+000
    endloop
  endfacet
  facet normal -6.494483e-001 -7.604057e-001  0.000000e+000
    outer loop
      vertex -8.621321e+000 -2.612132e+001  0.000000e+000
      vertex -8.263356e+000 -2.642705e+001  1.000000e+001
      vertex -8.621321e+000 -2.612132e+001  1.000000e+001
    endloop
  endfacet
  facet normal -7.604076e-001 -6.494461e-001  -0.000000e+000
    outer loop
      vertex -8.621321e+000 -2.612132e+001  0.000000e+000
      vertex -8.621321e+000 -2.612132e+001  1.000000e+001
      vertex -8.927051e+000 -2.576336e+001  0.000000e+000
    endloop
  endfacet
  facet normal -7.604076e-001 -6.494461e-001  0.000000e+000
    outer loop
      vertex -8.927051e+000 -2.576336e+001  0.000000e+000
      vertex -8.621321e+000 -2.612132e+001  1.000000e+001
      vertex -8.927051e+000 -2.576336e+001  1.000000e+001
    endloop
  endfacet
  facet normal -8.526400e-001 -5.224988e-001  -0.000000e+000
    outer loop
      vertex -8.927051e+000 -2.576336e+001  0.000000e+000
      vertex -8.927051e+000 -2.576336e+001  1.000000e+001
      vertex -9.173019e+000 -2.536197e+001  0.000000e+000
    endloop
  endfacet
  facet normal -8.526400e-001 -5.224988e-001  0.000000e+000
    outer loop
      vertex -9.173019e+000 -2.536197e+001  0.000000e+000
      vertex -8.927051e+000 -2.576336e+001  1.000000e+001
      vertex -9.173019e+000 -2.536197e+001  1.000000e+001
    endloop
  endfacet
  facet normal -9.238791e-001 -3.826844e-001  -0.000000e+000
    outer loop
      vertex -9.173019e+000 -2.536197e+001  0.000000e+000
      vertex -9.173019e+000 -2.536197e+001  1.000000e+001
      vertex -9.353169e+000 -2.492705e+001  0.000000e+000
    endloop
  endfacet
  facet normal -9.238791e-001 -3.826844e-001  0.000000e+000
    outer loop
      vertex -9.353169e+000 -2.492705e+001  0.000000e+000
      vertex -9.173019e+000 -2.536197e+001  1.000000e+001
      vertex -9.353169e+000 -2.492705e+001  1.000000e+001
    endloop
  endfacet
  facet normal -9.723699e-001 -2.334454e-001  -0.000000e+000
    outer loop
      vertex -9.353169e+000 -2.492705e+001  0.000000e+000
      vertex -9.353169e+000 -2.492705e+001  1.000000e+001
      vertex -9.463065e+000 -2.446930e+001  0.000000e+000
    endloop
  endfacet
  facet normal -9.723699e-001 -2.334454e-001  0.000000e+000
    outer loop
      vertex -9.463065e+000 -2.446930e+001  0.000000e+000
      vertex -9.353169e+000 -2.492705e+001  1.000000e+001
      vertex -9.463065e+000 -2.446930e+001  1.000000e+001
    endloop
  endfacet
  facet normal -9.969174e-001 -7.845888e-002  -0.000000e+000
    outer loop
      vertex -9.463065e+000 -2.446930e+001  0.000000e+000
      vertex -9.463065e+000 -2.446930e+001  1.000000e+001
      vertex -9.500000e+000 -2.400000e+001  0.000000e+000
    endloop
  endfacet
  facet normal -9.969174e-001 -7.845888e-002  0.000000e+000
    outer loop
      vertex -9.500000e+000 -2.400000e+001  0.000000e+000
      vertex -9.463065e+000 -2.446930e+001  1.000000e+001
      vertex -9.500000e+000 -2.400000e+001  1.000000e+001
    endloop
  endfacet
  facet normal -1.000000e+000  0.000000e+000  0.000000e+000
    outer loop
      vertex -9.500000e+000 -1.800000e+001  1.000000e+001
      vertex -9.500000e+000 -1.800000e+001  0.000000e+000
      vertex -9.500000e+000 -2.400000e+001  1.000000e+001
    endloop
  endfacet
  facet normal -1.000000e+000  0.000000e+000  0.000000e+000
    outer loop
      vertex -9.500000e+000 -2.400000e+001  1.000000e+001
      vertex -9.500000e+000 -1.800000e+001  0.000000e+000
      vertex -9.500000e+000 -2.400000e+001  0.000000e+000
    endloop
  endfacet
endsolid CATIA STL
